id,formattedaddress,addressline1,addressline2,city,state,zipcode,county,latitude,longitude,propertytype,lotsize,status,price,listeddate,daysonmarket,bedrooms,bathrooms,squarefootage,yearbuilt,log_price
"4022-Shellman-St,-Orlando,-FL-32811","4022 Shellman St, Orlando, FL 32811",4022 Shellman St,,Orlando,FL,32811,Orange,28.524215,-81.426734,single_family,8512.0,Active,199999,2023-07-26T00:00:00.000Z,640,3.0,1.0,943.0,1958.0,12.206072645530174
"4728-Walden-Cir,---31,-Orlando,-FL-32811","4728 Walden Cir, # 31, Orlando, FL 32811",4728 Walden Cir,# 31,Orlando,FL,32811,Orange,28.490559,-81.443922,condo,8558.0,Active,210000,2023-10-27T00:00:00.000Z,547,3.0,2.0,1111.0,1988.0,12.25486757159303
"4865-Cypress-Woods-Dr,-Apt-2204,-Orlando,-FL-32811","4865 Cypress Woods Dr, Apt 2204, Orlando, FL 32811",4865 Cypress Woods Dr,Apt 2204,Orlando,FL,32811,Orange,28.494108,-81.451358,condo,16553.0,Active,237000,2024-04-11T00:00:00.000Z,380,3.0,2.0,1351.0,2000.0,12.37581963951765
"5566-Metrowest-Blvd,-Apt-104,-Orlando,-FL-32811","5566 Metrowest Blvd, Apt 104, Orlando, FL 32811",5566 Metrowest Blvd,Apt 104,Orlando,FL,32811,Orange,28.51169,-81.458466,condo,13939.0,Active,214980,2024-03-19T00:00:00.000Z,403,2.0,2.0,1159.0,1999.0,12.278304931111734
"5132-Conroy-Rd,-Unit-937,-Orlando,-FL-32811","5132 Conroy Rd, Unit 937, Orlando, FL 32811",5132 Conroy Rd,Unit 937,Orlando,FL,32811,Orange,28.494089,-81.445371,condo,10019.0,Active,178000,2024-05-09T00:00:00.000Z,352,3.0,2.0,1237.0,1988.0,12.08954444723597
"5500-Metrowest-Blvd,-Apt-304,-Orlando,-FL-32811","5500 Metrowest Blvd, Apt 304, Orlando, FL 32811",5500 Metrowest Blvd,Apt 304,Orlando,FL,32811,Orange,28.513006,-81.45752,condo,17424.0,Active,175000,2024-05-13T00:00:00.000Z,348,1.0,1.0,709.0,1999.0,12.07254696717504
"4736-Walden-Cir,-Unit-12,-Orlando,-FL-32811","4736 Walden Cir, Unit 12, Orlando, FL 32811",4736 Walden Cir,Unit 12,Orlando,FL,32811,Orange,28.490154,-81.443572,condo,5275.0,Active,170000,2024-06-26T00:00:00.000Z,304,1.0,1.0,760.0,1988.0,12.04355959836804
"5518-Metrowest-Blvd,-Apt-207,-Orlando,-FL-32811","5518 Metrowest Blvd, Apt 207, Orlando, FL 32811",5518 Metrowest Blvd,Apt 207,Orlando,FL,32811,Orange,28.513029,-81.455719,condo,9552.0,Active,175000,2024-07-10T00:00:00.000Z,290,1.0,1.0,786.0,1999.0,12.07254696717504
"5530-Metrowest-Blvd,---9-311,-Orlando,-FL-32811","5530 Metrowest Blvd, # 9-311, Orlando, FL 32811",5530 Metrowest Blvd,# 9-311,Orlando,FL,32811,Orange,28.5124,-81.456657,condo,7035.0,Active,219000,2024-08-04T00:00:00.000Z,265,2.0,2.0,1073.0,1999.0,12.296831574998258
"5536-Metrowest-Blvd,---8-304,-Orlando,-FL-32811","5536 Metrowest Blvd, # 8-304, Orlando, FL 32811",5536 Metrowest Blvd,# 8-304,Orlando,FL,32811,Orange,28.511848,-81.456017,condo,7035.0,Active,219000,2024-08-04T00:00:00.000Z,265,2.0,2.0,1073.0,1999.0,12.296831574998258
"5530-Metrowest-Blvd,---9-211,-Orlando,-FL-32811","5530 Metrowest Blvd, # 9-211, Orlando, FL 32811",5530 Metrowest Blvd,# 9-211,Orlando,FL,32811,Orange,28.5124,-81.456657,condo,7035.0,Active,219000,2024-08-04T00:00:00.000Z,265,2.0,2.0,1073.0,1999.0,12.296831574998258
"5578-Metrowest-Blvd,-Apt-107,-Orlando,-FL-32811","5578 Metrowest Blvd, Apt 107, Orlando, FL 32811",5578 Metrowest Blvd,Apt 107,Orlando,FL,32811,Orange,28.512568,-81.457985,condo,17424.0,Active,185000,2024-08-05T00:00:00.000Z,264,1.0,1.0,840.0,1999.0,12.128116509451258
"223-Hope-Cir,-Orlando,-FL-32811","223 Hope Cir, Orlando, FL 32811",223 Hope Cir,,Orlando,FL,32811,Orange,28.544652,-81.450148,single_family,11326.0,Active,315000,2024-08-08T00:00:00.000Z,261,4.0,2.0,1446.0,1958.0,12.660331092405906
"5341-Indian-Creek-Dr,---B,-Orlando,-FL-32811","5341 Indian Creek Dr, # B, Orlando, FL 32811",5341 Indian Creek Dr,# B,Orlando,FL,32811,Orange,28.491896,-81.453353,condo,2596.0,Active,155000,2024-08-18T00:00:00.000Z,251,2.0,1.5,926.0,1973.0,11.951186847493476
"4367-White-Pine-Ave,---4,-Orlando,-FL-32811","4367 White Pine Ave, # 4, Orlando, FL 32811",4367 White Pine Ave,# 4,Orlando,FL,32811,Orange,28.498956,-81.457428,condo,2564.0,Active,200000,2024-08-29T00:00:00.000Z,240,2.0,2.0,948.0,1985.0,12.206077645517674
"4316-S-Kirkman-Rd,-Apt-1602,-Orlando,-FL-32811","4316 S Kirkman Rd, Apt 1602, Orlando, FL 32811",4316 S Kirkman Rd,Apt 1602,Orlando,FL,32811,Orange,28.499048,-81.460969,condo,8504.0,Active,209999,2024-09-11T00:00:00.000Z,227,3.0,2.0,1245.0,1997.0,12.254862809699606
"4881-Cypress-Woods-Dr,-Apt-3213,-Orlando,-FL-32811","4881 Cypress Woods Dr, Apt 3213, Orlando, FL 32811",4881 Cypress Woods Dr,Apt 3213,Orlando,FL,32811,Orange,28.493601,-81.451863,condo,24394.0,Active,168000,2024-09-13T00:00:00.000Z,225,2.0,2.0,1107.0,2000.0,12.031725210748633
"4910-Huppel-Ave,-Orlando,-FL-32811","4910 Huppel Ave, Orlando, FL 32811",4910 Huppel Ave,,Orlando,FL,32811,Orange,28.535808,-81.445116,single_family,6769.0,Active,225000,2024-09-21T00:00:00.000Z,217,3.0,1.0,1092.0,1959.0,12.323860125621126
"4768-Walden-Cir,-Apt-327,-Orlando,-FL-32811","4768 Walden Cir, Apt 327, Orlando, FL 32811",4768 Walden Cir,Apt 327,Orlando,FL,32811,Orange,28.48996,-81.43998,condo,7035.0,Active,200000,2024-10-02T00:00:00.000Z,206,2.0,2.0,956.0,1988.0,12.206077645517674
"4817-Cypress-Woods-Dr,-Apt-5107,-Orlando,-FL-32811","4817 Cypress Woods Dr, Apt 5107, Orlando, FL 32811",4817 Cypress Woods Dr,Apt 5107,Orlando,FL,32811,Orange,28.49309,-81.45089,condo,16553.0,Active,230000,2024-10-04T00:00:00.000Z,204,2.0,2.0,1186.0,2001.0,12.345838935721968
"4611-Gate-Pl,---H203,-Orlando,-FL-32811","4611 Gate Pl, # H203, Orlando, FL 32811",4611 Gate Pl,# H203,Orlando,FL,32811,Orange,28.494989,-81.441864,condo,8126.0,Active,212000,2024-10-04T00:00:00.000Z,204,2.0,2.0,1080.0,1989.0,12.264346270624157
"5132-Conroy-Rd,---17,-Orlando,-FL-32811","5132 Conroy Rd, # 17, Orlando, FL 32811",5132 Conroy Rd,# 17,Orlando,FL,32811,Orange,28.49417,-81.44555,condo,10019.0,Active,198000,2024-10-15T00:00:00.000Z,193,3.0,2.0,1237.0,1988.0,12.19602736016897
"4410-Shadow-Crest-Pl,---2,-Orlando,-FL-32811","4410 Shadow Crest Pl, # 2, Orlando, FL 32811",4410 Shadow Crest Pl,# 2,Orlando,FL,32811,Orange,28.498691,-81.455173,condo,2564.0,Active,189000,2024-10-22T00:00:00.000Z,186,2.0,1.5,909.0,1981.0,12.149507585033072
"828-Willie-Mays-Pkwy,-Orlando,-FL-32811","828 Willie Mays Pkwy, Orlando, FL 32811",828 Willie Mays Pkwy,,Orlando,FL,32811,Orange,28.531735,-81.438769,single_family,6542.0,Active,239000,2024-11-01T00:00:00.000Z,176,3.0,2.0,868.0,1935.0,12.384223015005313
"5132-Conroy-Rd,---31,-Orlando,-FL-32811","5132 Conroy Rd, # 31, Orlando, FL 32811",5132 Conroy Rd,# 31,Orlando,FL,32811,Orange,28.49417,-81.44555,condo,10019.0,Active,226900,2024-10-30T00:00:00.000Z,178,3.0,2.0,1237.0,1988.0,12.332269077986075
"4621-College-Dr,-Orlando,-FL-32811","4621 College Dr, Orlando, FL 32811",4621 College Dr,,Orlando,FL,32811,Orange,28.535497,-81.438966,single_family,3093.0,Active,200000,2024-11-04T00:00:00.000Z,173,2.0,1.0,931.0,2016.0,12.206077645517674
"4308-S-Kirkman-Rd,-Apt-1710,-Orlando,-FL-32811","4308 S Kirkman Rd, Apt 1710, Orlando, FL 32811",4308 S Kirkman Rd,Apt 1710,Orlando,FL,32811,Orange,28.499019,-81.460442,condo,7671.0,Active,198000,2024-11-05T00:00:00.000Z,172,1.0,1.0,779.0,1997.0,12.19602736016897
"222-Ronnie-Cir,-Orlando,-FL-32811","222 Ronnie Cir, Orlando, FL 32811",222 Ronnie Cir,,Orlando,FL,32811,Orange,28.543698,-81.452279,single_family,11326.0,Active,247000,2024-10-31T00:00:00.000Z,177,2.0,1.5,1241.0,1959.0,12.417147664184915
"4647-Cason-Cove-Dr,-Apt-2425,-Orlando,-FL-32811","4647 Cason Cove Dr, Apt 2425, Orlando, FL 32811",4647 Cason Cove Dr,Apt 2425,Orlando,FL,32811,Orange,28.49893,-81.438704,condo,5791.0,Active,130000,2024-11-08T00:00:00.000Z,169,1.0,1.0,600.0,1988.0,11.775297421715827
"4641-Cason-Cove-Dr,-Apt-2124,-Orlando,-FL-32811","4641 Cason Cove Dr, Apt 2124, Orlando, FL 32811",4641 Cason Cove Dr,Apt 2124,Orlando,FL,32811,Orange,28.498547,-81.437564,condo,6337.0,Active,155900,2024-11-12T00:00:00.000Z,165,2.0,2.0,900.0,1988.0,11.956976469393481
"4368-S-Kirkman-Rd,-Apt-213,-Orlando,-FL-32811","4368 S Kirkman Rd, Apt 213, Orlando, FL 32811",4368 S Kirkman Rd,Apt 213,Orlando,FL,32811,Orange,28.497833,-81.460197,condo,7671.0,Active,225000,2024-11-15T00:00:00.000Z,162,3.0,2.0,1199.0,1997.0,12.323860125621126
"4352-S-Kirkman-Rd,-Apt-1213,-Orlando,-FL-32811","4352 S Kirkman Rd, Apt 1213, Orlando, FL 32811",4352 S Kirkman Rd,Apt 1213,Orlando,FL,32811,Orange,28.497957,-81.461362,condo,9965.0,Active,184900,2024-11-22T00:00:00.000Z,155,1.0,1.0,729.0,1997.0,12.127575825689417
"5140-Conroy-Rd,---38,-Orlando,-FL-32811","5140 Conroy Rd, # 38, Orlando, FL 32811",5140 Conroy Rd,# 38,Orlando,FL,32811,Orange,28.494208,-81.444834,condo,8484.0,Active,213900,2024-11-18T00:00:00.000Z,159,2.0,2.0,988.0,1988.0,12.273268570141383
"4336-S-Kirkman-Rd,-Apt-701,-Orlando,-FL-32811","4336 S Kirkman Rd, Apt 701, Orlando, FL 32811",4336 S Kirkman Rd,Apt 701,Orlando,FL,32811,Orange,28.497609,-81.461822,condo,7671.0,Active,255000,2024-11-18T00:00:00.000Z,159,3.0,2.0,1199.0,1997.0,12.449022745701502
"4368-S-Kirkman-Rd,-Apt-212,-Orlando,-FL-32811","4368 S Kirkman Rd, Apt 212, Orlando, FL 32811",4368 S Kirkman Rd,Apt 212,Orlando,FL,32811,Orange,28.497862,-81.460216,condo,7671.0,Active,185000,2024-11-18T00:00:00.000Z,159,1.0,1.0,779.0,1997.0,12.128116509451258
"5578-Metrowest-Blvd,-Apt-101,-Orlando,-FL-32811","5578 Metrowest Blvd, Apt 101, Orlando, FL 32811",5578 Metrowest Blvd,Apt 101,Orlando,FL,32811,Orange,28.512568,-81.457985,condo,7035.0,Active,229900,2024-12-05T00:00:00.000Z,142,3.0,2.0,1362.0,1999.0,12.345404060459082
"5466-Pine-Creek-Dr,---2002,-Orlando,-FL-32811","5466 Pine Creek Dr, # 2002, Orlando, FL 32811",5466 Pine Creek Dr,# 2002,Orlando,FL,32811,Orange,28.493293,-81.455233,condo,5531.0,Active,205000,2024-12-12T00:00:00.000Z,135,3.0,2.5,1617.0,1973.0,12.230770136157428
"4601-Cason-Cove-Dr,-Apt-214,-Orlando,-FL-32811","4601 Cason Cove Dr, Apt 214, Orlando, FL 32811",4601 Cason Cove Dr,Apt 214,Orlando,FL,32811,Orange,28.497327,-81.438266,condo,5968.0,Active,128900,2024-12-14T00:00:00.000Z,133,1.0,1.0,600.0,1988.0,11.766799946849087
"5124-Conroy-Rd,-Unit-635,-Orlando,-FL-32811","5124 Conroy Rd, Unit 635, Orlando, FL 32811",5124 Conroy Rd,Unit 635,Orlando,FL,32811,Orange,28.494862,-81.445953,condo,8645.0,Active,144900,2024-12-21T00:00:00.000Z,126,1.0,1.0,711.0,1988.0,11.88380602959621
"4368-S-Kirkman-Rd,-Apt-201,-Orlando,-FL-32811","4368 S Kirkman Rd, Apt 201, Orlando, FL 32811",4368 S Kirkman Rd,Apt 201,Orlando,FL,32811,Orange,28.497834,-81.460199,condo,7671.0,Active,199000,2024-12-17T00:00:00.000Z,130,2.0,2.0,996.0,1997.0,12.201065128819632
"5542-Metrowest-Blvd,-Apt-206,-Orlando,-FL-32811","5542 Metrowest Blvd, Apt 206, Orlando, FL 32811",5542 Metrowest Blvd,Apt 206,Orlando,FL,32811,Orange,28.511213,-81.455818,condo,19602.0,Active,217000,2024-12-17T00:00:00.000Z,130,2.0,2.0,1159.0,1999.0,12.28765724080691
"5436-Wood-Crossing-St,-Orlando,-FL-32811","5436 Wood Crossing St, Orlando, FL 32811",5436 Wood Crossing St,,Orlando,FL,32811,Orange,28.53289,-81.453312,single_family,4199.0,Active,300000,2024-12-20T00:00:00.000Z,127,3.0,2.0,1181.0,1991.0,12.611541086966115
"4402-Middlebrook-Rd,---4,-Orlando,-FL-32811","4402 Middlebrook Rd, # 4, Orlando, FL 32811",4402 Middlebrook Rd,# 4,Orlando,FL,32811,Orange,28.498177,-81.453778,condo,10019.0,Active,215000,2024-12-19T00:00:00.000Z,128,2.0,2.0,1093.0,1984.0,12.278397958261774
"4320-S-Kirkman-Rd,-Apt-1513,-Orlando,-FL-32811","4320 S Kirkman Rd, Apt 1513, Orlando, FL 32811",4320 S Kirkman Rd,Apt 1513,Orlando,FL,32811,Orange,28.498925,-81.461531,condo,7671.0,Active,195000,2024-12-17T00:00:00.000Z,130,2.0,2.0,996.0,1997.0,12.180759965737863
"5308-Pebble-Beach-Dr,---F01--1,-Orlando,-FL-32811","5308 Pebble Beach Dr, # F01 -1, Orlando, FL 32811",5308 Pebble Beach Dr,# F01 -1,Orlando,FL,32811,Orange,28.492802,-81.45295,condo,5314.0,Active,185000,2024-12-13T00:00:00.000Z,134,3.0,2.0,1379.0,1973.0,12.128116509451258
"5132-Conroy-Rd,-Unit-932,-Orlando,-FL-32811","5132 Conroy Rd, Unit 932, Orlando, FL 32811",5132 Conroy Rd,Unit 932,Orlando,FL,32811,Orange,28.495899,-81.448728,condo,7035.0,Active,179900,2024-12-19T00:00:00.000Z,128,3.0,2.0,1237.0,1988.0,12.100161978566867
"4728-Walden-Cir,---37,-Orlando,-FL-32811","4728 Walden Cir, # 37, Orlando, FL 32811",4728 Walden Cir,# 37,Orlando,FL,32811,Orange,28.490559,-81.443922,condo,8558.0,Active,180000,2024-12-23T00:00:00.000Z,124,3.0,2.0,1111.0,1988.0,12.100717685412471
"4324-S-Kirkman-Rd,-Apt-1105,-Orlando,-FL-32811","4324 S Kirkman Rd, Apt 1105, Orlando, FL 32811",4324 S Kirkman Rd,Apt 1105,Orlando,FL,32811,Orange,28.498496,-81.461745,condo,7670.0,Active,175000,2024-12-31T00:00:00.000Z,116,2.0,2.0,996.0,1997.0,12.07254696717504
"4339-Solomon-Dr,-Orlando,-FL-32811","4339 Solomon Dr, Orlando, FL 32811",4339 Solomon Dr,,Orlando,FL,32811,Orange,28.51513,-81.433179,single_family,6779.0,Active,249500,2025-01-03T00:00:00.000Z,113,3.0,1.5,1735.0,1969.0,12.427218202181711
"308-Hope-Cir,-Orlando,-FL-32811","308 Hope Cir, Orlando, FL 32811",308 Hope Cir,,Orlando,FL,32811,Orange,28.54567,-81.450847,single_family,9318.0,Active,320000,2025-01-06T00:00:00.000Z,110,4.0,3.0,1274.0,1958.0,12.676079399771027
"3361-S-Kirkman-Rd,-Apt-811,-Orlando,-FL-32811","3361 S Kirkman Rd, Apt 811, Orlando, FL 32811",3361 S Kirkman Rd,Apt 811,Orlando,FL,32811,Orange,28.505897,-81.456905,condo,15682.0,Active,269000,2025-01-07T00:00:00.000Z,109,4.0,2.0,1620.0,1999.0,12.502470376049185
"4849-Cypress-Woods-Dr,-Apt-1310,-Orlando,-FL-32811","4849 Cypress Woods Dr, Apt 1310, Orlando, FL 32811",4849 Cypress Woods Dr,Apt 1310,Orlando,FL,32811,Orange,28.493635,-81.451097,condo,16553.0,Active,252000,2025-01-13T00:00:00.000Z,103,3.0,2.5,1405.0,2000.0,12.437188334739655
"5430-W-Washington-St,-Orlando,-FL-32811","5430 W Washington St, Orlando, FL 32811",5430 W Washington St,,Orlando,FL,32811,Orange,28.543341,-81.455322,manufactured,7035.0,Active,49990,2025-01-12T00:00:00.000Z,104,2.0,1.0,644.0,2005.0,10.819598268208338
"4818-Marks-B2-Ter,---385,-Orlando,-FL-32811","4818 Marks B2 Ter, # 385, Orlando, FL 32811",4818 Marks B2 Ter,# 385,Orlando,FL,32811,Orange,28.496733,-81.443443,condo,5386.0,Active,206000,2025-01-13T00:00:00.000Z,103,2.0,2.0,1072.0,1984.0,12.235636302128867
"5341-Bamboo-Ct,---418,-Orlando,-FL-32811","5341 Bamboo Ct, # 418, Orlando, FL 32811",5341 Bamboo Ct,# 418,Orlando,FL,32811,Orange,28.496774,-81.451969,townhouse,2608.0,Active,260000,2025-01-13T00:00:00.000Z,103,2.0,2.5,1285.0,1986.0,12.468440756144114
"1783-Flores-Ct,-Orlando,-FL-32811","1783 Flores Ct, Orlando, FL 32811",1783 Flores Ct,,Orlando,FL,32811,Orange,28.521071,-81.439626,single_family,6821.0,Active,320000,2025-01-10T00:00:00.000Z,106,3.0,1.5,1116.0,1971.0,12.676079399771027
"4332-S-Kirkman-Rd,-Apt-1013,-Orlando,-FL-32811","4332 S Kirkman Rd, Apt 1013, Orlando, FL 32811",4332 S Kirkman Rd,Apt 1013,Orlando,FL,32811,Orange,28.497982,-81.462133,condo,7671.0,Active,179999,2025-01-15T00:00:00.000Z,101,2.0,2.0,996.0,1997.0,12.100712129872347
"4366-Kirkland-Blvd,-Orlando,-FL-32811","4366 Kirkland Blvd, Orlando, FL 32811",4366 Kirkland Blvd,,Orlando,FL,32811,Orange,28.516137,-81.433362,single_family,7097.0,Active,285000,2025-01-17T00:00:00.000Z,99,3.0,2.0,1641.0,1965.0,12.560247968016562
"5429-Vineland-Rd,---S,-Orlando,-FL-32811","5429 Vineland Rd, # S, Orlando, FL 32811",5429 Vineland Rd,# S,Orlando,FL,32811,Orange,28.483343,-81.448602,condo,5020.0,Active,237000,2025-01-20T00:00:00.000Z,96,2.0,2.0,1139.0,1983.0,12.37581963951765
"5381-Vineland-Rd,---S,-Orlando,-FL-32811","5381 Vineland Rd, # S, Orlando, FL 32811",5381 Vineland Rd,# S,Orlando,FL,32811,Orange,28.483821,-81.449113,condo,5302.0,Active,225000,2025-01-23T00:00:00.000Z,93,2.0,2.5,1221.0,1980.0,12.323860125621126
"4865-Cypress-Woods-Dr,-Apt-2109,-Orlando,-FL-32811","4865 Cypress Woods Dr, Apt 2109, Orlando, FL 32811",4865 Cypress Woods Dr,Apt 2109,Orlando,FL,32811,Orange,28.494108,-81.451358,condo,16553.0,Active,165000,2025-01-27T00:00:00.000Z,89,2.0,2.0,1107.0,2000.0,12.013706813470414
"5316-Pebble-Beach-Dr,---E,-Orlando,-FL-32811","5316 Pebble Beach Dr, # E, Orlando, FL 32811",5316 Pebble Beach Dr,# E,Orlando,FL,32811,Orange,28.492803,-81.452941,condo,5314.0,Active,190900,2025-01-24T00:00:00.000Z,92,2.0,2.5,1308.0,1973.0,12.159510248044802
"5302-Burning-Tree-Dr,---F02--2,-Orlando,-FL-32811","5302 Burning Tree Dr, # F02 -2, Orlando, FL 32811",5302 Burning Tree Dr,# F02 -2,Orlando,FL,32811,Orange,28.491657,-81.451965,condo,5348.0,Active,170000,2025-01-24T00:00:00.000Z,92,3.0,2.0,1379.0,1973.0,12.04355959836804
"5124-Conroy-Rd,---27,-Orlando,-FL-32811","5124 Conroy Rd, # 27, Orlando, FL 32811",5124 Conroy Rd,# 27,Orlando,FL,32811,Orange,28.494823,-81.445831,condo,8645.0,Active,194000,2025-01-31T00:00:00.000Z,85,2.0,2.0,988.0,1988.0,12.175618592671356
"2101-La-Due-Ct,-Orlando,-FL-32811","2101 La Due Ct, Orlando, FL 32811",2101 La Due Ct,,Orlando,FL,32811,Orange,28.517544,-81.440434,single_family,6768.0,Active,255000,2025-01-31T00:00:00.000Z,85,4.0,1.5,1250.0,1970.0,12.449022745701502
"5548-Metrowest-Blvd,-Apt-101,-Orlando,-FL-32811","5548 Metrowest Blvd, Apt 101, Orlando, FL 32811",5548 Metrowest Blvd,Apt 101,Orlando,FL,32811,Orange,28.511238,-81.456696,condo,18295.0,Active,220000,2025-02-03T00:00:00.000Z,82,2.0,2.0,1205.0,1999.0,12.301387370778713
"5518-Metrowest-Blvd,-Apt-104,-Orlando,-FL-32811","5518 Metrowest Blvd, Apt 104, Orlando, FL 32811",5518 Metrowest Blvd,Apt 104,Orlando,FL,32811,Orange,28.513029,-81.455719,condo,9552.0,Active,179000,2025-02-04T00:00:00.000Z,81,1.0,1.0,786.0,1999.0,12.095146671399466
"4826-Marks-Ter,---389,-Orlando,-FL-32811","4826 Marks Ter, # 389, Orlando, FL 32811",4826 Marks Ter,# 389,Orlando,FL,32811,Orange,28.496733,-81.443443,townhouse,7035.0,Active,239000,2025-02-04T00:00:00.000Z,81,2.0,2.0,1072.0,1984.0,12.384223015005313
"4636-Southlawn-Ave,-Orlando,-FL-32811","4636 Southlawn Ave, Orlando, FL 32811",4636 Southlawn Ave,,Orlando,FL,32811,Orange,28.490538,-81.448608,single_family,3600.0,Active,469000,2025-02-06T00:00:00.000Z,79,3.0,2.5,1858.0,2014.0,13.058360179622305
"783-Cornelia-Ct,-Orlando,-FL-32811","783 Cornelia Ct, Orlando, FL 32811",783 Cornelia Ct,,Orlando,FL,32811,Orange,28.53253,-81.441569,single_family,7149.0,Active,289990,2025-02-06T00:00:00.000Z,79,3.0,2.0,1258.0,1973.0,12.57760516699832
"1057-Inkberry-Ct,-Orlando,-FL-32811","1057 Inkberry Ct, Orlando, FL 32811",1057 Inkberry Ct,,Orlando,FL,32811,Orange,28.528296,-81.448953,single_family,3694.0,Active,309699,2025-02-06T00:00:00.000Z,79,3.0,2.0,1009.0,1990.0,12.643359365961294
"5144-Conroy-Rd,---35,-Orlando,-FL-32811","5144 Conroy Rd, # 35, Orlando, FL 32811",5144 Conroy Rd,# 35,Orlando,FL,32811,Orange,28.493518,-81.445109,condo,10019.0,Active,215000,2025-02-05T00:00:00.000Z,80,2.0,2.0,1028.0,1988.0,12.278397958261774
"304-Dover-St,-Orlando,-FL-32811","304 Dover St, Orlando, FL 32811",304 Dover St,,Orlando,FL,32811,Orange,28.545536,-81.445939,single_family,6254.0,Active,263000,2025-02-08T00:00:00.000Z,77,3.0,2.0,1113.0,1990.0,12.479913113434042
"5286-Willow-Ct,---505,-Orlando,-FL-32811","5286 Willow Ct, # 505, Orlando, FL 32811",5286 Willow Ct,# 505,Orlando,FL,32811,Orange,28.49543,-81.451031,condo,2627.0,Active,244900,2025-02-08T00:00:00.000Z,77,2.0,2.5,1285.0,1986.0,12.408609326231229
"5368-Elm-Ct,---354,-Orlando,-FL-32811","5368 Elm Ct, # 354, Orlando, FL 32811",5368 Elm Ct,# 354,Orlando,FL,32811,Orange,28.497482,-81.45254,condo,2620.0,Active,235000,2025-02-09T00:00:00.000Z,76,2.0,2.5,1285.0,1985.0,12.367345048436391
"5116-Conroy-Rd,---12,-Orlando,-FL-32811","5116 Conroy Rd, # 12, Orlando, FL 32811",5116 Conroy Rd,# 12,Orlando,FL,32811,Orange,28.495482,-81.446689,condo,8429.0,Active,208000,2025-02-09T00:00:00.000Z,76,2.0,2.0,988.0,1988.0,12.245298166364206
"2224-Patterson-Ave,-Orlando,-FL-32811","2224 Patterson Ave, Orlando, FL 32811",2224 Patterson Ave,,Orlando,FL,32811,Orange,28.516742,-81.4333,single_family,6600.0,Active,320000,2025-02-10T00:00:00.000Z,75,3.0,2.0,1497.0,1965.0,12.676079399771027
"5152-Conroy-Rd,-Unit-1333,-Orlando,-FL-32811","5152 Conroy Rd, Unit 1333, Orlando, FL 32811",5152 Conroy Rd,Unit 1333,Orlando,FL,32811,Orange,28.49349,-81.445941,condo,6711.0,Active,152000,2025-02-10T00:00:00.000Z,75,1.0,1.0,597.0,1988.0,11.931642378754141
"5128-Conroy-Rd,-Unit-725,-Orlando,-FL-32811","5128 Conroy Rd, Unit 725, Orlando, FL 32811",5128 Conroy Rd,Unit 725,Orlando,FL,32811,Orange,28.494505,-81.445335,condo,7341.0,Active,162500,2025-02-11T00:00:00.000Z,74,1.0,1.0,597.0,1988.0,11.998439434579149
"5201-Vineland-Rd,---112,-Orlando,-FL-32811","5201 Vineland Rd, # 112, Orlando, FL 32811",5201 Vineland Rd,# 112,Orlando,FL,32811,Orange,28.48422,-81.447411,condo,13939.0,Active,219000,2025-02-11T00:00:00.000Z,74,2.0,2.0,1048.0,1982.0,12.296831574998258
"5120-Conroy-Rd,-Unit-513,-Orlando,-FL-32811","5120 Conroy Rd, Unit 513, Orlando, FL 32811",5120 Conroy Rd,Unit 513,Orlando,FL,32811,Orange,28.495161,-81.44622,condo,8978.0,Active,169000,2025-02-11T00:00:00.000Z,74,1.0,1.0,711.0,1988.0,12.037659911047468
"2413-Spingarn-Ct,-Orlando,-FL-32811","2413 Spingarn Ct, Orlando, FL 32811",2413 Spingarn Ct,,Orlando,FL,32811,Orange,28.515323,-81.435406,single_family,9868.0,Active,270000,2025-02-11T00:00:00.000Z,74,3.0,1.5,1250.0,1969.0,12.506180941677357
"5311-Burning-Tree-Dr,---D,-Orlando,-FL-32811","5311 Burning Tree Dr, # D, Orlando, FL 32811",5311 Burning Tree Dr,# D,Orlando,FL,32811,Orange,28.491863,-81.452375,condo,5314.0,Active,169000,2025-02-12T00:00:00.000Z,73,2.0,2.0,1123.0,1973.0,12.037659911047468
"5436-Bayberry-Homes-Rd,-Orlando,-FL-32811","5436 Bayberry Homes Rd, Orlando, FL 32811",5436 Bayberry Homes Rd,,Orlando,FL,32811,Orange,28.531095,-81.454291,single_family,4041.0,Active,279900,2025-02-12T00:00:00.000Z,73,3.0,2.0,1187.0,1989.0,12.5421912482017
"23-Judith-Ln,-Orlando,-FL-32811","23 Judith Ln, Orlando, FL 32811",23 Judith Ln,,Orlando,FL,32811,Orange,28.541125,-81.43771,single_family,8359.0,Active,293000,2025-02-13T00:00:00.000Z,72,4.0,2.0,1321.0,1968.0,12.587931300962664
"130-Mandrake-St,-Orlando,-FL-32811","130 Mandrake St, Orlando, FL 32811",130 Mandrake St,,Orlando,FL,32811,Orange,28.544466,-81.448798,single_family,7502.0,Active,283000,2025-02-13T00:00:00.000Z,72,3.0,2.0,1390.0,1910.0,12.553205710188037
"4448-Pinebark-Ave,---56-1,-Orlando,-FL-32811","4448 Pinebark Ave, # 56-1, Orlando, FL 32811",4448 Pinebark Ave,# 56-1,Orlando,FL,32811,Orange,28.498289,-81.455849,condo,43560.0,Active,209000,2025-02-14T00:00:00.000Z,71,2.0,2.0,963.0,1983.0,12.250094315624496
"25-N-Van-Buren-Ave,-Orlando,-FL-32811","25 N Van Buren Ave, Orlando, FL 32811",25 N Van Buren Ave,,Orlando,FL,32811,Orange,28.542498,-81.457062,single_family,20473.0,Active,278000,2025-02-12T00:00:00.000Z,73,3.0,1.0,780.0,1959.0,12.535379989788607
"5293-Willow-Ct,---522,-Orlando,-FL-32811","5293 Willow Ct, # 522, Orlando, FL 32811",5293 Willow Ct,# 522,Orlando,FL,32811,Orange,28.495438,-81.45038,condo,2631.0,Active,220000,2025-02-13T00:00:00.000Z,72,2.0,2.5,1285.0,1986.0,12.301387370778713
"4765-Capri-Pl,---209,-Orlando,-FL-32811","4765 Capri Pl, # 209, Orlando, FL 32811",4765 Capri Pl,# 209,Orlando,FL,32811,Orange,28.495326,-81.441079,condo,3755.0,Active,230000,2025-02-15T00:00:00.000Z,70,2.0,2.0,1105.0,1985.0,12.345838935721968
"5120-Conroy-Rd,---32,-Orlando,-FL-32811","5120 Conroy Rd, # 32, Orlando, FL 32811",5120 Conroy Rd,# 32,Orlando,FL,32811,Orange,28.495159,-81.446218,condo,8978.0,Active,169000,2025-02-15T00:00:00.000Z,70,2.0,2.0,988.0,1988.0,12.037659911047468
"451-Rogers-St,-Orlando,-FL-32811","451 Rogers St, Orlando, FL 32811",451 Rogers St,,Orlando,FL,32811,Orange,28.536778,-81.445144,single_family,9130.0,Active,230000,2025-02-13T00:00:00.000Z,72,3.0,1.0,1159.0,1959.0,12.345838935721968
"4439-Pinebark-Ave,---47-4,-Orlando,-FL-32811","4439 Pinebark Ave, # 47-4, Orlando, FL 32811",4439 Pinebark Ave,# 47-4,Orlando,FL,32811,Orange,28.498711,-81.456146,condo,2564.0,Active,219000,2025-02-17T00:00:00.000Z,68,2.0,2.0,948.0,1983.0,12.296831574998258
"5455-Vineland-Rd,-Apt-3303,-Orlando,-FL-32811","5455 Vineland Rd, Apt 3303, Orlando, FL 32811",5455 Vineland Rd,Apt 3303,Orlando,FL,32811,Orange,28.48584,-81.451443,condo,16988.0,Active,195000,2025-02-20T00:00:00.000Z,65,1.0,1.0,820.0,2000.0,12.180759965737863
"4849-Cypress-Woods-Dr,-Apt-1308,-Orlando,-FL-32811","4849 Cypress Woods Dr, Apt 1308, Orlando, FL 32811",4849 Cypress Woods Dr,Apt 1308,Orlando,FL,32811,Orange,28.493635,-81.451097,condo,16553.0,Active,266500,2025-02-20T00:00:00.000Z,65,3.0,2.0,1405.0,2000.0,12.493133274926212
"1707-Gammon-Ln,-Orlando,-FL-32811","1707 Gammon Ln, Orlando, FL 32811",1707 Gammon Ln,,Orlando,FL,32811,Orange,28.521766,-81.429515,single_family,11326.0,Active,270000,2025-02-20T00:00:00.000Z,65,3.0,2.0,1186.0,1968.0,12.506180941677357
"1834-Willie-Mays-Pkwy,-Orlando,-FL-32811","1834 Willie Mays Pkwy, Orlando, FL 32811",1834 Willie Mays Pkwy,,Orlando,FL,32811,Orange,28.520352,-81.438274,single_family,6748.0,Active,298000,2025-02-21T00:00:00.000Z,64,3.0,2.0,1235.0,1967.0,12.604852121186608
"1335-Lescot-Ln,-Orlando,-FL-32811","1335 Lescot Ln, Orlando, FL 32811",1335 Lescot Ln,,Orlando,FL,32811,Orange,28.525261,-81.443842,single_family,7090.0,Active,255000,2025-02-22T00:00:00.000Z,63,3.0,1.0,1049.0,1970.0,12.449022745701502
"5160-Conroy-Rd,-Unit-1414,-Orlando,-FL-32811","5160 Conroy Rd, Unit 1414, Orlando, FL 32811",5160 Conroy Rd,Unit 1414,Orlando,FL,32811,Orange,28.493955,-81.446024,condo,8704.0,Active,165000,2025-02-24T00:00:00.000Z,61,1.0,1.0,711.0,1988.0,12.013706813470414
"4154-Pinebark-Ave,---3,-Orlando,-FL-32811","4154 Pinebark Ave, # 3, Orlando, FL 32811",4154 Pinebark Ave,# 3,Orlando,FL,32811,Orange,28.50088,-81.45747,condo,2564.0,Active,174000,2025-02-25T00:00:00.000Z,60,2.0,1.5,909.0,1974.0,12.066816325306588
"217-Wilmer-Ave,-Orlando,-FL-32811","217 Wilmer Ave, Orlando, FL 32811",217 Wilmer Ave,,Orlando,FL,32811,Orange,28.544464,-81.449167,single_family,10890.0,Active,304000,2025-02-26T00:00:00.000Z,59,3.0,2.0,1230.0,1959.0,12.624786269856633
"4348-S-Kirkman-Rd,-Apt-813,-Orlando,-FL-32811","4348 S Kirkman Rd, Apt 813, Orlando, FL 32811",4348 S Kirkman Rd,Apt 813,Orlando,FL,32811,Orange,28.497236,-81.462776,condo,7035.0,Active,195000,2025-02-27T00:00:00.000Z,58,2.0,2.0,996.0,1997.0,12.180759965737863
"4353-Shadow-Crest-Pl,---3,-Orlando,-FL-32811","4353 Shadow Crest Pl, # 3, Orlando, FL 32811",4353 Shadow Crest Pl,# 3,Orlando,FL,32811,Orange,28.499515,-81.455885,condo,2564.0,Active,194000,2025-02-27T00:00:00.000Z,58,2.0,1.5,909.0,1980.0,12.175618592671356
"4561-Evers-Pl,-Orlando,-FL-32811","4561 Evers Pl, Orlando, FL 32811",4561 Evers Pl,,Orlando,FL,32811,Orange,28.520985,-81.437817,single_family,7207.0,Active,267000,2025-02-28T00:00:00.000Z,57,3.0,1.5,1038.0,1967.0,12.495007682693725
"4954-Luna-Negra-Dr,-Orlando,-FL-32811","4954 Luna Negra Dr, Orlando, FL 32811",4954 Luna Negra Dr,,Orlando,FL,32811,Orange,28.533509,-81.445846,single_family,5500.0,Active,289000,2025-02-28T00:00:00.000Z,57,3.0,2.0,1122.0,2004.0,12.574185427296195
"4828-Pebble-Beach-Dr,---A,-Orlando,-FL-32811","4828 Pebble Beach Dr, # A, Orlando, FL 32811",4828 Pebble Beach Dr,# A,Orlando,FL,32811,Orange,28.493246,-81.453537,condo,4830.0,Active,209000,2025-03-01T00:00:00.000Z,56,2.0,2.5,1529.0,1973.0,12.250094315624496
"4448-Pinebark-Ave,-Orlando,-FL-32811","4448 Pinebark Ave, Orlando, FL 32811",4448 Pinebark Ave,,Orlando,FL,32811,Orange,28.498289,-81.455849,multi-family,43560.0,Active,1683000,2025-03-02T00:00:00.000Z,55,13.0,,7726.0,1983.0,14.336089067349832
"5337-Indian-Creek-Dr,---C4--1,-Orlando,-FL-32811","5337 Indian Creek Dr, # C4 -1, Orlando, FL 32811",5337 Indian Creek Dr,# C4 -1,Orlando,FL,32811,Orange,28.491896,-81.453346,condo,2596.0,Active,239000,2025-03-05T00:00:00.000Z,52,2.0,2.0,1173.0,1973.0,12.384223015005313
"1749-Sorolla-Ct,-Orlando,-FL-32811","1749 Sorolla Ct, Orlando, FL 32811",1749 Sorolla Ct,,Orlando,FL,32811,Orange,28.521836,-81.44047,single_family,6693.0,Active,344000,2025-03-05T00:00:00.000Z,52,3.0,1.5,1436.0,1971.0,12.748399843328054
"5479-Vineland-Rd,-Apt-9104,-Orlando,-FL-32811","5479 Vineland Rd, Apt 9104, Orlando, FL 32811",5479 Vineland Rd,Apt 9104,Orlando,FL,32811,Orange,28.48392,-81.451696,condo,820.0,Active,189000,2025-03-07T00:00:00.000Z,50,1.0,1.0,820.0,2000.0,12.149507585033072
"5023-Southlawn-Ave,-Orlando,-FL-32811","5023 Southlawn Ave, Orlando, FL 32811",5023 Southlawn Ave,,Orlando,FL,32811,Orange,28.48533,-81.450749,single_family,5249.0,Active,519000,2025-03-06T00:00:00.000Z,51,3.0,2.0,1773.0,2015.0,13.159661088928443
"5112-Conroy-Rd,---17,-Orlando,-FL-32811","5112 Conroy Rd, # 17, Orlando, FL 32811",5112 Conroy Rd,# 17,Orlando,FL,32811,Orange,28.495776,-81.447099,condo,8770.0,Active,210000,2025-03-08T00:00:00.000Z,49,2.0,2.0,988.0,1988.0,12.25486757159303
"5268-Middle-Ct,---111,-Orlando,-FL-32811","5268 Middle Ct, # 111, Orlando, FL 32811",5268 Middle Ct,# 111,Orlando,FL,32811,Orange,28.497958,-81.450791,condo,2595.0,Active,229000,2025-03-10T00:00:00.000Z,47,2.0,2.0,1285.0,1984.0,12.34148164933907
"5122-Cypress-Creek-Dr,---103,-Orlando,-FL-32811","5122 Cypress Creek Dr, # 103, Orlando, FL 32811",5122 Cypress Creek Dr,# 103,Orlando,FL,32811,Orange,28.487206,-81.449188,condo,6923.0,Active,235000,2025-03-11T00:00:00.000Z,46,2.0,2.0,1215.0,1974.0,12.367345048436391
"5132-Luna-Negra-Dr,-Orlando,-FL-32811","5132 Luna Negra Dr, Orlando, FL 32811",5132 Luna Negra Dr,,Orlando,FL,32811,Orange,28.533374,-81.448326,single_family,8677.0,Active,350000,2025-03-11T00:00:00.000Z,46,3.0,2.5,1476.0,2003.0,12.765691290604371
"5029-Southlawn-Ave,-Orlando,-FL-32811","5029 Southlawn Ave, Orlando, FL 32811",5029 Southlawn Ave,,Orlando,FL,32811,Orange,28.485464,-81.450784,single_family,5249.0,Active,639000,2025-03-11T00:00:00.000Z,46,4.0,2.5,3006.0,2015.0,13.367661298303675
"5578-Metrowest-Blvd,-Apt-305,-Orlando,-FL-32811","5578 Metrowest Blvd, Apt 305, Orlando, FL 32811",5578 Metrowest Blvd,Apt 305,Orlando,FL,32811,Orange,28.512564,-81.458005,condo,17424.0,Active,182000,2025-03-13T00:00:00.000Z,44,1.0,1.0,899.0,1999.0,12.111767460549332
"4320-S-Kirkman-Rd,-Apt-1501,-Orlando,-FL-32811","4320 S Kirkman Rd, Apt 1501, Orlando, FL 32811",4320 S Kirkman Rd,Apt 1501,Orlando,FL,32811,Orange,28.498951,-81.461566,condo,7670.0,Active,220000,2025-03-13T00:00:00.000Z,44,3.0,2.0,1199.0,1997.0,12.301387370778713
"4420-W-Gore-Ave,-Orlando,-FL-32811","4420 W Gore Ave, Orlando, FL 32811",4420 W Gore Ave,,Orlando,FL,32811,Orange,28.530424,-81.4353,single_family,6326.0,Active,365000,2025-03-14T00:00:00.000Z,43,3.0,2.0,1233.0,2025.0,12.807655372286902
"4736-Walden-Cir,---15,-Orlando,-FL-32811","4736 Walden Cir, # 15, Orlando, FL 32811",4736 Walden Cir,# 15,Orlando,FL,32811,Orange,28.490154,-81.443572,condo,5275.0,Active,135000,2025-03-18T00:00:00.000Z,39,1.0,1.0,560.0,1988.0,11.813037464800539
"4226-Lake-Richmond-Dr,-Orlando,-FL-32811","4226 Lake Richmond Dr, Orlando, FL 32811",4226 Lake Richmond Dr,,Orlando,FL,32811,Orange,28.511152,-81.430754,single_family,9282.0,Active,249900,2025-03-18T00:00:00.000Z,39,4.0,2.0,1361.0,1969.0,12.428820118415677
"5195-Edwina-St,-Orlando,-FL-32811","5195 Edwina St, Orlando, FL 32811",5195 Edwina St,,Orlando,FL,32811,Orange,28.524217,-81.448731,single_family,7485.0,Active,249900,2025-03-19T00:00:00.000Z,38,3.0,2.0,1045.0,1971.0,12.428820118415677
"4548-Cepeda-St,-Orlando,-FL-32811","4548 Cepeda St, Orlando, FL 32811",4548 Cepeda St,,Orlando,FL,32811,Orange,28.522656,-81.437402,single_family,7000.0,Active,274990,2025-03-20T00:00:00.000Z,37,3.0,1.0,1124.0,1966.0,12.524493648840432
"5578-Metrowest-Blvd,-Apt-310,-Orlando,-FL-32811","5578 Metrowest Blvd, Apt 310, Orlando, FL 32811",5578 Metrowest Blvd,Apt 310,Orlando,FL,32811,Orange,28.512564,-81.458005,condo,17424.0,Active,200000,2025-03-21T00:00:00.000Z,36,3.0,2.0,1362.0,1999.0,12.206077645517674
"4251-Pinebark-Ave,---17-3,-Orlando,-FL-32811","4251 Pinebark Ave, # 17-3, Orlando, FL 32811",4251 Pinebark Ave,# 17-3,Orlando,FL,32811,Orange,28.500359,-81.457077,condo,2564.0,Active,215000,2025-03-21T00:00:00.000Z,36,2.0,1.5,909.0,1979.0,12.278397958261774
"5471-Vineland-Rd,-Apt-7108,-Orlando,-FL-32811","5471 Vineland Rd, Apt 7108, Orlando, FL 32811",5471 Vineland Rd,Apt 7108,Orlando,FL,32811,Orange,28.485161,-81.452055,condo,12632.0,Active,220000,2025-03-21T00:00:00.000Z,36,2.0,2.0,1043.0,2000.0,12.301387370778713
"5334-Bamboo-Ct,---463,-Orlando,-FL-32811","5334 Bamboo Ct, # 463, Orlando, FL 32811",5334 Bamboo Ct,# 463,Orlando,FL,32811,Orange,28.496195,-81.451577,townhouse,2581.0,Active,249000,2025-03-26T00:00:00.000Z,31,2.0,2.5,1285.0,1986.0,12.425212191503038
"5316-Burning-Tree-Dr,---A09-2,-Orlando,-FL-32811","5316 Burning Tree Dr, # A09-2, Orlando, FL 32811",5316 Burning Tree Dr,# A09-2,Orlando,FL,32811,Orange,28.491651,-81.451973,condo,5348.0,Active,147500,2025-03-25T00:00:00.000Z,32,1.0,1.0,1173.0,1973.0,11.901590234400047
"4385-Cassius-St,-Orlando,-FL-32811","4385 Cassius St, Orlando, FL 32811",4385 Cassius St,,Orlando,FL,32811,Orange,28.522274,-81.434157,single_family,7118.0,Active,300000,2025-03-27T00:00:00.000Z,30,3.0,2.0,1170.0,1966.0,12.611541086966115
"4373-Shadow-Crest-Pl,---4,-Orlando,-FL-32811","4373 Shadow Crest Pl, # 4, Orlando, FL 32811",4373 Shadow Crest Pl,# 4,Orlando,FL,32811,Orange,28.499294,-81.455572,condo,2564.0,Active,175000,2025-03-27T00:00:00.000Z,30,2.0,2.0,889.0,1980.0,12.07254696717504
"319-Wilmer-Ave,-Orlando,-FL-32811","319 Wilmer Ave, Orlando, FL 32811",319 Wilmer Ave,,Orlando,FL,32811,Orange,28.546287,-81.449169,single_family,11326.0,Active,330000,2025-03-28T00:00:00.000Z,29,4.0,2.0,1158.0,1959.0,12.706850963741102
"4707-Northlawn-Way,-Orlando,-FL-32811","4707 Northlawn Way, Orlando, FL 32811",4707 Northlawn Way,,Orlando,FL,32811,Orange,28.490296,-81.449889,single_family,5277.0,Active,620000,2025-03-28T00:00:00.000Z,29,4.0,2.5,2390.0,2014.0,13.3374763699232
"5578-Metrowest-Blvd,---10,-Orlando,-FL-32811","5578 Metrowest Blvd, # 10, Orlando, FL 32811",5578 Metrowest Blvd,# 10,Orlando,FL,32811,Orange,28.512567,-81.458008,condo,17424.0,Active,179000,2025-03-29T00:00:00.000Z,28,1.0,1.0,899.0,1999.0,12.095146671399466
"4343-Lake-Richmond-Dr,-Orlando,-FL-32811","4343 Lake Richmond Dr, Orlando, FL 32811",4343 Lake Richmond Dr,,Orlando,FL,32811,Orange,28.5138,-81.433829,single_family,18295.0,Active,275000,2025-03-29T00:00:00.000Z,28,3.0,1.5,1081.0,1969.0,12.524530013005734
"5572-Metrowest-Blvd,-Apt-110,-Orlando,-FL-32811","5572 Metrowest Blvd, Apt 110, Orlando, FL 32811",5572 Metrowest Blvd,Apt 110,Orlando,FL,32811,Orange,28.511778,-81.457329,condo,18295.0,Active,190000,2025-03-31T00:00:00.000Z,26,2.0,2.0,1205.0,1999.0,12.154784614286667
"5177-Edwina-St,-Orlando,-FL-32811","5177 Edwina St, Orlando, FL 32811",5177 Edwina St,,Orlando,FL,32811,Orange,28.52518,-81.448107,single_family,7164.0,Active,230000,2025-04-02T00:00:00.000Z,24,3.0,1.5,1045.0,1971.0,12.345838935721968
"4917-Walden-Cir,-Orlando,-FL-32811","4917 Walden Cir, Orlando, FL 32811",4917 Walden Cir,,Orlando,FL,32811,Orange,28.488077,-81.442649,condo,6367.0,Active,269900,2025-04-03T00:00:00.000Z,23,2.0,2.5,1228.0,1986.0,12.505810504075185
"4246-Clarinda-St,-Orlando,-FL-32811","4246 Clarinda St, Orlando, FL 32811",4246 Clarinda St,,Orlando,FL,32811,Orange,28.542777,-81.431492,single_family,9715.0,Active,350000,2025-04-03T00:00:00.000Z,23,4.0,2.0,1652.0,1969.0,12.765691290604371
"5560-Metrowest-Blvd-NW,-Apt-106,-Orlando,-FL-32811","5560 Metrowest Blvd NW, Apt 106, Orlando, FL 32811",5560 Metrowest Blvd NW,Apt 106,Orlando,FL,32811,Orange,28.511,-81.458344,condo,13939.0,Active,265000,2025-04-04T00:00:00.000Z,22,3.0,2.0,1362.0,1999.0,12.487488878546145
"305-Hope-Cir,-Orlando,-FL-32811","305 Hope Cir, Orlando, FL 32811",305 Hope Cir,,Orlando,FL,32811,Orange,28.54562,-81.45021,single_family,12632.0,Active,279900,2025-04-04T00:00:00.000Z,22,3.0,2.0,1230.0,1958.0,12.5421912482017
"5379-Botany-Ct,-Orlando,-FL-32811","5379 Botany Ct, Orlando, FL 32811",5379 Botany Ct,,Orlando,FL,32811,Orange,28.526291,-81.451366,single_family,7695.0,Active,305000,2025-04-04T00:00:00.000Z,22,5.0,2.0,1482.0,1972.0,12.628070334272698
"4752-Walden-Cir,---38,-Orlando,-FL-32811","4752 Walden Cir, # 38, Orlando, FL 32811",4752 Walden Cir,# 38,Orlando,FL,32811,Orange,28.489468,-81.441661,condo,6860.0,Active,199990,2025-04-04T00:00:00.000Z,22,2.0,2.0,956.0,1988.0,12.206027644517643
"4706-Sutton-Ter,---111A2,-Orlando,-FL-32811","4706 Sutton Ter, # 111A2, Orlando, FL 32811",4706 Sutton Ter,# 111A2,Orlando,FL,32811,Orange,28.496326,-81.43967,condo,3601.0,Active,215000,2025-04-07T00:00:00.000Z,19,2.0,1.0,872.0,1984.0,12.278397958261774
"1831-Aaron-Ave,-Orlando,-FL-32811","1831 Aaron Ave, Orlando, FL 32811",1831 Aaron Ave,,Orlando,FL,32811,Orange,28.520809,-81.431998,single_family,6812.0,Active,295000,2025-04-07T00:00:00.000Z,19,3.0,2.0,1170.0,1966.0,12.59473402514672
"2743-Grandola-Dr,-Orlando,-FL-32811","2743 Grandola Dr, Orlando, FL 32811",2743 Grandola Dr,,Orlando,FL,32811,Orange,28.513282,-81.435588,single_family,1344.0,Active,339999,2025-04-08T00:00:00.000Z,18,3.0,2.0,1344.0,1973.0,12.736700896592344
"76-Judith-Ln,-Orlando,-FL-32811","76 Judith Ln, Orlando, FL 32811",76 Judith Ln,,Orlando,FL,32811,Orange,28.540634,-81.438153,single_family,8432.0,Active,210000,2025-04-08T00:00:00.000Z,18,2.0,1.0,967.0,1968.0,12.25486757159303
"5120-Conroy-Rd,-Unit-523,-Orlando,-FL-32811","5120 Conroy Rd, Unit 523, Orlando, FL 32811",5120 Conroy Rd,Unit 523,Orlando,FL,32811,Orange,28.495161,-81.446218,condo,8645.0,Active,150900,2025-04-08T00:00:00.000Z,18,1.0,1.0,711.0,1988.0,11.924379271639218
"4845-Elese-St,-Orlando,-FL-32811","4845 Elese St, Orlando, FL 32811",4845 Elese St,,Orlando,FL,32811,Orange,28.526801,-81.444452,single_family,6821.0,Active,250000,2025-04-09T00:00:00.000Z,17,4.0,1.5,1176.0,1970.0,12.429220196836383
"4400-White-Pine-Ave,---70-4,-Orlando,-FL-32811","4400 White Pine Ave, # 70-4, Orlando, FL 32811",4400 White Pine Ave,# 70-4,Orlando,FL,32811,Orange,28.498439,-81.458408,condo,2085.0,Active,175000,2025-04-09T00:00:00.000Z,17,2.0,2.0,932.0,1987.0,12.07254696717504
"4815-Northlawn-Way,-Orlando,-FL-32811","4815 Northlawn Way, Orlando, FL 32811",4815 Northlawn Way,,Orlando,FL,32811,Orange,28.489584,-81.448981,single_family,5408.0,Active,565000,2025-04-10T00:00:00.000Z,16,4.0,2.5,2380.0,2014.0,13.244582780038517
"1794-Willie-Mays-Pkwy,-Orlando,-FL-32811","1794 Willie Mays Pkwy, Orlando, FL 32811",1794 Willie Mays Pkwy,,Orlando,FL,32811,Orange,28.52088,-81.43828,single_family,6664.0,Active,195000,2025-04-12T00:00:00.000Z,14,3.0,1.5,1170.0,1967.0,12.180759965737863
"4897-Cypress-Woods-Dr,-Apt-6314,-Orlando,-FL-32811","4897 Cypress Woods Dr, Apt 6314, Orlando, FL 32811",4897 Cypress Woods Dr,Apt 6314,Orlando,FL,32811,Orange,28.492576,-81.451298,condo,24394.0,Active,237500,2025-04-12T00:00:00.000Z,14,3.0,2.0,1405.0,2001.0,12.377927112974284
"5156-Conroy-Rd,-Unit-1124,-Orlando,-FL-32811","5156 Conroy Rd, Unit 1124, Orlando, FL 32811",5156 Conroy Rd,Unit 1124,Orlando,FL,32811,Orange,28.493792,-81.44558,condo,9989.0,Active,189900,2025-04-11T00:00:00.000Z,15,2.0,2.0,1028.0,1988.0,12.15425816271595
"4838-Pebble-Beach-Dr,---A,-Orlando,-FL-32811","4838 Pebble Beach Dr, # A, Orlando, FL 32811",4838 Pebble Beach Dr,# A,Orlando,FL,32811,Orange,28.49283,-81.453491,townhouse,4843.0,Active,159000,2025-04-14T00:00:00.000Z,12,2.0,2.5,1600.0,1973.0,11.976665770490767
"4708-Walden-Cir,---37,-Orlando,-FL-32811","4708 Walden Cir, # 37, Orlando, FL 32811",4708 Walden Cir,# 37,Orlando,FL,32811,Orange,28.490584,-81.441823,condo,6870.0,Active,185000,2025-04-14T00:00:00.000Z,12,2.0,2.0,956.0,1988.0,12.128116509451258
"5524-Metrowest-Blvd,-Apt-210,-Orlando,-FL-32811","5524 Metrowest Blvd, Apt 210, Orlando, FL 32811",5524 Metrowest Blvd,Apt 210,Orlando,FL,32811,Orange,28.512416,-81.455646,condo,7035.0,Active,200000,2025-04-14T00:00:00.000Z,12,3.0,2.0,1191.0,1999.0,12.206077645517674
"4274-Tatum-St,-Orlando,-FL-32811","4274 Tatum St, Orlando, FL 32811",4274 Tatum St,,Orlando,FL,32811,Orange,28.517488,-81.431644,single_family,6600.0,Active,279000,2025-04-17T00:00:00.000Z,9,3.0,1.0,1020.0,1963.0,12.53897064502647
"5118-Luna-Negra-Dr,-Orlando,-FL-32811","5118 Luna Negra Dr, Orlando, FL 32811",5118 Luna Negra Dr,,Orlando,FL,32811,Orange,28.533413,-81.448122,single_family,8472.0,Active,360000,2025-04-17T00:00:00.000Z,9,3.0,2.5,1476.0,2004.0,12.793862088206213
"4340-S-Kirkman-Rd,-Apt-901,-Orlando,-FL-32811","4340 S Kirkman Rd, Apt 901, Orlando, FL 32811",4340 S Kirkman Rd,Apt 901,Orlando,FL,32811,Orange,28.497545,-81.462509,condo,7670.0,Active,199900,2025-04-18T00:00:00.000Z,8,2.0,2.0,996.0,1997.0,12.20557752297723
"3379-S-Kirkman-Rd,-Apt-1015,-Orlando,-FL-32811","3379 S Kirkman Rd, Apt 1015, Orlando, FL 32811",3379 S Kirkman Rd,Apt 1015,Orlando,FL,32811,Orange,28.505207,-81.45763,condo,13504.0,Active,179500,2025-04-19T00:00:00.000Z,7,1.0,1.0,890.0,1999.0,12.097936057925594
"1033-Clovercrest-Rd,-Orlando,-FL-32811","1033 Clovercrest Rd, Orlando, FL 32811",1033 Clovercrest Rd,,Orlando,FL,32811,Orange,28.528304,-81.451175,single_family,7035.0,Active,325000,2025-04-21T00:00:00.000Z,5,5.0,2.5,1655.0,1990.0,12.691583538230217
"4770-Piedmont-Ct,-Orlando,-FL-32811","4770 Piedmont Ct, Orlando, FL 32811",4770 Piedmont Ct,,Orlando,FL,32811,Orange,28.530734,-81.441767,single_family,7724.0,Active,249900,2025-04-21T00:00:00.000Z,5,4.0,2.0,1388.0,1973.0,12.428820118415677
"4328-S-Kirkman-Rd,---1,-Orlando,-FL-32811","4328 S Kirkman Rd, # 1, Orlando, FL 32811",4328 S Kirkman Rd,# 1,Orlando,FL,32811,Orange,28.498342,-81.461302,condo,7671.0,Active,219000,2025-04-22T00:00:00.000Z,4,3.0,2.0,1199.0,1997.0,12.296831574998258
"5112-Conroy-Rd,---13,-Orlando,-FL-32811","5112 Conroy Rd, # 13, Orlando, FL 32811",5112 Conroy Rd,# 13,Orlando,FL,32811,Orange,28.495776,-81.447099,condo,8770.0,Active,149900,2025-04-22T00:00:00.000Z,4,1.0,1.0,711.0,1988.0,11.917730355182513
"5310-Pebble-Beach-Dr,---20,-Orlando,-FL-32811","5310 Pebble Beach Dr, # 20, Orlando, FL 32811",5310 Pebble Beach Dr,# 20,Orlando,FL,32811,Orange,28.492805,-81.452952,condo,5314.0,Active,215000,2025-04-23T00:00:00.000Z,3,3.0,2.0,1379.0,1973.0,12.278397958261774
"5140-Conroy-Rd,---28,-Orlando,-FL-32811","5140 Conroy Rd, # 28, Orlando, FL 32811",5140 Conroy Rd,# 28,Orlando,FL,32811,Orange,28.494208,-81.444834,condo,8484.0,Active,185000,2025-04-23T00:00:00.000Z,3,2.0,2.0,988.0,1988.0,12.128116509451258
"5108-Creekside-Park-Ave,-Orlando,-FL-32811","5108 Creekside Park Ave, Orlando, FL 32811",5108 Creekside Park Ave,,Orlando,FL,32811,Orange,28.4867,-81.447512,single_family,5720.0,Active,530000,2025-04-23T00:00:00.000Z,3,3.0,2.0,1796.0,2012.0,13.180634172318978
"3319-S-Kirkman-Rd,-Apt-337,-Orlando,-FL-32811","3319 S Kirkman Rd, Apt 337, Orlando, FL 32811",3319 S Kirkman Rd,Apt 337,Orlando,FL,32811,Orange,28.507503,-81.45733,condo,14375.0,Active,190000,2025-04-24T00:00:00.000Z,2,2.0,1.0,970.0,1999.0,12.154784614286667
"4748-Amoy-Ct,-Orlando,-FL-32811","4748 Amoy Ct, Orlando, FL 32811",4748 Amoy Ct,,Orlando,FL,32811,Orange,28.526838,-81.441601,single_family,7522.0,Active,240000,2025-04-24T00:00:00.000Z,2,4.0,1.5,1386.0,1970.0,12.388398368982115
"73-Channing-Ave,-Orlando,-FL-32811","73 Channing Ave, Orlando, FL 32811",73 Channing Ave,,Orlando,FL,32811,Orange,28.54057,-81.440437,single_family,9051.0,Active,235000,2025-04-24T00:00:00.000Z,2,4.0,1.0,942.0,1968.0,12.367345048436391
"4922-Huppel-Ave,-Orlando,-FL-32811","4922 Huppel Ave, Orlando, FL 32811",4922 Huppel Ave,,Orlando,FL,32811,Orange,28.535801,-81.445426,single_family,6763.0,Active,259000,2025-04-24T00:00:00.000Z,2,3.0,2.0,912.0,1994.0,12.464587201678082
"4704-Walden-Cir,---16,-Orlando,-FL-32811","4704 Walden Cir, # 16, Orlando, FL 32811",4704 Walden Cir,# 16,Orlando,FL,32811,Orange,28.490642,-81.441408,condo,6348.0,Active,125000,2025-04-24T00:00:00.000Z,2,1.0,1.0,560.0,1988.0,11.736077016252437
"1507-Amaros-Ave,-Orlando,-FL-32811","1507 Amaros Ave, Orlando, FL 32811",1507 Amaros Ave,,Orlando,FL,32811,Orange,28.524066,-81.429972,single_family,7443.0,Active,269000,2025-04-24T00:00:00.000Z,2,3.0,1.5,960.0,1963.0,12.502470376049185
"5213-Northlawn-Way,-Orlando,-FL-32811","5213 Northlawn Way, Orlando, FL 32811",5213 Northlawn Way,,Orlando,FL,32811,Orange,28.48606,-81.445934,single_family,3597.0,Active,475000,2025-04-25T00:00:00.000Z,1,3.0,2.5,1816.0,2013.0,13.07107218827772
"5132-Conroy-Rd,---28,-Orlando,-FL-32811","5132 Conroy Rd, # 28, Orlando, FL 32811",5132 Conroy Rd,# 28,Orlando,FL,32811,Orange,28.49417,-81.44555,condo,10019.0,Active,159900,2024-11-04T00:00:00.000Z,172,3.0,2.0,1237.0,1988.0,11.982310152711182
"5500-Metrowest-Blvd,-Apt-101,-Orlando,-FL-32811","5500 Metrowest Blvd, Apt 101, Orlando, FL 32811",5500 Metrowest Blvd,Apt 101,Orlando,FL,32811,Orange,28.513003,-81.457514,condo,17424.0,Active,239990,2025-01-07T00:00:00.000Z,108,3.0,2.0,1362.0,1999.0,12.388356701620985
"4489-Prince-Hall-Blvd,-Orlando,-FL-32811","4489 Prince Hall Blvd, Orlando, FL 32811",4489 Prince Hall Blvd,,Orlando,FL,32811,Orange,28.514809,-81.436459,single_family,6514.0,Active,265000,2025-03-20T00:00:00.000Z,36,4.0,1.5,1133.0,1969.0,12.487488878546145
"5518-Metrowest-Blvd,---10,-Orlando,-FL-32811","5518 Metrowest Blvd, # 10, Orlando, FL 32811",5518 Metrowest Blvd,# 10,Orlando,FL,32811,Orange,28.513032,-81.455716,condo,9552.0,Active,179000,2025-02-04T00:00:00.000Z,79,1.0,1.0,786.0,1999.0,12.095146671399466
"4952-Creekside-Park-Ave,-Orlando,-FL-32811","4952 Creekside Park Ave, Orlando, FL 32811",4952 Creekside Park Ave,,Orlando,FL,32811,Orange,28.488194,-81.448668,single_family,5275.0,Inactive,705000,2024-10-25T00:00:00.000Z,180,3.0,2.5,2250.0,2014.0,13.465954500233115
"5303-Indian-Creek-Dr,-Unit-D,-Orlando,-FL-32811","5303 Indian Creek Dr, Unit D, Orlando, FL 32811",5303 Indian Creek Dr,Unit D,Orlando,FL,32811,Orange,28.492528,-81.452808,condo,7035.0,Inactive,195000,2024-11-25T00:00:00.000Z,149,2.0,2.0,1123.0,1973.0,12.180759965737863
"637-Grandiflora-Dr,-Orlando,-FL-32811","637 Grandiflora Dr, Orlando, FL 32811",637 Grandiflora Dr,,Orlando,FL,32811,Orange,28.533167,-81.45128,single_family,4756.0,Inactive,360000,2024-12-20T00:00:00.000Z,124,4.0,2.0,1610.0,1996.0,12.793862088206213
"4756-Walden-Cir,---21,-Orlando,-FL-32811","4756 Walden Cir, # 21, Orlando, FL 32811",4756 Walden Cir,# 21,Orlando,FL,32811,Orange,28.489398,-81.44113,condo,7035.0,Inactive,189000,2024-12-24T00:00:00.000Z,120,2.0,2.0,956.0,1988.0,12.149507585033072
"4403-Brooke-St,-Orlando,-FL-32811","4403 Brooke St, Orlando, FL 32811",4403 Brooke St,,Orlando,FL,32811,Orange,28.518134,-81.434257,single_family,7108.0,Inactive,309900,2025-01-17T00:00:00.000Z,96,3.0,2.0,1317.0,1967.0,12.644008170618003
"4601-Cason-Cove-Dr,-Apt-216,-Orlando,-FL-32811","4601 Cason Cove Dr, Apt 216, Orlando, FL 32811",4601 Cason Cove Dr,Apt 216,Orlando,FL,32811,Orange,28.497327,-81.438266,condo,5968.0,Inactive,109500,2025-03-26T00:00:00.000Z,28,1.0,1.0,600.0,1988.0,11.603688960617083
"4294-Nimons-St,-Orlando,-FL-32811","4294 Nimons St, Orlando, FL 32811",4294 Nimons St,,Orlando,FL,32811,Orange,28.521531,-81.432045,single_family,7529.0,Inactive,267000,2025-04-12T00:00:00.000Z,11,3.0,2.0,1363.0,1968.0,12.495007682693725
"5447-Vineland-Rd,-Apt-1308,-Orlando,-FL-32811","5447 Vineland Rd, Apt 1308, Orlando, FL 32811",5447 Vineland Rd,Apt 1308,Orlando,FL,32811,Orange,28.484211,-81.450676,condo,16553.0,Inactive,315000,2024-04-05T00:00:00.000Z,382,3.0,2.0,1318.0,2000.0,12.660331092405906
"5303-Indian-Creek-Dr,---D,-Orlando,-FL-32811","5303 Indian Creek Dr, # D, Orlando, FL 32811",5303 Indian Creek Dr,# D,Orlando,FL,32811,Orange,28.492528,-81.452808,condo,5314.0,Inactive,199900,2024-08-22T00:00:00.000Z,243,2.0,2.0,1123.0,1973.0,12.20557752297723
"4881-Cypress-Woods-Dr,-Apt-3309,-Orlando,-FL-32811","4881 Cypress Woods Dr, Apt 3309, Orlando, FL 32811",4881 Cypress Woods Dr,Apt 3309,Orlando,FL,32811,Orange,28.493601,-81.451863,condo,436.0,Inactive,160000,2025-01-17T00:00:00.000Z,95,2.0,2.0,1186.0,2000.0,11.982935344196433
"4228-Lenox-Blvd,-Orlando,-FL-32811","4228 Lenox Blvd, Orlando, FL 32811",4228 Lenox Blvd,,Orlando,FL,32811,Orange,28.528541,-81.431589,single_family,13504.0,Inactive,353000,2025-02-11T00:00:00.000Z,70,4.0,2.0,1612.0,1960.0,12.77422616877261
"4340-S-Kirkman-Rd,---9,-Orlando,-FL-32811","4340 S Kirkman Rd, # 9, Orlando, FL 32811",4340 S Kirkman Rd,# 9,Orlando,FL,32811,Orange,28.497546,-81.462512,condo,7670.0,Inactive,199900,2025-04-18T00:00:00.000Z,4,2.0,2.0,996.0,1997.0,12.20557752297723
"5467-Vineland-Rd,-Apt-6308,-Orlando,-FL-32811","5467 Vineland Rd, Apt 6308, Orlando, FL 32811",5467 Vineland Rd,Apt 6308,Orlando,FL,32811,Orange,28.485502,-81.452506,condo,16988.0,Inactive,299000,2024-09-03T00:00:00.000Z,230,3.0,2.0,1318.0,2000.0,12.608202196848836
"1343-Poppy-Ave,-Orlando,-FL-32811","1343 Poppy Ave, Orlando, FL 32811",1343 Poppy Ave,,Orlando,FL,32811,Orange,28.525329,-81.450481,single_family,7149.0,Inactive,267900,2024-10-02T00:00:00.000Z,201,4.0,1.5,1653.0,1972.0,12.498372788261829
"4587-Elmira-Pl,-Orlando,-FL-32811","4587 Elmira Pl, Orlando, FL 32811",4587 Elmira Pl,,Orlando,FL,32811,Orange,28.541549,-81.438018,single_family,7064.0,Inactive,266500,2024-10-29T00:00:00.000Z,174,4.0,2.0,777.0,1968.0,12.493133274926212
"4833-Cypress-Woods-Dr,-Apt-4101,-Orlando,-FL-32811","4833 Cypress Woods Dr, Apt 4101, Orlando, FL 32811",4833 Cypress Woods Dr,Apt 4101,Orlando,FL,32811,Orange,28.492896,-81.45161,condo,80150.0,Inactive,285000,2025-01-20T00:00:00.000Z,91,3.0,2.0,1405.0,2001.0,12.560247968016562
"4897-Cypress-Woods-Dr,-Apt-6303,-Orlando,-FL-32811","4897 Cypress Woods Dr, Apt 6303, Orlando, FL 32811",4897 Cypress Woods Dr,Apt 6303,Orlando,FL,32811,Orange,28.492576,-81.451298,condo,24394.0,Inactive,239000,2025-01-20T00:00:00.000Z,91,3.0,2.0,1405.0,2001.0,12.384223015005313
"4653-Vargas-St,-Orlando,-FL-32811","4653 Vargas St, Orlando, FL 32811",4653 Vargas St,,Orlando,FL,32811,Orange,28.515348,-81.43948,single_family,6713.0,Inactive,375000,2024-04-20T00:00:00.000Z,365,4.0,1.5,1868.0,1972.0,12.834683971615659
"5512-Metrowest-Blvd,-Apt-203,-Orlando,-FL-32811","5512 Metrowest Blvd, Apt 203, Orlando, FL 32811",5512 Metrowest Blvd,Apt 203,Orlando,FL,32811,Orange,28.513066,-81.456417,condo,16553.0,Inactive,239000,2025-03-17T00:00:00.000Z,34,3.0,2.0,1279.0,1999.0,12.384223015005313
"935-Florence-Ave,-Orlando,-FL-32811","935 Florence Ave, Orlando, FL 32811",935 Florence Ave,,Orlando,FL,32811,Orange,28.529943,-81.427943,single_family,54450.0,Inactive,349900,2025-02-20T00:00:00.000Z,58,3.0,2.0,1275.0,1973.0,12.765405536311112
"4749-Marbello-Blvd,-Orlando,-FL-32811","4749 Marbello Blvd, Orlando, FL 32811",4749 Marbello Blvd,,Orlando,FL,32811,Orange,28.512069,-81.441506,single_family,8061.0,Inactive,270000,2025-04-15T00:00:00.000Z,4,4.0,1.5,1344.0,1973.0,12.506180941677357
"4263-Pinebark-Ave,---3,-Orlando,-FL-32811","4263 Pinebark Ave, # 3, Orlando, FL 32811",4263 Pinebark Ave,# 3,Orlando,FL,32811,Orange,28.500168,-81.457065,condo,2564.0,Inactive,184000,2025-01-02T00:00:00.000Z,106,2.0,1.5,909.0,1979.0,12.122696471358964
"5210-Cypress-Creek-Dr,-Orlando,-FL-32811","5210 Cypress Creek Dr, Orlando, FL 32811",5210 Cypress Creek Dr,,Orlando,FL,32811,Orange,28.485958,-81.448715,condo,7786.0,Inactive,245000,2025-03-29T00:00:00.000Z,19,2.0,2.0,1022.0,1971.0,12.409017571151187
"5459-Vineland-Rd,-Apt-4310,-Orlando,-FL-32811","5459 Vineland Rd, Apt 4310, Orlando, FL 32811",5459 Vineland Rd,Apt 4310,Orlando,FL,32811,Orange,28.486664,-81.45165,condo,7035.0,Inactive,195000,2025-02-14T00:00:00.000Z,61,1.0,1.0,734.0,2000.0,12.180759965737863
"2027-La-Due-Ct,-Orlando,-FL-32811","2027 La Due Ct, Orlando, FL 32811",2027 La Due Ct,,Orlando,FL,32811,Orange,28.518022,-81.440413,single_family,10890.0,Inactive,299000,2025-03-20T00:00:00.000Z,27,4.0,1.5,1250.0,1970.0,12.608202196848836
"4324-S-Kirkman-Rd,---1,-Orlando,-FL-32811","4324 S Kirkman Rd, # 1, Orlando, FL 32811",4324 S Kirkman Rd,# 1,Orlando,FL,32811,Orange,28.498498,-81.461751,condo,7670.0,Inactive,175000,2024-12-31T00:00:00.000Z,105,2.0,2.0,996.0,1997.0,12.07254696717504
"4578-Marshall-St,-Orlando,-FL-32811","4578 Marshall St, Orlando, FL 32811",4578 Marshall St,,Orlando,FL,32811,Orange,28.516862,-81.437549,single_family,9688.0,Inactive,259000,2025-03-14T00:00:00.000Z,32,3.0,2.0,1241.0,1968.0,12.464587201678082
"5463-Vineland-Rd,-Apt-5107,-Orlando,-FL-32811","5463 Vineland Rd, Apt 5107, Orlando, FL 32811",5463 Vineland Rd,Apt 5107,Orlando,FL,32811,Orange,28.486206,-81.452178,condo,12632.0,Inactive,245000,2025-02-19T00:00:00.000Z,54,2.0,2.0,1043.0,2000.0,12.409017571151187
"1339-Croyle-Dr,-Orlando,-FL-32811","1339 Croyle Dr, Orlando, FL 32811",1339 Croyle Dr,,Orlando,FL,32811,Orange,28.525215,-81.445508,single_family,7111.0,Inactive,210000,2025-04-08T00:00:00.000Z,6,3.0,1.0,1049.0,1970.0,12.25486757159303
"5160-Conroy-Rd,---26,-Orlando,-FL-32811","5160 Conroy Rd, # 26, Orlando, FL 32811",5160 Conroy Rd,# 26,Orlando,FL,32811,Orange,28.494058,-81.446154,condo,8704.0,Inactive,145000,2025-04-04T00:00:00.000Z,7,1.0,1.0,711.0,1988.0,11.884495917930655
"5128-Conroy-Rd,---28,-Orlando,-FL-32811","5128 Conroy Rd, # 28, Orlando, FL 32811",5128 Conroy Rd,# 28,Orlando,FL,32811,Orange,28.494489,-81.445235,condo,7341.0,Inactive,169999,2024-11-15T00:00:00.000Z,146,2.0,1.0,919.0,1988.0,12.043553716032399
"4544-Cypress-St,-Orlando,-FL-32811","4544 Cypress St, Orlando, FL 32811",4544 Cypress St,,Orlando,FL,32811,Orange,28.531262,-81.437822,single_family,6914.0,Inactive,274900,2025-04-02T00:00:00.000Z,7,3.0,2.0,1224.0,2005.0,12.524166311833152
"4356-S-Kirkman-Rd,-Orlando,-FL-32811","4356 S Kirkman Rd, Orlando, FL 32811",4356 S Kirkman Rd,,Orlando,FL,32811,Orange,28.497196,-81.461754,condo,7670.0,Inactive,210000,2024-10-07T00:00:00.000Z,183,2.0,2.0,1042.0,1997.0,12.25486757159303
"17-Fanfair-Ave,-Orlando,-FL-32811","17 Fanfair Ave, Orlando, FL 32811",17 Fanfair Ave,,Orlando,FL,32811,Orange,28.541303,-81.436768,single_family,10454.0,Inactive,281000,2025-03-01T00:00:00.000Z,38,4.0,2.0,1125.0,1968.0,12.546113507028412
"4220-Solomon-Dr,-Orlando,-FL-32811","4220 Solomon Dr, Orlando, FL 32811",4220 Solomon Dr,,Orlando,FL,32811,Orange,28.514986,-81.430983,single_family,6100.0,Inactive,265000,2025-03-11T00:00:00.000Z,28,5.0,3.0,1575.0,1969.0,12.487488878546145
"2652-Ravenall-Ave,-Orlando,-FL-32811","2652 Ravenall Ave, Orlando, FL 32811",2652 Ravenall Ave,,Orlando,FL,32811,Orange,28.513752,-81.439626,single_family,8860.0,Inactive,220000,2025-03-14T00:00:00.000Z,22,5.0,2.5,3265.0,1972.0,12.301387370778713
"4303-Cassius-St,-Orlando,-FL-32811","4303 Cassius St, Orlando, FL 32811",4303 Cassius St,,Orlando,FL,32811,Orange,28.522291,-81.432497,single_family,7145.0,Inactive,158000,2025-03-26T00:00:00.000Z,10,3.0,2.0,1297.0,1966.0,11.970356641102999
"5164-Conroy-Rd,---22,-Orlando,-FL-32811","5164 Conroy Rd, # 22, Orlando, FL 32811",5164 Conroy Rd,# 22,Orlando,FL,32811,Orange,28.494475,-81.44623,condo,8516.0,Inactive,125000,2025-03-28T00:00:00.000Z,8,2.0,2.0,988.0,1988.0,11.736077016252437
"4658-Kirkland-Blvd,-Orlando,-FL-32811","4658 Kirkland Blvd, Orlando, FL 32811",4658 Kirkland Blvd,,Orlando,FL,32811,Orange,28.516086,-81.439639,single_family,6769.0,Inactive,317000,2025-01-29T00:00:00.000Z,65,4.0,2.0,1252.0,1970.0,12.666660207428574
"4206-Clarinda-St,-Orlando,-FL-32811","4206 Clarinda St, Orlando, FL 32811",4206 Clarinda St,,Orlando,FL,32811,Orange,28.542778,-81.430725,single_family,9715.0,Inactive,265000,2025-02-26T00:00:00.000Z,37,4.0,2.5,1792.0,1969.0,12.487488878546145
"4815-Carter-St,-Orlando,-FL-32811","4815 Carter St, Orlando, FL 32811",4815 Carter St,,Orlando,FL,32811,Orange,28.534557,-81.443365,single_family,6776.0,Inactive,250000,2025-03-05T00:00:00.000Z,30,3.0,2.0,1290.0,1985.0,12.429220196836383
"5512-Metrowest-Blvd,-Apt-110,-Orlando,-FL-32811","5512 Metrowest Blvd, Apt 110, Orlando, FL 32811",5512 Metrowest Blvd,Apt 110,Orlando,FL,32811,Orange,28.513063,-81.456416,condo,16553.0,Inactive,225000,2024-11-17T00:00:00.000Z,137,3.0,2.0,1191.0,1999.0,12.323860125621126
"4045-Shellman-St,-Orlando,-FL-32811","4045 Shellman St, Orlando, FL 32811",4045 Shellman St,,Orlando,FL,32811,Orange,28.52474,-81.427054,single_family,5281.0,Inactive,285900,2025-01-30T00:00:00.000Z,63,3.0,2.0,1064.0,1958.0,12.563400876030764
"313-Mandrake-St,-Orlando,-FL-32811","313 Mandrake St, Orlando, FL 32811",313 Mandrake St,,Orlando,FL,32811,Orange,28.545616,-81.44826,single_family,6251.0,Inactive,399000,2025-03-05T00:00:00.000Z,29,4.0,2.5,1622.0,2025.0,12.896719202134523
"5115-W-Livingston-St,-Orlando,-FL-32811","5115 W Livingston St, Orlando, FL 32811",5115 W Livingston St,,Orlando,FL,32811,Orange,28.546858,-81.450862,single_family,10890.0,Inactive,174900,2025-03-10T00:00:00.000Z,24,3.0,1.0,988.0,1959.0,12.071975378543236
"5210-Cypress-Creek-Dr,---205,-Orlando,-FL-32811","5210 Cypress Creek Dr, # 205, Orlando, FL 32811",5210 Cypress Creek Dr,# 205,Orlando,FL,32811,Orange,28.485958,-81.448715,condo,7786.0,Inactive,245000,2025-03-29T00:00:00.000Z,4,2.0,2.0,999.0,1971.0,12.409017571151187
"4192-Gallimore-St,-Orlando,-FL-32811","4192 Gallimore St, Orlando, FL 32811",4192 Gallimore St,,Orlando,FL,32811,Orange,28.517662,-81.430151,single_family,6534.0,Inactive,280000,2025-03-19T00:00:00.000Z,13,3.0,2.0,1494.0,1963.0,12.54254845357358
"5627-Blue-Shadows-Ct,---3,-Orlando,-FL-32811","5627 Blue Shadows Ct, # 3, Orlando, FL 32811",5627 Blue Shadows Ct,# 3,Orlando,FL,32811,Orange,28.498535,-81.457763,condo,2085.0,Inactive,187000,2024-04-02T00:00:00.000Z,363,2.0,2.0,948.0,1987.0,12.138869243416009
"5493-Pine-Creek-Dr,-Unit-1904A,-Orlando,-FL-32811","5493 Pine Creek Dr, Unit 1904A, Orlando, FL 32811",5493 Pine Creek Dr,Unit 1904A,Orlando,FL,32811,Orange,28.493713,-81.455097,condo,7035.0,Inactive,200000,2024-09-29T00:00:00.000Z,183,2.0,2.0,1141.0,1973.0,12.206077645517674
"4320-S-Kirkman-Rd,-Apt-1514,-Orlando,-FL-32811","4320 S Kirkman Rd, Apt 1514, Orlando, FL 32811",4320 S Kirkman Rd,Apt 1514,Orlando,FL,32811,Orange,28.498925,-81.461531,condo,1042.0,Inactive,235000,2024-11-18T00:00:00.000Z,133,2.0,2.0,1042.0,1997.0,12.367345048436391
"4717-Capri-Pl,---193,-Orlando,-FL-32811","4717 Capri Pl, # 193, Orlando, FL 32811",4717 Capri Pl,# 193,Orlando,FL,32811,Orange,28.495169,-81.440109,condo,5544.0,Inactive,224900,2024-12-05T00:00:00.000Z,116,2.0,2.0,1105.0,1985.0,12.323415584358154
"4340-S-Kirkman-Rd,-Apt-905,-Orlando,-FL-32811","4340 S Kirkman Rd, Apt 905, Orlando, FL 32811",4340 S Kirkman Rd,Apt 905,Orlando,FL,32811,Orange,28.497483,-81.462484,condo,7670.0,Inactive,171000,2024-12-23T00:00:00.000Z,98,2.0,2.0,996.0,1997.0,12.049424683420915
"4401-Marshall-St,-Orlando,-FL-32811","4401 Marshall St, Orlando, FL 32811",4401 Marshall St,,Orlando,FL,32811,Orange,28.517404,-81.434249,single_family,7968.0,Inactive,325900,2024-12-31T00:00:00.000Z,90,4.0,2.0,1489.0,1967.0,12.694348933246843
"4713-Capri-Pl,---190,-Orlando,-FL-32811","4713 Capri Pl, # 190, Orlando, FL 32811",4713 Capri Pl,# 190,Orlando,FL,32811,Orange,28.495169,-81.440109,condo,5544.0,Inactive,205000,2025-02-28T00:00:00.000Z,30,2.0,2.0,860.0,1985.0,12.230770136157428
"4537-Conley-St,-Orlando,-FL-32811","4537 Conley St, Orlando, FL 32811",4537 Conley St,,Orlando,FL,32811,Orange,28.532784,-81.437656,single_family,7012.0,Inactive,359000,2025-03-21T00:00:00.000Z,9,3.0,2.0,1350.0,2025.0,12.791080452981857
"4897-Cypress-Woods-Dr,-Apt-6313,-Orlando,-FL-32811","4897 Cypress Woods Dr, Apt 6313, Orlando, FL 32811",4897 Cypress Woods Dr,Apt 6313,Orlando,FL,32811,Orange,28.492576,-81.451298,condo,1107.0,Inactive,200000,2024-08-10T00:00:00.000Z,231,2.0,2.0,1107.0,2001.0,12.206077645517674
"5263-Cypress-Ct,---713,-Orlando,-FL-32811","5263 Cypress Ct, # 713, Orlando, FL 32811",5263 Cypress Ct,# 713,Orlando,FL,32811,Orange,28.497288,-81.450201,townhouse,2647.0,Inactive,269000,2025-01-27T00:00:00.000Z,61,2.0,2.5,1285.0,1985.0,12.502470376049185
"4897-Cypress-Woods-Dr,-Apt-6107,-Orlando,-FL-32811","4897 Cypress Woods Dr, Apt 6107, Orlando, FL 32811",4897 Cypress Woods Dr,Apt 6107,Orlando,FL,32811,Orange,28.492576,-81.451298,condo,24394.0,Inactive,225000,2024-09-28T00:00:00.000Z,181,2.0,2.0,1186.0,2001.0,12.323860125621126
"4092-Gay-Nell-Ct,-Orlando,-FL-32811","4092 Gay Nell Ct, Orlando, FL 32811",4092 Gay Nell Ct,,Orlando,FL,32811,Orange,28.522672,-81.427996,single_family,12197.0,Inactive,274900,2024-10-02T00:00:00.000Z,177,4.0,1.5,1335.0,1965.0,12.524166311833152
"656-Oakford-Way,-Orlando,-FL-32811","656 Oakford Way, Orlando, FL 32811",656 Oakford Way,,Orlando,FL,32811,Orange,28.532224,-81.454386,single_family,5749.0,Inactive,325000,2025-01-31T00:00:00.000Z,56,3.0,2.0,1208.0,1991.0,12.691583538230217
"5465-Lescot-Ln,-Orlando,-FL-32811","5465 Lescot Ln, Orlando, FL 32811",5465 Lescot Ln,,Orlando,FL,32811,Orange,28.523739,-81.453723,single_family,7699.0,Inactive,249900,2024-12-17T00:00:00.000Z,100,3.0,2.0,1276.0,1973.0,12.428820118415677
"4865-Cypress-Woods-Dr,-Apt-2105,-Orlando,-FL-32811","4865 Cypress Woods Dr, Apt 2105, Orlando, FL 32811",4865 Cypress Woods Dr,Apt 2105,Orlando,FL,32811,Orange,28.494108,-81.451358,condo,16553.0,Inactive,193000,2025-02-27T00:00:00.000Z,28,2.0,2.0,1186.0,2000.0,12.170450649220749
"4439-Pinebark-Ave,-Orlando,-FL-32811","4439 Pinebark Ave, Orlando, FL 32811",4439 Pinebark Ave,,Orlando,FL,32811,Orange,28.498711,-81.456146,multi-family,43560.0,Inactive,1683000,2025-03-02T00:00:00.000Z,25,13.0,,963.0,1983.0,14.336089067349832
"3355-S-Kirkman-Rd,-Apt-1316,-Orlando,-FL-32811","3355 S Kirkman Rd, Apt 1316, Orlando, FL 32811",3355 S Kirkman Rd,Apt 1316,Orlando,FL,32811,Orange,28.506191,-81.457624,condo,7035.0,Inactive,199800,2024-09-09T00:00:00.000Z,198,2.0,2.0,1212.0,1999.0,12.20507715018907
"4242-Raleigh-St,-Orlando,-FL-32811","4242 Raleigh St, Orlando, FL 32811",4242 Raleigh St,,Orlando,FL,32811,Orange,28.527699,-81.431975,single_family,4464.0,Inactive,265000,2025-02-11T00:00:00.000Z,43,3.0,2.0,1003.0,1930.0,12.487488878546145
"4704-Walden-Cir,---21,-Orlando,-FL-32811","4704 Walden Cir, # 21, Orlando, FL 32811",4704 Walden Cir,# 21,Orlando,FL,32811,Orange,28.490642,-81.441408,condo,6348.0,Inactive,175000,2024-12-23T00:00:00.000Z,92,2.0,2.0,1020.0,1988.0,12.07254696717504
"5536-Metrowest-Blvd,-Unit-8-111,-Orlando,-FL-32811","5536 Metrowest Blvd, Unit 8-111, Orlando, FL 32811",5536 Metrowest Blvd,Unit 8-111,Orlando,FL,32811,Orange,28.511856,-81.456002,condo,7035.0,Inactive,212000,2025-02-27T00:00:00.000Z,26,2.0,2.0,1073.0,1999.0,12.264346270624157
"5483-Vineland-Rd,-Apt-10103,-Orlando,-FL-32811","5483 Vineland Rd, Apt 10103, Orlando, FL 32811",5483 Vineland Rd,Apt 10103,Orlando,FL,32811,Orange,28.483724,-81.45118,condo,12632.0,Inactive,235000,2025-03-11T00:00:00.000Z,14,2.0,2.0,1142.0,2000.0,12.367345048436391
"4553-Piedmont-St,-Orlando,-FL-32811","4553 Piedmont St, Orlando, FL 32811",4553 Piedmont St,,Orlando,FL,32811,Orange,28.529952,-81.438126,single_family,7744.0,Inactive,160000,2025-03-14T00:00:00.000Z,11,3.0,2.0,916.0,1953.0,11.982935344196433
"5578-Metrowest-Blvd,---11,-Orlando,-FL-32811","5578 Metrowest Blvd, # 11, Orlando, FL 32811",5578 Metrowest Blvd,# 11,Orlando,FL,32811,Orange,28.512567,-81.458008,condo,17424.0,Inactive,175000,2025-02-14T00:00:00.000Z,38,1.0,1.0,709.0,1999.0,12.07254696717504
"5560-Metrowest-Blvd,---3-204,-Orlando,-FL-32811","5560 Metrowest Blvd, # 3-204, Orlando, FL 32811",5560 Metrowest Blvd,# 3-204,Orlando,FL,32811,Orange,28.511,-81.458344,condo,7035.0,Inactive,174900,2024-06-21T00:00:00.000Z,275,2.0,2.0,1159.0,1999.0,12.071975378543236
"4406-Shadow-Crest-Pl,---4,-Orlando,-FL-32811","4406 Shadow Crest Pl, # 4, Orlando, FL 32811",4406 Shadow Crest Pl,# 4,Orlando,FL,32811,Orange,28.498891,-81.45517,condo,2564.0,Inactive,190000,2024-11-21T00:00:00.000Z,122,2.0,2.0,889.0,1981.0,12.154784614286667
"5265-Letha-St,-Orlando,-FL-32811","5265 Letha St, Orlando, FL 32811",5265 Letha St,,Orlando,FL,32811,Orange,28.524781,-81.449516,single_family,8795.0,Inactive,317900,2025-01-22T00:00:00.000Z,60,4.0,2.0,1273.0,1971.0,12.669495292537231
"5302-Brook-Ct,---212,-Orlando,-FL-32811","5302 Brook Ct, # 212, Orlando, FL 32811",5302 Brook Ct,# 212,Orlando,FL,32811,Orange,28.498665,-81.452213,condo,2589.0,Inactive,225000,2024-09-18T00:00:00.000Z,184,2.0,2.5,1285.0,1985.0,12.323860125621126
"1403-Amaros-Ave,-Orlando,-FL-32811","1403 Amaros Ave, Orlando, FL 32811",1403 Amaros Ave,,Orlando,FL,32811,Orange,28.52489,-81.430053,single_family,7234.0,Inactive,199000,2024-11-25T00:00:00.000Z,115,2.0,1.0,768.0,1962.0,12.201065128819632
"4653-Cason-Cove-Dr,-Apt-2713,-Orlando,-FL-32811","4653 Cason Cove Dr, Apt 2713, Orlando, FL 32811",4653 Cason Cove Dr,Apt 2713,Orlando,FL,32811,Orange,28.499092,-81.439525,condo,7035.0,Inactive,109900,2025-01-14T00:00:00.000Z,65,1.0,1.0,800.0,1988.0,11.60733523953139
"309-Ronnie-Cir,-Orlando,-FL-32811","309 Ronnie Cir, Orlando, FL 32811",309 Ronnie Cir,,Orlando,FL,32811,Orange,28.54532,-81.451107,single_family,9973.0,Inactive,235000,2024-12-07T00:00:00.000Z,102,3.0,1.5,1404.0,1959.0,12.367345048436391
"4320-S-Kirkman-Rd,-Apt-1502,-Orlando,-FL-32811","4320 S Kirkman Rd, Apt 1502, Orlando, FL 32811",4320 S Kirkman Rd,Apt 1502,Orlando,FL,32811,Orange,28.498925,-81.461531,condo,7671.0,Inactive,239900,2025-01-06T00:00:00.000Z,71,3.0,2.0,1245.0,1997.0,12.3879816172226
"4865-Cypress-Woods-Dr,-Apt-2106,-Orlando,-FL-32811","4865 Cypress Woods Dr, Apt 2106, Orlando, FL 32811",4865 Cypress Woods Dr,Apt 2106,Orlando,FL,32811,Orange,28.494108,-81.451358,condo,16553.0,Inactive,225000,2024-07-30T00:00:00.000Z,229,3.0,2.0,1351.0,2000.0,12.323860125621126
"4072-Shellman-St,-Orlando,-FL-32811","4072 Shellman St, Orlando, FL 32811",4072 Shellman St,,Orlando,FL,32811,Orange,28.524295,-81.427599,single_family,5358.0,Inactive,260000,2025-01-29T00:00:00.000Z,45,3.0,1.0,1002.0,1958.0,12.468440756144114
"5316-Burning-Tree-Dr,---A09--2,-Orlando,-FL-32811","5316 Burning Tree Dr, # A09 -2, Orlando, FL 32811",5316 Burning Tree Dr,# A09 -2,Orlando,FL,32811,Orange,28.491657,-81.451965,condo,5348.0,Inactive,150000,2025-03-12T00:00:00.000Z,2,1.0,1.5,905.0,1973.0,11.918397239722838
"42-Argos-Ave,-Orlando,-FL-32811","42 Argos Ave, Orlando, FL 32811",42 Argos Ave,,Orlando,FL,32811,Orange,28.540906,-81.43925,single_family,6812.0,Inactive,339000,2024-11-15T00:00:00.000Z,118,3.0,2.0,1526.0,1968.0,12.733758336210744
"4465-Kirkland-Blvd,-Orlando,-FL-32811","4465 Kirkland Blvd, Orlando, FL 32811",4465 Kirkland Blvd,,Orlando,FL,32811,Orange,28.516582,-81.435597,single_family,7114.0,Inactive,317900,2024-08-24T00:00:00.000Z,200,3.0,2.0,1449.0,1968.0,12.669495292537231
"2105-Messina-Ave,-Orlando,-FL-32811","2105 Messina Ave, Orlando, FL 32811",2105 Messina Ave,,Orlando,FL,32811,Orange,28.517533,-81.441276,single_family,7004.0,Inactive,321899,2024-11-07T00:00:00.000Z,125,4.0,2.0,1324.0,1970.0,12.6819962172869
"5160-Conroy-Rd,-Unit-1426,-Orlando,-FL-32811","5160 Conroy Rd, Unit 1426, Orlando, FL 32811",5160 Conroy Rd,Unit 1426,Orlando,FL,32811,Orange,28.493988,-81.446053,condo,8704.0,Inactive,133000,2024-01-18T00:00:00.000Z,418,1.0,1.0,711.0,1988.0,11.798111925972618
"1666-Gammon-Ln,-Orlando,-FL-32811","1666 Gammon Ln, Orlando, FL 32811",1666 Gammon Ln,,Orlando,FL,32811,Orange,28.522035,-81.43004,single_family,10019.0,Inactive,270000,2024-10-28T00:00:00.000Z,134,3.0,2.5,1368.0,1968.0,12.506180941677357
"4924-College-Dr,-Orlando,-FL-32811","4924 College Dr, Orlando, FL 32811",4924 College Dr,,Orlando,FL,32811,Orange,28.534889,-81.445428,single_family,6738.0,Inactive,274900,2025-01-16T00:00:00.000Z,54,3.0,2.0,1441.0,2024.0,12.524166311833152
"5459-Vineland-Rd,-Apt-4212,-Orlando,-FL-32811","5459 Vineland Rd, Apt 4212, Orlando, FL 32811",5459 Vineland Rd,Apt 4212,Orlando,FL,32811,Orange,28.486664,-81.45165,condo,16553.0,Inactive,224900,2025-01-07T00:00:00.000Z,62,2.0,2.0,1043.0,2000.0,12.323415584358154
"4941-Luna-Negra-Dr,-Orlando,-FL-32811","4941 Luna Negra Dr, Orlando, FL 32811",4941 Luna Negra Dr,,Orlando,FL,32811,Orange,28.533926,-81.445601,single_family,5501.0,Inactive,345000,2025-02-13T00:00:00.000Z,25,3.0,2.0,1152.0,2004.0,12.75130259456002
"4308-S-Kirkman-Rd,-Apt-1707,-Orlando,-FL-32811","4308 S Kirkman Rd, Apt 1707, Orlando, FL 32811",4308 S Kirkman Rd,Apt 1707,Orlando,FL,32811,Orange,28.499052,-81.460426,condo,7671.0,Inactive,179000,2024-12-15T00:00:00.000Z,84,2.0,2.0,996.0,1997.0,12.095146671399466
"4827-Lanette-St,-Orlando,-FL-32811","4827 Lanette St, Orlando, FL 32811",4827 Lanette St,,Orlando,FL,32811,Orange,28.527548,-81.444078,single_family,6804.0,Inactive,150000,2024-09-18T00:00:00.000Z,171,3.0,1.5,960.0,1970.0,11.918397239722838
"5433-Lescot-Ln,-Orlando,-FL-32811","5433 Lescot Ln, Orlando, FL 32811",5433 Lescot Ln,,Orlando,FL,32811,Orange,28.523745,-81.4531,single_family,7698.0,Inactive,30000,2025-03-01T00:00:00.000Z,7,4.0,2.0,1176.0,1973.0,10.308985993422082
"5243-Lanette-St,-Orlando,-FL-32811","5243 Lanette St, Orlando, FL 32811",5243 Lanette St,,Orlando,FL,32811,Orange,28.525911,-81.449582,single_family,7145.0,Inactive,210000,2024-12-19T00:00:00.000Z,77,4.0,2.0,1234.0,1971.0,12.25486757159303
"118-Mandrake-St,-Orlando,-FL-32811","118 Mandrake St, Orlando, FL 32811",118 Mandrake St,,Orlando,FL,32811,Orange,28.544206,-81.448798,single_family,5001.0,Inactive,259950,2025-01-19T00:00:00.000Z,46,3.0,1.0,1057.0,2006.0,12.468248430698097
"5218-Lescot-Ln,-Orlando,-FL-32811","5218 Lescot Ln, Orlando, FL 32811",5218 Lescot Ln,,Orlando,FL,32811,Orange,28.523526,-81.448676,single_family,10019.0,Inactive,339500,2025-01-31T00:00:00.000Z,34,4.0,2.0,1950.0,1971.0,12.73523217148465
"4976-Creekside-Park-Ave,-Orlando,-FL-32811","4976 Creekside Park Ave, Orlando, FL 32811",4976 Creekside Park Ave,,Orlando,FL,32811,Orange,28.487988,-81.448461,single_family,5275.0,Inactive,550000,2025-02-07T00:00:00.000Z,26,4.0,2.0,1869.0,2012.0,13.217675375388819
"4270-Solomon-Dr,-Orlando,-FL-32811","4270 Solomon Dr, Orlando, FL 32811",4270 Solomon Dr,,Orlando,FL,32811,Orange,28.514976,-81.432003,single_family,6600.0,Inactive,243000,2025-02-16T00:00:00.000Z,17,3.0,1.0,875.0,1969.0,12.400820837540556
"5401-Elm-Ct,---303,-Orlando,-FL-32811","5401 Elm Ct, # 303, Orlando, FL 32811",5401 Elm Ct,# 303,Orlando,FL,32811,Orange,28.498231,-81.452964,condo,2589.0,Inactive,229900,2025-02-25T00:00:00.000Z,8,2.0,2.5,1285.0,1985.0,12.345404060459082
"3367-S-Kirkman-Rd,-Apt-1116,-Orlando,-FL-32811","3367 S Kirkman Rd, Apt 1116, Orlando, FL 32811",3367 S Kirkman Rd,Apt 1116,Orlando,FL,32811,Orange,28.505818,-81.457606,condo,7035.0,Inactive,198000,2025-01-14T00:00:00.000Z,49,2.0,1.0,1077.0,1999.0,12.19602736016897
"4445-America-St,-Orlando,-FL-32811","4445 America St, Orlando, FL 32811",4445 America St,,Orlando,FL,32811,Orange,28.53372,-81.435907,single_family,6903.0,Inactive,365000,2024-08-23T00:00:00.000Z,192,3.0,2.0,1521.0,2024.0,12.807655372286902
"4897-Cypress-Woods-Dr,-Apt-6201,-Orlando,-FL-32811","4897 Cypress Woods Dr, Apt 6201, Orlando, FL 32811",4897 Cypress Woods Dr,Apt 6201,Orlando,FL,32811,Orange,28.492576,-81.451298,condo,24394.0,Inactive,225000,2023-11-10T00:00:00.000Z,478,3.0,2.0,1405.0,2001.0,12.323860125621126
"4740-Walden-Cir,---28,-Orlando,-FL-32811","4740 Walden Cir, # 28, Orlando, FL 32811",4740 Walden Cir,# 28,Orlando,FL,32811,Orange,28.48984,-81.443302,condo,6799.0,Inactive,220000,2024-11-14T00:00:00.000Z,107,2.0,2.0,956.0,1988.0,12.301387370778713
"4979-Luna-Negra-Dr,-Orlando,-FL-32811","4979 Luna Negra Dr, Orlando, FL 32811",4979 Luna Negra Dr,,Orlando,FL,32811,Orange,28.533917,-81.446068,single_family,5499.0,Inactive,368000,2024-09-06T00:00:00.000Z,175,3.0,2.0,1152.0,2004.0,12.81584093453868
"5160-Conroy-Rd,-Unit-1417,-Orlando,-FL-32811","5160 Conroy Rd, Unit 1417, Orlando, FL 32811",5160 Conroy Rd,Unit 1417,Orlando,FL,32811,Orange,28.493955,-81.446024,condo,7035.0,Inactive,192000,2024-11-21T00:00:00.000Z,99,2.0,2.0,988.0,1988.0,12.165255859329688
"4314-Prince-Hall-Blvd,-Orlando,-FL-32811","4314 Prince Hall Blvd, Orlando, FL 32811",4314 Prince Hall Blvd,,Orlando,FL,32811,Orange,28.513479,-81.432294,single_family,6655.0,Inactive,459990,2024-12-27T00:00:00.000Z,63,4.0,3.0,1912.0,1968.0,13.038962203056485
"5453-Wood-Crossing-St,-Orlando,-FL-32811","5453 Wood Crossing St, Orlando, FL 32811",5453 Wood Crossing St,,Orlando,FL,32811,Orange,28.533225,-81.453569,single_family,3798.0,Inactive,285000,2025-01-15T00:00:00.000Z,43,3.0,2.0,1368.0,2000.0,12.560247968016562
"4363-Cassius-St,-Orlando,-FL-32811","4363 Cassius St, Orlando, FL 32811",4363 Cassius St,,Orlando,FL,32811,Orange,28.522239,-81.433736,single_family,6610.0,Inactive,259900,2025-02-18T00:00:00.000Z,9,3.0,2.0,1074.0,1965.0,12.468056068255885
"5108-Conroy-Rd,-Unit-1713,-Orlando,-FL-32811","5108 Conroy Rd, Unit 1713, Orlando, FL 32811",5108 Conroy Rd,Unit 1713,Orlando,FL,32811,Orange,28.495517,-81.447478,condo,7571.0,Inactive,160000,2024-08-13T00:00:00.000Z,197,1.0,1.0,597.0,1988.0,11.982935344196433
"4464-Middlebrook-Rd,---4,-Orlando,-FL-32811","4464 Middlebrook Rd, # 4, Orlando, FL 32811",4464 Middlebrook Rd,# 4,Orlando,FL,32811,Orange,28.497445,-81.453778,condo,7035.0,Inactive,201000,2025-02-11T00:00:00.000Z,14,2.0,2.0,1214.0,1984.0,12.211065162153215
"5560-Metrowest-Blvd,-Apt-304,-Orlando,-FL-32811","5560 Metrowest Blvd, Apt 304, Orlando, FL 32811",5560 Metrowest Blvd,Apt 304,Orlando,FL,32811,Orange,28.511,-81.458344,condo,13939.0,Inactive,169000,2025-02-17T00:00:00.000Z,8,2.0,2.0,1159.0,1999.0,12.037659911047468
"4900-Elese-St,-Orlando,-FL-32811","4900 Elese St, Orlando, FL 32811",4900 Elese St,,Orlando,FL,32811,Orange,28.526357,-81.444896,single_family,7041.0,Inactive,269900,2025-02-17T00:00:00.000Z,8,4.0,1.5,1104.0,1970.0,12.505810504075185
"4332-S-Kirkman-Rd,---1,-Orlando,-FL-32811","4332 S Kirkman Rd, # 1, Orlando, FL 32811",4332 S Kirkman Rd,# 1,Orlando,FL,32811,Orange,28.497985,-81.462125,condo,7671.0,Inactive,189900,2025-01-15T00:00:00.000Z,40,2.0,2.0,996.0,1997.0,12.15425816271595
"4905-Maple-Park-St,-Orlando,-FL-32811","4905 Maple Park St, Orlando, FL 32811",4905 Maple Park St,,Orlando,FL,32811,Orange,28.48958,-81.447121,single_family,5947.0,Inactive,570000,2025-02-14T00:00:00.000Z,9,4.0,2.5,2224.0,2013.0,13.25339339419516
"5080-Longmeadow-Park-St,-Orlando,-FL-32811","5080 Longmeadow Park St, Orlando, FL 32811",5080 Longmeadow Park St,,Orlando,FL,32811,Orange,28.490885,-81.447183,single_family,6018.0,Inactive,670000,2025-02-14T00:00:00.000Z,9,5.0,3.5,2983.0,2015.0,13.415034483903348
"5235-Botany-Ct,-Orlando,-FL-32811","5235 Botany Ct, Orlando, FL 32811",5235 Botany Ct,,Orlando,FL,32811,Orange,28.527487,-81.450045,single_family,7692.0,Inactive,320000,2024-11-19T00:00:00.000Z,95,5.0,2.0,1806.0,1972.0,12.676079399771027
"4482-Brooke-St,-Orlando,-FL-32811","4482 Brooke St, Orlando, FL 32811",4482 Brooke St,,Orlando,FL,32811,Orange,28.517635,-81.436191,single_family,6801.0,Inactive,277900,2025-02-13T00:00:00.000Z,9,3.0,2.0,1206.0,1967.0,12.535020214140818
"5164-Conroy-Rd,-Unit-1514,-Orlando,-FL-32811","5164 Conroy Rd, Unit 1514, Orlando, FL 32811",5164 Conroy Rd,Unit 1514,Orlando,FL,32811,Orange,28.494356,-81.446166,condo,8516.0,Inactive,129900,2024-07-22T00:00:00.000Z,213,1.0,1.0,711.0,1988.0,11.774527900858468
"4054-Columbia-St,-Orlando,-FL-32811","4054 Columbia St, Orlando, FL 32811",4054 Columbia St,,Orlando,FL,32811,Orange,28.526674,-81.427278,single_family,9523.0,Inactive,150000,2025-02-03T00:00:00.000Z,16,2.0,1.0,986.0,1948.0,11.918397239722838
"4290-Minoso-St,-Orlando,-FL-32811","4290 Minoso St, Orlando, FL 32811",4290 Minoso St,,Orlando,FL,32811,Orange,28.525786,-81.432054,single_family,13939.0,Inactive,320000,2025-02-06T00:00:00.000Z,11,3.0,1.0,1092.0,1950.0,12.676079399771027
"5303-Vineland-Rd,---205,-Orlando,-FL-32811","5303 Vineland Rd, # 205, Orlando, FL 32811",5303 Vineland Rd,# 205,Orlando,FL,32811,Orange,28.483684,-81.447116,condo,9190.0,Inactive,214500,2024-11-05T00:00:00.000Z,103,2.0,2.0,1048.0,1985.0,12.276069679344003
"5148-Conroy-Rd,---34,-Orlando,-FL-32811","5148 Conroy Rd, # 34, Orlando, FL 32811",5148 Conroy Rd,# 34,Orlando,FL,32811,Orange,28.493147,-81.445913,condo,8509.0,Inactive,150000,2024-11-07T00:00:00.000Z,99,1.0,1.0,711.0,1988.0,11.918397239722838
"5116-Conroy-Rd,---23,-Orlando,-FL-32811","5116 Conroy Rd, # 23, Orlando, FL 32811",5116 Conroy Rd,# 23,Orlando,FL,32811,Orange,28.495482,-81.446689,multi-family,8429.0,Inactive,635000,2024-11-07T00:00:00.000Z,99,5.0,5.0,711.0,1988.0,13.361381852676738
"4615-Cason-Cove-Dr,-Apt-823,-Orlando,-FL-32811","4615 Cason Cove Dr, Apt 823, Orlando, FL 32811",4615 Cason Cove Dr,Apt 823,Orlando,FL,32811,Orange,28.496939,-81.436584,condo,5991.0,Inactive,129900,2025-01-04T00:00:00.000Z,41,1.0,1.0,600.0,1988.0,11.774527900858468
"4763-Creekside-Park-Ave,-Orlando,-FL-32811","4763 Creekside Park Ave, Orlando, FL 32811",4763 Creekside Park Ave,,Orlando,FL,32811,Orange,28.489716,-81.449646,single_family,3682.0,Inactive,475000,2024-11-14T00:00:00.000Z,91,3.0,2.5,1760.0,2014.0,13.07107218827772
"4709-Capri-Pl,---189,-Orlando,-FL-32811","4709 Capri Pl, # 189, Orlando, FL 32811",4709 Capri Pl,# 189,Orlando,FL,32811,Orange,28.495169,-81.440109,condo,5544.0,Inactive,220000,2025-01-15T00:00:00.000Z,29,2.0,2.0,1105.0,1985.0,12.301387370778713
"4828-Marks-Ter,---389,-Orlando,-FL-32811","4828 Marks Ter, # 389, Orlando, FL 32811",4828 Marks Ter,# 389,Orlando,FL,32811,Orange,28.496733,-81.443443,townhouse,7035.0,Inactive,249000,2025-02-04T00:00:00.000Z,9,2.0,2.0,1072.0,1984.0,12.425212191503038
"4816-Normandy-Pl,---106,-Orlando,-FL-32811","4816 Normandy Pl, # 106, Orlando, FL 32811",4816 Normandy Pl,# 106,Orlando,FL,32811,Orange,28.495819,-81.443137,condo,7753.0,Inactive,215000,2024-09-05T00:00:00.000Z,160,3.0,2.0,1263.0,1989.0,12.278397958261774
"5120-Conroy-Rd,-Unit-32,-Orlando,-FL-32811","5120 Conroy Rd, Unit 32, Orlando, FL 32811",5120 Conroy Rd,Unit 32,Orlando,FL,32811,Orange,28.495159,-81.446218,condo,8978.0,Inactive,177900,2024-11-03T00:00:00.000Z,101,2.0,2.0,988.0,1988.0,12.088982494773598
"19-N-Van-Buren-Ave,-Orlando,-FL-32811","19 N Van Buren Ave, Orlando, FL 32811",19 N Van Buren Ave,,Orlando,FL,32811,Orange,28.542356,-81.457062,single_family,18295.0,Inactive,245000,2025-02-11T00:00:00.000Z,1,2.0,1.0,625.0,1951.0,12.409017571151187
"4352-S-Kirkman-Rd,-Apt-1204,-Orlando,-FL-32811","4352 S Kirkman Rd, Apt 1204, Orlando, FL 32811",4352 S Kirkman Rd,Apt 1204,Orlando,FL,32811,Orange,28.497994,-81.461335,condo,9965.0,Inactive,218500,2024-08-02T00:00:00.000Z,193,2.0,2.0,1042.0,1997.0,12.294545870166347
"4677-Pembrook-Pl,---202,-Orlando,-FL-32811","4677 Pembrook Pl, # 202, Orlando, FL 32811",4677 Pembrook Pl,# 202,Orlando,FL,32811,Orange,28.494347,-81.440926,condo,5451.0,Inactive,184500,2024-07-25T00:00:00.000Z,200,2.0,2.0,1080.0,1990.0,12.12541016250223
"4833-Cypress-Woods-Dr,-Apt-4106,-Orlando,-FL-32811","4833 Cypress Woods Dr, Apt 4106, Orlando, FL 32811",4833 Cypress Woods Dr,Apt 4106,Orlando,FL,32811,Orange,28.492896,-81.45161,condo,24394.0,Inactive,233000,2024-05-12T00:00:00.000Z,273,3.0,2.0,1351.0,2001.0,12.358798024384122
"5152-Conroy-Rd,---28,-Orlando,-FL-32811","5152 Conroy Rd, # 28, Orlando, FL 32811",5152 Conroy Rd,# 28,Orlando,FL,32811,Orange,28.493566,-81.445987,condo,6711.0,Inactive,159000,2024-06-24T00:00:00.000Z,229,2.0,1.0,919.0,1988.0,11.976665770490767
"3349-S-Kirkman-Rd,-Apt-1528,-Orlando,-FL-32811","3349 S Kirkman Rd, Apt 1528, Orlando, FL 32811",3349 S Kirkman Rd,Apt 1528,Orlando,FL,32811,Orange,28.50673,-81.457616,condo,14810.0,Inactive,265000,2025-01-02T00:00:00.000Z,37,3.0,2.0,1327.0,1999.0,12.487488878546145
"3325-S-Kirkman-Rd,-Apt-421,-Orlando,-FL-32811","3325 S Kirkman Rd, Apt 421, Orlando, FL 32811",3325 S Kirkman Rd,Apt 421,Orlando,FL,32811,Orange,28.508027,-81.457131,condo,12632.0,Inactive,190000,2024-12-11T00:00:00.000Z,58,2.0,2.0,1129.0,1999.0,12.154784614286667
"5049-Elese-St,-Orlando,-FL-32811","5049 Elese St, Orlando, FL 32811",5049 Elese St,,Orlando,FL,32811,Orange,28.526814,-81.446413,single_family,8830.0,Inactive,280000,2024-12-28T00:00:00.000Z,41,4.0,2.0,1176.0,1970.0,12.54254845357358
"4865-Cypress-Woods-Dr,-Apt-2206,-Orlando,-FL-32811","4865 Cypress Woods Dr, Apt 2206, Orlando, FL 32811",4865 Cypress Woods Dr,Apt 2206,Orlando,FL,32811,Orange,28.494108,-81.451358,condo,16553.0,Inactive,220000,2025-02-03T00:00:00.000Z,4,3.0,2.0,1351.0,2000.0,12.301387370778713
"5572-Metrowest-Blvd,-Apt-305,-Orlando,-FL-32811","5572 Metrowest Blvd, Apt 305, Orlando, FL 32811",5572 Metrowest Blvd,Apt 305,Orlando,FL,32811,Orange,28.511785,-81.45732,condo,18295.0,Inactive,165000,2024-08-03T00:00:00.000Z,186,2.0,1.0,1093.0,1999.0,12.013706813470414
"5345-Timberleaf-Blvd,-Orlando,-FL-32811","5345 Timberleaf Blvd, Orlando, FL 32811",5345 Timberleaf Blvd,,Orlando,FL,32811,Orange,28.532488,-81.452218,single_family,5991.0,Inactive,280900,2025-01-03T00:00:00.000Z,31,3.0,2.0,1208.0,1991.0,12.545757573071759
"5526-W-Central-Ave,-Orlando,-FL-32811","5526 W Central Ave, Orlando, FL 32811",5526 W Central Ave,,Orlando,FL,32811,Orange,28.541105,-81.456862,single_family,6623.0,Inactive,310000,2024-07-18T00:00:00.000Z,199,3.0,2.0,1143.0,2002.0,12.644330802262578
"4660-Carter-St,-Orlando,-FL-32811","4660 Carter St, Orlando, FL 32811",4660 Carter St,,Orlando,FL,32811,Orange,28.534055,-81.440418,single_family,6776.0,Inactive,289000,2025-01-28T00:00:00.000Z,5,2.0,2.0,1033.0,2017.0,12.574185427296195
"5309-Burning-Tree-Dr,---E,-Orlando,-FL-32811","5309 Burning Tree Dr, # E, Orlando, FL 32811",5309 Burning Tree Dr,# E,Orlando,FL,32811,Orange,28.491863,-81.452375,condo,5314.0,Inactive,213000,2024-08-11T00:00:00.000Z,174,2.0,2.5,1293.0,1973.0,12.269052139516223
"5144-Conroy-Rd,-Unit-1018,-Orlando,-FL-32811","5144 Conroy Rd, Unit 1018, Orlando, FL 32811",5144 Conroy Rd,Unit 1018,Orlando,FL,32811,Orange,28.493518,-81.445109,condo,10019.0,Inactive,225000,2024-09-19T00:00:00.000Z,135,3.0,2.0,1237.0,1988.0,12.323860125621126
"5225-Creekside-Park-Ave,-Orlando,-FL-32811","5225 Creekside Park Ave, Orlando, FL 32811",5225 Creekside Park Ave,,Orlando,FL,32811,Orange,28.485771,-81.446129,single_family,4455.0,Inactive,539000,2024-10-03T00:00:00.000Z,120,4.0,2.5,2383.0,2012.0,13.197472705176983
"5476-Pine-Creek-Dr,-Unit-2008,-Orlando,-FL-32811","5476 Pine Creek Dr, Unit 2008, Orlando, FL 32811",5476 Pine Creek Dr,Unit 2008,Orlando,FL,32811,Orange,28.493293,-81.455233,condo,5531.0,Inactive,171900,2024-11-19T00:00:00.000Z,73,2.0,2.0,1141.0,1981.0,12.05467400868968
"5476-Pine-Creek-Dr,---2008,-Orlando,-FL-32811","5476 Pine Creek Dr, # 2008, Orlando, FL 32811",5476 Pine Creek Dr,# 2008,Orlando,FL,32811,Orange,28.493293,-81.455233,condo,5531.0,Inactive,171900,2024-11-19T00:00:00.000Z,73,2.0,2.0,1141.0,1981.0,12.05467400868968
"5500-Metrowest-Blvd,---10,-Orlando,-FL-32811","5500 Metrowest Blvd, # 10, Orlando, FL 32811",5500 Metrowest Blvd,# 10,Orlando,FL,32811,Orange,28.513006,-81.457517,condo,17424.0,Inactive,239990,2025-01-07T00:00:00.000Z,24,3.0,2.0,1362.0,1999.0,12.388356701620985
"1058-Florida-Holly-Dr,-Orlando,-FL-32811","1058 Florida Holly Dr, Orlando, FL 32811",1058 Florida Holly Dr,,Orlando,FL,32811,Orange,28.528265,-81.45089,single_family,3841.0,Inactive,317000,2025-01-17T00:00:00.000Z,14,3.0,2.0,1007.0,1990.0,12.666660207428574
"48-Dorcas-Ct,-Orlando,-FL-32811","48 Dorcas Ct, Orlando, FL 32811",48 Dorcas Ct,,Orlando,FL,32811,Orange,28.540733,-81.440089,single_family,6818.0,Inactive,249900,2024-06-18T00:00:00.000Z,226,3.0,1.0,942.0,1968.0,12.428820118415677
"3074-Messina-Ave,-Orlando,-FL-32811","3074 Messina Ave, Orlando, FL 32811",3074 Messina Ave,,Orlando,FL,32811,Orange,28.510626,-81.441912,single_family,6614.0,Inactive,320000,2025-01-18T00:00:00.000Z,11,4.0,3.0,1419.0,1974.0,12.676079399771027
"5160-Conroy-Rd,---14,-Orlando,-FL-32811","5160 Conroy Rd, # 14, Orlando, FL 32811",5160 Conroy Rd,# 14,Orlando,FL,32811,Orange,28.494058,-81.446154,condo,8704.0,Inactive,165000,2025-01-19T00:00:00.000Z,10,1.0,1.0,711.0,1988.0,12.013706813470414
"25-S-Mckinley-Ave,-Orlando,-FL-32811","25 S Mckinley Ave, Orlando, FL 32811",25 S Mckinley Ave,,Orlando,FL,32811,Orange,28.540552,-81.454984,land,5986.0,Inactive,95000,2024-07-22T00:00:00.000Z,190,1.0,1.0,1265.0,1936.0,11.461642696843066
"4852-Normandy-Pl,---101,-Orlando,-FL-32811","4852 Normandy Pl, # 101, Orlando, FL 32811",4852 Normandy Pl,# 101,Orlando,FL,32811,Orange,28.496052,-81.443619,condo,57935.0,Inactive,240000,2025-01-16T00:00:00.000Z,11,3.0,2.0,1263.0,1988.0,12.388398368982115
"5181-Vista-Lago-Dr,-Orlando,-FL-32811","5181 Vista Lago Dr, Orlando, FL 32811",5181 Vista Lago Dr,,Orlando,FL,32811,Orange,28.531541,-81.449432,single_family,7585.0,Inactive,350000,2025-01-17T00:00:00.000Z,8,4.0,2.5,1392.0,2002.0,12.765691290604371
"4434-Brooke-St,-Orlando,-FL-32811","4434 Brooke St, Orlando, FL 32811",4434 Brooke St,,Orlando,FL,32811,Orange,28.517647,-81.43491,single_family,6801.0,Inactive,299900,2024-03-11T00:00:00.000Z,318,4.0,1.0,1528.0,1967.0,12.611207699176356
"4343-Cassius-St,-Orlando,-FL-32811","4343 Cassius St, Orlando, FL 32811",4343 Cassius St,,Orlando,FL,32811,Orange,28.522244,-81.433327,single_family,6619.0,Inactive,290000,2024-11-12T00:00:00.000Z,72,4.0,2.0,2200.0,1965.0,12.577639650232573
"4605-Cason-Cove-Dr,-Apt-121,-Orlando,-FL-32811","4605 Cason Cove Dr, Apt 121, Orlando, FL 32811",4605 Cason Cove Dr,Apt 121,Orlando,FL,32811,Orange,28.496933,-81.437661,condo,8448.0,Inactive,132900,2025-01-08T00:00:00.000Z,15,1.0,1.0,800.0,1988.0,11.797359769127505
"5388-Elm-Ct,---359,-Orlando,-FL-32811","5388 Elm Ct, # 359, Orlando, FL 32811",5388 Elm Ct,# 359,Orlando,FL,32811,Orange,28.497514,-81.452907,condo,2635.0,Inactive,238000,2024-10-05T00:00:00.000Z,109,2.0,2.5,1285.0,1985.0,12.380030154325457
"4405-Barley-St,-Orlando,-FL-32811","4405 Barley St, Orlando, FL 32811",4405 Barley St,,Orlando,FL,32811,Orange,28.540594,-81.43472,single_family,13068.0,Inactive,210000,2025-01-13T00:00:00.000Z,9,4.0,2.0,1068.0,1959.0,12.25486757159303
"1307-Kozart-St,-Orlando,-FL-32811","1307 Kozart St, Orlando, FL 32811",1307 Kozart St,,Orlando,FL,32811,Orange,28.525924,-81.440219,single_family,9636.0,Inactive,275000,2024-12-13T00:00:00.000Z,39,4.0,2.0,1356.0,1969.0,12.524530013005734
"5512-Metrowest-Blvd,---11,-Orlando,-FL-32811","5512 Metrowest Blvd, # 11, Orlando, FL 32811",5512 Metrowest Blvd,# 11,Orlando,FL,32811,Orange,28.513068,-81.456417,condo,16553.0,Inactive,249950,2024-11-17T00:00:00.000Z,64,3.0,2.0,1191.0,1999.0,12.429020177633873
"4249-Pinebark-Ave,---1,-Orlando,-FL-32811","4249 Pinebark Ave, # 1, Orlando, FL 32811",4249 Pinebark Ave,# 1,Orlando,FL,32811,Orange,28.500354,-81.457064,condo,2564.0,Inactive,195000,2024-11-07T00:00:00.000Z,73,2.0,2.0,816.0,1979.0,12.180759965737863
"4654-Alhama-St,-Orlando,-FL-32811","4654 Alhama St, Orlando, FL 32811",4654 Alhama St,,Orlando,FL,32811,Orange,28.510123,-81.440061,single_family,6614.0,Inactive,275000,2024-10-03T00:00:00.000Z,107,3.0,3.0,999.0,1974.0,12.524530013005734
"5479-Vineland-Rd,-Apt-9201,-Orlando,-FL-32811","5479 Vineland Rd, Apt 9201, Orlando, FL 32811",5479 Vineland Rd,Apt 9201,Orlando,FL,32811,Orange,28.48392,-81.451696,condo,16553.0,Inactive,235000,2024-11-21T00:00:00.000Z,58,2.0,2.0,1004.0,2000.0,12.367345048436391
"5392-Elm-Ct,---363,-Orlando,-FL-32811","5392 Elm Ct, # 363, Orlando, FL 32811",5392 Elm Ct,# 363,Orlando,FL,32811,Orange,28.497791,-81.452969,condo,2556.0,Inactive,234900,2025-01-14T00:00:00.000Z,4,2.0,2.5,1285.0,1985.0,12.366919427768636
"4472-Banneka-St,-Orlando,-FL-32811","4472 Banneka St, Orlando, FL 32811",4472 Banneka St,,Orlando,FL,32811,Orange,28.519808,-81.436136,single_family,6600.0,Inactive,269900,2024-10-23T00:00:00.000Z,86,3.0,1.5,1155.0,1967.0,12.505810504075185
"5364-Bamboo-Ct,---481,-Orlando,-FL-32811","5364 Bamboo Ct, # 481, Orlando, FL 32811",5364 Bamboo Ct,# 481,Orlando,FL,32811,Orange,28.496115,-81.452259,condo,2667.0,Inactive,219000,2024-11-08T00:00:00.000Z,70,2.0,2.5,1285.0,1986.0,12.296831574998258
"1465-Poppy-Ave,-Orlando,-FL-32811","1465 Poppy Ave, Orlando, FL 32811",1465 Poppy Ave,,Orlando,FL,32811,Orange,28.524502,-81.450758,single_family,7708.0,Inactive,235000,2025-01-04T00:00:00.000Z,13,4.0,2.0,1482.0,1972.0,12.367345048436391
"5128-Conroy-Rd,---16,-Orlando,-FL-32811","5128 Conroy Rd, # 16, Orlando, FL 32811",5128 Conroy Rd,# 16,Orlando,FL,32811,Orange,28.494489,-81.445235,condo,7341.0,Inactive,149500,2024-07-24T00:00:00.000Z,176,1.0,1.0,597.0,1988.0,11.915058360753719
"4510-Banneka-St,-Orlando,-FL-32811","4510 Banneka St, Orlando, FL 32811",4510 Banneka St,,Orlando,FL,32811,Orange,28.519802,-81.436752,single_family,6600.0,Inactive,259000,2024-11-06T00:00:00.000Z,71,3.0,1.5,1035.0,1967.0,12.464587201678082
"5572-Metrowest-Blvd,-Apt-203,-Orlando,-FL-32811","5572 Metrowest Blvd, Apt 203, Orlando, FL 32811",5572 Metrowest Blvd,Apt 203,Orlando,FL,32811,Orange,28.511778,-81.457329,condo,18295.0,Inactive,205000,2024-11-26T00:00:00.000Z,51,2.0,2.0,1126.0,1999.0,12.230770136157428
"631-Grandiflora-Dr,-Orlando,-FL-32811","631 Grandiflora Dr, Orlando, FL 32811",631 Grandiflora Dr,,Orlando,FL,32811,Orange,28.533304,-81.451281,single_family,4756.0,Inactive,325000,2024-08-26T00:00:00.000Z,142,3.0,2.0,1396.0,1998.0,12.691583538230217
"5440-Wood-Crossing-St,-Orlando,-FL-32811","5440 Wood Crossing St, Orlando, FL 32811",5440 Wood Crossing St,,Orlando,FL,32811,Orange,28.532891,-81.45344,single_family,3999.0,Inactive,285000,2024-08-08T00:00:00.000Z,159,3.0,2.0,1016.0,2000.0,12.560247968016562
"5128-Conroy-Rd,---25,-Orlando,-FL-32811","5128 Conroy Rd, # 25, Orlando, FL 32811",5128 Conroy Rd,# 25,Orlando,FL,32811,Orange,28.494489,-81.445235,condo,7341.0,Inactive,162500,2024-11-05T00:00:00.000Z,70,1.0,1.0,597.0,1988.0,11.998439434579149
"4838-Southlawn-Ave,-Orlando,-FL-32811","4838 Southlawn Ave, Orlando, FL 32811",4838 Southlawn Ave,,Orlando,FL,32811,Orange,28.489183,-81.45006,single_family,5252.0,Inactive,500000,2025-01-07T00:00:00.000Z,7,3.0,2.0,1775.0,2014.0,13.122365377402328
"4607-Cason-Cove-Dr,-Apt-415,-Orlando,-FL-32811","4607 Cason Cove Dr, Apt 415, Orlando, FL 32811",4607 Cason Cove Dr,Apt 415,Orlando,FL,32811,Orange,28.496577,-81.438083,condo,7035.0,Inactive,129997,2024-09-21T00:00:00.000Z,114,1.0,1.0,700.0,1988.0,11.775274344703991
"4712-Pleasant-Valley-Ct,-Orlando,-FL-32811","4712 Pleasant Valley Ct, Orlando, FL 32811",4712 Pleasant Valley Ct,,Orlando,FL,32811,Orange,28.531044,-81.441358,single_family,7169.0,Inactive,289900,2024-12-04T00:00:00.000Z,38,3.0,2.0,1200.0,1973.0,12.57729476436913
"4312-S-Kirkman-Rd,-Apt-1410,-Orlando,-FL-32811","4312 S Kirkman Rd, Apt 1410, Orlando, FL 32811",4312 S Kirkman Rd,Apt 1410,Orlando,FL,32811,Orange,28.498485,-81.46081,condo,7671.0,Inactive,214000,2024-09-07T00:00:00.000Z,125,2.0,2.0,1042.0,1997.0,12.273735966890268
"5073-Dove-Tree-St,-Orlando,-FL-32811","5073 Dove Tree St, Orlando, FL 32811",5073 Dove Tree St,,Orlando,FL,32811,Orange,28.492479,-81.448207,single_family,5349.0,Inactive,530000,2025-01-06T00:00:00.000Z,2,3.0,2.0,1758.0,2015.0,13.180634172318978
"406-Fred-St,-Orlando,-FL-32811","406 Fred St, Orlando, FL 32811",406 Fred St,,Orlando,FL,32811,Orange,28.547106,-81.450708,single_family,6386.0,Inactive,278000,2024-12-13T00:00:00.000Z,25,3.0,2.0,1248.0,2001.0,12.535379989788607
"1025-Clovercrest-Rd,-Orlando,-FL-32811","1025 Clovercrest Rd, Orlando, FL 32811",1025 Clovercrest Rd,,Orlando,FL,32811,Orange,28.528543,-81.451169,single_family,3716.0,Inactive,249999,2024-12-26T00:00:00.000Z,12,3.0,2.0,1050.0,1990.0,12.429216196844383
"4101-Columbia-St,-Orlando,-FL-32811","4101 Columbia St, Orlando, FL 32811",4101 Columbia St,,Orlando,FL,32811,Orange,28.52728,-81.428337,multi-family,6678.0,Inactive,685000,2024-10-10T00:00:00.000Z,88,7.0,5.0,2660.0,1948.0,13.437175577097312
"4858-Millennia-Park-Dr,-Orlando,-FL-32811","4858 Millennia Park Dr, Orlando, FL 32811",4858 Millennia Park Dr,,Orlando,FL,32811,Orange,28.489393,-81.448739,single_family,5358.0,Inactive,545000,2024-10-25T00:00:00.000Z,73,4.0,2.5,2040.0,2013.0,13.208542908506082
"4817-Cypress-Woods-Dr,-Apt-5201,-Orlando,-FL-32811","4817 Cypress Woods Dr, Apt 5201, Orlando, FL 32811",4817 Cypress Woods Dr,Apt 5201,Orlando,FL,32811,Orange,28.49309,-81.45089,condo,16553.0,Inactive,239900,2024-10-26T00:00:00.000Z,72,3.0,2.0,1405.0,2001.0,12.3879816172226
"5407-Blueberry-Dr,-Orlando,-FL-32811","5407 Blueberry Dr, Orlando, FL 32811",5407 Blueberry Dr,,Orlando,FL,32811,Orange,28.531617,-81.453037,single_family,6546.0,Inactive,299000,2024-12-13T00:00:00.000Z,23,3.0,2.0,1666.0,1990.0,12.608202196848836
"1523-Amaros-Ave,-Orlando,-FL-32811","1523 Amaros Ave, Orlando, FL 32811",1523 Amaros Ave,,Orlando,FL,32811,Orange,28.523879,-81.429971,single_family,6594.0,Inactive,251000,2024-11-28T00:00:00.000Z,37,3.0,1.0,1080.0,1963.0,12.433212202169729
"407-Dover-St,-Orlando,-FL-32811","407 Dover St, Orlando, FL 32811",407 Dover St,,Orlando,FL,32811,Orange,28.547463,-81.445363,single_family,6247.0,Inactive,229500,2024-02-23T00:00:00.000Z,313,3.0,1.0,885.0,1957.0,12.343662665771719
"5256-Willow-Ct,---532,-Orlando,-FL-32811","5256 Willow Ct, # 532, Orlando, FL 32811",5256 Willow Ct,# 532,Orlando,FL,32811,Orange,28.495675,-81.449968,condo,2627.0,Inactive,244999,2024-07-13T00:00:00.000Z,172,2.0,2.5,1285.0,1986.0,12.409013489526863
"2260-Willie-Mays-Pkwy,-Orlando,-FL-32811","2260 Willie Mays Pkwy, Orlando, FL 32811",2260 Willie Mays Pkwy,,Orlando,FL,32811,Orange,28.516031,-81.438231,single_family,6785.0,Inactive,199999,2024-01-09T00:00:00.000Z,357,3.0,2.0,1106.0,1968.0,12.206072645530174
"412-Fred-St,-Orlando,-FL-32811","412 Fred St, Orlando, FL 32811",412 Fred St,,Orlando,FL,32811,Orange,28.547324,-81.450679,single_family,6080.0,Inactive,305000,2024-03-18T00:00:00.000Z,288,4.0,2.0,1360.0,2002.0,12.628070334272698
"5268-Willow-Ct,---519,-Orlando,-FL-32811","5268 Willow Ct, # 519, Orlando, FL 32811",5268 Willow Ct,# 519,Orlando,FL,32811,Orange,28.495725,-81.450756,condo,2631.0,Inactive,229900,2024-08-27T00:00:00.000Z,126,2.0,2.5,1285.0,1986.0,12.345404060459082
"4842-Normandy-Pl,---204C,-Orlando,-FL-32811","4842 Normandy Pl, # 204C, Orlando, FL 32811",4842 Normandy Pl,# 204C,Orlando,FL,32811,Orange,28.496052,-81.443619,condo,5429.0,Inactive,249900,2024-10-24T00:00:00.000Z,68,3.0,2.0,1263.0,1988.0,12.428820118415677
"4881-Cypress-Woods-Dr,-Apt-3311,-Orlando,-FL-32811","4881 Cypress Woods Dr, Apt 3311, Orlando, FL 32811",4881 Cypress Woods Dr,Apt 3311,Orlando,FL,32811,Orange,28.493601,-81.451863,condo,24394.0,Inactive,187000,2024-03-18T00:00:00.000Z,286,2.0,2.0,1186.0,2000.0,12.138869243416009
"5116-Lanette-St,-Orlando,-FL-32811","5116 Lanette St, Orlando, FL 32811",5116 Lanette St,,Orlando,FL,32811,Orange,28.527077,-81.447075,single_family,6821.0,Inactive,350000,2024-10-02T00:00:00.000Z,88,5.0,1.5,1294.0,1970.0,12.765691290604371
"4368-S-Kirkman-Rd,-Apt-206,-Orlando,-FL-32811","4368 S Kirkman Rd, Apt 206, Orlando, FL 32811",4368 S Kirkman Rd,Apt 206,Orlando,FL,32811,Orange,28.497868,-81.46022,condo,7671.0,Inactive,200000,2024-10-27T00:00:00.000Z,62,2.0,2.0,1042.0,1997.0,12.206077645517674
"5318-Botany-Ct,-Orlando,-FL-32811","5318 Botany Ct, Orlando, FL 32811",5318 Botany Ct,,Orlando,FL,32811,Orange,28.527033,-81.45139,single_family,7145.0,Inactive,317997,2024-11-07T00:00:00.000Z,48,4.0,2.0,1143.0,1972.0,12.66980037243436
"3027-Mary-Church-Ct,-Orlando,-FL-32811","3027 Mary Church Ct, Orlando, FL 32811",3027 Mary Church Ct,,Orlando,FL,32811,Orange,28.511347,-81.427609,single_family,6710.0,Inactive,325000,2024-02-29T00:00:00.000Z,299,4.0,2.0,1401.0,1968.0,12.691583538230217
"4757-Capri-Pl,-Unit-205,-Orlando,-FL-32811","4757 Capri Pl, Unit 205, Orlando, FL 32811",4757 Capri Pl,Unit 205,Orlando,FL,32811,Orange,28.495326,-81.441079,condo,7035.0,Inactive,249500,2024-11-22T00:00:00.000Z,32,2.0,2.0,1180.0,1985.0,12.427218202181711
"5548-Metrowest-Blvd,-Apt-310,-Orlando,-FL-32811","5548 Metrowest Blvd, Apt 310, Orlando, FL 32811",5548 Metrowest Blvd,Apt 310,Orlando,FL,32811,Orange,28.511238,-81.456696,condo,18295.0,Inactive,174900,2024-12-03T00:00:00.000Z,21,2.0,2.0,1205.0,1999.0,12.071975378543236
"4757-Capri-Pl,---205,-Orlando,-FL-32811","4757 Capri Pl, # 205, Orlando, FL 32811",4757 Capri Pl,# 205,Orlando,FL,32811,Orange,28.495326,-81.441079,townhouse,3755.0,Inactive,249500,2024-11-22T00:00:00.000Z,31,2.0,2.0,1180.0,1985.0,12.427218202181711
"4902-Soft-Rush-St,-Orlando,-FL-32811","4902 Soft Rush St, Orlando, FL 32811",4902 Soft Rush St,,Orlando,FL,32811,Orange,28.488653,-81.446288,single_family,6633.0,Inactive,455000,2024-12-17T00:00:00.000Z,6,3.0,2.0,1636.0,2013.0,13.02805489573287
"4715-Capri-Pl,---191,-Orlando,-FL-32811","4715 Capri Pl, # 191, Orlando, FL 32811",4715 Capri Pl,# 191,Orlando,FL,32811,Orange,28.495169,-81.440109,condo,5544.0,Inactive,229900,2024-11-26T00:00:00.000Z,25,2.0,2.0,1105.0,1985.0,12.345404060459082
"5433-Karen-Ct,-Orlando,-FL-32811","5433 Karen Ct, Orlando, FL 32811",5433 Karen Ct,,Orlando,FL,32811,Orange,28.527331,-81.452646,single_family,14375.0,Inactive,299900,2024-08-29T00:00:00.000Z,113,4.0,2.0,1482.0,1972.0,12.611207699176356
"5572-Metrowest-Blvd,---20,-Orlando,-FL-32811","5572 Metrowest Blvd, # 20, Orlando, FL 32811",5572 Metrowest Blvd,# 20,Orlando,FL,32811,Orange,28.511784,-81.457318,condo,18295.0,Inactive,210000,2024-11-26T00:00:00.000Z,24,2.0,2.0,1126.0,1999.0,12.25486757159303
"4461-Pinebark-Ave,---3,-Orlando,-FL-32811","4461 Pinebark Ave, # 3, Orlando, FL 32811",4461 Pinebark Ave,# 3,Orlando,FL,32811,Orange,28.49856,-81.455462,condo,2564.0,Inactive,215000,2024-05-30T00:00:00.000Z,203,2.0,2.0,948.0,1983.0,12.278397958261774
"5332-Cypress-Creek-Dr,---104,-Orlando,-FL-32811","5332 Cypress Creek Dr, # 104, Orlando, FL 32811",5332 Cypress Creek Dr,# 104,Orlando,FL,32811,Orange,28.484396,-81.448471,condo,7786.0,Inactive,250000,2024-09-26T00:00:00.000Z,83,2.0,2.5,1309.0,1971.0,12.429220196836383
"4308-S-Kirkman-Rd,---1,-Orlando,-FL-32811","4308 S Kirkman Rd, # 1, Orlando, FL 32811",4308 S Kirkman Rd,# 1,Orlando,FL,32811,Orange,28.499061,-81.460414,condo,7671.0,Inactive,185000,2024-12-15T00:00:00.000Z,3,2.0,2.0,996.0,1997.0,12.128116509451258
"5404-Pine-Creek-Dr,---1606,-Orlando,-FL-32811","5404 Pine Creek Dr, # 1606, Orlando, FL 32811",5404 Pine Creek Dr,# 1606,Orlando,FL,32811,Orange,28.493692,-81.453911,condo,5811.0,Inactive,168999,2024-07-17T00:00:00.000Z,153,3.0,2.0,1418.0,1973.0,12.037653993905211
"5209-Creekside-Park-Ave,-Orlando,-FL-32811","5209 Creekside Park Ave, Orlando, FL 32811",5209 Creekside Park Ave,,Orlando,FL,32811,Orange,28.485962,-81.44628,single_family,3599.0,Inactive,480000,2024-09-08T00:00:00.000Z,100,3.0,2.5,1697.0,2013.0,13.081543466215237
"259-Sifford-Ln,-Orlando,-FL-32811","259 Sifford Ln, Orlando, FL 32811",259 Sifford Ln,,Orlando,FL,32811,Orange,28.538906,-81.437686,single_family,6816.0,Inactive,249900,2024-11-12T00:00:00.000Z,35,3.0,1.0,895.0,1967.0,12.428820118415677
"5638-Blue-Shadows-Ct,---1,-Orlando,-FL-32811","5638 Blue Shadows Ct, # 1, Orlando, FL 32811",5638 Blue Shadows Ct,# 1,Orlando,FL,32811,Orange,28.49817,-81.457819,condo,2085.0,Inactive,162500,2024-12-10T00:00:00.000Z,7,2.0,1.0,963.0,1987.0,11.998439434579149
"5542-Metrowest-Blvd,-Apt-101,-Orlando,-FL-32811","5542 Metrowest Blvd, Apt 101, Orlando, FL 32811",5542 Metrowest Blvd,Apt 101,Orlando,FL,32811,Orange,28.51122,-81.455794,condo,19602.0,Inactive,220000,2024-10-16T00:00:00.000Z,60,2.0,2.0,1205.0,1999.0,12.301387370778713
"3331-S-Kirkman-Rd,-Apt-525,-Orlando,-FL-32811","3331 S Kirkman Rd, Apt 525, Orlando, FL 32811",3331 S Kirkman Rd,Apt 525,Orlando,FL,32811,Orange,28.507944,-81.456416,condo,16117.0,Inactive,169000,2024-08-27T00:00:00.000Z,109,1.0,1.0,777.0,1999.0,12.037659911047468
"4351-Clarinda-St,-Orlando,-FL-32811","4351 Clarinda St, Orlando, FL 32811",4351 Clarinda St,,Orlando,FL,32811,Orange,28.543319,-81.433606,single_family,7261.0,Inactive,289900,2024-10-02T00:00:00.000Z,73,3.0,2.0,1740.0,1969.0,12.57729476436913
"4380-White-Pine-Ave,---3,-Orlando,-FL-32811","4380 White Pine Ave, # 3, Orlando, FL 32811",4380 White Pine Ave,# 3,Orlando,FL,32811,Orange,28.499253,-81.457922,condo,2564.0,Inactive,204900,2024-06-12T00:00:00.000Z,183,2.0,2.0,932.0,1985.0,12.230282214644559
"4423-College-Dr,-Orlando,-FL-32811","4423 College Dr, Orlando, FL 32811",4423 College Dr,,Orlando,FL,32811,Orange,28.535572,-81.435424,single_family,6895.0,Inactive,340000,2024-10-18T00:00:00.000Z,54,3.0,2.0,1460.0,2021.0,12.73670383776449
"5410-Pine-Creek-Dr,---1608B,-Orlando,-FL-32811","5410 Pine Creek Dr, # 1608B, Orlando, FL 32811",5410 Pine Creek Dr,# 1608B,Orlando,FL,32811,Orange,28.493692,-81.453918,condo,5811.0,Inactive,157000,2024-05-28T00:00:00.000Z,192,2.0,2.0,1141.0,1973.0,11.964007453736912
"5214-Cypress-Creek-Dr,---103,-Orlando,-FL-32811","5214 Cypress Creek Dr, # 103, Orlando, FL 32811",5214 Cypress Creek Dr,# 103,Orlando,FL,32811,Orange,28.485958,-81.448715,condo,7786.0,Inactive,210000,2024-10-29T00:00:00.000Z,35,2.0,2.5,1190.0,1971.0,12.25486757159303
"5423-Vineland-Rd,---B,-Orlando,-FL-32811","5423 Vineland Rd, # B, Orlando, FL 32811",5423 Vineland Rd,# B,Orlando,FL,32811,Orange,28.483358,-81.448624,condo,5020.0,Inactive,214900,2024-08-27T00:00:00.000Z,97,2.0,2.0,1139.0,1983.0,12.277932735946903
"4720-Walden-Palms-Cir,---28,-Orlando,-FL-32811","4720 Walden Palms Cir, # 28, Orlando, FL 32811",4720 Walden Palms Cir,# 28,Orlando,FL,32811,Orange,28.490975,-81.444024,condo,8569.0,Inactive,229900,2023-12-05T00:00:00.000Z,362,3.0,2.0,1111.0,1988.0,12.345404060459082
"5128-Conroy-Rd,-Unit-711,-Orlando,-FL-32811","5128 Conroy Rd, Unit 711, Orlando, FL 32811",5128 Conroy Rd,Unit 711,Orlando,FL,32811,Orange,28.494504,-81.445335,condo,7341.0,Inactive,218500,2024-09-01T00:00:00.000Z,91,2.0,1.0,919.0,1988.0,12.294545870166347
"5506-Metrowest-Blvd,-Apt-202,-Orlando,-FL-32811","5506 Metrowest Blvd, Apt 202, Orlando, FL 32811",5506 Metrowest Blvd,Apt 202,Orlando,FL,32811,Orange,28.513612,-81.456549,condo,16553.0,Inactive,161900,2024-10-25T00:00:00.000Z,37,1.0,1.0,840.0,1999.0,11.994740316298905
"5189-Northlawn-Way,-Orlando,-FL-32811","5189 Northlawn Way, Orlando, FL 32811",5189 Northlawn Way,,Orlando,FL,32811,Orange,28.486321,-81.446162,single_family,3598.0,Inactive,425000,2024-11-25T00:00:00.000Z,6,3.0,2.5,1447.0,2013.0,12.959846800844963
"5296-Cypress-Ct,---433,-Orlando,-FL-32811","5296 Cypress Ct, # 433, Orlando, FL 32811",5296 Cypress Ct,# 433,Orlando,FL,32811,Orange,28.49706,-81.450795,townhouse,2696.0,Inactive,245000,2024-10-19T00:00:00.000Z,42,2.0,2.5,1285.0,1986.0,12.409017571151187
"2630-Ravenall-Ave,-Orlando,-FL-32811","2630 Ravenall Ave, Orlando, FL 32811",2630 Ravenall Ave,,Orlando,FL,32811,Orange,28.514008,-81.439048,single_family,9626.0,Inactive,347900,2024-09-08T00:00:00.000Z,81,4.0,2.0,1484.0,1972.0,12.759673235525094
"1562-Amaros-Ave,-Orlando,-FL-32811","1562 Amaros Ave, Orlando, FL 32811",1562 Amaros Ave,,Orlando,FL,32811,Orange,28.523734,-81.430479,single_family,4945.0,Inactive,199990,2024-09-06T00:00:00.000Z,79,2.0,1.0,920.0,1950.0,12.206027644517643
"1009-S-Ivey-Ln,-Orlando,-FL-32811","1009 S Ivey Ln, Orlando, FL 32811",1009 S Ivey Ln,,Orlando,FL,32811,Orange,28.529271,-81.434012,single_family,5342.0,Inactive,175000,2024-07-23T00:00:00.000Z,123,3.0,1.0,1095.0,1960.0,12.07254696717504
"4364-S-Kirkman-Rd,-Apt-305,-Orlando,-FL-32811","4364 S Kirkman Rd, Apt 305, Orlando, FL 32811",4364 S Kirkman Rd,Apt 305,Orlando,FL,32811,Orange,28.497558,-81.460961,condo,7671.0,Inactive,162000,2024-08-05T00:00:00.000Z,110,1.0,1.0,729.0,1997.0,11.995357787034976
"5164-Conroy-Rd,-Unit-1526,-Orlando,-FL-32811","5164 Conroy Rd, Unit 1526, Orlando, FL 32811",5164 Conroy Rd,Unit 1526,Orlando,FL,32811,Orange,28.494362,-81.446167,condo,8516.0,Inactive,147000,2024-09-10T00:00:00.000Z,73,1.0,1.0,711.0,1988.0,11.898194668458823
"4708-Walden-Cir,-Apt-1822,-Orlando,-FL-32811","4708 Walden Cir, Apt 1822, Orlando, FL 32811",4708 Walden Cir,Apt 1822,Orlando,FL,32811,Orange,28.490627,-81.441826,condo,6870.0,Inactive,170000,2024-07-16T00:00:00.000Z,128,2.0,2.0,1020.0,1988.0,12.04355959836804
"5283-Coral-Ct,---624,-Orlando,-FL-32811","5283 Coral Ct, # 624, Orlando, FL 32811",5283 Coral Ct,# 624,Orlando,FL,32811,Orange,28.495803,-81.449745,condo,1285.0,Inactive,260000,2024-07-25T00:00:00.000Z,119,2.0,2.5,1285.0,1986.0,12.468440756144114
"4601-Cason-Cove-Dr,-Apt-234,-Orlando,-FL-32811","4601 Cason Cove Dr, Apt 234, Orlando, FL 32811",4601 Cason Cove Dr,Apt 234,Orlando,FL,32811,Orange,28.497327,-81.438266,condo,5968.0,Inactive,121900,2024-08-09T00:00:00.000Z,104,1.0,1.0,600.0,1988.0,11.710964518881163
"4368-S-Kirkman-Rd,---2,-Orlando,-FL-32811","4368 S Kirkman Rd, # 2, Orlando, FL 32811",4368 S Kirkman Rd,# 2,Orlando,FL,32811,Orange,28.497844,-81.46018,condo,7671.0,Inactive,234000,2024-11-15T00:00:00.000Z,6,3.0,2.0,1199.0,1997.0,12.36308066783498
"4659-Cason-Cove-Dr,-Apt-3012,-Orlando,-FL-32811","4659 Cason Cove Dr, Apt 3012, Orlando, FL 32811",4659 Cason Cove Dr,Apt 3012,Orlando,FL,32811,Orange,28.498625,-81.438847,condo,7133.0,Inactive,124990,2024-07-03T00:00:00.000Z,140,1.0,1.0,700.0,1988.0,11.735997013692314
"4897-Cypress-Woods-Dr,-Apt-6305,-Orlando,-FL-32811","4897 Cypress Woods Dr, Apt 6305, Orlando, FL 32811",4897 Cypress Woods Dr,Apt 6305,Orlando,FL,32811,Orange,28.492576,-81.451298,condo,24394.0,Inactive,208000,2024-07-16T00:00:00.000Z,127,2.0,2.0,1186.0,2001.0,12.245298166364206
"5316-Pebble-Beach-Dr,-Unit-E,-Orlando,-FL-32811","5316 Pebble Beach Dr, Unit E, Orlando, FL 32811",5316 Pebble Beach Dr,Unit E,Orlando,FL,32811,Orange,28.492803,-81.452941,condo,5314.0,Inactive,205000,2024-05-11T00:00:00.000Z,192,2.0,2.5,1308.0,1973.0,12.230770136157428
"4897-Cypress-Woods-Dr,-Apt-6104,-Orlando,-FL-32811","4897 Cypress Woods Dr, Apt 6104, Orlando, FL 32811",4897 Cypress Woods Dr,Apt 6104,Orlando,FL,32811,Orange,28.492576,-81.451298,condo,7035.0,Inactive,239000,2024-01-03T00:00:00.000Z,318,3.0,2.0,1351.0,2001.0,12.384223015005313
"5560-Metrowest-Blvd,-Apt-303,-Orlando,-FL-32811","5560 Metrowest Blvd, Apt 303, Orlando, FL 32811",5560 Metrowest Blvd,Apt 303,Orlando,FL,32811,Orange,28.511,-81.458344,condo,13939.0,Inactive,249900,2024-05-16T00:00:00.000Z,183,3.0,2.0,1362.0,1999.0,12.428820118415677
"5140-Conroy-Rd,-Unit-813,-Orlando,-FL-32811","5140 Conroy Rd, Unit 813, Orlando, FL 32811",5140 Conroy Rd,Unit 813,Orlando,FL,32811,Orange,28.494232,-81.444954,condo,8484.0,Inactive,145000,2024-10-21T00:00:00.000Z,25,1.0,1.0,711.0,1988.0,11.884495917930655
"5451-Vineland-Rd,-Apt-2208,-Orlando,-FL-32811","5451 Vineland Rd, Apt 2208, Orlando, FL 32811",5451 Vineland Rd,Apt 2208,Orlando,FL,32811,Orange,28.484998,-81.451173,condo,16553.0,Inactive,289000,2024-10-23T00:00:00.000Z,22,3.0,2.0,1318.0,2000.0,12.574185427296195
"5455-Vineland-Rd,-Apt-3313,-Orlando,-FL-32811","5455 Vineland Rd, Apt 3313, Orlando, FL 32811",5455 Vineland Rd,Apt 3313,Orlando,FL,32811,Orange,28.48584,-81.451443,condo,16988.0,Inactive,279900,2024-06-20T00:00:00.000Z,146,3.0,2.0,1232.0,2000.0,12.5421912482017
"5094-Luna-Negra-Dr,-Orlando,-FL-32811","5094 Luna Negra Dr, Orlando, FL 32811",5094 Luna Negra Dr,,Orlando,FL,32811,Orange,28.533444,-81.447753,single_family,6046.0,Inactive,284900,2024-08-16T00:00:00.000Z,89,3.0,2.0,1108.0,2004.0,12.55989703048335
"4637-Kozart-St,-Orlando,-FL-32811","4637 Kozart St, Orlando, FL 32811",4637 Kozart St,,Orlando,FL,32811,Orange,28.52527,-81.439031,single_family,9590.0,Inactive,332900,2024-09-24T00:00:00.000Z,49,4.0,2.0,1556.0,1969.0,12.71560042746368
"4451-King-Cole-Blvd,-Orlando,-FL-32811","4451 King Cole Blvd, Orlando, FL 32811",4451 King Cole Blvd,,Orlando,FL,32811,Orange,28.518824,-81.435516,single_family,6600.0,Inactive,254900,2024-09-13T00:00:00.000Z,59,3.0,2.0,1085.0,1967.0,12.448630513463613
"4826-Normandy-Pl,---D204,-Orlando,-FL-32811","4826 Normandy Pl, # D204, Orlando, FL 32811",4826 Normandy Pl,# D204,Orlando,FL,32811,Orange,28.495831,-81.443153,condo,7753.0,Inactive,249900,2024-10-01T00:00:00.000Z,40,2.0,2.0,1080.0,1989.0,12.428820118415677
"4922-Lescot-Ln,-Orlando,-FL-32811","4922 Lescot Ln, Orlando, FL 32811",4922 Lescot Ln,,Orlando,FL,32811,Orange,28.523924,-81.445405,single_family,12197.0,Inactive,325000,2024-07-02T00:00:00.000Z,130,4.0,2.0,1289.0,1971.0,12.691583538230217
"4368-S-Kirkman-Rd,-Apt-207,-Orlando,-FL-32811","4368 S Kirkman Rd, Apt 207, Orlando, FL 32811",4368 S Kirkman Rd,Apt 207,Orlando,FL,32811,Orange,28.497862,-81.460216,condo,7671.0,Inactive,197000,2024-09-20T00:00:00.000Z,50,2.0,2.0,996.0,1997.0,12.190964083849375
"4615-Cason-Cove-Dr,-Apt-816,-Orlando,-FL-32811","4615 Cason Cove Dr, Apt 816, Orlando, FL 32811",4615 Cason Cove Dr,Apt 816,Orlando,FL,32811,Orange,28.496939,-81.436584,condo,5991.0,Inactive,135000,2024-10-07T00:00:00.000Z,33,1.0,1.0,600.0,1988.0,11.813037464800539
"4446-Marshall-St,-Orlando,-FL-32811","4446 Marshall St, Orlando, FL 32811",4446 Marshall St,,Orlando,FL,32811,Orange,28.516888,-81.435212,single_family,7149.0,Inactive,198000,2024-10-27T00:00:00.000Z,13,3.0,1.0,1091.0,1968.0,12.19602736016897
"4185-Gallimore-St,-Orlando,-FL-32811","4185 Gallimore St, Orlando, FL 32811",4185 Gallimore St,,Orlando,FL,32811,Orange,28.518105,-81.42994,single_family,6250.0,Inactive,259900,2024-09-11T00:00:00.000Z,56,3.0,1.0,1195.0,1963.0,12.468056068255885
"639-Cornelia-Ct,-Orlando,-FL-32811","639 Cornelia Ct, Orlando, FL 32811",639 Cornelia Ct,,Orlando,FL,32811,Orange,28.534075,-81.441528,single_family,7043.0,Inactive,289999,2024-10-31T00:00:00.000Z,6,4.0,2.0,1252.0,1973.0,12.577636201962656
"4726-Capri-Pl,---222,-Orlando,-FL-32811","4726 Capri Pl, # 222, Orlando, FL 32811",4726 Capri Pl,# 222,Orlando,FL,32811,Orange,28.494789,-81.44091,condo,5539.0,Inactive,234900,2024-04-25T00:00:00.000Z,194,2.0,2.0,935.0,1985.0,12.366919427768636
"4844-Pebble-Beach-Dr,---A,-Orlando,-FL-32811","4844 Pebble Beach Dr, # A, Orlando, FL 32811",4844 Pebble Beach Dr,# A,Orlando,FL,32811,Orange,28.492834,-81.453485,condo,4843.0,Inactive,199900,2024-06-13T00:00:00.000Z,145,2.0,2.5,1529.0,1973.0,12.20557752297723
"3367-S-Kirkman-Rd,-Apt-1111,-Orlando,-FL-32811","3367 S Kirkman Rd, Apt 1111, Orlando, FL 32811",3367 S Kirkman Rd,Apt 1111,Orlando,FL,32811,Orange,28.505818,-81.457606,condo,13504.0,Inactive,214000,2024-09-04T00:00:00.000Z,61,2.0,2.0,1141.0,1999.0,12.273735966890268
"4061-Kirkland-Blvd,-Orlando,-FL-32811","4061 Kirkland Blvd, Orlando, FL 32811",4061 Kirkland Blvd,,Orlando,FL,32811,Orange,28.516691,-81.427482,single_family,7039.0,Inactive,285000,2024-06-14T00:00:00.000Z,142,4.0,2.0,1593.0,1962.0,12.560247968016562
"3026-Cumler-Ct,-Orlando,-FL-32811","3026 Cumler Ct, Orlando, FL 32811",3026 Cumler Ct,,Orlando,FL,32811,Orange,28.51117,-81.429881,single_family,7215.0,Inactive,299900,2024-09-02T00:00:00.000Z,61,3.0,1.0,1099.0,1968.0,12.611207699176356
"1636-Willie-Mays-Pkwy,-Orlando,-FL-32811","1636 Willie Mays Pkwy, Orlando, FL 32811",1636 Willie Mays Pkwy,,Orlando,FL,32811,Orange,28.522595,-81.438297,single_family,7087.0,Inactive,319000,2024-10-23T00:00:00.000Z,10,4.0,2.0,1524.0,1967.0,12.672949516558306
"3367-S-Kirkman-Rd,-Apt-1118,-Orlando,-FL-32811","3367 S Kirkman Rd, Apt 1118, Orlando, FL 32811",3367 S Kirkman Rd,Apt 1118,Orlando,FL,32811,Orange,28.505818,-81.457606,condo,7035.0,Inactive,200000,2024-06-30T00:00:00.000Z,124,2.0,2.0,1129.0,1999.0,12.206077645517674
"423-Dover-St,-Orlando,-FL-32811","423 Dover St, Orlando, FL 32811",423 Dover St,,Orlando,FL,32811,Orange,28.547876,-81.445363,single_family,6247.0,Inactive,365000,2024-10-03T00:00:00.000Z,29,3.0,2.0,1706.0,2024.0,12.807655372286902
"3307-S-Kirkman-Rd,-Apt-127,-Orlando,-FL-32811","3307 S Kirkman Rd, Apt 127, Orlando, FL 32811",3307 S Kirkman Rd,Apt 127,Orlando,FL,32811,Orange,28.507537,-81.458359,condo,13068.0,Inactive,176000,2024-10-23T00:00:00.000Z,8,2.0,1.0,1077.0,1999.0,12.07824495582233
"5033-Vineland-Rd,---106,-Orlando,-FL-32811","5033 Vineland Rd, # 106, Orlando, FL 32811",5033 Vineland Rd,# 106,Orlando,FL,32811,Orange,28.483914,-81.445926,condo,13939.0,Inactive,224900,2024-06-15T00:00:00.000Z,137,2.0,2.0,1048.0,1986.0,12.323415584358154
"1748-Gammon-Ln,-Orlando,-FL-32811","1748 Gammon Ln, Orlando, FL 32811",1748 Gammon Ln,,Orlando,FL,32811,Orange,28.52109,-81.429982,single_family,8474.0,Inactive,300000,2024-05-17T00:00:00.000Z,165,3.0,1.5,1148.0,1968.0,12.611541086966115
"5536-Metrowest-Blvd,---8-311,-Orlando,-FL-32811","5536 Metrowest Blvd, # 8-311, Orlando, FL 32811",5536 Metrowest Blvd,# 8-311,Orlando,FL,32811,Orange,28.511848,-81.456017,condo,7035.0,Inactive,219000,2024-08-04T00:00:00.000Z,86,2.0,2.0,1073.0,1999.0,12.296831574998258
"5500-Metrowest-Blvd,-Apt-204,-Orlando,-FL-32811","5500 Metrowest Blvd, Apt 204, Orlando, FL 32811",5500 Metrowest Blvd,Apt 204,Orlando,FL,32811,Orange,28.513006,-81.457512,condo,17424.0,Inactive,175000,2024-08-29T00:00:00.000Z,61,1.0,1.0,714.0,1999.0,12.07254696717504
"4030-Ferrow-St,-Orlando,-FL-32811","4030 Ferrow St, Orlando, FL 32811",4030 Ferrow St,,Orlando,FL,32811,Orange,28.523561,-81.42689,single_family,5158.0,Inactive,264000,2024-09-24T00:00:00.000Z,35,3.0,1.0,899.0,1959.0,12.483708170000067
"4354-Shadow-Crest-Pl,---3,-Orlando,-FL-32811","4354 Shadow Crest Pl, # 3, Orlando, FL 32811",4354 Shadow Crest Pl,# 3,Orlando,FL,32811,Orange,28.499185,-81.456208,condo,909.0,Inactive,225000,2024-10-01T00:00:00.000Z,28,2.0,1.5,909.0,1980.0,12.323860125621126
"4746-Chevy-Pl,---161A2,-Orlando,-FL-32811","4746 Chevy Pl, # 161A2, Orlando, FL 32811",4746 Chevy Pl,# 161A2,Orlando,FL,32811,Orange,28.495791,-81.440706,condo,3471.0,Inactive,217500,2024-10-16T00:00:00.000Z,13,2.0,1.0,876.0,1984.0,12.289958727201455
"4352-S-Kirkman-Rd,-Apt-1203,-Orlando,-FL-32811","4352 S Kirkman Rd, Apt 1203, Orlando, FL 32811",4352 S Kirkman Rd,Apt 1203,Orlando,FL,32811,Orange,28.497994,-81.461335,condo,9965.0,Inactive,204900,2024-04-09T00:00:00.000Z,202,2.0,2.0,996.0,1997.0,12.230282214644559
"4352-S-Kirkman-Rd,---1,-Orlando,-FL-32811","4352 S Kirkman Rd, # 1, Orlando, FL 32811",4352 S Kirkman Rd,# 1,Orlando,FL,32811,Orange,28.498,-81.461355,condo,9965.0,Inactive,218500,2024-08-02T00:00:00.000Z,84,2.0,2.0,1042.0,1997.0,12.294545870166347
"4418-Kirkland-Blvd,-Orlando,-FL-32811","4418 Kirkland Blvd, Orlando, FL 32811",4418 Kirkland Blvd,,Orlando,FL,32811,Orange,28.516127,-81.434517,single_family,6875.0,Inactive,259025,2024-09-30T00:00:00.000Z,25,3.0,1.0,1111.0,1968.0,12.464683721743713
"4426-W-Gore-Ave,-Orlando,-FL-32811","4426 W Gore Ave, Orlando, FL 32811",4426 W Gore Ave,,Orlando,FL,32811,Orange,28.530521,-81.435501,single_family,6327.0,Inactive,389000,2024-09-19T00:00:00.000Z,34,4.0,2.5,1686.0,2024.0,12.871337193291367
"4612-Carter-St,-Orlando,-FL-32811","4612 Carter St, Orlando, FL 32811",4612 Carter St,,Orlando,FL,32811,Orange,28.534068,-81.439172,land,6785.0,Inactive,72000,2024-10-10T00:00:00.000Z,11,4.0,2.0,1446.0,1988.0,11.184435286790631
"5160-Conroy-Rd,---31,-Orlando,-FL-32811","5160 Conroy Rd, # 31, Orlando, FL 32811",5160 Conroy Rd,# 31,Orlando,FL,32811,Orange,28.494058,-81.446154,condo,8704.0,Inactive,193000,2024-08-02T00:00:00.000Z,77,2.0,2.0,988.0,1988.0,12.170450649220749
"4849-Cypress-Woods-Dr,-Apt-1301,-Orlando,-FL-32811","4849 Cypress Woods Dr, Apt 1301, Orlando, FL 32811",4849 Cypress Woods Dr,Apt 1301,Orlando,FL,32811,Orange,28.493635,-81.451097,condo,16553.0,Inactive,200000,2024-05-30T00:00:00.000Z,140,2.0,2.0,1405.0,2000.0,12.206077645517674
"4356-S-Kirkman-Rd,---5,-Orlando,-FL-32811","4356 S Kirkman Rd, # 5, Orlando, FL 32811",4356 S Kirkman Rd,# 5,Orlando,FL,32811,Orange,28.497176,-81.461788,condo,7670.0,Inactive,210000,2024-10-07T00:00:00.000Z,9,2.0,2.0,1042.0,1997.0,12.25486757159303
"4700-Imogene-Ct,-Orlando,-FL-32811","4700 Imogene Ct, Orlando, FL 32811",4700 Imogene Ct,,Orlando,FL,32811,Orange,28.523809,-81.440741,single_family,6946.0,Inactive,294950,2024-04-18T00:00:00.000Z,180,3.0,2.0,1226.0,1969.0,12.594564519830627
"5168-Conroy-Rd,---25,-Orlando,-FL-32811","5168 Conroy Rd, # 25, Orlando, FL 32811",5168 Conroy Rd,# 25,Orlando,FL,32811,Orange,28.494842,-81.446517,condo,9682.0,Inactive,185000,2024-07-23T00:00:00.000Z,76,2.0,2.0,919.0,1988.0,12.128116509451258
"2123-Liston-Ct,-Orlando,-FL-32811","2123 Liston Ct, Orlando, FL 32811",2123 Liston Ct,,Orlando,FL,32811,Orange,28.518039,-81.427222,single_family,6601.0,Inactive,299000,2024-10-02T00:00:00.000Z,4,4.0,2.5,1556.0,1969.0,12.608202196848836
"5300-Jasmine-Creek-Ln,-Unit-1302,-Orlando,-FL-32811","5300 Jasmine Creek Ln, Unit 1302, Orlando, FL 32811",5300 Jasmine Creek Ln,Unit 1302,Orlando,FL,32811,Orange,28.493493,-81.452926,townhouse,5811.0,Inactive,215000,2024-08-29T00:00:00.000Z,37,3.0,3.0,1617.0,1973.0,12.278397958261774
"42-S-Tyler-Ave,-Orlando,-FL-32811","42 S Tyler Ave, Orlando, FL 32811",42 S Tyler Ave,,Orlando,FL,32811,Orange,28.540006,-81.456523,single_family,6996.0,Inactive,344900,2024-09-13T00:00:00.000Z,22,3.0,2.0,1035.0,1953.0,12.751012698311857
"5160-Conroy-Rd,-Unit-1411,-Orlando,-FL-32811","5160 Conroy Rd, Unit 1411, Orlando, FL 32811",5160 Conroy Rd,Unit 1411,Orlando,FL,32811,Orange,28.495741,-81.449007,condo,8704.0,Inactive,180000,2024-04-04T00:00:00.000Z,183,2.0,2.0,988.0,1988.0,12.100717685412471
"4529-America-St,-Orlando,-FL-32811","4529 America St, Orlando, FL 32811",4529 America St,,Orlando,FL,32811,Orange,28.533712,-81.437338,single_family,13939.0,Inactive,297900,2024-07-25T00:00:00.000Z,71,3.0,2.0,1189.0,2021.0,12.604516495526891
"5300-Jasmine-Creek-Ln,---1302,-Orlando,-FL-32811","5300 Jasmine Creek Ln, # 1302, Orlando, FL 32811",5300 Jasmine Creek Ln,# 1302,Orlando,FL,32811,Orange,28.493481,-81.452961,townhouse,5811.0,Inactive,215000,2024-08-28T00:00:00.000Z,37,3.0,3.0,1617.0,1973.0,12.278397958261774
"5375-Vineland-Rd,---60,-Orlando,-FL-32811","5375 Vineland Rd, # 60, Orlando, FL 32811",5375 Vineland Rd,# 60,Orlando,FL,32811,Orange,28.483721,-81.44963,condo,5020.0,Inactive,245000,2024-08-31T00:00:00.000Z,34,2.0,2.0,1139.0,1980.0,12.409017571151187
"4904-Lescot-Ln,-Orlando,-FL-32811","4904 Lescot Ln, Orlando, FL 32811",4904 Lescot Ln,,Orlando,FL,32811,Orange,28.523758,-81.44497,single_family,12197.0,Inactive,239900,2024-09-24T00:00:00.000Z,10,3.0,2.0,960.0,1970.0,12.3879816172226
"640-Oakford-Way,-Orlando,-FL-32811","640 Oakford Way, Orlando, FL 32811",640 Oakford Way,,Orlando,FL,32811,Orange,28.532707,-81.454414,single_family,4085.0,Inactive,240000,2024-02-12T00:00:00.000Z,234,3.0,2.0,1208.0,1991.0,12.388398368982115
"5304-Burning-Tree-Dr,---D,-Orlando,-FL-32811","5304 Burning Tree Dr, # D, Orlando, FL 32811",5304 Burning Tree Dr,# D,Orlando,FL,32811,Orange,28.491657,-81.451965,condo,5348.0,Inactive,138900,2024-08-06T00:00:00.000Z,58,2.0,2.0,1123.0,1973.0,11.841516728140565
"4706-Chevy-Pl,---181A2,-Orlando,-FL-32811","4706 Chevy Pl, # 181A2, Orlando, FL 32811",4706 Chevy Pl,# 181A2,Orlando,FL,32811,Orange,28.495394,-81.439814,condo,3626.0,Inactive,189900,2024-09-30T00:00:00.000Z,3,2.0,1.0,876.0,1984.0,12.15425816271595
"5164-Conroy-Rd,---Medici,-Orlando,-FL-32811","5164 Conroy Rd, # Medici, Orlando, FL 32811",5164 Conroy Rd,# Medici,Orlando,FL,32811,Orange,28.494475,-81.44623,condo,8516.0,Inactive,169000,2024-04-03T00:00:00.000Z,182,1.0,1.0,711.0,1988.0,12.037659911047468
"787-Willie-Mays-Pkwy,-Orlando,-FL-32811","787 Willie Mays Pkwy, Orlando, FL 32811",787 Willie Mays Pkwy,,Orlando,FL,32811,Orange,28.532756,-81.438033,single_family,24394.0,Inactive,375000,2024-09-18T00:00:00.000Z,14,8.0,3.0,3481.0,1973.0,12.834683971615659
"4732-Capri-Pl,---219,-Orlando,-FL-32811","4732 Capri Pl, # 219, Orlando, FL 32811",4732 Capri Pl,# 219,Orlando,FL,32811,Orange,28.494806,-81.44091,condo,5539.0,Inactive,229900,2024-03-14T00:00:00.000Z,201,2.0,2.0,1105.0,1985.0,12.345404060459082
"5124-Conroy-Rd,---26,-Orlando,-FL-32811","5124 Conroy Rd, # 26, Orlando, FL 32811",5124 Conroy Rd,# 26,Orlando,FL,32811,Orange,28.494824,-81.445831,condo,8645.0,Inactive,148000,2024-03-15T00:00:00.000Z,200,1.0,1.0,711.0,1988.0,11.904974309480183
"646-Grandiflora-Dr,-Orlando,-FL-32811","646 Grandiflora Dr, Orlando, FL 32811",646 Grandiflora Dr,,Orlando,FL,32811,Orange,28.532787,-81.451654,single_family,7261.0,Inactive,320000,2024-09-12T00:00:00.000Z,19,4.0,2.5,1396.0,1997.0,12.676079399771027
"5446-Seedling-Ln,-Orlando,-FL-32811","5446 Seedling Ln, Orlando, FL 32811",5446 Seedling Ln,,Orlando,FL,32811,Orange,28.533497,-81.453567,single_family,4091.0,Inactive,285000,2024-09-17T00:00:00.000Z,14,3.0,2.0,1038.0,1998.0,12.560247968016562
"4752-Amoy-Ct,-Orlando,-FL-32811","4752 Amoy Ct, Orlando, FL 32811",4752 Amoy Ct,,Orlando,FL,32811,Orange,28.526777,-81.441843,single_family,7589.0,Inactive,250000,2024-09-28T00:00:00.000Z,3,3.0,1.5,1104.0,1970.0,12.429220196836383
"4126-Yellow-Pine-Ln,---3,-Orlando,-FL-32811","4126 Yellow Pine Ln, # 3, Orlando, FL 32811",4126 Yellow Pine Ln,# 3,Orlando,FL,32811,Orange,28.50075,-81.455954,condo,616320.0,Inactive,197000,2024-02-08T00:00:00.000Z,235,2.0,1.5,909.0,1974.0,12.190964083849375
"5312-Burning-Tree-Dr,---B07--T,-Orlando,-FL-32811","5312 Burning Tree Dr, # B07 -T, Orlando, FL 32811",5312 Burning Tree Dr,# B07 -T,Orlando,FL,32811,Orange,28.491657,-81.451965,condo,5348.0,Inactive,139750,2024-07-19T00:00:00.000Z,71,1.0,1.5,926.0,1973.0,11.847617546626807
"4652-Pleasant-Valley-Ct,-Orlando,-FL-32811","4652 Pleasant Valley Ct, Orlando, FL 32811",4652 Pleasant Valley Ct,,Orlando,FL,32811,Orange,28.53106,-81.440087,single_family,8918.0,Inactive,254900,2024-09-06T00:00:00.000Z,22,3.0,1.0,1144.0,1973.0,12.448630513463613
"4210-Gallimore-St,-Orlando,-FL-32811","4210 Gallimore St, Orlando, FL 32811",4210 Gallimore St,,Orlando,FL,32811,Orange,28.517658,-81.430562,single_family,6600.0,Inactive,239900,2024-08-30T00:00:00.000Z,28,3.0,1.0,1020.0,1962.0,12.3879816172226
"5128-Millennia-Green-Dr,-Orlando,-FL-32811","5128 Millennia Green Dr, Orlando, FL 32811",5128 Millennia Green Dr,,Orlando,FL,32811,Orange,28.485951,-81.447438,single_family,3989.0,Inactive,475000,2024-09-19T00:00:00.000Z,8,3.0,2.5,1808.0,2013.0,13.07107218827772
"5428-Pine-Creek-Dr,---1708,-Orlando,-FL-32811","5428 Pine Creek Dr, # 1708, Orlando, FL 32811",5428 Pine Creek Dr,# 1708,Orlando,FL,32811,Orange,28.493301,-81.454233,condo,5808.0,Inactive,145000,2024-09-21T00:00:00.000Z,6,2.0,2.0,1141.0,1973.0,11.884495917930655
"31-N-Van-Buren-Ave,-Orlando,-FL-32811","31 N Van Buren Ave, Orlando, FL 32811",31 N Van Buren Ave,,Orlando,FL,32811,Orange,28.542487,-81.456549,single_family,8419.0,Inactive,235000,2024-09-20T00:00:00.000Z,6,2.0,1.0,639.0,1959.0,12.367345048436391
"4721-Chevy-Pl,---138C,-Orlando,-FL-32811","4721 Chevy Pl, # 138C, Orlando, FL 32811",4721 Chevy Pl,# 138C,Orlando,FL,32811,Orange,28.496108,-81.439861,condo,5411.0,Inactive,215000,2024-01-04T00:00:00.000Z,265,2.0,2.0,935.0,1984.0,12.278397958261774
"5100-Conroy-Rd,---25,-Orlando,-FL-32811","5100 Conroy Rd, # 25, Orlando, FL 32811",5100 Conroy Rd,# 25,Orlando,FL,32811,Orange,28.495994,-81.447782,condo,8890.0,Inactive,165000,2024-08-30T00:00:00.000Z,26,1.0,1.0,711.0,1988.0,12.013706813470414
"5471-Vineland-Rd,-Apt-7110,-Orlando,-FL-32811","5471 Vineland Rd, Apt 7110, Orlando, FL 32811",5471 Vineland Rd,Apt 7110,Orlando,FL,32811,Orange,28.485167,-81.451987,condo,12632.0,Inactive,215000,2024-09-10T00:00:00.000Z,15,1.0,1.0,645.0,2000.0,12.278397958261774
"4529-W-Gore-Ave,-Orlando,-FL-32811","4529 W Gore Ave, Orlando, FL 32811",4529 W Gore Ave,,Orlando,FL,32811,Orange,28.530938,-81.437358,single_family,13939.0,Inactive,345000,2024-09-21T00:00:00.000Z,3,3.0,2.0,1439.0,2024.0,12.75130259456002
"4535-W-Gore-Ave,-Orlando,-FL-32811","4535 W Gore Ave, Orlando, FL 32811",4535 W Gore Ave,,Orlando,FL,32811,Orange,28.530937,-81.437513,single_family,6912.0,Inactive,349900,2024-05-23T00:00:00.000Z,123,3.0,2.0,1439.0,2024.0,12.765405536311112
"1635-Ravenall-Ave,-Orlando,-FL-32811","1635 Ravenall Ave, Orlando, FL 32811",1635 Ravenall Ave,,Orlando,FL,32811,Orange,28.522529,-81.438773,single_family,6887.0,Inactive,299900,2024-08-26T00:00:00.000Z,28,3.0,1.5,1250.0,1971.0,12.611207699176356
"5262-Willow-Ct,---525,-Orlando,-FL-32811","5262 Willow Ct, # 525, Orlando, FL 32811",5262 Willow Ct,# 525,Orlando,FL,32811,Orange,28.495835,-81.450215,condo,2627.0,Inactive,260000,2024-07-10T00:00:00.000Z,74,2.0,2.5,1285.0,1986.0,12.468440756144114
"4805-W-Pine-St,-Orlando,-FL-32811","4805 W Pine St, Orlando, FL 32811",4805 W Pine St,,Orlando,FL,32811,Orange,28.540964,-81.443031,single_family,6740.0,Inactive,325000,2024-09-11T00:00:00.000Z,10,4.0,2.0,1345.0,2007.0,12.691583538230217
"3373-S-Kirkman-Rd,-Apt-922,-Orlando,-FL-32811","3373 S Kirkman Rd, Apt 922, Orlando, FL 32811",3373 S Kirkman Rd,Apt 922,Orlando,FL,32811,Orange,28.505222,-81.457028,condo,13504.0,Inactive,190000,2024-09-17T00:00:00.000Z,4,2.0,2.0,1212.0,1999.0,12.154784614286667
"5137-Dove-Tree-St,-Orlando,-FL-32811","5137 Dove Tree St, Orlando, FL 32811",5137 Dove Tree St,,Orlando,FL,32811,Orange,28.491446,-81.448614,single_family,5352.0,Inactive,679000,2024-03-05T00:00:00.000Z,199,4.0,2.5,2980.0,2014.0,13.428377879293798
"5120-Conroy-Rd,---12,-Orlando,-FL-32811","5120 Conroy Rd, # 12, Orlando, FL 32811",5120 Conroy Rd,# 12,Orlando,FL,32811,Orange,28.495161,-81.446218,condo,8978.0,Inactive,215000,2024-05-01T00:00:00.000Z,140,2.0,2.0,988.0,1988.0,12.278397958261774
"4526-Conley-St,-Orlando,-FL-32811","4526 Conley St, Orlando, FL 32811",4526 Conley St,,Orlando,FL,32811,Orange,28.532241,-81.437349,single_family,6785.0,Inactive,343000,2024-07-07T00:00:00.000Z,73,3.0,2.0,1483.0,2022.0,12.745488641595722
"4476-Evers-Pl,-Orlando,-FL-32811","4476 Evers Pl, Orlando, FL 32811",4476 Evers Pl,,Orlando,FL,32811,Orange,28.520523,-81.436145,single_family,6600.0,Inactive,286000,2024-07-11T00:00:00.000Z,69,3.0,1.5,1038.0,1967.0,12.563750586299374
"4453-Conley-St,-Orlando,-FL-32811","4453 Conley St, Orlando, FL 32811",4453 Conley St,,Orlando,FL,32811,Orange,28.532793,-81.436224,single_family,6926.0,Inactive,324000,2024-07-31T00:00:00.000Z,49,3.0,2.0,1225.0,2006.0,12.688501881189456
"5455-Vineland-Rd,-Apt-3201,-Orlando,-FL-32811","5455 Vineland Rd, Apt 3201, Orlando, FL 32811",5455 Vineland Rd,Apt 3201,Orlando,FL,32811,Orange,28.485841,-81.451439,condo,16988.0,Inactive,249000,2024-08-29T00:00:00.000Z,19,2.0,2.0,1004.0,2000.0,12.425212191503038
"3313-S-Kirkman-Rd,-Apt-226,-Orlando,-FL-32811","3313 S Kirkman Rd, Apt 226, Orlando, FL 32811",3313 S Kirkman Rd,Apt 226,Orlando,FL,32811,Orange,28.507972,-81.457863,condo,14810.0,Inactive,205000,2024-08-16T00:00:00.000Z,29,2.0,2.0,1105.0,1999.0,12.230770136157428
"5302-Dove-Tree-St,-Orlando,-FL-32811","5302 Dove Tree St, Orlando, FL 32811",5302 Dove Tree St,,Orlando,FL,32811,Orange,28.489671,-81.451567,single_family,5351.0,Inactive,499000,2024-08-28T00:00:00.000Z,16,3.0,2.0,1778.0,2014.0,13.120363378739663
"325-N-Pine-Hills-Rd,-Orlando,-FL-32811","325 N Pine Hills Rd, Orlando, FL 32811",325 N Pine Hills Rd,,Orlando,FL,32811,Orange,28.546245,-81.44729,single_family,12197.0,Inactive,259999,2024-06-21T00:00:00.000Z,83,3.0,2.0,1567.0,1948.0,12.468436909997665
"4336-S-Kirkman-Rd,-Apt-705,-Orlando,-FL-32811","4336 S Kirkman Rd, Apt 705, Orlando, FL 32811",4336 S Kirkman Rd,Apt 705,Orlando,FL,32811,Orange,28.497717,-81.461765,condo,7671.0,Inactive,164900,2024-06-26T00:00:00.000Z,78,1.0,1.0,729.0,1997.0,12.013100572810686
"5124-Conroy-Rd,-Unit-623,-Orlando,-FL-32811","5124 Conroy Rd, Unit 623, Orlando, FL 32811",5124 Conroy Rd,Unit 623,Orlando,FL,32811,Orange,28.494858,-81.445946,condo,8645.0,Inactive,160000,2024-02-06T00:00:00.000Z,218,1.0,1.0,711.0,1988.0,11.982935344196433
"1410-Kozart-Ct,-Orlando,-FL-32811","1410 Kozart Ct, Orlando, FL 32811",1410 Kozart Ct,,Orlando,FL,32811,Orange,28.524796,-81.439166,single_family,9630.0,Inactive,294900,2024-08-23T00:00:00.000Z,19,4.0,2.0,1396.0,1969.0,12.594394985777612
"5242-Lanette-St,-Orlando,-FL-32811","5242 Lanette St, Orlando, FL 32811",5242 Lanette St,,Orlando,FL,32811,Orange,28.525683,-81.449154,single_family,7142.0,Inactive,289900,2024-09-05T00:00:00.000Z,6,4.0,3.0,1566.0,1971.0,12.57729476436913
"5446-Cedar-Ln,-Orlando,-FL-32811","5446 Cedar Ln, Orlando, FL 32811",5446 Cedar Ln,,Orlando,FL,32811,Orange,28.53229,-81.454134,single_family,4631.0,Inactive,348900,2024-07-10T00:00:00.000Z,62,4.0,2.0,1438.0,1991.0,12.762543493321518
"37-Fanfair-Ave,-Orlando,-FL-32811","37 Fanfair Ave, Orlando, FL 32811",37 Fanfair Ave,,Orlando,FL,32811,Orange,28.540907,-81.436967,single_family,6463.0,Inactive,215000,2024-07-20T00:00:00.000Z,52,2.0,1.0,805.0,1968.0,12.278397958261774
"5124-Conroy-Rd,-Unit-622,-Orlando,-FL-32811","5124 Conroy Rd, Unit 622, Orlando, FL 32811",5124 Conroy Rd,Unit 622,Orlando,FL,32811,Orange,28.494858,-81.445946,condo,8645.0,Inactive,205000,2024-07-20T00:00:00.000Z,51,2.0,2.0,988.0,1988.0,12.230770136157428
"4255-Clarinda-St,-Orlando,-FL-32811","4255 Clarinda St, Orlando, FL 32811",4255 Clarinda St,,Orlando,FL,32811,Orange,28.543324,-81.43169,single_family,7405.0,Inactive,259900,2024-03-05T00:00:00.000Z,186,3.0,1.0,1043.0,1969.0,12.468056068255885
"5475-Vineland-Rd,-Apt-8306,-Orlando,-FL-32811","5475 Vineland Rd, Apt 8306, Orlando, FL 32811",5475 Vineland Rd,Apt 8306,Orlando,FL,32811,Orange,28.484714,-81.452122,condo,16553.0,Inactive,249900,2023-12-27T00:00:00.000Z,254,2.0,2.0,1093.0,2000.0,12.428820118415677
"4833-Cypress-Woods-Dr,-Apt-4202,-Orlando,-FL-32811","4833 Cypress Woods Dr, Apt 4202, Orlando, FL 32811",4833 Cypress Woods Dr,Apt 4202,Orlando,FL,32811,Orange,28.492899,-81.451607,condo,24394.0,Inactive,194000,2024-05-21T00:00:00.000Z,107,2.0,2.0,1107.0,2001.0,12.175618592671356
"2447-Messina-Ave,-Orlando,-FL-32811","2447 Messina Ave, Orlando, FL 32811",2447 Messina Ave,,Orlando,FL,32811,Orange,28.514922,-81.441426,single_family,7546.0,Inactive,319997,2024-08-22T00:00:00.000Z,14,3.0,2.0,1136.0,1972.0,12.676070024756378
"4325-Cassius-St,-Orlando,-FL-32811","4325 Cassius St, Orlando, FL 32811",4325 Cassius St,,Orlando,FL,32811,Orange,28.522248,-81.432917,single_family,6628.0,Inactive,259000,2024-08-26T00:00:00.000Z,10,3.0,2.0,1217.0,1965.0,12.464587201678082
"3307-S-Kirkman-Rd,-Apt-111,-Orlando,-FL-32811","3307 S Kirkman Rd, Apt 111, Orlando, FL 32811",3307 S Kirkman Rd,Apt 111,Orlando,FL,32811,Orange,28.507545,-81.458361,condo,13068.0,Inactive,190000,2024-07-05T00:00:00.000Z,60,2.0,2.0,1141.0,1999.0,12.154784614286667
"1013-Clovercrest-Rd,-Orlando,-FL-32811","1013 Clovercrest Rd, Orlando, FL 32811",1013 Clovercrest Rd,,Orlando,FL,32811,Orange,28.52892,-81.451059,single_family,3200.0,Inactive,374900,2024-03-21T00:00:00.000Z,162,3.0,2.5,1517.0,2024.0,12.834417270098413
"5209-Botany-Ct,-Orlando,-FL-32811","5209 Botany Ct, Orlando, FL 32811",5209 Botany Ct,,Orlando,FL,32811,Orange,28.527498,-81.449619,single_family,8138.0,Inactive,235000,2024-06-25T00:00:00.000Z,66,4.0,1.5,1353.0,1972.0,12.367345048436391
"4964-Creekside-Park-Ave,-Orlando,-FL-32811","4964 Creekside Park Ave, Orlando, FL 32811",4964 Creekside Park Ave,,Orlando,FL,32811,Orange,28.488091,-81.448564,single_family,5275.0,Inactive,756500,2024-07-17T00:00:00.000Z,43,4.0,2.5,2491.0,2013.0,13.536459134086739
"4806-Marks-Ter,---379,-Orlando,-FL-32811","4806 Marks Ter, # 379, Orlando, FL 32811",4806 Marks Ter,# 379,Orlando,FL,32811,Orange,28.496733,-81.443443,condo,7035.0,Inactive,225000,2024-08-03T00:00:00.000Z,24,2.0,2.0,1072.0,1984.0,12.323860125621126
"1874-Gammon-Ln,-Orlando,-FL-32811","1874 Gammon Ln, Orlando, FL 32811",1874 Gammon Ln,,Orlando,FL,32811,Orange,28.520108,-81.430006,single_family,8383.0,Inactive,279000,2024-05-20T00:00:00.000Z,96,4.0,2.0,1118.0,1968.0,12.53897064502647
"4815-Walden-Cir,---75,-Orlando,-FL-32811","4815 Walden Cir, # 75, Orlando, FL 32811",4815 Walden Cir,# 75,Orlando,FL,32811,Orange,28.489039,-81.443839,condo,5115.0,Inactive,299000,2024-08-03T00:00:00.000Z,20,2.0,2.5,1228.0,1987.0,12.608202196848836
"5578-Metrowest-Blvd,-Apt-311,-Orlando,-FL-32811","5578 Metrowest Blvd, Apt 311, Orlando, FL 32811",5578 Metrowest Blvd,Apt 311,Orlando,FL,32811,Orange,28.512564,-81.458004,condo,17424.0,Inactive,185000,2024-05-23T00:00:00.000Z,91,1.0,1.0,709.0,1999.0,12.128116509451258
"4932-College-Dr,-Orlando,-FL-32811","4932 College Dr, Orlando, FL 32811",4932 College Dr,,Orlando,FL,32811,Orange,28.534886,-81.445583,single_family,6735.0,Inactive,350000,2024-08-09T00:00:00.000Z,13,4.0,2.0,1547.0,2022.0,12.765691290604371
"327-Dover-St,-Orlando,-FL-32811","327 Dover St, Orlando, FL 32811",327 Dover St,,Orlando,FL,32811,Orange,28.546335,-81.445363,single_family,6255.0,Inactive,145000,2024-08-16T00:00:00.000Z,4,3.0,1.5,1260.0,1950.0,11.884495917930655
"5626-Blue-Shadows-Ct,---63-3,-Orlando,-FL-32811","5626 Blue Shadows Ct, # 63-3, Orlando, FL 32811",5626 Blue Shadows Ct,# 63-3,Orlando,FL,32811,Orange,28.498171,-81.457603,condo,2085.0,Inactive,185000,2024-04-05T00:00:00.000Z,136,2.0,2.0,948.0,1987.0,12.128116509451258
"1881-Patterson-Ave,-Orlando,-FL-32811","1881 Patterson Ave, Orlando, FL 32811",1881 Patterson Ave,,Orlando,FL,32811,Orange,28.520158,-81.432831,single_family,7000.0,Inactive,274900,2024-07-06T00:00:00.000Z,43,3.0,1.0,1050.0,1965.0,12.524166311833152
"4058-Ferrow-St,-Orlando,-FL-32811","4058 Ferrow St, Orlando, FL 32811",4058 Ferrow St,,Orlando,FL,32811,Orange,28.523585,-81.427256,single_family,5395.0,Inactive,145000,2024-08-15T00:00:00.000Z,2,3.0,1.0,1023.0,1959.0,11.884495917930655
"5283-Lanette-St,-Orlando,-FL-32811","5283 Lanette St, Orlando, FL 32811",5283 Lanette St,,Orlando,FL,32811,Orange,28.524511,-81.450416,single_family,6810.0,Inactive,289900,2024-08-09T00:00:00.000Z,7,4.0,2.0,1400.0,1971.0,12.57729476436913
"4995-Mercer-St,-Orlando,-FL-32811","4995 Mercer St, Orlando, FL 32811",4995 Mercer St,,Orlando,FL,32811,Orange,28.537228,-81.445999,single_family,6867.0,Inactive,349900,2024-07-19T00:00:00.000Z,27,3.0,2.0,1503.0,2024.0,12.765405536311112
"5452-Bayberry-Homes-Rd,-Orlando,-FL-32811","5452 Bayberry Homes Rd, Orlando, FL 32811",5452 Bayberry Homes Rd,,Orlando,FL,32811,Orange,28.531564,-81.454421,single_family,3801.0,Inactive,249900,2024-08-08T00:00:00.000Z,7,2.0,1.0,895.0,1990.0,12.428820118415677
"4659-Cason-Cove-Dr,-Apt-3033,-Orlando,-FL-32811","4659 Cason Cove Dr, Apt 3033, Orlando, FL 32811",4659 Cason Cove Dr,Apt 3033,Orlando,FL,32811,Orange,28.498625,-81.438847,condo,7133.0,Inactive,135000,2024-06-07T00:00:00.000Z,68,1.0,1.0,700.0,1988.0,11.813037464800539
"4609-Cason-Cove-Dr,-Apt-533,-Orlando,-FL-32811","4609 Cason Cove Dr, Apt 533, Orlando, FL 32811",4609 Cason Cove Dr,Apt 533,Orlando,FL,32811,Orange,28.496282,-81.437662,condo,5874.0,Inactive,132000,2024-06-06T00:00:00.000Z,69,1.0,1.0,600.0,1988.0,11.790564777297387
"5149-Vista-Lago-Dr,-Orlando,-FL-32811","5149 Vista Lago Dr, Orlando, FL 32811",5149 Vista Lago Dr,,Orlando,FL,32811,Orange,28.531293,-81.448796,single_family,5993.0,Inactive,350000,2024-07-03T00:00:00.000Z,42,3.0,2.5,1510.0,2003.0,12.765691290604371
"5147-Northlawn-Way,-Orlando,-FL-32811","5147 Northlawn Way, Orlando, FL 32811",5147 Northlawn Way,,Orlando,FL,32811,Orange,28.486941,-81.446665,single_family,5556.0,Inactive,569000,2024-07-20T00:00:00.000Z,25,4.0,2.5,2419.0,2012.0,13.251637470576167
"1787-Aaron-Ave,-Orlando,-FL-32811","1787 Aaron Ave, Orlando, FL 32811",1787 Aaron Ave,,Orlando,FL,32811,Orange,28.521337,-81.432005,single_family,6832.0,Inactive,219900,2024-07-10T00:00:00.000Z,34,3.0,1.5,1170.0,1965.0,12.300932724054114
"372-N-Pine-Hills-Rd,-Orlando,-FL-32811","372 N Pine Hills Rd, Orlando, FL 32811",372 N Pine Hills Rd,,Orlando,FL,32811,Orange,28.546583,-81.447875,single_family,6101.0,Inactive,409999,2024-06-01T00:00:00.000Z,72,7.0,3.0,1980.0,2012.0,12.92391243868049
"5455-Vineland-Rd,-Apt-3305,-Orlando,-FL-32811","5455 Vineland Rd, Apt 3305, Orlando, FL 32811",5455 Vineland Rd,Apt 3305,Orlando,FL,32811,Orange,28.485841,-81.451439,condo,16988.0,Inactive,244000,2024-04-18T00:00:00.000Z,113,2.0,2.0,1142.0,2000.0,12.404927602627597
"4992-Luna-Negra-Dr,-Orlando,-FL-32811","4992 Luna Negra Dr, Orlando, FL 32811",4992 Luna Negra Dr,,Orlando,FL,32811,Orange,28.5335,-81.446313,single_family,5498.0,Inactive,336995,2024-06-29T00:00:00.000Z,41,3.0,2.0,1152.0,2004.0,12.727826339827855
"2026-La-Due-Ct,-Orlando,-FL-32811","2026 La Due Ct, Orlando, FL 32811",2026 La Due Ct,,Orlando,FL,32811,Orange,28.517965,-81.440946,single_family,10890.0,Inactive,299000,2024-06-28T00:00:00.000Z,40,3.0,2.0,1151.0,1970.0,12.608202196848836
"5117-Millennia-Green-Dr,-Orlando,-FL-32811","5117 Millennia Green Dr, Orlando, FL 32811",5117 Millennia Green Dr,,Orlando,FL,32811,Orange,28.486307,-81.447682,single_family,5408.0,Inactive,565000,2024-07-02T00:00:00.000Z,35,4.0,2.5,2247.0,2013.0,13.244582780038517
"4354-Kirkland-Blvd,-Orlando,-FL-32811","4354 Kirkland Blvd, Orlando, FL 32811",4354 Kirkland Blvd,,Orlando,FL,32811,Orange,28.516139,-81.43316,single_family,7108.0,Inactive,229000,2024-08-03T00:00:00.000Z,3,4.0,2.0,1727.0,1965.0,12.34148164933907
"4355-Royal-Ivey-Gardens-Ct,-Orlando,-FL-32811","4355 Royal Ivey Gardens Ct, Orlando, FL 32811",4355 Royal Ivey Gardens Ct,,Orlando,FL,32811,Orange,28.54062,-81.433579,single_family,7499.0,Inactive,370000,2023-10-03T00:00:00.000Z,305,3.0,2.5,2200.0,1970.0,12.821260987319457
"5112-Conroy-Rd,-Unit-322,-Orlando,-FL-32811","5112 Conroy Rd, Unit 322, Orlando, FL 32811",5112 Conroy Rd,Unit 322,Orlando,FL,32811,Orange,28.49581,-81.447206,condo,8770.0,Inactive,179500,2024-04-24T00:00:00.000Z,101,2.0,2.0,988.0,1988.0,12.097936057925594
"4742-Capri-Pl,---214,-Orlando,-FL-32811","4742 Capri Pl, # 214, Orlando, FL 32811",4742 Capri Pl,# 214,Orlando,FL,32811,Orange,28.494792,-81.440903,condo,7035.0,Inactive,195000,2024-07-19T00:00:00.000Z,15,2.0,2.0,860.0,1985.0,12.180759965737863
"404-Hope-Cir,-Orlando,-FL-32811","404 Hope Cir, Orlando, FL 32811",404 Hope Cir,,Orlando,FL,32811,Orange,28.546851,-81.451448,single_family,5997.0,Inactive,334900,2024-03-26T00:00:00.000Z,129,4.0,2.0,1396.0,2002.0,12.721590244743798
"4446-Lenox-Blvd,-Orlando,-FL-32811","4446 Lenox Blvd, Orlando, FL 32811",4446 Lenox Blvd,,Orlando,FL,32811,Orange,28.528469,-81.436355,single_family,6098.0,Inactive,269900,2024-05-30T00:00:00.000Z,63,3.0,2.0,1074.0,1967.0,12.505810504075185
"4716-Walden-Cir,-Apt-1621,-Orlando,-FL-32811","4716 Walden Cir, Apt 1621, Orlando, FL 32811",4716 Walden Cir,Apt 1621,Orlando,FL,32811,Orange,28.491035,-81.442986,condo,6898.0,Inactive,175000,2024-05-07T00:00:00.000Z,85,2.0,2.0,956.0,1988.0,12.07254696717504
"5157-Northlawn-Way,-Orlando,-FL-32811","5157 Northlawn Way, Orlando, FL 32811",5157 Northlawn Way,,Orlando,FL,32811,Orange,28.486688,-81.446481,single_family,5078.0,Inactive,579000,2024-07-11T00:00:00.000Z,20,4.0,2.5,2375.0,2013.0,13.269059483669357
"4881-Cypress-Woods-Dr,-Apt-3204,-Orlando,-FL-32811","4881 Cypress Woods Dr, Apt 3204, Orlando, FL 32811",4881 Cypress Woods Dr,Apt 3204,Orlando,FL,32811,Orange,28.493626,-81.451883,condo,24394.0,Inactive,268000,2024-02-28T00:00:00.000Z,153,3.0,2.0,1351.0,2000.0,12.498745990829315
"695-Cornelia-Ct,-Orlando,-FL-32811","695 Cornelia Ct, Orlando, FL 32811",695 Cornelia Ct,,Orlando,FL,32811,Orange,28.533408,-81.44232,single_family,7694.0,Inactive,274900,2024-07-08T00:00:00.000Z,22,3.0,2.0,1258.0,1973.0,12.524166311833152
"2148-Messina-Ave,-Orlando,-FL-32811","2148 Messina Ave, Orlando, FL 32811",2148 Messina Ave,,Orlando,FL,32811,Orange,28.516902,-81.44179,single_family,6658.0,Inactive,258000,2024-07-17T00:00:00.000Z,13,4.0,1.5,1248.0,1970.0,12.460718739865236
"4708-Capri-Pl,---227,-Orlando,-FL-32811","4708 Capri Pl, # 227, Orlando, FL 32811",4708 Capri Pl,# 227,Orlando,FL,32811,Orange,28.494618,-81.440437,townhouse,3597.0,Inactive,245000,2024-07-26T00:00:00.000Z,4,2.0,2.0,1105.0,1985.0,12.409017571151187
"4202-Covington-St,-Orlando,-FL-32811","4202 Covington St, Orlando, FL 32811",4202 Covington St,,Orlando,FL,32811,Orange,28.519091,-81.43032,single_family,7000.0,Inactive,269900,2024-05-22T00:00:00.000Z,68,3.0,1.5,1020.0,1964.0,12.505810504075185
"4207-Lake-Richmond-Dr,-Orlando,-FL-32811","4207 Lake Richmond Dr, Orlando, FL 32811",4207 Lake Richmond Dr,,Orlando,FL,32811,Orange,28.511513,-81.430227,single_family,6655.0,Inactive,254900,2024-07-16T00:00:00.000Z,12,3.0,1.0,974.0,1968.0,12.448630513463613
"4617-Cason-Cove-Dr,-Apt-921,-Orlando,-FL-32811","4617 Cason Cove Dr, Apt 921, Orlando, FL 32811",4617 Cason Cove Dr,Apt 921,Orlando,FL,32811,Orange,28.497286,-81.436344,condo,7035.0,Inactive,169000,2024-06-14T00:00:00.000Z,43,1.0,1.0,700.0,1988.0,12.037659911047468
"2703-Messina-Ave,-Orlando,-FL-32811","2703 Messina Ave, Orlando, FL 32811",2703 Messina Ave,,Orlando,FL,32811,Orange,28.513653,-81.440989,single_family,6662.0,Inactive,299900,2024-07-25T00:00:00.000Z,2,4.0,2.0,1400.0,1980.0,12.611207699176356
"4574-Ebony-St,-Orlando,-FL-32811","4574 Ebony St, Orlando, FL 32811",4574 Ebony St,,Orlando,FL,32811,Orange,28.537514,-81.437731,single_family,6530.0,Inactive,249500,2024-06-02T00:00:00.000Z,54,3.0,1.0,836.0,1967.0,12.427218202181711
"5152-Conroy-Rd,-Unit-25,-Orlando,-FL-32811","5152 Conroy Rd, Unit 25, Orlando, FL 32811",5152 Conroy Rd,Unit 25,Orlando,FL,32811,Orange,28.493566,-81.445987,condo,6711.0,Inactive,158900,2024-07-19T00:00:00.000Z,7,1.0,1.0,597.0,1988.0,11.97603664577121
"4748-Walden-Cir,---33,-Orlando,-FL-32811","4748 Walden Cir, # 33, Orlando, FL 32811",4748 Walden Cir,# 33,Orlando,FL,32811,Orange,28.489658,-81.442495,condo,6909.0,Inactive,165000,2024-06-25T00:00:00.000Z,30,1.0,1.0,760.0,1988.0,12.013706813470414
"5152-Conroy-Rd,---25,-Orlando,-FL-32811","5152 Conroy Rd, # 25, Orlando, FL 32811",5152 Conroy Rd,# 25,Orlando,FL,32811,Orange,28.493566,-81.445987,condo,6711.0,Inactive,158900,2024-07-18T00:00:00.000Z,7,1.0,1.0,597.0,1988.0,11.97603664577121
"4780-Goldsboro-Ct,-Orlando,-FL-32811","4780 Goldsboro Ct, Orlando, FL 32811",4780 Goldsboro Ct,,Orlando,FL,32811,Orange,28.524622,-81.441973,single_family,11761.0,Inactive,189900,2024-05-14T00:00:00.000Z,70,3.0,1.0,640.0,1981.0,12.15425816271595
"5572-Metrowest-Blvd,-Apt-202,-Orlando,-FL-32811","5572 Metrowest Blvd, Apt 202, Orlando, FL 32811",5572 Metrowest Blvd,Apt 202,Orlando,FL,32811,Orange,28.511778,-81.457329,condo,18295.0,Inactive,210000,2024-06-18T00:00:00.000Z,35,2.0,2.0,1159.0,1999.0,12.25486757159303
"5104-Conroy-Rd,-Unit-228,-Orlando,-FL-32811","5104 Conroy Rd, Unit 228, Orlando, FL 32811",5104 Conroy Rd,Unit 228,Orlando,FL,32811,Orange,28.496141,-81.447411,condo,8799.0,Inactive,179500,2024-07-09T00:00:00.000Z,14,2.0,2.0,988.0,1988.0,12.097936057925594
"4066-Ford-St,-Orlando,-FL-32811","4066 Ford St, Orlando, FL 32811",4066 Ford St,,Orlando,FL,32811,Orange,28.522179,-81.427315,single_family,6825.0,Inactive,224900,2024-07-12T00:00:00.000Z,11,2.0,1.0,748.0,1951.0,12.323415584358154
"5370-Bamboo-Ct,---478,-Orlando,-FL-32811","5370 Bamboo Ct, # 478, Orlando, FL 32811",5370 Bamboo Ct,# 478,Orlando,FL,32811,Orange,28.496116,-81.452258,condo,2667.0,Inactive,259000,2024-07-15T00:00:00.000Z,8,2.0,2.5,1285.0,1986.0,12.464587201678082
"4535-America-St,-Orlando,-FL-32811","4535 America St, Orlando, FL 32811",4535 America St,,Orlando,FL,32811,Orange,28.533711,-81.437494,single_family,6912.0,Inactive,289900,2024-07-18T00:00:00.000Z,5,3.0,2.0,1276.0,2021.0,12.57729476436913
"5124-Conroy-Rd,---22,-Orlando,-FL-32811","5124 Conroy Rd, # 22, Orlando, FL 32811",5124 Conroy Rd,# 22,Orlando,FL,32811,Orange,28.494824,-81.445831,condo,8645.0,Inactive,194900,2024-07-20T00:00:00.000Z,2,2.0,2.0,988.0,1988.0,12.180247016318816
"3307-S-Kirkman-Rd,-Apt-110,-Orlando,-FL-32811","3307 S Kirkman Rd, Apt 110, Orlando, FL 32811",3307 S Kirkman Rd,Apt 110,Orlando,FL,32811,Orange,28.507545,-81.458361,condo,13068.0,Inactive,200000,2024-04-15T00:00:00.000Z,97,2.0,2.0,1141.0,1999.0,12.206077645517674
"4659-Cason-Cove-Dr,-Apt-3026,-Orlando,-FL-32811","4659 Cason Cove Dr, Apt 3026, Orlando, FL 32811",4659 Cason Cove Dr,Apt 3026,Orlando,FL,32811,Orange,28.498625,-81.438847,condo,7035.0,Inactive,149500,2024-02-25T00:00:00.000Z,146,1.0,1.0,700.0,1988.0,11.915058360753719
"5144-Conroy-Rd,-Unit-1023,-Orlando,-FL-32811","5144 Conroy Rd, Unit 1023, Orlando, FL 32811",5144 Conroy Rd,Unit 1023,Orlando,FL,32811,Orange,28.493374,-81.445128,condo,10019.0,Inactive,179000,2024-03-07T00:00:00.000Z,134,2.0,2.0,1028.0,1988.0,12.095146671399466
"1878-Aaron-Ave,-Orlando,-FL-32811","1878 Aaron Ave, Orlando, FL 32811",1878 Aaron Ave,,Orlando,FL,32811,Orange,28.520162,-81.432519,single_family,7000.0,Inactive,268000,2024-06-10T00:00:00.000Z,39,3.0,2.0,1374.0,1965.0,12.498745990829315
"4708-Walden-Cir,---22,-Orlando,-FL-32811","4708 Walden Cir, # 22, Orlando, FL 32811",4708 Walden Cir,# 22,Orlando,FL,32811,Orange,28.490584,-81.441823,condo,6870.0,Inactive,210000,2024-07-16T00:00:00.000Z,3,2.0,2.0,1020.0,1988.0,12.25486757159303
"5331-Vineland-Rd,---206,-Orlando,-FL-32811","5331 Vineland Rd, # 206, Orlando, FL 32811",5331 Vineland Rd,# 206,Orlando,FL,32811,Orange,28.483525,-81.446734,condo,7165.0,Inactive,209000,2024-05-16T00:00:00.000Z,63,2.0,2.0,1048.0,1986.0,12.250094315624496
"5124-Conroy-Rd,---18,-Orlando,-FL-32811","5124 Conroy Rd, # 18, Orlando, FL 32811",5124 Conroy Rd,# 18,Orlando,FL,32811,Orange,28.494824,-81.445831,condo,8645.0,Inactive,185000,2023-10-06T00:00:00.000Z,285,2.0,2.0,988.0,1988.0,12.128116509451258
"5120-Conroy-Rd,---18,-Orlando,-FL-32811","5120 Conroy Rd, # 18, Orlando, FL 32811",5120 Conroy Rd,# 18,Orlando,FL,32811,Orange,28.495161,-81.446218,condo,7035.0,Inactive,190000,2024-04-29T00:00:00.000Z,79,2.0,2.0,988.0,1988.0,12.154784614286667
"1051-Inkberry-Ct,-Orlando,-FL-32811","1051 Inkberry Ct, Orlando, FL 32811",1051 Inkberry Ct,,Orlando,FL,32811,Orange,28.528407,-81.448948,single_family,3481.0,Inactive,306669,2024-06-14T00:00:00.000Z,31,3.0,2.0,1009.0,1991.0,12.633527529863258
"4647-Cason-Cove-Dr,-Apt-2426,-Orlando,-FL-32811","4647 Cason Cove Dr, Apt 2426, Orlando, FL 32811",4647 Cason Cove Dr,Apt 2426,Orlando,FL,32811,Orange,28.498931,-81.438704,condo,5791.0,Inactive,129900,2024-06-24T00:00:00.000Z,21,1.0,1.0,600.0,1988.0,11.774527900858468
"5144-Conroy-Rd,---27,-Orlando,-FL-32811","5144 Conroy Rd, # 27, Orlando, FL 32811",5144 Conroy Rd,# 27,Orlando,FL,32811,Orange,28.493518,-81.445109,condo,10019.0,Inactive,225000,2024-03-25T00:00:00.000Z,111,3.0,2.0,1237.0,1988.0,12.323860125621126
"5231-Lanette-St,-Orlando,-FL-32811","5231 Lanette St, Orlando, FL 32811",5231 Lanette St,,Orlando,FL,32811,Orange,28.526197,-81.449348,single_family,6816.0,Inactive,253900,2023-12-03T00:00:00.000Z,223,3.0,1.5,996.0,1971.0,12.444699706243501
"4566-Marshall-St,-Orlando,-FL-32811","4566 Marshall St, Orlando, FL 32811",4566 Marshall St,,Orlando,FL,32811,Orange,28.516867,-81.437319,single_family,6599.0,Inactive,310000,2024-05-24T00:00:00.000Z,50,3.0,2.0,1283.0,1968.0,12.644330802262578
"4750-Miramar-Rd,-Orlando,-FL-32811","4750 Miramar Rd, Orlando, FL 32811",4750 Miramar Rd,,Orlando,FL,32811,Orange,28.520989,-81.441479,single_family,6820.0,Inactive,285000,2024-06-14T00:00:00.000Z,29,3.0,1.5,1300.0,1971.0,12.560247968016562
"5407-Timberchase-Ct,-Orlando,-FL-32811","5407 Timberchase Ct, Orlando, FL 32811",5407 Timberchase Ct,,Orlando,FL,32811,Orange,28.530825,-81.453218,single_family,4601.0,Inactive,289990,2024-04-19T00:00:00.000Z,84,3.0,2.0,1008.0,1990.0,12.57760516699832
"4185-Pinebark-Ave,---4,-Orlando,-FL-32811","4185 Pinebark Ave, # 4, Orlando, FL 32811",4185 Pinebark Ave,# 4,Orlando,FL,32811,Orange,28.500707,-81.457079,condo,2564.0,Inactive,199900,2024-05-06T00:00:00.000Z,67,2.0,1.0,889.0,1974.0,12.20557752297723
"129-Hope-Cir,-Orlando,-FL-32811","129 Hope Cir, Orlando, FL 32811",129 Hope Cir,,Orlando,FL,32811,Orange,28.543611,-81.451532,single_family,8513.0,Inactive,364900,2024-06-04T00:00:00.000Z,38,4.0,3.0,1800.0,2024.0,12.807381362897626
"4177-Gallimore-St,-Orlando,-FL-32811","4177 Gallimore St, Orlando, FL 32811",4177 Gallimore St,,Orlando,FL,32811,Orange,28.518107,-81.42974,single_family,6600.0,Inactive,289000,2024-04-03T00:00:00.000Z,99,3.0,1.0,1200.0,1962.0,12.574185427296195
"2030-Fiesta-Ct,-Orlando,-FL-32811","2030 Fiesta Ct, Orlando, FL 32811",2030 Fiesta Ct,,Orlando,FL,32811,Orange,28.51774,-81.440146,single_family,6672.0,Inactive,260000,2024-02-13T00:00:00.000Z,148,3.0,1.5,1100.0,1970.0,12.468440756144114
"4456-Kirkland-Blvd,-Orlando,-FL-32811","4456 Kirkland Blvd, Orlando, FL 32811",4456 Kirkland Blvd,,Orlando,FL,32811,Orange,28.516118,-81.435513,single_family,6889.0,Inactive,289900,2024-05-18T00:00:00.000Z,53,4.0,2.0,1129.0,1968.0,12.57729476436913
"4744-Walden-Cir,-Apt-928,-Orlando,-FL-32811","4744 Walden Cir, Apt 928, Orlando, FL 32811",4744 Walden Cir,Apt 928,Orlando,FL,32811,Orange,28.4895,-81.442932,condo,6430.0,Inactive,179900,2024-07-05T00:00:00.000Z,5,2.0,2.0,1020.0,1988.0,12.100161978566867
"4208-Lenox-Blvd,-Orlando,-FL-32811","4208 Lenox Blvd, Orlando, FL 32811",4208 Lenox Blvd,,Orlando,FL,32811,Orange,28.528546,-81.430733,single_family,6850.0,Inactive,268000,2023-08-18T00:00:00.000Z,326,3.0,2.0,1092.0,1985.0,12.498745990829315
"5369-Dove-Tree-St,-Orlando,-FL-32811","5369 Dove Tree St, Orlando, FL 32811",5369 Dove Tree St,,Orlando,FL,32811,Orange,28.490525,-81.45271,single_family,7090.0,Inactive,670000,2024-05-04T00:00:00.000Z,63,5.0,3.5,3000.0,2014.0,13.415034483903348
"5120-Conroy-Rd,---37,-Orlando,-FL-32811","5120 Conroy Rd, # 37, Orlando, FL 32811",5120 Conroy Rd,# 37,Orlando,FL,32811,Orange,28.495161,-81.446218,condo,8978.0,Inactive,204900,2024-06-03T00:00:00.000Z,31,2.0,2.0,988.0,1988.0,12.230282214644559
"5378-Cedrela-St,-Orlando,-FL-32811","5378 Cedrela St, Orlando, FL 32811",5378 Cedrela St,,Orlando,FL,32811,Orange,28.485362,-81.45033,single_family,5254.0,Inactive,600000,2024-06-30T00:00:00.000Z,3,4.0,2.5,2348.0,2015.0,13.304686600863562
"3325-S-Kirkman-Rd,-Apt-417,-Orlando,-FL-32811","3325 S Kirkman Rd, Apt 417, Orlando, FL 32811",3325 S Kirkman Rd,Apt 417,Orlando,FL,32811,Orange,28.508028,-81.457119,condo,12632.0,Inactive,200000,2024-02-27T00:00:00.000Z,125,2.0,1.0,1077.0,1999.0,12.206077645517674
"1947-Ravenall-Ave,-Orlando,-FL-32811","1947 Ravenall Ave, Orlando, FL 32811",1947 Ravenall Ave,,Orlando,FL,32811,Orange,28.518755,-81.438742,single_family,7613.0,Inactive,330000,2024-06-14T00:00:00.000Z,16,4.0,1.5,1248.0,1970.0,12.706850963741102
"4714-Kirkland-Blvd,-Orlando,-FL-32811","4714 Kirkland Blvd, Orlando, FL 32811",4714 Kirkland Blvd,,Orlando,FL,32811,Orange,28.51608,-81.440411,single_family,6745.0,Inactive,274999,2024-04-29T00:00:00.000Z,61,4.0,1.5,1248.0,1970.0,12.524526376648708
"1884-Willie-Mays-Pkwy,-Orlando,-FL-32811","1884 Willie Mays Pkwy, Orlando, FL 32811",1884 Willie Mays Pkwy,,Orlando,FL,32811,Orange,28.519652,-81.438267,single_family,6690.0,Inactive,299900,2024-05-01T00:00:00.000Z,59,4.0,2.0,1576.0,1967.0,12.611207699176356
"4264-Kirkland-Blvd,-Orlando,-FL-32811","4264 Kirkland Blvd, Orlando, FL 32811",4264 Kirkland Blvd,,Orlando,FL,32811,Orange,28.516155,-81.431399,single_family,6638.0,Inactive,255000,2024-06-25T00:00:00.000Z,4,3.0,1.0,900.0,1964.0,12.449022745701502
"4817-Cypress-Woods-Dr,-Apt-5303,-Orlando,-FL-32811","4817 Cypress Woods Dr, Apt 5303, Orlando, FL 32811",4817 Cypress Woods Dr,Apt 5303,Orlando,FL,32811,Orange,28.49309,-81.45089,condo,16553.0,Inactive,239500,2024-05-03T00:00:00.000Z,56,3.0,2.0,1405.0,2001.0,12.386312871189734
"1021-Campanella-Ave,-Orlando,-FL-32811","1021 Campanella Ave, Orlando, FL 32811",1021 Campanella Ave,,Orlando,FL,32811,Orange,28.528128,-81.436348,single_family,6299.0,Inactive,334900,2024-05-13T00:00:00.000Z,46,5.0,2.0,1965.0,1963.0,12.721590244743798
"4434-Middlebrook-Rd,---4434,-Orlando,-FL-32811","4434 Middlebrook Rd, # 4434, Orlando, FL 32811",4434 Middlebrook Rd,# 4434,Orlando,FL,32811,Orange,28.497769,-81.454127,condo,7250.0,Inactive,359000,2023-12-11T00:00:00.000Z,198,3.0,3.0,1447.0,1984.0,12.791080452981857
"4312-S-Kirkman-Rd,-Apt-1412,-Orlando,-FL-32811","4312 S Kirkman Rd, Apt 1412, Orlando, FL 32811",4312 S Kirkman Rd,Apt 1412,Orlando,FL,32811,Orange,28.498485,-81.46081,condo,7671.0,Inactive,179000,2024-02-22T00:00:00.000Z,125,2.0,2.0,1042.0,1997.0,12.095146671399466
"4568-Kirkland-Blvd,-Orlando,-FL-32811","4568 Kirkland Blvd, Orlando, FL 32811",4568 Kirkland Blvd,,Orlando,FL,32811,Orange,28.516101,-81.437336,single_family,6921.0,Inactive,265000,2024-06-21T00:00:00.000Z,5,4.0,1.5,1230.0,1968.0,12.487488878546145
"4744-Walden-Cir,---27,-Orlando,-FL-32811","4744 Walden Cir, # 27, Orlando, FL 32811",4744 Walden Cir,# 27,Orlando,FL,32811,Orange,28.4895,-81.44293,condo,6430.0,Inactive,199000,2024-06-06T00:00:00.000Z,19,2.0,2.0,956.0,1988.0,12.201065128819632
"400-Fred-St,-Orlando,-FL-32811","400 Fred St, Orlando, FL 32811",400 Fred St,,Orlando,FL,32811,Orange,28.546979,-81.450565,single_family,10454.0,Inactive,420000,2024-06-11T00:00:00.000Z,14,4.0,2.5,1555.0,2024.0,12.948012371209098
"1743-Ravenall-Ave,-Orlando,-FL-32811","1743 Ravenall Ave, Orlando, FL 32811",1743 Ravenall Ave,,Orlando,FL,32811,Orange,28.521243,-81.43876,single_family,7657.0,Inactive,280000,2024-01-17T00:00:00.000Z,158,3.0,2.0,1237.0,1971.0,12.54254845357358
"4308-S-Kirkman-Rd,-Apt-1704,-Orlando,-FL-32811","4308 S Kirkman Rd, Apt 1704, Orlando, FL 32811",4308 S Kirkman Rd,Apt 1704,Orlando,FL,32811,Orange,28.499019,-81.460442,condo,7671.0,Inactive,185000,2024-04-15T00:00:00.000Z,67,2.0,2.0,1042.0,1997.0,12.128116509451258
"4649-Cason-Cove-Dr,-Apt-2513,-Orlando,-FL-32811","4649 Cason Cove Dr, Apt 2513, Orlando, FL 32811",4649 Cason Cove Dr,Apt 2513,Orlando,FL,32811,Orange,28.499304,-81.438864,condo,7296.0,Inactive,129000,2024-06-13T00:00:00.000Z,8,1.0,1.0,700.0,1988.0,11.767575435251748
"4438-Ivey-Ct,-Orlando,-FL-32811","4438 Ivey Ct, Orlando, FL 32811",4438 Ivey Ct,,Orlando,FL,32811,Orange,28.539165,-81.4355,single_family,8246.0,Inactive,299000,2024-04-24T00:00:00.000Z,56,4.0,1.0,1052.0,1967.0,12.608202196848836
"220-Pearlwood-St,-Orlando,-FL-32811","220 Pearlwood St, Orlando, FL 32811",220 Pearlwood St,,Orlando,FL,32811,Orange,28.544972,-81.446905,single_family,12632.0,Inactive,307000,2024-06-08T00:00:00.000Z,11,3.0,2.0,1410.0,1955.0,12.634606283893019
"4650-Miramar-Rd,-Orlando,-FL-32811","4650 Miramar Rd, Orlando, FL 32811",4650 Miramar Rd,,Orlando,FL,32811,Orange,28.520457,-81.439637,single_family,7062.0,Inactive,275000,2024-02-24T00:00:00.000Z,115,3.0,1.5,1250.0,1971.0,12.524530013005734
"5582-Slash-Pine-Ct,---4,-Orlando,-FL-32811","5582 Slash Pine Ct, # 4, Orlando, FL 32811",5582 Slash Pine Ct,# 4,Orlando,FL,32811,Orange,28.499651,-81.456491,condo,2564.0,Inactive,169900,2024-06-08T00:00:00.000Z,10,2.0,2.0,889.0,1974.0,12.042971193457888
"4934-Elese-St,-Orlando,-FL-32811","4934 Elese St, Orlando, FL 32811",4934 Elese St,,Orlando,FL,32811,Orange,28.526351,-81.445495,single_family,7041.0,Inactive,280000,2024-05-10T00:00:00.000Z,36,3.0,1.0,1049.0,1970.0,12.54254845357358
"4523-Weldon-Pl,-Orlando,-FL-32811","4523 Weldon Pl, Orlando, FL 32811",4523 Weldon Pl,,Orlando,FL,32811,Orange,28.519525,-81.436954,single_family,6600.0,Inactive,245000,2024-06-06T00:00:00.000Z,9,3.0,1.5,1410.0,1967.0,12.409017571151187
"4698-Sussex-Ter,---101,-Orlando,-FL-32811","4698 Sussex Ter, # 101, Orlando, FL 32811",4698 Sussex Ter,# 101,Orlando,FL,32811,Orange,28.493927,-81.440852,condo,60113.0,Inactive,247000,2024-05-16T00:00:00.000Z,28,3.0,2.0,1263.0,1990.0,12.417147664184915
"140-Oakbranch-Ave,-Orlando,-FL-32811","140 Oakbranch Ave, Orlando, FL 32811",140 Oakbranch Ave,,Orlando,FL,32811,Orange,28.542377,-81.454681,manufactured,7035.0,Inactive,32900,2024-05-28T00:00:00.000Z,14,1.0,1.5,492.0,2006.0,10.401258331428318
"4077-Shellman-St,-Orlando,-FL-32811","4077 Shellman St, Orlando, FL 32811",4077 Shellman St,,Orlando,FL,32811,Orange,28.524735,-81.427592,single_family,5990.0,Inactive,239000,2024-06-01T00:00:00.000Z,10,2.0,1.0,893.0,1957.0,12.384223015005313
"4116-Yellow-Pine-Ln,-Unit-28-4,-Orlando,-FL-32811","4116 Yellow Pine Ln, Unit 28-4, Orlando, FL 32811",4116 Yellow Pine Ln,Unit 28-4,Orlando,FL,32811,Orange,28.500682,-81.456239,condo,7035.0,Inactive,199900,2023-10-12T00:00:00.000Z,242,2.0,1.0,889.0,1974.0,12.20557752297723
"4116-Yellow-Pine-Ln,---28-4,-Orlando,-FL-32811","4116 Yellow Pine Ln, # 28-4, Orlando, FL 32811",4116 Yellow Pine Ln,# 28-4,Orlando,FL,32811,Orange,28.500682,-81.456239,condo,7035.0,Inactive,199900,2023-10-10T00:00:00.000Z,243,2.0,1.0,889.0,1974.0,12.20557752297723
"4073-Nimons-St,-Orlando,-FL-32811","4073 Nimons St, Orlando, FL 32811",4073 Nimons St,,Orlando,FL,32811,Orange,28.521802,-81.427467,single_family,6830.0,Inactive,235000,2024-02-14T00:00:00.000Z,116,2.0,1.0,748.0,1951.0,12.367345048436391
"5288-Middle-Ct,---118,-Orlando,-FL-32811","5288 Middle Ct, # 118, Orlando, FL 32811",5288 Middle Ct,# 118,Orlando,FL,32811,Orange,28.49774,-81.451224,condo,2576.0,Inactive,249900,2024-05-25T00:00:00.000Z,14,2.0,2.5,1285.0,1985.0,12.428820118415677
"124-Hope-Cir,-Orlando,-FL-32811","124 Hope Cir, Orlando, FL 32811",124 Hope Cir,,Orlando,FL,32811,Orange,28.543016,-81.4516,single_family,9437.0,Inactive,280000,2023-12-18T00:00:00.000Z,172,3.0,1.5,1167.0,1959.0,12.54254845357358
"4611-Cason-Cove-Dr,-Apt-621,-Orlando,-FL-32811","4611 Cason Cove Dr, Apt 621, Orlando, FL 32811",4611 Cason Cove Dr,Apt 621,Orlando,FL,32811,Orange,28.496638,-81.43732,condo,6467.0,Inactive,163000,2024-05-25T00:00:00.000Z,13,2.0,2.0,900.0,1988.0,12.001511614739405
"5295-Creekside-Park-Ave,-Orlando,-FL-32811","5295 Creekside Park Ave, Orlando, FL 32811",5295 Creekside Park Ave,,Orlando,FL,32811,Orange,28.485135,-81.445557,single_family,5408.0,Inactive,549000,2024-02-14T00:00:00.000Z,113,4.0,2.5,2308.0,2013.0,13.215855541983634
"4822-Edgemoor-Ave,-Orlando,-FL-32811","4822 Edgemoor Ave, Orlando, FL 32811",4822 Edgemoor Ave,,Orlando,FL,32811,Orange,28.542232,-81.443797,single_family,6792.0,Inactive,279000,2024-04-18T00:00:00.000Z,49,3.0,2.0,1170.0,2006.0,12.53897064502647
"1849-S-Ivey-Ln,-Orlando,-FL-32811","1849 S Ivey Ln, Orlando, FL 32811",1849 S Ivey Ln,,Orlando,FL,32811,Orange,28.520455,-81.433831,single_family,6587.0,Inactive,299300,2024-05-24T00:00:00.000Z,13,3.0,2.0,1371.0,1966.0,12.60920503496451
"4420-Raleigh-St,-Orlando,-FL-32811","4420 Raleigh St, Orlando, FL 32811",4420 Raleigh St,,Orlando,FL,32811,Orange,28.527597,-81.435248,single_family,5303.0,Inactive,130000,2024-04-04T00:00:00.000Z,62,1.0,1.0,520.0,1963.0,11.775297421715827
"4324-S-Kirkman-Rd,-Apt-1114,-Orlando,-FL-32811","4324 S Kirkman Rd, Apt 1114, Orlando, FL 32811",4324 S Kirkman Rd,Apt 1114,Orlando,FL,32811,Orange,28.498496,-81.461745,condo,1245.0,Inactive,224900,2024-03-08T00:00:00.000Z,86,3.0,2.0,1245.0,1997.0,12.323415584358154
"4657-Cason-Cove-Dr,-Apt-2923,-Orlando,-FL-32811","4657 Cason Cove Dr, Apt 2923, Orlando, FL 32811",4657 Cason Cove Dr,Apt 2923,Orlando,FL,32811,Orange,28.498788,-81.439276,condo,6314.0,Inactive,165000,2023-11-08T00:00:00.000Z,206,2.0,2.0,900.0,1988.0,12.013706813470414
"4300-Lenox-Blvd,-Orlando,-FL-32811","4300 Lenox Blvd, Orlando, FL 32811",4300 Lenox Blvd,,Orlando,FL,32811,Orange,28.528534,-81.432665,single_family,7534.0,Inactive,367000,2023-11-29T00:00:00.000Z,185,4.0,2.0,1653.0,2023.0,12.813119851828635
"4410-Middlebrook-Rd,---4410,-Orlando,-FL-32811","4410 Middlebrook Rd, # 4410, Orlando, FL 32811",4410 Middlebrook Rd,# 4410,Orlando,FL,32811,Orange,28.498178,-81.453781,condo,10019.0,Inactive,260000,2024-03-01T00:00:00.000Z,92,3.0,2.5,1447.0,1984.0,12.468440756144114
"4633-Cason-Cove-Dr,-Apt-1714,-Orlando,-FL-32811","4633 Cason Cove Dr, Apt 1714, Orlando, FL 32811",4633 Cason Cove Dr,Apt 1714,Orlando,FL,32811,Orange,28.497767,-81.437564,condo,7211.0,Inactive,129900,2024-05-08T00:00:00.000Z,23,1.0,1.0,700.0,1988.0,11.774527900858468
"5419-Cedar-Ln,-Orlando,-FL-32811","5419 Cedar Ln, Orlando, FL 32811",5419 Cedar Ln,,Orlando,FL,32811,Orange,28.53261,-81.452916,single_family,5822.0,Inactive,330000,2024-05-08T00:00:00.000Z,23,3.0,2.0,1221.0,1992.0,12.706850963741102
"4072-Ford-St,-Orlando,-FL-32811","4072 Ford St, Orlando, FL 32811",4072 Ford St,,Orlando,FL,32811,Orange,28.522177,-81.427471,single_family,6825.0,Inactive,225000,2024-05-22T00:00:00.000Z,9,2.0,2.0,1034.0,1951.0,12.323860125621126
"5124-Conroy-Rd,-Unit-627,-Orlando,-FL-32811","5124 Conroy Rd, Unit 627, Orlando, FL 32811",5124 Conroy Rd,Unit 627,Orlando,FL,32811,Orange,28.494857,-81.445947,condo,8645.0,Inactive,210000,2024-02-14T00:00:00.000Z,106,2.0,2.0,988.0,1988.0,12.25486757159303
"4902-Vista-Lago-Dr,-Orlando,-FL-32811","4902 Vista Lago Dr, Orlando, FL 32811",4902 Vista Lago Dr,,Orlando,FL,32811,Orange,28.5323,-81.445173,single_family,10890.0,Inactive,337000,2024-04-13T00:00:00.000Z,47,4.0,2.5,1364.0,2001.0,12.727841176689147
"4416-Raleigh-St,-Orlando,-FL-32811","4416 Raleigh St, Orlando, FL 32811",4416 Raleigh St,,Orlando,FL,32811,Orange,28.527592,-81.435092,single_family,5102.0,Inactive,290000,2024-03-09T00:00:00.000Z,81,3.0,2.0,1357.0,1963.0,12.577639650232573
"1977-Williams-Manor-Ave,-Orlando,-FL-32811","1977 Williams Manor Ave, Orlando, FL 32811",1977 Williams Manor Ave,,Orlando,FL,32811,Orange,28.520023,-81.428319,single_family,10454.0,Inactive,315000,2024-04-03T00:00:00.000Z,56,3.0,2.0,1168.0,1965.0,12.660331092405906
"4822-Normandy-Pl,---205,-Orlando,-FL-32811","4822 Normandy Pl, # 205, Orlando, FL 32811",4822 Normandy Pl,# 205,Orlando,FL,32811,Orange,28.495819,-81.443137,condo,7753.0,Inactive,227900,2024-03-28T00:00:00.000Z,58,2.0,2.0,1080.0,1989.0,12.336666603113574
"4609-Cason-Cove-Dr,-Apt-511,-Orlando,-FL-32811","4609 Cason Cove Dr, Apt 511, Orlando, FL 32811",4609 Cason Cove Dr,Apt 511,Orlando,FL,32811,Orange,28.496282,-81.437662,condo,5874.0,Inactive,149000,2024-05-10T00:00:00.000Z,15,1.0,1.0,600.0,1988.0,11.91170829631447
"1410-Heber-Cir,-Orlando,-FL-32811","1410 Heber Cir, Orlando, FL 32811",1410 Heber Cir,,Orlando,FL,32811,Orange,28.525009,-81.440722,single_family,11326.0,Inactive,279000,2024-05-20T00:00:00.000Z,5,3.0,2.0,1092.0,1969.0,12.53897064502647
"921-Willie-Mays-Pkwy,-Orlando,-FL-32811","921 Willie Mays Pkwy, Orlando, FL 32811",921 Willie Mays Pkwy,,Orlando,FL,32811,Orange,28.529645,-81.43812,single_family,7751.0,Inactive,269900,2024-01-12T00:00:00.000Z,132,3.0,2.0,1344.0,1940.0,12.505810504075185
"308-Takoma-St,-Orlando,-FL-32811","308 Takoma St, Orlando, FL 32811",308 Takoma St,,Orlando,FL,32811,Orange,28.54572,-81.444974,single_family,12632.0,Inactive,310000,2024-01-23T00:00:00.000Z,121,4.0,2.0,1532.0,1950.0,12.644330802262578
"5133-Luna-Negra-Dr,-Orlando,-FL-32811","5133 Luna Negra Dr, Orlando, FL 32811",5133 Luna Negra Dr,,Orlando,FL,32811,Orange,28.533588,-81.448714,single_family,6743.0,Inactive,360000,2024-05-18T00:00:00.000Z,5,3.0,2.0,1148.0,2005.0,12.793862088206213
"4689-King-Cole-Blvd,-Orlando,-FL-32811","4689 King Cole Blvd, Orlando, FL 32811",4689 King Cole Blvd,,Orlando,FL,32811,Orange,28.518789,-81.440166,single_family,6706.0,Inactive,299900,2024-04-30T00:00:00.000Z,22,3.0,2.0,1185.0,1970.0,12.611207699176356
"5104-Conroy-Rd,-Unit-17,-Orlando,-FL-32811","5104 Conroy Rd, Unit 17, Orlando, FL 32811",5104 Conroy Rd,Unit 17,Orlando,FL,32811,Orange,28.496194,-81.447322,condo,8799.0,Inactive,227000,2023-10-12T00:00:00.000Z,220,2.0,2.0,988.0,1988.0,12.33270970174018
"4439-Pinebark-Ave,---4,-Orlando,-FL-32811","4439 Pinebark Ave, # 4, Orlando, FL 32811",4439 Pinebark Ave,# 4,Orlando,FL,32811,Orange,28.498697,-81.456141,condo,2564.0,Inactive,209000,2024-03-29T00:00:00.000Z,51,2.0,2.0,932.0,1983.0,12.250094315624496
"5104-Conroy-Rd,---17,-Orlando,-FL-32811","5104 Conroy Rd, # 17, Orlando, FL 32811",5104 Conroy Rd,# 17,Orlando,FL,32811,Orange,28.496194,-81.447322,condo,8799.0,Inactive,227000,2023-07-21T00:00:00.000Z,302,2.0,2.0,988.0,1988.0,12.33270970174018
"326-Wilmer-Ave,-Orlando,-FL-32811","326 Wilmer Ave, Orlando, FL 32811",326 Wilmer Ave,,Orlando,FL,32811,Orange,28.546518,-81.44976,single_family,9005.0,Inactive,200000,2024-01-09T00:00:00.000Z,130,3.0,1.5,988.0,1958.0,12.206077645517674
"4609-Cason-Cove-Dr,-Apt-514,-Orlando,-FL-32811","4609 Cason Cove Dr, Apt 514, Orlando, FL 32811",4609 Cason Cove Dr,Apt 514,Orlando,FL,32811,Orange,28.496282,-81.437662,condo,5663.0,Inactive,145000,2024-04-05T00:00:00.000Z,43,1.0,1.0,600.0,1988.0,11.884495917930655
"5636-Blue-Shadows-Ct,-Unit-2,-Orlando,-FL-32811","5636 Blue Shadows Ct, Unit 2, Orlando, FL 32811",5636 Blue Shadows Ct,Unit 2,Orlando,FL,32811,Orange,28.49817,-81.457819,condo,7035.0,Inactive,220000,2024-02-07T00:00:00.000Z,100,2.0,2.0,980.0,1987.0,12.301387370778713
"608-Oakford-Way,-Orlando,-FL-32811","608 Oakford Way, Orlando, FL 32811",608 Oakford Way,,Orlando,FL,32811,Orange,28.533651,-81.4544,single_family,4315.0,Inactive,312500,2024-03-16T00:00:00.000Z,62,4.0,2.0,1270.0,1998.0,12.652362948153474
"4647-Cason-Cove-Dr,-Apt-2428,-Orlando,-FL-32811","4647 Cason Cove Dr, Apt 2428, Orlando, FL 32811",4647 Cason Cove Dr,Apt 2428,Orlando,FL,32811,Orange,28.498931,-81.438704,condo,5791.0,Inactive,135900,2024-05-08T00:00:00.000Z,9,1.0,1.0,600.0,1988.0,11.819681958463892
"4264-Pinebark-Ave,---3,-Orlando,-FL-32811","4264 Pinebark Ave, # 3, Orlando, FL 32811",4264 Pinebark Ave,# 3,Orlando,FL,32811,Orange,28.500114,-81.457499,condo,2564.0,Inactive,199000,2023-11-19T00:00:00.000Z,179,2.0,1.5,909.0,1979.0,12.201065128819632
"5618-Blue-Shadows-Ct,---3,-Orlando,-FL-32811","5618 Blue Shadows Ct, # 3, Orlando, FL 32811",5618 Blue Shadows Ct,# 3,Orlando,FL,32811,Orange,28.498173,-81.457378,condo,2085.0,Inactive,204000,2023-11-22T00:00:00.000Z,176,2.0,2.0,948.0,1987.0,12.225880174775122
"3391-S-Kirkman-Rd,-Apt-1236,-Orlando,-FL-32811","3391 S Kirkman Rd, Apt 1236, Orlando, FL 32811",3391 S Kirkman Rd,Apt 1236,Orlando,FL,32811,Orange,28.505952,-81.458325,condo,14375.0,Inactive,185000,2023-12-27T00:00:00.000Z,140,2.0,2.0,1212.0,1999.0,12.128116509451258
"4398-Kirkland-Blvd,-Orlando,-FL-32811","4398 Kirkland Blvd, Orlando, FL 32811",4398 Kirkland Blvd,,Orlando,FL,32811,Orange,28.516131,-81.434122,single_family,6891.0,Inactive,349000,2024-01-08T00:00:00.000Z,128,8.0,6.0,2436.0,1968.0,12.762830066509972
"5156-Conroy-Rd,---21,-Orlando,-FL-32811","5156 Conroy Rd, # 21, Orlando, FL 32811",5156 Conroy Rd,# 21,Orlando,FL,32811,Orange,28.493664,-81.44552,condo,9989.0,Inactive,218900,2024-01-13T00:00:00.000Z,123,3.0,2.0,1237.0,1988.0,12.296374851796545
"4633-Cason-Cove-Dr,-Apt-1721,-Orlando,-FL-32811","4633 Cason Cove Dr, Apt 1721, Orlando, FL 32811",4633 Cason Cove Dr,Apt 1721,Orlando,FL,32811,Orange,28.497767,-81.437564,condo,7211.0,Inactive,149900,2024-02-10T00:00:00.000Z,95,1.0,1.0,700.0,1988.0,11.917730355182513
"4010-Ford-St,-Orlando,-FL-32811","4010 Ford St, Orlando, FL 32811",4010 Ford St,,Orlando,FL,32811,Orange,28.522189,-81.426382,single_family,6829.0,Inactive,230000,2024-02-26T00:00:00.000Z,78,2.0,1.0,726.0,1951.0,12.345838935721968
"4273-Solomon-Dr,-Orlando,-FL-32811","4273 Solomon Dr, Orlando, FL 32811",4273 Solomon Dr,,Orlando,FL,32811,Orange,28.515419,-81.431871,single_family,6683.0,Inactive,299900,2024-02-03T00:00:00.000Z,98,3.0,2.0,1368.0,1969.0,12.611207699176356
"1201-Lescot-Ln,-Orlando,-FL-32811","1201 Lescot Ln, Orlando, FL 32811",1201 Lescot Ln,,Orlando,FL,32811,Orange,28.526515,-81.443388,single_family,8160.0,Inactive,314900,2024-02-08T00:00:00.000Z,93,3.0,2.0,1302.0,2024.0,12.66001358269538
"5554-Metrowest-Blvd,-Apt-311,-Orlando,-FL-32811","5554 Metrowest Blvd, Apt 311, Orlando, FL 32811",5554 Metrowest Blvd,Apt 311,Orlando,FL,32811,Orange,28.510861,-81.457402,condo,18731.0,Inactive,218000,2024-04-13T00:00:00.000Z,28,2.0,2.0,1073.0,1999.0,12.292254928916668
"129-Wilmer-Ave,-Orlando,-FL-32811","129 Wilmer Ave, Orlando, FL 32811",129 Wilmer Ave,,Orlando,FL,32811,Orange,28.543138,-81.449165,single_family,13068.0,Inactive,319900,2023-11-02T00:00:00.000Z,190,4.0,2.0,1664.0,1959.0,12.675766851909591
"4740-Walden-Cir,---24,-Orlando,-FL-32811","4740 Walden Cir, # 24, Orlando, FL 32811",4740 Walden Cir,# 24,Orlando,FL,32811,Orange,28.48984,-81.443302,condo,6799.0,Inactive,144990,2024-05-04T00:00:00.000Z,6,1.0,1.0,696.0,1988.0,11.884426950510836
"1265-Poppy-Ave,-Orlando,-FL-32811","1265 Poppy Ave, Orlando, FL 32811",1265 Poppy Ave,,Orlando,FL,32811,Orange,28.525926,-81.449993,single_family,7700.0,Inactive,280000,2023-11-17T00:00:00.000Z,173,4.0,2.0,1482.0,1972.0,12.54254845357358
"200-S-Ortman-Dr,-Orlando,-FL-32811","200 S Ortman Dr, Orlando, FL 32811",200 S Ortman Dr,,Orlando,FL,32811,Orange,28.539597,-81.431067,single_family,12197.0,Inactive,180000,2024-04-05T00:00:00.000Z,33,2.0,1.0,624.0,1950.0,12.100717685412471
"1933-Ravenall-Ave,-Orlando,-FL-32811","1933 Ravenall Ave, Orlando, FL 32811",1933 Ravenall Ave,,Orlando,FL,32811,Orange,28.518944,-81.438746,single_family,6681.0,Inactive,249900,2024-04-18T00:00:00.000Z,19,4.0,1.5,1222.0,1970.0,12.428820118415677
"787-Cornelia-Ct,-Orlando,-FL-32811","787 Cornelia Ct, Orlando, FL 32811",787 Cornelia Ct,,Orlando,FL,32811,Orange,28.532659,-81.440878,single_family,7758.0,Inactive,293900,2023-12-17T00:00:00.000Z,141,4.0,1.5,1353.0,1973.0,12.590998254919084
"1430-Frazier-Ave,-Orlando,-FL-32811","1430 Frazier Ave, Orlando, FL 32811",1430 Frazier Ave,,Orlando,FL,32811,Orange,28.524369,-81.454448,single_family,7145.0,Inactive,310000,2024-01-09T00:00:00.000Z,117,5.0,2.5,1378.0,1973.0,12.644330802262578
"5019-Vineland-Rd,---F208,-Orlando,-FL-32811","5019 Vineland Rd, # F208, Orlando, FL 32811",5019 Vineland Rd,# F208,Orlando,FL,32811,Orange,28.483744,-81.446335,condo,9190.0,Inactive,223500,2024-02-20T00:00:00.000Z,74,2.0,2.0,1048.0,1986.0,12.317171167298682
"4633-Cason-Cove-Dr,-Apt-1712,-Orlando,-FL-32811","4633 Cason Cove Dr, Apt 1712, Orlando, FL 32811",4633 Cason Cove Dr,Apt 1712,Orlando,FL,32811,Orange,28.497767,-81.437564,condo,7211.0,Inactive,151000,2024-04-26T00:00:00.000Z,8,1.0,1.0,700.0,1988.0,11.92504173829169
"16-S-Mckinley-Ave,-Orlando,-FL-32811","16 S Mckinley Ave, Orlando, FL 32811",16 S Mckinley Ave,,Orlando,FL,32811,Orange,28.541077,-81.455486,single_family,9610.0,Inactive,283900,2023-09-26T00:00:00.000Z,220,3.0,2.0,1170.0,1940.0,12.55638086482189
"452-Danton-Ave,-Orlando,-FL-32811","452 Danton Ave, Orlando, FL 32811",452 Danton Ave,,Orlando,FL,32811,Orange,28.537093,-81.437412,single_family,9622.0,Inactive,275000,2024-03-24T00:00:00.000Z,40,9.0,2.0,2659.0,1967.0,12.524530013005734
"5406-Cedar-Ln,-Orlando,-FL-32811","5406 Cedar Ln, Orlando, FL 32811",5406 Cedar Ln,,Orlando,FL,32811,Orange,28.532108,-81.452814,single_family,4145.0,Inactive,310000,2024-03-22T00:00:00.000Z,41,3.0,2.0,1183.0,1991.0,12.644330802262578
"5156-Conroy-Rd,---25,-Orlando,-FL-32811","5156 Conroy Rd, # 25, Orlando, FL 32811",5156 Conroy Rd,# 25,Orlando,FL,32811,Orange,28.493664,-81.44552,condo,9989.0,Inactive,185000,2024-04-12T00:00:00.000Z,20,2.0,2.0,1028.0,1988.0,12.128116509451258
"4617-Cason-Cove-Dr,-Apt-913,-Orlando,-FL-32811","4617 Cason Cove Dr, Apt 913, Orlando, FL 32811",4617 Cason Cove Dr,Apt 913,Orlando,FL,32811,Orange,28.497286,-81.436344,condo,7058.0,Inactive,150000,2023-11-08T00:00:00.000Z,175,1.0,1.0,700.0,1988.0,11.918397239722838
"4607-Cason-Cove-Dr,-Apt-417,-Orlando,-FL-32811","4607 Cason Cove Dr, Apt 417, Orlando, FL 32811",4607 Cason Cove Dr,Apt 417,Orlando,FL,32811,Orange,28.49656,-81.438065,condo,7035.0,Inactive,150000,2023-11-08T00:00:00.000Z,175,1.0,1.0,700.0,1988.0,11.918397239722838
"4857-Walden-Cir,---21,-Orlando,-FL-32811","4857 Walden Cir, # 21, Orlando, FL 32811",4857 Walden Cir,# 21,Orlando,FL,32811,Orange,28.488191,-81.443789,condo,6367.0,Inactive,259900,2024-01-19T00:00:00.000Z,103,2.0,2.5,1228.0,1986.0,12.468056068255885
"204-S-Ortman-Dr,-Orlando,-FL-32811","204 S Ortman Dr, Orlando, FL 32811",204 S Ortman Dr,,Orlando,FL,32811,Orange,28.539254,-81.431063,single_family,12197.0,Inactive,180000,2024-04-05T00:00:00.000Z,26,2.0,1.0,624.0,1950.0,12.100717685412471
"4926-Creekside-Park-Ave,-Orlando,-FL-32811","4926 Creekside Park Ave, Orlando, FL 32811",4926 Creekside Park Ave,,Orlando,FL,32811,Orange,28.4884,-81.448874,single_family,5275.0,Inactive,630000,2024-04-26T00:00:00.000Z,3,5.0,2.5,3002.0,2013.0,13.353476685668044
"4772-Walden-Cir,-Apt-215,-Orlando,-FL-32811","4772 Walden Cir, Apt 215, Orlando, FL 32811",4772 Walden Cir,Apt 215,Orlando,FL,32811,Orange,28.490276,-81.440498,condo,4868.0,Inactive,139990,2023-10-12T00:00:00.000Z,198,1.0,1.0,560.0,1988.0,11.84933341381074
"4961-Walden-Cir,---49,-Orlando,-FL-32811","4961 Walden Cir, # 49, Orlando, FL 32811",4961 Walden Cir,# 49,Orlando,FL,32811,Orange,28.488595,-81.442477,condo,5115.0,Inactive,284990,2024-04-18T00:00:00.000Z,9,2.0,2.5,1228.0,1987.0,12.560212879804794
"4623-Cason-Cove-Dr,-Apt-1228,-Orlando,-FL-32811","4623 Cason Cove Dr, Apt 1228, Orlando, FL 32811",4623 Cason Cove Dr,Apt 1228,Orlando,FL,32811,Orange,28.49786,-81.436478,condo,8253.0,Inactive,159000,2023-11-07T00:00:00.000Z,171,1.0,1.0,800.0,1988.0,11.976665770490767
"4463-Piedmont-St,-Orlando,-FL-32811","4463 Piedmont St, Orlando, FL 32811",4463 Piedmont St,,Orlando,FL,32811,Orange,28.530068,-81.436384,single_family,6329.0,Inactive,359900,2024-02-15T00:00:00.000Z,71,3.0,2.0,1338.0,2024.0,12.79358427261286
"4904-Palm-Park-St,-Orlando,-FL-32811","4904 Palm Park St, Orlando, FL 32811",4904 Palm Park St,,Orlando,FL,32811,Orange,28.488061,-81.445758,single_family,6635.0,Inactive,645000,2024-04-09T00:00:00.000Z,15,4.0,2.5,2982.0,2013.0,13.377007146164305
"5142-Vista-Lago-Dr,-Orlando,-FL-32811","5142 Vista Lago Dr, Orlando, FL 32811",5142 Vista Lago Dr,,Orlando,FL,32811,Orange,28.530875,-81.448584,single_family,5860.0,Inactive,335000,2024-04-11T00:00:00.000Z,13,3.0,2.0,1170.0,2002.0,12.721888795877375
"5530-Metrowest-Blvd,---9-210,-Orlando,-FL-32811","5530 Metrowest Blvd, # 9-210, Orlando, FL 32811",5530 Metrowest Blvd,# 9-210,Orlando,FL,32811,Orange,28.5124,-81.456657,condo,18295.0,Inactive,224500,2024-02-13T00:00:00.000Z,69,2.0,2.0,1205.0,1999.0,12.32163544049751
"4567-Weldon-Pl,-Orlando,-FL-32811","4567 Weldon Pl, Orlando, FL 32811",4567 Weldon Pl,,Orlando,FL,32811,Orange,28.51952,-81.437791,single_family,7506.0,Inactive,305000,2024-03-26T00:00:00.000Z,27,4.0,2.0,1895.0,1967.0,12.628070334272698
"5628-Blue-Shadows-Ct,---2,-Orlando,-FL-32811","5628 Blue Shadows Ct, # 2, Orlando, FL 32811",5628 Blue Shadows Ct,# 2,Orlando,FL,32811,Orange,28.498169,-81.4576,condo,2085.0,Inactive,199500,2023-10-30T00:00:00.000Z,174,2.0,2.0,980.0,1987.0,12.20357452783082
"4817-Cypress-Woods-Dr,-Apt-5307,-Orlando,-FL-32811","4817 Cypress Woods Dr, Apt 5307, Orlando, FL 32811",4817 Cypress Woods Dr,Apt 5307,Orlando,FL,32811,Orange,28.49309,-81.45089,condo,7035.0,Inactive,219000,2023-11-12T00:00:00.000Z,161,2.0,2.0,1186.0,2001.0,12.296831574998258
"5160-Conroy-Rd,---22,-Orlando,-FL-32811","5160 Conroy Rd, # 22, Orlando, FL 32811",5160 Conroy Rd,# 22,Orlando,FL,32811,Orange,28.49402,-81.446135,condo,8704.0,Inactive,195000,2024-03-01T00:00:00.000Z,51,2.0,2.0,988.0,1988.0,12.180759965737863
"367-Mandrake-St,-Orlando,-FL-32811","367 Mandrake St, Orlando, FL 32811",367 Mandrake St,,Orlando,FL,32811,Orange,28.546441,-81.44826,single_family,6250.0,Inactive,249900,2024-04-11T00:00:00.000Z,10,3.0,1.0,1057.0,2008.0,12.428820118415677
"5518-Metrowest-Blvd,---11-302,-Orlando,-FL-32811","5518 Metrowest Blvd, # 11-302, Orlando, FL 32811",5518 Metrowest Blvd,# 11-302,Orlando,FL,32811,Orange,28.513028,-81.455712,condo,7035.0,Inactive,169500,2024-02-04T00:00:00.000Z,76,1.0,1.0,786.0,1999.0,12.040614105490253
"903-Campanella-Ave,-Orlando,-FL-32811","903 Campanella Ave, Orlando, FL 32811",903 Campanella Ave,,Orlando,FL,32811,Orange,28.530489,-81.436313,single_family,7428.0,Inactive,364900,2024-02-15T00:00:00.000Z,65,4.0,2.0,1389.0,2024.0,12.807381362897626
"5483-Vineland-Rd,-Apt-10209,-Orlando,-FL-32811","5483 Vineland Rd, Apt 10209, Orlando, FL 32811",5483 Vineland Rd,Apt 10209,Orlando,FL,32811,Orange,28.48373,-81.45118,condo,7035.0,Inactive,298000,2024-03-28T00:00:00.000Z,23,3.0,2.0,1232.0,2000.0,12.604852121186608
"140-Oak-Branch-Ave,-Orlando,-FL-32811","140 Oak Branch Ave, Orlando, FL 32811",140 Oak Branch Ave,,Orlando,FL,32811,Orange,28.542377,-81.454681,manufactured,7035.0,Inactive,32500,2023-11-06T00:00:00.000Z,164,1.0,1.5,492.0,2006.0,10.389026137075234
"5619-Blue-Shadows-Ct,---3,-Orlando,-FL-32811","5619 Blue Shadows Ct, # 3, Orlando, FL 32811",5619 Blue Shadows Ct,# 3,Orlando,FL,32811,Orange,28.498535,-81.457544,condo,2085.0,Inactive,209000,2024-04-03T00:00:00.000Z,15,2.0,2.0,948.0,1987.0,12.250094315624496
"1634-Messina-Ave,-Orlando,-FL-32811","1634 Messina Ave, Orlando, FL 32811",1634 Messina Ave,,Orlando,FL,32811,Orange,28.522496,-81.441809,single_family,6654.0,Inactive,270000,2024-01-30T00:00:00.000Z,78,3.0,1.5,1116.0,1971.0,12.506180941677357
"4708-Jasmine-Creek-Ln,---1506A,-Orlando,-FL-32811","4708 Jasmine Creek Ln, # 1506A, Orlando, FL 32811",4708 Jasmine Creek Ln,# 1506A,Orlando,FL,32811,Orange,28.493713,-81.453613,condo,5531.0,Inactive,174999,2024-02-13T00:00:00.000Z,64,2.0,2.0,1141.0,1973.0,12.072541252905651
"5111-Cypress-Creek-Dr,---106,-Orlando,-FL-32811","5111 Cypress Creek Dr, # 106, Orlando, FL 32811",5111 Cypress Creek Dr,# 106,Orlando,FL,32811,Orange,28.487223,-81.449165,townhouse,7261.0,Inactive,293000,2024-03-17T00:00:00.000Z,31,3.0,3.0,1880.0,1974.0,12.587931300962664
"4235-Raleigh-St,-Orlando,-FL-32811","4235 Raleigh St, Orlando, FL 32811",4235 Raleigh St,,Orlando,FL,32811,Orange,28.528163,-81.431666,single_family,6850.0,Inactive,290000,2024-03-28T00:00:00.000Z,20,3.0,2.0,1104.0,1985.0,12.577639650232573
"4135-Raleigh-St,-Orlando,-FL-32811","4135 Raleigh St, Orlando, FL 32811",4135 Raleigh St,,Orlando,FL,32811,Orange,28.528176,-81.429592,single_family,6850.0,Inactive,189000,2024-04-10T00:00:00.000Z,7,2.0,1.0,725.0,1970.0,12.149507585033072
"4633-Cason-Cove-Dr,-Apt-1734,-Orlando,-FL-32811","4633 Cason Cove Dr, Apt 1734, Orlando, FL 32811",4633 Cason Cove Dr,Apt 1734,Orlando,FL,32811,Orange,28.497767,-81.437564,condo,7211.0,Inactive,165000,2023-12-15T00:00:00.000Z,123,1.0,1.0,700.0,1988.0,12.013706813470414
"4661-Cason-Cove-Dr,-Apt-1913,-Orlando,-FL-32811","4661 Cason Cove Dr, Apt 1913, Orlando, FL 32811",4661 Cason Cove Dr,Apt 1913,Orlando,FL,32811,Orange,28.498123,-81.438677,condo,6342.0,Inactive,185000,2023-12-15T00:00:00.000Z,123,2.0,2.0,900.0,1988.0,12.128116509451258
"4607-Cason-Cove-Dr,-Apt-423,-Orlando,-FL-32811","4607 Cason Cove Dr, Apt 423, Orlando, FL 32811",4607 Cason Cove Dr,Apt 423,Orlando,FL,32811,Orange,28.49656,-81.438065,condo,7035.0,Inactive,165000,2023-12-15T00:00:00.000Z,123,1.0,1.0,700.0,1988.0,12.013706813470414
"5566-Metrowest-Blvd,-Apt-204,-Orlando,-FL-32811","5566 Metrowest Blvd, Apt 204, Orlando, FL 32811",5566 Metrowest Blvd,Apt 204,Orlando,FL,32811,Orange,28.511695,-81.458482,condo,13939.0,Inactive,219990,2024-02-14T00:00:00.000Z,62,2.0,2.0,1159.0,1999.0,12.30134191540679
"1045-Inkberry-Ct,-Orlando,-FL-32811","1045 Inkberry Ct, Orlando, FL 32811",1045 Inkberry Ct,,Orlando,FL,32811,Orange,28.528516,-81.448952,single_family,3483.0,Inactive,294999,2024-03-07T00:00:00.000Z,40,3.0,2.0,1012.0,1990.0,12.594730635321957
"926-Amaros-Ave,-Orlando,-FL-32811","926 Amaros Ave, Orlando, FL 32811",926 Amaros Ave,,Orlando,FL,32811,Orange,28.529398,-81.430551,single_family,8700.0,Inactive,279900,2024-03-18T00:00:00.000Z,29,3.0,2.0,1276.0,1996.0,12.5421912482017
"5554-Metrowest-Blvd,---31,-Orlando,-FL-32811","5554 Metrowest Blvd, # 31, Orlando, FL 32811",5554 Metrowest Blvd,# 31,Orlando,FL,32811,Orange,28.510861,-81.457403,condo,18731.0,Inactive,218000,2024-04-13T00:00:00.000Z,2,2.0,2.0,1073.0,1999.0,12.292254928916668
"4161-Prince-Hall-Blvd,-Orlando,-FL-32811","4161 Prince Hall Blvd, Orlando, FL 32811",4161 Prince Hall Blvd,,Orlando,FL,32811,Orange,28.512223,-81.429492,single_family,7261.0,Inactive,285000,2024-04-04T00:00:00.000Z,9,3.0,2.0,1494.0,1968.0,12.560247968016562
"5355-Vineland-Rd,---5355,-Orlando,-FL-32811","5355 Vineland Rd, # 5355, Orlando, FL 32811",5355 Vineland Rd,# 5355,Orlando,FL,32811,Orange,28.483306,-81.449413,condo,7035.0,Inactive,299000,2024-03-18T00:00:00.000Z,25,3.0,2.5,1677.0,1982.0,12.608202196848836
"5500-Metrowest-Blvd,-Apt-311,-Orlando,-FL-32811","5500 Metrowest Blvd, Apt 311, Orlando, FL 32811",5500 Metrowest Blvd,Apt 311,Orlando,FL,32811,Orange,28.513002,-81.457514,condo,17424.0,Inactive,173500,2024-03-19T00:00:00.000Z,24,1.0,1.0,786.0,1999.0,12.063938642041201
"5156-Conroy-Rd,-Unit-1117,-Orlando,-FL-32811","5156 Conroy Rd, Unit 1117, Orlando, FL 32811",5156 Conroy Rd,Unit 1117,Orlando,FL,32811,Orange,28.495763,-81.448967,condo,9989.0,Inactive,280000,2023-10-01T00:00:00.000Z,193,3.0,2.0,1237.0,1988.0,12.54254845357358
"5307-Jasmine-Creek-Ln,---1408,-Orlando,-FL-32811","5307 Jasmine Creek Ln, # 1408, Orlando, FL 32811",5307 Jasmine Creek Ln,# 1408,Orlando,FL,32811,Orange,28.493918,-81.453028,condo,5811.0,Inactive,130000,2024-03-07T00:00:00.000Z,35,2.0,2.0,1141.0,1973.0,11.775297421715827
"2224-La-Due-Ct,-Orlando,-FL-32811","2224 La Due Ct, Orlando, FL 32811",2224 La Due Ct,,Orlando,FL,32811,Orange,28.516494,-81.440924,single_family,8105.0,Inactive,329900,2024-03-21T00:00:00.000Z,21,3.0,2.0,1250.0,1970.0,12.706547888433661
"4456-Weldon-Pl,-Orlando,-FL-32811","4456 Weldon Pl, Orlando, FL 32811",4456 Weldon Pl,,Orlando,FL,32811,Orange,28.519099,-81.43552,single_family,6600.0,Inactive,285000,2024-02-22T00:00:00.000Z,48,3.0,2.0,1038.0,1967.0,12.560247968016562
"4889-Walden-Cir,---66,-Orlando,-FL-32811","4889 Walden Cir, # 66, Orlando, FL 32811",4889 Walden Cir,# 66,Orlando,FL,32811,Orange,28.488662,-81.44336,condo,6367.0,Inactive,284900,2023-03-02T00:00:00.000Z,404,2.0,2.5,1228.0,1986.0,12.55989703048335
"5455-Vineland-Rd,---312,-Orlando,-FL-32811","5455 Vineland Rd, # 312, Orlando, FL 32811",5455 Vineland Rd,# 312,Orlando,FL,32811,Orange,28.485849,-81.451439,condo,16553.0,Inactive,265000,2024-02-15T00:00:00.000Z,54,2.0,2.0,1043.0,2000.0,12.487488878546145
"4222-Booker-St,-Orlando,-FL-32811","4222 Booker St, Orlando, FL 32811",4222 Booker St,,Orlando,FL,32811,Orange,28.524882,-81.430878,single_family,6804.0,Inactive,315900,2024-03-27T00:00:00.000Z,13,4.0,2.0,1302.0,1971.0,12.663184152343888
"5025-Dove-Tree-St,-Orlando,-FL-32811","5025 Dove Tree St, Orlando, FL 32811",5025 Dove Tree St,,Orlando,FL,32811,Orange,28.49335,-81.448037,single_family,7111.0,Inactive,749000,2024-02-21T00:00:00.000Z,46,5.0,3.5,2974.0,2014.0,13.52649559761195
"4772-Walden-Cir,-Apt-222,-Orlando,-FL-32811","4772 Walden Cir, Apt 222, Orlando, FL 32811",4772 Walden Cir,Apt 222,Orlando,FL,32811,Orange,28.490276,-81.440499,condo,7035.0,Inactive,135000,2023-09-15T00:00:00.000Z,204,1.0,1.0,560.0,1988.0,11.813037464800539
"5041-Southlawn-Ave,-Orlando,-FL-32811","5041 Southlawn Ave, Orlando, FL 32811",5041 Southlawn Ave,,Orlando,FL,32811,Orange,28.485732,-81.450855,single_family,5249.0,Inactive,615000,2024-02-09T00:00:00.000Z,54,5.0,3.5,3004.0,2015.0,13.329379172803593
"4505-America-St,-Orlando,-FL-32811","4505 America St, Orlando, FL 32811",4505 America St,,Orlando,FL,32811,Orange,28.533715,-81.436794,single_family,13939.0,Inactive,149125,2024-03-28T00:00:00.000Z,6,3.0,1.0,1350.0,1957.0,11.912546865161472
"4324-S-Kirkman-Rd,-Apt-1112,-Orlando,-FL-32811","4324 S Kirkman Rd, Apt 1112, Orlando, FL 32811",4324 S Kirkman Rd,Apt 1112,Orlando,FL,32811,Orange,28.498577,-81.461693,condo,7670.0,Inactive,179990,2023-12-21T00:00:00.000Z,101,1.0,1.0,779.0,1997.0,12.100662128622306
"4549-Cepeda-St,-Orlando,-FL-32811","4549 Cepeda St, Orlando, FL 32811",4549 Cepeda St,,Orlando,FL,32811,Orange,28.523139,-81.43741,single_family,8764.0,Inactive,270000,2024-03-15T00:00:00.000Z,16,3.0,1.0,1049.0,1966.0,12.506180941677357
"1702-Sorolla-Ct,-Orlando,-FL-32811","1702 Sorolla Ct, Orlando, FL 32811",1702 Sorolla Ct,,Orlando,FL,32811,Orange,28.522449,-81.440779,single_family,8702.0,Inactive,295000,2024-02-29T00:00:00.000Z,30,3.0,2.0,1170.0,1971.0,12.59473402514672
"5088-Longmeadow-Park-St,-Orlando,-FL-32811","5088 Longmeadow Park St, Orlando, FL 32811",5088 Longmeadow Park St,,Orlando,FL,32811,Orange,28.490791,-81.447318,single_family,5250.0,Inactive,569900,2024-03-03T00:00:00.000Z,27,3.0,2.5,2107.0,2014.0,13.253217940515357
"5431-Enid-Ct,-Orlando,-FL-32811","5431 Enid Ct, Orlando, FL 32811",5431 Enid Ct,,Orlando,FL,32811,Orange,28.542471,-81.455376,manufactured,7035.0,Inactive,60000,2023-11-28T00:00:00.000Z,122,2.0,1.0,600.0,1979.0,11.002116507732017
"4646-Zorita-St,-Orlando,-FL-32811","4646 Zorita St, Orlando, FL 32811",4646 Zorita St,,Orlando,FL,32811,Orange,28.510875,-81.440062,single_family,6707.0,Inactive,309900,2023-08-17T00:00:00.000Z,224,3.0,2.0,999.0,1974.0,12.644008170618003
"5144-Conroy-Rd,---16,-Orlando,-FL-32811","5144 Conroy Rd, # 16, Orlando, FL 32811",5144 Conroy Rd,# 16,Orlando,FL,32811,Orange,28.493518,-81.445109,condo,10019.0,Inactive,185000,2024-02-23T00:00:00.000Z,33,2.0,2.0,1028.0,1988.0,12.128116509451258
"715-Palmera-St,-Orlando,-FL-32811","715 Palmera St, Orlando, FL 32811",715 Palmera St,,Orlando,FL,32811,Orange,28.532804,-81.446824,single_family,6948.0,Inactive,349900,2024-02-13T00:00:00.000Z,42,3.0,2.5,1476.0,2004.0,12.765405536311112
"5512-Metrowest-Blvd,-Apt-109,-Orlando,-FL-32811","5512 Metrowest Blvd, Apt 109, Orlando, FL 32811",5512 Metrowest Blvd,Apt 109,Orlando,FL,32811,Orange,28.513062,-81.456444,condo,7035.0,Inactive,169900,2024-03-12T00:00:00.000Z,14,1.0,1.0,840.0,1999.0,12.042971193457888
"720-Willie-Mays-Pkwy,-Orlando,-FL-32811","720 Willie Mays Pkwy, Orlando, FL 32811",720 Willie Mays Pkwy,,Orlando,FL,32811,Orange,28.533736,-81.438754,single_family,6517.0,Inactive,337500,2024-02-03T00:00:00.000Z,51,3.0,2.0,1432.0,1957.0,12.729323752253295
"4424-Middlebrook-Rd,---4,-Orlando,-FL-32811","4424 Middlebrook Rd, # 4, Orlando, FL 32811",4424 Middlebrook Rd,# 4,Orlando,FL,32811,Orange,28.497769,-81.454127,condo,7250.0,Inactive,219000,2024-03-16T00:00:00.000Z,8,2.0,2.0,1093.0,1984.0,12.296831574998258
"5212-Cypress-Creek-Dr,---104,-Orlando,-FL-32811","5212 Cypress Creek Dr, # 104, Orlando, FL 32811",5212 Cypress Creek Dr,# 104,Orlando,FL,32811,Orange,28.485958,-81.448715,townhouse,1309.0,Inactive,249999,2024-03-06T00:00:00.000Z,17,2.0,2.5,1335.0,1971.0,12.429216196844383
"5343-Indian-Creek-Dr,---A,-Orlando,-FL-32811","5343 Indian Creek Dr, # A, Orlando, FL 32811",5343 Indian Creek Dr,# A,Orlando,FL,32811,Orange,28.491903,-81.453346,condo,2596.0,Inactive,169990,2023-10-25T00:00:00.000Z,149,1.0,1.0,905.0,1973.0,12.043500773454495
"5282-Lanette-St,-Orlando,-FL-32811","5282 Lanette St, Orlando, FL 32811",5282 Lanette St,,Orlando,FL,32811,Orange,28.52452,-81.449918,single_family,6817.0,Inactive,287777,2024-02-21T00:00:00.000Z,30,3.0,2.0,1045.0,1971.0,12.569944628539975
"221-Ronnie-Cir,-Orlando,-FL-32811","221 Ronnie Cir, Orlando, FL 32811",221 Ronnie Cir,,Orlando,FL,32811,Orange,28.544216,-81.45246,single_family,11326.0,Inactive,355000,2024-03-05T00:00:00.000Z,17,4.0,2.0,1482.0,2000.0,12.779875885354993
"5326-Botany-Ct,-Orlando,-FL-32811","5326 Botany Ct, Orlando, FL 32811",5326 Botany Ct,,Orlando,FL,32811,Orange,28.527031,-81.451593,single_family,7145.0,Inactive,265000,2023-12-24T00:00:00.000Z,87,3.0,1.5,950.0,1972.0,12.487488878546145
"4897-Cypress-Woods-Dr,-Apt-6310,-Orlando,-FL-32811","4897 Cypress Woods Dr, Apt 6310, Orlando, FL 32811",4897 Cypress Woods Dr,Apt 6310,Orlando,FL,32811,Orange,28.492574,-81.4513,condo,24394.0,Inactive,239900,2023-10-14T00:00:00.000Z,157,3.0,2.0,1351.0,2001.0,12.3879816172226
"4412-Conley-St,-Orlando,-FL-32811","4412 Conley St, Orlando, FL 32811",4412 Conley St,,Orlando,FL,32811,Orange,28.532257,-81.435138,single_family,6908.0,Inactive,308000,2024-02-02T00:00:00.000Z,46,3.0,2.0,1579.0,1950.0,12.637858308703688
"5475-Karen-Ct,-Orlando,-FL-32811","5475 Karen Ct, Orlando, FL 32811",5475 Karen Ct,,Orlando,FL,32811,Orange,28.52627,-81.453486,single_family,7697.0,Inactive,304999,2024-02-22T00:00:00.000Z,26,3.0,2.0,1258.0,1972.0,12.628067055589549
"4719-Northlawn-Way,-Orlando,-FL-32811","4719 Northlawn Way, Orlando, FL 32811",4719 Northlawn Way,,Orlando,FL,32811,Orange,28.490219,-81.449743,single_family,3699.0,Inactive,460000,2024-03-08T00:00:00.000Z,11,3.0,2.5,2071.0,2014.0,13.038983942375959
"5044-College-Dr,-Orlando,-FL-32811","5044 College Dr, Orlando, FL 32811",5044 College Dr,,Orlando,FL,32811,Orange,28.534964,-81.447431,single_family,41382.0,Inactive,249900,2024-03-13T00:00:00.000Z,5,4.0,2.0,1803.0,1994.0,12.428820118415677
"5156-Conroy-Rd,-Unit-1114,-Orlando,-FL-32811","5156 Conroy Rd, Unit 1114, Orlando, FL 32811",5156 Conroy Rd,Unit 1114,Orlando,FL,32811,Orange,28.495763,-81.448967,condo,9989.0,Inactive,209900,2023-10-19T00:00:00.000Z,149,2.0,2.0,1028.0,1988.0,12.254391269970792
"4816-W-Central-Ave,-Orlando,-FL-32811","4816 W Central Ave, Orlando, FL 32811",4816 W Central Ave,,Orlando,FL,32811,Orange,28.541363,-81.443497,single_family,6750.0,Inactive,359890,2023-12-12T00:00:00.000Z,95,3.0,2.0,1444.0,2024.0,12.79355648680807
"4272-Pinebark-Ave,---2,-Orlando,-FL-32811","4272 Pinebark Ave, # 2, Orlando, FL 32811",4272 Pinebark Ave,# 2,Orlando,FL,32811,Orange,28.499876,-81.457504,condo,2564.0,Inactive,200000,2024-01-10T00:00:00.000Z,66,2.0,1.5,909.0,1974.0,12.206077645517674
"5320-Dove-Tree-St,-Orlando,-FL-32811","5320 Dove Tree St, Orlando, FL 32811",5320 Dove Tree St,,Orlando,FL,32811,Orange,28.489667,-81.452035,single_family,5585.0,Inactive,672500,2024-02-06T00:00:00.000Z,39,4.0,2.5,3005.0,2014.0,13.418758877445873
"4760-Walden-Cir,-Apt-526,-Orlando,-FL-32811","4760 Walden Cir, Apt 526, Orlando, FL 32811",4760 Walden Cir,Apt 526,Orlando,FL,32811,Orange,28.489166,-81.440582,condo,6374.0,Inactive,155000,2023-10-14T00:00:00.000Z,151,1.0,1.0,560.0,1988.0,11.951186847493476
"5518-Metrowest-Blvd,-Apt-205,-Orlando,-FL-32811","5518 Metrowest Blvd, Apt 205, Orlando, FL 32811",5518 Metrowest Blvd,Apt 205,Orlando,FL,32811,Orange,28.513029,-81.455719,condo,9552.0,Inactive,160000,2023-08-22T00:00:00.000Z,203,1.0,1.0,709.0,1999.0,11.982935344196433
"5578-Metrowest-Blvd,-Apt-302,-Orlando,-FL-32811","5578 Metrowest Blvd, Apt 302, Orlando, FL 32811",5578 Metrowest Blvd,Apt 302,Orlando,FL,32811,Orange,28.512564,-81.458004,condo,17424.0,Inactive,160000,2023-10-05T00:00:00.000Z,159,1.0,1.0,786.0,1999.0,11.982935344196433
"5020-Elese-St,-Orlando,-FL-32811","5020 Elese St, Orlando, FL 32811",5020 Elese St,,Orlando,FL,32811,Orange,28.526345,-81.446092,single_family,7041.0,Inactive,274900,2024-02-24T00:00:00.000Z,17,3.0,1.0,1049.0,1970.0,12.524166311833152
"5373-Vineland-Rd,---S,-Orlando,-FL-32811","5373 Vineland Rd, # S, Orlando, FL 32811",5373 Vineland Rd,# S,Orlando,FL,32811,Orange,28.483721,-81.44963,condo,5020.0,Inactive,235000,2024-03-05T00:00:00.000Z,7,2.0,2.0,1139.0,1980.0,12.367345048436391
"4651-Cason-Cove-Dr,-Apt-2614,-Orlando,-FL-32811","4651 Cason Cove Dr, Apt 2614, Orlando, FL 32811",4651 Cason Cove Dr,Apt 2614,Orlando,FL,32811,Orange,28.499288,-81.439236,condo,5013.0,Inactive,180000,2024-02-29T00:00:00.000Z,11,2.0,2.0,1000.0,1988.0,12.100717685412471
"4752-Walden-Cir,-Unit-7-11,-Orlando,-FL-32811","4752 Walden Cir, Unit 7-11, Orlando, FL 32811",4752 Walden Cir,Unit 7-11,Orlando,FL,32811,Orange,28.489502,-81.441781,condo,1022.0,Inactive,215000,2024-01-08T00:00:00.000Z,62,2.0,2.0,1020.0,1988.0,12.278397958261774
"4752-Walden-Cir,-Apt-711,-Orlando,-FL-32811","4752 Walden Cir, Apt 711, Orlando, FL 32811",4752 Walden Cir,Apt 711,Orlando,FL,32811,Orange,28.489502,-81.441781,condo,1022.0,Inactive,215000,2024-01-05T00:00:00.000Z,64,2.0,2.0,1020.0,1988.0,12.278397958261774
"4427-W-Gore-Ave,-Orlando,-FL-32811","4427 W Gore Ave, Orlando, FL 32811",4427 W Gore Ave,,Orlando,FL,32811,Orange,28.530952,-81.435457,single_family,6892.0,Inactive,180000,2024-01-27T00:00:00.000Z,42,2.0,1.0,642.0,1953.0,12.100717685412471
"5074-Dove-Tree-St,-Orlando,-FL-32811","5074 Dove Tree St, Orlando, FL 32811",5074 Dove Tree St,,Orlando,FL,32811,Orange,28.492462,-81.447713,single_family,5498.0,Inactive,565000,2024-03-03T00:00:00.000Z,6,3.0,2.5,2463.0,2014.0,13.244582780038517
"321-Ronnie-Cir,-Orlando,-FL-32811","321 Ronnie Cir, Orlando, FL 32811",321 Ronnie Cir,,Orlando,FL,32811,Orange,28.545907,-81.451376,single_family,8998.0,Inactive,330000,2023-09-15T00:00:00.000Z,175,4.0,3.0,1366.0,1959.0,12.706850963741102
"4450-Middlebrook-Rd,---4,-Orlando,-FL-32811","4450 Middlebrook Rd, # 4, Orlando, FL 32811",4450 Middlebrook Rd,# 4,Orlando,FL,32811,Orange,28.497445,-81.453778,condo,11761.0,Inactive,195000,2024-03-04T00:00:00.000Z,4,2.0,2.0,1093.0,1984.0,12.180759965737863
"1732-Flores-Ct,-Orlando,-FL-32811","1732 Flores Ct, Orlando, FL 32811",1732 Flores Ct,,Orlando,FL,32811,Orange,28.521862,-81.440128,single_family,6586.0,Inactive,205000,2023-10-14T00:00:00.000Z,145,3.0,1.5,1320.0,1971.0,12.230770136157428
"4319-Clarinda-St,-Orlando,-FL-32811","4319 Clarinda St, Orlando, FL 32811",4319 Clarinda St,,Orlando,FL,32811,Orange,28.543321,-81.432839,single_family,7303.0,Inactive,249900,2024-02-06T00:00:00.000Z,30,3.0,1.0,928.0,1969.0,12.428820118415677
"4306-Lenox-Blvd,-Orlando,-FL-32811","4306 Lenox Blvd, Orlando, FL 32811",4306 Lenox Blvd,,Orlando,FL,32811,Orange,28.528534,-81.432665,single_family,7535.0,Inactive,369000,2023-11-29T00:00:00.000Z,98,4.0,2.0,1653.0,2023.0,12.818554633046093
"102-Wilmer-Ave,-Orlando,-FL-32811","102 Wilmer Ave, Orlando, FL 32811",102 Wilmer Ave,,Orlando,FL,32811,Orange,28.541651,-81.449747,single_family,9028.0,Inactive,344900,2023-12-08T00:00:00.000Z,89,4.0,2.0,1500.0,1968.0,12.751012698311857
"4849-Cypress-Woods-Dr,-Apt-1205,-Orlando,-FL-32811","4849 Cypress Woods Dr, Apt 1205, Orlando, FL 32811",4849 Cypress Woods Dr,Apt 1205,Orlando,FL,32811,Orange,28.493637,-81.451099,condo,7035.0,Inactive,235000,2024-02-03T00:00:00.000Z,32,2.0,2.0,1186.0,2000.0,12.367345048436391
"4004-Ford-St,-Orlando,-FL-32811","4004 Ford St, Orlando, FL 32811",4004 Ford St,,Orlando,FL,32811,Orange,28.522191,-81.426226,single_family,6829.0,Inactive,275000,2024-02-20T00:00:00.000Z,15,3.0,2.0,1308.0,1951.0,12.524530013005734
"4448-King-Cole-Blvd,-Orlando,-FL-32811","4448 King Cole Blvd, Orlando, FL 32811",4448 King Cole Blvd,,Orlando,FL,32811,Orange,28.518359,-81.435301,single_family,6751.0,Inactive,280000,2024-01-18T00:00:00.000Z,47,3.0,2.0,1195.0,1967.0,12.54254845357358
"4627-Cason-Cove-Dr,-Apt-1424,-Orlando,-FL-32811","4627 Cason Cove Dr, Apt 1424, Orlando, FL 32811",4627 Cason Cove Dr,Apt 1424,Orlando,FL,32811,Orange,28.497345,-81.436667,condo,5060.0,Inactive,179000,2024-02-15T00:00:00.000Z,19,2.0,2.0,1000.0,1988.0,12.095146671399466
"4698-Pembrook-Pl,---101,-Orlando,-FL-32811","4698 Pembrook Pl, # 101, Orlando, FL 32811",4698 Pembrook Pl,# 101,Orlando,FL,32811,Orange,28.494505,-81.441689,condo,1263.0,Inactive,245000,2024-02-22T00:00:00.000Z,12,3.0,2.0,1263.0,1989.0,12.409017571151187
"5554-Metrowest-Blvd,-Apt-204,-Orlando,-FL-32811","5554 Metrowest Blvd, Apt 204, Orlando, FL 32811",5554 Metrowest Blvd,Apt 204,Orlando,FL,32811,Orange,28.510862,-81.457403,condo,18731.0,Inactive,235000,2023-11-07T00:00:00.000Z,118,2.0,2.0,1073.0,1999.0,12.367345048436391
"4943-Walden-Cir,---61,-Orlando,-FL-32811","4943 Walden Cir, # 61, Orlando, FL 32811",4943 Walden Cir,# 61,Orlando,FL,32811,Orange,28.488583,-81.442923,condo,6367.0,Inactive,236890,2023-09-05T00:00:00.000Z,179,2.0,2.5,1228.0,1986.0,12.37535539871183
"4849-Cypress-Woods-Dr,-Apt-1309,-Orlando,-FL-32811","4849 Cypress Woods Dr, Apt 1309, Orlando, FL 32811",4849 Cypress Woods Dr,Apt 1309,Orlando,FL,32811,Orange,28.493637,-81.451099,condo,16553.0,Inactive,239995,2023-09-15T00:00:00.000Z,168,2.0,2.0,1107.0,2000.0,12.388377535518572
"4621-Cason-Cove-Dr,-Apt-1114,-Orlando,-FL-32811","4621 Cason Cove Dr, Apt 1114, Orlando, FL 32811",4621 Cason Cove Dr,Apt 1114,Orlando,FL,32811,Orange,28.497907,-81.436109,condo,5101.0,Inactive,175000,2024-02-13T00:00:00.000Z,17,2.0,2.0,1000.0,1988.0,12.07254696717504
"5277-Northlawn-Way,-Orlando,-FL-32811","5277 Northlawn Way, Orlando, FL 32811",5277 Northlawn Way,,Orlando,FL,32811,Orange,28.485495,-81.445438,single_family,3597.0,Inactive,415000,2024-02-16T00:00:00.000Z,14,3.0,2.5,1498.0,2012.0,12.936036208848487
"5148-Conroy-Rd,---38,-Orlando,-FL-32811","5148 Conroy Rd, # 38, Orlando, FL 32811",5148 Conroy Rd,# 38,Orlando,FL,32811,Orange,28.493147,-81.445913,condo,8509.0,Inactive,179900,2023-11-27T00:00:00.000Z,92,2.0,2.0,988.0,1988.0,12.100161978566867
"4607-Cason-Cove-Dr,-Apt-435,-Orlando,-FL-32811","4607 Cason Cove Dr, Apt 435, Orlando, FL 32811",4607 Cason Cove Dr,Apt 435,Orlando,FL,32811,Orange,28.49656,-81.438065,condo,7035.0,Inactive,151990,2024-01-04T00:00:00.000Z,54,1.0,1.0,700.0,1988.0,11.931576587549085
"4617-Cason-Cove-Dr,-Apt-935,-Orlando,-FL-32811","4617 Cason Cove Dr, Apt 935, Orlando, FL 32811",4617 Cason Cove Dr,Apt 935,Orlando,FL,32811,Orange,28.497286,-81.436344,condo,7035.0,Inactive,151990,2024-01-04T00:00:00.000Z,54,1.0,1.0,700.0,1988.0,11.931576587549085
"5455-Vineland-Rd,-Apt-3104,-Orlando,-FL-32811","5455 Vineland Rd, Apt 3104, Orlando, FL 32811",5455 Vineland Rd,Apt 3104,Orlando,FL,32811,Orange,28.485841,-81.451439,condo,16553.0,Inactive,214500,2024-02-08T00:00:00.000Z,18,1.0,1.0,820.0,2000.0,12.276069679344003
"772-Willie-Mays-Pkwy,-Orlando,-FL-32811","772 Willie Mays Pkwy, Orlando, FL 32811",772 Willie Mays Pkwy,,Orlando,FL,32811,Orange,28.532807,-81.438761,single_family,6732.0,Inactive,99900,2024-02-16T00:00:00.000Z,7,2.0,1.0,682.0,1953.0,11.511934974596555
"2975-Ravenall-Ave,-Orlando,-FL-32811","2975 Ravenall Ave, Orlando, FL 32811",2975 Ravenall Ave,,Orlando,FL,32811,Orange,28.511156,-81.438951,single_family,8370.0,Inactive,340000,2024-02-07T00:00:00.000Z,15,3.0,2.0,1426.0,1974.0,12.73670383776449
"1343-Croyle-Dr,-Orlando,-FL-32811","1343 Croyle Dr, Orlando, FL 32811",1343 Croyle Dr,,Orlando,FL,32811,Orange,28.524986,-81.445495,single_family,9870.0,Inactive,250000,2024-02-14T00:00:00.000Z,8,4.0,2.0,1273.0,1970.0,12.429220196836383
"4645-Cason-Cove-Dr,-Apt-2326,-Orlando,-FL-32811","4645 Cason Cove Dr, Apt 2326, Orlando, FL 32811",4645 Cason Cove Dr,Apt 2326,Orlando,FL,32811,Orange,28.498857,-81.438237,condo,7390.0,Inactive,150000,2024-01-23T00:00:00.000Z,28,1.0,1.0,700.0,1988.0,11.918397239722838
"4152-White-Pine-Ave,---1,-Orlando,-FL-32811","4152 White Pine Ave, # 1, Orlando, FL 32811",4152 White Pine Ave,# 1,Orlando,FL,32811,Orange,28.500702,-81.458257,condo,2564.0,Inactive,225000,2024-02-12T00:00:00.000Z,8,2.0,2.0,816.0,1980.0,12.323860125621126
"4432-Middlebrook-Rd,---4,-Orlando,-FL-32811","4432 Middlebrook Rd, # 4, Orlando, FL 32811",4432 Middlebrook Rd,# 4,Orlando,FL,32811,Orange,28.497769,-81.454127,condo,7250.0,Inactive,239900,2024-02-09T00:00:00.000Z,10,3.0,2.5,1447.0,1984.0,12.3879816172226
"5397-Elm-Ct,---306,-Orlando,-FL-32811","5397 Elm Ct, # 306, Orlando, FL 32811",5397 Elm Ct,# 306,Orlando,FL,32811,Orange,28.498457,-81.452839,condo,2559.0,Inactive,240000,2024-02-09T00:00:00.000Z,9,2.0,2.5,1285.0,1985.0,12.388398368982115
"4649-Cason-Cove-Dr,-Apt-2514,-Orlando,-FL-32811","4649 Cason Cove Dr, Apt 2514, Orlando, FL 32811",4649 Cason Cove Dr,Apt 2514,Orlando,FL,32811,Orange,28.499304,-81.438864,condo,7296.0,Inactive,149000,2024-01-26T00:00:00.000Z,20,1.0,1.0,700.0,1988.0,11.91170829631447
"4304-S-Kirkman-Rd,-Apt-106,-Orlando,-FL-32811","4304 S Kirkman Rd, Apt 106, Orlando, FL 32811",4304 S Kirkman Rd,Apt 106,Orlando,FL,32811,Orange,28.49851,-81.460077,condo,7671.0,Inactive,233000,2023-12-23T00:00:00.000Z,53,2.0,2.0,1042.0,1997.0,12.358798024384122
"4355-Lake-Richmond-Dr,-Orlando,-FL-32811","4355 Lake Richmond Dr, Orlando, FL 32811",4355 Lake Richmond Dr,,Orlando,FL,32811,Orange,28.51394,-81.43392,single_family,15246.0,Inactive,270000,2023-12-19T00:00:00.000Z,54,3.0,2.0,1342.0,1969.0,12.506180941677357
"1898-Horne-Ave,-Orlando,-FL-32811","1898 Horne Ave, Orlando, FL 32811",1898 Horne Ave,,Orlando,FL,32811,Orange,28.519691,-81.430863,single_family,7000.0,Inactive,170000,2024-02-08T00:00:00.000Z,3,3.0,1.0,1064.0,1965.0,12.04355959836804
"4700-Pleasant-Valley-Ct,-Orlando,-FL-32811","4700 Pleasant Valley Ct, Orlando, FL 32811",4700 Pleasant Valley Ct,,Orlando,FL,32811,Orange,28.531047,-81.441147,single_family,7721.0,Inactive,314900,2023-10-06T00:00:00.000Z,124,4.0,2.0,1170.0,1973.0,12.66001358269538
"5034-W-Washington-St,-Orlando,-FL-32811","5034 W Washington St, Orlando, FL 32811",5034 W Washington St,,Orlando,FL,32811,Orange,28.542705,-81.448705,multi-family,21780.0,Inactive,825000,2024-01-24T00:00:00.000Z,14,8.0,4.0,3480.0,1987.0,13.623139877437296
"5299-Lanette-St,-Orlando,-FL-32811","5299 Lanette St, Orlando, FL 32811",5299 Lanette St,,Orlando,FL,32811,Orange,28.523973,-81.450414,single_family,8882.0,Inactive,384900,2024-01-22T00:00:00.000Z,15,4.0,2.0,2320.0,1971.0,12.860741437345885
"4336-S-Kirkman-Rd,---7,-Orlando,-FL-32811","4336 S Kirkman Rd, # 7, Orlando, FL 32811",4336 S Kirkman Rd,# 7,Orlando,FL,32811,Orange,28.497609,-81.461822,condo,7671.0,Inactive,259900,2024-01-29T00:00:00.000Z,6,3.0,2.0,1245.0,1997.0,12.468056068255885
"5168-Conroy-Rd,---27,-Orlando,-FL-32811","5168 Conroy Rd, # 27, Orlando, FL 32811",5168 Conroy Rd,# 27,Orlando,FL,32811,Orange,28.494858,-81.446538,condo,9682.0,Inactive,214000,2023-10-29T00:00:00.000Z,97,2.0,1.0,919.0,1988.0,12.273735966890268
"225-Ronnie-Cir,-Orlando,-FL-32811","225 Ronnie Cir, Orlando, FL 32811",225 Ronnie Cir,,Orlando,FL,32811,Orange,28.544263,-81.45226,single_family,11326.0,Inactive,355000,2024-01-22T00:00:00.000Z,12,3.0,2.0,1988.0,1989.0,12.779875885354993
"5560-Metrowest-Blvd,-Apt-308,-Orlando,-FL-32811","5560 Metrowest Blvd, Apt 308, Orlando, FL 32811",5560 Metrowest Blvd,Apt 308,Orlando,FL,32811,Orange,28.510978,-81.458355,condo,13939.0,Inactive,329000,2023-11-06T00:00:00.000Z,87,3.0,2.0,1362.0,1999.0,12.703816069256568
"5100-Conroy-Rd,---11,-Orlando,-FL-32811","5100 Conroy Rd, # 11, Orlando, FL 32811",5100 Conroy Rd,# 11,Orlando,FL,32811,Orange,28.495994,-81.447782,condo,8890.0,Inactive,178000,2023-12-11T00:00:00.000Z,52,2.0,2.0,988.0,1988.0,12.08954444723597
"5536-Metrowest-Blvd,-Apt-212,-Orlando,-FL-32811","5536 Metrowest Blvd, Apt 212, Orlando, FL 32811",5536 Metrowest Blvd,Apt 212,Orlando,FL,32811,Orange,28.511855,-81.456001,condo,18295.0,Inactive,224995,2024-01-12T00:00:00.000Z,20,2.0,2.0,1126.0,1999.0,12.323837903250753
"4264-Tatum-St,-Orlando,-FL-32811","4264 Tatum St, Orlando, FL 32811",4264 Tatum St,,Orlando,FL,32811,Orange,28.517293,-81.431651,single_family,7360.0,Inactive,275000,2024-01-16T00:00:00.000Z,16,3.0,1.0,1035.0,1963.0,12.524530013005734
"213-Wilmer-Ave,-Orlando,-FL-32811","213 Wilmer Ave, Orlando, FL 32811",213 Wilmer Ave,,Orlando,FL,32811,Orange,28.544264,-81.449167,single_family,10454.0,Inactive,195000,2024-01-20T00:00:00.000Z,12,2.0,1.0,768.0,1959.0,12.180759965737863
"5230-Florida-Holly-Dr,-Orlando,-FL-32811","5230 Florida Holly Dr, Orlando, FL 32811",5230 Florida Holly Dr,,Orlando,FL,32811,Orange,28.528067,-81.449608,single_family,3880.0,Inactive,274900,2024-01-28T00:00:00.000Z,4,3.0,2.0,1009.0,1991.0,12.524166311833152
"5128-Conroy-Rd,---24,-Orlando,-FL-32811","5128 Conroy Rd, # 24, Orlando, FL 32811",5128 Conroy Rd,# 24,Orlando,FL,32811,Orange,28.494493,-81.445238,condo,7341.0,Inactive,159000,2024-01-14T00:00:00.000Z,16,1.0,1.0,597.0,1988.0,11.976665770490767
"2203-Patterson-Ave,-Orlando,-FL-32811","2203 Patterson Ave, Orlando, FL 32811",2203 Patterson Ave,,Orlando,FL,32811,Orange,28.516954,-81.432789,single_family,6600.0,Inactive,298000,2023-10-12T00:00:00.000Z,109,4.0,1.0,1244.0,1964.0,12.604852121186608
"5152-Conroy-Rd,---13,-Orlando,-FL-32811","5152 Conroy Rd, # 13, Orlando, FL 32811",5152 Conroy Rd,# 13,Orlando,FL,32811,Orange,28.493566,-81.445987,condo,6711.0,Inactive,149900,2024-01-23T00:00:00.000Z,4,1.0,1.0,597.0,1988.0,11.917730355182513
"5026-W-Washington-St,-Orlando,-FL-32811","5026 W Washington St, Orlando, FL 32811",5026 W Washington St,,Orlando,FL,32811,Orange,28.543082,-81.448572,multi-family,10454.0,Inactive,545000,2024-01-24T00:00:00.000Z,3,6.0,3.0,2580.0,1985.0,13.208542908506082
"5147-Lanette-St,-Orlando,-FL-32811","5147 Lanette St, Orlando, FL 32811",5147 Lanette St,,Orlando,FL,32811,Orange,28.527511,-81.447659,single_family,6824.0,Inactive,264500,2023-07-17T00:00:00.000Z,193,3.0,1.0,956.0,1970.0,12.48560031099168
"5530-Metrowest-Blvd,-Apt-204,-Orlando,-FL-32811","5530 Metrowest Blvd, Apt 204, Orlando, FL 32811",5530 Metrowest Blvd,Apt 204,Orlando,FL,32811,Orange,28.5124,-81.456657,condo,18295.0,Inactive,225000,2023-08-11T00:00:00.000Z,168,2.0,2.0,1073.0,1999.0,12.323860125621126
"4631-Cason-Cove-Dr,-Apt-1618,-Orlando,-FL-32811","4631 Cason Cove Dr, Apt 1618, Orlando, FL 32811",4631 Cason Cove Dr,Apt 1618,Orlando,FL,32811,Orange,28.497212,-81.437294,condo,8289.0,Inactive,149000,2023-11-15T00:00:00.000Z,72,1.0,1.0,800.0,1988.0,11.91170829631447
"2611-John-Bruce-Ave,-Orlando,-FL-32811","2611 John Bruce Ave, Orlando, FL 32811",2611 John Bruce Ave,,Orlando,FL,32811,Orange,28.51417,-81.430283,single_family,6655.0,Inactive,249990,2024-01-03T00:00:00.000Z,23,3.0,1.0,974.0,1969.0,12.429180196196368
"4437-Raleigh-St,-Orlando,-FL-32811","4437 Raleigh St, Orlando, FL 32811",4437 Raleigh St,,Orlando,FL,32811,Orange,28.528128,-81.436035,single_family,6850.0,Inactive,355000,2024-01-05T00:00:00.000Z,21,4.0,2.0,1593.0,2024.0,12.779875885354993
"4328-S-Kirkman-Rd,-Apt-1311,-Orlando,-FL-32811","4328 S Kirkman Rd, Apt 1311, Orlando, FL 32811",4328 S Kirkman Rd,Apt 1311,Orlando,FL,32811,Orange,28.498358,-81.461288,condo,7671.0,Inactive,220000,2023-08-07T00:00:00.000Z,171,2.0,2.0,996.0,1997.0,12.301387370778713
"946-Willie-Mays-Pkwy,-Orlando,-FL-32811","946 Willie Mays Pkwy, Orlando, FL 32811",946 Willie Mays Pkwy,,Orlando,FL,32811,Orange,28.528965,-81.438747,single_family,5728.0,Inactive,311000,2023-09-06T00:00:00.000Z,140,3.0,2.0,1200.0,2006.0,12.647551406590285
"2150-Liston-Ct,-Orlando,-FL-32811","2150 Liston Ct, Orlando, FL 32811",2150 Liston Ct,,Orlando,FL,32811,Orange,28.517531,-81.427745,single_family,6712.0,Inactive,318500,2023-11-03T00:00:00.000Z,82,4.0,1.5,1250.0,1969.0,12.671380893706852
"4393-Councill-Ct,-Orlando,-FL-32811","4393 Councill Ct, Orlando, FL 32811",4393 Councill Ct,,Orlando,FL,32811,Orange,28.515426,-81.434028,single_family,12632.0,Inactive,325000,2023-12-28T00:00:00.000Z,26,4.0,1.5,1133.0,1969.0,12.691583538230217
"4826-Normandy-Pl,---D,-Orlando,-FL-32811","4826 Normandy Pl, # D, Orlando, FL 32811",4826 Normandy Pl,# D,Orlando,FL,32811,Orange,28.495819,-81.443137,condo,7753.0,Inactive,239900,2024-01-22T00:00:00.000Z,1,2.0,2.0,1080.0,1989.0,12.3879816172226
"4647-Cason-Cove-Dr,-Apt-2417,-Orlando,-FL-32811","4647 Cason Cove Dr, Apt 2417, Orlando, FL 32811",4647 Cason Cove Dr,Apt 2417,Orlando,FL,32811,Orange,28.498931,-81.438704,condo,7035.0,Inactive,124999,2024-01-17T00:00:00.000Z,3,1.0,1.0,600.0,1988.0,11.736069016284437
"3397-S-Kirkman-Rd,-Apt-1435,-Orlando,-FL-32811","3397 S Kirkman Rd, Apt 1435, Orlando, FL 32811",3397 S Kirkman Rd,Apt 1435,Orlando,FL,32811,Orange,28.506666,-81.458325,condo,13504.0,Inactive,180000,2023-09-22T00:00:00.000Z,119,1.0,1.0,890.0,1999.0,12.100717685412471
"344-Dover-St,-Orlando,-FL-32811","344 Dover St, Orlando, FL 32811",344 Dover St,,Orlando,FL,32811,Orange,28.546742,-81.445939,single_family,6254.0,Inactive,314900,2023-06-28T00:00:00.000Z,204,4.0,2.0,1340.0,2003.0,12.66001358269538
"5083-Southlawn-Ave,-Orlando,-FL-32811","5083 Southlawn Ave, Orlando, FL 32811",5083 Southlawn Ave,,Orlando,FL,32811,Orange,28.486728,-81.451123,single_family,8919.0,Inactive,650000,2023-09-14T00:00:00.000Z,126,5.0,3.5,2925.0,2015.0,13.384729180332174
"1716-Sorolla-Ct,-Orlando,-FL-32811","1716 Sorolla Ct, Orlando, FL 32811",1716 Sorolla Ct,,Orlando,FL,32811,Orange,28.522388,-81.440998,single_family,9828.0,Inactive,339900,2024-01-05T00:00:00.000Z,13,3.0,2.0,1358.0,2004.0,12.736409677721657
"4789-Pleasant-Valley-Ct,-Orlando,-FL-32811","4789 Pleasant Valley Ct, Orlando, FL 32811",4789 Pleasant Valley Ct,,Orlando,FL,32811,Orange,28.531804,-81.440296,single_family,7390.0,Inactive,295000,2023-12-06T00:00:00.000Z,40,4.0,2.0,1258.0,1973.0,12.59473402514672
"1852-Aaron-Ave,-Orlando,-FL-32811","1852 Aaron Ave, Orlando, FL 32811",1852 Aaron Ave,,Orlando,FL,32811,Orange,28.520547,-81.432524,single_family,7000.0,Inactive,320000,2023-12-07T00:00:00.000Z,39,4.0,2.5,1638.0,1965.0,12.676079399771027
"124-Wilmer-Ave,-Orlando,-FL-32811","124 Wilmer Ave, Orlando, FL 32811",124 Wilmer Ave,,Orlando,FL,32811,Orange,28.542899,-81.449751,single_family,9123.0,Inactive,290000,2023-12-07T00:00:00.000Z,37,3.0,2.0,1356.0,1959.0,12.577639650232573
"4308-S-Kirkman-Rd,-Apt-1708,-Orlando,-FL-32811","4308 S Kirkman Rd, Apt 1708, Orlando, FL 32811",4308 S Kirkman Rd,Apt 1708,Orlando,FL,32811,Orange,28.499053,-81.460425,condo,7671.0,Inactive,205000,2023-08-03T00:00:00.000Z,162,2.0,2.0,1042.0,1997.0,12.230770136157428
"4702-Jasmine-Creek-Ln,---1510,-Orlando,-FL-32811","4702 Jasmine Creek Ln, # 1510, Orlando, FL 32811",4702 Jasmine Creek Ln,# 1510,Orlando,FL,32811,Orange,28.493722,-81.453612,condo,5531.0,Inactive,204000,2023-10-24T00:00:00.000Z,78,2.0,2.5,1563.0,1973.0,12.225880174775122
"5403-Vineland-Rd,---B,-Orlando,-FL-32811","5403 Vineland Rd, # B, Orlando, FL 32811",5403 Vineland Rd,# B,Orlando,FL,32811,Orange,28.483927,-81.448333,condo,5020.0,Inactive,254500,2023-11-11T00:00:00.000Z,60,2.0,2.0,1139.0,1983.0,12.447060044238079
"5380-Rosegay-Ct,-Orlando,-FL-32811","5380 Rosegay Ct, Orlando, FL 32811",5380 Rosegay Ct,,Orlando,FL,32811,Orange,28.525246,-81.451809,single_family,8531.0,Inactive,279900,2023-10-10T00:00:00.000Z,91,3.0,1.5,1353.0,1972.0,12.5421912482017
"4881-Cypress-Woods-Dr,-Apt-3308,-Orlando,-FL-32811","4881 Cypress Woods Dr, Apt 3308, Orlando, FL 32811",4881 Cypress Woods Dr,Apt 3308,Orlando,FL,32811,Orange,28.493626,-81.451883,condo,7035.0,Inactive,279000,2023-11-03T00:00:00.000Z,67,3.0,2.0,1351.0,2000.0,12.53897064502647
"5156-Conroy-Rd,-Unit-1132,-Orlando,-FL-32811","5156 Conroy Rd, Unit 1132, Orlando, FL 32811",5156 Conroy Rd,Unit 1132,Orlando,FL,32811,Orange,28.493785,-81.445578,condo,9989.0,Inactive,229000,2023-07-27T00:00:00.000Z,164,3.0,2.0,1237.0,1988.0,12.34148164933907
"7-Dorcas-Ct,-Orlando,-FL-32811","7 Dorcas Ct, Orlando, FL 32811",7 Dorcas Ct,,Orlando,FL,32811,Orange,28.541483,-81.439577,single_family,9502.0,Inactive,270000,2023-12-12T00:00:00.000Z,25,3.0,2.0,950.0,1968.0,12.506180941677357
"5459-Vineland-Rd,-Apt-4314,-Orlando,-FL-32811","5459 Vineland Rd, Apt 4314, Orlando, FL 32811",5459 Vineland Rd,Apt 4314,Orlando,FL,32811,Orange,28.486665,-81.451646,condo,16988.0,Inactive,185000,2023-11-17T00:00:00.000Z,47,1.0,1.0,645.0,2000.0,12.128116509451258
"1522-Frazier-Ave,-Orlando,-FL-32811","1522 Frazier Ave, Orlando, FL 32811",1522 Frazier Ave,,Orlando,FL,32811,Orange,28.523819,-81.454452,single_family,7145.0,Inactive,250000,2023-11-20T00:00:00.000Z,44,3.0,1.0,906.0,1973.0,12.429220196836383
"4761-Capri-Pl,---206,-Orlando,-FL-32811","4761 Capri Pl, # 206, Orlando, FL 32811",4761 Capri Pl,# 206,Orlando,FL,32811,Orange,28.495322,-81.441076,condo,7035.0,Inactive,215000,2023-12-12T00:00:00.000Z,22,2.0,2.0,935.0,1985.0,12.278397958261774
"4516-W-Gore-Ave,-Orlando,-FL-32811","4516 W Gore Ave, Orlando, FL 32811",4516 W Gore Ave,,Orlando,FL,32811,Orange,28.530411,-81.437044,single_family,6331.0,Inactive,205000,2023-12-19T00:00:00.000Z,15,3.0,1.0,1142.0,1949.0,12.230770136157428
"3325-S-Kirkman-Rd,-Apt-420,-Orlando,-FL-32811","3325 S Kirkman Rd, Apt 420, Orlando, FL 32811",3325 S Kirkman Rd,Apt 420,Orlando,FL,32811,Orange,28.508028,-81.457119,condo,12632.0,Inactive,240000,2023-06-18T00:00:00.000Z,197,2.0,2.0,1129.0,1999.0,12.388398368982115
"4716-Walden-Cir,-Apt-1635,-Orlando,-FL-32811","4716 Walden Cir, Apt 1635, Orlando, FL 32811",4716 Walden Cir,Apt 1635,Orlando,FL,32811,Orange,28.491035,-81.442986,condo,6898.0,Inactive,159900,2023-08-22T00:00:00.000Z,132,1.0,1.0,696.0,1988.0,11.982310152711182
"5512-Metrowest-Blvd,-Apt-205,-Orlando,-FL-32811","5512 Metrowest Blvd, Apt 205, Orlando, FL 32811",5512 Metrowest Blvd,Apt 205,Orlando,FL,32811,Orange,28.513062,-81.456444,condo,16553.0,Inactive,173000,2023-11-17T00:00:00.000Z,45,1.0,1.0,840.0,1999.0,12.06105265381003
"2178-Liston-Ct,-Orlando,-FL-32811","2178 Liston Ct, Orlando, FL 32811",2178 Liston Ct,,Orlando,FL,32811,Orange,28.517104,-81.427787,single_family,9477.0,Inactive,269000,2023-12-12T00:00:00.000Z,18,3.0,2.0,1035.0,1969.0,12.502470376049185
"4545-Carter-St,-Orlando,-FL-32811","4545 Carter St, Orlando, FL 32811",4545 Carter St,,Orlando,FL,32811,Orange,28.534623,-81.437797,single_family,6893.0,Inactive,348000,2023-11-13T00:00:00.000Z,46,3.0,2.0,1350.0,2022.0,12.759960632315702
"4826-Normandy-Pl,---204,-Orlando,-FL-32811","4826 Normandy Pl, # 204, Orlando, FL 32811",4826 Normandy Pl,# 204,Orlando,FL,32811,Orange,28.495819,-81.443137,condo,7035.0,Inactive,249000,2023-11-30T00:00:00.000Z,27,2.0,2.0,1080.0,1989.0,12.425212191503038
"4849-Cypress-Woods-Dr,-Apt-1208,-Orlando,-FL-32811","4849 Cypress Woods Dr, Apt 1208, Orlando, FL 32811",4849 Cypress Woods Dr,Apt 1208,Orlando,FL,32811,Orange,28.493637,-81.451099,condo,16553.0,Inactive,258700,2023-12-11T00:00:00.000Z,16,3.0,2.0,1405.0,2000.0,12.463428233647901
"5304-Cypress-Ct,---431,-Orlando,-FL-32811","5304 Cypress Ct, # 431, Orlando, FL 32811",5304 Cypress Ct,# 431,Orlando,FL,32811,Orange,28.497142,-81.451102,condo,2636.0,Inactive,225000,2023-12-20T00:00:00.000Z,7,2.0,2.5,1285.0,1986.0,12.323860125621126
"2956-Grandola-Dr,-Orlando,-FL-32811","2956 Grandola Dr, Orlando, FL 32811",2956 Grandola Dr,,Orlando,FL,32811,Orange,28.511864,-81.436661,single_family,7060.0,Inactive,249999,2023-09-28T00:00:00.000Z,89,3.0,1.5,1396.0,1973.0,12.429216196844383
"5157-Cypress-Creek-Dr,---2,-Orlando,-FL-32811","5157 Cypress Creek Dr, # 2, Orlando, FL 32811",5157 Cypress Creek Dr,# 2,Orlando,FL,32811,Orange,28.48707,-81.448613,condo,7261.0,Inactive,249000,2023-12-15T00:00:00.000Z,11,2.0,2.0,1197.0,1974.0,12.425212191503038
"4736-Walden-Cir,-Apt-1126,-Orlando,-FL-32811","4736 Walden Cir, Apt 1126, Orlando, FL 32811",4736 Walden Cir,Apt 1126,Orlando,FL,32811,Orange,28.490214,-81.443593,condo,5275.0,Inactive,129000,2023-08-26T00:00:00.000Z,121,1.0,1.0,560.0,1988.0,11.767575435251748
"5144-Conroy-Rd,-Unit-1013,-Orlando,-FL-32811","5144 Conroy Rd, Unit 1013, Orlando, FL 32811",5144 Conroy Rd,Unit 1013,Orlando,FL,32811,Orange,28.493374,-81.445129,condo,7035.0,Inactive,215000,2023-11-25T00:00:00.000Z,30,2.0,2.0,1028.0,1988.0,12.278397958261774
"4678-Pembrook-Pl,---106,-Orlando,-FL-32811","4678 Pembrook Pl, # 106, Orlando, FL 32811",4678 Pembrook Pl,# 106,Orlando,FL,32811,Orange,28.494496,-81.441686,condo,7680.0,Inactive,229900,2023-11-20T00:00:00.000Z,30,3.0,2.0,1263.0,1989.0,12.345404060459082
"5554-Metrowest-Blvd,-Apt-306,-Orlando,-FL-32811","5554 Metrowest Blvd, Apt 306, Orlando, FL 32811",5554 Metrowest Blvd,Apt 306,Orlando,FL,32811,Orange,28.510861,-81.457403,condo,18731.0,Inactive,180000,2023-11-30T00:00:00.000Z,19,2.0,2.0,1159.0,1999.0,12.100717685412471
"415-Dover-St,-Orlando,-FL-32811","415 Dover St, Orlando, FL 32811",415 Dover St,,Orlando,FL,32811,Orange,28.547738,-81.445363,single_family,6247.0,Inactive,304000,2023-09-16T00:00:00.000Z,92,3.0,2.0,1408.0,1960.0,12.624786269856633
"226-Hope-Cir,-Orlando,-FL-32811","226 Hope Cir, Orlando, FL 32811",226 Hope Cir,,Orlando,FL,32811,Orange,28.545055,-81.450687,single_family,9051.0,Inactive,304000,2023-08-23T00:00:00.000Z,115,3.0,2.0,1356.0,1958.0,12.624786269856633
"5104-Conroy-Rd,---14,-Orlando,-FL-32811","5104 Conroy Rd, # 14, Orlando, FL 32811",5104 Conroy Rd,# 14,Orlando,FL,32811,Orange,28.496194,-81.447322,condo,8799.0,Inactive,170000,2023-11-17T00:00:00.000Z,29,1.0,1.0,711.0,1988.0,12.04355959836804
"5560-Metrowest-Blvd,-Apt-207,-Orlando,-FL-32811","5560 Metrowest Blvd, Apt 207, Orlando, FL 32811",5560 Metrowest Blvd,Apt 207,Orlando,FL,32811,Orange,28.511,-81.458344,condo,13939.0,Inactive,179995,2023-10-31T00:00:00.000Z,40,2.0,2.0,1159.0,1999.0,12.100689907403208
"2769-Messina-Ave,-Orlando,-FL-32811","2769 Messina Ave, Orlando, FL 32811",2769 Messina Ave,,Orlando,FL,32811,Orange,28.513161,-81.440708,single_family,7038.0,Inactive,275000,2023-11-02T00:00:00.000Z,38,4.0,2.0,1464.0,1980.0,12.524530013005734
"1918-Attucks-Ave,-Orlando,-FL-32811","1918 Attucks Ave, Orlando, FL 32811",1918 Attucks Ave,,Orlando,FL,32811,Orange,28.519322,-81.431667,single_family,6600.0,Inactive,335000,2023-11-30T00:00:00.000Z,9,4.0,2.0,1802.0,1964.0,12.721888795877375
"5018-Lady-Bell-Dr,-Orlando,-FL-32811","5018 Lady Bell Dr, Orlando, FL 32811",5018 Lady Bell Dr,,Orlando,FL,32811,Orange,28.529445,-81.446139,single_family,2810.0,Inactive,185000,2023-11-07T00:00:00.000Z,31,2.0,1.0,742.0,1996.0,12.128116509451258
"4827-Walden-Cir,---6,-Orlando,-FL-32811","4827 Walden Cir, # 6, Orlando, FL 32811",4827 Walden Cir,# 6,Orlando,FL,32811,Orange,28.489134,-81.444353,townhouse,5115.0,Inactive,269900,2023-10-12T00:00:00.000Z,55,2.0,2.5,1228.0,1987.0,12.505810504075185
"4760-Walden-Cir,---26,-Orlando,-FL-32811","4760 Walden Cir, # 26, Orlando, FL 32811",4760 Walden Cir,# 26,Orlando,FL,32811,Orange,28.489166,-81.440585,condo,6374.0,Inactive,175000,2023-10-14T00:00:00.000Z,49,1.0,1.0,560.0,1988.0,12.07254696717504
"4915-Carter-St,-Orlando,-FL-32811","4915 Carter St, Orlando, FL 32811",4915 Carter St,,Orlando,FL,32811,Orange,28.534519,-81.445275,single_family,6736.0,Inactive,329900,2023-11-14T00:00:00.000Z,18,3.0,2.0,1500.0,2023.0,12.706547888433661
"4652-College-Dr,-Orlando,-FL-32811","4652 College Dr, Orlando, FL 32811",4652 College Dr,,Orlando,FL,32811,Orange,28.535002,-81.439643,single_family,5627.0,Inactive,295000,2023-08-09T00:00:00.000Z,114,3.0,1.0,1176.0,2015.0,12.59473402514672
"4708-Jasmine-Creek-Ln,---1506,-Orlando,-FL-32811","4708 Jasmine Creek Ln, # 1506, Orlando, FL 32811",4708 Jasmine Creek Ln,# 1506,Orlando,FL,32811,Orange,28.493722,-81.453612,condo,5531.0,Inactive,210000,2023-09-06T00:00:00.000Z,86,2.0,2.0,1141.0,1973.0,12.25486757159303
"4636-Carter-St,-Orlando,-FL-32811","4636 Carter St, Orlando, FL 32811",4636 Carter St,,Orlando,FL,32811,Orange,28.534061,-81.439795,single_family,6780.0,Inactive,234000,2023-10-13T00:00:00.000Z,48,3.0,2.0,1100.0,1954.0,12.36308066783498
"4230-Raleigh-St,-Orlando,-FL-32811","4230 Raleigh St, Orlando, FL 32811",4230 Raleigh St,,Orlando,FL,32811,Orange,28.527622,-81.431507,single_family,6850.0,Inactive,272000,2023-11-25T00:00:00.000Z,5,3.0,2.0,1184.0,1948.0,12.513561021741964
"4288-Prince-Hall-Blvd,---2,-Orlando,-FL-32811","4288 Prince Hall Blvd, # 2, Orlando, FL 32811",4288 Prince Hall Blvd,# 2,Orlando,FL,32811,Orange,28.512851,-81.431878,single_family,6655.0,Inactive,289000,2023-10-04T00:00:00.000Z,52,4.0,2.0,1560.0,1968.0,12.574185427296195
"4366-Cassius-St,-Orlando,-FL-32811","4366 Cassius St, Orlando, FL 32811",4366 Cassius St,,Orlando,FL,32811,Orange,28.521797,-81.433886,single_family,7400.0,Inactive,275000,2023-09-20T00:00:00.000Z,64,3.0,2.0,1170.0,1965.0,12.524530013005734
"4354-Shadow-Crest-Pl,-Unit-3,-Orlando,-FL-32811","4354 Shadow Crest Pl, Unit 3, Orlando, FL 32811",4354 Shadow Crest Pl,Unit 3,Orlando,FL,32811,Orange,28.499204,-81.456201,townhouse,2564.0,Inactive,229900,2023-10-12T00:00:00.000Z,41,2.0,1.5,909.0,1980.0,12.345404060459082
"4338-Middlebrook-Rd,---2,-Orlando,-FL-32811","4338 Middlebrook Rd, # 2, Orlando, FL 32811",4338 Middlebrook Rd,# 2,Orlando,FL,32811,Orange,28.499447,-81.453478,condo,8700.0,Inactive,200000,2023-07-25T00:00:00.000Z,119,2.0,2.0,1120.0,1984.0,12.206077645517674
"4744-Chevy-Pl,---160A1,-Orlando,-FL-32811","4744 Chevy Pl, # 160A1, Orlando, FL 32811",4744 Chevy Pl,# 160A1,Orlando,FL,32811,Orange,28.495793,-81.440699,condo,3471.0,Inactive,222000,2023-11-10T00:00:00.000Z,10,2.0,1.0,796.0,1984.0,12.310437165348775
"4607-Cason-Cove-Dr,-Apt-426,-Orlando,-FL-32811","4607 Cason Cove Dr, Apt 426, Orlando, FL 32811",4607 Cason Cove Dr,Apt 426,Orlando,FL,32811,Orange,28.49656,-81.438065,condo,7035.0,Inactive,160000,2023-11-08T00:00:00.000Z,11,1.0,1.0,700.0,1988.0,11.982935344196433
"4833-Cypress-Woods-Dr,-Apt-4304,-Orlando,-FL-32811","4833 Cypress Woods Dr, Apt 4304, Orlando, FL 32811",4833 Cypress Woods Dr,Apt 4304,Orlando,FL,32811,Orange,28.492899,-81.451607,condo,24394.0,Inactive,267000,2023-11-03T00:00:00.000Z,12,3.0,2.0,1351.0,2001.0,12.495007682693725
"5500-Metrowest-Blvd,-Apt-104,-Orlando,-FL-32811","5500 Metrowest Blvd, Apt 104, Orlando, FL 32811",5500 Metrowest Blvd,Apt 104,Orlando,FL,32811,Orange,28.513006,-81.457512,condo,17424.0,Inactive,180000,2023-02-09T00:00:00.000Z,277,1.0,1.0,709.0,1999.0,12.100717685412471
"4546-Malibu-St,-Orlando,-FL-32811","4546 Malibu St, Orlando, FL 32811",4546 Malibu St,,Orlando,FL,32811,Orange,28.536449,-81.437044,single_family,6197.0,Inactive,230000,2023-08-05T00:00:00.000Z,100,3.0,2.0,1056.0,1967.0,12.345838935721968
"5252-Willow-Ct,---531,-Orlando,-FL-32811","5252 Willow Ct, # 531, Orlando, FL 32811",5252 Willow Ct,# 531,Orlando,FL,32811,Orange,28.495675,-81.449967,condo,2627.0,Inactive,235000,2023-10-23T00:00:00.000Z,20,2.0,2.5,1285.0,1986.0,12.367345048436391
"4983-Mercer-St,-Orlando,-FL-32811","4983 Mercer St, Orlando, FL 32811",4983 Mercer St,,Orlando,FL,32811,Orange,28.537145,-81.445678,single_family,6888.0,Inactive,331000,2023-07-27T00:00:00.000Z,107,3.0,2.0,1322.0,2023.0,12.709876675502672
"5518-Metrowest-Blvd,-Apt-307,-Orlando,-FL-32811","5518 Metrowest Blvd, Apt 307, Orlando, FL 32811",5518 Metrowest Blvd,Apt 307,Orlando,FL,32811,Orange,28.513029,-81.455719,condo,9552.0,Inactive,180000,2023-08-13T00:00:00.000Z,90,1.0,1.0,786.0,1999.0,12.100717685412471
"5161-Cypress-Creek-Dr,---2,-Orlando,-FL-32811","5161 Cypress Creek Dr, # 2, Orlando, FL 32811",5161 Cypress Creek Dr,# 2,Orlando,FL,32811,Orange,28.48707,-81.448613,condo,7261.0,Inactive,325000,2023-10-11T00:00:00.000Z,31,3.0,3.0,1880.0,1974.0,12.691583538230217
"4881-Cypress-Woods-Dr,-Apt-3107,-Orlando,-FL-32811","4881 Cypress Woods Dr, Apt 3107, Orlando, FL 32811",4881 Cypress Woods Dr,Apt 3107,Orlando,FL,32811,Orange,28.493626,-81.451883,condo,24394.0,Inactive,225000,2023-09-12T00:00:00.000Z,59,2.0,2.0,1186.0,2000.0,12.323860125621126
"4364-S-Kirkman-Rd,-Apt-312,-Orlando,-FL-32811","4364 S Kirkman Rd, Apt 312, Orlando, FL 32811",4364 S Kirkman Rd,Apt 312,Orlando,FL,32811,Orange,28.497461,-81.461037,condo,7671.0,Inactive,230000,2023-09-26T00:00:00.000Z,45,2.0,2.0,1042.0,1997.0,12.345838935721968
"5140-Conroy-Rd,---22,-Orlando,-FL-32811","5140 Conroy Rd, # 22, Orlando, FL 32811",5140 Conroy Rd,# 22,Orlando,FL,32811,Orange,28.494208,-81.444834,condo,8484.0,Inactive,210000,2023-10-30T00:00:00.000Z,10,2.0,2.0,988.0,1988.0,12.25486757159303
"4760-Danzig-Ct,-Orlando,-FL-32811","4760 Danzig Ct, Orlando, FL 32811",4760 Danzig Ct,,Orlando,FL,32811,Orange,28.525309,-81.441569,single_family,6165.0,Inactive,240000,2023-11-03T00:00:00.000Z,6,4.0,1.0,1056.0,1968.0,12.388398368982115
"1005-Florida-Holly-Dr,-Orlando,-FL-32811","1005 Florida Holly Dr, Orlando, FL 32811",1005 Florida Holly Dr,,Orlando,FL,32811,Orange,28.529349,-81.45034,single_family,6255.0,Inactive,285990,2023-10-04T00:00:00.000Z,35,2.0,2.0,902.0,1990.0,12.563715620775376
"4912-Lanette-St,-Orlando,-FL-32811","4912 Lanette St, Orlando, FL 32811",4912 Lanette St,,Orlando,FL,32811,Orange,28.527098,-81.445034,single_family,6827.0,Inactive,235000,2023-10-31T00:00:00.000Z,5,2.0,1.0,910.0,1970.0,12.367345048436391
"4426-Evers-Pl,-Orlando,-FL-32811","4426 Evers Pl, Orlando, FL 32811",4426 Evers Pl,,Orlando,FL,32811,Orange,28.52053,-81.435104,single_family,7407.0,Inactive,325000,2023-10-21T00:00:00.000Z,13,4.0,2.0,1632.0,1967.0,12.691583538230217
"5121-Dove-Tree-St,-Orlando,-FL-32811","5121 Dove Tree St, Orlando, FL 32811",5121 Dove Tree St,,Orlando,FL,32811,Orange,28.491589,-81.448301,single_family,6560.0,Inactive,630000,2023-10-26T00:00:00.000Z,8,5.0,3.0,2979.0,2014.0,13.353476685668044
"1910-Horne-Ave,-Orlando,-FL-32811","1910 Horne Ave, Orlando, FL 32811",1910 Horne Ave,,Orlando,FL,32811,Orange,28.519493,-81.430864,single_family,7307.0,Inactive,250000,2023-10-27T00:00:00.000Z,6,3.0,1.0,900.0,1964.0,12.429220196836383
"320-Dover-St,-Orlando,-FL-32811","320 Dover St, Orlando, FL 32811",320 Dover St,,Orlando,FL,32811,Orange,28.545916,-81.445939,single_family,6254.0,Inactive,269000,2023-04-26T00:00:00.000Z,189,3.0,2.0,1040.0,1985.0,12.502470376049185
"5301-Rosegay-Ct,-Orlando,-FL-32811","5301 Rosegay Ct, Orlando, FL 32811",5301 Rosegay Ct,,Orlando,FL,32811,Orange,28.526017,-81.450528,single_family,11326.0,Inactive,328000,2023-08-07T00:00:00.000Z,86,4.0,2.0,1482.0,1972.0,12.700771936142122
"4946-Palm-Park-St,-Orlando,-FL-32811","4946 Palm Park St, Orlando, FL 32811",4946 Palm Park St,,Orlando,FL,32811,Orange,28.487798,-81.446136,single_family,5602.0,Inactive,625000,2023-10-06T00:00:00.000Z,26,4.0,3.0,2355.0,2013.0,13.345508528717259
"5414-Pine-Creek-Dr,---1612,-Orlando,-FL-32811","5414 Pine Creek Dr, # 1612, Orlando, FL 32811",5414 Pine Creek Dr,# 1612,Orlando,FL,32811,Orange,28.49369,-81.453916,condo,5811.0,Inactive,200000,2023-06-01T00:00:00.000Z,152,3.0,2.5,1617.0,1973.0,12.206077645517674
"2937-Ravenall-Ave,-Orlando,-FL-32811","2937 Ravenall Ave, Orlando, FL 32811",2937 Ravenall Ave,,Orlando,FL,32811,Orange,28.511497,-81.438954,single_family,8370.0,Inactive,270000,2023-09-26T00:00:00.000Z,35,3.0,2.0,999.0,1974.0,12.506180941677357
"5152-Conroy-Rd,---23,-Orlando,-FL-32811","5152 Conroy Rd, # 23, Orlando, FL 32811",5152 Conroy Rd,# 23,Orlando,FL,32811,Orange,28.493566,-81.445987,condo,6711.0,Inactive,164500,2023-10-10T00:00:00.000Z,21,1.0,1.0,597.0,1988.0,12.010671928196443
"4865-Cypress-Woods-Dr,-Apt-2208,-Orlando,-FL-32811","4865 Cypress Woods Dr, Apt 2208, Orlando, FL 32811",4865 Cypress Woods Dr,Apt 2208,Orlando,FL,32811,Orange,28.494111,-81.451361,condo,16553.0,Inactive,270000,2023-10-07T00:00:00.000Z,22,3.0,2.0,1405.0,2000.0,12.506180941677357
"4328-S-Kirkman-Rd,-Apt-1314,-Orlando,-FL-32811","4328 S Kirkman Rd, Apt 1314, Orlando, FL 32811",4328 S Kirkman Rd,Apt 1314,Orlando,FL,32811,Orange,28.498345,-81.461294,condo,7671.0,Inactive,215000,2023-10-13T00:00:00.000Z,15,2.0,2.0,1042.0,1997.0,12.278397958261774
"5008-Longmeadow-Park-St,-Orlando,-FL-32811","5008 Longmeadow Park St, Orlando, FL 32811",5008 Longmeadow Park St,,Orlando,FL,32811,Orange,28.492119,-81.446874,single_family,5885.0,Inactive,739000,2023-09-05T00:00:00.000Z,52,6.0,4.0,2945.0,2014.0,13.513054553109397
"4842-Marks-Ter,---397B2L,-Orlando,-FL-32811","4842 Marks Ter, # 397B2L, Orlando, FL 32811",4842 Marks Ter,# 397B2L,Orlando,FL,32811,Orange,28.496666,-81.444028,condo,5386.0,Inactive,244900,2023-10-19T00:00:00.000Z,6,2.0,2.0,1072.0,1984.0,12.408609326231229
"4104-White-Pine-Ave,---1,-Orlando,-FL-32811","4104 White Pine Ave, # 1, Orlando, FL 32811",4104 White Pine Ave,# 1,Orlando,FL,32811,Orange,28.501051,-81.45826,condo,2564.0,Inactive,228500,2023-10-06T00:00:00.000Z,17,2.0,2.0,816.0,1979.0,12.339295865674435
"5160-Conroy-Rd,---34,-Orlando,-FL-32811","5160 Conroy Rd, # 34, Orlando, FL 32811",5160 Conroy Rd,# 34,Orlando,FL,32811,Orange,28.49402,-81.446135,condo,8704.0,Inactive,164900,2023-06-24T00:00:00.000Z,120,1.0,1.0,711.0,1988.0,12.013100572810686
"5297-Letha-St,-Orlando,-FL-32811","5297 Letha St, Orlando, FL 32811",5297 Letha St,,Orlando,FL,32811,Orange,28.524002,-81.449572,single_family,8834.0,Inactive,192000,2023-10-12T00:00:00.000Z,10,3.0,1.5,1425.0,1971.0,12.165255859329688
"5578-Metrowest-Blvd,-Apt-105,-Orlando,-FL-32811","5578 Metrowest Blvd, Apt 105, Orlando, FL 32811",5578 Metrowest Blvd,Apt 105,Orlando,FL,32811,Orange,28.512568,-81.457985,condo,17424.0,Inactive,204000,2023-07-25T00:00:00.000Z,88,1.0,1.0,899.0,1999.0,12.225880174775122
"4720-Walden-Cir,---35,-Orlando,-FL-32811","4720 Walden Cir, # 35, Orlando, FL 32811",4720 Walden Cir,# 35,Orlando,FL,32811,Orange,28.490975,-81.444024,condo,8569.0,Inactive,222500,2023-08-10T00:00:00.000Z,71,2.0,2.0,1020.0,1988.0,12.312686874960354
"35-S-Tyler-Ave,-Orlando,-FL-32811","35 S Tyler Ave, Orlando, FL 32811",35 S Tyler Ave,,Orlando,FL,32811,Orange,28.540319,-81.455933,single_family,10454.0,Inactive,329900,2023-10-07T00:00:00.000Z,13,3.0,2.0,1363.0,1997.0,12.706547888433661
"213-Fanfair-Ave,-Orlando,-FL-32811","213 Fanfair Ave, Orlando, FL 32811",213 Fanfair Ave,,Orlando,FL,32811,Orange,28.539432,-81.436756,single_family,11326.0,Inactive,275000,2023-10-17T00:00:00.000Z,3,3.0,2.0,1092.0,1967.0,12.524530013005734
"5430-Enid-Ct,-Orlando,-FL-32811","5430 Enid Ct, Orlando, FL 32811",5430 Enid Ct,,Orlando,FL,32811,Orange,28.542473,-81.455376,manufactured,728.0,Inactive,89000,2023-06-29T00:00:00.000Z,111,2.0,1.5,728.0,2023.0,11.39640288460621
"4204-Tatum-St,-Orlando,-FL-32811","4204 Tatum St, Orlando, FL 32811",4204 Tatum St,,Orlando,FL,32811,Orange,28.516945,-81.430354,single_family,6599.0,Inactive,259900,2023-08-22T00:00:00.000Z,57,4.0,1.0,1080.0,1963.0,12.468056068255885
"5025-Vineland-Rd,---103,-Orlando,-FL-32811","5025 Vineland Rd, # 103, Orlando, FL 32811",5025 Vineland Rd,# 103,Orlando,FL,32811,Orange,28.483911,-81.445906,condo,13939.0,Inactive,230000,2023-10-05T00:00:00.000Z,13,2.0,2.0,1048.0,1986.0,12.345838935721968
"5120-Conroy-Rd,---36,-Orlando,-FL-32811","5120 Conroy Rd, # 36, Orlando, FL 32811",5120 Conroy Rd,# 36,Orlando,FL,32811,Orange,28.495161,-81.446218,condo,8978.0,Inactive,160000,2023-10-11T00:00:00.000Z,7,1.0,1.0,711.0,1988.0,11.982935344196433
"4740-Walden-Cir,---33,-Orlando,-FL-32811","4740 Walden Cir, # 33, Orlando, FL 32811",4740 Walden Cir,# 33,Orlando,FL,32811,Orange,28.48984,-81.443302,condo,6799.0,Inactive,159000,2023-07-28T00:00:00.000Z,80,1.0,1.0,760.0,1988.0,11.976665770490767
"244-Fanfair-Ave,-Orlando,-FL-32811","244 Fanfair Ave, Orlando, FL 32811",244 Fanfair Ave,,Orlando,FL,32811,Orange,28.538935,-81.437359,single_family,6233.0,Inactive,249900,2023-07-19T00:00:00.000Z,85,3.0,1.0,836.0,1967.0,12.428820118415677
"1893-Aaron-Ave,-Orlando,-FL-32811","1893 Aaron Ave, Orlando, FL 32811",1893 Aaron Ave,,Orlando,FL,32811,Orange,28.519864,-81.431986,single_family,6600.0,Inactive,289999,2023-08-11T00:00:00.000Z,62,3.0,1.5,1170.0,1965.0,12.577636201962656
"1862-Gammon-Ln,-Orlando,-FL-32811","1862 Gammon Ln, Orlando, FL 32811",1862 Gammon Ln,,Orlando,FL,32811,Orange,28.520285,-81.429972,single_family,8202.0,Inactive,269900,2023-08-18T00:00:00.000Z,54,3.0,2.0,1076.0,1968.0,12.505810504075185
"1000-Florence-Ave,-Orlando,-FL-32811","1000 Florence Ave, Orlando, FL 32811",1000 Florence Ave,,Orlando,FL,32811,Orange,28.52856,-81.428343,single_family,7261.0,Inactive,289900,2023-08-09T00:00:00.000Z,62,4.0,2.0,1456.0,1957.0,12.57729476436913
"5352-Burning-Tree-Dr,---G,-Orlando,-FL-32811","5352 Burning Tree Dr, # G, Orlando, FL 32811",5352 Burning Tree Dr,# G,Orlando,FL,32811,Orange,28.491372,-81.45276,condo,7566.0,Inactive,235000,2023-09-15T00:00:00.000Z,25,3.0,3.0,1496.0,1973.0,12.367345048436391
"4634-College-Dr,-Orlando,-FL-32811","4634 College Dr, Orlando, FL 32811",4634 College Dr,,Orlando,FL,32811,Orange,28.535006,-81.439223,single_family,5627.0,Inactive,277000,2023-09-19T00:00:00.000Z,21,3.0,1.0,1176.0,2015.0,12.531776395271262
"4430-Shadow-Crest-Pl,---4,-Orlando,-FL-32811","4430 Shadow Crest Pl, # 4, Orlando, FL 32811",4430 Shadow Crest Pl,# 4,Orlando,FL,32811,Orange,28.498325,-81.455219,condo,2564.0,Inactive,195000,2023-08-14T00:00:00.000Z,56,2.0,2.0,889.0,1981.0,12.180759965737863
"5132-Conroy-Rd,-Unit-927,-Orlando,-FL-32811","5132 Conroy Rd, Unit 927, Orlando, FL 32811",5132 Conroy Rd,Unit 927,Orlando,FL,32811,Orange,28.494089,-81.445371,condo,7035.0,Inactive,224900,2023-08-01T00:00:00.000Z,67,3.0,2.0,1237.0,1988.0,12.323415584358154
"5283-Creekside-Park-Ave,-Orlando,-FL-32811","5283 Creekside Park Ave, Orlando, FL 32811",5283 Creekside Park Ave,,Orlando,FL,32811,Orange,28.485223,-81.445633,single_family,3598.0,Inactive,549000,2023-09-02T00:00:00.000Z,35,4.0,2.5,2355.0,2013.0,13.215855541983634
"4328-S-Kirkman-Rd,-Apt-1307,-Orlando,-FL-32811","4328 S Kirkman Rd, Apt 1307, Orlando, FL 32811",4328 S Kirkman Rd,Apt 1307,Orlando,FL,32811,Orange,28.498384,-81.461323,condo,7671.0,Inactive,205000,2023-02-24T00:00:00.000Z,223,2.0,2.0,996.0,1997.0,12.230770136157428
"5173-Northlawn-Way,-Orlando,-FL-32811","5173 Northlawn Way, Orlando, FL 32811",5173 Northlawn Way,,Orlando,FL,32811,Orange,28.486495,-81.446314,single_family,3598.0,Inactive,519500,2023-09-12T00:00:00.000Z,23,3.0,2.5,2060.0,2014.0,13.160624014447382
"4907-Walden-Cir,---35,-Orlando,-FL-32811","4907 Walden Cir, # 35, Orlando, FL 32811",4907 Walden Cir,# 35,Orlando,FL,32811,Orange,28.488079,-81.443205,townhouse,5115.0,Inactive,299000,2023-06-15T00:00:00.000Z,111,2.0,2.5,1228.0,1986.0,12.608202196848836
"5108-Conroy-Rd,---24,-Orlando,-FL-32811","5108 Conroy Rd, # 24, Orlando, FL 32811",5108 Conroy Rd,# 24,Orlando,FL,32811,Orange,28.495601,-81.44752,condo,7571.0,Inactive,149000,2023-09-07T00:00:00.000Z,26,1.0,1.0,597.0,1988.0,11.91170829631447
"4581-Kirkland-Blvd,-Orlando,-FL-32811","4581 Kirkland Blvd, Orlando, FL 32811",4581 Kirkland Blvd,,Orlando,FL,32811,Orange,28.516563,-81.437519,single_family,6601.0,Inactive,308000,2023-09-03T00:00:00.000Z,29,3.0,2.0,1410.0,1968.0,12.637858308703688
"4613-Cason-Cove-Dr,-Apt-721,-Orlando,-FL-32811","4613 Cason Cove Dr, Apt 721, Orlando, FL 32811",4613 Cason Cove Dr,Apt 721,Orlando,FL,32811,Orange,28.496789,-81.436945,condo,5139.0,Inactive,195000,2023-09-22T00:00:00.000Z,10,2.0,2.0,1000.0,1988.0,12.180759965737863
"1646-Cresthaven-Ave,-Orlando,-FL-32811","1646 Cresthaven Ave, Orlando, FL 32811",1646 Cresthaven Ave,,Orlando,FL,32811,Orange,28.522368,-81.430881,single_family,6602.0,Inactive,284500,2023-09-26T00:00:00.000Z,5,3.0,1.0,1314.0,1968.0,12.558492047480835
"4740-Walden-Cir,---27,-Orlando,-FL-32811","4740 Walden Cir, # 27, Orlando, FL 32811",4740 Walden Cir,# 27,Orlando,FL,32811,Orange,28.48984,-81.443302,condo,6799.0,Inactive,199900,2023-09-18T00:00:00.000Z,12,2.0,2.0,1020.0,1988.0,12.20557752297723
"3307-S-Kirkman-Rd,-Apt-118,-Orlando,-FL-32811","3307 S Kirkman Rd, Apt 118, Orlando, FL 32811",3307 S Kirkman Rd,Apt 118,Orlando,FL,32811,Orange,28.507545,-81.458361,condo,13068.0,Inactive,210000,2023-09-28T00:00:00.000Z,2,2.0,2.0,1129.0,1999.0,12.25486757159303
"4066-Booker-St,-Orlando,-FL-32811","4066 Booker St, Orlando, FL 32811",4066 Booker St,,Orlando,FL,32811,Orange,28.524986,-81.427519,single_family,5702.0,Inactive,100000,2023-09-16T00:00:00.000Z,13,2.0,1.0,572.0,1958.0,11.51293546492023
"4204-Columbia-St,-Orlando,-FL-32811","4204 Columbia St, Orlando, FL 32811",4204 Columbia St,,Orlando,FL,32811,Orange,28.526684,-81.430572,single_family,5772.0,Inactive,299000,2023-09-25T00:00:00.000Z,3,5.0,3.0,2206.0,1964.0,12.608202196848836
"5287-Cypress-Ct,---724,-Orlando,-FL-32811","5287 Cypress Ct, # 724, Orlando, FL 32811",5287 Cypress Ct,# 724,Orlando,FL,32811,Orange,28.497352,-81.450945,condo,2638.0,Inactive,269900,2023-09-05T00:00:00.000Z,22,2.0,2.5,1285.0,1986.0,12.505810504075185
"4804-Normandy-Bldg-E103-Pl-E,-Unit-4,-Orlando,-FL-32811","4804 Normandy Bldg E103 Pl E, Unit 4, Orlando, FL 32811",4804 Normandy Bldg E103 Pl E,Unit 4,Orlando,FL,32811,Orange,28.495823,-81.442619,condo,5078.0,Inactive,245000,2023-09-19T00:00:00.000Z,5,2.0,2.0,1080.0,1989.0,12.409017571151187
"5451-Vineland-Rd,-Apt-2310,-Orlando,-FL-32811","5451 Vineland Rd, Apt 2310, Orlando, FL 32811",5451 Vineland Rd,Apt 2310,Orlando,FL,32811,Orange,28.485,-81.451169,condo,16553.0,Inactive,189900,2023-09-21T00:00:00.000Z,3,1.0,1.0,734.0,2000.0,12.15425816271595
"4752I-Walden-Cir,---11,-Orlando,-FL-32811","4752I Walden Cir, # 11, Orlando, FL 32811",4752I Walden Cir,# 11,Orlando,FL,32811,Orange,28.489508,-81.441788,condo,1020.0,Inactive,215000,2023-07-14T00:00:00.000Z,71,2.0,2.0,1020.0,1988.0,12.278397958261774
"4328-S-Kirkman-Rd,-Apt-1310,-Orlando,-FL-32811","4328 S Kirkman Rd, Apt 1310, Orlando, FL 32811",4328 S Kirkman Rd,Apt 1310,Orlando,FL,32811,Orange,28.498358,-81.461288,condo,7671.0,Inactive,219900,2023-07-26T00:00:00.000Z,58,2.0,2.0,1042.0,1997.0,12.300932724054114
"4243-Kirkland-Blvd,-Orlando,-FL-32811","4243 Kirkland Blvd, Orlando, FL 32811",4243 Kirkland Blvd,,Orlando,FL,32811,Orange,28.516651,-81.431172,single_family,7130.0,Inactive,269900,2023-09-17T00:00:00.000Z,4,3.0,1.0,1020.0,1963.0,12.505810504075185
"5455-Vineland-Rd,-Apt-3312,-Orlando,-FL-32811","5455 Vineland Rd, Apt 3312, Orlando, FL 32811",5455 Vineland Rd,Apt 3312,Orlando,FL,32811,Orange,28.485841,-81.451439,condo,16553.0,Inactive,247000,2023-09-18T00:00:00.000Z,3,2.0,2.0,1043.0,2000.0,12.417147664184915
"5611-Blue-Shadows-Ct,---3,-Orlando,-FL-32811","5611 Blue Shadows Ct, # 3, Orlando, FL 32811",5611 Blue Shadows Ct,# 3,Orlando,FL,32811,Orange,28.498662,-81.457006,condo,2085.0,Inactive,228000,2023-07-24T00:00:00.000Z,58,2.0,2.0,948.0,1987.0,12.337105293891872
"4743-W-Church-St,-Orlando,-FL-32811","4743 W Church St, Orlando, FL 32811",4743 W Church St,,Orlando,FL,32811,Orange,28.540022,-81.442317,single_family,16988.0,Inactive,360000,2023-09-07T00:00:00.000Z,13,3.0,2.0,1590.0,2023.0,12.793862088206213
"4748-Walden-Cir,---27,-Orlando,-FL-32811","4748 Walden Cir, # 27, Orlando, FL 32811",4748 Walden Cir,# 27,Orlando,FL,32811,Orange,28.489658,-81.442495,condo,6909.0,Inactive,175000,2023-09-16T00:00:00.000Z,4,2.0,2.0,1020.0,1988.0,12.07254696717504
"5447-Vineland-Rd,-Apt-1303,-Orlando,-FL-32811","5447 Vineland Rd, Apt 1303, Orlando, FL 32811",5447 Vineland Rd,Apt 1303,Orlando,FL,32811,Orange,28.484214,-81.450672,condo,16553.0,Inactive,200000,2023-09-18T00:00:00.000Z,2,1.0,1.0,820.0,2000.0,12.206077645517674
"5275-Cypress-Ct,---721,-Orlando,-FL-32811","5275 Cypress Ct, # 721, Orlando, FL 32811",5275 Cypress Ct,# 721,Orlando,FL,32811,Orange,28.497519,-81.450725,condo,2626.0,Inactive,225000,2023-09-15T00:00:00.000Z,4,2.0,2.5,1285.0,1985.0,12.323860125621126
"4114-Booker-St,-Orlando,-FL-32811","4114 Booker St, Orlando, FL 32811",4114 Booker St,,Orlando,FL,32811,Orange,28.524902,-81.428646,single_family,6777.0,Inactive,209000,2023-08-26T00:00:00.000Z,23,2.0,1.0,673.0,1953.0,12.250094315624496
"2229-Fiesta-Ct,-Orlando,-FL-32811","2229 Fiesta Ct, Orlando, FL 32811",2229 Fiesta Ct,,Orlando,FL,32811,Orange,28.516507,-81.43958,single_family,8102.0,Inactive,299000,2023-07-15T00:00:00.000Z,62,4.0,1.5,1248.0,1970.0,12.608202196848836
"5518-Metrowest-Blvd,-Apt-203,-Orlando,-FL-32811","5518 Metrowest Blvd, Apt 203, Orlando, FL 32811",5518 Metrowest Blvd,Apt 203,Orlando,FL,32811,Orange,28.513028,-81.455712,condo,9552.0,Inactive,209900,2023-09-01T00:00:00.000Z,14,2.0,1.0,1093.0,1999.0,12.254391269970792
"4271-Lake-Richmond-Dr,-Orlando,-FL-32811","4271 Lake Richmond Dr, Orlando, FL 32811",4271 Lake Richmond Dr,,Orlando,FL,32811,Orange,28.511047,-81.433029,single_family,50094.0,Inactive,359900,2023-09-01T00:00:00.000Z,13,4.0,3.0,1904.0,1968.0,12.79358427261286
"4740-Walden-Cir,-Apt-1038,-Orlando,-FL-32811","4740 Walden Cir, Apt 1038, Orlando, FL 32811",4740 Walden Cir,Apt 1038,Orlando,FL,32811,Orange,28.489883,-81.443436,condo,6799.0,Inactive,199900,2023-09-05T00:00:00.000Z,9,2.0,2.0,956.0,1988.0,12.20557752297723
"4730-Sutton-Ter,---123B2L,-Orlando,-FL-32811","4730 Sutton Ter, # 123B2L, Orlando, FL 32811",4730 Sutton Ter,# 123B2L,Orlando,FL,32811,Orange,28.496498,-81.440142,condo,5258.0,Inactive,225000,2023-04-18T00:00:00.000Z,148,2.0,2.0,1072.0,1984.0,12.323860125621126
"5467-Vineland-Rd,-Apt-6201,-Orlando,-FL-32811","5467 Vineland Rd, Apt 6201, Orlando, FL 32811",5467 Vineland Rd,Apt 6201,Orlando,FL,32811,Orange,28.485498,-81.452508,condo,12632.0,Inactive,230000,2023-03-24T00:00:00.000Z,172,2.0,2.0,1004.0,2000.0,12.345838935721968
"4531-Banneka-St,-Orlando,-FL-32811","4531 Banneka St, Orlando, FL 32811",4531 Banneka St,,Orlando,FL,32811,Orange,28.520238,-81.437169,single_family,6600.0,Inactive,245000,2023-09-08T00:00:00.000Z,4,3.0,1.0,1268.0,1967.0,12.409017571151187
"1008-Willie-Mays-Pkwy,-Orlando,-FL-32811","1008 Willie Mays Pkwy, Orlando, FL 32811",1008 Willie Mays Pkwy,,Orlando,FL,32811,Orange,28.528403,-81.438737,single_family,5998.0,Inactive,194900,2023-07-08T00:00:00.000Z,65,2.0,1.0,572.0,1961.0,12.180247016318816
"5148-Conroy-Rd,-Unit-1223,-Orlando,-FL-32811","5148 Conroy Rd, Unit 1223, Orlando, FL 32811",5148 Conroy Rd,Unit 1223,Orlando,FL,32811,Orange,28.493073,-81.445847,condo,8509.0,Inactive,159000,2023-08-05T00:00:00.000Z,36,1.0,1.0,711.0,1988.0,11.976665770490767
"238-Fanfair-Ave,-Orlando,-FL-32811","238 Fanfair Ave, Orlando, FL 32811",238 Fanfair Ave,,Orlando,FL,32811,Orange,28.539106,-81.437361,single_family,6233.0,Inactive,244900,2023-08-25T00:00:00.000Z,15,3.0,1.0,836.0,1967.0,12.408609326231229
"210-Hope-Cir,-Orlando,-FL-32811","210 Hope Cir, Orlando, FL 32811",210 Hope Cir,,Orlando,FL,32811,Orange,28.544251,-81.45089,single_family,9054.0,Inactive,295000,2023-08-23T00:00:00.000Z,16,3.0,2.0,1356.0,1958.0,12.59473402514672
"4752-Walden-Cir,---13,-Orlando,-FL-32811","4752 Walden Cir, # 13, Orlando, FL 32811",4752 Walden Cir,# 13,Orlando,FL,32811,Orange,28.489468,-81.441661,condo,6860.0,Inactive,160000,2023-08-12T00:00:00.000Z,26,1.0,1.0,760.0,1988.0,11.982935344196433
"4705-Capri-Pl,---186,-Orlando,-FL-32811","4705 Capri Pl, # 186, Orlando, FL 32811",4705 Capri Pl,# 186,Orlando,FL,32811,Orange,28.495168,-81.440151,condo,5544.0,Inactive,189000,2023-06-13T00:00:00.000Z,85,2.0,2.0,935.0,1985.0,12.149507585033072
"5104-Conroy-Rd,---26,-Orlando,-FL-32811","5104 Conroy Rd, # 26, Orlando, FL 32811",5104 Conroy Rd,# 26,Orlando,FL,32811,Orange,28.496194,-81.447322,condo,8799.0,Inactive,189900,2023-07-13T00:00:00.000Z,54,1.0,1.0,711.0,1988.0,12.15425816271595
"5472-Pine-Creek-Dr,---2006,-Orlando,-FL-32811","5472 Pine Creek Dr, # 2006, Orlando, FL 32811",5472 Pine Creek Dr,# 2006,Orlando,FL,32811,Orange,28.493304,-81.455233,condo,5531.0,Inactive,205000,2023-08-26T00:00:00.000Z,9,2.0,2.0,1141.0,1973.0,12.230770136157428
"5483-Vineland-Rd,-Apt-10109,-Orlando,-FL-32811","5483 Vineland Rd, Apt 10109, Orlando, FL 32811",5483 Vineland Rd,Apt 10109,Orlando,FL,32811,Orange,28.48373,-81.45118,condo,12632.0,Inactive,279900,2023-07-01T00:00:00.000Z,64,3.0,2.0,1232.0,2000.0,12.5421912482017
"5419-Blueberry-Dr,-Orlando,-FL-32811","5419 Blueberry Dr, Orlando, FL 32811",5419 Blueberry Dr,,Orlando,FL,32811,Orange,28.53189,-81.453087,single_family,5252.0,Inactive,289000,2023-07-08T00:00:00.000Z,56,2.0,2.0,1015.0,1990.0,12.574185427296195
"4704-Jasmine-Creek-Ln,---1508,-Orlando,-FL-32811","4704 Jasmine Creek Ln, # 1508, Orlando, FL 32811",4704 Jasmine Creek Ln,# 1508,Orlando,FL,32811,Orange,28.493722,-81.453612,condo,5531.0,Inactive,189900,2023-08-22T00:00:00.000Z,11,2.0,2.0,1141.0,1973.0,12.15425816271595
"1201-Amaros-Ave,-Orlando,-FL-32811","1201 Amaros Ave, Orlando, FL 32811",1201 Amaros Ave,,Orlando,FL,32811,Orange,28.526677,-81.430048,single_family,6537.0,Inactive,265000,2023-08-24T00:00:00.000Z,9,3.0,2.0,1720.0,1972.0,12.487488878546145
"5124-Conroy-Rd,-Unit-612,-Orlando,-FL-32811","5124 Conroy Rd, Unit 612, Orlando, FL 32811",5124 Conroy Rd,Unit 612,Orlando,FL,32811,Orange,28.494823,-81.445831,condo,7035.0,Inactive,209000,2023-08-29T00:00:00.000Z,3,2.0,2.0,988.0,1988.0,12.250094315624496
"5518-Metrowest-Blvd,-Apt-204,-Orlando,-FL-32811","5518 Metrowest Blvd, Apt 204, Orlando, FL 32811",5518 Metrowest Blvd,Apt 204,Orlando,FL,32811,Orange,28.513028,-81.455712,condo,9552.0,Inactive,179000,2023-07-14T00:00:00.000Z,48,1.0,1.0,786.0,1999.0,12.095146671399466
"3367-S-Kirkman-Rd,-Apt-1125,-Orlando,-FL-32811","3367 S Kirkman Rd, Apt 1125, Orlando, FL 32811",3367 S Kirkman Rd,Apt 1125,Orlando,FL,32811,Orange,28.505803,-81.457611,condo,13504.0,Inactive,180000,2023-08-20T00:00:00.000Z,11,1.0,1.0,890.0,1999.0,12.100717685412471
"4655-Cason-Cove-Dr,-Apt-2811,-Orlando,-FL-32811","4655 Cason Cove Dr, Apt 2811, Orlando, FL 32811",4655 Cason Cove Dr,Apt 2811,Orlando,FL,32811,Orange,28.498794,-81.439671,condo,5011.0,Inactive,197000,2023-08-02T00:00:00.000Z,28,2.0,2.0,1000.0,1988.0,12.190964083849375
"5126-Dove-Tree-St,-Orlando,-FL-32811","5126 Dove Tree St, Orlando, FL 32811",5126 Dove Tree St,,Orlando,FL,32811,Orange,28.491201,-81.448073,single_family,5515.0,Inactive,575000,2023-04-18T00:00:00.000Z,133,4.0,2.5,2701.0,2014.0,13.26212705890841
"5402-Pine-Creek-Dr,---1604,-Orlando,-FL-32811","5402 Pine Creek Dr, # 1604, Orlando, FL 32811",5402 Pine Creek Dr,# 1604,Orlando,FL,32811,Orange,28.49369,-81.453916,condo,5811.0,Inactive,219000,2023-06-08T00:00:00.000Z,82,2.0,2.5,1563.0,1973.0,12.296831574998258
"4817-Cypress-Woods-Dr,-Apt-5210,-Orlando,-FL-32811","4817 Cypress Woods Dr, Apt 5210, Orlando, FL 32811",4817 Cypress Woods Dr,Apt 5210,Orlando,FL,32811,Orange,28.49309,-81.45089,condo,16553.0,Inactive,269995,2023-01-16T00:00:00.000Z,222,3.0,2.0,1405.0,2001.0,12.506162423055956
"1621-Ravenall-Ave,-Orlando,-FL-32811","1621 Ravenall Ave, Orlando, FL 32811",1621 Ravenall Ave,,Orlando,FL,32811,Orange,28.522711,-81.438774,single_family,6887.0,Inactive,330000,2023-07-13T00:00:00.000Z,43,4.0,2.0,1248.0,1971.0,12.706850963741102
"4737-Imogene-Ct,-Orlando,-FL-32811","4737 Imogene Ct, Orlando, FL 32811",4737 Imogene Ct,,Orlando,FL,32811,Orange,28.524256,-81.441347,single_family,6857.0,Inactive,249900,2023-07-31T00:00:00.000Z,24,3.0,1.0,956.0,1968.0,12.428820118415677
"5318-Pebble-Beach-Dr,---D,-Orlando,-FL-32811","5318 Pebble Beach Dr, # D, Orlando, FL 32811",5318 Pebble Beach Dr,# D,Orlando,FL,32811,Orange,28.492805,-81.452952,condo,5314.0,Inactive,190000,2023-06-26T00:00:00.000Z,58,2.0,2.0,1123.0,1973.0,12.154784614286667
"4540-Carter-St,-Orlando,-FL-32811","4540 Carter St, Orlando, FL 32811",4540 Carter St,,Orlando,FL,32811,Orange,28.534085,-81.437646,single_family,6717.0,Inactive,325000,2023-05-14T00:00:00.000Z,96,3.0,2.0,1508.0,1960.0,12.691583538230217
"5140-Conroy-Rd,---34,-Orlando,-FL-32811","5140 Conroy Rd, # 34, Orlando, FL 32811",5140 Conroy Rd,# 34,Orlando,FL,32811,Orange,28.494208,-81.444834,condo,8484.0,Inactive,154900,2023-05-18T00:00:00.000Z,92,1.0,1.0,711.0,1988.0,11.950541482162043
"5156-Conroy-Rd,---32,-Orlando,-FL-32811","5156 Conroy Rd, # 32, Orlando, FL 32811",5156 Conroy Rd,# 32,Orlando,FL,32811,Orange,28.493664,-81.44552,condo,9989.0,Inactive,289000,2023-07-27T00:00:00.000Z,21,3.0,2.0,1237.0,1988.0,12.574185427296195
"4732-Walden-Cir,---31,-Orlando,-FL-32811","4732 Walden Cir, # 31, Orlando, FL 32811",4732 Walden Cir,# 31,Orlando,FL,32811,Orange,28.490254,-81.444232,condo,8609.0,Inactive,235000,2023-07-18T00:00:00.000Z,29,3.0,2.0,1175.0,1988.0,12.367345048436391
"5168-Conroy-Rd,---12,-Orlando,-FL-32811","5168 Conroy Rd, # 12, Orlando, FL 32811",5168 Conroy Rd,# 12,Orlando,FL,32811,Orange,28.494852,-81.446548,condo,9682.0,Inactive,187000,2023-07-25T00:00:00.000Z,22,2.0,1.0,919.0,1988.0,12.138869243416009
"5131-Longmeadow-Park-St,-Orlando,-FL-32811","5131 Longmeadow Park St, Orlando, FL 32811",5131 Longmeadow Park St,,Orlando,FL,32811,Orange,28.490714,-81.448269,single_family,6214.0,Inactive,598900,2023-04-24T00:00:00.000Z,113,4.0,2.5,2979.0,2014.0,13.302851587978994
"5554-Metrowest-Blvd,---4-312,-Orlando,-FL-32811","5554 Metrowest Blvd, # 4-312, Orlando, FL 32811",5554 Metrowest Blvd,# 4-312,Orlando,FL,32811,Orange,28.510887,-81.457405,condo,18295.0,Inactive,210000,2023-05-03T00:00:00.000Z,101,2.0,2.0,1126.0,1999.0,12.25486757159303
"5160-Conroy-Rd,---38,-Orlando,-FL-32811","5160 Conroy Rd, # 38, Orlando, FL 32811",5160 Conroy Rd,# 38,Orlando,FL,32811,Orange,28.49402,-81.446135,condo,8704.0,Inactive,194900,2023-04-19T00:00:00.000Z,113,2.0,2.0,988.0,1988.0,12.180247016318816
"5196-Lescot-Ln,-Orlando,-FL-32811","5196 Lescot Ln, Orlando, FL 32811",5196 Lescot Ln,,Orlando,FL,32811,Orange,28.523532,-81.448483,single_family,10019.0,Inactive,260000,2023-04-28T00:00:00.000Z,104,4.0,2.0,1176.0,1971.0,12.468440756144114
"5164-Conroy-Rd,---25,-Orlando,-FL-32811","5164 Conroy Rd, # 25, Orlando, FL 32811",5164 Conroy Rd,# 25,Orlando,FL,32811,Orange,28.494475,-81.44623,condo,8516.0,Inactive,150000,2023-05-29T00:00:00.000Z,72,1.0,1.0,711.0,1988.0,11.918397239722838
"5420-Bayberry-Homes-Rd,-Orlando,-FL-32811","5420 Bayberry Homes Rd, Orlando, FL 32811",5420 Bayberry Homes Rd,,Orlando,FL,32811,Orange,28.531095,-81.453793,single_family,4120.0,Inactive,299990,2023-07-21T00:00:00.000Z,19,3.0,2.0,1603.0,1989.0,12.611507753188329
"5530-Metrowest-Blvd,-Apt-201,-Orlando,-FL-32811","5530 Metrowest Blvd, Apt 201, Orlando, FL 32811",5530 Metrowest Blvd,Apt 201,Orlando,FL,32811,Orange,28.512412,-81.456625,condo,18295.0,Inactive,249700,2023-08-02T00:00:00.000Z,7,2.0,2.0,1205.0,1999.0,12.428019481065613
"4417-Prince-Hall-Blvd,-Orlando,-FL-32811","4417 Prince Hall Blvd, Orlando, FL 32811",4417 Prince Hall Blvd,,Orlando,FL,32811,Orange,28.515413,-81.434632,single_family,9825.0,Inactive,315000,2023-08-02T00:00:00.000Z,6,4.0,2.0,1462.0,1969.0,12.660331092405906
"4740-Walden-Cir,---21,-Orlando,-FL-32811","4740 Walden Cir, # 21, Orlando, FL 32811",4740 Walden Cir,# 21,Orlando,FL,32811,Orange,28.48984,-81.443302,condo,6799.0,Inactive,165000,2023-08-03T00:00:00.000Z,5,2.0,2.0,1020.0,1988.0,12.013706813470414
"4642-W-Gore-Ave,-Orlando,-FL-32811","4642 W Gore Ave, Orlando, FL 32811",4642 W Gore Ave,,Orlando,FL,32811,Orange,28.530397,-81.439193,single_family,6350.0,Inactive,240000,2023-07-07T00:00:00.000Z,31,3.0,1.0,760.0,1926.0,12.388398368982115
"4332-S-Kirkman-Rd,-Apt-1012,-Orlando,-FL-32811","4332 S Kirkman Rd, Apt 1012, Orlando, FL 32811",4332 S Kirkman Rd,Apt 1012,Orlando,FL,32811,Orange,28.497982,-81.462133,condo,7671.0,Inactive,219000,2023-05-11T00:00:00.000Z,86,2.0,2.0,1042.0,1997.0,12.296831574998258
"4464-Prince-Hall-Blvd,-Orlando,-FL-32811","4464 Prince Hall Blvd, Orlando, FL 32811",4464 Prince Hall Blvd,,Orlando,FL,32811,Orange,28.514333,-81.436058,single_family,9554.0,Inactive,295000,2023-05-25T00:00:00.000Z,72,4.0,2.0,1250.0,1969.0,12.59473402514672
"5104-Big-Cypress-St,-Orlando,-FL-32811","5104 Big Cypress St, Orlando, FL 32811",5104 Big Cypress St,,Orlando,FL,32811,Orange,28.485104,-81.446805,single_family,5408.0,Inactive,542000,2023-05-27T00:00:00.000Z,68,4.0,2.5,2308.0,2013.0,13.20302312543853
"4748-Walden-Cir,---18,-Orlando,-FL-32811","4748 Walden Cir, # 18, Orlando, FL 32811",4748 Walden Cir,# 18,Orlando,FL,32811,Orange,28.489658,-81.442495,condo,6909.0,Inactive,195000,2023-07-21T00:00:00.000Z,12,2.0,2.0,956.0,1988.0,12.180759965737863
"4316-Cassius-St,-Orlando,-FL-32811","4316 Cassius St, Orlando, FL 32811",4316 Cassius St,,Orlando,FL,32811,Orange,28.521809,-81.432734,single_family,7400.0,Inactive,180000,2023-06-01T00:00:00.000Z,58,2.0,2.0,1312.0,1965.0,12.100717685412471
"3325-S-Kirkman-Rd,-Apt-434,-Orlando,-FL-32811","3325 S Kirkman Rd, Apt 434, Orlando, FL 32811",3325 S Kirkman Rd,Apt 434,Orlando,FL,32811,Orange,28.508028,-81.457119,condo,12632.0,Inactive,160000,2023-06-16T00:00:00.000Z,43,1.0,1.0,890.0,1999.0,11.982935344196433
"4348-S-Kirkman-Rd,-Apt-802,-Orlando,-FL-32811","4348 S Kirkman Rd, Apt 802, Orlando, FL 32811",4348 S Kirkman Rd,Apt 802,Orlando,FL,32811,Orange,28.497183,-81.462757,condo,7035.0,Inactive,220000,2023-07-24T00:00:00.000Z,5,3.0,2.0,1245.0,1997.0,12.301387370778713
"4531-Brooke-St,-Orlando,-FL-32811","4531 Brooke St, Orlando, FL 32811",4531 Brooke St,,Orlando,FL,32811,Orange,28.518066,-81.43701,single_family,6339.0,Inactive,260000,2023-03-27T00:00:00.000Z,123,3.0,1.0,1008.0,1968.0,12.468440756144114
"5315-Jasmine-Creek-Ln,---1412,-Orlando,-FL-32811","5315 Jasmine Creek Ln, # 1412, Orlando, FL 32811",5315 Jasmine Creek Ln,# 1412,Orlando,FL,32811,Orange,28.493918,-81.453028,condo,5811.0,Inactive,215000,2023-04-10T00:00:00.000Z,109,3.0,2.5,1617.0,1973.0,12.278397958261774
"316-Hope-Cir,-Orlando,-FL-32811","316 Hope Cir, Orlando, FL 32811",316 Hope Cir,,Orlando,FL,32811,Orange,28.546043,-81.451035,single_family,9001.0,Inactive,275000,2023-07-21T00:00:00.000Z,7,2.0,2.0,1251.0,1959.0,12.524530013005734
"4316-S-Kirkman-Rd,-Apt-1610,-Orlando,-FL-32811","4316 S Kirkman Rd, Apt 1610, Orlando, FL 32811",4316 S Kirkman Rd,Apt 1610,Orlando,FL,32811,Orange,28.499023,-81.460983,condo,8504.0,Inactive,200000,2023-06-15T00:00:00.000Z,42,2.0,2.0,1042.0,1997.0,12.206077645517674
"4407-Cassius-St,-Orlando,-FL-32811","4407 Cassius St, Orlando, FL 32811",4407 Cassius St,,Orlando,FL,32811,Orange,28.522412,-81.434581,single_family,7523.0,Inactive,239900,2023-06-18T00:00:00.000Z,38,4.0,2.0,2448.0,1966.0,12.3879816172226
"4814-Normandy-Pl,---E,-Orlando,-FL-32811","4814 Normandy Pl, # E, Orlando, FL 32811",4814 Normandy Pl,# E,Orlando,FL,32811,Orange,28.495556,-81.442703,condo,5078.0,Inactive,245900,2023-04-06T00:00:00.000Z,110,3.0,2.0,1263.0,1989.0,12.412684294889793
"2141-Belafonte-Ln,-Orlando,-FL-32811","2141 Belafonte Ln, Orlando, FL 32811",2141 Belafonte Ln,,Orlando,FL,32811,Orange,28.517315,-81.428213,single_family,6763.0,Inactive,258500,2023-06-12T00:00:00.000Z,40,3.0,1.0,1020.0,1964.0,12.462654841395091
"5123-Cypress-Creek-Dr,---104,-Orlando,-FL-32811","5123 Cypress Creek Dr, # 104, Orlando, FL 32811",5123 Cypress Creek Dr,# 104,Orlando,FL,32811,Orange,28.487726,-81.44922,condo,7261.0,Inactive,232000,2023-06-22T00:00:00.000Z,30,2.0,2.0,1215.0,1974.0,12.354496960983985
"4042-Booker-St,-Orlando,-FL-32811","4042 Booker St, Orlando, FL 32811",4042 Booker St,,Orlando,FL,32811,Orange,28.524989,-81.427085,single_family,5701.0,Inactive,345000,2023-06-24T00:00:00.000Z,28,3.0,2.0,1066.0,2023.0,12.75130259456002
"5376-Elm-Ct,---350,-Orlando,-FL-32811","5376 Elm Ct, # 350, Orlando, FL 32811",5376 Elm Ct,# 350,Orlando,FL,32811,Orange,28.497723,-81.452527,condo,2556.0,Inactive,255000,2023-06-09T00:00:00.000Z,42,2.0,2.5,1285.0,1985.0,12.449022745701502
"4764-Walden-Cir,---37,-Orlando,-FL-32811","4764 Walden Cir, # 37, Orlando, FL 32811",4764 Walden Cir,# 37,Orlando,FL,32811,Orange,28.489902,-81.440674,condo,6918.0,Inactive,175000,2023-07-11T00:00:00.000Z,9,2.0,2.0,1020.0,1988.0,12.07254696717504
"954-Loquat-Tree-Rd,-Orlando,-FL-32811","954 Loquat Tree Rd, Orlando, FL 32811",954 Loquat Tree Rd,,Orlando,FL,32811,Orange,28.529471,-81.446628,multi-family,1592.0,Inactive,154900,2023-07-12T00:00:00.000Z,8,2.0,1.0,673.0,1991.0,11.950541482162043
"5604-Blue-Shadows-Ct,---58-2,-Orlando,-FL-32811","5604 Blue Shadows Ct, # 58-2, Orlando, FL 32811",5604 Blue Shadows Ct,# 58-2,Orlando,FL,32811,Orange,28.498594,-81.457025,condo,2085.0,Inactive,197000,2023-04-13T00:00:00.000Z,96,2.0,2.0,980.0,1987.0,12.190964083849375
"4881-Cypress-Woods-Dr,-Apt-3205,-Orlando,-FL-32811","4881 Cypress Woods Dr, Apt 3205, Orlando, FL 32811",4881 Cypress Woods Dr,Apt 3205,Orlando,FL,32811,Orange,28.493626,-81.451883,condo,24394.0,Inactive,249900,2023-05-09T00:00:00.000Z,70,2.0,2.0,1186.0,2000.0,12.428820118415677
"5518-Metrowest-Blvd,---20,-Orlando,-FL-32811","5518 Metrowest Blvd, # 20, Orlando, FL 32811",5518 Metrowest Blvd,# 20,Orlando,FL,32811,Orange,28.513028,-81.455712,condo,9552.0,Inactive,179000,2023-07-14T00:00:00.000Z,3,1.0,1.0,786.0,1999.0,12.095146671399466
"5467-Vineland-Rd,-Apt-6313,-Orlando,-FL-32811","5467 Vineland Rd, Apt 6313, Orlando, FL 32811",5467 Vineland Rd,Apt 6313,Orlando,FL,32811,Orange,28.485498,-81.452508,condo,16553.0,Inactive,280000,2023-06-16T00:00:00.000Z,30,3.0,2.0,1232.0,2000.0,12.54254845357358
"5173-Vista-Lago-Dr,-Orlando,-FL-32811","5173 Vista Lago Dr, Orlando, FL 32811",5173 Vista Lago Dr,,Orlando,FL,32811,Orange,28.531455,-81.449268,single_family,6868.0,Inactive,349000,2023-07-07T00:00:00.000Z,7,3.0,2.5,1476.0,2002.0,12.762830066509972
"125-Wilmer-Ave,-Orlando,-FL-32811","125 Wilmer Ave, Orlando, FL 32811",125 Wilmer Ave,,Orlando,FL,32811,Orange,28.542901,-81.449165,single_family,10019.0,Inactive,260000,2023-04-05T00:00:00.000Z,99,3.0,1.0,1146.0,1959.0,12.468440756144114
"5063-Northlawn-Way,-Orlando,-FL-32811","5063 Northlawn Way, Orlando, FL 32811",5063 Northlawn Way,,Orlando,FL,32811,Orange,28.487692,-81.447086,single_family,6012.0,Inactive,569000,2023-03-25T00:00:00.000Z,108,3.0,2.5,2139.0,2012.0,13.251637470576167
"127-Oakbranch-Ave,-Unit-8,-Orlando,-FL-32811","127 Oakbranch Ave, Unit 8, Orlando, FL 32811",127 Oakbranch Ave,Unit 8,Orlando,FL,32811,Orange,28.542093,-81.45443,manufactured,7035.0,Inactive,85000,2023-05-16T00:00:00.000Z,56,2.0,2.0,896.0,2023.0,11.350418300109132
"4881-Cypress-Woods-Dr,-Apt-3210,-Orlando,-FL-32811","4881 Cypress Woods Dr, Apt 3210, Orlando, FL 32811",4881 Cypress Woods Dr,Apt 3210,Orlando,FL,32811,Orange,28.493626,-81.451883,condo,24394.0,Inactive,269900,2023-07-01T00:00:00.000Z,9,3.0,2.0,1410.0,2000.0,12.505810504075185
"5471-Vineland-Rd,-Apt-7205,-Orlando,-FL-32811","5471 Vineland Rd, Apt 7205, Orlando, FL 32811",5471 Vineland Rd,Apt 7205,Orlando,FL,32811,Orange,28.485167,-81.451987,condo,12632.0,Inactive,199900,2023-07-03T00:00:00.000Z,7,1.0,1.0,723.0,2000.0,12.20557752297723
"4881-Cypress-Woods-Dr,-Apt-3114,-Orlando,-FL-32811","4881 Cypress Woods Dr, Apt 3114, Orlando, FL 32811",4881 Cypress Woods Dr,Apt 3114,Orlando,FL,32811,Orange,28.493626,-81.451883,condo,24394.0,Inactive,262000,2023-06-20T00:00:00.000Z,19,3.0,2.0,1405.0,2000.0,12.476103599529843
"4756-Walden-Cir,---13,-Orlando,-FL-32811","4756 Walden Cir, # 13, Orlando, FL 32811",4756 Walden Cir,# 13,Orlando,FL,32811,Orange,28.489398,-81.44113,condo,6862.0,Inactive,144000,2022-12-05T00:00:00.000Z,214,1.0,1.0,696.0,1988.0,11.87757552297847
"5467-Vineland-Rd,-Apt-6110,-Orlando,-FL-32811","5467 Vineland Rd, Apt 6110, Orlando, FL 32811",5467 Vineland Rd,Apt 6110,Orlando,FL,32811,Orange,28.485498,-81.452508,condo,16988.0,Inactive,175000,2023-07-05T00:00:00.000Z,2,1.0,1.0,734.0,2000.0,12.07254696717504
"4725-Cepeda-St,-Orlando,-FL-32811","4725 Cepeda St, Orlando, FL 32811",4725 Cepeda St,,Orlando,FL,32811,Orange,28.523198,-81.440708,single_family,7280.0,Inactive,299900,2023-05-18T00:00:00.000Z,44,3.0,2.0,1237.0,1971.0,12.611207699176356
"5128-Conroy-Rd,---12,-Orlando,-FL-32811","5128 Conroy Rd, # 12, Orlando, FL 32811",5128 Conroy Rd,# 12,Orlando,FL,32811,Orange,28.494493,-81.445238,condo,7341.0,Inactive,175900,2023-05-25T00:00:00.000Z,37,2.0,1.0,919.0,1988.0,12.077676615757813
"4340-S-Kirkman-Rd,-Apt-902,-Orlando,-FL-32811","4340 S Kirkman Rd, Apt 902, Orlando, FL 32811",4340 S Kirkman Rd,Apt 902,Orlando,FL,32811,Orange,28.497483,-81.462484,condo,7670.0,Inactive,219000,2023-06-07T00:00:00.000Z,23,2.0,2.0,1042.0,1997.0,12.296831574998258
"4712-Walden-Cir,---12,-Orlando,-FL-32811","4712 Walden Cir, # 12, Orlando, FL 32811",4712 Walden Cir,# 12,Orlando,FL,32811,Orange,28.490643,-81.442797,condo,6327.0,Inactive,195000,2023-01-20T00:00:00.000Z,159,2.0,2.0,956.0,1988.0,12.180759965737863
"5124-Conroy-Rd,---32,-Orlando,-FL-32811","5124 Conroy Rd, # 32, Orlando, FL 32811",5124 Conroy Rd,# 32,Orlando,FL,32811,Orange,28.494824,-81.445831,condo,8645.0,Inactive,175000,2023-06-10T00:00:00.000Z,17,2.0,2.0,988.0,1988.0,12.07254696717504
"4828-Lescot-Ln,-Orlando,-FL-32811","4828 Lescot Ln, Orlando, FL 32811",4828 Lescot Ln,,Orlando,FL,32811,Orange,28.524043,-81.444117,single_family,11761.0,Inactive,275000,2023-05-13T00:00:00.000Z,43,3.0,2.0,1320.0,1970.0,12.524530013005734
"5333-Indian-Creek-Dr,---F01-1,-Orlando,-FL-32811","5333 Indian Creek Dr, # F01-1, Orlando, FL 32811",5333 Indian Creek Dr,# F01-1,Orlando,FL,32811,Orange,28.492296,-81.453384,condo,5314.0,Inactive,199999,2023-03-28T00:00:00.000Z,87,3.0,2.0,1379.0,1973.0,12.206072645530174
"5310-Bamboo-Ct,---452,-Orlando,-FL-32811","5310 Bamboo Ct, # 452, Orlando, FL 32811",5310 Bamboo Ct,# 452,Orlando,FL,32811,Orange,28.496211,-81.451285,condo,2667.0,Inactive,238800,2023-06-15T00:00:00.000Z,7,2.0,2.5,1285.0,1986.0,12.383385848096506
"5113-Dove-Tree-St,-Orlando,-FL-32811","5113 Dove Tree St, Orlando, FL 32811",5113 Dove Tree St,,Orlando,FL,32811,Orange,28.491739,-81.448206,single_family,6553.0,Inactive,680000,2023-06-06T00:00:00.000Z,15,5.0,3.5,2966.0,2014.0,13.429849547739444
"5160-Conroy-Rd,---33,-Orlando,-FL-32811","5160 Conroy Rd, # 33, Orlando, FL 32811",5160 Conroy Rd,# 33,Orlando,FL,32811,Orange,28.49402,-81.446135,condo,8704.0,Inactive,165000,2023-06-14T00:00:00.000Z,7,1.0,1.0,711.0,1988.0,12.013706813470414
"5066-Dove-Tree-St,-Orlando,-FL-32811","5066 Dove Tree St, Orlando, FL 32811",5066 Dove Tree St,,Orlando,FL,32811,Orange,28.4926,-81.447715,single_family,5498.0,Inactive,490000,2023-06-13T00:00:00.000Z,7,3.0,2.0,1812.0,2014.0,13.102162710901053
"4319-Royal-Ivey-Gardens-Ct,-Orlando,-FL-32811","4319 Royal Ivey Gardens Ct, Orlando, FL 32811",4319 Royal Ivey Gardens Ct,,Orlando,FL,32811,Orange,28.540668,-81.432757,single_family,10890.0,Inactive,305000,2023-02-25T00:00:00.000Z,110,4.0,2.0,1454.0,1970.0,12.628070334272698
"1719-Messina-Ave,-Orlando,-FL-32811","1719 Messina Ave, Orlando, FL 32811",1719 Messina Ave,,Orlando,FL,32811,Orange,28.521776,-81.441299,single_family,6811.0,Inactive,249995,2023-05-10T00:00:00.000Z,36,4.0,2.0,1250.0,1971.0,12.429200196716382
"5578-Metrowest-Blvd,-Apt-306,-Orlando,-FL-32811","5578 Metrowest Blvd, Apt 306, Orlando, FL 32811",5578 Metrowest Blvd,Apt 306,Orlando,FL,32811,Orange,28.512564,-81.458004,condo,17424.0,Inactive,175000,2023-05-18T00:00:00.000Z,28,1.0,1.0,899.0,1999.0,12.07254696717504
"4730-Capri-Pl,---221,-Orlando,-FL-32811","4730 Capri Pl, # 221, Orlando, FL 32811",4730 Capri Pl,# 221,Orlando,FL,32811,Orange,28.494792,-81.440903,condo,5539.0,Inactive,219900,2023-06-11T00:00:00.000Z,4,2.0,2.0,1180.0,1985.0,12.300932724054114
"5499-Pine-Creek-Dr,---1902,-Orlando,-FL-32811","5499 Pine Creek Dr, # 1902, Orlando, FL 32811",5499 Pine Creek Dr,# 1902,Orlando,FL,32811,Orange,28.493713,-81.455097,condo,3424.0,Inactive,179990,2023-04-12T00:00:00.000Z,62,2.0,2.0,1141.0,1973.0,12.100662128622306
"4710-Capri-Pl,---226,-Orlando,-FL-32811","4710 Capri Pl, # 226, Orlando, FL 32811",4710 Capri Pl,# 226,Orlando,FL,32811,Orange,28.494618,-81.440437,condo,3596.0,Inactive,229900,2023-06-08T00:00:00.000Z,5,2.0,2.0,860.0,1985.0,12.345404060459082
"4522-Wheatley-St,-Orlando,-FL-32811","4522 Wheatley St, Orlando, FL 32811",4522 Wheatley St,,Orlando,FL,32811,Orange,28.52123,-81.436985,single_family,6600.0,Inactive,249999,2023-06-02T00:00:00.000Z,10,3.0,1.0,1224.0,1967.0,12.429216196844383
"5249-Yaupon-St,-Orlando,-FL-32811","5249 Yaupon St, Orlando, FL 32811",5249 Yaupon St,,Orlando,FL,32811,Orange,28.533874,-81.45064,single_family,5169.0,Inactive,295000,2023-01-24T00:00:00.000Z,137,3.0,2.0,1170.0,1998.0,12.59473402514672
"4833-Cypress-Woods-Dr,-Apt-4306,-Orlando,-FL-32811","4833 Cypress Woods Dr, Apt 4306, Orlando, FL 32811",4833 Cypress Woods Dr,Apt 4306,Orlando,FL,32811,Orange,28.492899,-81.451607,condo,24394.0,Inactive,263900,2023-03-13T00:00:00.000Z,89,3.0,2.0,1351.0,2001.0,12.48332931179837
"5448-Bayberry-Homes-Rd,-Orlando,-FL-32811","5448 Bayberry Homes Rd, Orlando, FL 32811",5448 Bayberry Homes Rd,,Orlando,FL,32811,Orange,28.531454,-81.454421,single_family,3802.0,Inactive,295000,2023-04-07T00:00:00.000Z,57,3.0,2.0,1165.0,1990.0,12.59473402514672
"5447-Vineland-Rd,-Apt-1214,-Orlando,-FL-32811","5447 Vineland Rd, Apt 1214, Orlando, FL 32811",5447 Vineland Rd,Apt 1214,Orlando,FL,32811,Orange,28.484214,-81.450672,condo,16553.0,Inactive,180000,2023-05-18T00:00:00.000Z,15,1.0,1.0,645.0,2000.0,12.100717685412471
"5554-Metrowest-Blvd,-Apt-211,-Orlando,-FL-32811","5554 Metrowest Blvd, Apt 211, Orlando, FL 32811",5554 Metrowest Blvd,Apt 211,Orlando,FL,32811,Orange,28.510861,-81.457403,condo,18731.0,Inactive,220000,2023-02-07T00:00:00.000Z,113,2.0,2.0,1073.0,1999.0,12.301387370778713
"4752-Walden-Cir,---27,-Orlando,-FL-32811","4752 Walden Cir, # 27, Orlando, FL 32811",4752 Walden Cir,# 27,Orlando,FL,32811,Orange,28.489468,-81.441661,condo,6860.0,Inactive,190000,2023-05-18T00:00:00.000Z,13,2.0,2.0,1020.0,1988.0,12.154784614286667
"903-Aaron-Ave,-Orlando,-FL-32811","903 Aaron Ave, Orlando, FL 32811",903 Aaron Ave,,Orlando,FL,32811,Orange,28.530538,-81.432699,single_family,16553.0,Inactive,338900,2023-05-20T00:00:00.000Z,11,6.0,2.5,1904.0,1992.0,12.733463308313716
"4312-S-Kirkman-Rd,-Apt-1406,-Orlando,-FL-32811","4312 S Kirkman Rd, Apt 1406, Orlando, FL 32811",4312 S Kirkman Rd,Apt 1406,Orlando,FL,32811,Orange,28.498485,-81.46081,condo,7671.0,Inactive,168000,2023-04-19T00:00:00.000Z,41,1.0,1.0,779.0,1997.0,12.031725210748633
"4989-Vista-Lago-Dr,-Orlando,-FL-32811","4989 Vista Lago Dr, Orlando, FL 32811",4989 Vista Lago Dr,,Orlando,FL,32811,Orange,28.531916,-81.446636,single_family,4405.0,Inactive,285000,2023-05-24T00:00:00.000Z,6,3.0,2.0,1182.0,2001.0,12.560247968016562
"5448-Wood-Crossing-St,-Orlando,-FL-32811","5448 Wood Crossing St, Orlando, FL 32811",5448 Wood Crossing St,,Orlando,FL,32811,Orange,28.532892,-81.453695,single_family,3999.0,Inactive,325000,2023-05-22T00:00:00.000Z,6,4.0,2.0,1368.0,2000.0,12.691583538230217
"4411-College-Dr,-Orlando,-FL-32811","4411 College Dr, Orlando, FL 32811",4411 College Dr,,Orlando,FL,32811,Orange,28.535575,-81.435112,single_family,6895.0,Inactive,150000,2023-04-23T00:00:00.000Z,32,2.0,1.0,864.0,1955.0,11.918397239722838
"5289-Dove-Tree-St,-Orlando,-FL-32811","5289 Dove Tree St, Orlando, FL 32811",5289 Dove Tree St,,Orlando,FL,32811,Orange,28.490099,-81.451238,single_family,5456.0,Inactive,550000,2023-03-11T00:00:00.000Z,74,4.0,3.0,2292.0,2014.0,13.217675375388819
"4437-King-Cole-Blvd,-Orlando,-FL-32811","4437 King Cole Blvd, Orlando, FL 32811",4437 King Cole Blvd,,Orlando,FL,32811,Orange,28.518828,-81.435105,single_family,6600.0,Inactive,185000,2022-07-06T00:00:00.000Z,321,3.0,2.0,1155.0,1967.0,12.128116509451258
"420-Fanfair-Ave,-Orlando,-FL-32811","420 Fanfair Ave, Orlando, FL 32811",420 Fanfair Ave,,Orlando,FL,32811,Orange,28.537896,-81.436571,single_family,6204.0,Inactive,238900,2023-03-18T00:00:00.000Z,66,3.0,2.0,965.0,1967.0,12.38380451915696
"4817-Cypress-Woods-Dr,-Apt-5202,-Orlando,-FL-32811","4817 Cypress Woods Dr, Apt 5202, Orlando, FL 32811",4817 Cypress Woods Dr,Apt 5202,Orlando,FL,32811,Orange,28.493093,-81.45089,condo,16553.0,Inactive,235000,2023-04-21T00:00:00.000Z,32,2.0,2.0,1107.0,2001.0,12.367345048436391
"5150-Cypress-Creek-Dr,---105,-Orlando,-FL-32811","5150 Cypress Creek Dr, # 105, Orlando, FL 32811",5150 Cypress Creek Dr,# 105,Orlando,FL,32811,Orange,28.487223,-81.449165,condo,6961.0,Inactive,325000,2023-05-04T00:00:00.000Z,19,3.0,3.0,1580.0,1974.0,12.691583538230217
"4601-Gate-Pl,---H,-Orlando,-FL-32811","4601 Gate Pl, # H, Orlando, FL 32811",4601 Gate Pl,# H,Orlando,FL,32811,Orange,28.49498,-81.441859,condo,7035.0,Inactive,225000,2023-05-19T00:00:00.000Z,3,3.0,2.0,1263.0,1989.0,12.323860125621126
"5169-Lescot-Ln,-Orlando,-FL-32811","5169 Lescot Ln, Orlando, FL 32811",5169 Lescot Ln,,Orlando,FL,32811,Orange,28.524335,-81.447762,single_family,6806.0,Inactive,265000,2022-05-30T00:00:00.000Z,356,4.0,1.5,1176.0,1971.0,12.487488878546145
"5420-Karen-Ct,-Orlando,-FL-32811","5420 Karen Ct, Orlando, FL 32811",5420 Karen Ct,,Orlando,FL,32811,Orange,28.527012,-81.453508,single_family,7147.0,Inactive,269000,2023-05-05T00:00:00.000Z,16,4.0,2.0,1225.0,1972.0,12.502470376049185
"5144-Conroy-Rd,-Unit-1014,-Orlando,-FL-32811","5144 Conroy Rd, Unit 1014, Orlando, FL 32811",5144 Conroy Rd,Unit 1014,Orlando,FL,32811,Orange,28.493518,-81.445109,condo,10019.0,Inactive,207000,2023-05-08T00:00:00.000Z,13,2.0,2.0,1028.0,1988.0,12.240478903153711
"4720-Walden-Cir,---21,-Orlando,-FL-32811","4720 Walden Cir, # 21, Orlando, FL 32811",4720 Walden Cir,# 21,Orlando,FL,32811,Orange,28.490975,-81.444024,condo,8569.0,Inactive,199500,2023-05-18T00:00:00.000Z,2,3.0,2.0,1175.0,1988.0,12.20357452783082
"4615-Cason-Cove-Dr,-Apt-811,-Orlando,-FL-32811","4615 Cason Cove Dr, Apt 811, Orlando, FL 32811",4615 Cason Cove Dr,Apt 811,Orlando,FL,32811,Orange,28.496938,-81.436585,condo,5991.0,Inactive,159900,2023-05-10T00:00:00.000Z,9,1.0,1.0,600.0,1988.0,11.982310152711182
"322-Ronnie-Cir,-Orlando,-FL-32811","322 Ronnie Cir, Orlando, FL 32811",322 Ronnie Cir,,Orlando,FL,32811,Orange,28.545945,-81.451979,single_family,8868.0,Inactive,300000,2023-05-13T00:00:00.000Z,6,4.0,2.0,1580.0,2001.0,12.611541086966115
"4332-S-Kirkman-Rd,-Apt-1002,-Orlando,-FL-32811","4332 S Kirkman Rd, Apt 1002, Orlando, FL 32811",4332 S Kirkman Rd,Apt 1002,Orlando,FL,32811,Orange,28.497982,-81.462133,condo,7671.0,Inactive,220000,2023-05-08T00:00:00.000Z,10,3.0,2.0,1245.0,1997.0,12.301387370778713
"4318-Middlebrook-Rd,---2,-Orlando,-FL-32811","4318 Middlebrook Rd, # 2, Orlando, FL 32811",4318 Middlebrook Rd,# 2,Orlando,FL,32811,Orange,28.499447,-81.453478,condo,8700.0,Inactive,220000,2022-11-26T00:00:00.000Z,172,2.0,2.0,1099.0,1984.0,12.301387370778713
"5301-Jasmine-Creek-Ln,---1402,-Orlando,-FL-32811","5301 Jasmine Creek Ln, # 1402, Orlando, FL 32811",5301 Jasmine Creek Ln,# 1402,Orlando,FL,32811,Orange,28.493918,-81.453028,condo,5811.0,Inactive,180000,2023-04-21T00:00:00.000Z,26,3.0,2.5,1617.0,1973.0,12.100717685412471
"5322-Pebble-Beach-Dr,---D,-Orlando,-FL-32811","5322 Pebble Beach Dr, # D, Orlando, FL 32811",5322 Pebble Beach Dr,# D,Orlando,FL,32811,Orange,28.492805,-81.452952,condo,5314.0,Inactive,175000,2023-03-15T00:00:00.000Z,62,2.0,2.0,1123.0,1973.0,12.07254696717504
"4647-Cason-Cove-Dr,-Apt-2423,-Orlando,-FL-32811","4647 Cason Cove Dr, Apt 2423, Orlando, FL 32811",4647 Cason Cove Dr,Apt 2423,Orlando,FL,32811,Orange,28.498931,-81.438704,condo,5791.0,Inactive,164900,2023-03-22T00:00:00.000Z,52,1.0,1.0,600.0,1988.0,12.013100572810686
"4909-Southlawn-Ave,-Orlando,-FL-32811","4909 Southlawn Ave, Orlando, FL 32811",4909 Southlawn Ave,,Orlando,FL,32811,Orange,28.486826,-81.450262,single_family,5243.0,Inactive,658000,2023-02-24T00:00:00.000Z,77,4.0,2.5,2986.0,2015.0,13.396961730063138
"5416-Karen-Ct,-Orlando,-FL-32811","5416 Karen Ct, Orlando, FL 32811",5416 Karen Ct,,Orlando,FL,32811,Orange,28.52701,-81.45371,single_family,7146.0,Inactive,285000,2023-03-31T00:00:00.000Z,42,3.0,2.0,950.0,1972.0,12.560247968016562
"5340-Bamboo-Ct,---468,-Orlando,-FL-32811","5340 Bamboo Ct, # 468, Orlando, FL 32811",5340 Bamboo Ct,# 468,Orlando,FL,32811,Orange,28.496163,-81.451946,condo,2667.0,Inactive,259500,2023-05-09T00:00:00.000Z,3,2.0,2.5,1285.0,1986.0,12.466515835145202
"5164-Conroy-Rd,---36,-Orlando,-FL-32811","5164 Conroy Rd, # 36, Orlando, FL 32811",5164 Conroy Rd,# 36,Orlando,FL,32811,Orange,28.494475,-81.44623,condo,8516.0,Inactive,160000,2023-03-29T00:00:00.000Z,43,1.0,1.0,711.0,1988.0,11.982935344196433
"4368-S-Kirkman-Rd,-Apt-209,-Orlando,-FL-32811","4368 S Kirkman Rd, Apt 209, Orlando, FL 32811",4368 S Kirkman Rd,Apt 209,Orlando,FL,32811,Orange,28.497868,-81.460219,condo,7671.0,Inactive,155000,2023-02-23T00:00:00.000Z,76,1.0,1.0,729.0,1997.0,11.951186847493476
"5164-Conroy-Rd,---38,-Orlando,-FL-32811","5164 Conroy Rd, # 38, Orlando, FL 32811",5164 Conroy Rd,# 38,Orlando,FL,32811,Orange,28.494475,-81.44623,condo,8516.0,Inactive,189000,2023-03-14T00:00:00.000Z,57,2.0,2.0,988.0,1988.0,12.149507585033072
"400-Dover-St,-Orlando,-FL-32811","400 Dover St, Orlando, FL 32811",400 Dover St,,Orlando,FL,32811,Orange,28.547182,-81.445939,single_family,6246.0,Inactive,294900,2023-05-03T00:00:00.000Z,7,3.0,2.0,1111.0,2004.0,12.594394985777612
"5422-Lily-St,-Orlando,-FL-32811","5422 Lily St, Orlando, FL 32811",5422 Lily St,,Orlando,FL,32811,Orange,28.524049,-81.452893,single_family,7147.0,Inactive,235000,2023-03-26T00:00:00.000Z,44,3.0,1.5,950.0,1973.0,12.367345048436391
"4548-Piedmont-St,-Orlando,-FL-32811","4548 Piedmont St, Orlando, FL 32811",4548 Piedmont St,,Orlando,FL,32811,Orange,28.529544,-81.437807,single_family,6342.0,Inactive,200000,2023-04-14T00:00:00.000Z,25,3.0,1.0,912.0,1983.0,12.206077645517674
"313-Takoma-St,-Orlando,-FL-32811","313 Takoma St, Orlando, FL 32811",313 Takoma St,,Orlando,FL,32811,Orange,28.545795,-81.444397,single_family,6257.0,Inactive,185000,2023-04-28T00:00:00.000Z,11,2.0,1.0,704.0,1954.0,12.128116509451258
"5108-Conroy-Rd,---33,-Orlando,-FL-32811","5108 Conroy Rd, # 33, Orlando, FL 32811",5108 Conroy Rd,# 33,Orlando,FL,32811,Orange,28.495601,-81.44752,condo,7035.0,Inactive,139900,2023-05-02T00:00:00.000Z,6,1.0,1.0,597.0,1988.0,11.848690308590857
"5144-Conroy-Rd,---15,-Orlando,-FL-32811","5144 Conroy Rd, # 15, Orlando, FL 32811",5144 Conroy Rd,# 15,Orlando,FL,32811,Orange,28.493518,-81.445109,condo,10019.0,Inactive,199900,2022-09-03T00:00:00.000Z,242,2.0,2.0,1028.0,1988.0,12.20557752297723
"4480-Marshall-St,-Orlando,-FL-32811","4480 Marshall St, Orlando, FL 32811",4480 Marshall St,,Orlando,FL,32811,Orange,28.51688,-81.435984,single_family,6820.0,Inactive,260000,2023-04-22T00:00:00.000Z,11,3.0,1.0,1137.0,1968.0,12.468440756144114
"4915-Southlawn-Ave,-Orlando,-FL-32811","4915 Southlawn Ave, Orlando, FL 32811",4915 Southlawn Ave,,Orlando,FL,32811,Orange,28.486701,-81.450198,single_family,5244.0,Inactive,500000,2023-05-01T00:00:00.000Z,2,4.0,2.5,2049.0,2015.0,13.122365377402328
"5430-Timberchase-Ct,-Orlando,-FL-32811","5430 Timberchase Ct, Orlando, FL 32811",5430 Timberchase Ct,,Orlando,FL,32811,Orange,28.530487,-81.45403,single_family,5400.0,Inactive,310000,2023-04-09T00:00:00.000Z,23,4.0,2.0,1162.0,1990.0,12.644330802262578
"5536-Metrowest-Blvd,-Apt-109,-Orlando,-FL-32811","5536 Metrowest Blvd, Apt 109, Orlando, FL 32811",5536 Metrowest Blvd,Apt 109,Orlando,FL,32811,Orange,28.511855,-81.456001,condo,18295.0,Inactive,229900,2023-04-26T00:00:00.000Z,6,2.0,2.0,1159.0,1999.0,12.345404060459082
"4024-Booker-St,-Orlando,-FL-32811","4024 Booker St, Orlando, FL 32811",4024 Booker St,,Orlando,FL,32811,Orange,28.524993,-81.426653,single_family,5707.0,Inactive,277900,2023-04-12T00:00:00.000Z,19,3.0,2.0,1100.0,1958.0,12.535020214140818
"2127-Fiesta-Ct,-Orlando,-FL-32811","2127 Fiesta Ct, Orlando, FL 32811",2127 Fiesta Ct,,Orlando,FL,32811,Orange,28.517034,-81.439589,single_family,6803.0,Inactive,345000,2022-10-14T00:00:00.000Z,198,3.0,2.0,1474.0,2022.0,12.75130259456002
"4530-Piedmont-St,-Orlando,-FL-32811","4530 Piedmont St, Orlando, FL 32811",4530 Piedmont St,,Orlando,FL,32811,Orange,28.529547,-81.43734,single_family,6347.0,Inactive,239900,2023-04-24T00:00:00.000Z,5,3.0,1.0,960.0,1991.0,12.3879816172226
"102-Quintard-Ave,-Orlando,-FL-32811","102 Quintard Ave, Orlando, FL 32811",102 Quintard Ave,,Orlando,FL,32811,Orange,28.541638,-81.450798,single_family,12197.0,Inactive,325000,2023-03-29T00:00:00.000Z,29,4.0,4.0,1222.0,1959.0,12.691583538230217
"5140-Conroy-Rd,-Apt-838,-Orlando,-FL-32811","5140 Conroy Rd, Apt 838, Orlando, FL 32811",5140 Conroy Rd,Apt 838,Orlando,FL,32811,Orange,28.494233,-81.444951,condo,8484.0,Inactive,169000,2023-01-20T00:00:00.000Z,95,2.0,2.0,988.0,1988.0,12.037659911047468
"5260-Middle-Ct,---107,-Orlando,-FL-32811","5260 Middle Ct, # 107, Orlando, FL 32811",5260 Middle Ct,# 107,Orlando,FL,32811,Orange,28.498079,-81.450532,condo,2559.0,Inactive,240000,2023-04-18T00:00:00.000Z,6,2.0,2.5,1285.0,1984.0,12.388398368982115
"5220-Cypress-Creek-Dr,---108,-Orlando,-FL-32811","5220 Cypress Creek Dr, # 108, Orlando, FL 32811",5220 Cypress Creek Dr,# 108,Orlando,FL,32811,Orange,28.485405,-81.448651,condo,7786.0,Inactive,300000,2023-02-28T00:00:00.000Z,52,3.0,2.0,1555.0,1971.0,12.611541086966115
"4756-Walden-Cir,---35,-Orlando,-FL-32811","4756 Walden Cir, # 35, Orlando, FL 32811",4756 Walden Cir,# 35,Orlando,FL,32811,Orange,28.489399,-81.441132,condo,6862.0,Inactive,124900,2023-04-10T00:00:00.000Z,10,1.0,1.0,696.0,1988.0,11.735276702486741
"5536-Metrowest-Blvd,-Apt-310,-Orlando,-FL-32811","5536 Metrowest Blvd, Apt 310, Orlando, FL 32811",5536 Metrowest Blvd,Apt 310,Orlando,FL,32811,Orange,28.511856,-81.456002,condo,18295.0,Inactive,220000,2023-02-24T00:00:00.000Z,54,2.0,2.0,1205.0,1999.0,12.301387370778713
"5331-Creekside-Park-Ave,-Orlando,-FL-32811","5331 Creekside Park Ave, Orlando, FL 32811",5331 Creekside Park Ave,,Orlando,FL,32811,Orange,28.484874,-81.445328,single_family,3598.0,Inactive,420000,2023-03-28T00:00:00.000Z,22,3.0,2.5,1596.0,2013.0,12.948012371209098
"5475-Vineland-Rd,-Apt-8214,-Orlando,-FL-32811","5475 Vineland Rd, Apt 8214, Orlando, FL 32811",5475 Vineland Rd,Apt 8214,Orlando,FL,32811,Orange,28.484714,-81.452122,condo,16553.0,Inactive,155000,2023-04-16T00:00:00.000Z,3,1.0,1.0,645.0,2000.0,11.951186847493476
"418-Fred-St,-Orlando,-FL-32811","418 Fred St, Orlando, FL 32811",418 Fred St,,Orlando,FL,32811,Orange,28.547481,-81.450714,single_family,6596.0,Inactive,350000,2023-04-11T00:00:00.000Z,5,4.0,2.0,1383.0,2002.0,12.765691290604371
"5558-Green-Shadows-Pl,---1,-Orlando,-FL-32811","5558 Green Shadows Pl, # 1, Orlando, FL 32811",5558 Green Shadows Pl,# 1,Orlando,FL,32811,Orange,28.500824,-81.456309,condo,2564.0,Inactive,209990,2023-04-05T00:00:00.000Z,8,2.0,1.0,816.0,1974.0,12.254819951638355
"4752-Walden-Cir,---21,-Orlando,-FL-32811","4752 Walden Cir, # 21, Orlando, FL 32811",4752 Walden Cir,# 21,Orlando,FL,32811,Orange,28.489468,-81.441661,condo,6860.0,Inactive,199000,2023-04-06T00:00:00.000Z,7,2.0,2.0,1020.0,1988.0,12.201065128819632
"4023-Minoso-St,-Orlando,-FL-32811","4023 Minoso St, Orlando, FL 32811",4023 Minoso St,,Orlando,FL,32811,Orange,28.526364,-81.426731,single_family,6756.0,Inactive,299990,2023-02-10T00:00:00.000Z,61,3.0,2.5,1834.0,1957.0,12.611507753188329
"1423-Heber-Cir,-Orlando,-FL-32811","1423 Heber Cir, Orlando, FL 32811",1423 Heber Cir,,Orlando,FL,32811,Orange,28.524204,-81.440303,single_family,8275.0,Inactive,235000,2023-03-03T00:00:00.000Z,40,4.0,1.0,1144.0,1969.0,12.367345048436391
"4837-Selbe-Ct,-Orlando,-FL-32811","4837 Selbe Ct, Orlando, FL 32811",4837 Selbe Ct,,Orlando,FL,32811,Orange,28.525313,-81.444746,single_family,6813.0,Inactive,210000,2023-04-06T00:00:00.000Z,6,3.0,1.0,1049.0,1970.0,12.25486757159303
"5283-Letha-St,-Orlando,-FL-32811","5283 Letha St, Orlando, FL 32811",5283 Letha St,,Orlando,FL,32811,Orange,28.524369,-81.449573,single_family,6819.0,Inactive,229900,2023-03-23T00:00:00.000Z,19,3.0,1.0,1045.0,1971.0,12.345404060459082
"310-Wilmer-Ave,-Orlando,-FL-32811","310 Wilmer Ave, Orlando, FL 32811",310 Wilmer Ave,,Orlando,FL,32811,Orange,28.545692,-81.449758,single_family,9010.0,Inactive,275000,2023-04-08T00:00:00.000Z,3,4.0,2.0,1788.0,1959.0,12.524530013005734
"5566-Metrowest-Blvd,-Apt-301,-Orlando,-FL-32811","5566 Metrowest Blvd, Apt 301, Orlando, FL 32811",5566 Metrowest Blvd,Apt 301,Orlando,FL,32811,Orange,28.511696,-81.458483,condo,13939.0,Inactive,250000,2022-10-18T00:00:00.000Z,172,3.0,2.0,1362.0,1999.0,12.429220196836383
"4169-Gaither-St,-Orlando,-FL-32811","4169 Gaither St, Orlando, FL 32811",4169 Gaither St,,Orlando,FL,32811,Orange,28.518831,-81.429535,single_family,7114.0,Inactive,273500,2022-12-24T00:00:00.000Z,104,3.0,2.0,1152.0,1964.0,12.519060557144618
"4451-Evers-Pl,---4,-Orlando,-FL-32811","4451 Evers Pl, # 4, Orlando, FL 32811",4451 Evers Pl,# 4,Orlando,FL,32811,Orange,28.520967,-81.435749,single_family,6600.0,Inactive,314999,2022-03-17T00:00:00.000Z,385,3.0,2.0,1780.0,1967.0,12.66032791780777
"5120-Conroy-Rd,---28,-Orlando,-FL-32811","5120 Conroy Rd, # 28, Orlando, FL 32811",5120 Conroy Rd,# 28,Orlando,FL,32811,Orange,28.495161,-81.446218,condo,8978.0,Inactive,172000,2022-09-19T00:00:00.000Z,199,2.0,2.0,988.0,1988.0,12.055255569732177
"1751-Gammon-Ln,-Orlando,-FL-32811","1751 Gammon Ln, Orlando, FL 32811",1751 Gammon Ln,,Orlando,FL,32811,Orange,28.521042,-81.429369,single_family,8204.0,Inactive,315000,2023-03-22T00:00:00.000Z,15,4.0,2.0,1418.0,1968.0,12.660331092405906
"120-Hope-Cir,-Orlando,-FL-32811","120 Hope Cir, Orlando, FL 32811",120 Hope Cir,,Orlando,FL,32811,Orange,28.542939,-81.451829,single_family,9433.0,Inactive,300000,2023-04-04T00:00:00.000Z,2,3.0,1.0,1086.0,1959.0,12.611541086966115
"4418-Pinebark-Ave,-Unit-2,-Orlando,-FL-32811","4418 Pinebark Ave, Unit 2, Orlando, FL 32811",4418 Pinebark Ave,Unit 2,Orlando,FL,32811,Orange,28.498547,-81.456537,condo,2614.0,Inactive,227000,2022-12-17T00:00:00.000Z,109,2.0,2.0,980.0,1983.0,12.33270970174018
"4526-Kirkland-Blvd,-Orlando,-FL-32811","4526 Kirkland Blvd, Orlando, FL 32811",4526 Kirkland Blvd,,Orlando,FL,32811,Orange,28.516107,-81.436725,single_family,6893.0,Inactive,200000,2023-03-07T00:00:00.000Z,29,4.0,2.0,1322.0,1968.0,12.206077645517674
"5054-Vista-Lago-Dr,-Orlando,-FL-32811","5054 Vista Lago Dr, Orlando, FL 32811",5054 Vista Lago Dr,,Orlando,FL,32811,Orange,28.53114,-81.447273,single_family,4967.0,Inactive,279000,2023-03-24T00:00:00.000Z,12,3.0,2.0,1085.0,2000.0,12.53897064502647
"4519-Lenox-Blvd,-Orlando,-FL-32811","4519 Lenox Blvd, Orlando, FL 32811",4519 Lenox Blvd,,Orlando,FL,32811,Orange,28.529196,-81.437022,single_family,6502.0,Inactive,151500,2023-03-31T00:00:00.000Z,5,4.0,2.0,2606.0,1948.0,11.928347504569842
"4522-W-Gore-Ave,-Orlando,-FL-32811","4522 W Gore Ave, Orlando, FL 32811",4522 W Gore Ave,,Orlando,FL,32811,Orange,28.53041,-81.437277,single_family,12632.0,Inactive,299900,2022-11-11T00:00:00.000Z,142,3.0,2.5,1648.0,1968.0,12.611207699176356
"5140-Conroy-Rd,-Unit-828,-Orlando,-FL-32811","5140 Conroy Rd, Unit 828, Orlando, FL 32811",5140 Conroy Rd,Unit 828,Orlando,FL,32811,Orange,28.494233,-81.444951,condo,8484.0,Inactive,170000,2023-03-10T00:00:00.000Z,23,2.0,2.0,988.0,1988.0,12.04355959836804
"4772-Walden-Cir,---16,-Orlando,-FL-32811","4772 Walden Cir, # 16, Orlando, FL 32811",4772 Walden Cir,# 16,Orlando,FL,32811,Orange,28.490267,-81.440536,condo,4868.0,Inactive,120000,2023-03-17T00:00:00.000Z,14,1.0,1.0,560.0,1988.0,11.695255355062795
"4146-Tatum-St,-Orlando,-FL-32811","4146 Tatum St, Orlando, FL 32811",4146 Tatum St,,Orlando,FL,32811,Orange,28.51696,-81.428878,single_family,6600.0,Inactive,275000,2023-02-13T00:00:00.000Z,43,3.0,1.0,1240.0,1962.0,12.524530013005734
"4855-Carter-St,-Orlando,-FL-32811","4855 Carter St, Orlando, FL 32811",4855 Carter St,,Orlando,FL,32811,Orange,28.534535,-81.444445,single_family,6753.0,Inactive,260000,2023-02-27T00:00:00.000Z,29,3.0,2.0,1153.0,1986.0,12.468440756144114
"5248-Yaupon-St-E,-Orlando,-FL-32811","5248 Yaupon St E, Orlando, FL 32811",5248 Yaupon St E,,Orlando,FL,32811,Orange,28.533534,-81.450658,single_family,6683.0,Inactive,330000,2023-03-11T00:00:00.000Z,17,4.0,2.0,1456.0,1997.0,12.706850963741102
"246-Ronnie-Cir,-Orlando,-FL-32811","246 Ronnie Cir, Orlando, FL 32811",246 Ronnie Cir,,Orlando,FL,32811,Orange,28.544626,-81.451122,single_family,9974.0,Inactive,269000,2023-03-16T00:00:00.000Z,11,3.0,2.0,1166.0,1959.0,12.502470376049185
"5292-Lescot-Ln,-Orlando,-FL-32811","5292 Lescot Ln, Orlando, FL 32811",5292 Lescot Ln,,Orlando,FL,32811,Orange,28.523475,-81.45022,single_family,10019.0,Inactive,225000,2023-01-21T00:00:00.000Z,64,3.0,1.5,996.0,1971.0,12.323860125621126
"4785-Piedmont-Ct,-Orlando,-FL-32811","4785 Piedmont Ct, Orlando, FL 32811",4785 Piedmont Ct,,Orlando,FL,32811,Orange,28.530314,-81.440291,single_family,7169.0,Inactive,259000,2023-03-23T00:00:00.000Z,3,3.0,2.0,1002.0,1973.0,12.464587201678082
"4352-S-Kirkman-Rd,-Apt-1202,-Orlando,-FL-32811","4352 S Kirkman Rd, Apt 1202, Orlando, FL 32811",4352 S Kirkman Rd,Apt 1202,Orlando,FL,32811,Orange,28.497994,-81.461335,condo,9965.0,Inactive,205000,2023-03-13T00:00:00.000Z,12,2.0,2.0,1042.0,1997.0,12.230770136157428
"5104-Conroy-Rd,---25,-Orlando,-FL-32811","5104 Conroy Rd, # 25, Orlando, FL 32811",5104 Conroy Rd,# 25,Orlando,FL,32811,Orange,28.496194,-81.447322,condo,8799.0,Inactive,160000,2023-01-22T00:00:00.000Z,61,1.0,1.0,711.0,1988.0,11.982935344196433
"4447-Ivey-Ct,-Orlando,-FL-32811","4447 Ivey Ct, Orlando, FL 32811",4447 Ivey Ct,,Orlando,FL,32811,Orange,28.539698,-81.4357,single_family,8373.0,Inactive,244900,2023-03-03T00:00:00.000Z,20,3.0,1.0,906.0,1967.0,12.408609326231229
"4200-Cepeda-St,-Orlando,-FL-32811","4200 Cepeda St, Orlando, FL 32811",4200 Cepeda St,,Orlando,FL,32811,Orange,28.522722,-81.429954,single_family,13939.0,Inactive,274900,2023-03-07T00:00:00.000Z,16,4.0,2.0,1597.0,1988.0,12.524166311833152
"4724-Walden-Cir,-Apt-1515,-Orlando,-FL-32811","4724 Walden Cir, Apt 1515, Orlando, FL 32811",4724 Walden Cir,Apt 1515,Orlando,FL,32811,Orange,28.4908,-81.443427,condo,4935.0,Inactive,135000,2022-12-01T00:00:00.000Z,111,1.0,1.0,560.0,1988.0,11.813037464800539
"5124-Conroy-Rd,---17,-Orlando,-FL-32811","5124 Conroy Rd, # 17, Orlando, FL 32811",5124 Conroy Rd,# 17,Orlando,FL,32811,Orange,28.494824,-81.445831,condo,8645.0,Inactive,189000,2023-03-15T00:00:00.000Z,7,2.0,2.0,988.0,1988.0,12.149507585033072
"4446-America-St,-Orlando,-FL-32811","4446 America St, Orlando, FL 32811",4446 America St,,Orlando,FL,32811,Orange,28.533174,-81.436066,single_family,6900.0,Inactive,325000,2023-03-14T00:00:00.000Z,7,3.0,2.0,1532.0,2023.0,12.691583538230217
"4540-Weldon-Pl,-Orlando,-FL-32811","4540 Weldon Pl, Orlando, FL 32811",4540 Weldon Pl,,Orlando,FL,32811,Orange,28.519079,-81.437575,single_family,6600.0,Inactive,329999,2023-03-10T00:00:00.000Z,10,5.0,3.0,1822.0,1967.0,12.706847933442663
"4320-S-Kirkman-Rd,-Apt-1512,-Orlando,-FL-32811","4320 S Kirkman Rd, Apt 1512, Orlando, FL 32811",4320 S Kirkman Rd,Apt 1512,Orlando,FL,32811,Orange,28.498925,-81.461531,condo,7671.0,Inactive,200000,2023-02-04T00:00:00.000Z,43,2.0,2.0,1042.0,1997.0,12.206077645517674
"4728-Walden-Cir,-Apt-1326,-Orlando,-FL-32811","4728 Walden Cir, Apt 1326, Orlando, FL 32811",4728 Walden Cir,Apt 1326,Orlando,FL,32811,Orange,28.490416,-81.443914,condo,7035.0,Inactive,175000,2023-03-10T00:00:00.000Z,9,2.0,2.0,1020.0,1988.0,12.07254696717504
"4440-Cepeda-St,-Orlando,-FL-32811","4440 Cepeda St, Orlando, FL 32811",4440 Cepeda St,,Orlando,FL,32811,Orange,28.522675,-81.435465,single_family,7000.0,Inactive,259900,2023-01-13T00:00:00.000Z,64,4.0,1.5,1170.0,1966.0,12.468056068255885
"4648-Piedmont-Ct,-Orlando,-FL-32811","4648 Piedmont Ct, Orlando, FL 32811",4648 Piedmont Ct,,Orlando,FL,32811,Orange,28.529554,-81.439508,single_family,6836.0,Inactive,273995,2023-01-25T00:00:00.000Z,52,4.0,1.5,1353.0,1973.0,12.520868786723502
"4817-Cypress-Woods-Dr,-Apt-5305,-Orlando,-FL-32811","4817 Cypress Woods Dr, Apt 5305, Orlando, FL 32811",4817 Cypress Woods Dr,Apt 5305,Orlando,FL,32811,Orange,28.49309,-81.45089,condo,16553.0,Inactive,249000,2023-02-11T00:00:00.000Z,35,2.0,2.0,1186.0,2001.0,12.425212191503038
"1605-Crestlawn-Ave,-Orlando,-FL-32811","1605 Crestlawn Ave, Orlando, FL 32811",1605 Crestlawn Ave,,Orlando,FL,32811,Orange,28.523117,-81.431199,single_family,8465.0,Inactive,363800,2022-12-18T00:00:00.000Z,89,4.0,2.0,2374.0,1968.0,12.804362293825438
"4744-Goldsboro-Ct,-Orlando,-FL-32811","4744 Goldsboro Ct, Orlando, FL 32811",4744 Goldsboro Ct,,Orlando,FL,32811,Orange,28.524557,-81.441166,single_family,6859.0,Inactive,225000,2023-02-23T00:00:00.000Z,21,2.0,1.0,1144.0,1969.0,12.323860125621126
"323-Wilmer-Ave,-Orlando,-FL-32811","323 Wilmer Ave, Orlando, FL 32811",323 Wilmer Ave,,Orlando,FL,32811,Orange,28.546523,-81.449169,single_family,10890.0,Inactive,249999,2023-02-11T00:00:00.000Z,32,3.0,1.5,988.0,1958.0,12.429216196844383
"5278-Dove-Tree-St,-Orlando,-FL-32811","5278 Dove Tree St, Orlando, FL 32811",5278 Dove Tree St,,Orlando,FL,32811,Orange,28.489669,-81.450927,single_family,6313.0,Inactive,470000,2023-03-06T00:00:00.000Z,8,3.0,2.0,1776.0,2014.0,13.060490101343552
"4633-Cason-Cove-Dr,-Apt-1727,-Orlando,-FL-32811","4633 Cason Cove Dr, Apt 1727, Orlando, FL 32811",4633 Cason Cove Dr,Apt 1727,Orlando,FL,32811,Orange,28.497767,-81.437564,condo,7211.0,Inactive,140000,2023-03-07T00:00:00.000Z,7,1.0,1.0,700.0,1988.0,11.849404844423074
"2132-La-Due-Ct,-Orlando,-FL-32811","2132 La Due Ct, Orlando, FL 32811",2132 La Due Ct,,Orlando,FL,32811,Orange,28.517022,-81.440928,single_family,6835.0,Inactive,244900,2022-12-08T00:00:00.000Z,93,3.0,1.5,1035.0,2002.0,12.408609326231229
"5144-Conroy-Rd,---21,-Orlando,-FL-32811","5144 Conroy Rd, # 21, Orlando, FL 32811",5144 Conroy Rd,# 21,Orlando,FL,32811,Orange,28.493518,-81.445109,condo,10019.0,Inactive,249500,2022-06-15T00:00:00.000Z,268,3.0,2.0,1237.0,1988.0,12.427218202181711
"5035-Southlawn-Ave,-Orlando,-FL-32811","5035 Southlawn Ave, Orlando, FL 32811",5035 Southlawn Ave,,Orlando,FL,32811,Orange,28.485598,-81.450819,single_family,5249.0,Inactive,575000,2022-08-15T00:00:00.000Z,207,4.0,2.5,2936.0,2015.0,13.26212705890841
"5451-Vineland-Rd,-Apt-2203,-Orlando,-FL-32811","5451 Vineland Rd, Apt 2203, Orlando, FL 32811",5451 Vineland Rd,Apt 2203,Orlando,FL,32811,Orange,28.485,-81.451169,condo,820.0,Inactive,186000,2023-01-13T00:00:00.000Z,56,1.0,1.0,820.0,2000.0,12.133507329024972
"2039-Ravenall-Ave,-Orlando,-FL-32811","2039 Ravenall Ave, Orlando, FL 32811",2039 Ravenall Ave,,Orlando,FL,32811,Orange,28.517823,-81.438736,single_family,6629.0,Inactive,319000,2023-02-01T00:00:00.000Z,37,3.0,2.0,1250.0,1970.0,12.672949516558306
"4897-Cypress-Woods-Dr,-Apt-6302,-Orlando,-FL-32811","4897 Cypress Woods Dr, Apt 6302, Orlando, FL 32811",4897 Cypress Woods Dr,Apt 6302,Orlando,FL,32811,Orange,28.492574,-81.4513,condo,24394.0,Inactive,199800,2023-03-02T00:00:00.000Z,8,2.0,2.0,1107.0,2000.0,12.20507715018907
"931-Aaron-Ave,-Orlando,-FL-32811","931 Aaron Ave, Orlando, FL 32811",931 Aaron Ave,,Orlando,FL,32811,Orange,28.52963,-81.432806,single_family,12632.0,Inactive,200000,2023-03-01T00:00:00.000Z,8,3.0,1.0,856.0,1962.0,12.206077645517674
"4833-Cypress-Woods-Dr,-Apt-4102,-Orlando,-FL-32811","4833 Cypress Woods Dr, Apt 4102, Orlando, FL 32811",4833 Cypress Woods Dr,Apt 4102,Orlando,FL,32811,Orange,28.492899,-81.451607,condo,24394.0,Inactive,229999,2022-11-07T00:00:00.000Z,120,2.0,2.0,1107.0,2001.0,12.345834587905333
"4360-S-Kirkman-Rd,-Apt-407,-Orlando,-FL-32811","4360 S Kirkman Rd, Apt 407, Orlando, FL 32811",4360 S Kirkman Rd,Apt 407,Orlando,FL,32811,Orange,28.497273,-81.461303,condo,7671.0,Inactive,199900,2022-12-30T00:00:00.000Z,67,2.0,2.0,996.0,1997.0,12.20557752297723
"5148-Conroy-Rd,---11,-Orlando,-FL-32811","5148 Conroy Rd, # 11, Orlando, FL 32811",5148 Conroy Rd,# 11,Orlando,FL,32811,Orange,28.493147,-81.445913,condo,8509.0,Inactive,173000,2022-09-22T00:00:00.000Z,162,2.0,2.0,988.0,1988.0,12.06105265381003
"4537-Cepeda-St,-Orlando,-FL-32811","4537 Cepeda St, Orlando, FL 32811",4537 Cepeda St,,Orlando,FL,32811,Orange,28.523139,-81.437201,single_family,8658.0,Inactive,330000,2022-11-30T00:00:00.000Z,93,6.0,3.0,2141.0,1967.0,12.706850963741102
"5242-Florida-Holly-Dr,-Orlando,-FL-32811","5242 Florida Holly Dr, Orlando, FL 32811",5242 Florida Holly Dr,,Orlando,FL,32811,Orange,28.528065,-81.449857,single_family,3880.0,Inactive,315000,2022-09-21T00:00:00.000Z,162,3.0,3.5,1262.0,1999.0,12.660331092405906
"4135-Booker-St,-Orlando,-FL-32811","4135 Booker St, Orlando, FL 32811",4135 Booker St,,Orlando,FL,32811,Orange,28.525438,-81.428858,single_family,8814.0,Inactive,264000,2022-12-15T00:00:00.000Z,77,3.0,2.0,1050.0,1980.0,12.483708170000067
"4088-Shellman-St,-Orlando,-FL-32811","4088 Shellman St, Orlando, FL 32811",4088 Shellman St,,Orlando,FL,32811,Orange,28.524294,-81.427777,single_family,5990.0,Inactive,307530,2022-12-16T00:00:00.000Z,76,3.0,3.0,2405.0,1958.0,12.63633117415555
"106-Quintard-Ave,-Orlando,-FL-32811","106 Quintard Ave, Orlando, FL 32811",106 Quintard Ave,,Orlando,FL,32811,Orange,28.541848,-81.450798,single_family,11761.0,Inactive,309900,2023-01-20T00:00:00.000Z,41,4.0,3.0,1697.0,1959.0,12.644008170618003
"4280-Nimons-St,-Orlando,-FL-32811","4280 Nimons St, Orlando, FL 32811",4280 Nimons St,,Orlando,FL,32811,Orange,28.521573,-81.431818,single_family,7113.0,Inactive,300000,2022-12-17T00:00:00.000Z,74,3.0,2.0,1495.0,1967.0,12.611541086966115
"4663-Conley-St,-Orlando,-FL-32811","4663 Conley St, Orlando, FL 32811",4663 Conley St,,Orlando,FL,32811,Orange,28.532708,-81.440427,single_family,5350.0,Inactive,314900,2023-02-20T00:00:00.000Z,9,3.0,2.0,1490.0,2023.0,12.66001358269538
"5319-Indian-Creek-Dr,---D,-Orlando,-FL-32811","5319 Indian Creek Dr, # D, Orlando, FL 32811",5319 Indian Creek Dr,# D,Orlando,FL,32811,Orange,28.492292,-81.453383,condo,5314.0,Inactive,165000,2023-02-21T00:00:00.000Z,8,2.0,2.0,1123.0,1973.0,12.013706813470414
"4443-Prince-Hall-Blvd,-Orlando,-FL-32811","4443 Prince Hall Blvd, Orlando, FL 32811",4443 Prince Hall Blvd,,Orlando,FL,32811,Orange,28.514994,-81.435398,single_family,6349.0,Inactive,280000,2022-11-04T00:00:00.000Z,113,3.0,2.0,1250.0,1969.0,12.54254845357358
"5536-Metrowest-Blvd,-Apt-106,-Orlando,-FL-32811","5536 Metrowest Blvd, Apt 106, Orlando, FL 32811",5536 Metrowest Blvd,Apt 106,Orlando,FL,32811,Orange,28.511856,-81.456002,condo,18295.0,Inactive,195000,2023-01-19T00:00:00.000Z,36,2.0,1.0,1093.0,1999.0,12.180759965737863
"5104-Conroy-Rd,---27,-Orlando,-FL-32811","5104 Conroy Rd, # 27, Orlando, FL 32811",5104 Conroy Rd,# 27,Orlando,FL,32811,Orange,28.496194,-81.447322,condo,8799.0,Inactive,199995,2023-02-16T00:00:00.000Z,8,2.0,2.0,988.0,1988.0,12.206052645330171
"5467-Vineland-Rd,-Apt-6106,-Orlando,-FL-32811","5467 Vineland Rd, Apt 6106, Orlando, FL 32811",5467 Vineland Rd,Apt 6106,Orlando,FL,32811,Orange,28.485498,-81.452508,condo,12632.0,Inactive,219900,2023-02-20T00:00:00.000Z,4,2.0,2.0,1093.0,2000.0,12.300932724054114
"4421-Piedmont-St,-Orlando,-FL-32811","4421 Piedmont St, Orlando, FL 32811",4421 Piedmont St,,Orlando,FL,32811,Orange,28.529971,-81.435302,single_family,6326.0,Inactive,319900,2023-02-20T00:00:00.000Z,3,3.0,3.0,1500.0,2023.0,12.675766851909591
"5429-Vineland-Rd,---F,-Orlando,-FL-32811","5429 Vineland Rd, # F, Orlando, FL 32811",5429 Vineland Rd,# F,Orlando,FL,32811,Orange,28.48334,-81.448618,condo,5020.0,Inactive,239900,2022-12-23T00:00:00.000Z,61,2.0,2.0,1139.0,1983.0,12.3879816172226
"5235-Florida-Holly-Dr,-Orlando,-FL-32811","5235 Florida Holly Dr, Orlando, FL 32811",5235 Florida Holly Dr,,Orlando,FL,32811,Orange,28.528385,-81.449735,single_family,3481.0,Inactive,280000,2022-10-23T00:00:00.000Z,121,3.0,2.0,1107.0,2000.0,12.54254845357358
"5156-Millennia-Green-Dr,-Orlando,-FL-32811","5156 Millennia Green Dr, Orlando, FL 32811",5156 Millennia Green Dr,,Orlando,FL,32811,Orange,28.485766,-81.447644,single_family,4679.0,Inactive,469000,2022-12-20T00:00:00.000Z,63,3.0,2.5,2005.0,2013.0,13.058360179622305
"4836-W-Pine-St,-Orlando,-FL-32811","4836 W Pine St, Orlando, FL 32811",4836 W Pine St,,Orlando,FL,32811,Orange,28.540402,-81.44427,single_family,6741.0,Inactive,259000,2023-01-31T00:00:00.000Z,19,3.0,2.0,1174.0,2008.0,12.464587201678082
"4917-Maple-Park-St,-Orlando,-FL-32811","4917 Maple Park St, Orlando, FL 32811",4917 Maple Park St,,Orlando,FL,32811,Orange,28.4895,-81.447251,single_family,5249.0,Inactive,589000,2022-10-24T00:00:00.000Z,117,5.0,3.0,2490.0,2013.0,13.286183160425152
"2743-Ravenall-Ave,-Orlando,-FL-32811","2743 Ravenall Ave, Orlando, FL 32811",2743 Ravenall Ave,,Orlando,FL,32811,Orange,28.513165,-81.438967,single_family,8654.0,Inactive,295000,2023-02-08T00:00:00.000Z,9,4.0,1.5,2024.0,1973.0,12.59473402514672
"4078-Ferrow-St,-Orlando,-FL-32811","4078 Ferrow St, Orlando, FL 32811",4078 Ferrow St,,Orlando,FL,32811,Orange,28.523582,-81.427596,single_family,5415.0,Inactive,189900,2022-07-14T00:00:00.000Z,216,3.0,1.0,977.0,1959.0,12.15425816271595
"116-Wilmer-Ave,-Orlando,-FL-32811","116 Wilmer Ave, Orlando, FL 32811",116 Wilmer Ave,,Orlando,FL,32811,Orange,28.54248,-81.44975,single_family,9239.0,Inactive,259900,2023-01-21T00:00:00.000Z,25,2.0,1.0,894.0,1959.0,12.468056068255885
"5483-Vineland-Rd,-Apt-10102,-Orlando,-FL-32811","5483 Vineland Rd, Apt 10102, Orlando, FL 32811",5483 Vineland Rd,Apt 10102,Orlando,FL,32811,Orange,28.48373,-81.45118,condo,12632.0,Inactive,230000,2023-01-24T00:00:00.000Z,22,2.0,2.0,1142.0,2000.0,12.345838935721968
"5211-Florida-Holly-Dr,-Orlando,-FL-32811","5211 Florida Holly Dr, Orlando, FL 32811",5211 Florida Holly Dr,,Orlando,FL,32811,Orange,28.528392,-81.449233,single_family,3586.0,Inactive,312000,2023-01-02T00:00:00.000Z,43,3.0,2.0,1176.0,2022.0,12.650761671914688
"4328-S-Kirkman-Rd,-Apt-1313,-Orlando,-FL-32811","4328 S Kirkman Rd, Apt 1313, Orlando, FL 32811",4328 S Kirkman Rd,Apt 1313,Orlando,FL,32811,Orange,28.498345,-81.461294,condo,7035.0,Inactive,224000,2022-10-31T00:00:00.000Z,105,2.0,2.0,996.0,1997.0,12.319405795112926
"5132-Cypress-Creek-Dr,---104,-Orlando,-FL-32811","5132 Cypress Creek Dr, # 104, Orlando, FL 32811",5132 Cypress Creek Dr,# 104,Orlando,FL,32811,Orange,28.487238,-81.449617,condo,6672.0,Inactive,242000,2022-10-22T00:00:00.000Z,112,2.0,2.0,1215.0,1974.0,12.396697137361691
"4115-Raleigh-St,-Orlando,-FL-32811","4115 Raleigh St, Orlando, FL 32811",4115 Raleigh St,,Orlando,FL,32811,Orange,28.528181,-81.428813,single_family,6850.0,Inactive,269000,2023-01-26T00:00:00.000Z,15,3.0,2.0,1152.0,1999.0,12.502470376049185
"1854-S-Ivey-Ln,-Orlando,-FL-32811","1854 S Ivey Ln, Orlando, FL 32811",1854 S Ivey Ln,,Orlando,FL,32811,Orange,28.520236,-81.434329,single_family,7407.0,Inactive,308700,2022-12-16T00:00:00.000Z,55,3.0,2.0,1593.0,1966.0,12.640128449875998
"2613-Messina-Ave,-Orlando,-FL-32811","2613 Messina Ave, Orlando, FL 32811",2613 Messina Ave,,Orlando,FL,32811,Orange,28.5139,-81.44126,single_family,6752.0,Inactive,269900,2023-01-27T00:00:00.000Z,13,4.0,1.5,1488.0,1973.0,12.505810504075185
"5300-Lescot-Ln,-Orlando,-FL-32811","5300 Lescot Ln, Orlando, FL 32811",5300 Lescot Ln,,Orlando,FL,32811,Orange,28.523502,-81.450612,single_family,8194.0,Inactive,265000,2022-11-16T00:00:00.000Z,84,3.0,2.0,1225.0,1972.0,12.487488878546145
"5165-Northlawn-Way,-Orlando,-FL-32811","5165 Northlawn Way, Orlando, FL 32811",5165 Northlawn Way,,Orlando,FL,32811,Orange,28.486582,-81.446391,single_family,3598.0,Inactive,445000,2023-01-06T00:00:00.000Z,33,3.0,2.5,1851.0,2013.0,13.005831808336863
"4808-Marks-Ter,---380B1,-Orlando,-FL-32811","4808 Marks Ter, # 380B1, Orlando, FL 32811",4808 Marks Ter,# 380B1,Orlando,FL,32811,Orange,28.496702,-81.44292,condo,3598.0,Inactive,209900,2023-02-06T00:00:00.000Z,2,2.0,2.0,860.0,1984.0,12.254391269970792
"4154-Kirkland-Blvd,-Orlando,-FL-32811","4154 Kirkland Blvd, Orlando, FL 32811",4154 Kirkland Blvd,,Orlando,FL,32811,Orange,28.516173,-81.429085,single_family,8248.0,Inactive,209999,2023-01-18T00:00:00.000Z,20,3.0,1.0,900.0,1962.0,12.254862809699606
"4756-Walden-Cir,---18,-Orlando,-FL-32811","4756 Walden Cir, # 18, Orlando, FL 32811",4756 Walden Cir,# 18,Orlando,FL,32811,Orange,28.489398,-81.44113,condo,6862.0,Inactive,169900,2023-01-28T00:00:00.000Z,7,2.0,2.0,1020.0,1988.0,12.042971193457888
"5536-Metrowest-Blvd,-Apt-209,-Orlando,-FL-32811","5536 Metrowest Blvd, Apt 209, Orlando, FL 32811",5536 Metrowest Blvd,Apt 209,Orlando,FL,32811,Orange,28.511855,-81.456001,condo,18295.0,Inactive,235000,2022-12-21T00:00:00.000Z,43,2.0,2.0,1159.0,1999.0,12.367345048436391
"5112-Conroy-Rd,-Unit-324,-Orlando,-FL-32811","5112 Conroy Rd, Unit 324, Orlando, FL 32811",5112 Conroy Rd,Unit 324,Orlando,FL,32811,Orange County,28.49581,-81.447206,condo,8770.0,Inactive,165000,2022-10-31T12:17:11.000Z,96,1.0,1.0,711.0,1988.0,12.013706813470414
"4374-Middlebrook-Rd,---4374,-Orlando,-FL-32811","4374 Middlebrook Rd, # 4374, Orlando, FL 32811",4374 Middlebrook Rd,# 4374,Orlando,FL,32811,Orange County,28.498769,-81.453545,condo,7250.0,Inactive,199000,2022-10-28T20:07:49.000Z,98,2.0,2.0,1093.0,1984.0,12.201065128819632
"1069-Inkberry-Ct,-Orlando,-FL-32811","1069 Inkberry Ct, Orlando, FL 32811",1069 Inkberry Ct,,Orlando,FL,32811,Orange County,28.528035,-81.448972,single_family,7453.0,Inactive,211000,2022-12-10T13:11:01.000Z,55,4.0,2.0,1164.0,1990.0,12.259618151783465
"5560-Metrowest-Blvd,-Apt-203,-Orlando,-FL-32811","5560 Metrowest Blvd, Apt 203, Orlando, FL 32811",5560 Metrowest Blvd,Apt 203,Orlando,FL,32811,Orange County,28.510978,-81.458355,condo,13939.0,Inactive,250000,2023-01-19T19:14:50.000Z,13,3.0,2.0,1362.0,1999.0,12.429220196836383
"1017-Florida-Holly-Dr,-Orlando,-FL-32811","1017 Florida Holly Dr, Orlando, FL 32811",1017 Florida Holly Dr,,Orlando,FL,32811,Orange County,28.52906,-81.450379,single_family,3727.0,Inactive,245000,2022-12-21T21:29:54.000Z,41,3.0,2.0,1009.0,1991.0,12.409017571151187
"4173-Kirkland-Blvd,-Orlando,-FL-32811","4173 Kirkland Blvd, Orlando, FL 32811",4173 Kirkland Blvd,,Orlando,FL,32811,Orange County,28.516665,-81.429733,single_family,7128.0,Inactive,189900,2022-11-22T04:48:56.000Z,59,3.0,1.0,1190.0,1962.0,12.15425816271595
"4724-Walden-Cir,---15,-Orlando,-FL-32811","4724 Walden Cir, # 15, Orlando, FL 32811",4724 Walden Cir,# 15,Orlando,FL,32811,Orange County,28.490744,-81.443416,condo,4935.0,Inactive,150000,2022-12-01T14:48:58.000Z,48,1.0,1.0,560.0,1988.0,11.918397239722838
"4424-Kirkland-Blvd,-Orlando,-FL-32811","4424 Kirkland Blvd, Orlando, FL 32811",4424 Kirkland Blvd,,Orlando,FL,32811,Orange County,28.516125,-81.434717,single_family,7011.0,Inactive,294000,2022-12-19T20:41:12.000Z,30,4.0,2.0,1506.0,1968.0,12.591338447675579
"5423-Timberchase-Ct,-Orlando,-FL-32811","5423 Timberchase Ct, Orlando, FL 32811",5423 Timberchase Ct,,Orlando,FL,32811,Orange County,28.530827,-81.453841,single_family,4600.0,Inactive,325000,2022-09-07T20:18:16.000Z,132,3.0,2.0,1100.0,1990.0,12.691583538230217
"5312-Indian-Creek-Dr,---D,-Orlando,-FL-32811","5312 Indian Creek Dr, # D, Orlando, FL 32811",5312 Indian Creek Dr,# D,Orlando,FL,32811,Orange County,28.492122,-81.452757,condo,5314.0,Inactive,175000,2022-12-27T18:07:26.000Z,21,2.0,2.0,1123.0,1973.0,12.07254696717504
"5447-Vineland-Rd,-Apt-1105,-Orlando,-FL-32811","5447 Vineland Rd, Apt 1105, Orlando, FL 32811",5447 Vineland Rd,Apt 1105,Orlando,FL,32811,Orange County,28.484214,-81.450672,condo,16988.0,Inactive,249900,2022-11-03T22:06:42.000Z,70,2.0,2.0,1142.0,2000.0,12.428820118415677
"2516-Ravenall-Ave,-Orlando,-FL-32811","2516 Ravenall Ave, Orlando, FL 32811",2516 Ravenall Ave,,Orlando,FL,32811,Orange County,28.514559,-81.439079,single_family,1496.0,Inactive,280000,2022-12-15T17:06:36.000Z,27,4.0,1.5,1496.0,1972.0,12.54254845357358
"5276-Coral-Ct,---613,-Orlando,-FL-32811","5276 Coral Ct, # 613, Orlando, FL 32811",5276 Coral Ct,# 613,Orlando,FL,32811,Orange County,28.49623,-81.449482,condo,2627.0,Inactive,245000,2022-12-16T18:08:21.000Z,26,2.0,2.5,1285.0,1986.0,12.409017571151187
"5258-Cypress-Ct,-Orlando,-FL-32811","5258 Cypress Ct, Orlando, FL 32811",5258 Cypress Ct,,Orlando,FL,32811,Orange County,28.497046,-81.449527,condo,7035.0,Inactive,249000,2022-07-16T18:42:28.000Z,177,2.0,2.5,1285.0,1986.0,12.425212191503038
"1316-Deerock-Dr,-Orlando,-FL-32811","1316 Deerock Dr, Orlando, FL 32811",1316 Deerock Dr,,Orlando,FL,32811,Orange County,28.52544,-81.446881,single_family,6818.0,Inactive,229999,2022-10-25T19:06:04.000Z,75,3.0,1.0,1045.0,1971.0,12.345834587905333
"5414-Seedling-Ln,-Orlando,-FL-32811","5414 Seedling Ln, Orlando, FL 32811",5414 Seedling Ln,,Orlando,FL,32811,Orange County,28.533497,-81.452546,single_family,4262.0,Inactive,290000,2022-08-21T18:06:16.000Z,139,3.0,2.0,1152.0,1992.0,12.577639650232573
"4594-Alhama-St,-Orlando,-FL-32811","4594 Alhama St, Orlando, FL 32811",4594 Alhama St,,Orlando,FL,32811,Orange County,28.510547,-81.43857,single_family,13068.0,Inactive,240000,2022-12-17T15:41:16.000Z,20,4.0,2.0,1556.0,1974.0,12.388398368982115
"4111-Columbia-St,-Orlando,-FL-32811","4111 Columbia St, Orlando, FL 32811",4111 Columbia St,,Orlando,FL,32811,Orange County,28.527279,-81.428498,single_family,6300.0,Inactive,115000,2022-12-21T15:06:53.000Z,16,3.0,1.0,840.0,1989.0,11.652696102959753
"412-Takoma-St,-Orlando,-FL-32811","412 Takoma St, Orlando, FL 32811",412 Takoma St,,Orlando,FL,32811,Orange County,28.54788,-81.444973,single_family,6246.0,Inactive,286000,2022-09-08T12:23:38.000Z,117,3.0,2.0,1144.0,1991.0,12.563750586299374
"1884-Attucks-Ave,-Orlando,-FL-32811","1884 Attucks Ave, Orlando, FL 32811",1884 Attucks Ave,,Orlando,FL,32811,Orange County,28.520048,-81.431677,single_family,6600.0,Inactive,225000,2022-12-13T22:42:36.000Z,17,3.0,1.5,1302.0,1965.0,12.323860125621126
"4939-Southlawn-Ave,-Orlando,-FL-32811","4939 Southlawn Ave, Orlando, FL 32811",4939 Southlawn Ave,,Orlando,FL,32811,Orange County,28.486198,-81.449945,single_family,5246.0,Inactive,625000,2022-10-24T22:23:31.000Z,66,4.0,2.5,2935.0,2015.0,13.345508528717259
"242-Ronnie-Cir,-Orlando,-FL-32811","242 Ronnie Cir, Orlando, FL 32811",242 Ronnie Cir,,Orlando,FL,32811,Orange County,28.544413,-81.451216,single_family,9974.0,Inactive,180000,2022-11-14T21:06:48.000Z,44,3.0,2.0,1356.0,1959.0,12.100717685412471
"4739-Creekside-Park-Ave,-Orlando,-FL-32811","4739 Creekside Park Ave, Orlando, FL 32811",4739 Creekside Park Ave,,Orlando,FL,32811,Orange County,28.489865,-81.449834,single_family,3680.0,Inactive,440000,2022-09-02T19:42:32.000Z,116,3.0,2.5,2081.0,2014.0,12.994532278619134
"4709-Alhama-St,-Orlando,-FL-32811","4709 Alhama St, Orlando, FL 32811",4709 Alhama St,,Orlando,FL,32811,Orange County,28.510575,-81.441038,single_family,6707.0,Inactive,276500,2022-12-01T14:07:13.000Z,22,3.0,2.0,1392.0,1980.0,12.529969716574515
"4840-Pebble-Beach-Dr,---C,-Orlando,-FL-32811","4840 Pebble Beach Dr, # C, Orlando, FL 32811",4840 Pebble Beach Dr,# C,Orlando,FL,32811,Orange County,28.492831,-81.453493,condo,4843.0,Inactive,215000,2022-09-22T04:47:55.000Z,91,3.0,2.5,1423.0,1973.0,12.278397958261774
"4918-Lescot-Ln,-Orlando,-FL-32811","4918 Lescot Ln, Orlando, FL 32811",4918 Lescot Ln,,Orlando,FL,32811,Orange County,28.523801,-81.445203,single_family,12197.0,Inactive,258000,2022-11-25T20:11:34.000Z,26,4.0,2.0,1176.0,1970.0,12.460718739865236
"5130-Cypress-Creek-Dr,---105,-Orlando,-FL-32811","5130 Cypress Creek Dr, # 105, Orlando, FL 32811",5130 Cypress Creek Dr,# 105,Orlando,FL,32811,Orange County,28.487238,-81.449617,condo,6672.0,Inactive,360000,2022-12-03T12:29:28.000Z,19,3.0,3.0,1580.0,1974.0,12.793862088206213
"4532-Conley-St,-Orlando,-FL-32811","4532 Conley St, Orlando, FL 32811",4532 Conley St,,Orlando,FL,32811,Orange County,28.532239,-81.43766,single_family,6534.0,Inactive,325000,2022-07-26T18:35:59.000Z,147,4.0,2.0,1547.0,2022.0,12.691583538230217
"208-Wilmer-Ave,-Orlando,-FL-32811","208 Wilmer Ave, Orlando, FL 32811",208 Wilmer Ave,,Orlando,FL,32811,Orange County,28.544042,-81.449754,single_family,9022.0,Inactive,264900,2022-12-09T02:29:39.000Z,12,3.0,1.5,1277.0,1959.0,12.487111450262473
"4282-Kirkland-Blvd,-Orlando,-FL-32811","4282 Kirkland Blvd, Orlando, FL 32811",4282 Kirkland Blvd,,Orlando,FL,32811,Orange County,28.516192,-81.431777,single_family,8354.0,Inactive,249900,2022-11-12T18:47:15.000Z,37,4.0,2.0,1358.0,1963.0,12.428820118415677
"5078-Lobelia-Dr,-Orlando,-FL-32811","5078 Lobelia Dr, Orlando, FL 32811",5078 Lobelia Dr,,Orlando,FL,32811,Orange County,28.532182,-81.44843,single_family,6145.0,Inactive,282000,2022-11-26T22:41:12.000Z,19,3.0,2.0,1182.0,2002.0,12.549665896013254
"4536-Huppel-Ave,-Orlando,-FL-32811","4536 Huppel Ave, Orlando, FL 32811",4536 Huppel Ave,,Orlando,FL,32811,Orange County,28.535925,-81.437788,single_family,6851.0,Inactive,194900,2022-12-01T03:47:11.000Z,15,3.0,1.0,968.0,1960.0,12.180247016318816
"5379-Elm-Ct,---316,-Orlando,-FL-32811","5379 Elm Ct, # 316, Orlando, FL 32811",5379 Elm Ct,# 316,Orlando,FL,32811,Orange County,28.49821,-81.452238,condo,2559.0,Inactive,272000,2022-12-02T18:41:54.000Z,12,2.0,2.5,1285.0,1985.0,12.513561021741964
"4308-S-Kirkman-Rd,-Apt-1702,-Orlando,-FL-32811","4308 S Kirkman Rd, Apt 1702, Orlando, FL 32811",4308 S Kirkman Rd,Apt 1702,Orlando,FL,32811,Orange County,28.499019,-81.460442,condo,7035.0,Inactive,198000,2022-06-04T17:10:49.000Z,190,2.0,2.0,1042.0,1997.0,12.19602736016897
"5285-Cypress-Ct,---723,-Orlando,-FL-32811","5285 Cypress Ct, # 723, Orlando, FL 32811",5285 Cypress Ct,# 723,Orlando,FL,32811,Orange County,28.497352,-81.450945,condo,2638.0,Inactive,237000,2022-06-14T17:25:28.000Z,180,2.0,2.5,1285.0,1986.0,12.37581963951765
"1848-Patterson-Ave,-Orlando,-FL-32811","1848 Patterson Ave, Orlando, FL 32811",1848 Patterson Ave,,Orlando,FL,32811,Orange County,28.520482,-81.433349,single_family,6600.0,Inactive,250000,2022-10-08T19:41:31.000Z,64,3.0,1.0,1020.0,1965.0,12.429220196836383
"5049-Vineland-Rd,---104,-Orlando,-FL-32811","5049 Vineland Rd, # 104, Orlando, FL 32811",5049 Vineland Rd,# 104,Orlando,FL,32811,Orange County,28.483911,-81.445906,condo,13939.0,Inactive,210000,2022-11-22T23:35:20.000Z,17,2.0,2.0,1048.0,1986.0,12.25486757159303
"5156-Conroy-Rd,-Unit-1113,-Orlando,-FL-32811","5156 Conroy Rd, Unit 1113, Orlando, FL 32811",5156 Conroy Rd,Unit 1113,Orlando,FL,32811,Orange County,28.493785,-81.445578,condo,7035.0,Inactive,175000,2022-07-26T13:05:20.000Z,136,2.0,2.0,1028.0,1988.0,12.07254696717504
"328-Mandrake-St,-Orlando,-FL-32811","328 Mandrake St, Orlando, FL 32811",328 Mandrake St,,Orlando,FL,32811,Orange County,28.54622,-81.448797,single_family,9399.0,Inactive,204900,2022-10-13T19:29:37.000Z,56,2.0,1.0,849.0,1955.0,12.230282214644559
"5273-Cypress-Ct,---718,-Orlando,-FL-32811","5273 Cypress Ct, # 718, Orlando, FL 32811",5273 Cypress Ct,# 718,Orlando,FL,32811,Orange County,28.497519,-81.450725,condo,2626.0,Inactive,259000,2022-11-21T11:29:05.000Z,17,2.0,2.5,1285.0,1985.0,12.464587201678082
"4644-Barley-St,-Orlando,-FL-32811","4644 Barley St, Orlando, FL 32811",4644 Barley St,,Orlando,FL,32811,Orange County,28.540129,-81.43878,single_family,8078.0,Inactive,229000,2022-09-15T18:09:19.000Z,78,4.0,2.0,1048.0,1968.0,12.34148164933907
"120-N-Van-Buren-Ave,-Orlando,-FL-32811","120 N Van Buren Ave, Orlando, FL 32811",120 N Van Buren Ave,,Orlando,FL,32811,Orange County,28.543714,-81.457559,single_family,6996.0,Inactive,290000,2022-08-29T13:29:16.000Z,94,4.0,2.5,1646.0,1960.0,12.577639650232573
"4329-Lenox-Blvd,-Orlando,-FL-32811","4329 Lenox Blvd, Orlando, FL 32811",4329 Lenox Blvd,,Orlando,FL,32811,Orange County,28.529042,-81.43361,single_family,5838.0,Inactive,335000,2022-10-25T02:05:39.000Z,36,3.0,2.0,1391.0,2020.0,12.721888795877375
"4971-Longmeadow-Park-St,-Orlando,-FL-32811","4971 Longmeadow Park St, Orlando, FL 32811",4971 Longmeadow Park St,,Orlando,FL,32811,Orange County,28.49274,-81.447374,single_family,5499.0,Inactive,645000,2022-07-21T16:08:02.000Z,130,4.0,2.5,2970.0,2015.0,13.377007146164305
"434-Gilman-Cir,-Orlando,-FL-32811","434 Gilman Cir, Orlando, FL 32811",434 Gilman Cir,,Orlando,FL,32811,Orange County,28.537807,-81.435411,single_family,6929.0,Inactive,217000,2022-11-15T15:23:09.000Z,8,4.0,1.0,1653.0,1967.0,12.28765724080691
"4356-S-Kirkman-Rd,-Apt-514,-Orlando,-FL-32811","4356 S Kirkman Rd, Apt 514, Orlando, FL 32811",4356 S Kirkman Rd,Apt 514,Orlando,FL,32811,Orange County,28.497165,-81.461768,condo,7670.0,Inactive,205000,2022-10-31T19:23:47.000Z,22,2.0,2.0,1042.0,1997.0,12.230770136157428
"5305-Bamboo-Ct,---515,-Orlando,-FL-32811","5305 Bamboo Ct, # 515, Orlando, FL 32811",5305 Bamboo Ct,# 515,Orlando,FL,32811,Orange County,28.495867,-81.450969,condo,2631.0,Inactive,170000,2022-11-11T01:35:04.000Z,11,2.0,2.5,1285.0,1986.0,12.04355959836804
"5170-Cypress-Creek-Dr,---2,-Orlando,-FL-32811","5170 Cypress Creek Dr, # 2, Orlando, FL 32811",5170 Cypress Creek Dr,# 2,Orlando,FL,32811,Orange County,28.48662,-81.44908,condo,6682.0,Inactive,349900,2022-11-03T13:35:37.000Z,16,3.0,3.0,1580.0,1974.0,12.765405536311112
"4508-Kirkland-Blvd,-Orlando,-FL-32811","4508 Kirkland Blvd, Orlando, FL 32811",4508 Kirkland Blvd,,Orlando,FL,32811,Orange County,28.516109,-81.436522,single_family,7079.0,Inactive,230000,2022-11-08T02:05:24.000Z,11,3.0,2.0,1220.0,1968.0,12.345838935721968
"4494-Weldon-Pl,-Orlando,-FL-32811","4494 Weldon Pl, Orlando, FL 32811",4494 Weldon Pl,,Orlando,FL,32811,Orange County,28.519091,-81.436342,single_family,6600.0,Inactive,249900,2022-09-19T04:43:56.000Z,60,3.0,1.0,1354.0,1967.0,12.428820118415677
"4712-Sutton-Ter,---114C1,-Orlando,-FL-32811","4712 Sutton Ter, # 114C1, Orlando, FL 32811",4712 Sutton Ter,# 114C1,Orlando,FL,32811,Orange County,28.496329,-81.439673,condo,3601.0,Inactive,245000,2022-11-07T21:06:11.000Z,10,2.0,2.0,934.0,1984.0,12.409017571151187
"5475-Vineland-Rd,-Apt-8208,-Orlando,-FL-32811","5475 Vineland Rd, Apt 8208, Orlando, FL 32811",5475 Vineland Rd,Apt 8208,Orlando,FL,32811,Orange County,28.484714,-81.452122,condo,16988.0,Inactive,265000,2022-09-14T20:07:15.000Z,63,3.0,2.0,1318.0,2000.0,12.487488878546145
"5156-Conroy-Rd,-Unit-1138,-Orlando,-FL-32811","5156 Conroy Rd, Unit 1138, Orlando, FL 32811",5156 Conroy Rd,Unit 1138,Orlando,FL,32811,Orange County,28.493785,-81.445578,condo,9989.0,Inactive,220000,2022-06-17T10:52:47.000Z,152,3.0,2.0,1237.0,1988.0,12.301387370778713
"5463-Vineland-Rd,-Apt-5103,-Orlando,-FL-32811","5463 Vineland Rd, Apt 5103, Orlando, FL 32811",5463 Vineland Rd,Apt 5103,Orlando,FL,32811,Orange County,28.486205,-81.452185,condo,12632.0,Inactive,220000,2022-10-17T02:41:06.000Z,30,2.0,2.0,1142.0,2000.0,12.301387370778713
"5457-Bayberry-Homes-Rd,-Orlando,-FL-32811","5457 Bayberry Homes Rd, Orlando, FL 32811",5457 Bayberry Homes Rd,,Orlando,FL,32811,Orange County,28.531689,-81.454103,single_family,5166.0,Inactive,299900,2022-10-29T14:35:21.000Z,18,4.0,2.0,1377.0,1991.0,12.611207699176356
"5112-Conroy-Rd,---24,-Orlando,-FL-32811","5112 Conroy Rd, # 24, Orlando, FL 32811",5112 Conroy Rd,# 24,Orlando,FL,32811,Orange County,28.495773,-81.447098,condo,8770.0,Inactive,165000,2022-10-31T12:17:11.000Z,16,1.0,1.0,711.0,1988.0,12.013706813470414
"4806-Normandy-Pl,---E203,-Orlando,-FL-32811","4806 Normandy Pl, # E203, Orlando, FL 32811",4806 Normandy Pl,# E203,Orlando,FL,32811,Orange County,28.495815,-81.442615,condo,48352.0,Inactive,209900,2022-05-08T17:38:27.000Z,190,2.0,2.0,1080.0,1989.0,12.254391269970792
"4136-Yellow-Pine-Ln,---2,-Orlando,-FL-32811","4136 Yellow Pine Ln, # 2, Orlando, FL 32811",4136 Yellow Pine Ln,# 2,Orlando,FL,32811,Orange County,28.500899,-81.455801,condo,2564.0,Inactive,160000,2022-11-03T20:08:19.000Z,11,2.0,1.5,909.0,1974.0,11.982935344196433
"5132-Conroy-Rd,-Unit-914,-Orlando,-FL-32811","5132 Conroy Rd, Unit 914, Orlando, FL 32811",5132 Conroy Rd,Unit 914,Orlando,FL,32811,Orange County,28.494089,-81.445371,condo,10019.0,Inactive,196000,2022-10-07T17:06:47.000Z,35,2.0,2.0,1028.0,1988.0,12.185875040240456
"5447-Vineland-Rd,-Apt-1209,-Orlando,-FL-32811","5447 Vineland Rd, Apt 1209, Orlando, FL 32811",5447 Vineland Rd,Apt 1209,Orlando,FL,32811,Orange County,28.484214,-81.450672,condo,16553.0,Inactive,250000,2022-05-24T23:34:42.000Z,170,2.0,2.0,1043.0,2000.0,12.429220196836383
"4473-Malibu-St,-Orlando,-FL-32811","4473 Malibu St, Orlando, FL 32811",4473 Malibu St,,Orlando,FL,32811,Orange County,28.536886,-81.436104,single_family,7201.0,Inactive,319500,2022-09-11T02:17:49.000Z,61,4.0,2.0,1254.0,1967.0,12.674515682685282
"5500-Metrowest-Blvd,-Apt-209,-Orlando,-FL-32811","5500 Metrowest Blvd, Apt 209, Orlando, FL 32811",5500 Metrowest Blvd,Apt 209,Orlando,FL,32811,Orange County,28.513002,-81.457514,condo,17424.0,Inactive,150000,2022-10-14T16:30:08.000Z,27,1.0,1.0,786.0,1999.0,11.918397239722838
"5314-Burning-Tree-Dr,---A,-Orlando,-FL-32811","5314 Burning Tree Dr, # A, Orlando, FL 32811",5314 Burning Tree Dr,# A,Orlando,FL,32811,Orange County,28.49165,-81.451985,condo,5348.0,Inactive,142900,2022-10-19T16:17:32.000Z,22,1.0,1.0,1173.0,1973.0,11.869907361794104
"5006-Luna-Negra-Dr,-Orlando,-FL-32811","5006 Luna Negra Dr, Orlando, FL 32811",5006 Luna Negra Dr,,Orlando,FL,32811,Orange County,28.53349,-81.446471,single_family,5740.0,Inactive,275000,2022-06-19T23:39:04.000Z,141,3.0,2.0,1152.0,2005.0,12.524530013005734
"5332-Burning-Tree-Dr,---D,-Orlando,-FL-32811","5332 Burning Tree Dr, # D, Orlando, FL 32811",5332 Burning Tree Dr,# D,Orlando,FL,32811,Orange County,28.491257,-81.452395,condo,7300.0,Inactive,145000,2022-10-13T13:06:20.000Z,26,2.0,2.0,1123.0,1973.0,11.884495917930655
"4293-Booker-St-S,-Orlando,-FL-32811","4293 Booker St S, Orlando, FL 32811",4293 Booker St S,,Orlando,FL,32811,Orange County,28.525411,-81.432052,single_family,13939.0,Inactive,350000,2022-10-29T03:30:14.000Z,9,3.0,2.5,2508.0,1995.0,12.765691290604371
"3325-S-Kirkman-Rd,-Apt-411,-Orlando,-FL-32811","3325 S Kirkman Rd, Apt 411, Orlando, FL 32811",3325 S Kirkman Rd,Apt 411,Orlando,FL,32811,Orange County,28.508028,-81.457119,condo,12632.0,Inactive,238000,2022-09-08T21:29:48.000Z,57,2.0,2.0,1141.0,1999.0,12.380030154325457
"4809-Normandy-Pl,---103,-Orlando,-FL-32811","4809 Normandy Pl, # 103, Orlando, FL 32811",4809 Normandy Pl,# 103,Orlando,FL,32811,Orange County,28.496464,-81.443106,condo,7035.0,Inactive,189000,2022-08-24T19:06:44.000Z,71,2.0,2.0,1080.0,1988.0,12.149507585033072
"4746-Kirkland-Blvd,-Orlando,-FL-32811","4746 Kirkland Blvd, Orlando, FL 32811",4746 Kirkland Blvd,,Orlando,FL,32811,Orange County,28.516075,-81.440991,single_family,6728.0,Inactive,225000,2022-10-19T20:08:04.000Z,14,4.0,1.5,1252.0,1970.0,12.323860125621126
"4979-Longmeadow-Park-St,-Orlando,-FL-32811","4979 Longmeadow Park St, Orlando, FL 32811",4979 Longmeadow Park St,,Orlando,FL,32811,Orange County,28.492602,-81.447372,single_family,5499.0,Inactive,459900,2022-07-26T19:42:04.000Z,96,3.0,2.0,1788.0,2014.0,13.038766527911386
"5120-Longmeadow-Park-St,-Orlando,-FL-32811","5120 Longmeadow Park St, Orlando, FL 32811",5120 Longmeadow Park St,,Orlando,FL,32811,Orange County,28.490454,-81.447848,single_family,5250.0,Inactive,630000,2022-05-19T14:15:21.000Z,164,4.0,2.5,2979.0,2014.0,13.353476685668044
"4834-Selbe-Ct,-Orlando,-FL-32811","4834 Selbe Ct, Orlando, FL 32811",4834 Selbe Ct,,Orlando,FL,32811,Orange County,28.524764,-81.444739,single_family,6970.0,Inactive,235000,2022-08-17T21:08:01.000Z,72,3.0,1.0,1074.0,1970.0,12.367345048436391
"5578-Metrowest-Blvd,---1-212,-Orlando,-FL-32811","5578 Metrowest Blvd, # 1-212, Orlando, FL 32811",5578 Metrowest Blvd,# 1-212,Orlando,FL,32811,Orange County,28.512564,-81.458005,condo,17424.0,Inactive,225000,2022-09-01T02:23:11.000Z,58,3.0,2.0,1362.0,1999.0,12.323860125621126
"5156-Conroy-Rd,---24,-Orlando,-FL-32811","5156 Conroy Rd, # 24, Orlando, FL 32811",5156 Conroy Rd,# 24,Orlando,FL,32811,Orange County,28.493664,-81.44552,condo,9989.0,Inactive,200000,2022-09-12T16:35:55.000Z,46,2.0,2.0,1028.0,1988.0,12.206077645517674
"4312-S-Kirkman-Rd,---1,-Orlando,-FL-32811","4312 S Kirkman Rd, # 1, Orlando, FL 32811",4312 S Kirkman Rd,# 1,Orlando,FL,32811,Orange County,28.498439,-81.460816,condo,7671.0,Inactive,162700,2022-09-14T17:37:12.000Z,43,1.0,1.0,779.0,1997.0,11.999669439469741
"5554-Metrowest-Blvd,-Apt-307,-Orlando,-FL-32811","5554 Metrowest Blvd, Apt 307, Orlando, FL 32811",5554 Metrowest Blvd,Apt 307,Orlando,FL,32811,Orange County,28.510861,-81.457403,condo,18731.0,Inactive,195000,2022-06-30T21:44:27.000Z,118,2.0,2.0,1073.0,1999.0,12.180759965737863
"4860-Marks-Ter,---406B1,-Orlando,-FL-32811","4860 Marks Ter, # 406B1, Orlando, FL 32811",4860 Marks Ter,# 406B1,Orlando,FL,32811,Orange County,28.496666,-81.444028,condo,5386.0,Inactive,210000,2022-10-15T02:11:29.000Z,12,2.0,2.0,860.0,1984.0,12.25486757159303
"5475-Vineland-Rd,-Apt-8113,-Orlando,-FL-32811","5475 Vineland Rd, Apt 8113, Orlando, FL 32811",5475 Vineland Rd,Apt 8113,Orlando,FL,32811,Orange County,28.484714,-81.452122,condo,16988.0,Inactive,255000,2022-08-04T19:43:18.000Z,81,3.0,2.0,1232.0,2000.0,12.449022745701502
"5328-Brook-Ct,---204,-Orlando,-FL-32811","5328 Brook Ct, # 204, Orlando, FL 32811",5328 Brook Ct,# 204,Orlando,FL,32811,Orange County,28.498936,-81.452543,condo,2559.0,Inactive,279900,2022-08-25T03:06:31.000Z,61,2.0,2.5,1285.0,1985.0,12.5421912482017
"4053-Columbia-St,-Orlando,-FL-32811","4053 Columbia St, Orlando, FL 32811",4053 Columbia St,,Orlando,FL,32811,Orange County,28.527286,-81.427358,single_family,6300.0,Inactive,215000,2022-10-11T14:48:27.000Z,13,3.0,2.0,1360.0,1965.0,12.278397958261774
"3355-S-Kirkman-Rd,-Apt-1326,-Orlando,-FL-32811","3355 S Kirkman Rd, Apt 1326, Orlando, FL 32811",3355 S Kirkman Rd,Apt 1326,Orlando,FL,32811,Orange County,28.506178,-81.457616,condo,14375.0,Inactive,225000,2022-10-05T03:47:46.000Z,16,2.0,2.0,1212.0,1999.0,12.323860125621126
"1651-Messina-Ave,-Orlando,-FL-32811","1651 Messina Ave, Orlando, FL 32811",1651 Messina Ave,,Orlando,FL,32811,Orange County,28.522139,-81.441302,single_family,6811.0,Inactive,255000,2022-09-22T16:18:29.000Z,26,3.0,2.0,1113.0,1971.0,12.449022745701502
"4352-S-Kirkman-Rd,-Apt-1201,-Orlando,-FL-32811","4352 S Kirkman Rd, Apt 1201, Orlando, FL 32811",4352 S Kirkman Rd,Apt 1201,Orlando,FL,32811,Orange County,28.498083,-81.461513,condo,43560.0,Inactive,213000,2022-09-08T20:47:33.000Z,39,2.0,2.0,996.0,1997.0,12.269052139516223
"356-Fanfair-Ave,-Orlando,-FL-32811","356 Fanfair Ave, Orlando, FL 32811",356 Fanfair Ave,,Orlando,FL,32811,Orange County,28.53824,-81.436571,single_family,6400.0,Inactive,200000,2022-10-07T21:07:49.000Z,10,4.0,2.0,1520.0,1967.0,12.206077645517674
"5152-Conroy-Rd,---35,-Orlando,-FL-32811","5152 Conroy Rd, # 35, Orlando, FL 32811",5152 Conroy Rd,# 35,Orlando,FL,32811,Orange County,28.493566,-81.445987,condo,6711.0,Inactive,169900,2022-07-11T16:58:55.000Z,96,1.0,1.0,597.0,1988.0,12.042971193457888
"2189-Liston-Ct,-Orlando,-FL-32811","2189 Liston Ct, Orlando, FL 32811",2189 Liston Ct,,Orlando,FL,32811,Orange County,28.516963,-81.427318,single_family,9567.0,Inactive,299990,2022-08-25T22:11:04.000Z,51,4.0,2.0,1500.0,1969.0,12.611507753188329
"2071-Liston-Ct,-Orlando,-FL-32811","2071 Liston Ct, Orlando, FL 32811",2071 Liston Ct,,Orlando,FL,32811,Orange County,28.518374,-81.427226,single_family,6601.0,Inactive,199000,2022-10-03T18:30:19.000Z,10,4.0,1.5,1300.0,1969.0,12.201065128819632
"5124-Conroy-Rd,---13,-Orlando,-FL-32811","5124 Conroy Rd, # 13, Orlando, FL 32811",5124 Conroy Rd,# 13,Orlando,FL,32811,Orange County,28.494824,-81.445831,condo,8645.0,Inactive,145000,2022-08-29T22:06:45.000Z,44,1.0,1.0,711.0,1988.0,11.884495917930655
"5124-Conroy-Rd,---36,-Orlando,-FL-32811","5124 Conroy Rd, # 36, Orlando, FL 32811",5124 Conroy Rd,# 36,Orlando,FL,32811,Orange County,28.494824,-81.445831,condo,8645.0,Inactive,159900,2022-08-31T19:07:45.000Z,42,1.0,1.0,711.0,1988.0,11.982310152711182
"5156-Conroy-Rd,-Unit-1131,-Orlando,-FL-32811","5156 Conroy Rd, Unit 1131, Orlando, FL 32811",5156 Conroy Rd,Unit 1131,Orlando,FL,32811,Orange County,28.493785,-81.445578,condo,9989.0,Inactive,225000,2022-09-02T13:35:50.000Z,41,3.0,2.0,1237.0,1988.0,12.323860125621126
"4954-Lescot-Ln,-Orlando,-FL-32811","4954 Lescot Ln, Orlando, FL 32811",4954 Lescot Ln,,Orlando,FL,32811,Orange County,28.524238,-81.445879,single_family,10019.0,Inactive,279000,2022-06-23T22:03:08.000Z,110,6.0,2.0,2184.0,1971.0,12.53897064502647
"4951-Millennia-Green-Dr,-Orlando,-FL-32811","4951 Millennia Green Dr, Orlando, FL 32811",4951 Millennia Green Dr,,Orlando,FL,32811,Orange County,28.487556,-81.445919,single_family,5649.0,Inactive,649000,2022-08-15T21:28:57.000Z,57,4.0,2.5,3002.0,2013.0,13.38318953651709
"5161-Creekside-Park-Ave,-Orlando,-FL-32811","5161 Creekside Park Ave, Orlando, FL 32811",5161 Creekside Park Ave,,Orlando,FL,32811,Orange County,28.486501,-81.44675,single_family,4876.0,Inactive,500000,2022-07-27T18:07:07.000Z,74,4.0,2.5,2419.0,2013.0,13.122365377402328
"4764-Walden-Cir,---27,-Orlando,-FL-32811","4764 Walden Cir, # 27, Orlando, FL 32811",4764 Walden Cir,# 27,Orlando,FL,32811,Orange County,28.489902,-81.440674,condo,6918.0,Inactive,163000,2022-09-18T16:05:36.000Z,20,2.0,2.0,1020.0,1988.0,12.001511614739405
"4364-S-Kirkman-Rd,-Apt-309,-Orlando,-FL-32811","4364 S Kirkman Rd, Apt 309, Orlando, FL 32811",4364 S Kirkman Rd,Apt 309,Orlando,FL,32811,Orange County,28.49759,-81.460999,condo,7671.0,Inactive,205000,2022-09-15T22:23:17.000Z,22,2.0,2.0,996.0,1997.0,12.230770136157428
"5233-Dove-Tree-St,-Orlando,-FL-32811","5233 Dove Tree St, Orlando, FL 32811",5233 Dove Tree St,,Orlando,FL,32811,Orange County,28.490521,-81.450224,single_family,5376.0,Inactive,599000,2022-09-01T17:42:29.000Z,34,5.0,3.0,2102.0,2014.0,13.303018546545275
"5419-Seedling-Ln,-Orlando,-FL-32811","5419 Seedling Ln, Orlando, FL 32811",5419 Seedling Ln,,Orlando,FL,32811,Orange County,28.533848,-81.452651,single_family,4209.0,Inactive,268000,2022-08-11T21:06:52.000Z,54,3.0,2.0,1151.0,1992.0,12.498745990829315
"5475-Vineland-Rd,-Apt-8309,-Orlando,-FL-32811","5475 Vineland Rd, Apt 8309, Orlando, FL 32811",5475 Vineland Rd,Apt 8309,Orlando,FL,32811,Orange County,28.484714,-81.452122,condo,16988.0,Inactive,240000,2022-09-15T19:18:39.000Z,19,2.0,2.0,1043.0,2000.0,12.388398368982115
"4655-Cason-Cove-Dr,-Apt-2821,-Orlando,-FL-32811","4655 Cason Cove Dr, Apt 2821, Orlando, FL 32811",4655 Cason Cove Dr,Apt 2821,Orlando,FL,32811,Orange County,28.498794,-81.439671,condo,5011.0,Inactive,168000,2022-09-15T17:42:25.000Z,18,2.0,2.0,1000.0,1988.0,12.031725210748633
"4897-Cypress-Woods-Dr,-Apt-6210,-Orlando,-FL-32811","4897 Cypress Woods Dr, Apt 6210, Orlando, FL 32811",4897 Cypress Woods Dr,Apt 6210,Orlando,FL,32811,Orange County,28.492574,-81.4513,condo,24394.0,Inactive,278000,2022-08-20T21:11:06.000Z,43,3.0,2.0,1351.0,2001.0,12.535379989788607
"4269-Lake-Richmond-Dr,-Orlando,-FL-32811","4269 Lake Richmond Dr, Orlando, FL 32811",4269 Lake Richmond Dr,,Orlando,FL,32811,Orange County,28.510936,-81.432859,single_family,46609.0,Inactive,245000,2022-09-23T14:17:53.000Z,10,3.0,1.0,1027.0,1969.0,12.409017571151187
"4525-King-Cole-Blvd,-Orlando,-FL-32811","4525 King Cole Blvd, Orlando, FL 32811",4525 King Cole Blvd,,Orlando,FL,32811,Orange County,28.51881,-81.436955,single_family,6600.0,Inactive,285000,2022-09-16T15:07:00.000Z,15,3.0,2.0,1234.0,1967.0,12.560247968016562
"4352-S-Kirkman-Rd,-Apt-1206,-Orlando,-FL-32811","4352 S Kirkman Rd, Apt 1206, Orlando, FL 32811",4352 S Kirkman Rd,Apt 1206,Orlando,FL,32811,Orange County,28.497957,-81.461362,condo,9965.0,Inactive,195000,2022-09-16T17:11:47.000Z,14,2.0,2.0,1042.0,1997.0,12.180759965737863
"5319-Creekside-Park-Ave,-Orlando,-FL-32811","5319 Creekside Park Ave, Orlando, FL 32811",5319 Creekside Park Ave,,Orlando,FL,32811,Orange County,28.484961,-81.445404,single_family,3598.0,Inactive,519000,2022-09-10T14:29:29.000Z,20,4.0,2.5,2345.0,2013.0,13.159661088928443
"4364-S-Kirkman-Rd,---3,-Orlando,-FL-32811","4364 S Kirkman Rd, # 3, Orlando, FL 32811",4364 S Kirkman Rd,# 3,Orlando,FL,32811,Orange County,28.497558,-81.460961,condo,7671.0,Inactive,205000,2022-09-15T22:23:17.000Z,13,2.0,2.0,996.0,1997.0,12.230770136157428
"4837-Walden-Cir,---11,-Orlando,-FL-32811","4837 Walden Cir, # 11, Orlando, FL 32811",4837 Walden Cir,# 11,Orlando,FL,32811,Orange County,28.48865,-81.444139,condo,6367.0,Inactive,279000,2022-07-01T18:20:15.000Z,88,2.0,2.5,1228.0,1987.0,12.53897064502647
"5351-Bamboo-Ct,-Unit-413,-Orlando,-FL-32811","5351 Bamboo Ct, Unit 413, Orlando, FL 32811",5351 Bamboo Ct,Unit 413,Orlando,FL,32811,Orange County,28.496974,-81.452082,townhouse,2614.0,Inactive,259700,2022-07-28T05:45:41.000Z,62,2.0,2.5,1285.0,1986.0,12.467286248240269
"5351-Bamboo-Ct,---413,-Orlando,-FL-32811","5351 Bamboo Ct, # 413, Orlando, FL 32811",5351 Bamboo Ct,# 413,Orlando,FL,32811,Orange County,28.496974,-81.452082,condo,2608.0,Inactive,259700,2022-08-04T19:42:11.000Z,54,2.0,2.5,1285.0,1986.0,12.467286248240269
"4623-Cypress-St,-Orlando,-FL-32811","4623 Cypress St, Orlando, FL 32811",4623 Cypress St,,Orlando,FL,32811,Orange County,28.531843,-81.439344,single_family,6813.0,Inactive,339000,2022-08-10T13:47:10.000Z,48,3.0,3.0,1486.0,2022.0,12.733758336210744
"1955-Aaron-Ave,-Orlando,-FL-32811","1955 Aaron Ave, Orlando, FL 32811",1955 Aaron Ave,,Orlando,FL,32811,Orange County,28.519319,-81.431979,single_family,6600.0,Inactive,219000,2022-09-11T16:47:12.000Z,15,3.0,1.0,1020.0,1964.0,12.296831574998258
"5297-Willow-Ct,---523,-Orlando,-FL-32811","5297 Willow Ct, # 523, Orlando, FL 32811",5297 Willow Ct,# 523,Orlando,FL,32811,Orange County,28.495439,-81.450379,condo,2631.0,Inactive,260000,2022-09-16T05:11:03.000Z,11,2.0,2.5,1285.0,1986.0,12.468440756144114
"5124-Conroy-Rd,---24,-Orlando,-FL-32811","5124 Conroy Rd, # 24, Orlando, FL 32811",5124 Conroy Rd,# 24,Orlando,FL,32811,Orange County,28.494824,-81.445831,condo,8645.0,Inactive,160000,2022-07-29T20:29:48.000Z,58,1.0,1.0,711.0,1988.0,11.982935344196433
"4123-Lenox-Blvd,-Orlando,-FL-32811","4123 Lenox Blvd, Orlando, FL 32811",4123 Lenox Blvd,,Orlando,FL,32811,Orange County,28.528954,-81.429529,single_family,22216.0,Inactive,460000,2022-01-19T20:19:02.000Z,246,4.0,2.0,1674.0,2022.0,13.038983942375959
"4833-Cypress-Woods-Dr,-Apt-4107,-Orlando,-FL-32811","4833 Cypress Woods Dr, Apt 4107, Orlando, FL 32811",4833 Cypress Woods Dr,Apt 4107,Orlando,FL,32811,Orange County,28.492899,-81.451607,condo,24394.0,Inactive,259900,2022-07-31T16:05:33.000Z,53,2.0,2.0,1186.0,2001.0,12.468056068255885
"5558-Slash-Pine-Ct,---1,-Orlando,-FL-32811","5558 Slash Pine Ct, # 1, Orlando, FL 32811",5558 Slash Pine Ct,# 1,Orlando,FL,32811,Orange County,28.499738,-81.456299,condo,2564.0,Inactive,185000,2022-08-12T15:41:46.000Z,41,2.0,1.0,816.0,1974.0,12.128116509451258
"5041-Dove-Tree-St,-Orlando,-FL-32811","5041 Dove Tree St, Orlando, FL 32811",5041 Dove Tree St,,Orlando,FL,32811,Orange County,28.49304,-81.448222,single_family,6152.0,Inactive,615000,2022-08-08T23:22:56.000Z,44,5.0,3.5,2983.0,2015.0,13.329379172803593
"4669-Vargas-St,-Orlando,-FL-32811","4669 Vargas St, Orlando, FL 32811",4669 Vargas St,,Orlando,FL,32811,Orange County,28.515346,-81.439866,single_family,6699.0,Inactive,307000,2022-08-11T20:29:56.000Z,41,4.0,2.0,1617.0,1972.0,12.634606283893019
"4316-Clarinda-St,-Orlando,-FL-32811","4316 Clarinda St, Orlando, FL 32811",4316 Clarinda St,,Orlando,FL,32811,Orange County,28.542776,-81.432832,single_family,9583.0,Inactive,159000,2022-08-26T21:28:40.000Z,26,3.0,1.0,956.0,1969.0,11.976665770490767
"5164-Conroy-Rd,-Unit-1536,-Orlando,-FL-32811","5164 Conroy Rd, Unit 1536, Orlando, FL 32811",5164 Conroy Rd,Unit 1536,Orlando,FL,32811,Orange County,28.494356,-81.446166,condo,8516.0,Inactive,162500,2022-07-09T00:32:44.000Z,73,1.0,1.0,711.0,1988.0,11.998439434579149
"4422-America-St,-Orlando,-FL-32811","4422 America St, Orlando, FL 32811",4422 America St,,Orlando,FL,32811,Orange County,28.533179,-81.435444,single_family,6863.0,Inactive,319000,2022-07-05T15:03:49.000Z,72,3.0,2.5,1262.0,2022.0,12.672949516558306
"5331-Vineland-Rd,---E206,-Orlando,-FL-32811","5331 Vineland Rd, # E206, Orlando, FL 32811",5331 Vineland Rd,# E206,Orlando,FL,32811,Orange County,28.483525,-81.446734,condo,7165.0,Inactive,235000,2022-07-12T22:52:02.000Z,65,2.0,2.0,1048.0,1986.0,12.367345048436391
"4752-Walden-Cir-Walden-Cir,---11,-Orlando,-FL-32811","4752 Walden Cir Walden Cir, # 11, Orlando, FL 32811",4752 Walden Cir Walden Cir,# 11,Orlando,FL,32811,Orange County,28.489468,-81.441661,condo,7035.0,Inactive,189000,2022-08-18T16:23:18.000Z,28,2.0,2.0,1020.0,1988.0,12.149507585033072
"5164-Conroy-Rd,-Unit-1521,-Orlando,-FL-32811","5164 Conroy Rd, Unit 1521, Orlando, FL 32811",5164 Conroy Rd,Unit 1521,Orlando,FL,32811,Orange County,28.494356,-81.446166,condo,7035.0,Inactive,194000,2022-09-02T04:47:51.000Z,14,2.0,2.0,988.0,1988.0,12.175618592671356
"5286-Coral-Ct,---619,-Orlando,-FL-32811","5286 Coral Ct, # 619, Orlando, FL 32811",5286 Coral Ct,# 619,Orlando,FL,32811,Orange County,28.495928,-81.449506,condo,2631.0,Inactive,215000,2022-09-06T01:47:06.000Z,10,2.0,2.5,1285.0,1986.0,12.278397958261774
"4736-Walden-Cir,---31,-Orlando,-FL-32811","4736 Walden Cir, # 31, Orlando, FL 32811",4736 Walden Cir,# 31,Orlando,FL,32811,Orange County,28.490154,-81.443572,condo,5275.0,Inactive,118000,2022-09-02T17:06:21.000Z,12,1.0,1.0,560.0,1988.0,11.678448377988165
"4205-Kirkland-Blvd,-Orlando,-FL-32811","4205 Kirkland Blvd, Orlando, FL 32811",4205 Kirkland Blvd,,Orlando,FL,32811,Orange County,28.516659,-81.43035,single_family,7129.0,Inactive,190000,2022-08-17T14:35:29.000Z,23,3.0,1.0,1020.0,1963.0,12.154784614286667
"111-Murry-Dr,-Orlando,-FL-32811","111 Murry Dr, Orlando, FL 32811",111 Murry Dr,,Orlando,FL,32811,Orange County,28.541424,-81.452216,single_family,11326.0,Inactive,299900,2022-08-22T16:06:36.000Z,16,3.0,2.0,1194.0,1959.0,12.611207699176356
"4190-Gaither-St,-Orlando,-FL-32811","4190 Gaither St, Orlando, FL 32811",4190 Gaither St,,Orlando,FL,32811,Orange County,28.518377,-81.430167,single_family,6600.0,Inactive,260000,2022-06-17T23:42:40.000Z,81,3.0,2.0,1611.0,1965.0,12.468440756144114
"863-Willie-Mays-Pkwy,-Orlando,-FL-32811","863 Willie Mays Pkwy, Orlando, FL 32811",863 Willie Mays Pkwy,,Orlando,FL,32811,Orange County,28.530985,-81.438136,single_family,7520.0,Inactive,289990,2022-07-05T21:07:30.000Z,63,3.0,2.0,1560.0,1930.0,12.57760516699832
"5124-Conroy-Rd,-Unit-625,-Orlando,-FL-32811","5124 Conroy Rd, Unit 625, Orlando, FL 32811",5124 Conroy Rd,Unit 625,Orlando,FL,32811,Orange County,28.494857,-81.445947,condo,8645.0,Inactive,164999,2022-07-22T04:42:33.000Z,47,1.0,1.0,711.0,1988.0,12.013700752882718
"4720-Walden-Cir,---23,-Orlando,-FL-32811","4720 Walden Cir, # 23, Orlando, FL 32811",4720 Walden Cir,# 23,Orlando,FL,32811,Orange County,28.490975,-81.444024,condo,8569.0,Inactive,158000,2022-08-25T18:06:29.000Z,12,2.0,2.0,1020.0,1988.0,11.970356641102999
"4803-Walden-Cir,---81,-Orlando,-FL-32811","4803 Walden Cir, # 81, Orlando, FL 32811",4803 Walden Cir,# 81,Orlando,FL,32811,Orange County,28.489039,-81.443839,townhouse,5115.0,Inactive,225000,2022-06-08T07:51:10.000Z,90,2.0,2.5,1228.0,1987.0,12.323860125621126
"4944-Longmeadow-Park-St,-Orlando,-FL-32811","4944 Longmeadow Park St, Orlando, FL 32811",4944 Longmeadow Park St,,Orlando,FL,32811,Orange County,28.493277,-81.44696,single_family,7113.0,Inactive,539000,2022-07-19T19:06:03.000Z,48,3.0,2.0,1778.0,2015.0,13.197472705176983
"2911-Grandola-Dr,-Orlando,-FL-32811","2911 Grandola Dr, Orlando, FL 32811",2911 Grandola Dr,,Orlando,FL,32811,Orange County,28.512539,-81.435418,single_family,43560.0,Inactive,299999,2022-08-01T18:06:12.000Z,35,3.0,1.5,1208.0,1974.0,12.611537753638338
"4732-Walden-Cir,---34,-Orlando,-FL-32811","4732 Walden Cir, # 34, Orlando, FL 32811",4732 Walden Cir,# 34,Orlando,FL,32811,Orange County,28.490254,-81.444232,condo,8609.0,Inactive,159900,2022-08-25T02:28:57.000Z,12,2.0,2.0,956.0,1988.0,11.982310152711182
"4664-Silver-Birch-Way,-Orlando,-FL-32811","4664 Silver Birch Way, Orlando, FL 32811",4664 Silver Birch Way,,Orlando,FL,32811,Orange County,28.490725,-81.449206,single_family,4928.0,Inactive,579000,2022-07-20T15:35:22.000Z,46,3.0,2.5,2065.0,2014.0,13.269059483669357
"4804-Normandy-Pl-E,---E103,-Orlando,-FL-32811","4804 Normandy Pl E, # E103, Orlando, FL 32811",4804 Normandy Pl E,# E103,Orlando,FL,32811,Orange County,28.495815,-81.442615,condo,5078.0,Inactive,243500,2022-05-17T15:23:00.000Z,110,2.0,2.0,1080.0,1989.0,12.40287632827253
"5548-Metrowest-Blvd,---6-203,-Orlando,-FL-32811","5548 Metrowest Blvd, # 6-203, Orlando, FL 32811",5548 Metrowest Blvd,# 6-203,Orlando,FL,32811,Orange County,28.511238,-81.456696,single_family,18295.0,Inactive,219000,2022-04-21T20:07:36.000Z,134,2.0,2.0,1126.0,1999.0,12.296831574998258
"5156-Lescot-Ln,-Orlando,-FL-32811","5156 Lescot Ln, Orlando, FL 32811",5156 Lescot Ln,,Orlando,FL,32811,Orange County,28.523767,-81.447447,single_family,12197.0,Inactive,219000,2022-06-27T12:04:31.000Z,68,3.0,2.0,1045.0,1971.0,12.296831574998258
"4528-Conley-St,-Orlando,-FL-32811","4528 Conley St, Orlando, FL 32811",4528 Conley St,,Orlando,FL,32811,Orange County,28.532357,-81.437686,single_family,6534.0,Inactive,325000,2022-07-26T19:06:31.000Z,38,4.0,2.0,1547.0,2022.0,12.691583538230217
"2618-E-Santana-Ave,-Orlando,-FL-32811","2618 E Santana Ave, Orlando, FL 32811",2618 E Santana Ave,,Orlando,FL,32811,Orange County,28.51403,-81.440959,single_family,7574.0,Inactive,279900,2022-08-16T22:10:58.000Z,17,4.0,2.0,1663.0,1980.0,12.5421912482017
"4817-Cypress-Woods-Dr,-Apt-5308,-Orlando,-FL-32811","4817 Cypress Woods Dr, Apt 5308, Orlando, FL 32811",4817 Cypress Woods Dr,Apt 5308,Orlando,FL,32811,Orange County,28.49309,-81.45089,condo,16553.0,Inactive,300000,2022-06-23T13:36:50.000Z,71,3.0,2.0,1405.0,2001.0,12.611541086966115
"4732-Walden-Cir,---32,-Orlando,-FL-32811","4732 Walden Cir, # 32, Orlando, FL 32811",4732 Walden Cir,# 32,Orlando,FL,32811,Orange County,28.490254,-81.444232,condo,8609.0,Inactive,160000,2022-07-14T19:24:03.000Z,48,3.0,2.0,1111.0,1988.0,11.982935344196433
"4356-S-Kirkman-Rd,-Apt-512,-Orlando,-FL-32811","4356 S Kirkman Rd, Apt 512, Orlando, FL 32811",4356 S Kirkman Rd,Apt 512,Orlando,FL,32811,Orange County,28.497197,-81.461754,condo,7670.0,Inactive,218990,2022-07-07T23:38:43.000Z,54,2.0,2.0,1042.0,1997.0,12.296785912063768
"1978-Willie-Mays-Pkwy,-Orlando,-FL-32811","1978 Willie Mays Pkwy, Orlando, FL 32811",1978 Willie Mays Pkwy,,Orlando,FL,32811,Orange County,28.518954,-81.43826,single_family,6764.0,Inactive,245000,2022-07-15T18:30:08.000Z,46,3.0,1.0,978.0,1967.0,12.409017571151187
"4915-Walden-Cir,---39,-Orlando,-FL-32811","4915 Walden Cir, # 39, Orlando, FL 32811",4915 Walden Cir,# 39,Orlando,FL,32811,Orange County,28.488077,-81.44265,townhouse,28314.0,Inactive,230000,2022-08-01T16:36:32.000Z,29,2.0,2.5,1228.0,1986.0,12.345838935721968
"5252-Middle-Ct,---103,-Orlando,-FL-32811","5252 Middle Ct, # 103, Orlando, FL 32811",5252 Middle Ct,# 103,Orlando,FL,32811,Orange County,28.498347,-81.450431,condo,2565.0,Inactive,234000,2022-08-13T18:06:25.000Z,17,2.0,2.5,1285.0,1984.0,12.36308066783498
"4756-Walden-Cir,---24,-Orlando,-FL-32811","4756 Walden Cir, # 24, Orlando, FL 32811",4756 Walden Cir,# 24,Orlando,FL,32811,Orange County,28.489398,-81.44113,condo,6862.0,Inactive,139900,2022-08-17T14:07:39.000Z,14,1.0,1.0,760.0,1988.0,11.848690308590857
"5395-Vineland-Rd,---5F,-Orlando,-FL-32811","5395 Vineland Rd, # 5F, Orlando, FL 32811",5395 Vineland Rd,# 5F,Orlando,FL,32811,Orange County,28.483902,-81.448738,condo,7035.0,Inactive,228000,2022-06-11T16:32:11.000Z,79,2.0,2.0,1139.0,1982.0,12.337105293891872
"4712-Walden-Cir,---25,-Orlando,-FL-32811","4712 Walden Cir, # 25, Orlando, FL 32811",4712 Walden Cir,# 25,Orlando,FL,32811,Orange County,28.490643,-81.442797,condo,6327.0,Inactive,130000,2022-08-18T23:35:44.000Z,11,1.0,1.0,560.0,1988.0,11.775297421715827
"4973-Creekside-Park-Ave,-Orlando,-FL-32811","4973 Creekside Park Ave, Orlando, FL 32811",4973 Creekside Park Ave,,Orlando,FL,32811,Orange County,28.488272,-81.448129,single_family,3639.0,Inactive,499000,2022-06-21T18:54:42.000Z,65,4.0,2.5,2050.0,2013.0,13.120363378739663
"4127-Lenox-Blvd,-Orlando,-FL-32811","4127 Lenox Blvd, Orlando, FL 32811",4127 Lenox Blvd,,Orlando,FL,32811,Orange County,28.5291,-81.429323,single_family,10454.0,Inactive,374999,2022-08-04T19:42:11.000Z,20,4.0,3.0,2500.0,1962.0,12.834681304952548
"4234-Prince-Hall-Blvd,-Orlando,-FL-32811","4234 Prince Hall Blvd, Orlando, FL 32811",4234 Prince Hall Blvd,,Orlando,FL,32811,Orange County,28.51197,-81.431303,single_family,8252.0,Inactive,309000,2022-06-21T21:58:21.000Z,64,5.0,2.0,1922.0,1968.0,12.6410997921206
"4178-Prince-Hall-Blvd,-Orlando,-FL-32811","4178 Prince Hall Blvd, Orlando, FL 32811",4178 Prince Hall Blvd,,Orlando,FL,32811,Orange County,28.511735,-81.429839,single_family,7507.0,Inactive,279000,2022-07-28T15:23:39.000Z,27,2.0,1.5,1020.0,1968.0,12.53897064502647
"5156-Conroy-Rd,---36,-Orlando,-FL-32811","5156 Conroy Rd, # 36, Orlando, FL 32811",5156 Conroy Rd,# 36,Orlando,FL,32811,Orange County,28.493664,-81.44552,condo,9989.0,Inactive,196000,2022-07-28T17:13:07.000Z,27,2.0,2.0,1028.0,1988.0,12.185875040240456
"4704-Walden-Cir,---12,-Orlando,-FL-32811","4704 Walden Cir, # 12, Orlando, FL 32811",4704 Walden Cir,# 12,Orlando,FL,32811,Orange County,28.490642,-81.441408,condo,6348.0,Inactive,159900,2022-08-10T22:29:15.000Z,9,2.0,2.0,956.0,1988.0,11.982310152711182
"5530-Metrowest-Blvd,-Apt-309,-Orlando,-FL-32811","5530 Metrowest Blvd, Apt 309, Orlando, FL 32811",5530 Metrowest Blvd,Apt 309,Orlando,FL,32811,Orange County,28.512412,-81.456626,condo,18295.0,Inactive,198900,2022-03-16T01:58:22.000Z,156,2.0,2.0,1159.0,1999.0,12.200562492481511
"5124-Conroy-Rd,---34,-Orlando,-FL-32811","5124 Conroy Rd, # 34, Orlando, FL 32811",5124 Conroy Rd,# 34,Orlando,FL,32811,Orange County,28.494824,-81.445831,condo,8645.0,Inactive,159900,2022-05-13T00:13:27.000Z,98,1.0,1.0,711.0,1988.0,11.982310152711182
"4410-Pinebark-Ave,---2,-Orlando,-FL-32811","4410 Pinebark Ave, # 2, Orlando, FL 32811",4410 Pinebark Ave,# 2,Orlando,FL,32811,Orange County,28.498686,-81.456661,condo,2564.0,Inactive,220000,2022-07-30T21:05:25.000Z,18,2.0,2.0,980.0,1983.0,12.301387370778713
"5436-Eugenia-Ct,-Orlando,-FL-32811","5436 Eugenia Ct, Orlando, FL 32811",5436 Eugenia Ct,,Orlando,FL,32811,Orange County,28.525529,-81.453295,single_family,7695.0,Inactive,245000,2022-07-14T20:11:38.000Z,33,3.0,1.5,1142.0,1973.0,12.409017571151187
"4670-Pembrook-Pl,---J,-Orlando,-FL-32811","4670 Pembrook Pl, # J, Orlando, FL 32811",4670 Pembrook Pl,# J,Orlando,FL,32811,Orange County,28.494582,-81.441228,condo,5665.0,Inactive,230000,2022-07-29T16:47:33.000Z,18,2.0,2.0,1080.0,1989.0,12.345838935721968
"4112-Yellow-Pine-Ln,---2,-Orlando,-FL-32811","4112 Yellow Pine Ln, # 2, Orlando, FL 32811",4112 Yellow Pine Ln,# 2,Orlando,FL,32811,Orange County,28.500581,-81.456056,condo,2564.0,Inactive,219000,2022-08-04T19:42:11.000Z,11,2.0,1.5,909.0,1974.0,12.296831574998258
"4084-Gay-Nell-Ct,-Orlando,-FL-32811","4084 Gay Nell Ct, Orlando, FL 32811",4084 Gay Nell Ct,,Orlando,FL,32811,Orange County,28.522673,-81.427761,single_family,6379.0,Inactive,195000,2022-06-22T20:25:02.000Z,53,3.0,2.0,1278.0,1962.0,12.180759965737863
"4835-Lanette-St,-Orlando,-FL-32811","4835 Lanette St, Orlando, FL 32811",4835 Lanette St,,Orlando,FL,32811,Orange County,28.527546,-81.444271,single_family,6805.0,Inactive,83000,2020-12-13T11:54:56.178Z,610,3.0,1.5,960.0,1970.0,11.326607934898927
"5572-Metrowest-Blvd,-Apt-205,-Orlando,-FL-32811","5572 Metrowest Blvd, Apt 205, Orlando, FL 32811",5572 Metrowest Blvd,Apt 205,Orlando,FL,32811,Orange County,28.511785,-81.45732,condo,18295.0,Inactive,115000,2022-01-07T11:04:38.392Z,220,2.0,1.5,1093.0,1999.0,11.652696102959753
"4328-S-Kirkman-Rd,-Apt-1301,-Orlando,-FL-32811","4328 S Kirkman Rd, Apt 1301, Orlando, FL 32811",4328 S Kirkman Rd,Apt 1301,Orlando,FL,32811,Orange County,28.49823,-81.461398,condo,7671.0,Inactive,209900,2022-02-16T11:21:30.026Z,180,3.0,2.0,1199.0,1997.0,12.254391269970792
"4229-Tatum-St,-Orlando,-FL-32811","4229 Tatum St, Orlando, FL 32811",4229 Tatum St,,Orlando,FL,32811,Orange County,28.517381,-81.430764,single_family,6600.0,Inactive,260000,2021-04-18T11:28:19.787Z,484,3.0,1.0,1020.0,1962.0,12.468440756144114
"4757-Marbello-Blvd,-Orlando,-FL-32811","4757 Marbello Blvd, Orlando, FL 32811",4757 Marbello Blvd,,Orlando,FL,32811,Orange County,28.512103,-81.44174,single_family,8036.0,Inactive,200000,2022-04-07T11:30:07.243Z,130,3.0,1.5,1176.0,1973.0,12.206077645517674
"5152-Conroy-Rd,---18,-Orlando,-FL-32811","5152 Conroy Rd, # 18, Orlando, FL 32811",5152 Conroy Rd,# 18,Orlando,FL,32811,Orange County,28.493566,-81.445987,condo,6711.0,Inactive,165000,2022-08-05T18:06:14.571Z,10,2.0,1.0,919.0,1988.0,12.013706813470414
"5467-Vineland-Rd,-Apt-6113,-Orlando,-FL-32811","5467 Vineland Rd, Apt 6113, Orlando, FL 32811",5467 Vineland Rd,Apt 6113,Orlando,FL,32811,Orange County,28.485498,-81.452508,condo,16988.0,Inactive,284900,2022-04-24T14:57:33.341Z,113,3.0,2.0,1232.0,2000.0,12.55989703048335
"2837-Willie-Mays-Pkwy,-Orlando,-FL-32811","2837 Willie Mays Pkwy, Orlando, FL 32811",2837 Willie Mays Pkwy,,Orlando,FL,32811,Orange County,28.512557,-81.437347,single_family,6616.0,Inactive,280000,2022-05-18T12:14:30.154Z,89,3.0,1.5,1208.0,1973.0,12.54254845357358
"4232-W-Jackson-St,-Orlando,-FL-32811","4232 W Jackson St, Orlando, FL 32811",4232 W Jackson St,,Orlando,FL,32811,Orange County,28.539428,-81.432311,single_family,24829.0,Inactive,689900,2022-05-23T15:40:16.674Z,84,9.0,6.0,3525.0,1998.0,13.444303388018582
"5039-Vineland-Rd,---207,-Orlando,-FL-32811","5039 Vineland Rd, # 207, Orlando, FL 32811",5039 Vineland Rd,# 207,Orlando,FL,32811,Orange County,28.483911,-81.445906,condo,13939.0,Inactive,189900,2022-07-15T11:21:35.092Z,31,2.0,2.0,1048.0,1986.0,12.15425816271595
"5100-Conroy-Rd,---21,-Orlando,-FL-32811","5100 Conroy Rd, # 21, Orlando, FL 32811",5100 Conroy Rd,# 21,Orlando,FL,32811,Orange County,28.495994,-81.447782,condo,988.0,Inactive,206000,2022-07-23T13:00:21.771Z,23,2.0,2.0,988.0,1988.0,12.235636302128867
"4122-Minoso-St,-Orlando,-FL-32811","4122 Minoso St, Orlando, FL 32811",4122 Minoso St,,Orlando,FL,32811,Orange County,28.525812,-81.428805,single_family,6780.0,Inactive,270000,2022-06-15T13:29:57.548Z,61,4.0,2.0,1530.0,1959.0,12.506180941677357
"5566-Metrowest-Blvd,-Apt-304,-Orlando,-FL-32811","5566 Metrowest Blvd, Apt 304, Orlando, FL 32811",5566 Metrowest Blvd,Apt 304,Orlando,FL,32811,Orange County,28.511696,-81.458483,condo,13939.0,Inactive,210000,2022-07-06T14:33:11.660Z,40,2.0,2.0,1159.0,1999.0,12.25486757159303
"5427-Cedar-Ln,-Orlando,-FL-32811","5427 Cedar Ln, Orlando, FL 32811",5427 Cedar Ln,,Orlando,FL,32811,Orange County,28.532614,-81.453186,single_family,4013.0,Inactive,249900,2022-03-25T11:02:55.319Z,143,3.0,2.0,1208.0,1991.0,12.428820118415677
"5148-Conroy-Rd,---12,-Orlando,-FL-32811","5148 Conroy Rd, # 12, Orlando, FL 32811",5148 Conroy Rd,# 12,Orlando,FL,32811,Orange County,28.493147,-81.445913,condo,8509.0,Inactive,199999,2022-08-05T16:31:17.544Z,10,2.0,2.0,988.0,1988.0,12.206072645530174
"4833-Cypress-Woods-Dr,-Apt-4301,-Orlando,-FL-32811","4833 Cypress Woods Dr, Apt 4301, Orlando, FL 32811",4833 Cypress Woods Dr,Apt 4301,Orlando,FL,32811,Orange County,28.492899,-81.451607,condo,24394.0,Inactive,265000,2022-06-21T12:49:12.400Z,55,3.0,2.0,1405.0,2001.0,12.487488878546145
"5124-Conroy-Rd,---33,-Orlando,-FL-32811","5124 Conroy Rd, # 33, Orlando, FL 32811",5124 Conroy Rd,# 33,Orlando,FL,32811,Orange County,28.494824,-81.445831,condo,8645.0,Inactive,159900,2022-07-15T10:09:13.827Z,31,1.0,1.0,711.0,1988.0,11.982310152711182
"4712-Walden-Cir,---15,-Orlando,-FL-32811","4712 Walden Cir, # 15, Orlando, FL 32811",4712 Walden Cir,# 15,Orlando,FL,32811,Orange County,28.490643,-81.442797,condo,6327.0,Inactive,135000,2022-07-15T08:41:28.810Z,31,1.0,1.0,560.0,1988.0,11.813037464800539
"5307-Bamboo-Ct,---514,-Orlando,-FL-32811","5307 Bamboo Ct, # 514, Orlando, FL 32811",5307 Bamboo Ct,# 514,Orlando,FL,32811,Orange County,28.495867,-81.450969,condo,2631.0,Inactive,269000,2022-08-05T16:20:06.627Z,10,2.0,2.5,1285.0,1986.0,12.502470376049185
"5267-Coral-Ct,---628,-Orlando,-FL-32811","5267 Coral Ct, # 628, Orlando, FL 32811",5267 Coral Ct,# 628,Orlando,FL,32811,Orange County,28.496379,-81.449846,condo,2627.0,Inactive,255000,2022-08-05T16:20:06.622Z,10,2.0,2.5,1285.0,1986.0,12.449022745701502
"816-Willie-Mays-Pkwy,-Orlando,-FL-32811","816 Willie Mays Pkwy, Orlando, FL 32811",816 Willie Mays Pkwy,,Orlando,FL,32811,Orange County,28.53211,-81.438766,single_family,13068.0,Inactive,245000,2022-07-01T13:39:13.337Z,44,7.0,4.0,3107.0,1936.0,12.409017571151187
"5222-Lanette-St,-Orlando,-FL-32811","5222 Lanette St, Orlando, FL 32811",5222 Lanette St,,Orlando,FL,32811,Orange County,28.52639,-81.448575,single_family,6813.0,Inactive,250000,2020-09-20T19:16:03.702Z,692,3.0,2.0,1260.0,1970.0,12.429220196836383
"2452-Ravenall-Ave,-Orlando,-FL-32811","2452 Ravenall Ave, Orlando, FL 32811",2452 Ravenall Ave,,Orlando,FL,32811,Orange County,28.514924,-81.439084,single_family,8506.0,Inactive,274900,2022-07-10T12:07:53.235Z,35,4.0,1.5,1386.0,1972.0,12.524166311833152
"4716-Walden-Cir,---28,-Orlando,-FL-32811","4716 Walden Cir, # 28, Orlando, FL 32811",4716 Walden Cir,# 28,Orlando,FL,32811,Orange County,28.491025,-81.44309,condo,6898.0,Inactive,150000,2022-07-13T09:05:05.764Z,32,2.0,2.0,1020.0,1988.0,11.918397239722838
"4340-S-Kirkman-Rd,-Apt-909,-Orlando,-FL-32811","4340 S Kirkman Rd, Apt 909, Orlando, FL 32811",4340 S Kirkman Rd,Apt 909,Orlando,FL,32811,Orange County,28.497483,-81.462484,condo,7670.0,Inactive,150000,2022-07-13T10:32:48.391Z,32,1.0,1.0,729.0,1997.0,11.918397239722838
"4801-Walden-Cir,---82,-Orlando,-FL-32811","4801 Walden Cir, # 82, Orlando, FL 32811",4801 Walden Cir,# 82,Orlando,FL,32811,Orange County,28.489039,-81.443839,condo,5115.0,Inactive,255000,2022-07-14T13:45:51.903Z,31,2.0,2.5,1228.0,1987.0,12.449022745701502
"4402-White-Pine-Ave,---3,-Orlando,-FL-32811","4402 White Pine Ave, # 3, Orlando, FL 32811",4402 White Pine Ave,# 3,Orlando,FL,32811,Orange County,28.498439,-81.458408,condo,2085.0,Inactive,215000,2022-07-16T11:58:55.706Z,29,2.0,2.0,948.0,1987.0,12.278397958261774
"5267-Brook-Ct,---252,-Orlando,-FL-32811","5267 Brook Ct, # 252, Orlando, FL 32811",5267 Brook Ct,# 252,Orlando,FL,32811,Orange County,28.499103,-81.452098,condo,2660.0,Inactive,250000,2022-07-16T13:04:53.916Z,29,2.0,2.5,1285.0,1985.0,12.429220196836383
"4887-Walden-Cir,---67,-Orlando,-FL-32811","4887 Walden Cir, # 67, Orlando, FL 32811",4887 Walden Cir,# 67,Orlando,FL,32811,Orange County,28.488662,-81.44336,condo,6367.0,Inactive,235000,2022-07-19T12:17:26.621Z,26,2.0,2.5,1228.0,1986.0,12.367345048436391
"4352-S-Kirkman-Rd,-Apt-1217,-Orlando,-FL-32811","4352 S Kirkman Rd, Apt 1217, Orlando, FL 32811",4352 S Kirkman Rd,Apt 1217,Orlando,FL,32811,Orange County,28.497994,-81.461335,condo,9965.0,Inactive,214000,2022-07-23T13:21:35.573Z,22,3.0,2.0,1199.0,1997.0,12.273735966890268
"4696-Sussex-Ter,---202,-Orlando,-FL-32811","4696 Sussex Ter, # 202, Orlando, FL 32811",4696 Sussex Ter,# 202,Orlando,FL,32811,Orange County,28.493927,-81.440852,condo,6775.0,Inactive,225000,2022-07-22T12:59:31.894Z,23,2.0,2.0,1080.0,1990.0,12.323860125621126
"5361-Bamboo-Ct,---412,-Orlando,-FL-32811","5361 Bamboo Ct, # 412, Orlando, FL 32811",5361 Bamboo Ct,# 412,Orlando,FL,32811,Orange County,28.496748,-81.452341,townhouse,2581.0,Inactive,245000,2022-07-24T13:12:42.588Z,21,2.0,2.5,1285.0,1986.0,12.409017571151187
"4452-America-St,-Orlando,-FL-32811","4452 America St, Orlando, FL 32811",4452 America St,,Orlando,FL,32811,Orange County,28.533173,-81.4363,single_family,13939.0,Inactive,310000,2022-07-26T15:29:08.904Z,18,3.0,2.0,1617.0,1949.0,12.644330802262578
"4873-Walden-Cir,---74,-Orlando,-FL-32811","4873 Walden Cir, # 74, Orlando, FL 32811",4873 Walden Cir,# 74,Orlando,FL,32811,Orange County,28.488662,-81.44336,condo,1228.0,Inactive,255000,2022-07-27T14:50:42.212Z,18,2.0,2.5,1228.0,1986.0,12.449022745701502
"4853-Lanette-St,-Orlando,-FL-32811","4853 Lanette St, Orlando, FL 32811",4853 Lanette St,,Orlando,FL,32811,Orange County,28.527542,-81.444657,single_family,6806.0,Inactive,180000,2022-07-28T11:03:17.492Z,17,3.0,1.0,888.0,1970.0,12.100717685412471
"4506-Piedmont-St,-Orlando,-FL-32811","4506 Piedmont St, Orlando, FL 32811",4506 Piedmont St,,Orlando,FL,32811,Orange County,28.529552,-81.436717,single_family,6353.0,Inactive,319990,2022-07-28T13:19:55.749Z,17,3.0,2.0,1324.0,2022.0,12.676048149380394
"5411-Pine-Creek-Dr,---1802,-Orlando,-FL-32811","5411 Pine Creek Dr, # 1802, Orlando, FL 32811",5411 Pine Creek Dr,# 1802,Orlando,FL,32811,Orange County,28.493764,-81.454402,condo,3424.0,Inactive,155000,2022-08-05T12:19:48.088Z,9,2.0,2.0,1141.0,1973.0,11.951186847493476
"4885-Walden-Cir,---68,-Orlando,-FL-32811","4885 Walden Cir, # 68, Orlando, FL 32811",4885 Walden Cir,# 68,Orlando,FL,32811,Orange County,28.488662,-81.44336,condo,6367.0,Inactive,237900,2022-08-05T11:24:53.293Z,9,2.0,2.5,1228.0,1986.0,12.379609899729042
"1706-Messina-Ave,-Orlando,-FL-32811","1706 Messina Ave, Orlando, FL 32811",1706 Messina Ave,,Orlando,FL,32811,Orange County,28.521952,-81.441806,single_family,6714.0,Inactive,285000,2021-08-19T12:51:31.983Z,360,4.0,2.0,1250.0,1971.0,12.560247968016562
"4419-Cypress-St,-Orlando,-FL-32811","4419 Cypress St, Orlando, FL 32811",4419 Cypress St,,Orlando,FL,32811,Orange County,28.531876,-81.435296,single_family,6893.0,Inactive,270000,2022-08-06T07:30:44.957Z,8,3.0,2.0,1342.0,2005.0,12.506180941677357
"4837-Walden-Cir,-Unit-11,-Orlando,-FL-32811","4837 Walden Cir, Unit 11, Orlando, FL 32811",4837 Walden Cir,Unit 11,Orlando,FL,32811,Orange County,28.48865,-81.444139,condo,7035.0,Inactive,279000,2022-07-02T13:41:57.256Z,42,2.0,2.5,1228.0,1988.0,12.53897064502647
"5307-Bamboo-Ct,-Unit-514,-Orlando,-FL-32811","5307 Bamboo Ct, Unit 514, Orlando, FL 32811",5307 Bamboo Ct,Unit 514,Orlando,FL,32811,Orange County,28.495867,-81.450969,condo,7035.0,Inactive,269000,2022-06-28T12:17:52.225Z,46,2.0,2.5,1285.0,1988.0,12.502470376049185
"5267-Coral-Ct,-Unit-628,-Orlando,-FL-32811","5267 Coral Ct, Unit 628, Orlando, FL 32811",5267 Coral Ct,Unit 628,Orlando,FL,32811,Orange County,28.496379,-81.449846,condo,7035.0,Inactive,255000,2022-06-29T11:23:07.942Z,45,2.0,2.5,1285.0,1988.0,12.449022745701502
"5144-Conroy-Rd,-Unit-21,-Orlando,-FL-32811","5144 Conroy Rd, Unit 21, Orlando, FL 32811",5144 Conroy Rd,Unit 21,Orlando,FL,32811,Orange County,28.493518,-81.445109,condo,7035.0,Inactive,250000,2022-06-16T12:52:58.656Z,58,3.0,2.0,1237.0,1988.0,12.429220196836383
"4804-Normandy-Pl-E,-Unit-E103,-Orlando,-FL-32811","4804 Normandy Pl E, Unit E103, Orlando, FL 32811",4804 Normandy Pl E,Unit E103,Orlando,FL,32811,Orange County,28.495815,-81.442615,condo,7035.0,Inactive,248500,2022-05-18T11:41:56.690Z,87,2.0,2.0,1080.0,1988.0,12.423202148655593
"5262-Willow-Ct,-Unit-525,-Orlando,-FL-32811","5262 Willow Ct, Unit 525, Orlando, FL 32811",5262 Willow Ct,Unit 525,Orlando,FL,32811,Orange County,28.495835,-81.450215,condo,7035.0,Inactive,235000,2022-04-24T13:50:03.322Z,111,2.0,2.5,1285.0,1988.0,12.367345048436391
"13-Fanfair-Ave,-Orlando,-FL-32811","13 Fanfair Ave, Orlando, FL 32811",13 Fanfair Ave,,Orlando,FL,32811,Orange County,28.541385,-81.436974,single_family,7035.0,Inactive,234900,2022-06-24T13:38:28.540Z,50,2.0,1.0,905.0,1988.0,12.366919427768636
"5132-Conroy-Rd,-Unit-28,-Orlando,-FL-32811","5132 Conroy Rd, Unit 28, Orlando, FL 32811",5132 Conroy Rd,Unit 28,Orlando,FL,32811,Orange County,28.494172,-81.445552,condo,7035.0,Inactive,229900,2021-06-16T11:56:14.777Z,423,3.0,2.0,1237.0,1988.0,12.345404060459082
"5395-Vineland-Rd,-Unit-5F,-Orlando,-FL-32811","5395 Vineland Rd, Unit 5F, Orlando, FL 32811",5395 Vineland Rd,Unit 5F,Orlando,FL,32811,Orange County,28.483902,-81.448738,condo,7035.0,Inactive,228000,2022-06-12T13:37:18.681Z,62,2.0,2.0,1139.0,1988.0,12.337105293891872
"5148-Conroy-Rd,-Unit-12,-Orlando,-FL-32811","5148 Conroy Rd, Unit 12, Orlando, FL 32811",5148 Conroy Rd,Unit 12,Orlando,FL,32811,Orange County,28.493147,-81.445913,condo,7035.0,Inactive,199999,2022-06-21T12:20:59.789Z,53,2.0,2.0,988.0,1988.0,12.206072645530174
"4732-Walden-Cir,-Apt-1223,-Orlando,-FL-32811","4732 Walden Cir, Apt 1223, Orlando, FL 32811",4732 Walden Cir,Apt 1223,Orlando,FL,32811,Orange County,28.490165,-81.444122,condo,7035.0,Inactive,169900,2022-07-14T12:26:51.105Z,30,2.0,2.0,1020.0,1988.0,12.042971193457888
"5108-Conroy-Rd,---26,-Orlando,-FL-32811","5108 Conroy Rd, # 26, Orlando, FL 32811",5108 Conroy Rd,# 26,Orlando,FL,32811,Orange County,28.495601,-81.44752,condo,7035.0,Inactive,164900,2022-07-27T11:36:42.639Z,17,1.0,1.0,597.0,1988.0,12.013100572810686
"5152-Conroy-Rd,-Unit-18,-Orlando,-FL-32811","5152 Conroy Rd, Unit 18, Orlando, FL 32811",5152 Conroy Rd,Unit 18,Orlando,FL,32811,Orange County,28.493566,-81.445987,condo,7035.0,Inactive,165000,2022-04-21T14:00:56.628Z,114,2.0,1.0,919.0,1988.0,12.013706813470414
"5124-Conroy-Rd,-Unit-34,-Orlando,-FL-32811","5124 Conroy Rd, Unit 34, Orlando, FL 32811",5124 Conroy Rd,Unit 34,Orlando,FL,32811,Orange County,28.494824,-81.445831,condo,7035.0,Inactive,159900,2022-05-13T11:06:29.085Z,92,1.0,1.0,711.0,1988.0,11.982310152711182
"4724-Walden-Cir,---12,-Orlando,-FL-32811","4724 Walden Cir, # 12, Orlando, FL 32811",4724 Walden Cir,# 12,Orlando,FL,32811,Orange County,28.490744,-81.443416,condo,7035.0,Inactive,130000,2022-07-13T08:17:55.896Z,31,1.0,1.0,560.0,1988.0,11.775297421715827
"4704-Walden-Cir,---23,-Orlando,-FL-32811","4704 Walden Cir, # 23, Orlando, FL 32811",4704 Walden Cir,# 23,Orlando,FL,32811,Orange County,28.490642,-81.441408,condo,7035.0,Inactive,125000,2022-07-15T08:41:28.799Z,29,1.0,1.0,560.0,1988.0,11.736077016252437
"4353-Shadow-Crest-Pl,-Unit-3,-Orlando,-FL-32811","4353 Shadow Crest Pl, Unit 3, Orlando, FL 32811",4353 Shadow Crest Pl,Unit 3,Orlando,FL,32811,Orange County,28.499494,-81.455892,condo,7035.0,Inactive,180000,2022-06-24T13:08:47.102Z,50,2.0,1.5,909.0,1988.0,12.100717685412471
"5548-Metrowest-Blvd,-Unit-6-203,-Orlando,-FL-32811","5548 Metrowest Blvd, Unit 6-203, Orlando, FL 32811",5548 Metrowest Blvd,Unit 6-203,Orlando,FL,32811,Orange County,28.511238,-81.456696,condo,7035.0,Inactive,229000,2022-04-22T13:30:08.337Z,113,2.0,2.0,1126.0,1988.0,12.34148164933907
"5399-Botany-Ct,-Orlando,-FL-32811","5399 Botany Ct, Orlando, FL 32811",5399 Botany Ct,,Orlando,FL,32811,Orange County,28.526309,-81.450286,single_family,7035.0,Inactive,215000,2022-06-04T12:50:38.644Z,70,3.0,1.5,1353.0,1988.0,12.278397958261774
"5108-Conroy-Rd,-Unit-26,-Orlando,-FL-32811","5108 Conroy Rd, Unit 26, Orlando, FL 32811",5108 Conroy Rd,Unit 26,Orlando,FL,32811,Orange County,28.495601,-81.44752,condo,7035.0,Inactive,164900,2022-06-14T11:06:10.618Z,60,1.0,1.0,597.0,1988.0,12.013100572810686
"4500-Wheatley-St,-Orlando,-FL-32811","4500 Wheatley St, Orlando, FL 32811",4500 Wheatley St,,Orlando,FL,32811,Orange County,28.521234,-81.436574,single_family,7035.0,Inactive,289900,2022-04-14T13:21:36.412Z,121,3.0,2.0,1085.0,1988.0,12.57729476436913
"4806-Normandy-Pl,-Unit-E203,-Orlando,-FL-32811","4806 Normandy Pl, Unit E203, Orlando, FL 32811",4806 Normandy Pl,Unit E203,Orlando,FL,32811,Orange County,28.495815,-81.442615,condo,7035.0,Inactive,219900,2022-05-09T10:29:21.502Z,96,2.0,2.0,1080.0,1988.0,12.300932724054114
"4150-Pinebark-Ave,-Unit-2,-Orlando,-FL-32811","4150 Pinebark Ave, Unit 2, Orlando, FL 32811",4150 Pinebark Ave,Unit 2,Orlando,FL,32811,Orange County,28.500881,-81.457462,condo,7035.0,Inactive,205000,2022-06-07T11:51:03.948Z,67,2.0,1.5,909.0,1988.0,12.230770136157428
"1010-Florida-Holly-Dr,-Orlando,-FL-32811","1010 Florida Holly Dr, Orlando, FL 32811",1010 Florida Holly Dr,,Orlando,FL,32811,Orange County,28.529163,-81.450701,single_family,7035.0,Inactive,285000,2022-06-14T12:54:58.172Z,60,4.0,2.0,1180.0,1988.0,12.560247968016562
"799-Cornelia-Ct,-Orlando,-FL-32811","799 Cornelia Ct, Orlando, FL 32811",799 Cornelia Ct,,Orlando,FL,32811,Orange County,28.53248,-81.440878,single_family,7035.0,Inactive,264000,2022-01-27T08:11:47.350Z,198,4.0,2.0,1225.0,1988.0,12.483708170000067
"2618-Santana-Ave,-Orlando,-FL-32811","2618 Santana Ave, Orlando, FL 32811",2618 Santana Ave,,Orlando,FL,32811,Orange County,28.51403,-81.440959,single_family,7035.0,Inactive,279900,2022-07-11T13:12:05.784Z,33,4.0,2.0,1663.0,1988.0,12.5421912482017
"5349-Bamboo-Ct,-Unit-416,-Orlando,-FL-32811","5349 Bamboo Ct, Unit 416, Orlando, FL 32811",5349 Bamboo Ct,Unit 416,Orlando,FL,32811,Orange County,28.496974,-81.452082,condo,7035.0,Inactive,250000,2022-06-23T14:46:33.554Z,51,2.0,2.5,1285.0,1988.0,12.429220196836383
"5100-Conroy-Rd,-Unit-21,-Orlando,-FL-32811","5100 Conroy Rd, Unit 21, Orlando, FL 32811",5100 Conroy Rd,Unit 21,Orlando,FL,32811,Orange County,28.495994,-81.447782,condo,7035.0,Inactive,206000,2022-06-15T12:43:39.352Z,59,2.0,2.0,988.0,1988.0,12.235636302128867
"4751-Creekside-Park-Ave,-Orlando,-FL-32811","4751 Creekside Park Ave, Orlando, FL 32811",4751 Creekside Park Ave,,Orlando,FL,32811,Orange County,28.489792,-81.449739,single_family,7035.0,Inactive,434900,2022-06-17T14:52:55.076Z,57,3.0,2.5,1616.0,1988.0,12.982873697962253
"5279-Cypress-Ct,-Unit-720,-Orlando,-FL-32811","5279 Cypress Ct, Unit 720, Orlando, FL 32811",5279 Cypress Ct,Unit 720,Orlando,FL,32811,Orange County,28.497519,-81.450725,condo,7035.0,Inactive,250000,2022-06-10T13:11:27.332Z,64,2.0,2.5,1285.0,1988.0,12.429220196836383
"1652-Messina-Ave,-Orlando,-FL-32811","1652 Messina Ave, Orlando, FL 32811",1652 Messina Ave,,Orlando,FL,32811,Orange County,28.522133,-81.441807,single_family,7035.0,Inactive,325000,2022-03-04T12:59:42.985Z,162,3.0,2.0,1422.0,1988.0,12.691583538230217
"4179-Booker-St,-Orlando,-FL-32811","4179 Booker St, Orlando, FL 32811",4179 Booker St,,Orlando,FL,32811,Orange County,28.525432,-81.429582,single_family,7035.0,Inactive,310000,2022-06-10T13:31:11.793Z,64,3.0,2.0,1617.0,1988.0,12.644330802262578
"5458-Lescot-Ln,-Orlando,-FL-32811","5458 Lescot Ln, Orlando, FL 32811",5458 Lescot Ln,,Orlando,FL,32811,Orange County,28.523255,-81.453518,single_family,7035.0,Inactive,246000,2022-04-19T13:51:28.591Z,116,3.0,2.0,1225.0,1988.0,12.413090879946887
"5168-Conroy-Rd,-Unit-25,-Orlando,-FL-32811","5168 Conroy Rd, Unit 25, Orlando, FL 32811",5168 Conroy Rd,Unit 25,Orlando,FL,32811,Orange County,28.494858,-81.446538,condo,7035.0,Inactive,170000,2022-02-25T11:07:05.163Z,169,2.0,1.0,919.0,1988.0,12.04355959836804
"5349-Northlawn-Way,-Orlando,-FL-32811","5349 Northlawn Way, Orlando, FL 32811",5349 Northlawn Way,,Orlando,FL,32811,Orange County,28.484972,-81.444976,single_family,7035.0,Inactive,599000,2022-05-20T15:09:11.023Z,85,5.0,3.0,2419.0,1988.0,13.303018546545275
"5466-Pine-Creek-Dr,-Unit-2002,-Orlando,-FL-32811","5466 Pine Creek Dr, Unit 2002, Orlando, FL 32811",5466 Pine Creek Dr,Unit 2002,Orlando,FL,32811,Orange County,28.493304,-81.455233,condo,7035.0,Inactive,209000,2022-06-23T12:50:59.207Z,51,3.0,2.5,1617.0,1988.0,12.250094315624496
"5285-Cypress-Ct,-Unit-723,-Orlando,-FL-32811","5285 Cypress Ct, Unit 723, Orlando, FL 32811",5285 Cypress Ct,Unit 723,Orlando,FL,32811,Orange County,28.497352,-81.450945,condo,7035.0,Inactive,250000,2022-06-15T13:22:52.234Z,59,2.0,2.5,1285.0,1988.0,12.429220196836383
"4803-Walden-Cir,-Unit-81,-Orlando,-FL-32811","4803 Walden Cir, Unit 81, Orlando, FL 32811",4803 Walden Cir,Unit 81,Orlando,FL,32811,Orange County,28.489039,-81.443839,condo,7035.0,Inactive,240000,2021-07-04T13:46:02.657Z,405,2.0,2.5,1228.0,1988.0,12.388398368982115
"5132-Conroy-Rd,-Unit-17,-Orlando,-FL-32811","5132 Conroy Rd, Unit 17, Orlando, FL 32811",5132 Conroy Rd,Unit 17,Orlando,FL,32811,Orange County,28.494172,-81.445552,condo,7035.0,Inactive,260000,2022-06-29T11:23:07.948Z,45,3.0,2.0,1237.0,1988.0,12.468440756144114
"5305-Bamboo-Ct,-Unit-515,-Orlando,-FL-32811","5305 Bamboo Ct, Unit 515, Orlando, FL 32811",5305 Bamboo Ct,Unit 515,Orlando,FL,32811,Orange County,28.495867,-81.450969,condo,7035.0,Inactive,235500,2022-02-21T12:30:59.582Z,173,2.0,2.5,1285.0,1988.0,12.369470438714096
"4814-Marks-Ter,-Unit-383B2L,-Orlando,-FL-32811","4814 Marks Ter, Unit 383B2L, Orlando, FL 32811",4814 Marks Ter,Unit 383B2L,Orlando,FL,32811,Orange County,28.496702,-81.44292,condo,7035.0,Inactive,219900,2022-05-17T13:17:17.324Z,88,2.0,2.0,1072.0,1988.0,12.300932724054114
"4316-S-Kirkman-Rd,-Apt-1616,-Orlando,-FL-32811","4316 S Kirkman Rd, Apt 1616, Orlando, FL 32811",4316 S Kirkman Rd,Apt 1616,Orlando,FL,32811,Orange County,28.499048,-81.460969,condo,7035.0,Inactive,208000,2022-04-10T11:45:46.478Z,125,3.0,2.0,1245.0,1988.0,12.245298166364206
"5387-Lily-St,-Orlando,-FL-32811","5387 Lily St, Orlando, FL 32811",5387 Lily St,,Orlando,FL,32811,Orange County,28.524497,-81.452089,single_family,7035.0,Inactive,205000,2022-06-09T11:00:11.024Z,65,4.0,1.5,1353.0,1988.0,12.230770136157428
"4631-America-St,-Orlando,-FL-32811","4631 America St, Orlando, FL 32811",4631 America St,,Orlando,FL,32811,Orange County,28.53369,-81.439642,single_family,7035.0,Inactive,200000,2022-06-04T12:34:46.856Z,70,3.0,1.0,1104.0,1988.0,12.206077645517674
"5039-Vineland-Rd,-Unit-207,-Orlando,-FL-32811","5039 Vineland Rd, Unit 207, Orlando, FL 32811",5039 Vineland Rd,Unit 207,Orlando,FL,32811,Orange County,28.483911,-81.445906,condo,7035.0,Inactive,189900,2022-06-13T10:17:30.898Z,61,2.0,2.0,1048.0,1988.0,12.15425816271595
"5164-Conroy-Rd,-Unit-36,-Orlando,-FL-32811","5164 Conroy Rd, Unit 36, Orlando, FL 32811",5164 Conroy Rd,Unit 36,Orlando,FL,32811,Orange County,28.494475,-81.44623,condo,7035.0,Inactive,162500,2022-02-23T12:12:36.737Z,171,1.0,1.0,711.0,1988.0,11.998439434579149
"5124-Conroy-Rd,-Unit-33,-Orlando,-FL-32811","5124 Conroy Rd, Unit 33, Orlando, FL 32811",5124 Conroy Rd,Unit 33,Orlando,FL,32811,Orange County,28.494824,-81.445831,condo,7035.0,Inactive,159900,2022-06-22T12:21:59.425Z,52,1.0,1.0,711.0,1988.0,11.982310152711182
"4712-Walden-Cir,-Unit-15,-Orlando,-FL-32811","4712 Walden Cir, Unit 15, Orlando, FL 32811",4712 Walden Cir,Unit 15,Orlando,FL,32811,Orange County,28.490643,-81.442797,condo,7035.0,Inactive,135000,2022-06-24T11:56:25.708Z,50,1.0,1.0,560.0,1988.0,11.813037464800539
"5058-Yellow-Flag-Ln,-Orlando,-FL-32811","5058 Yellow Flag Ln, Orlando, FL 32811",5058 Yellow Flag Ln,,Orlando,FL,32811,Orange County,28.487787,-81.447521,single_family,7035.0,Inactive,540000,2022-05-14T14:41:50.961Z,91,4.0,3.5,2332.0,1988.0,13.199326270390594
"4356-S-Kirkman-Rd,-Unit-5,-Orlando,-FL-32811","4356 S Kirkman Rd, Unit 5, Orlando, FL 32811",4356 S Kirkman Rd,Unit 5,Orlando,FL,32811,Orange County,28.497165,-81.461768,condo,7035.0,Inactive,223990,2022-07-08T10:56:07.237Z,36,2.0,2.0,1042.0,1988.0,12.319361151458567
"5152-Conroy-Rd,-Unit-35,-Orlando,-FL-32811","5152 Conroy Rd, Unit 35, Orlando, FL 32811",5152 Conroy Rd,Unit 35,Orlando,FL,32811,Orange County,28.493566,-81.445987,condo,7035.0,Inactive,169900,2021-07-19T12:24:39.296Z,390,1.0,1.0,597.0,1988.0,12.042971193457888
"4716-Walden-Cir,-Unit-28,-Orlando,-FL-32811","4716 Walden Cir, Unit 28, Orlando, FL 32811",4716 Walden Cir,Unit 28,Orlando,FL,32811,Orange County,28.491025,-81.44309,condo,7035.0,Inactive,150000,2022-07-12T09:37:30.225Z,32,2.0,2.0,1020.0,1988.0,11.918397239722838
"4716-Walden-Cir,-Unit-24,-Orlando,-FL-32811","4716 Walden Cir, Unit 24, Orlando, FL 32811",4716 Walden Cir,Unit 24,Orlando,FL,32811,Orange County,28.491025,-81.44309,condo,7035.0,Inactive,135000,2022-04-24T12:26:08.042Z,111,1.0,1.0,760.0,1988.0,11.813037464800539
"4881-Cypress-Woods-Dr,-Apt-3111,-Orlando,-FL-32811","4881 Cypress Woods Dr, Apt 3111, Orlando, FL 32811",4881 Cypress Woods Dr,Apt 3111,Orlando,FL,32811,Orange County,28.493626,-81.451883,condo,7035.0,Inactive,229000,2022-06-17T09:18:47.205Z,57,2.0,2.0,1186.0,1988.0,12.34148164933907
"4109-Cepeda-St,-Orlando,-FL-32811","4109 Cepeda St, Orlando, FL 32811",4109 Cepeda St,,Orlando,FL,32811,Orange County,28.523621,-81.428485,single_family,7035.0,Inactive,170000,2022-07-08T10:42:43.375Z,36,2.0,1.0,1128.0,1988.0,12.04355959836804
"5566-Metrowest-Blvd,-Unit-30,-Orlando,-FL-32811","5566 Metrowest Blvd, Unit 30, Orlando, FL 32811",5566 Metrowest Blvd,Unit 30,Orlando,FL,32811,Orange County,28.511696,-81.458482,condo,7035.0,Inactive,210000,2022-06-18T12:52:04.582Z,56,2.0,2.0,1159.0,1988.0,12.25486757159303
"4704-Walden-Cir,-Unit-16,-Orlando,-FL-32811","4704 Walden Cir, Unit 16, Orlando, FL 32811",4704 Walden Cir,Unit 16,Orlando,FL,32811,Orange County,28.490642,-81.441408,condo,7035.0,Inactive,130000,2021-03-05T09:29:34.971Z,526,1.0,1.0,560.0,1988.0,11.775297421715827
"5570-Green-Shadows-Pl,-Unit-3,-Orlando,-FL-32811","5570 Green Shadows Pl, Unit 3, Orlando, FL 32811",5570 Green Shadows Pl,Unit 3,Orlando,FL,32811,Orange County,28.500932,-81.456472,condo,7035.0,Inactive,205000,2022-04-29T13:15:32.155Z,106,2.0,1.5,909.0,1988.0,12.230770136157428
"4520-Conley-St,-Orlando,-FL-32811","4520 Conley St, Orlando, FL 32811",4520 Conley St,,Orlando,FL,32811,Orange County,28.532242,-81.437193,single_family,7035.0,Inactive,320000,2020-10-09T07:48:52.575Z,673,3.0,2.0,1478.0,1988.0,12.676079399771027
"1243-Amaros-Ave,-Orlando,-FL-32811","1243 Amaros Ave, Orlando, FL 32811",1243 Amaros Ave,,Orlando,FL,32811,Orange County,28.526256,-81.42998,single_family,7035.0,Inactive,239990,2022-03-06T11:01:25.277Z,160,3.0,2.0,1109.0,1988.0,12.388356701620985
"4724-Walden-Cir,-Unit-16,-Orlando,-FL-32811","4724 Walden Cir, Unit 16, Orlando, FL 32811",4724 Walden Cir,Unit 16,Orlando,FL,32811,Orange County,28.490744,-81.443416,condo,7035.0,Inactive,140000,2022-04-22T12:51:14.558Z,113,1.0,1.0,560.0,1988.0,11.849404844423074
"5160-Conroy-Rd,-Unit-22,-Orlando,-FL-32811","5160 Conroy Rd, Unit 22, Orlando, FL 32811",5160 Conroy Rd,Unit 22,Orlando,FL,32811,Orange County,28.49402,-81.446135,condo,7035.0,Inactive,210500,2022-04-24T13:50:00.704Z,111,2.0,2.0,988.0,1988.0,12.257245682687113
"5331-Yaupon-St,-Orlando,-FL-32811","5331 Yaupon St, Orlando, FL 32811",5331 Yaupon St,,Orlando,FL,32811,Orange County,28.533863,-81.451341,single_family,7035.0,Inactive,280000,2022-04-09T12:39:06.184Z,126,3.0,2.0,1048.0,1988.0,12.54254845357358
"4445-Cassius-St,-Orlando,-FL-32811","4445 Cassius St, Orlando, FL 32811",4445 Cassius St,,Orlando,FL,32811,Orange County,28.5224,-81.435462,single_family,7035.0,Inactive,229990,2022-05-21T12:56:41.101Z,84,3.0,1.5,1038.0,1988.0,12.345795456704934
"4410-White-Pine-Ave,-Unit-69-3,-Orlando,-FL-32811","4410 White Pine Ave, Unit 69-3, Orlando, FL 32811",4410 White Pine Ave,Unit 69-3,Orlando,FL,32811,Orange County,28.498214,-81.458409,condo,7035.0,Inactive,210000,2022-05-20T11:42:29.588Z,85,2.0,2.0,948.0,1988.0,12.25486757159303
"4348-S-Kirkman-Rd,-Apt-803,-Orlando,-FL-32811","4348 S Kirkman Rd, Apt 803, Orlando, FL 32811",4348 S Kirkman Rd,Apt 803,Orlando,FL,32811,Orange County,28.497265,-81.462673,condo,7035.0,Inactive,145000,2022-05-10T12:39:38.458Z,95,1.0,1.0,729.0,1988.0,11.884495917930655
"5455-Vineland-Rd,-Apt-3207,-Orlando,-FL-32811","5455 Vineland Rd, Apt 3207, Orlando, FL 32811",5455 Vineland Rd,Apt 3207,Orlando,FL,32811,Orange County,28.485841,-81.451439,condo,7035.0,Inactive,173000,2022-05-24T10:32:22.026Z,81,1.0,1.0,723.0,1988.0,12.06105265381003
"4328-S-Kirkman-Rd,-Apt-1305,-Orlando,-FL-32811","4328 S Kirkman Rd, Apt 1305, Orlando, FL 32811",4328 S Kirkman Rd,Apt 1305,Orlando,FL,32811,Orange County,28.498345,-81.461294,condo,7035.0,Inactive,145000,2022-05-29T08:40:00.266Z,76,1.0,1.0,729.0,1988.0,11.884495917930655
"5438-W-Washington-St,-Lot-53,-Orlando,-FL-32811","5438 W Washington St, Lot 53, Orlando, FL 32811",5438 W Washington St,Lot 53,Orlando,FL,32811,Orange County,28.543192,-81.455566,,7035.0,Inactive,75000,2022-04-21T11:44:48.222Z,114,3.0,2.0,1344.0,1988.0,11.225256725762893
"4316-S-Kirkman-Rd,-Unit-1,-Orlando,-FL-32811","4316 S Kirkman Rd, Unit 1, Orlando, FL 32811",4316 S Kirkman Rd,Unit 1,Orlando,FL,32811,Orange County,28.499048,-81.460969,condo,7035.0,Inactive,210000,2022-03-11T10:59:52.343Z,155,3.0,2.0,1199.0,1988.0,12.25486757159303
"702-Cornelia-Ct,-Orlando,-FL-32811","702 Cornelia Ct, Orlando, FL 32811",702 Cornelia Ct,,Orlando,FL,32811,Orange County,28.533125,-81.441789,single_family,7035.0,Inactive,269000,2022-04-17T15:03:20.430Z,118,3.0,2.0,1011.0,1988.0,12.502470376049185
"4152-White-Pine-Ave,-Unit-1,-Orlando,-FL-32811","4152 White Pine Ave, Unit 1, Orlando, FL 32811",4152 White Pine Ave,Unit 1,Orlando,FL,32811,Orange County,28.500702,-81.458257,condo,7035.0,Inactive,210000,2022-04-08T13:12:28.071Z,127,2.0,2.0,996.0,1988.0,12.25486757159303
"4451-Evers-Pl,-Unit-4,-Orlando,-FL-32811","4451 Evers Pl, Unit 4, Orlando, FL 32811",4451 Evers Pl,Unit 4,Orlando,FL,32811,Orange County,28.520967,-81.435749,single_family,7035.0,Inactive,338200,2021-09-21T16:21:46.482Z,325,3.0,2.0,1780.0,1988.0,12.731395672272523
"5263-Coral-Ct,-Unit-632,-Orlando,-FL-32811","5263 Coral Ct, Unit 632, Orlando, FL 32811",5263 Coral Ct,Unit 632,Orlando,FL,32811,Orange County,28.496588,-81.449717,condo,7035.0,Inactive,250000,2021-10-15T12:35:27.699Z,302,2.0,2.5,1285.0,1988.0,12.429220196836383
"5249-Vineland-Rd,-Unit-110,-Orlando,-FL-32811","5249 Vineland Rd, Unit 110, Orlando, FL 32811",5249 Vineland Rd,Unit 110,Orlando,FL,32811,Orange County,28.483633,-81.447607,condo,7035.0,Inactive,199500,2022-05-02T14:40:00.137Z,103,2.0,2.0,1048.0,1988.0,12.20357452783082
"4724-Walden-Cir,-Apt-1513,-Orlando,-FL-32811","4724 Walden Cir, Apt 1513, Orlando, FL 32811",4724 Walden Cir,Apt 1513,Orlando,FL,32811,Orange County,28.4908,-81.443427,condo,7035.0,Inactive,123000,2022-06-01T12:13:14.264Z,73,1.0,1.0,560.0,1988.0,11.719947764402807
"4913-W-South-St,-Orlando,-FL-32811","4913 W South St, Orlando, FL 32811",4913 W South St,,Orlando,FL,32811,Orange County,28.538175,-81.445263,single_family,7035.0,Inactive,309500,2021-11-10T14:42:12.316Z,276,3.0,3.0,1500.0,1988.0,12.64271660211934
"411-Fred-St,-Orlando,-FL-32811","411 Fred St, Orlando, FL 32811",411 Fred St,,Orlando,FL,32811,Orange County,28.547594,-81.450138,single_family,7035.0,Inactive,300000,2022-05-04T15:27:24.399Z,101,4.0,2.0,1348.0,1988.0,12.611541086966115
"4519-Marshall-St,-Orlando,-FL-32811","4519 Marshall St, Orlando, FL 32811",4519 Marshall St,,Orlando,FL,32811,Orange County,28.51734,-81.43679,single_family,7035.0,Inactive,319900,2021-09-18T11:46:34.900Z,329,4.0,3.0,1481.0,1988.0,12.675766851909591
"226-Ronnie-Cir,-Orlando,-FL-32811","226 Ronnie Cir, Orlando, FL 32811",226 Ronnie Cir,,Orlando,FL,32811,Orange County,28.543756,-81.452013,single_family,7035.0,Inactive,300000,2022-04-05T13:37:07.354Z,130,4.0,2.0,1808.0,1988.0,12.611541086966115
"713-Cornelia-Ct,-Orlando,-FL-32811","713 Cornelia Ct, Orlando, FL 32811",713 Cornelia Ct,,Orlando,FL,32811,Orange County,28.533051,-81.44232,single_family,7035.0,Inactive,149900,2022-05-10T12:39:38.466Z,95,3.0,2.0,1143.0,1988.0,11.917730355182513
"4629-Carter-St,-Orlando,-FL-32811","4629 Carter St, Orlando, FL 32811",4629 Carter St,,Orlando,FL,32811,Orange County,28.534588,-81.439499,single_family,7035.0,Inactive,296000,2022-05-06T12:33:28.640Z,99,5.0,2.0,1226.0,1988.0,12.598118111678868
"4957-Vista-Lago-Dr,-Orlando,-FL-32811","4957 Vista Lago Dr, Orlando, FL 32811",4957 Vista Lago Dr,,Orlando,FL,32811,Orange County,28.532135,-81.446205,single_family,7035.0,Inactive,295000,2021-12-02T13:40:39.780Z,254,4.0,2.0,1364.0,1988.0,12.59473402514672
"5459-Vineland-Rd,-Apt-4313,-Orlando,-FL-32811","5459 Vineland Rd, Apt 4313, Orlando, FL 32811",5459 Vineland Rd,Apt 4313,Orlando,FL,32811,Orange County,28.486665,-81.451646,condo,7035.0,Inactive,284000,2022-04-05T13:37:07.359Z,130,3.0,2.0,1232.0,1988.0,12.556733038263905
"4768-Walden-Cir,-Unit-31,-Orlando,-FL-32811","4768 Walden Cir, Unit 31, Orlando, FL 32811",4768 Walden Cir,Unit 31,Orlando,FL,32811,Orange County,28.489956,-81.43999,condo,7035.0,Inactive,127000,2022-05-24T09:29:22.324Z,81,1.0,1.0,560.0,1988.0,11.751950239425476
"2078-Belafonte-Ln,-Orlando,-FL-32811","2078 Belafonte Ln, Orlando, FL 32811",2078 Belafonte Ln,,Orlando,FL,32811,Orange County,28.518603,-81.428747,single_family,7035.0,Inactive,309900,2022-04-19T15:48:15.694Z,115,3.0,2.0,1979.0,1988.0,12.644008170618003
"5463-Vineland-Rd,-Apt-5104,-Orlando,-FL-32811","5463 Vineland Rd, Apt 5104, Orlando, FL 32811",5463 Vineland Rd,Apt 5104,Orlando,FL,32811,Orange County,28.486205,-81.452185,condo,7035.0,Inactive,227000,2022-05-10T13:09:53.145Z,95,2.0,2.0,1093.0,1988.0,12.33270970174018
"5578-Green-Shadows-Pl,-Unit-1,-Orlando,-FL-32811","5578 Green Shadows Pl, Unit 1, Orlando, FL 32811",5578 Green Shadows Pl,Unit 1,Orlando,FL,32811,Orange County,28.500933,-81.456773,condo,7035.0,Inactive,160000,2022-04-21T13:59:17.875Z,114,2.0,1.0,816.0,1988.0,11.982935344196433
"5071-Blue-Flag-St,-Orlando,-FL-32811","5071 Blue Flag St, Orlando, FL 32811",5071 Blue Flag St,,Orlando,FL,32811,Orange County,28.491979,-81.447289,single_family,7035.0,Inactive,609000,2022-02-24T14:05:47.922Z,170,4.0,2.5,2975.0,1988.0,13.31957518872681
"4062-Minoso-St,-Orlando,-FL-32811","4062 Minoso St, Orlando, FL 32811",4062 Minoso St,,Orlando,FL,32811,Orange County,28.525822,-81.427508,single_family,7035.0,Inactive,269900,2021-04-18T13:12:58.199Z,482,3.0,2.0,1418.0,1988.0,12.505810504075185
"5530-Metrowest-Blvd,-Unit-9-112,-Orlando,-FL-32811","5530 Metrowest Blvd, Unit 9-112, Orlando, FL 32811",5530 Metrowest Blvd,Unit 9-112,Orlando,FL,32811,Orange County,28.512413,-81.456627,condo,7035.0,Inactive,169000,2022-01-29T10:51:20.165Z,196,2.0,2.0,1126.0,1988.0,12.037659911047468
"4700-N-Kirkland-Blvd,-Orlando,-FL-32811","4700 N Kirkland Blvd, Orlando, FL 32811",4700 N Kirkland Blvd,,Orlando,FL,32811,Orange County,28.516081,-81.440218,single_family,7035.0,Inactive,279900,2022-04-02T12:14:31.751Z,133,4.0,2.0,1250.0,1988.0,12.5421912482017
"4917-Vista-Lago-Dr,-Orlando,-FL-32811","4917 Vista Lago Dr, Orlando, FL 32811",4917 Vista Lago Dr,,Orlando,FL,32811,Orange County,28.53252,-81.445738,single_family,7035.0,Inactive,279999,2021-11-09T12:03:52.427Z,277,3.0,2.0,1016.0,1988.0,12.542544882151386
"4881-Cypress-Woods-Dr,-Apt-3212,-Orlando,-FL-32811","4881 Cypress Woods Dr, Apt 3212, Orlando, FL 32811",4881 Cypress Woods Dr,Apt 3212,Orlando,FL,32811,Orange County,28.493626,-81.451883,condo,7035.0,Inactive,269900,2022-05-13T13:11:13.409Z,92,2.0,2.0,1405.0,1988.0,12.505810504075185
"4926-Cutler-St,-Orlando,-FL-32811","4926 Cutler St, Orlando, FL 32811",4926 Cutler St,,Orlando,FL,32811,Orange County,28.525609,-81.445338,single_family,7035.0,Inactive,265000,2021-12-16T12:27:15.437Z,240,3.0,1.0,1060.0,1988.0,12.487488878546145
"4461-Weldon-Pl,-Orlando,-FL-32811","4461 Weldon Pl, Orlando, FL 32811",4461 Weldon Pl,,Orlando,FL,32811,Orange County,28.519537,-81.435721,single_family,7035.0,Inactive,250000,2021-11-13T08:44:45.073Z,273,3.0,1.0,985.0,1988.0,12.429220196836383
"5471-Vineland-Rd,-Apt-7308,-Orlando,-FL-32811","5471 Vineland Rd, Apt 7308, Orlando, FL 32811",5471 Vineland Rd,Apt 7308,Orlando,FL,32811,Orange County,28.485167,-81.451987,condo,7035.0,Inactive,235000,2022-05-03T12:11:23.228Z,102,2.0,2.0,1043.0,1988.0,12.367345048436391
"5459-Vineland-Rd,-Apt-4108,-Orlando,-FL-32811","5459 Vineland Rd, Apt 4108, Orlando, FL 32811",5459 Vineland Rd,Apt 4108,Orlando,FL,32811,Orange County,28.486665,-81.451646,condo,7035.0,Inactive,235000,2022-02-28T11:47:20.973Z,166,3.0,2.0,1200.0,1988.0,12.367345048436391
"5304-Indian-Creek-Dr,-Unit-D,-Orlando,-FL-32811","5304 Indian Creek Dr, Unit D, Orlando, FL 32811",5304 Indian Creek Dr,Unit D,Orlando,FL,32811,Orange County,28.492122,-81.452757,condo,7035.0,Inactive,141900,2021-04-20T11:18:23.267Z,480,2.0,2.0,1123.0,1988.0,11.862884910339652
"5305-Indian-Creek-Dr,-Unit-D,-Orlando,-FL-32811","5305 Indian Creek Dr, Unit D, Orlando, FL 32811",5305 Indian Creek Dr,Unit D,Orlando,FL,32811,Orange County,28.49253,-81.452807,condo,7035.0,Inactive,100000,2022-05-10T11:12:19.168Z,95,2.0,2.0,1123.0,1988.0,11.51293546492023
"215-Pearlwood-St,-Orlando,-FL-32811","215 Pearlwood St, Orlando, FL 32811",215 Pearlwood St,,Orlando,FL,32811,Orange County,28.545391,-81.446329,single_family,7035.0,Inactive,200000,2022-05-05T11:17:15.572Z,100,4.0,2.0,1164.0,1988.0,12.206077645517674
"5313-Burning-Tree-Dr,-Unit-D,-Orlando,-FL-32811","5313 Burning Tree Dr, Unit D, Orlando, FL 32811",5313 Burning Tree Dr,Unit D,Orlando,FL,32811,Orange County,28.491861,-81.452368,condo,7035.0,Inactive,144900,2022-04-26T13:59:58.731Z,109,2.0,2.0,1123.0,1988.0,11.88380602959621
"4833-Cypress-Woods-Dr,-Apt-4108,-Orlando,-FL-32811","4833 Cypress Woods Dr, Apt 4108, Orlando, FL 32811",4833 Cypress Woods Dr,Apt 4108,Orlando,FL,32811,Orange County,28.492899,-81.451607,condo,7035.0,Inactive,255000,2022-04-15T12:34:02.363Z,120,3.0,2.0,1351.0,1988.0,12.449022745701502
"4836-Normandy-Pl,-Unit-101,-Orlando,-FL-32811","4836 Normandy Pl, Unit 101, Orlando, FL 32811",4836 Normandy Pl,Unit 101,Orlando,FL,32811,Orange County,28.495819,-81.443137,condo,7035.0,Inactive,239900,2022-04-09T12:12:51.515Z,126,3.0,2.0,1263.0,1988.0,12.3879816172226
"3017-Cumler-Ct,-Orlando,-FL-32811","3017 Cumler Ct, Orlando, FL 32811",3017 Cumler Ct,,Orlando,FL,32811,Orange County,28.511337,-81.429353,single_family,7035.0,Inactive,290000,2021-12-01T09:36:22.354Z,255,3.0,2.0,1481.0,1988.0,12.577639650232573
"5397-Vineland-Rd,-Unit-5D,-Orlando,-FL-32811","5397 Vineland Rd, Unit 5D, Orlando, FL 32811",5397 Vineland Rd,Unit 5D,Orlando,FL,32811,Orange County,28.483902,-81.448719,condo,7035.0,Inactive,300000,2022-04-07T13:01:47.599Z,128,3.0,2.5,1677.0,1988.0,12.611541086966115
"4542-Evers-Pl,-Orlando,-FL-32811","4542 Evers Pl, Orlando, FL 32811",4542 Evers Pl,,Orlando,FL,32811,Orange County,28.520511,-81.437378,single_family,7035.0,Inactive,229900,2022-03-31T11:22:16.666Z,135,3.0,1.5,1170.0,1988.0,12.345404060459082
"4838-Pebble-Beach-Dr,-Unit-A,-Orlando,-FL-32811","4838 Pebble Beach Dr, Unit A, Orlando, FL 32811",4838 Pebble Beach Dr,Unit A,Orlando,FL,32811,Orange County,28.492831,-81.453482,condo,7035.0,Inactive,202000,2022-04-14T11:51:39.481Z,121,2.0,2.5,1526.0,1988.0,12.216027926866138
"5156-Conroy-Rd,-Unit-22,-Orlando,-FL-32811","5156 Conroy Rd, Unit 22, Orlando, FL 32811",5156 Conroy Rd,Unit 22,Orlando,FL,32811,Orange County,28.493664,-81.44552,condo,7035.0,Inactive,200000,2021-09-23T14:49:42.601Z,324,3.0,2.0,1237.0,1988.0,12.206077645517674
"5308-Bamboo-Ct,-Unit-450,-Orlando,-FL-32811","5308 Bamboo Ct, Unit 450, Orlando, FL 32811",5308 Bamboo Ct,Unit 450,Orlando,FL,32811,Orange County,28.496211,-81.451285,condo,7035.0,Inactive,209500,2022-04-08T12:39:41.097Z,127,2.0,2.5,1285.0,1988.0,12.252483791602627
"5318-Pebble-Beach-Dr,-Unit-D,-Orlando,-FL-32811","5318 Pebble Beach Dr, Unit D, Orlando, FL 32811",5318 Pebble Beach Dr,Unit D,Orlando,FL,32811,Orange County,28.492805,-81.452952,condo,7035.0,Inactive,150000,2020-10-07T13:17:29.603Z,675,2.0,2.0,1123.0,1988.0,11.918397239722838
"4849-Cypress-Woods-Dr,-Apt-1302,-Orlando,-FL-32811","4849 Cypress Woods Dr, Apt 1302, Orlando, FL 32811",4849 Cypress Woods Dr,Apt 1302,Orlando,FL,32811,Orange County,28.493637,-81.451099,condo,7035.0,Inactive,210000,2022-05-06T10:32:03.220Z,99,2.0,2.0,1107.0,1988.0,12.25486757159303
"5455-Vineland-Rd,-Apt-3203,-Orlando,-FL-32811","5455 Vineland Rd, Apt 3203, Orlando, FL 32811",5455 Vineland Rd,Apt 3203,Orlando,FL,32811,Orange County,28.485841,-81.451439,condo,7035.0,Inactive,147000,2022-04-30T11:40:28.712Z,105,1.0,1.0,820.0,1988.0,11.898194668458823
"5386-Bamboo-Ct,-Unit-486,-Orlando,-FL-32811","5386 Bamboo Ct, Unit 486, Orlando, FL 32811",5386 Bamboo Ct,Unit 486,Orlando,FL,32811,Orange County,28.496323,-81.452694,condo,7035.0,Inactive,230000,2022-04-17T14:55:06.344Z,118,2.0,2.5,1285.0,1988.0,12.345838935721968
"617-S-Ivey-Ln,-Orlando,-FL-32811","617 S Ivey Ln, Orlando, FL 32811",617 S Ivey Ln,,Orlando,FL,32811,Orange County,28.53564,-81.43402,single_family,7035.0,Inactive,210000,2020-12-05T14:19:42.861Z,616,3.0,2.0,1119.0,1988.0,12.25486757159303
"4375-Shadow-Crest-Pl,-Unit-1,-Orlando,-FL-32811","4375 Shadow Crest Pl, Unit 1, Orlando, FL 32811",4375 Shadow Crest Pl,Unit 1,Orlando,FL,32811,Orange County,28.49924,-81.455366,condo,7035.0,Inactive,195000,2022-04-09T11:16:12.500Z,126,2.0,2.0,992.0,1988.0,12.180759965737863
"5120-Conroy-Rd,-Unit-534,-Orlando,-FL-32811","5120 Conroy Rd, Unit 534, Orlando, FL 32811",5120 Conroy Rd,Unit 534,Orlando,FL,32811,Orange County,28.495202,-81.446353,condo,7035.0,Inactive,145000,2022-04-16T12:01:16.712Z,119,1.0,1.0,711.0,1988.0,11.884495917930655
"5132-Conroy-Rd,-Unit-9-21,-Orlando,-FL-32811","5132 Conroy Rd, Unit 9-21, Orlando, FL 32811",5132 Conroy Rd,Unit 9-21,Orlando,FL,32811,Orange County,28.494089,-81.445371,condo,7035.0,Inactive,239000,2022-04-15T12:31:31.845Z,120,3.0,2.0,1237.0,1988.0,12.384223015005313
"5156-Conroy-Rd,-Unit-31,-Orlando,-FL-32811","5156 Conroy Rd, Unit 31, Orlando, FL 32811",5156 Conroy Rd,Unit 31,Orlando,FL,32811,Orange County,28.493664,-81.44552,condo,7035.0,Inactive,215000,2020-09-15T19:57:36.280Z,696,3.0,2.0,1237.0,1988.0,12.278397958261774
"4422-Huppel-Ave,-Orlando,-FL-32811","4422 Huppel Ave, Orlando, FL 32811",4422 Huppel Ave,,Orlando,FL,32811,Orange County,28.535951,-81.435421,single_family,7035.0,Inactive,289900,2022-03-19T13:00:36.136Z,147,3.0,2.0,1653.0,1988.0,12.57729476436913
"4881-Cypress-Woods-Dr,-Apt-3312,-Orlando,-FL-32811","4881 Cypress Woods Dr, Apt 3312, Orlando, FL 32811",4881 Cypress Woods Dr,Apt 3312,Orlando,FL,32811,Orange County,28.493626,-81.451883,condo,7035.0,Inactive,269800,2022-03-09T12:33:22.854Z,157,3.0,2.0,1405.0,1988.0,12.505439929198145
"5451-Vineland-Rd,-Apt-2201,-Orlando,-FL-32811","5451 Vineland Rd, Apt 2201, Orlando, FL 32811",5451 Vineland Rd,Apt 2201,Orlando,FL,32811,Orange County,28.485,-81.451169,condo,7035.0,Inactive,215000,2022-03-29T10:41:33.911Z,137,2.0,2.0,1004.0,1988.0,12.278397958261774
"2514-Willie-Mays-Pkwy,-Orlando,-FL-32811","2514 Willie Mays Pkwy, Orlando, FL 32811",2514 Willie Mays Pkwy,,Orlando,FL,32811,Orange County,28.514551,-81.43822,single_family,7035.0,Inactive,240000,2022-03-29T12:24:12.788Z,136,3.0,2.0,1085.0,1988.0,12.388398368982115
"1732-Ravenall-Ave,-Orlando,-FL-32811","1732 Ravenall Ave, Orlando, FL 32811",1732 Ravenall Ave,,Orlando,FL,32811,Orange County,28.521392,-81.439285,single_family,7035.0,Inactive,299999,2022-04-19T15:26:59.199Z,114,4.0,2.0,1250.0,1988.0,12.611537753638338
"5321-Indian-Creek-Dr,-Unit-D,-Orlando,-FL-32811","5321 Indian Creek Dr, Unit D, Orlando, FL 32811",5321 Indian Creek Dr,Unit D,Orlando,FL,32811,Orange County,28.492282,-81.453387,condo,7035.0,Inactive,150000,2022-04-16T12:01:16.737Z,117,2.0,2.0,1123.0,1988.0,11.918397239722838
"5250-Middle-Ct,-Unit-101,-Orlando,-FL-32811","5250 Middle Ct, Unit 101, Orlando, FL 32811",5250 Middle Ct,Unit 101,Orlando,FL,32811,Orange County,28.498347,-81.450431,condo,7035.0,Inactive,200000,2022-04-07T11:30:07.243Z,126,2.0,2.5,1285.0,1988.0,12.206077645517674
"4141-Pappy-Kennedy-St,-Orlando,-FL-32811","4141 Pappy Kennedy St, Orlando, FL 32811",4141 Pappy Kennedy St,,Orlando,FL,32811,Orange County,28.524394,-81.42902,single_family,7035.0,Inactive,290000,2022-01-10T12:40:50.757Z,213,4.0,2.0,1780.0,1988.0,12.577639650232573
"5408-Pine-Creek-Dr,-Unit-1608,-Orlando,-FL-32811","5408 Pine Creek Dr, Unit 1608, Orlando, FL 32811",5408 Pine Creek Dr,Unit 1608,Orlando,FL,32811,Orange County,28.49369,-81.453916,condo,7035.0,Inactive,149900,2021-09-14T13:58:23.865Z,331,2.0,2.0,1141.0,1988.0,11.917730355182513
"4850-Marks-Ter,-Unit-401B2L,-Orlando,-FL-32811","4850 Marks Ter, Unit 401B2L, Orlando, FL 32811",4850 Marks Ter,Unit 401B2L,Orlando,FL,32811,Orange County,28.496666,-81.444028,condo,7035.0,Inactive,259000,2022-03-26T13:18:09.715Z,138,3.0,2.0,1072.0,1988.0,12.464587201678082
"4304-S-Kirkman-Rd,-Apt-104,-Orlando,-FL-32811","4304 S Kirkman Rd, Apt 104, Orlando, FL 32811",4304 S Kirkman Rd,Apt 104,Orlando,FL,32811,Orange County,28.49852,-81.460116,condo,7035.0,Inactive,180000,2022-02-17T11:08:06.900Z,175,2.0,2.0,1042.0,1988.0,12.100717685412471
"4412-Shadow-Crest-Pl,-Unit-3,-Orlando,-FL-32811","4412 Shadow Crest Pl, Unit 3, Orlando, FL 32811",4412 Shadow Crest Pl,Unit 3,Orlando,FL,32811,Orange County,28.498682,-81.455166,condo,7035.0,Inactive,179900,2022-04-02T10:50:43.446Z,131,2.0,1.5,909.0,1988.0,12.100161978566867
"4933-Carter-St,-Orlando,-FL-32811","4933 Carter St, Orlando, FL 32811",4933 Carter St,,Orlando,FL,32811,Orange County,28.534512,-81.445584,single_family,7035.0,Inactive,299900,2021-12-20T13:56:22.943Z,234,3.0,2.0,1293.0,1988.0,12.611207699176356
"4252-Tatum-St,-Orlando,-FL-32811","4252 Tatum St, Orlando, FL 32811",4252 Tatum St,,Orlando,FL,32811,Orange County,28.516944,-81.431426,single_family,7035.0,Inactive,259900,2022-01-31T11:03:22.365Z,192,3.0,1.0,1020.0,1988.0,12.468056068255885
"5609-Blue-Shadows-Ct,-Unit-4,-Orlando,-FL-32811","5609 Blue Shadows Ct, Unit 4, Orlando, FL 32811",5609 Blue Shadows Ct,Unit 4,Orlando,FL,32811,Orange County,28.498662,-81.457006,condo,7035.0,Inactive,205000,2022-03-21T11:21:34.461Z,143,2.0,2.0,932.0,1988.0,12.230770136157428
"5467-Vineland-Rd,-Apt-6307,-Orlando,-FL-32811","5467 Vineland Rd, Apt 6307, Orlando, FL 32811",5467 Vineland Rd,Apt 6307,Orlando,FL,32811,Orange County,28.485498,-81.452508,condo,7035.0,Inactive,147900,2022-04-11T10:59:40.113Z,122,1.0,1.0,723.0,1988.0,11.904298410001253
"4671-King-Cole-Blvd,-Orlando,-FL-32811","4671 King Cole Blvd, Orlando, FL 32811",4671 King Cole Blvd,,Orlando,FL,32811,Orange County,28.518791,-81.439978,single_family,7035.0,Inactive,250000,2022-03-15T12:29:15.590Z,149,3.0,1.5,1024.0,1988.0,12.429220196836383
"5560-Metrowest-Blvd,-Unit-3-304,-Orlando,-FL-32811","5560 Metrowest Blvd, Unit 3-304, Orlando, FL 32811",5560 Metrowest Blvd,Unit 3-304,Orlando,FL,32811,Orange County,28.510979,-81.458351,condo,7035.0,Inactive,190000,2022-03-31T09:54:35.987Z,133,2.0,2.0,1159.0,1988.0,12.154784614286667
"5530-Metrowest-Blvd,-Unit-30,-Orlando,-FL-32811","5530 Metrowest Blvd, Unit 30, Orlando, FL 32811",5530 Metrowest Blvd,Unit 30,Orlando,FL,32811,Orange County,28.512412,-81.456625,condo,7035.0,Inactive,215000,2022-01-14T11:37:56.919Z,209,2.0,2.0,1159.0,1988.0,12.278397958261774
"4807-Brighton-Ter,-Unit-F202,-Orlando,-FL-32811","4807 Brighton Ter, Unit F202, Orlando, FL 32811",4807 Brighton Ter,Unit F202,Orlando,FL,32811,Orange County,28.495546,-81.442732,condo,7035.0,Inactive,202000,2022-02-05T10:01:47.729Z,187,2.0,2.0,1080.0,1988.0,12.216027926866138
"5328-Brook-Ct,-Unit-204,-Orlando,-FL-32811","5328 Brook Ct, Unit 204, Orlando, FL 32811",5328 Brook Ct,Unit 204,Orlando,FL,32811,Orange County,28.498936,-81.452543,condo,7035.0,Inactive,175000,2022-04-13T13:56:04.702Z,120,2.0,2.5,1285.0,1988.0,12.07254696717504
"5072-Longmeadow-Park-St,-Orlando,-FL-32811","5072 Longmeadow Park St, Orlando, FL 32811",5072 Longmeadow Park St,,Orlando,FL,32811,Orange County,28.490973,-81.44704,single_family,7035.0,Inactive,609000,2022-03-12T14:32:05.772Z,152,4.0,3.5,2993.0,1988.0,13.31957518872681
"4444-W-Gore-Ave,-Orlando,-FL-32811","4444 W Gore Ave, Orlando, FL 32811",4444 W Gore Ave,,Orlando,FL,32811,Orange County,28.53042,-81.435923,single_family,7035.0,Inactive,295000,2022-02-02T13:11:02.645Z,190,3.0,2.0,1462.0,1988.0,12.59473402514672
"325-Pearlwood-St,-Orlando,-FL-32811","325 Pearlwood St, Orlando, FL 32811",325 Pearlwood St,,Orlando,FL,32811,Orange County,28.546049,-81.446329,single_family,7035.0,Inactive,279900,2022-03-12T13:40:18.082Z,152,3.0,2.0,1200.0,1988.0,12.5421912482017
"4444-Weldon-Pl,-Orlando,-FL-32811","4444 Weldon Pl, Orlando, FL 32811",4444 Weldon Pl,,Orlando,FL,32811,Orange County,28.519101,-81.435314,single_family,7035.0,Inactive,245000,2022-03-05T11:59:40.913Z,159,3.0,1.0,1083.0,1988.0,12.409017571151187
"5459-Vineland-Rd,-Apt-4111,-Orlando,-FL-32811","5459 Vineland Rd, Apt 4111, Orlando, FL 32811",5459 Vineland Rd,Apt 4111,Orlando,FL,32811,Orange County,28.486665,-81.451646,condo,7035.0,Inactive,148000,2022-03-13T10:39:13.136Z,151,1.0,1.0,734.0,1988.0,11.904974309480183
"404-Pearlwood-St,-Orlando,-FL-32811","404 Pearlwood St, Orlando, FL 32811",404 Pearlwood St,,Orlando,FL,32811,Orange County,28.547309,-81.446905,single_family,7035.0,Inactive,135000,2021-06-19T11:24:00.908Z,418,2.0,1.0,740.0,1988.0,11.813037464800539
"5382-Elm-Ct,-Unit-356,-Orlando,-FL-32811","5382 Elm Ct, Unit 356, Orlando, FL 32811",5382 Elm Ct,Unit 356,Orlando,FL,32811,Orange County,28.497515,-81.452907,condo,7035.0,Inactive,225000,2022-03-28T12:40:28.593Z,136,2.0,2.5,1285.0,1988.0,12.323860125621126
"4834-Normandy-Pl,-Unit-D,-Orlando,-FL-32811","4834 Normandy Pl, Unit D, Orlando, FL 32811",4834 Normandy Pl,Unit D,Orlando,FL,32811,Orange County,28.495819,-81.443137,condo,7035.0,Inactive,202000,2022-04-08T12:39:41.089Z,125,2.0,2.0,1080.0,1988.0,12.216027926866138
"5459-Vineland-Rd,-Apt-4204,-Orlando,-FL-32811","5459 Vineland Rd, Apt 4204, Orlando, FL 32811",5459 Vineland Rd,Apt 4204,Orlando,FL,32811,Orange County,28.486665,-81.451646,condo,7035.0,Inactive,145000,2022-04-11T10:59:40.110Z,122,1.0,1.0,820.0,1988.0,11.884495917930655
"4318-Middlebrook-Rd,-Unit-2,-Orlando,-FL-32811","4318 Middlebrook Rd, Unit 2, Orlando, FL 32811",4318 Middlebrook Rd,Unit 2,Orlando,FL,32811,Orange County,28.499447,-81.453478,condo,7035.0,Inactive,219900,2022-03-19T11:03:18.283Z,145,2.0,2.0,1099.0,1988.0,12.300932724054114
"5132-Conroy-Rd,-Unit-922,-Orlando,-FL-32811","5132 Conroy Rd, Unit 922, Orlando, FL 32811",5132 Conroy Rd,Unit 922,Orlando,FL,32811,Orange County,28.494089,-81.445371,condo,7035.0,Inactive,194995,2022-04-17T14:09:58.326Z,116,3.0,2.0,1237.0,1988.0,12.18073432451498
"5548-Metrowest-Blvd,-Unit-6-311,-Orlando,-FL-32811","5548 Metrowest Blvd, Unit 6-311, Orlando, FL 32811",5548 Metrowest Blvd,Unit 6-311,Orlando,FL,32811,Orange County,28.511238,-81.456696,condo,7035.0,Inactive,190000,2022-04-05T12:26:52.561Z,128,2.0,2.0,1073.0,1988.0,12.154784614286667
"4746-Capri-Pl,-Unit-213,-Orlando,-FL-32811","4746 Capri Pl, Unit 213, Orlando, FL 32811",4746 Capri Pl,Unit 213,Orlando,FL,32811,Orange County,28.494792,-81.440903,condo,7035.0,Inactive,212800,2022-01-07T11:54:11.580Z,216,2.0,2.0,1105.0,1988.0,12.268112735686705
"5578-Metrowest-Blvd,-Unit-1-101,-Orlando,-FL-32811","5578 Metrowest Blvd, Unit 1-101, Orlando, FL 32811",5578 Metrowest Blvd,Unit 1-101,Orlando,FL,32811,Orange County,28.512564,-81.458004,condo,7035.0,Inactive,210000,2021-07-11T13:15:03.889Z,396,3.0,2.0,1362.0,1988.0,12.25486757159303
"4688-Silver-Birch-Way,-Orlando,-FL-32811","4688 Silver Birch Way, Orlando, FL 32811",4688 Silver Birch Way,,Orlando,FL,32811,Orange County,28.49053,-81.449046,single_family,7035.0,Inactive,439900,2022-02-19T13:37:52.771Z,173,3.0,2.5,1542.0,1988.0,12.994304980578146
"3331-S-Kirkman-Rd,-Apt-518,-Orlando,-FL-32811","3331 S Kirkman Rd, Apt 518, Orlando, FL 32811",3331 S Kirkman Rd,Apt 518,Orlando,FL,32811,Orange County,28.507949,-81.456417,condo,7035.0,Inactive,280000,2022-03-18T13:08:40.374Z,146,3.0,2.0,1678.0,1988.0,12.54254845357358
"4223-Owens-St,-Orlando,-FL-32811","4223 Owens St, Orlando, FL 32811",4223 Owens St,,Orlando,FL,32811,Orange County,28.521252,-81.430401,single_family,7035.0,Inactive,250000,2022-03-04T12:25:44.289Z,160,3.0,2.0,1906.0,1988.0,12.429220196836383
"5384-Elm-Ct,-Unit-357,-Orlando,-FL-32811","5384 Elm Ct, Unit 357, Orlando, FL 32811",5384 Elm Ct,Unit 357,Orlando,FL,32811,Orange County,28.497515,-81.452907,condo,7035.0,Inactive,209900,2022-03-02T11:25:52.419Z,162,2.0,2.5,1285.0,1988.0,12.254391269970792
"4521-Carter-St,-Orlando,-FL-32811","4521 Carter St, Orlando, FL 32811",4521 Carter St,,Orlando,FL,32811,Orange County,28.53463,-81.437174,single_family,7035.0,Inactive,309990,2021-02-12T08:44:25.905Z,545,3.0,3.0,1558.0,1988.0,12.64429854378182
"4921-Carter-St,-Orlando,-FL-32811","4921 Carter St, Orlando, FL 32811",4921 Carter St,,Orlando,FL,32811,Orange County,28.534515,-81.445429,single_family,7035.0,Inactive,250000,2021-12-17T12:31:54.989Z,237,3.0,2.0,1215.0,1988.0,12.429220196836383
"4165-Minoso-St,-Orlando,-FL-32811","4165 Minoso St, Orlando, FL 32811",4165 Minoso St,,Orlando,FL,32811,Orange County,28.526346,-81.429274,single_family,7035.0,Inactive,155000,2021-12-23T13:36:44.852Z,231,3.0,1.0,775.0,1988.0,11.951186847493476
"4157-Pappy-Kennedy-St,-Orlando,-FL-32811","4157 Pappy Kennedy St, Orlando, FL 32811",4157 Pappy Kennedy St,,Orlando,FL,32811,Orange County,28.52439,-81.429308,single_family,7035.0,Inactive,290000,2022-03-02T12:07:07.566Z,162,4.0,2.0,1780.0,1988.0,12.577639650232573
"5002-Lescot-Ln,-Orlando,-FL-32811","5002 Lescot Ln, Orlando, FL 32811",5002 Lescot Ln,,Orlando,FL,32811,Orange County,28.52447,-81.446157,single_family,7035.0,Inactive,205000,2022-01-09T11:43:42.124Z,214,3.0,1.5,1200.0,1988.0,12.230770136157428
"4814-Brighton-Ter,-Unit-G,-Orlando,-FL-32811","4814 Brighton Ter, Unit G, Orlando, FL 32811",4814 Brighton Ter,Unit G,Orlando,FL,32811,Lake County,28.495066,-81.442595,condo,7035.0,Inactive,220000,2022-03-26T12:54:44.055Z,138,3.0,2.0,1263.0,1988.0,12.301387370778713
"4414-White-Pine-Ave,-Unit-1,-Orlando,-FL-32811","4414 White Pine Ave, Unit 1, Orlando, FL 32811",4414 White Pine Ave,Unit 1,Orlando,FL,32811,Lake County,28.498214,-81.458409,condo,7035.0,Inactive,195000,2022-03-23T09:32:28.335Z,141,2.0,2.0,963.0,1988.0,12.180759965737863
"4633-Cason-Cove-Dr,-Apt-1723,-Orlando,-FL-32811","4633 Cason Cove Dr, Apt 1723, Orlando, FL 32811",4633 Cason Cove Dr,Apt 1723,Orlando,FL,32811,Lake County,28.497767,-81.437564,condo,7035.0,Inactive,139000,2022-03-25T07:56:17.637Z,139,1.0,1.0,700.0,1988.0,11.842236406331555
"5201-Dove-Tree-St,-Orlando,-FL-32811","5201 Dove Tree St, Orlando, FL 32811",5201 Dove Tree St,,Orlando,FL,32811,Orange County,28.490854,-81.449697,single_family,7035.0,Inactive,625000,2022-03-02T13:58:41.959Z,162,5.0,3.5,2927.0,1988.0,13.345508528717259
"4248-Minoso-St,-Orlando,-FL-32811","4248 Minoso St, Orlando, FL 32811",4248 Minoso St,,Orlando,FL,32811,Orange County,28.525791,-81.431504,single_family,7035.0,Inactive,199900,2022-03-10T10:40:14.285Z,154,3.0,1.0,1067.0,1988.0,12.20557752297723
"5132-Conroy-Rd,-Unit-13,-Orlando,-FL-32811","5132 Conroy Rd, Unit 13, Orlando, FL 32811",5132 Conroy Rd,Unit 13,Orlando,FL,32811,Orange County,28.494172,-81.445552,condo,7035.0,Inactive,185000,2022-02-25T11:42:41.960Z,167,2.0,2.0,1028.0,1988.0,12.128116509451258
"5471-Vineland-Rd,-Apt-7309,-Orlando,-FL-32811","5471 Vineland Rd, Apt 7309, Orlando, FL 32811",5471 Vineland Rd,Apt 7309,Orlando,FL,32811,Orange County,28.485167,-81.451987,condo,7035.0,Inactive,250000,2022-02-10T12:53:37.147Z,182,3.0,2.0,1232.0,1988.0,12.429220196836383
"5393-Elm-Ct,-Unit-308,-Orlando,-FL-32811","5393 Elm Ct, Unit 308, Orlando, FL 32811",5393 Elm Ct,Unit 308,Orlando,FL,32811,Orange County,28.498457,-81.452839,condo,7035.0,Inactive,224900,2021-12-31T12:01:14.260Z,223,2.0,2.5,1285.0,1988.0,12.323415584358154
"4760-Walden-Cir,-Apt-514,-Orlando,-FL-32811","4760 Walden Cir, Apt 514, Orlando, FL 32811",4760 Walden Cir,Apt 514,Orlando,FL,32811,Orange County,28.489242,-81.440581,condo,7035.0,Inactive,119900,2022-03-17T09:40:07.762Z,147,1.0,1.0,560.0,1988.0,11.694421681264394
"4833-Cypress-Woods-Dr,-Apt-4112,-Orlando,-FL-32811","4833 Cypress Woods Dr, Apt 4112, Orlando, FL 32811",4833 Cypress Woods Dr,Apt 4112,Orlando,FL,32811,Orange County,28.492899,-81.451607,condo,7035.0,Inactive,285000,2020-09-20T19:35:01.639Z,689,3.0,2.0,1405.0,1988.0,12.560247968016562
"2143-S-Ivey-Ln,-Orlando,-FL-32811","2143 S Ivey Ln, Orlando, FL 32811",2143 S Ivey Ln,,Orlando,FL,32811,Orange County,28.51766,-81.433795,single_family,7035.0,Inactive,295000,2021-02-17T13:06:12.244Z,540,3.0,1.5,1688.0,1988.0,12.59473402514672
"1920-Willie-Mays-Pkwy,-Orlando,-FL-32811","1920 Willie Mays Pkwy, Orlando, FL 32811",1920 Willie Mays Pkwy,,Orlando,FL,32811,Orange County,28.519478,-81.438266,single_family,7035.0,Inactive,279900,2021-08-19T12:45:28.265Z,357,4.0,2.0,1446.0,1988.0,12.5421912482017
"1615-Cresthaven-Ave,-Orlando,-FL-32811","1615 Cresthaven Ave, Orlando, FL 32811",1615 Cresthaven Ave,,Orlando,FL,32811,Orange County,28.522918,-81.430382,single_family,7035.0,Inactive,267500,2021-11-03T13:06:22.667Z,281,3.0,2.0,1593.0,1988.0,12.496878583628968
"5542-Metrowest-Blvd,-Apt-108,-Orlando,-FL-32811","5542 Metrowest Blvd, Apt 108, Orlando, FL 32811",5542 Metrowest Blvd,Apt 108,Orlando,FL,32811,Orange County,28.511219,-81.455794,condo,7035.0,Inactive,215000,2022-02-25T11:56:38.948Z,167,2.0,2.0,1073.0,1988.0,12.278397958261774
"4833-Cypress-Woods-Dr,-Apt-4208,-Orlando,-FL-32811","4833 Cypress Woods Dr, Apt 4208, Orlando, FL 32811",4833 Cypress Woods Dr,Apt 4208,Orlando,FL,32811,Orange County,28.492899,-81.451607,condo,7035.0,Inactive,225000,2022-02-04T11:03:38.391Z,188,3.0,2.0,1351.0,1988.0,12.323860125621126
"5277-Vineland-Rd,-Unit-102,-Orlando,-FL-32811","5277 Vineland Rd, Unit 102, Orlando, FL 32811",5277 Vineland Rd,Unit 102,Orlando,FL,32811,Orange County,28.483684,-81.447116,condo,7035.0,Inactive,190000,2022-03-02T11:00:29.271Z,162,2.0,2.0,1048.0,1988.0,12.154784614286667
"5305-Burning-Tree-Dr,-Unit-D,-Orlando,-FL-32811","5305 Burning Tree Dr, Unit D, Orlando, FL 32811",5305 Burning Tree Dr,Unit D,Orlando,FL,32811,Orange County,28.491857,-81.452371,condo,7035.0,Inactive,140000,2020-10-25T13:16:46.874Z,655,2.0,2.0,1123.0,1988.0,11.849404844423074
"5124-Conroy-Rd,-Unit-21,-Orlando,-FL-32811","5124 Conroy Rd, Unit 21, Orlando, FL 32811",5124 Conroy Rd,Unit 21,Orlando,FL,32811,Orange County,28.494824,-81.445831,condo,7035.0,Inactive,185000,2022-03-05T10:28:23.930Z,159,2.0,2.0,988.0,1988.0,12.128116509451258
"5280-Willow-Ct,-Unit-512,-Orlando,-FL-32811","5280 Willow Ct, Unit 512, Orlando, FL 32811",5280 Willow Ct,Unit 512,Orlando,FL,32811,Orange County,28.49565,-81.451152,condo,7035.0,Inactive,197000,2022-02-10T11:56:11.261Z,182,2.0,2.5,1285.0,1988.0,12.190964083849375
"1714-Flores-Ct,-Orlando,-FL-32811","1714 Flores Ct, Orlando, FL 32811",1714 Flores Ct,,Orlando,FL,32811,Orange County,28.522302,-81.440184,single_family,7035.0,Inactive,110000,2022-02-16T10:47:20.374Z,176,4.0,2.0,1250.0,1988.0,11.608244735642321
"4748-Walden-Cir,-Apt-835,-Orlando,-FL-32811","4748 Walden Cir, Apt 835, Orlando, FL 32811",4748 Walden Cir,Apt 835,Orlando,FL,32811,Orange County,28.48953,-81.442472,condo,7035.0,Inactive,99000,2022-03-11T07:42:30.525Z,153,1.0,1.0,760.0,1988.0,11.502885230075814
"4830-Edgemoor-Ave,-Orlando,-FL-32811","4830 Edgemoor Ave, Orlando, FL 32811",4830 Edgemoor Ave,,Orlando,FL,32811,Orange County,28.542226,-81.444108,single_family,7035.0,Inactive,200000,2022-02-02T10:50:47.913Z,189,2.0,1.0,734.0,1988.0,12.206077645517674
"1034-Clovercrest-Rd,-Orlando,-FL-32811","1034 Clovercrest Rd, Orlando, FL 32811",1034 Clovercrest Rd,,Orlando,FL,32811,Orange County,28.528329,-81.451503,single_family,7035.0,Inactive,220000,2020-09-20T19:35:01.643Z,689,3.0,2.0,1103.0,1988.0,12.301387370778713
"4565-Kirkland-Blvd,-Orlando,-FL-32811","4565 Kirkland Blvd, Orlando, FL 32811",4565 Kirkland Blvd,,Orlando,FL,32811,Orange County,28.516564,-81.437329,single_family,7035.0,Inactive,215000,2020-09-24T16:22:56.751Z,685,3.0,2.0,1305.0,1988.0,12.278397958261774
"5467-Vineland-Rd,-Apt-6309,-Orlando,-FL-32811","5467 Vineland Rd, Apt 6309, Orlando, FL 32811",5467 Vineland Rd,Apt 6309,Orlando,FL,32811,Orange County,28.485498,-81.452508,condo,7035.0,Inactive,215000,2022-02-15T12:10:26.443Z,176,2.0,2.0,1043.0,1988.0,12.278397958261774
"4621-Elmira-Pl,-Orlando,-FL-32811","4621 Elmira Pl, Orlando, FL 32811",4621 Elmira Pl,,Orlando,FL,32811,Orange County,28.541511,-81.438429,single_family,7035.0,Inactive,219000,2021-02-09T05:59:30.309Z,547,3.0,1.0,777.0,1988.0,12.296831574998258
"4574-Barley-St,-Orlando,-FL-32811","4574 Barley St, Orlando, FL 32811",4574 Barley St,,Orlando,FL,32811,Orange County,28.540135,-81.437821,single_family,7035.0,Inactive,199000,2022-02-04T10:26:39.372Z,187,3.0,2.0,1024.0,1988.0,12.201065128819632
"5173-Vineland-Rd,-Unit-207,-Orlando,-FL-32811","5173 Vineland Rd, Unit 207, Orlando, FL 32811",5173 Vineland Rd,Unit 207,Orlando,FL,32811,Orange County,28.484314,-81.446584,condo,7035.0,Inactive,195000,2022-01-15T11:26:16.337Z,207,2.0,2.0,1048.0,1988.0,12.180759965737863
"5071-Southlawn-Ave,-Orlando,-FL-32811","5071 Southlawn Ave, Orlando, FL 32811",5071 Southlawn Ave,,Orlando,FL,32811,Orange County,28.486402,-81.45103,single_family,7035.0,Inactive,550000,2022-01-18T14:12:40.976Z,204,4.0,2.5,2994.0,1988.0,13.217675375388819
"5081-Dove-Tree-St,-Orlando,-FL-32811","5081 Dove Tree St, Orlando, FL 32811",5081 Dove Tree St,,Orlando,FL,32811,Orange County,28.492341,-81.448205,single_family,7035.0,Inactive,619900,2022-01-23T13:58:28.075Z,199,5.0,3.5,2974.0,1988.0,13.337315066852122
"4227-Gallimore-St,-Orlando,-FL-32811","4227 Gallimore St, Orlando, FL 32811",4227 Gallimore St,,Orlando,FL,32811,Orange County,28.518096,-81.430767,single_family,7035.0,Inactive,260000,2022-02-09T13:35:36.378Z,182,4.0,2.0,1419.0,1988.0,12.468440756144114
"4640-Stargell-Pl,-Orlando,-FL-32811","4640 Stargell Pl, Orlando, FL 32811",4640 Stargell Pl,,Orlando,FL,32811,Orange County,28.539386,-81.438767,single_family,7035.0,Inactive,200000,2022-01-19T12:18:08.891Z,203,3.0,2.0,1471.0,1988.0,12.206077645517674
"5418-Pine-Creek-Dr,-Unit-1702,-Orlando,-FL-32811","5418 Pine Creek Dr, Unit 1702, Orlando, FL 32811",5418 Pine Creek Dr,Unit 1702,Orlando,FL,32811,Orange County,28.493301,-81.454233,condo,7035.0,Inactive,190000,2021-08-08T13:07:39.262Z,367,3.0,2.5,1617.0,1988.0,12.154784614286667
"4761-Capri-Pl,-Unit-206,-Orlando,-FL-32811","4761 Capri Pl, Unit 206, Orlando, FL 32811",4761 Capri Pl,Unit 206,Orlando,FL,32811,Orange County,28.495322,-81.441076,condo,7035.0,Inactive,184900,2022-02-27T12:34:50.120Z,164,2.0,2.0,935.0,1988.0,12.127575825689417
"4524-Malibu-St,-Orlando,-FL-32811","4524 Malibu St, Orlando, FL 32811",4524 Malibu St,,Orlando,FL,32811,Orange County,28.53645,-81.436658,single_family,7035.0,Inactive,175000,2021-04-18T11:50:49.046Z,479,3.0,1.5,986.0,1988.0,12.07254696717504
"5278-Middle-Ct,-Unit-114,-Orlando,-FL-32811","5278 Middle Ct, Unit 114, Orlando, FL 32811",5278 Middle Ct,Unit 114,Orlando,FL,32811,Orange County,28.49799,-81.451101,condo,7035.0,Inactive,222000,2022-02-19T11:23:28.080Z,172,2.0,2.5,1285.0,1988.0,12.310437165348775
"4344-S-Kirkman-Rd,-Apt-604,-Orlando,-FL-32811","4344 S Kirkman Rd, Apt 604, Orlando, FL 32811",4344 S Kirkman Rd,Apt 604,Orlando,FL,32811,Orange County,28.497397,-81.4621,condo,7035.0,Inactive,182500,2021-12-09T11:50:40.099Z,244,2.0,2.0,1042.0,1988.0,12.114510931441727
"5301-Indian-Creek-Dr,-Unit-D,-Orlando,-FL-32811","5301 Indian Creek Dr, Unit D, Orlando, FL 32811",5301 Indian Creek Dr,Unit D,Orlando,FL,32811,Orange County,28.492526,-81.452797,condo,7035.0,Inactive,147500,2020-10-15T12:53:39.671Z,664,2.0,2.0,1123.0,1988.0,11.901590234400047
"4316-S-Kirkman-Rd,-Apt-1611,-Orlando,-FL-32811","4316 S Kirkman Rd, Apt 1611, Orlando, FL 32811",4316 S Kirkman Rd,Apt 1611,Orlando,FL,32811,Orange County,28.499047,-81.460968,condo,7035.0,Inactive,135000,2021-10-18T10:57:33.174Z,296,1.0,1.0,729.0,1988.0,11.813037464800539
"4198-Pinebark-Ave,-Unit-4,-Orlando,-FL-32811","4198 Pinebark Ave, Unit 4, Orlando, FL 32811",4198 Pinebark Ave,Unit 4,Orlando,FL,32811,Orange County,28.500704,-81.457479,condo,7035.0,Inactive,205000,2022-01-11T12:56:25.975Z,211,2.0,1.0,889.0,1988.0,12.230770136157428
"4406-King-Cole-Blvd,-Orlando,-FL-32811","4406 King Cole Blvd, Orlando, FL 32811",4406 King Cole Blvd,,Orlando,FL,32811,Orange County,28.518367,-81.434478,single_family,7035.0,Inactive,195000,2022-02-01T11:16:29.706Z,190,3.0,2.0,1053.0,1988.0,12.180759965737863
"5364-Elm-Ct,-Unit-346,-Orlando,-FL-32811","5364 Elm Ct, Unit 346, Orlando, FL 32811",5364 Elm Ct,Unit 346,Orlando,FL,32811,Orange County,28.497713,-81.452282,condo,7035.0,Inactive,199900,2022-01-29T11:27:39.077Z,193,2.0,2.5,1285.0,1988.0,12.20557752297723
"1412-Frazier-Ave,-Orlando,-FL-32811","1412 Frazier Ave, Orlando, FL 32811",1412 Frazier Ave,,Orlando,FL,32811,Orange County,28.52474,-81.454446,single_family,7035.0,Inactive,189900,2021-12-15T12:03:24.390Z,238,3.0,1.5,950.0,1988.0,12.15425816271595
"4736-Walden-Cir,-Unit-25,-Orlando,-FL-32811","4736 Walden Cir, Unit 25, Orlando, FL 32811",4736 Walden Cir,Unit 25,Orlando,FL,32811,Orange County,28.490154,-81.443572,condo,7035.0,Inactive,74900,2021-11-03T07:37:50.265Z,280,1.0,1.0,560.0,1988.0,11.223922520551032
"4088-N-Shellman-St,-Orlando,-FL-32811","4088 N Shellman St, Orlando, FL 32811",4088 N Shellman St,,Orlando,FL,32811,Orange County,28.524294,-81.427777,single_family,7035.0,Inactive,299900,2022-01-04T12:09:28.391Z,218,3.0,3.0,2405.0,1988.0,12.611207699176356
"4237-Lake-Richmond-Dr,-Orlando,-FL-32811","4237 Lake Richmond Dr, Orlando, FL 32811",4237 Lake Richmond Dr,,Orlando,FL,32811,Orange County,28.510688,-81.430989,single_family,7035.0,Inactive,169999,2022-02-07T12:12:21.794Z,184,3.0,1.0,974.0,1988.0,12.043553716032399
"4653-Elmira-Pl,-Orlando,-FL-32811","4653 Elmira Pl, Orlando, FL 32811",4653 Elmira Pl,,Orlando,FL,32811,Orange County,28.541519,-81.438833,single_family,7035.0,Inactive,234900,2022-01-10T12:11:06.782Z,212,3.0,2.0,1306.0,1988.0,12.366919427768636
"5291-Middle-Ct,-Unit-121,-Orlando,-FL-32811","5291 Middle Ct, Unit 121, Orlando, FL 32811",5291 Middle Ct,Unit 121,Orlando,FL,32811,Orange County,28.498077,-81.451528,condo,7035.0,Inactive,214900,2022-02-04T10:49:08.548Z,187,2.0,2.5,1285.0,1988.0,12.277932735946903
"5124-Conroy-Rd,-Unit-621,-Orlando,-FL-32811","5124 Conroy Rd, Unit 621, Orlando, FL 32811",5124 Conroy Rd,Unit 621,Orlando,FL,32811,Orange County,28.494857,-81.445947,condo,7035.0,Inactive,185000,2022-01-21T10:55:01.646Z,201,2.0,2.0,988.0,1988.0,12.128116509451258
"4720-Walden-Cir,-Unit-12,-Orlando,-FL-32811","4720 Walden Cir, Unit 12, Orlando, FL 32811",4720 Walden Cir,Unit 12,Orlando,FL,32811,Orange County,28.490975,-81.444024,condo,7035.0,Inactive,175000,2020-09-15T19:45:41.605Z,694,3.0,2.0,1111.0,1988.0,12.07254696717504
"5124-Conroy-Rd,-Unit-32,-Orlando,-FL-32811","5124 Conroy Rd, Unit 32, Orlando, FL 32811",5124 Conroy Rd,Unit 32,Orlando,FL,32811,Orange County,28.494824,-81.445831,condo,7035.0,Inactive,155000,2021-09-11T12:08:52.338Z,333,2.0,2.0,988.0,1988.0,11.951186847493476
"4712-Walden-Cir,-Unit-32,-Orlando,-FL-32811","4712 Walden Cir, Unit 32, Orlando, FL 32811",4712 Walden Cir,Unit 32,Orlando,FL,32811,Orange County,28.490643,-81.442797,condo,7035.0,Inactive,99000,2022-01-15T09:08:32.223Z,207,1.0,1.0,560.0,1988.0,11.502885230075814
"300-Hope-Cir,-Orlando,-FL-32811","300 Hope Cir, Orlando, FL 32811",300 Hope Cir,,Orlando,FL,32811,Orange County,28.545262,-81.450709,single_family,7035.0,Inactive,224900,2021-08-19T12:51:43.510Z,356,3.0,2.0,988.0,1988.0,12.323415584358154
"4316-S-Kirkman-Rd,-Apt-1613,-Orlando,-FL-32811","4316 S Kirkman Rd, Apt 1613, Orlando, FL 32811",4316 S Kirkman Rd,Apt 1613,Orlando,FL,32811,Orange County,28.499048,-81.460969,condo,7035.0,Inactive,140000,2022-02-01T09:35:39.643Z,190,1.0,1.0,729.0,1988.0,11.849404844423074
"5221-Alligator-Flag-Ln,-Orlando,-FL-32811","5221 Alligator Flag Ln, Orlando, FL 32811",5221 Alligator Flag Ln,,Orlando,FL,32811,Orange County,28.485696,-81.447227,single_family,7035.0,Inactive,465000,2021-07-11T16:21:39.368Z,395,4.0,2.5,2210.0,1988.0,13.049794835104816
"2151-S-Ivey-Ln,-Orlando,-FL-32811","2151 S Ivey Ln, Orlando, FL 32811",2151 S Ivey Ln,,Orlando,FL,32811,Orange County,28.517474,-81.433792,single_family,7035.0,Inactive,240000,2022-01-15T12:28:54.546Z,207,3.0,1.5,1080.0,1988.0,12.388398368982115
"451-Gilman-Cir,-Orlando,-FL-32811","451 Gilman Cir, Orlando, FL 32811",451 Gilman Cir,,Orlando,FL,32811,Orange County,28.537413,-81.434717,single_family,7035.0,Inactive,175000,2021-11-04T12:06:30.687Z,279,3.0,1.0,836.0,1988.0,12.07254696717504
"4772-Walden-Cir,-Unit-18,-Orlando,-FL-32811","4772 Walden Cir, Unit 18, Orlando, FL 32811",4772 Walden Cir,Unit 18,Orlando,FL,32811,Orange County,28.490267,-81.440536,condo,7035.0,Inactive,83000,2021-09-14T09:29:21.130Z,330,1.0,1.0,560.0,1988.0,11.326607934898927
"4368-S-Kirkman-Rd,-Apt-208,-Orlando,-FL-32811","4368 S Kirkman Rd, Apt 208, Orlando, FL 32811",4368 S Kirkman Rd,Apt 208,Orlando,FL,32811,Orange County,28.497862,-81.460216,condo,7035.0,Inactive,220000,2021-12-14T11:12:50.949Z,239,2.0,2.0,1042.0,1988.0,12.301387370778713
"1662-Willie-Mays-Pkwy,-Orlando,-FL-32811","1662 Willie Mays Pkwy, Orlando, FL 32811",1662 Willie Mays Pkwy,,Orlando,FL,32811,Orange County,28.522018,-81.438291,single_family,7035.0,Inactive,175000,2022-01-14T11:28:49.581Z,208,4.0,2.0,1581.0,1988.0,12.07254696717504
"4732-Walden-Cir,-Unit-21,-Orlando,-FL-32811","4732 Walden Cir, Unit 21, Orlando, FL 32811",4732 Walden Cir,Unit 21,Orlando,FL,32811,Orange County,28.490254,-81.444232,condo,7035.0,Inactive,172000,2021-12-31T11:40:14.379Z,222,3.0,2.0,1175.0,1988.0,12.055255569732177
"4716-Walden-Cir,-Unit-31,-Orlando,-FL-32811","4716 Walden Cir, Unit 31, Orlando, FL 32811",4716 Walden Cir,Unit 31,Orlando,FL,32811,Orange County,28.491025,-81.44309,condo,7035.0,Inactive,131500,2022-02-02T09:55:40.616Z,189,2.0,2.0,956.0,1988.0,11.78676973513378
"4511-Moira-St,-Orlando,-FL-32811","4511 Moira St, Orlando, FL 32811",4511 Moira St,,Orlando,FL,32811,Orange County,28.513963,-81.435622,single_family,7035.0,Inactive,279900,2021-08-31T15:35:08.279Z,344,3.0,1.5,1630.0,1988.0,12.5421912482017
"20-Dorcas-Ct,-Orlando,-FL-32811","20 Dorcas Ct, Orlando, FL 32811",20 Dorcas Ct,,Orlando,FL,32811,Orange County,28.54107,-81.440093,single_family,7035.0,Inactive,224900,2021-12-01T12:13:05.015Z,252,3.0,1.0,1100.0,1988.0,12.323415584358154
"5554-Metrowest-Blvd,-Apt-302,-Orlando,-FL-32811","5554 Metrowest Blvd, Apt 302, Orlando, FL 32811",5554 Metrowest Blvd,Apt 302,Orlando,FL,32811,Orange County,28.510862,-81.457403,condo,7035.0,Inactive,185000,2022-01-28T11:43:21.788Z,194,2.0,2.0,1159.0,1988.0,12.128116509451258
"5432-Pine-Creek-Dr,-Unit-1712,-Orlando,-FL-32811","5432 Pine Creek Dr, Unit 1712, Orlando, FL 32811",5432 Pine Creek Dr,Unit 1712,Orlando,FL,32811,Orange County,28.493301,-81.454233,condo,7035.0,Inactive,175000,2020-09-15T21:47:22.436Z,693,3.0,2.5,1675.0,1988.0,12.07254696717504
"5168-Conroy-Rd,-Unit-1628,-Orlando,-FL-32811","5168 Conroy Rd, Unit 1628, Orlando, FL 32811",5168 Conroy Rd,Unit 1628,Orlando,FL,32811,Orange County,28.494822,-81.446395,condo,7035.0,Inactive,170000,2022-02-16T11:03:57.009Z,175,2.0,1.0,919.0,1988.0,12.04355959836804
"5128-Conroy-Rd,-Unit-25,-Orlando,-FL-32811","5128 Conroy Rd, Unit 25, Orlando, FL 32811",5128 Conroy Rd,Unit 25,Orlando,FL,32811,Orange County,28.494493,-81.445238,condo,7035.0,Inactive,139000,2020-09-15T19:16:09.132Z,694,1.0,1.0,597.0,1988.0,11.842236406331555
"5234-Cypress-Creek-Dr,-Unit-103,-Orlando,-FL-32811","5234 Cypress Creek Dr, Unit 103, Orlando, FL 32811",5234 Cypress Creek Dr,Unit 103,Orlando,FL,32811,Orange County,28.485405,-81.448651,condo,7035.0,Inactive,259900,2022-01-13T12:27:54.074Z,209,2.0,2.5,1190.0,1988.0,12.468056068255885
"4750-Goldsboro-Ct,-Orlando,-FL-32811","4750 Goldsboro Ct, Orlando, FL 32811",4750 Goldsboro Ct,,Orlando,FL,32811,Orange County,28.524559,-81.44136,single_family,7035.0,Inactive,235900,2022-01-16T12:31:13.708Z,206,4.0,2.0,1116.0,1988.0,12.371167504471138
"5500-Metrowest-Blvd,-Apt-203,-Orlando,-FL-32811","5500 Metrowest Blvd, Apt 203, Orlando, FL 32811",5500 Metrowest Blvd,Apt 203,Orlando,FL,32811,Orange County,28.513002,-81.457514,condo,7035.0,Inactive,197900,2022-02-04T10:26:39.370Z,187,3.0,2.0,1362.0,1988.0,12.19552218463499
"5164-Conroy-Rd,-Unit-28,-Orlando,-FL-32811","5164 Conroy Rd, Unit 28, Orlando, FL 32811",5164 Conroy Rd,Unit 28,Orlando,FL,32811,Orange County,28.494475,-81.44623,condo,7035.0,Inactive,174900,2022-01-07T11:29:33.246Z,215,2.0,2.0,988.0,1988.0,12.071975378543236
"4651-Cason-Cove-Dr,-Apt-2613,-Orlando,-FL-32811","4651 Cason Cove Dr, Apt 2613, Orlando, FL 32811",4651 Cason Cove Dr,Apt 2613,Orlando,FL,32811,Orange County,28.499288,-81.439236,condo,7035.0,Inactive,165000,2022-02-04T09:34:02.802Z,187,2.0,2.0,1000.0,1988.0,12.013706813470414
"4756-Walden-Cir,-Unit-38,-Orlando,-FL-32811","4756 Walden Cir, Unit 38, Orlando, FL 32811",4756 Walden Cir,Unit 38,Orlando,FL,32811,Orange County,28.489398,-81.44113,condo,7035.0,Inactive,160000,2022-02-02T10:30:15.890Z,189,2.0,2.0,1020.0,1988.0,11.982935344196433
"18-S-Tyler-Ave,-Orlando,-FL-32811","18 S Tyler Ave, Orlando, FL 32811",18 S Tyler Ave,,Orlando,FL,32811,Orange County,28.540763,-81.456525,single_family,7035.0,Inactive,159900,2022-01-21T10:54:56.914Z,201,2.0,1.0,900.0,1988.0,11.982310152711182
"3331-S-Kirkman-Rd,-Apt-514,-Orlando,-FL-32811","3331 S Kirkman Rd, Apt 514, Orlando, FL 32811",3331 S Kirkman Rd,Apt 514,Orlando,FL,32811,Orange County,28.507949,-81.456417,condo,7035.0,Inactive,180000,2021-10-24T13:14:15.561Z,290,1.0,1.0,890.0,1988.0,12.100717685412471
"4805-Southlawn-Ave,-Orlando,-FL-32811","4805 Southlawn Ave, Orlando, FL 32811",4805 Southlawn Ave,,Orlando,FL,32811,Orange County,28.488991,-81.449414,single_family,7035.0,Inactive,524900,2022-01-14T14:09:33.028Z,208,4.0,2.5,2987.0,1988.0,13.170964952363363
"5101-Cypress-Creek-Dr,-Unit-2,-Orlando,-FL-32811","5101 Cypress Creek Dr, Unit 2, Orlando, FL 32811",5101 Cypress Creek Dr,Unit 2,Orlando,FL,32811,Orange County,28.488045,-81.44962,condo,7035.0,Inactive,350000,2021-12-30T12:46:05.879Z,223,3.0,3.0,2296.0,1988.0,12.765691290604371
"5353-Timberleaf-Blvd,-Orlando,-FL-32811","5353 Timberleaf Blvd, Orlando, FL 32811",5353 Timberleaf Blvd,,Orlando,FL,32811,Orange County,28.532294,-81.452448,single_family,7035.0,Inactive,247000,2022-01-27T11:00:31.236Z,195,3.0,2.0,1208.0,1988.0,12.417147664184915
"5112-Conroy-Rd,-Unit-11,-Orlando,-FL-32811","5112 Conroy Rd, Unit 11, Orlando, FL 32811",5112 Conroy Rd,Unit 11,Orlando,FL,32811,Orange County,28.495773,-81.447098,condo,7035.0,Inactive,160000,2022-01-07T11:29:33.229Z,215,2.0,2.0,988.0,1988.0,11.982935344196433
"4812-Brighton-Ter,-Unit-G,-Orlando,-FL-32811","4812 Brighton Ter, Unit G, Orlando, FL 32811",4812 Brighton Ter,Unit G,Orlando,FL,32811,Orange County,28.495066,-81.442595,condo,7035.0,Inactive,219000,2022-01-15T11:40:52.903Z,207,3.0,2.0,1263.0,1988.0,12.296831574998258
"116-Hope-Cir,-Orlando,-FL-32811","116 Hope Cir, Orlando, FL 32811",116 Hope Cir,,Orlando,FL,32811,Orange County,28.542882,-81.452064,single_family,7035.0,Inactive,210000,2020-09-15T21:10:02.824Z,693,3.0,1.5,988.0,1988.0,12.25486757159303
"4672-Miramar-Rd,-Orlando,-FL-32811","4672 Miramar Rd, Orlando, FL 32811",4672 Miramar Rd,,Orlando,FL,32811,Orange County,28.520663,-81.4402,single_family,7035.0,Inactive,269900,2022-01-12T12:46:21.901Z,210,4.0,2.0,1250.0,1988.0,12.505810504075185
"4927-Walden-Cir,-Unit-45,-Orlando,-FL-32811","4927 Walden Cir, Unit 45, Orlando, FL 32811",4927 Walden Cir,Unit 45,Orlando,FL,32811,Orange County,28.488077,-81.44265,condo,7035.0,Inactive,230000,2021-12-02T13:08:51.389Z,251,2.0,2.5,1228.0,1988.0,12.345838935721968
"5316-Burning-Tree-Dr,-Unit-A,-Orlando,-FL-32811","5316 Burning Tree Dr, Unit A, Orlando, FL 32811",5316 Burning Tree Dr,Unit A,Orlando,FL,32811,Orange County,28.491652,-81.451974,condo,7035.0,Inactive,115000,2021-09-18T11:46:34.904Z,326,1.0,1.0,1173.0,1988.0,11.652696102959753
"4987-Southlawn-Ave,-Orlando,-FL-32811","4987 Southlawn Ave, Orlando, FL 32811",4987 Southlawn Ave,,Orlando,FL,32811,Orange County,28.485103,-81.449831,single_family,7035.0,Inactive,579000,2021-12-13T14:09:06.206Z,240,5.0,3.5,2934.0,1988.0,13.269059483669357
"4504-Cepeda-St,-Orlando,-FL-32811","4504 Cepeda St, Orlando, FL 32811",4504 Cepeda St,,Orlando,FL,32811,Orange County,28.522665,-81.436543,single_family,7035.0,Inactive,230000,2022-01-05T12:35:29.396Z,217,3.0,1.0,985.0,1988.0,12.345838935721968
"4457-Pinebark-Ave,-Unit-10,-Orlando,-FL-32811","4457 Pinebark Ave, Unit 10, Orlando, FL 32811",4457 Pinebark Ave,Unit 10,Orlando,FL,32811,Orange County,28.49859,-81.455456,condo,7035.0,Inactive,189900,2021-12-22T11:12:18.883Z,231,2.0,2.0,963.0,1988.0,12.15425816271595
"621-Oakford-Way,-Orlando,-FL-32811","621 Oakford Way, Orlando, FL 32811",621 Oakford Way,,Orlando,FL,32811,Orange County,28.533232,-81.454097,single_family,7035.0,Inactive,269900,2022-01-07T12:22:23.909Z,215,3.0,2.0,1438.0,1988.0,12.505810504075185
"5021-Vineland-Rd,-Unit-101,-Orlando,-FL-32811","5021 Vineland Rd, Unit 101, Orlando, FL 32811",5021 Vineland Rd,Unit 101,Orlando,FL,32811,Orange County,28.483744,-81.446324,condo,7035.0,Inactive,190000,2021-09-13T13:10:06.443Z,331,2.0,2.0,1048.0,1988.0,12.154784614286667
"4833-Cypress-Woods-Dr,-Apt-4210,-Orlando,-FL-32811","4833 Cypress Woods Dr, Apt 4210, Orlando, FL 32811",4833 Cypress Woods Dr,Apt 4210,Orlando,FL,32811,Orange County,28.492899,-81.451607,condo,7035.0,Inactive,220000,2022-01-18T11:33:47.453Z,204,3.0,2.0,1351.0,1988.0,12.301387370778713
"5333-Vineland-Rd,-Unit-101,-Orlando,-FL-32811","5333 Vineland Rd, Unit 101, Orlando, FL 32811",5333 Vineland Rd,Unit 101,Orlando,FL,32811,Orange County,28.483525,-81.446734,condo,7035.0,Inactive,179900,2022-01-11T12:18:11.994Z,211,2.0,2.0,1048.0,1988.0,12.100161978566867
"4752-Walden-Cir,-Unit-34,-Orlando,-FL-32811","4752 Walden Cir, Unit 34, Orlando, FL 32811",4752 Walden Cir,Unit 34,Orlando,FL,32811,Orange County,28.489468,-81.441661,condo,7035.0,Inactive,95990,2021-02-23T11:53:35.051Z,533,1.0,1.0,696.0,1988.0,11.472009716055167
"5224-Yaupon-St,-Orlando,-FL-32811","5224 Yaupon St, Orlando, FL 32811",5224 Yaupon St,,Orlando,FL,32811,Orange County,28.533541,-81.450469,single_family,7035.0,Inactive,275000,2022-01-12T12:56:04.607Z,210,3.0,2.0,1426.0,1988.0,12.524530013005734
"1304-Croyle-Dr,-Orlando,-FL-32811","1304 Croyle Dr, Orlando, FL 32811",1304 Croyle Dr,,Orlando,FL,32811,Orange County,28.52578,-81.446027,single_family,7035.0,Inactive,240000,2021-08-19T12:45:28.296Z,356,4.0,2.0,1273.0,1988.0,12.388398368982115
"5500-Metrowest-Blvd,-Unit-20,-Orlando,-FL-32811","5500 Metrowest Blvd, Unit 20, Orlando, FL 32811",5500 Metrowest Blvd,Unit 20,Orlando,FL,32811,Orange County,28.513003,-81.457514,condo,7035.0,Inactive,197900,2022-02-03T10:28:08.858Z,188,3.0,2.0,1362.0,1988.0,12.19552218463499
"5578-Metrowest-Blvd,-Apt-109,-Orlando,-FL-32811","5578 Metrowest Blvd, Apt 109, Orlando, FL 32811",5578 Metrowest Blvd,Apt 109,Orlando,FL,32811,Orange County,28.512564,-81.458004,condo,7035.0,Inactive,145000,2022-01-09T10:46:30.267Z,213,1.0,1.0,786.0,1988.0,11.884495917930655
"4456-Kirkland-Blvd,-Unit-6,-Orlando,-FL-32811","4456 Kirkland Blvd, Unit 6, Orlando, FL 32811",4456 Kirkland Blvd,Unit 6,Orlando,FL,32811,Orange County,28.516118,-81.435513,single_family,7035.0,Inactive,229000,2022-01-11T12:59:10.543Z,211,4.0,2.0,1510.0,1988.0,12.34148164933907
"4340-S-Kirkman-Rd,-Apt-906,-Orlando,-FL-32811","4340 S Kirkman Rd, Apt 906, Orlando, FL 32811",4340 S Kirkman Rd,Apt 906,Orlando,FL,32811,Orange County,28.497483,-81.462484,condo,7035.0,Inactive,185000,2022-01-07T11:30:25.105Z,215,2.0,2.0,1042.0,1988.0,12.128116509451258
"4760-Walden-Cir,-Unit-12,-Orlando,-FL-32811","4760 Walden Cir, Unit 12, Orlando, FL 32811",4760 Walden Cir,Unit 12,Orlando,FL,32811,Orange County,28.489166,-81.440585,condo,7035.0,Inactive,100000,2021-12-20T12:07:49.452Z,233,2.0,2.0,1020.0,1988.0,11.51293546492023
"5530-Metrowest-Blvd,-Apt-9-305,-Orlando,-FL-32811","5530 Metrowest Blvd, Apt 9-305, Orlando, FL 32811",5530 Metrowest Blvd,Apt 9-305,Orlando,FL,32811,Orange County,28.512412,-81.456625,condo,7035.0,Inactive,198990,2022-01-16T12:19:26.010Z,206,2.0,1.0,1093.0,1988.0,12.201014876553243
"5144-Conroy-Rd,-Unit-33,-Orlando,-FL-32811","5144 Conroy Rd, Unit 33, Orlando, FL 32811",5144 Conroy Rd,Unit 33,Orlando,FL,32811,Orange County,28.493518,-81.445109,condo,7035.0,Inactive,160000,2021-09-23T14:23:51.566Z,321,2.0,2.0,1028.0,1988.0,11.982935344196433
"4535-Piedmont-St,-Orlando,-FL-32811","4535 Piedmont St, Orlando, FL 32811",4535 Piedmont St,,Orlando,FL,32811,Orange County,28.53006,-81.437505,single_family,7035.0,Inactive,295000,2020-11-03T08:55:40.242Z,645,3.0,3.0,1558.0,1988.0,12.59473402514672
"4463-Ivey-Ct,-Orlando,-FL-32811","4463 Ivey Ct, Orlando, FL 32811",4463 Ivey Ct,,Orlando,FL,32811,Orange County,28.53959,-81.436353,single_family,7035.0,Inactive,245000,2021-12-04T13:13:48.183Z,249,3.0,2.0,1307.0,1988.0,12.409017571151187
"4865-Cypress-Woods-Dr,-Apt-2203,-Orlando,-FL-32811","4865 Cypress Woods Dr, Apt 2203, Orlando, FL 32811",4865 Cypress Woods Dr,Apt 2203,Orlando,FL,32811,Orange County,28.494111,-81.451361,condo,7035.0,Inactive,220000,2021-12-12T13:01:10.490Z,241,3.0,2.0,1405.0,1988.0,12.301387370778713
"5548-E-Metrowest-Blvd,-Unit-109,-Orlando,-FL-32811","5548 E Metrowest Blvd, Unit 109, Orlando, FL 32811",5548 E Metrowest Blvd,Unit 109,Orlando,FL,32811,Orange County,28.511238,-81.456696,condo,7035.0,Inactive,180000,2022-01-07T11:30:25.092Z,215,2.0,2.0,1159.0,1988.0,12.100717685412471
"4752-Walden-Cir,-Apt-718,-Orlando,-FL-32811","4752 Walden Cir, Apt 718, Orlando, FL 32811",4752 Walden Cir,Apt 718,Orlando,FL,32811,Orange County,28.489468,-81.441658,condo,7035.0,Inactive,145000,2021-11-05T09:34:25.309Z,278,2.0,2.0,956.0,1988.0,11.884495917930655
"5132-Conroy-Rd,-Unit-15,-Orlando,-FL-32811","5132 Conroy Rd, Unit 15, Orlando, FL 32811",5132 Conroy Rd,Unit 15,Orlando,FL,32811,Orange County,28.494172,-81.445552,condo,7035.0,Inactive,183000,2021-12-17T11:00:03.674Z,236,2.0,2.0,1028.0,1988.0,12.117246896289503
"4740-Walden-Cir,-Apt-1022,-Orlando,-FL-32811","4740 Walden Cir, Apt 1022, Orlando, FL 32811",4740 Walden Cir,Apt 1022,Orlando,FL,32811,Orange County,28.48984,-81.443302,condo,7035.0,Inactive,144900,2021-10-15T11:58:03.359Z,299,2.0,2.0,956.0,1988.0,11.88380602959621
"4752-Walden-Cir,-Unit-33,-Orlando,-FL-32811","4752 Walden Cir, Unit 33, Orlando, FL 32811",4752 Walden Cir,Unit 33,Orlando,FL,32811,Orange County,28.489468,-81.441661,condo,7035.0,Inactive,99500,2021-09-24T15:56:56.537Z,320,1.0,1.0,760.0,1988.0,11.507922973347437
"4768-Walden-Cir,-Unit-25,-Orlando,-FL-32811","4768 Walden Cir, Unit 25, Orlando, FL 32811",4768 Walden Cir,Unit 25,Orlando,FL,32811,Orange County,28.489956,-81.43999,condo,7035.0,Inactive,84900,2021-10-20T07:12:50.606Z,294,1.0,1.0,560.0,1988.0,11.349241150793087
"5101-Lanette-St,-Orlando,-FL-32811","5101 Lanette St, Orlando, FL 32811",5101 Lanette St,,Orlando,FL,32811,Orange County,28.527519,-81.446862,single_family,7035.0,Inactive,275000,2021-11-23T13:11:09.341Z,260,3.0,2.0,1410.0,1988.0,12.524530013005734
"5273-Vineland-Rd,-Unit-103,-Orlando,-FL-32811","5273 Vineland Rd, Unit 103, Orlando, FL 32811",5273 Vineland Rd,Unit 103,Orlando,FL,32811,Orange County,28.483684,-81.447116,condo,7035.0,Inactive,180000,2021-11-02T11:47:12.268Z,281,2.0,2.0,1048.0,1988.0,12.100717685412471
"5455-Vineland-Rd,-Apt-3304,-Orlando,-FL-32811","5455 Vineland Rd, Apt 3304, Orlando, FL 32811",5455 Vineland Rd,Apt 3304,Orlando,FL,32811,Orange County,28.485841,-81.451439,condo,7035.0,Inactive,147000,2020-10-22T11:33:09.701Z,657,1.0,1.0,820.0,1988.0,11.898194668458823
"4609-Cason-Cove-Dr,-Apt-522,-Orlando,-FL-32811","4609 Cason Cove Dr, Apt 522, Orlando, FL 32811",4609 Cason Cove Dr,Apt 522,Orlando,FL,32811,Orange County,28.496282,-81.437662,condo,7035.0,Inactive,115000,2022-01-19T11:40:30.477Z,203,1.0,1.0,600.0,1988.0,11.652696102959753
"2538-Willie-Mays-Pkwy,-Orlando,-FL-32811","2538 Willie Mays Pkwy, Orlando, FL 32811",2538 Willie Mays Pkwy,,Orlando,FL,32811,Orange County,28.514205,-81.438217,single_family,7035.0,Inactive,225000,2021-12-15T12:47:47.305Z,238,3.0,1.5,1074.0,1988.0,12.323860125621126
"4839-Walden-Cir,-Unit-12,-Orlando,-FL-32811","4839 Walden Cir, Unit 12, Orlando, FL 32811",4839 Walden Cir,Unit 12,Orlando,FL,32811,Orange County,28.48865,-81.444139,condo,7035.0,Inactive,215000,2021-10-23T10:29:31.166Z,291,2.0,2.5,1228.0,1988.0,12.278397958261774
"4881-Cypress-Woods-Dr,-Apt-3310,-Orlando,-FL-32811","4881 Cypress Woods Dr, Apt 3310, Orlando, FL 32811",4881 Cypress Woods Dr,Apt 3310,Orlando,FL,32811,Orange County,28.493626,-81.451883,condo,7035.0,Inactive,200000,2021-11-04T12:36:21.903Z,279,3.0,2.0,1351.0,1988.0,12.206077645517674
"4432-Middlebrook-Rd,-Unit-4,-Orlando,-FL-32811","4432 Middlebrook Rd, Unit 4, Orlando, FL 32811",4432 Middlebrook Rd,Unit 4,Orlando,FL,32811,Orange County,28.497769,-81.454127,condo,7035.0,Inactive,200000,2021-12-14T11:05:00.997Z,239,3.0,2.5,1447.0,1988.0,12.206077645517674
"4744-Walden-Cir,-Unit-26,-Orlando,-FL-32811","4744 Walden Cir, Unit 26, Orlando, FL 32811",4744 Walden Cir,Unit 26,Orlando,FL,32811,Orange County,28.4895,-81.44293,condo,7035.0,Inactive,88000,2020-09-15T11:18:16.312Z,694,1.0,1.0,560.0,1988.0,11.385103457032141
"4829-Southlawn-Ave,-Orlando,-FL-32811","4829 Southlawn Ave, Orlando, FL 32811",4829 Southlawn Ave,,Orlando,FL,32811,Orange County,28.488844,-81.44974,single_family,7035.0,Inactive,579900,2021-12-28T13:40:02.363Z,225,5.0,3.5,2724.0,1988.0,13.270612678298292
"4513-Cepeda-St,-Orlando,-FL-32811","4513 Cepeda St, Orlando, FL 32811",4513 Cepeda St,,Orlando,FL,32811,Orange County,28.523138,-81.436784,single_family,7035.0,Inactive,240000,2021-12-16T13:19:35.503Z,237,3.0,2.0,1049.0,1988.0,12.388398368982115
"4897-Cypress-Woods-Dr,-Apt-6311,-Orlando,-FL-32811","4897 Cypress Woods Dr, Apt 6311, Orlando, FL 32811",4897 Cypress Woods Dr,Apt 6311,Orlando,FL,32811,Orange County,28.492574,-81.4513,condo,7035.0,Inactive,195000,2021-06-19T11:59:37.448Z,417,2.0,2.0,1186.0,1988.0,12.180759965737863
"4728-Walden-Cir,-Apt-1311,-Orlando,-FL-32811","4728 Walden Cir, Apt 1311, Orlando, FL 32811",4728 Walden Cir,Apt 1311,Orlando,FL,32811,Orange County,28.490416,-81.443914,condo,7035.0,Inactive,179000,2021-09-22T14:06:04.621Z,322,3.0,2.0,1111.0,1988.0,12.095146671399466
"4732-Walden-Cir,-Unit-37,-Orlando,-FL-32811","4732 Walden Cir, Unit 37, Orlando, FL 32811",4732 Walden Cir,Unit 37,Orlando,FL,32811,Orange County,28.490254,-81.444232,condo,7035.0,Inactive,175000,2021-08-08T12:46:06.274Z,367,3.0,2.0,1175.0,1988.0,12.07254696717504
"5455-Vineland-Rd,-Apt-3306,-Orlando,-FL-32811","5455 Vineland Rd, Apt 3306, Orlando, FL 32811",5455 Vineland Rd,Apt 3306,Orlando,FL,32811,Orange County,28.485841,-81.451439,condo,7035.0,Inactive,195500,2021-08-19T14:22:40.218Z,356,2.0,2.0,1093.0,1988.0,12.18332077348399
"5327-Indian-Creek-Dr,-Unit-E,-Orlando,-FL-32811","5327 Indian Creek Dr, Unit E, Orlando, FL 32811",5327 Indian Creek Dr,Unit E,Orlando,FL,32811,Orange County,28.492292,-81.453383,condo,7035.0,Inactive,180000,2021-10-29T12:22:50.975Z,285,2.0,2.5,1293.0,1988.0,12.100717685412471
"4768-Walden-Cir,-Unit-17,-Orlando,-FL-32811","4768 Walden Cir, Unit 17, Orlando, FL 32811",4768 Walden Cir,Unit 17,Orlando,FL,32811,Orange County,28.489956,-81.43999,condo,7035.0,Inactive,144900,2021-01-15T11:15:13.034Z,572,2.0,2.0,956.0,1988.0,11.88380602959621
"5327-Indian-Creek-Dr,-Unit-E05,-Orlando,-FL-32811","5327 Indian Creek Dr, Unit E05, Orlando, FL 32811",5327 Indian Creek Dr,Unit E05,Orlando,FL,32811,Orange County,28.492291,-81.453383,condo,7035.0,Inactive,180000,2021-10-22T13:16:38.387Z,292,2.0,2.0,1293.0,1988.0,12.100717685412471
"4380-White-Pine-Ave,-Unit-3,-Orlando,-FL-32811","4380 White Pine Ave, Unit 3, Orlando, FL 32811",4380 White Pine Ave,Unit 3,Orlando,FL,32811,Orange County,28.499284,-81.457925,condo,7035.0,Inactive,200000,2021-11-18T12:19:15.374Z,265,2.0,2.0,932.0,1988.0,12.206077645517674
"5554-Metrowest-Blvd,-Apt-310,-Orlando,-FL-32811","5554 Metrowest Blvd, Apt 310, Orlando, FL 32811",5554 Metrowest Blvd,Apt 310,Orlando,FL,32811,Orange County,28.510861,-81.457403,condo,7035.0,Inactive,180000,2021-12-22T11:12:18.888Z,231,2.0,2.0,1205.0,1988.0,12.100717685412471
"4690-Zorita-St,-Orlando,-FL-32811","4690 Zorita St, Orlando, FL 32811",4690 Zorita St,,Orlando,FL,32811,Orange County,28.51087,-81.440845,single_family,7035.0,Inactive,290000,2021-12-02T13:40:39.789Z,251,3.0,2.5,1524.0,1988.0,12.577639650232573
"718-Palmera-St,-Orlando,-FL-32811","718 Palmera St, Orlando, FL 32811",718 Palmera St,,Orlando,FL,32811,Orange County,28.532863,-81.447311,single_family,7035.0,Inactive,238600,2021-12-01T12:27:59.693Z,252,3.0,2.0,1152.0,1988.0,12.382547979752006
"5578-Metrowest-Blvd,-Unit-10,-Orlando,-FL-32811","5578 Metrowest Blvd, Unit 10, Orlando, FL 32811",5578 Metrowest Blvd,Unit 10,Orlando,FL,32811,Orange County,28.512564,-81.458005,condo,7035.0,Inactive,145000,2021-06-16T11:32:04.008Z,420,1.0,1.0,786.0,1988.0,11.884495917930655
"5209-Vineland-Rd,-Unit-109,-Orlando,-FL-32811","5209 Vineland Rd, Unit 109, Orlando, FL 32811",5209 Vineland Rd,Unit 109,Orlando,FL,32811,Orange County,28.484216,-81.447411,condo,7035.0,Inactive,189900,2021-04-18T11:28:19.784Z,479,2.0,2.0,1048.0,1988.0,12.15425816271595
"4833-Cypress-Woods-Dr,-Apt-4113,-Orlando,-FL-32811","4833 Cypress Woods Dr, Apt 4113, Orlando, FL 32811",4833 Cypress Woods Dr,Apt 4113,Orlando,FL,32811,Orange County,28.492899,-81.451607,condo,7035.0,Inactive,205000,2021-12-18T12:39:11.481Z,235,2.0,2.0,1107.0,1988.0,12.230770136157428
"4360-S-Kirkman-Rd,-Apt-402,-Orlando,-FL-32811","4360 S Kirkman Rd, Apt 402, Orlando, FL 32811",4360 S Kirkman Rd,Apt 402,Orlando,FL,32811,Orange County,28.497205,-81.461304,condo,7035.0,Inactive,195000,2020-12-04T02:15:07.942Z,614,3.0,2.0,1245.0,1988.0,12.180759965737863
"5164-Conroy-Rd,-Unit-38,-Orlando,-FL-32811","5164 Conroy Rd, Unit 38, Orlando, FL 32811",5164 Conroy Rd,Unit 38,Orlando,FL,32811,Orange County,28.494475,-81.44623,condo,7035.0,Inactive,163000,2021-09-09T12:57:16.578Z,335,2.0,2.0,988.0,1988.0,12.001511614739405
"2838-Grandola-Dr,-Orlando,-FL-32811","2838 Grandola Dr, Orlando, FL 32811",2838 Grandola Dr,,Orlando,FL,32811,Orange County,28.512666,-81.437038,single_family,7035.0,Inactive,165900,2021-12-02T12:32:34.950Z,251,2.0,1.0,819.0,1988.0,12.019146503887916
"333-Pearlwood-St,-Orlando,-FL-32811","333 Pearlwood St, Orlando, FL 32811",333 Pearlwood St,,Orlando,FL,32811,Orange County,28.546462,-81.446329,single_family,7035.0,Inactive,150000,2021-07-03T12:11:28.192Z,403,3.0,2.0,960.0,1988.0,11.918397239722838
"4748-Walden-Cir,-Unit-31,-Orlando,-FL-32811","4748 Walden Cir, Unit 31, Orlando, FL 32811",4748 Walden Cir,Unit 31,Orlando,FL,32811,Orange County,28.489658,-81.442495,condo,7035.0,Inactive,135000,2021-11-24T11:27:51.858Z,259,2.0,2.0,1020.0,1988.0,11.813037464800539
"5548-Metrowest-Blvd,-Apt-112,-Orlando,-FL-32811","5548 Metrowest Blvd, Apt 112, Orlando, FL 32811",5548 Metrowest Blvd,Apt 112,Orlando,FL,32811,Orange County,28.511238,-81.456696,condo,7035.0,Inactive,179900,2021-11-20T12:30:07.809Z,263,2.0,2.0,1126.0,1988.0,12.100161978566867
"4413-Pinebark-Ave,-Unit-3,-Orlando,-FL-32811","4413 Pinebark Ave, Unit 3, Orlando, FL 32811",4413 Pinebark Ave,Unit 3,Orlando,FL,32811,Orange County,28.498892,-81.456328,condo,7035.0,Inactive,144900,2021-10-01T13:41:23.793Z,313,2.0,1.0,948.0,1988.0,11.88380602959621
"4623-Cason-Cove-Dr,-Apt-1226,-Orlando,-FL-32811","4623 Cason Cove Dr, Apt 1226, Orlando, FL 32811",4623 Cason Cove Dr,Apt 1226,Orlando,FL,32811,Orange County,28.49786,-81.436478,condo,7035.0,Inactive,134995,2021-12-10T10:12:10.961Z,243,1.0,1.0,800.0,1988.0,11.813000427351971
"5373-Buckthorn-St,-Orlando,-FL-32811","5373 Buckthorn St, Orlando, FL 32811",5373 Buckthorn St,,Orlando,FL,32811,Orange County,28.48644,-81.450635,single_family,7035.0,Inactive,448000,2021-08-19T17:50:52.740Z,356,4.0,2.5,2143.0,1988.0,13.012550743537489
"107-Quintard-Ave,-Orlando,-FL-32811","107 Quintard Ave, Orlando, FL 32811",107 Quintard Ave,,Orlando,FL,32811,Orange County,28.541852,-81.45015,single_family,7035.0,Inactive,249900,2020-09-15T19:57:36.284Z,693,4.0,2.0,1351.0,1988.0,12.428820118415677
"200-Fanfair-Ave,-Orlando,-FL-32811","200 Fanfair Ave, Orlando, FL 32811",200 Fanfair Ave,,Orlando,FL,32811,Orange County,28.539621,-81.437367,single_family,7035.0,Inactive,189900,2020-09-15T20:14:56.112Z,693,3.0,1.0,941.0,1988.0,12.15425816271595
"5479-Vineland-Rd,-Apt-9205,-Orlando,-FL-32811","5479 Vineland Rd, Apt 9205, Orlando, FL 32811",5479 Vineland Rd,Apt 9205,Orlando,FL,32811,Orange County,28.483919,-81.451691,condo,7035.0,Inactive,195000,2020-09-15T21:47:22.440Z,693,2.0,2.0,1142.0,1988.0,12.180759965737863
"5150-Vista-Lago-Dr,-Orlando,-FL-32811","5150 Vista Lago Dr, Orlando, FL 32811",5150 Vista Lago Dr,,Orlando,FL,32811,Orange County,28.530877,-81.44875,single_family,7035.0,Inactive,269000,2021-11-16T13:49:50.628Z,267,3.0,2.0,1266.0,1988.0,12.502470376049185
"5349-Vineland-Rd,-Unit-104,-Orlando,-FL-32811","5349 Vineland Rd, Unit 104, Orlando, FL 32811",5349 Vineland Rd,Unit 104,Orlando,FL,32811,Orange County,28.483911,-81.445906,condo,7035.0,Inactive,162000,2021-10-22T12:58:23.298Z,292,2.0,2.0,1048.0,1988.0,11.995357787034976
"5409-Pine-Creek-Dr,-Unit-1802A,-Orlando,-FL-32811","5409 Pine Creek Dr, Unit 1802A, Orlando, FL 32811",5409 Pine Creek Dr,Unit 1802A,Orlando,FL,32811,Orange County,28.493763,-81.454402,condo,7035.0,Inactive,150000,2021-10-27T11:22:34.102Z,287,2.0,2.0,1141.0,1988.0,11.918397239722838
"1700-Flores-Ct,-Orlando,-FL-32811","1700 Flores Ct, Orlando, FL 32811",1700 Flores Ct,,Orlando,FL,32811,Orange County,28.522437,-81.440017,single_family,7035.0,Inactive,275000,2021-11-18T13:09:52.586Z,265,3.0,2.0,1624.0,1988.0,12.524530013005734
"4923-Walden-Cir,-Unit-43,-Orlando,-FL-32811","4923 Walden Cir, Unit 43, Orlando, FL 32811",4923 Walden Cir,Unit 43,Orlando,FL,32811,Orange County,28.488077,-81.44265,condo,7035.0,Inactive,245000,2021-10-24T13:58:52.755Z,290,2.0,2.5,1228.0,1988.0,12.409017571151187
"4897-Cypress-Woods-Dr,-Apt-6207,-Orlando,-FL-32811","4897 Cypress Woods Dr, Apt 6207, Orlando, FL 32811",4897 Cypress Woods Dr,Apt 6207,Orlando,FL,32811,Orange County,28.492574,-81.4513,condo,7035.0,Inactive,199000,2021-11-15T15:55:17.783Z,268,2.0,2.0,1186.0,1988.0,12.201065128819632
"4728-Walden-Cir,-Unit-31,-Orlando,-FL-32811","4728 Walden Cir, Unit 31, Orlando, FL 32811",4728 Walden Cir,Unit 31,Orlando,FL,32811,Orange County,28.490559,-81.443922,condo,7035.0,Inactive,171500,2021-09-30T11:03:31.988Z,314,3.0,2.0,1175.0,1988.0,12.052344376474922
"1930-Patterson-Ave,-Orlando,-FL-32811","1930 Patterson Ave, Orlando, FL 32811",1930 Patterson Ave,,Orlando,FL,32811,Orange County,28.519327,-81.433334,single_family,7035.0,Inactive,245500,2021-11-12T12:56:12.700Z,271,4.0,2.0,1160.0,1988.0,12.411056299528171
"5326-Brook-Ct,-Unit-202,-Orlando,-FL-32811","5326 Brook Ct, Unit 202, Orlando, FL 32811",5326 Brook Ct,Unit 202,Orlando,FL,32811,Orange County,28.498936,-81.452543,condo,7035.0,Inactive,185000,2021-10-16T11:36:02.168Z,298,2.0,2.5,1285.0,1988.0,12.128116509451258
"4700-Sussex-Ter,-Unit-201,-Orlando,-FL-32811","4700 Sussex Ter, Unit 201, Orlando, FL 32811",4700 Sussex Ter,Unit 201,Orlando,FL,32811,Orange County,28.493927,-81.440852,condo,7035.0,Inactive,213900,2021-12-11T12:18:43.545Z,242,3.0,2.0,1263.0,1988.0,12.273268570141383
"4450-Banneka-St,-Orlando,-FL-32811","4450 Banneka St, Orlando, FL 32811",4450 Banneka St,,Orlando,FL,32811,Orange County,28.519812,-81.435725,single_family,7035.0,Inactive,260000,2021-09-17T13:57:13.371Z,327,4.0,2.0,1885.0,1988.0,12.468440756144114
"4813-Normandy-Pl,-Unit-104,-Orlando,-FL-32811","4813 Normandy Pl, Unit 104, Orlando, FL 32811",4813 Normandy Pl,Unit 104,Orlando,FL,32811,Orange County,28.496464,-81.443106,condo,7035.0,Inactive,175000,2021-04-18T11:28:19.775Z,479,2.0,2.0,1080.0,1988.0,12.07254696717504
"4085-Nimons-St,-Orlando,-FL-32811","4085 Nimons St, Orlando, FL 32811",4085 Nimons St,,Orlando,FL,32811,Orange County,28.5218,-81.427623,single_family,7035.0,Inactive,169900,2021-11-10T12:22:13.773Z,273,2.0,1.0,748.0,1988.0,12.042971193457888
"5314-Pebble-Beach-Dr,-Unit-D,-Orlando,-FL-32811","5314 Pebble Beach Dr, Unit D, Orlando, FL 32811",5314 Pebble Beach Dr,Unit D,Orlando,FL,32811,Orange County,28.492805,-81.452952,condo,7035.0,Inactive,135995,2021-08-08T12:46:06.215Z,367,2.0,2.0,1123.0,1988.0,11.820380752520949
"4772-Walden-Cir,-Unit-16,-Orlando,-FL-32811","4772 Walden Cir, Unit 16, Orlando, FL 32811",4772 Walden Cir,Unit 16,Orlando,FL,32811,Orange County,28.490267,-81.440536,condo,7035.0,Inactive,89900,2021-08-08T11:34:19.797Z,367,1.0,1.0,560.0,1988.0,11.40646434386837
"4756-Walden-Cir,-Unit-18,-Orlando,-FL-32811","4756 Walden Cir, Unit 18, Orlando, FL 32811",4756 Walden Cir,Unit 18,Orlando,FL,32811,Orange County,28.489398,-81.44113,condo,7035.0,Inactive,139900,2021-11-24T11:27:51.862Z,259,2.0,2.0,1020.0,1988.0,11.848690308590857
"5408-Wood-Crossing-St,-Orlando,-FL-32811","5408 Wood Crossing St, Orlando, FL 32811",5408 Wood Crossing St,,Orlando,FL,32811,Orange County,28.53264,-81.452456,single_family,7035.0,Inactive,217000,2021-09-08T13:27:19.939Z,336,3.0,2.0,1181.0,1988.0,12.28765724080691
"5261-Vineland-Rd,-Unit-108,-Orlando,-FL-32811","5261 Vineland Rd, Unit 108, Orlando, FL 32811",5261 Vineland Rd,Unit 108,Orlando,FL,32811,Orange County,28.483633,-81.447607,condo,7035.0,Inactive,174900,2021-10-29T12:22:43.881Z,285,2.0,2.0,1048.0,1988.0,12.071975378543236
"4988-Millennia-Green-Dr,-Orlando,-FL-32811","4988 Millennia Green Dr, Orlando, FL 32811",4988 Millennia Green Dr,,Orlando,FL,32811,Orange County,28.486998,-81.445919,single_family,7035.0,Inactive,385000,2021-10-08T14:44:33.096Z,306,3.0,2.0,1754.0,1988.0,12.861001210669146
"966-Loquat-Tree-Rd,-Orlando,-FL-32811","966 Loquat Tree Rd, Orlando, FL 32811",966 Loquat Tree Rd,,Orlando,FL,32811,Orange County,28.529342,-81.446707,single_family,7035.0,Inactive,179900,2020-09-30T10:33:22.915Z,679,2.0,2.0,762.0,1988.0,12.100161978566867
"5108-Conroy-Rd,-Unit-28,-Orlando,-FL-32811","5108 Conroy Rd, Unit 28, Orlando, FL 32811",5108 Conroy Rd,Unit 28,Orlando,FL,32811,Orange County,28.495601,-81.44752,condo,7035.0,Inactive,170000,2021-11-11T12:27:03.956Z,272,2.0,1.0,919.0,1988.0,12.04355959836804
"5447-Vineland-Rd,-Apt-1203,-Orlando,-FL-32811","5447 Vineland Rd, Apt 1203, Orlando, FL 32811",5447 Vineland Rd,Apt 1203,Orlando,FL,32811,Orange County,28.484214,-81.450672,condo,7035.0,Inactive,140000,2021-11-16T11:28:13.227Z,267,1.0,1.0,820.0,1988.0,11.849404844423074
"4712-Walden-Cir,-Unit-24,-Orlando,-FL-32811","4712 Walden Cir, Unit 24, Orlando, FL 32811",4712 Walden Cir,Unit 24,Orlando,FL,32811,Orange County,28.490643,-81.442797,condo,7035.0,Inactive,99000,2021-06-16T09:20:58.974Z,420,1.0,1.0,560.0,1988.0,11.502885230075814
"5318-Cypress-Creek-Dr,-Unit-101,-Orlando,-FL-32811","5318 Cypress Creek Dr, Unit 101, Orlando, FL 32811",5318 Cypress Creek Dr,Unit 101,Orlando,FL,32811,Orange County,28.484937,-81.448546,condo,7035.0,Inactive,249900,2021-10-22T13:48:15.351Z,292,3.0,3.0,1535.0,1988.0,12.428820118415677
"5428-Bayberry-Homes-Rd,-Orlando,-FL-32811","5428 Bayberry Homes Rd, Orlando, FL 32811",5428 Bayberry Homes Rd,,Orlando,FL,32811,Orange County,28.531097,-81.454042,single_family,7035.0,Inactive,230000,2021-06-16T14:07:02.489Z,420,3.0,2.0,1187.0,1988.0,12.345838935721968
"5120-Conroy-Rd,-Unit-14,-Orlando,-FL-32811","5120 Conroy Rd, Unit 14, Orlando, FL 32811",5120 Conroy Rd,Unit 14,Orlando,FL,32811,Orange County,28.495161,-81.446218,condo,7035.0,Inactive,125000,2021-10-16T09:11:02.147Z,298,1.0,1.0,711.0,1988.0,11.736077016252437
"4662-America-St,-Orlando,-FL-32811","4662 America St, Orlando, FL 32811",4662 America St,,Orlando,FL,32811,Orange County,28.533145,-81.440393,apartment,7035.0,Inactive,239900,2020-12-18T13:44:17.517Z,600,2.0,2.0,925.0,1988.0,12.3879816172226
"4340-S-Kirkman-Rd,-Unit-9,-Orlando,-FL-32811","4340 S Kirkman Rd, Unit 9, Orlando, FL 32811",4340 S Kirkman Rd,Unit 9,Orlando,FL,32811,Orange County,28.497545,-81.46251,condo,7035.0,Inactive,185000,2021-06-16T11:56:14.771Z,420,2.0,2.0,1042.0,1988.0,12.128116509451258
"41-N-Klondike-Ave,-Orlando,-FL-32811","41 N Klondike Ave, Orlando, FL 32811",41 N Klondike Ave,,Orlando,FL,32811,Orange County,28.542652,-81.444336,single_family,7035.0,Inactive,250000,2021-09-16T16:01:31.491Z,328,3.0,2.0,1215.0,1988.0,12.429220196836383
"4649-Cason-Cove-Dr,-Apt-2523,-Orlando,-FL-32811","4649 Cason Cove Dr, Apt 2523, Orlando, FL 32811",4649 Cason Cove Dr,Apt 2523,Orlando,FL,32811,Orange County,28.499304,-81.438864,condo,7035.0,Inactive,144900,2021-11-20T11:53:27.603Z,263,1.0,1.0,700.0,1988.0,11.88380602959621
"5168-Conroy-Rd,-Unit-1617,-Orlando,-FL-32811","5168 Conroy Rd, Unit 1617, Orlando, FL 32811",5168 Conroy Rd,Unit 1617,Orlando,FL,32811,Orange County,28.494822,-81.446395,condo,7035.0,Inactive,139000,2021-10-30T07:52:07.965Z,284,2.0,1.0,919.0,1988.0,11.842236406331555
"5243-Vineland-Rd,-Unit-201,-Orlando,-FL-32811","5243 Vineland Rd, Unit 201, Orlando, FL 32811",5243 Vineland Rd,Unit 201,Orlando,FL,32811,Orange County,28.484216,-81.447411,condo,7035.0,Inactive,180000,2021-10-02T13:33:02.368Z,312,2.0,2.0,1048.0,1988.0,12.100717685412471
"5337-Vineland-Rd,-Unit-103,-Orlando,-FL-32811","5337 Vineland Rd, Unit 103, Orlando, FL 32811",5337 Vineland Rd,Unit 103,Orlando,FL,32811,Orange County,28.483911,-81.445906,condo,7035.0,Inactive,180000,2021-10-09T12:44:50.082Z,305,2.0,2.0,1048.0,1988.0,12.100717685412471
"4503-Evers-Pl,-Unit-4,-Orlando,-FL-32811","4503 Evers Pl, Unit 4, Orlando, FL 32811",4503 Evers Pl,Unit 4,Orlando,FL,32811,Orange County,28.520959,-81.436571,single_family,7035.0,Inactive,240000,2021-05-12T10:52:04.825Z,455,4.0,1.0,1331.0,1988.0,12.388398368982115
"5315-Jasmine-Creek-Ln,-Unit-1412,-Orlando,-FL-32811","5315 Jasmine Creek Ln, Unit 1412, Orlando, FL 32811",5315 Jasmine Creek Ln,Unit 1412,Orlando,FL,32811,Orange County,28.493918,-81.453028,condo,7035.0,Inactive,184900,2021-09-21T16:31:25.171Z,323,3.0,2.5,1617.0,1988.0,12.127575825689417
"336-Dover-St,-Orlando,-FL-32811","336 Dover St, Orlando, FL 32811",336 Dover St,,Orlando,FL,32811,Orange County,28.546604,-81.445939,single_family,7035.0,Inactive,280000,2021-09-08T14:51:59.256Z,336,3.0,2.0,1281.0,1988.0,12.54254845357358
"4282-Columbia-St,-Orlando,-FL-32811","4282 Columbia St, Orlando, FL 32811",4282 Columbia St,,Orlando,FL,32811,Orange County,28.526702,-81.431974,single_family,7035.0,Inactive,240000,2021-10-05T12:29:34.962Z,309,3.0,2.0,1388.0,1988.0,12.388398368982115
"436-Azores-Ave,-Orlando,-FL-32811","436 Azores Ave, Orlando, FL 32811",436 Azores Ave,,Orlando,FL,32811,Orange County,28.537359,-81.438382,single_family,7035.0,Inactive,205000,2021-10-07T12:20:22.249Z,307,3.0,1.0,912.0,1988.0,12.230770136157428
"5479-Vineland-Rd,-Apt-9203,-Orlando,-FL-32811","5479 Vineland Rd, Apt 9203, Orlando, FL 32811",5479 Vineland Rd,Apt 9203,Orlando,FL,32811,Orange County,28.483919,-81.451691,condo,7035.0,Inactive,140000,2020-09-15T19:45:41.608Z,693,1.0,1.0,820.0,1988.0,11.849404844423074
"4438-W-Gore-Ave,-Orlando,-FL-32811","4438 W Gore Ave, Orlando, FL 32811",4438 W Gore Ave,,Orlando,FL,32811,Orange County,28.530421,-81.435767,single_family,7035.0,Inactive,209900,2021-10-13T12:12:38.345Z,301,3.0,2.0,1265.0,1988.0,12.254391269970792
"4744-Walden-Cir,-Unit-23,-Orlando,-FL-32811","4744 Walden Cir, Unit 23, Orlando, FL 32811",4744 Walden Cir,Unit 23,Orlando,FL,32811,Orange County,28.4895,-81.44293,condo,7035.0,Inactive,96500,2021-05-16T10:59:27.855Z,451,1.0,1.0,560.0,1988.0,11.477308649967686
"5483-Vineland-Rd,-Apt-10310,-Orlando,-FL-32811","5483 Vineland Rd, Apt 10310, Orlando, FL 32811",5483 Vineland Rd,Apt 10310,Orlando,FL,32811,Orange County,28.48373,-81.45118,condo,7035.0,Inactive,132500,2021-11-10T10:58:33.012Z,273,1.0,1.0,645.0,1988.0,11.794345471549745
"5524-Metrowest-Blvd,-Apt-206,-Orlando,-FL-32811","5524 Metrowest Blvd, Apt 206, Orlando, FL 32811",5524 Metrowest Blvd,Apt 206,Orlando,FL,32811,Orange County,28.51263079,-81.45563527,condo,7035.0,Inactive,124900,2021-10-01T12:32:47.379Z,313,1.0,1.0,840.0,1988.0,11.735276702486741
"4752-Walden-Cir,-Unit-13,-Orlando,-FL-32811","4752 Walden Cir, Unit 13, Orlando, FL 32811",4752 Walden Cir,Unit 13,Orlando,FL,32811,Orange County,28.489468,-81.441661,condo,7035.0,Inactive,96000,2021-09-08T10:19:28.896Z,336,1.0,1.0,760.0,1988.0,11.472113887062386
"4036-Booker-St,-Orlando,-FL-32811","4036 Booker St, Orlando, FL 32811",4036 Booker St,,Orlando,FL,32811,Orange County,28.524992,-81.426869,single_family,7035.0,Inactive,139000,2021-09-10T12:10:48.838Z,334,3.0,2.0,1000.0,1988.0,11.842236406331555
"4750-Aqua-Ct,-Orlando,-FL-32811","4750 Aqua Ct, Orlando, FL 32811",4750 Aqua Ct,,Orlando,FL,32811,Orange County,28.526049,-81.441592,single_family,7035.0,Inactive,199900,2021-06-16T10:26:00.988Z,420,3.0,1.0,896.0,1988.0,12.20557752297723
"4968-Lescot-Ln,-Orlando,-FL-32811","4968 Lescot Ln, Orlando, FL 32811",4968 Lescot Ln,,Orlando,FL,32811,Orange County,28.524347,-81.446028,single_family,7035.0,Inactive,209900,2021-10-13T12:12:38.343Z,301,3.0,1.5,1104.0,1988.0,12.254391269970792
"5572-Metrowest-Blvd,-Unit-20,-Orlando,-FL-32811","5572 Metrowest Blvd, Unit 20, Orlando, FL 32811",5572 Metrowest Blvd,Unit 20,Orlando,FL,32811,Orange County,28.511786,-81.457321,condo,7035.0,Inactive,115000,2021-10-13T09:59:44.829Z,301,2.0,1.5,1093.0,1988.0,11.652696102959753
"4670-College-Dr,-Orlando,-FL-32811","4670 College Dr, Orlando, FL 32811",4670 College Dr,,Orlando,FL,32811,Orange County,28.534997,-81.440072,single_family,7035.0,Inactive,218000,2021-11-12T12:47:56.818Z,271,3.0,1.0,1138.0,1988.0,12.292254928916668
"4801-College-Dr,-Orlando,-FL-32811","4801 College Dr, Orlando, FL 32811",4801 College Dr,,Orlando,FL,32811,Orange County,28.535485,-81.44288,,7035.0,Inactive,200000,2021-08-31T14:51:22.270Z,344,3.0,2.0,1533.0,1988.0,12.206077645517674
"5503-W-Central-Ave,-Orlando,-FL-32811","5503 W Central Ave, Orlando, FL 32811",5503 W Central Ave,,Orlando,FL,32811,Orange County,28.541766,-81.455333,single_family,7035.0,Inactive,250000,2021-10-21T14:08:32.932Z,293,3.0,2.5,1341.0,1988.0,12.429220196836383
"5104-Conroy-Rd,-Unit-14,-Orlando,-FL-32811","5104 Conroy Rd, Unit 14, Orlando, FL 32811",5104 Conroy Rd,Unit 14,Orlando,FL,32811,Orange County,28.496194,-81.447322,condo,7035.0,Inactive,129900,2021-10-29T11:34:23.331Z,285,1.0,1.0,711.0,1988.0,11.774527900858468
"228-Murry-Dr,-Orlando,-FL-32811","228 Murry Dr, Orlando, FL 32811",228 Murry Dr,,Orlando,FL,32811,Orange County,28.543445,-81.453629,single_family,7035.0,Inactive,225000,2021-10-05T12:26:33.905Z,309,4.0,2.5,1552.0,1988.0,12.323860125621126
"5285-Middle-Ct,-Unit-126,-Orlando,-FL-32811","5285 Middle Ct, Unit 126, Orlando, FL 32811",5285 Middle Ct,Unit 126,Orlando,FL,32811,Orange County,28.498483,-81.45135,condo,7035.0,Inactive,185000,2021-10-30T09:58:57.091Z,284,2.0,2.5,1285.0,1988.0,12.128116509451258
"4672-Pembrook-Pl,-Unit-202,-Orlando,-FL-32811","4672 Pembrook Pl, Unit 202, Orlando, FL 32811",4672 Pembrook Pl,Unit 202,Orlando,FL,32811,Orange County,28.494582,-81.441228,condo,7035.0,Inactive,180000,2021-10-09T12:44:50.085Z,305,2.0,2.0,1080.0,1988.0,12.100717685412471
"5295-Middle-Ct,-Unit-123,-Orlando,-FL-32811","5295 Middle Ct, Unit 123, Orlando, FL 32811",5295 Middle Ct,Unit 123,Orlando,FL,32811,Orange County,28.498077,-81.451528,condo,7035.0,Inactive,175000,2021-10-28T11:59:37.277Z,286,2.0,2.5,1285.0,1988.0,12.07254696717504
"4764-Walden-Cir,-Unit-38,-Orlando,-FL-32811","4764 Walden Cir, Unit 38, Orlando, FL 32811",4764 Walden Cir,Unit 38,Orlando,FL,32811,Orange County,28.489902,-81.440674,condo,7035.0,Inactive,124900,2021-09-08T10:21:03.026Z,336,2.0,2.0,956.0,1988.0,11.735276702486741
"4826-Southlawn-Ave,-Orlando,-FL-32811","4826 Southlawn Ave, Orlando, FL 32811",4826 Southlawn Ave,,Orlando,FL,32811,Orange County,28.489247,-81.449923,single_family,7035.0,Inactive,485000,2021-06-19T15:33:59.166Z,417,5.0,3.5,3013.0,1988.0,13.091906231773164
"4715-Capri-Pl,-Unit-191,-Orlando,-FL-32811","4715 Capri Pl, Unit 191, Orlando, FL 32811",4715 Capri Pl,Unit 191,Orlando,FL,32811,Orange County,28.495168,-81.440151,condo,7035.0,Inactive,199900,2021-10-21T12:40:57.059Z,293,2.0,2.0,1105.0,1988.0,12.20557752297723
"4523-Barley-St,-Orlando,-FL-32811","4523 Barley St, Orlando, FL 32811",4523 Barley St,,Orlando,FL,32811,Orange County,28.540626,-81.436576,single_family,7035.0,Inactive,159900,2021-06-23T12:19:59.871Z,413,3.0,1.0,836.0,1988.0,11.982310152711182
"4804-Normandy-Pl,-Unit-E,-Orlando,-FL-32811","4804 Normandy Pl, Unit E, Orlando, FL 32811",4804 Normandy Pl,Unit E,Orlando,FL,32811,Orange County,28.495815,-81.442615,condo,7035.0,Inactive,135000,2021-10-19T10:53:08.053Z,295,2.0,2.0,1080.0,1988.0,11.813037464800539
"5164-Conroy-Rd,-Unit-12,-Orlando,-FL-32811","5164 Conroy Rd, Unit 12, Orlando, FL 32811",5164 Conroy Rd,Unit 12,Orlando,FL,32811,Orange County,28.494475,-81.44623,condo,7035.0,Inactive,145000,2021-10-06T10:41:45.905Z,308,2.0,2.0,988.0,1988.0,11.884495917930655
"3337-S-Kirkman-Rd,-Apt-625,-Orlando,-FL-32811","3337 S Kirkman Rd, Apt 625, Orlando, FL 32811",3337 S Kirkman Rd,Apt 625,Orlando,FL,32811,Orange County,28.507237,-81.456646,condo,7035.0,Inactive,129990,2021-08-12T12:48:23.061Z,363,1.0,1.0,890.0,1988.0,11.775220496271928
"5341-Indian-Creek-Dr,-Unit-B,-Orlando,-FL-32811","5341 Indian Creek Dr, Unit B, Orlando, FL 32811",5341 Indian Creek Dr,Unit B,Orlando,FL,32811,Orange County,28.491903,-81.453346,condo,7035.0,Inactive,130000,2020-09-15T18:37:16.671Z,693,2.0,1.5,926.0,1988.0,11.775297421715827
"4756-Walden-Cir,-Unit-33,-Orlando,-FL-32811","4756 Walden Cir, Unit 33, Orlando, FL 32811",4756 Walden Cir,Unit 33,Orlando,FL,32811,Orange County,28.489398,-81.44113,condo,7035.0,Inactive,99500,2021-09-29T08:47:13.028Z,315,1.0,1.0,696.0,1988.0,11.507922973347437
"4132-Prince-Hall-Blvd,-Orlando,-FL-32811","4132 Prince Hall Blvd, Orlando, FL 32811",4132 Prince Hall Blvd,,Orlando,FL,32811,Orange County,28.511744,-81.428967,single_family,7035.0,Inactive,218500,2021-08-08T13:57:31.776Z,367,4.0,2.5,1440.0,1988.0,12.294545870166347
"4720-Walden-Cir,-Apt-1435,-Orlando,-FL-32811","4720 Walden Cir, Apt 1435, Orlando, FL 32811",4720 Walden Cir,Apt 1435,Orlando,FL,32811,Orange County,28.491027,-81.443867,condo,7035.0,Inactive,170000,2021-09-13T13:10:06.428Z,331,2.0,2.0,1020.0,1988.0,12.04355959836804
"4243-Cynthia-St,-Orlando,-FL-32811","4243 Cynthia St, Orlando, FL 32811",4243 Cynthia St,,Orlando,FL,32811,Orange County,28.542368,-81.431486,single_family,7035.0,Inactive,205000,2021-10-05T12:26:03.577Z,309,3.0,1.0,1158.0,1988.0,12.230770136157428
"225-Wilmer-Ave,-Orlando,-FL-32811","225 Wilmer Ave, Orlando, FL 32811",225 Wilmer Ave,,Orlando,FL,32811,Orange County,28.544944,-81.449166,single_family,7035.0,Inactive,149900,2021-10-30T07:52:07.992Z,284,3.0,2.0,1158.0,1988.0,11.917730355182513
"4541-America-St,-Orlando,-FL-32811","4541 America St, Orlando, FL 32811",4541 America St,,Orlando,FL,32811,Orange County,28.53371,-81.437649,single_family,7035.0,Inactive,212000,2021-07-03T13:23:14.429Z,403,4.0,2.0,1200.0,1988.0,12.264346270624157
"5208-Cypress-Creek-Dr,-Unit-105,-Orlando,-FL-32811","5208 Cypress Creek Dr, Unit 105, Orlando, FL 32811",5208 Cypress Creek Dr,Unit 105,Orlando,FL,32811,Orange County,28.485979,-81.448719,condo,7035.0,Inactive,149900,2021-08-31T11:03:06.671Z,344,2.0,2.0,988.0,1988.0,11.917730355182513
"5103-Cypress-Creek-Dr,-Orlando,-FL-32811","5103 Cypress Creek Dr, Orlando, FL 32811",5103 Cypress Creek Dr,,Orlando,FL,32811,Orange County,28.488045,-81.44962,condo,7035.0,Inactive,214826,2021-10-07T12:27:41.713Z,307,2.0,2.0,1250.0,1988.0,12.277588332041496
"4744-Walden-Cir,-Unit-12,-Orlando,-FL-32811","4744 Walden Cir, Unit 12, Orlando, FL 32811",4744 Walden Cir,Unit 12,Orlando,FL,32811,Orange County,28.4895,-81.44293,condo,7035.0,Inactive,128500,2021-10-15T10:45:27.285Z,299,2.0,2.0,1020.0,1988.0,11.763691965388299
"4450-W-Gore-Ave,-Orlando,-FL-32811","4450 W Gore Ave, Orlando, FL 32811",4450 W Gore Ave,,Orlando,FL,32811,Orange County,28.530419,-81.436078,single_family,7035.0,Inactive,140000,2021-08-08T12:46:06.274Z,367,3.0,1.0,904.0,1988.0,11.849404844423074
"5578-Metrowest-Blvd,-Apt-103,-Orlando,-FL-32811","5578 Metrowest Blvd, Apt 103, Orlando, FL 32811",5578 Metrowest Blvd,Apt 103,Orlando,FL,32811,Orange County,28.512564,-81.458004,condo,7035.0,Inactive,176500,2021-09-08T13:08:31.177Z,336,3.0,2.0,1362.0,1988.0,12.081081821061819
"4451-Evers-Pl,-Orlando,-FL-32811","4451 Evers Pl, Orlando, FL 32811",4451 Evers Pl,,Orlando,FL,32811,Orange County,28.520958,-81.435766,single_family,7035.0,Inactive,154900,2021-09-21T16:21:46.478Z,323,3.0,2.0,1780.0,1988.0,11.950541482162043
"1864-Williams-Manor-Ave,-Orlando,-FL-32811","1864 Williams Manor Ave, Orlando, FL 32811",1864 Williams Manor Ave,,Orlando,FL,32811,Orange County,28.521853,-81.428979,single_family,7035.0,Inactive,228000,2021-10-05T12:26:33.906Z,309,3.0,1.0,1105.0,1988.0,12.337105293891872
"5542-Metrowest-Blvd,-Apt-212,-Orlando,-FL-32811","5542 Metrowest Blvd, Apt 212, Orlando, FL 32811",5542 Metrowest Blvd,Apt 212,Orlando,FL,32811,Orange County,28.511219,-81.455794,condo,7035.0,Inactive,169000,2021-08-08T12:59:06.819Z,367,2.0,2.0,1126.0,1988.0,12.037659911047468
"4262-Minoso-St,-Orlando,-FL-32811","4262 Minoso St, Orlando, FL 32811",4262 Minoso St,,Orlando,FL,32811,Orange County,28.525789,-81.431659,single_family,7035.0,Inactive,285000,2021-08-08T15:40:01.136Z,367,4.0,2.0,1780.0,1988.0,12.560247968016562
"5168-Conroy-Rd,-Unit-26,-Orlando,-FL-32811","5168 Conroy Rd, Unit 26, Orlando, FL 32811",5168 Conroy Rd,Unit 26,Orlando,FL,32811,Orange County,28.494858,-81.446538,condo,7035.0,Inactive,130000,2021-09-21T16:06:34.551Z,323,2.0,1.0,919.0,1988.0,11.775297421715827
"5578-Metrowest-Blvd,-Apt-112,-Orlando,-FL-32811","5578 Metrowest Blvd, Apt 112, Orlando, FL 32811",5578 Metrowest Blvd,Apt 112,Orlando,FL,32811,Orange County,28.512564,-81.458005,condo,7035.0,Inactive,204999,2020-09-15T21:47:22.433Z,693,3.0,2.0,1362.0,1988.0,12.230765258120545
"5288-Willow-Ct,-Unit-506,-Orlando,-FL-32811","5288 Willow Ct, Unit 506, Orlando, FL 32811",5288 Willow Ct,Unit 506,Orlando,FL,32811,Orange County,28.49543,-81.451031,condo,7035.0,Inactive,199000,2021-08-19T14:22:40.223Z,356,2.0,2.5,1285.0,1988.0,12.201065128819632
"5622-Blue-Shadows-Ct,-Unit-10,-Orlando,-FL-32811","5622 Blue Shadows Ct, Unit 10, Orlando, FL 32811",5622 Blue Shadows Ct,Unit 10,Orlando,FL,32811,Orange County,28.498173,-81.457378,condo,7035.0,Inactive,160000,2021-09-10T12:18:29.750Z,334,2.0,2.0,963.0,1988.0,11.982935344196433
"5307-Creekside-Park-Ave,-Orlando,-FL-32811","5307 Creekside Park Ave, Orlando, FL 32811",5307 Creekside Park Ave,,Orlando,FL,32811,Orange County,28.485048,-81.445481,single_family,7035.0,Inactive,373000,2020-11-14T15:46:42.859Z,634,3.0,2.5,1659.0,1988.0,12.829336379587506
"1714-Ravenall-Ave,-Orlando,-FL-32811","1714 Ravenall Ave, Orlando, FL 32811",1714 Ravenall Ave,,Orlando,FL,32811,Orange County,28.521724,-81.439287,single_family,7035.0,Inactive,249900,2021-09-23T16:22:41.084Z,321,4.0,2.0,1250.0,1988.0,12.428820118415677
"5578-Metrowest-Blvd,-Apt-106,-Orlando,-FL-32811","5578 Metrowest Blvd, Apt 106, Orlando, FL 32811",5578 Metrowest Blvd,Apt 106,Orlando,FL,32811,Orange County,28.512564,-81.458004,condo,7035.0,Inactive,125000,2021-09-11T11:20:38.914Z,333,1.0,1.0,899.0,1988.0,11.736077016252437
"4744-Capri-Pl,-Unit-212,-Orlando,-FL-32811","4744 Capri Pl, Unit 212, Orlando, FL 32811",4744 Capri Pl,Unit 212,Orlando,FL,32811,Orange County,28.494792,-81.440903,condo,7035.0,Inactive,143000,2021-08-31T15:22:36.849Z,344,2.0,2.0,860.0,1988.0,11.870606902224587
"5000-Lanette-St,-Orlando,-FL-32811","5000 Lanette St, Orlando, FL 32811",5000 Lanette St,,Orlando,FL,32811,Orange County,28.527092,-81.445614,single_family,7035.0,Inactive,150000,2021-09-24T17:43:09.044Z,319,3.0,1.0,888.0,1988.0,11.918397239722838
"4744-Walden-Cir,-Unit-17,-Orlando,-FL-32811","4744 Walden Cir, Unit 17, Orlando, FL 32811",4744 Walden Cir,Unit 17,Orlando,FL,32811,Orange County,28.4895,-81.44293,condo,7035.0,Inactive,139900,2021-09-16T10:14:12.052Z,328,2.0,2.0,956.0,1988.0,11.848690308590857
"5319-Indian-Creek-Dr,-Unit-D,-Orlando,-FL-32811","5319 Indian Creek Dr, Unit D, Orlando, FL 32811",5319 Indian Creek Dr,Unit D,Orlando,FL,32811,Orange County,28.492292,-81.453383,condo,7035.0,Inactive,138000,2020-10-27T12:14:36.052Z,652,2.0,2.0,1123.0,1988.0,11.835016210489899
"4668-Southlawn-Ave,-Orlando,-FL-32811","4668 Southlawn Ave, Orlando, FL 32811",4668 Southlawn Ave,,Orlando,FL,32811,Orange County,28.490128,-81.448282,single_family,7035.0,Inactive,463000,2021-07-19T17:00:06.289Z,386,4.0,2.5,2390.0,1988.0,13.045484492893253
"434-Ring-Rd,-Orlando,-FL-32811","434 Ring Rd, Orlando, FL 32811",434 Ring Rd,,Orlando,FL,32811,Orange County,28.536067,-81.451533,single_family,7035.0,Inactive,245000,2021-06-16T14:42:52.509Z,420,4.0,2.0,1866.0,1988.0,12.409017571151187
"4348-Middlebrook-Rd,-Unit-3,-Orlando,-FL-32811","4348 Middlebrook Rd, Unit 3, Orlando, FL 32811",4348 Middlebrook Rd,Unit 3,Orlando,FL,32811,Orange County,28.499184,-81.453922,condo,7035.0,Inactive,199900,2021-09-18T12:41:16.202Z,326,2.0,2.0,1099.0,1988.0,12.20557752297723
"4939-Lanette-St,-Orlando,-FL-32811","4939 Lanette St, Orlando, FL 32811",4939 Lanette St,,Orlando,FL,32811,Orange County,28.527534,-81.44543,single_family,7035.0,Inactive,199000,2021-09-08T13:13:50.922Z,336,4.0,1.5,1344.0,1988.0,12.201065128819632
"4852-Normandy-Pl,-Unit-C,-Orlando,-FL-32811","4852 Normandy Pl, Unit C, Orlando, FL 32811",4852 Normandy Pl,Unit C,Orlando,FL,32811,Orange County,28.496047,-81.443607,condo,7035.0,Inactive,181000,2021-09-08T13:08:31.185Z,336,3.0,2.0,1263.0,1988.0,12.10625783509458
"4700-Capri-Pl,-Unit-231,-Orlando,-FL-32811","4700 Capri Pl, Unit 231, Orlando, FL 32811",4700 Capri Pl,Unit 231,Orlando,FL,32811,Orange County,28.494618,-81.440437,condo,7035.0,Inactive,169900,2021-09-16T14:51:42.685Z,328,2.0,2.0,1105.0,1988.0,12.042971193457888
"5203-W-Washington-St,-Orlando,-FL-32811","5203 W Washington St, Orlando, FL 32811",5203 W Washington St,,Orlando,FL,32811,Orange County,28.542616,-81.451747,single_family,7035.0,Inactive,169000,2021-09-25T18:12:09.588Z,318,3.0,1.5,1152.0,1988.0,12.037659911047468
"4659-Cason-Cove-Dr,-Apt-3013,-Orlando,-FL-32811","4659 Cason Cove Dr, Apt 3013, Orlando, FL 32811",4659 Cason Cove Dr,Apt 3013,Orlando,FL,32811,Orange County,28.498625,-81.438847,condo,7035.0,Inactive,119000,2021-10-08T07:57:44.015Z,306,1.0,1.0,700.0,1988.0,11.686887175419702
"5270-Middle-Ct,-Unit-110,-Orlando,-FL-32811","5270 Middle Ct, Unit 110, Orlando, FL 32811",5270 Middle Ct,Unit 110,Orlando,FL,32811,Orange County,28.497958,-81.450791,condo,7035.0,Inactive,190000,2021-08-08T13:07:39.268Z,367,2.0,2.5,1285.0,1988.0,12.154784614286667
"5325-Bamboo-Ct,-Unit-427,-Orlando,-FL-32811","5325 Bamboo Ct, Unit 427, Orlando, FL 32811",5325 Bamboo Ct,Unit 427,Orlando,FL,32811,Orange County,28.496932,-81.451283,condo,7035.0,Inactive,185000,2021-08-08T12:59:15.545Z,367,2.0,2.5,1285.0,1988.0,12.128116509451258
"5308-Dove-Tree-St,-Orlando,-FL-32811","5308 Dove Tree St, Orlando, FL 32811",5308 Dove Tree St,,Orlando,FL,32811,Orange County,28.489672,-81.451723,single_family,7035.0,Inactive,460000,2021-08-19T17:50:52.784Z,355,4.0,2.5,2996.0,1988.0,13.038983942375959
"4422-Banneka-St,-Orlando,-FL-32811","4422 Banneka St, Orlando, FL 32811",4422 Banneka St,,Orlando,FL,32811,Orange County,28.519815,-81.435095,single_family,7035.0,Inactive,224900,2021-09-08T13:44:50.244Z,336,4.0,2.0,1562.0,1988.0,12.323415584358154
"629-Greys-Ferry-Rd,-Orlando,-FL-32811","629 Greys Ferry Rd, Orlando, FL 32811",629 Greys Ferry Rd,,Orlando,FL,32811,Orange County,28.53313,-81.451946,single_family,7035.0,Inactive,225000,2021-09-08T13:44:50.247Z,336,3.0,2.0,1434.0,1988.0,12.323860125621126
"5572-Metrowest-Blvd,-Apt-309,-Orlando,-FL-32811","5572 Metrowest Blvd, Apt 309, Orlando, FL 32811",5572 Metrowest Blvd,Apt 309,Orlando,FL,32811,Orange County,28.511785,-81.45732,condo,7035.0,Inactive,165000,2021-08-08T12:59:06.810Z,367,2.0,2.0,1159.0,1988.0,12.013706813470414
"5120-Conroy-Rd,-Unit-526,-Orlando,-FL-32811","5120 Conroy Rd, Unit 526, Orlando, FL 32811",5120 Conroy Rd,Unit 526,Orlando,FL,32811,Orange County,28.495161,-81.44622,condo,7035.0,Inactive,129500,2021-06-26T11:40:46.637Z,410,1.0,1.0,711.0,1988.0,11.771443882099637
"5503-W-Central-Blvd,-Orlando,-FL-32811","5503 W Central Blvd, Orlando, FL 32811",5503 W Central Blvd,,Orlando,FL,32811,Orange County,28.541766,-81.455333,single_family,7035.0,Inactive,250000,2021-10-02T14:28:04.653Z,312,3.0,2.5,1341.0,1988.0,12.429220196836383
"1830-Williams-Manor-Ave,-Orlando,-FL-32811","1830 Williams Manor Ave, Orlando, FL 32811",1830 Williams Manor Ave,,Orlando,FL,32811,Orange County,28.522347,-81.428992,single_family,7035.0,Inactive,205000,2021-09-20T15:00:33.906Z,324,3.0,1.0,1004.0,1988.0,12.230770136157428
"4402-Middlebrook-Rd,-Unit-4,-Orlando,-FL-32811","4402 Middlebrook Rd, Unit 4, Orlando, FL 32811",4402 Middlebrook Rd,Unit 4,Orlando,FL,32811,Orange County,28.498177,-81.453778,condo,7035.0,Inactive,200000,2021-09-10T13:19:10.388Z,334,2.0,2.0,1093.0,1988.0,12.206077645517674
"3331-S-Kirkman-Rd,-Apt-533,-Orlando,-FL-32811","3331 S Kirkman Rd, Apt 533, Orlando, FL 32811",3331 S Kirkman Rd,Apt 533,Orlando,FL,32811,Orange County,28.507949,-81.456417,condo,7035.0,Inactive,170500,2021-09-10T12:31:11.188Z,334,2.0,2.0,1212.0,1988.0,12.046496440791149
"4615-Cason-Cove-Dr,-Apt-821,-Orlando,-FL-32811","4615 Cason Cove Dr, Apt 821, Orlando, FL 32811",4615 Cason Cove Dr,Apt 821,Orlando,FL,32811,Orange County,28.496938,-81.436585,condo,7035.0,Inactive,129000,2021-08-08T12:44:45.308Z,367,1.0,1.0,600.0,1988.0,11.767575435251748
"5314-Dove-Tree-St,-Orlando,-FL-32811","5314 Dove Tree St, Orlando, FL 32811",5314 Dove Tree St,,Orlando,FL,32811,Orange County,28.489671,-81.451879,single_family,7035.0,Inactive,489000,2020-10-15T18:49:12.188Z,663,4.0,2.5,2716.0,1988.0,13.100119813444692
"5379-Creekside-Park-Ave,-Orlando,-FL-32811","5379 Creekside Park Ave, Orlando, FL 32811",5379 Creekside Park Ave,,Orlando,FL,32811,Orange County,28.484508,-81.445004,single_family,7035.0,Inactive,449900,2021-05-12T16:22:53.860Z,454,4.0,2.5,2115.0,1988.0,13.016782837542953
"4468-Middlebrook-Rd,-Orlando,-FL-32811","4468 Middlebrook Rd, Orlando, FL 32811",4468 Middlebrook Rd,,Orlando,FL,32811,Orange County,28.497445,-81.453777,condo,7035.0,Inactive,190000,2021-06-16T12:10:11.980Z,420,3.0,2.5,1447.0,1988.0,12.154784614286667
"4348-S-Kirkman-Rd,-Apt-810,-Orlando,-FL-32811","4348 S Kirkman Rd, Apt 810, Orlando, FL 32811",4348 S Kirkman Rd,Apt 810,Orlando,FL,32811,Orange County,28.497265,-81.462673,condo,7035.0,Inactive,148000,2021-06-16T11:32:03.931Z,420,2.0,2.0,1042.0,1988.0,11.904974309480183
"4284-Solomon-Dr,-Orlando,-FL-32811","4284 Solomon Dr, Orlando, FL 32811",4284 Solomon Dr,,Orlando,FL,32811,Orange County,28.514974,-81.432209,single_family,7035.0,Inactive,250000,2020-09-15T21:47:22.430Z,693,4.0,2.0,1250.0,1988.0,12.429220196836383
"5471-Vineland-Rd,-Apt-7204,-Orlando,-FL-32811","5471 Vineland Rd, Apt 7204, Orlando, FL 32811",5471 Vineland Rd,Apt 7204,Orlando,FL,32811,Orange County,28.485167,-81.451987,condo,7035.0,Inactive,194900,2021-09-28T11:53:54.236Z,316,2.0,2.0,1093.0,1988.0,12.180247016318816
"4800-Normandy-Pl,-Unit-E104,-Orlando,-FL-32811","4800 Normandy Pl, Unit E104, Orlando, FL 32811",4800 Normandy Pl,Unit E104,Orlando,FL,32811,Orange County,28.495814,-81.442614,condo,7035.0,Inactive,175000,2021-09-11T12:22:18.737Z,333,3.0,2.0,1263.0,1988.0,12.07254696717504
"5459-Vineland-Rd,-Apt-4207,-Orlando,-FL-32811","5459 Vineland Rd, Apt 4207, Orlando, FL 32811",5459 Vineland Rd,Apt 4207,Orlando,FL,32811,Orange County,28.486665,-81.451646,condo,7035.0,Inactive,135000,2021-08-19T12:45:28.283Z,356,1.0,1.0,723.0,1988.0,11.813037464800539
"966-Loquat-Tree-Rd,-Unit-966,-Orlando,-FL-32811","966 Loquat Tree Rd, Unit 966, Orlando, FL 32811",966 Loquat Tree Rd,Unit 966,Orlando,FL,32811,Orange County,28.529342,-81.446707,single_family,7035.0,Inactive,179900,2021-09-29T11:44:18.176Z,315,2.0,2.0,762.0,1988.0,12.100161978566867
"4307-Lake-Richmond-Dr,-Orlando,-FL-32811","4307 Lake Richmond Dr, Orlando, FL 32811",4307 Lake Richmond Dr,,Orlando,FL,32811,Orange County,28.512777,-81.433559,single_family,7035.0,Inactive,125000,2021-08-31T10:27:05.101Z,344,5.0,2.0,1329.0,1988.0,11.736077016252437
"5144-Dove-Tree-St,-Orlando,-FL-32811","5144 Dove Tree St, Orlando, FL 32811",5144 Dove Tree St,,Orlando,FL,32811,Orange County,28.490982,-81.44849,single_family,7035.0,Inactive,580000,2021-08-19T18:26:46.528Z,355,5.0,3.5,2979.0,1988.0,13.270785106659046
"4118-Minoso-St,-Orlando,-FL-32811","4118 Minoso St, Orlando, FL 32811",4118 Minoso St,,Orlando,FL,32811,Orange County,28.525813,-81.428649,single_family,7035.0,Inactive,224000,2021-03-14T12:32:11.162Z,514,3.0,1.0,1213.0,1988.0,12.319405795112926
"4408-Middlebrook-Rd,-Unit-4408,-Orlando,-FL-32811","4408 Middlebrook Rd, Unit 4408, Orlando, FL 32811",4408 Middlebrook Rd,Unit 4408,Orlando,FL,32811,Orange County,28.498177,-81.453781,condo,7035.0,Inactive,199900,2021-07-19T13:51:14.322Z,387,2.0,2.0,1214.0,1988.0,12.20557752297723
"4736-Walden-Cir,-Apt-1132,-Orlando,-FL-32811","4736 Walden Cir, Apt 1132, Orlando, FL 32811",4736 Walden Cir,Apt 1132,Orlando,FL,32811,Orange County,28.490915,-81.440416,condo,7035.0,Inactive,79500,2021-09-11T09:04:09.997Z,333,1.0,1.0,560.0,1988.0,11.283524879179666
"5201-Creekside-Park-Ave,-Orlando,-FL-32811","5201 Creekside Park Ave, Orlando, FL 32811",5201 Creekside Park Ave,,Orlando,FL,32811,Orange County,28.486049,-81.446357,single_family,7035.0,Inactive,439000,2021-08-19T17:47:57.495Z,355,5.0,3.0,2419.0,1988.0,12.992256969959042
"5224-Botany-Ct,-Orlando,-FL-32811","5224 Botany Ct, Orlando, FL 32811",5224 Botany Ct,,Orlando,FL,32811,Orange County,28.527048,-81.449942,single_family,7035.0,Inactive,168000,2021-08-19T12:58:20.748Z,356,2.0,1.5,1090.0,1988.0,12.031725210748633
"4659-Cason-Cove-Dr,-Apt-3015,-Orlando,-FL-32811","4659 Cason Cove Dr, Apt 3015, Orlando, FL 32811",4659 Cason Cove Dr,Apt 3015,Orlando,FL,32811,Orange County,28.498625,-81.438847,condo,7035.0,Inactive,119000,2020-10-27T10:14:19.817Z,652,1.0,1.0,700.0,1988.0,11.686887175419702
"4179-Cepeda-St,-Orlando,-FL-32811","4179 Cepeda St, Orlando, FL 32811",4179 Cepeda St,,Orlando,FL,32811,Orange County,28.523607,-81.429731,single_family,7035.0,Inactive,180000,2021-08-19T13:42:30.546Z,356,3.0,2.0,1170.0,1988.0,12.100717685412471
"5455-Vineland-Rd,-Apt-3111,-Orlando,-FL-32811","5455 Vineland Rd, Apt 3111, Orlando, FL 32811",5455 Vineland Rd,Apt 3111,Orlando,FL,32811,Orange County,28.485841,-81.451439,condo,7035.0,Inactive,140000,2021-08-08T12:55:24.516Z,367,1.0,1.0,734.0,1988.0,11.849404844423074
"5377-Dove-Tree-St,-Orlando,-FL-32811","5377 Dove Tree St, Orlando, FL 32811",5377 Dove Tree St,,Orlando,FL,32811,Orange County,28.490559,-81.452929,single_family,7035.0,Inactive,495000,2021-08-19T18:20:47.572Z,355,5.0,3.5,2940.0,1988.0,13.112315061750808
"4852-Selbe-Ct,-Orlando,-FL-32811","4852 Selbe Ct, Orlando, FL 32811",4852 Selbe Ct,,Orlando,FL,32811,Orange County,28.52489,-81.445171,single_family,7035.0,Inactive,199900,2021-08-08T13:55:40.030Z,367,4.0,1.5,1128.0,1988.0,12.20557752297723
"5530-Metrowest-Blvd,-Apt-211,-Orlando,-FL-32811","5530 Metrowest Blvd, Apt 211, Orlando, FL 32811",5530 Metrowest Blvd,Apt 211,Orlando,FL,32811,Orange County,28.512412,-81.456625,apartment,7035.0,Inactive,690000,2021-08-19T18:28:07.713Z,355,8.0,4.0,1073.0,1988.0,13.444448325847754
"4842-Normandy-Pl,-Unit-204C,-Orlando,-FL-32811","4842 Normandy Pl, Unit 204C, Orlando, FL 32811",4842 Normandy Pl,Unit 204C,Orlando,FL,32811,Orange County,28.496047,-81.443607,condo,7035.0,Inactive,184000,2020-10-30T13:07:17.410Z,649,3.0,2.0,1263.0,1988.0,12.122696471358964
"4925-Vista-Lago-Dr,-Orlando,-FL-32811","4925 Vista Lago Dr, Orlando, FL 32811",4925 Vista Lago Dr,,Orlando,FL,32811,Orange County,28.532419,-81.445818,single_family,7035.0,Inactive,219000,2021-08-31T14:51:22.258Z,344,3.0,2.0,1147.0,1988.0,12.296831574998258
"4352-S-Kirkman-Rd,-Unit-1,-Orlando,-FL-32811","4352 S Kirkman Rd, Unit 1, Orlando, FL 32811",4352 S Kirkman Rd,Unit 1,Orlando,FL,32811,Orange County,28.497994,-81.461335,condo,7035.0,Inactive,167500,2021-09-10T12:18:29.760Z,334,2.0,2.0,1042.0,1988.0,12.02874460037869
"4104-White-Pine-Ave,-Unit-1,-Orlando,-FL-32811","4104 White Pine Ave, Unit 1, Orlando, FL 32811",4104 White Pine Ave,Unit 1,Orlando,FL,32811,Orange County,28.501051,-81.45826,condo,7035.0,Inactive,159900,2021-02-11T11:16:02.606Z,545,2.0,2.0,841.0,1988.0,11.982310152711182
"3373-S-Kirkman-Rd,-Apt-925,-Orlando,-FL-32811","3373 S Kirkman Rd, Apt 925, Orlando, FL 32811",3373 S Kirkman Rd,Apt 925,Orlando,FL,32811,Orange County,28.505222,-81.457028,condo,7035.0,Inactive,127900,2021-09-08T10:23:26.387Z,336,1.0,1.0,890.0,1988.0,11.759011806144656
"3391-S-Kirkman-Rd,-Apt-1210,-Orlando,-FL-32811","3391 S Kirkman Rd, Apt 1210, Orlando, FL 32811",3391 S Kirkman Rd,Apt 1210,Orlando,FL,32811,Orange County,28.505952,-81.458325,condo,7035.0,Inactive,230000,2021-07-06T13:44:56.332Z,400,3.0,2.0,1811.0,1988.0,12.345838935721968
"4533-Wheatley-St,-Orlando,-FL-32811","4533 Wheatley St, Orlando, FL 32811",4533 Wheatley St,,Orlando,FL,32811,Orange County,28.521668,-81.437172,single_family,7035.0,Inactive,195500,2021-08-08T13:57:31.776Z,367,3.0,1.0,1274.0,1988.0,12.18332077348399
"4417-Marshall-St,-Orlando,-FL-32811","4417 Marshall St, Orlando, FL 32811",4417 Marshall St,,Orlando,FL,32811,Orange County,28.517361,-81.434664,single_family,7035.0,Inactive,199900,2021-08-31T13:27:00.519Z,344,4.0,2.0,1413.0,1988.0,12.20557752297723
"1644-Willie-Mays-Pkwy,-Orlando,-FL-32811","1644 Willie Mays Pkwy, Orlando, FL 32811",1644 Willie Mays Pkwy,,Orlando,FL,32811,Orange County,28.522403,-81.438295,single_family,7035.0,Inactive,199500,2021-08-08T13:57:31.758Z,367,3.0,1.0,1091.0,1988.0,12.20357452783082
"4939-Walden-Cir,-Unit-59,-Orlando,-FL-32811","4939 Walden Cir, Unit 59, Orlando, FL 32811",4939 Walden Cir,Unit 59,Orlando,FL,32811,Orange County,28.488583,-81.442923,condo,7035.0,Inactive,194500,2021-08-31T12:58:43.589Z,344,2.0,2.5,1228.0,1988.0,12.178192583415596
"4-S-Van-Buren-Ave,-Orlando,-FL-32811","4 S Van Buren Ave, Orlando, FL 32811",4 S Van Buren Ave,,Orlando,FL,32811,Orange County,28.541308,-81.457554,single_family,7035.0,Inactive,430000,2021-06-16T16:13:26.462Z,419,2.0,1.0,1302.0,1988.0,12.971542813248437
"5362-Bamboo-Ct,-Unit-474,-Orlando,-FL-32811","5362 Bamboo Ct, Unit 474, Orlando, FL 32811",5362 Bamboo Ct,Unit 474,Orlando,FL,32811,Orange County,28.496376,-81.452234,condo,7035.0,Inactive,199900,2021-08-19T14:22:40.227Z,356,2.0,2.5,1285.0,1988.0,12.20557752297723
"3325-S-Kirkman-Rd,-Apt-429,-Orlando,-FL-32811","3325 S Kirkman Rd, Apt 429, Orlando, FL 32811",3325 S Kirkman Rd,Apt 429,Orlando,FL,32811,Orange County,28.508028,-81.457119,condo,7035.0,Inactive,165000,2021-07-19T12:41:13.056Z,387,2.0,2.0,1037.0,1988.0,12.013706813470414
"4711-Capri-Pl,-Unit-188,-Orlando,-FL-32811","4711 Capri Pl, Unit 188, Orlando, FL 32811",4711 Capri Pl,Unit 188,Orlando,FL,32811,Orange County,28.495168,-81.440151,condo,7035.0,Inactive,146000,2021-07-19T12:41:13.038Z,387,2.0,2.0,860.0,1988.0,11.891368749982085
"4764-Walden-Cir,-Apt-417,-Orlando,-FL-32811","4764 Walden Cir, Apt 417, Orlando, FL 32811",4764 Walden Cir,Apt 417,Orlando,FL,32811,Orange County,28.489791,-81.440749,condo,7035.0,Inactive,128000,2021-04-18T10:48:26.946Z,479,2.0,2.0,1020.0,1988.0,11.759793355371237
"5253-Middle-Ct,-Unit-136,-Orlando,-FL-32811","5253 Middle Ct, Unit 136, Orlando, FL 32811",5253 Middle Ct,Unit 136,Orlando,FL,32811,Orange County,28.498783,-81.4508,condo,7035.0,Inactive,180000,2021-08-31T12:43:13.785Z,344,2.0,2.5,1285.0,1988.0,12.100717685412471
"5025-Vineland-Rd,-Unit-103,-Orlando,-FL-32811","5025 Vineland Rd, Unit 103, Orlando, FL 32811",5025 Vineland Rd,Unit 103,Orlando,FL,32811,Orange County,28.483911,-81.445906,condo,7035.0,Inactive,174500,2021-06-16T12:10:11.975Z,420,2.0,2.0,1048.0,1988.0,12.069685751267224
"5112-Conroy-Rd,-Unit-321,-Orlando,-FL-32811","5112 Conroy Rd, Unit 321, Orlando, FL 32811",5112 Conroy Rd,Unit 321,Orlando,FL,32811,Orange County,28.49581,-81.447206,condo,7035.0,Inactive,160000,2021-08-31T11:12:33.155Z,344,2.0,2.0,1028.0,1988.0,11.982935344196433
"4185-Pinebark-Ave,-Unit-4,-Orlando,-FL-32811","4185 Pinebark Ave, Unit 4, Orlando, FL 32811",4185 Pinebark Ave,Unit 4,Orlando,FL,32811,Orange County,28.500707,-81.457079,condo,7035.0,Inactive,145000,2021-08-08T12:46:06.265Z,367,2.0,1.0,889.0,1988.0,11.884495917930655
"5411-Pine-Creek-Dr,-Unit-1802,-Orlando,-FL-32811","5411 Pine Creek Dr, Unit 1802, Orlando, FL 32811",5411 Pine Creek Dr,Unit 1802,Orlando,FL,32811,Orange County,28.493764,-81.454402,condo,7035.0,Inactive,135000,2020-09-15T19:57:36.283Z,693,2.0,2.0,1141.0,1988.0,11.813037464800539
"5197-Northlawn-Way,-Orlando,-FL-32811","5197 Northlawn Way, Orlando, FL 32811",5197 Northlawn Way,,Orlando,FL,32811,Orange County,28.486234,-81.446086,single_family,7035.0,Inactive,412000,2021-06-16T16:05:35.755Z,419,4.0,2.5,2132.0,1988.0,12.928781055513184
"4769-Piedmont-Ct,-Orlando,-FL-32811","4769 Piedmont Ct, Orlando, FL 32811",4769 Piedmont Ct,,Orlando,FL,32811,Orange County,28.530287,-81.441923,single_family,7035.0,Inactive,164900,2021-08-08T12:59:06.795Z,367,3.0,1.0,836.0,1988.0,12.013100572810686
"912-Campanella-Ave,-Orlando,-FL-32811","912 Campanella Ave, Orlando, FL 32811",912 Campanella Ave,,Orlando,FL,32811,Orange County,28.530066,-81.436726,single_family,7035.0,Inactive,210000,2021-08-31T13:30:13.370Z,343,3.0,2.0,1075.0,1988.0,12.25486757159303
"1208-Kozart-St,-Orlando,-FL-32811","1208 Kozart St, Orlando, FL 32811",1208 Kozart St,,Orlando,FL,32811,Orange County,28.526878,-81.441328,single_family,7035.0,Inactive,170000,2021-08-08T12:59:07.216Z,366,4.0,1.5,1152.0,1988.0,12.04355959836804
"5168-Conroy-Rd,-Unit-Medici,-Orlando,-FL-32811","5168 Conroy Rd, Unit Medici, Orlando, FL 32811",5168 Conroy Rd,Unit Medici,Orlando,FL,32811,Orange County,28.494858,-81.446538,condo,7035.0,Inactive,139995,2021-08-12T13:35:17.587Z,362,2.0,1.0,919.0,1988.0,11.849369129754699
"4997-Creekside-Park-Ave,-Orlando,-FL-32811","4997 Creekside Park Ave, Orlando, FL 32811",4997 Creekside Park Ave,,Orlando,FL,32811,Orange County,28.488107,-81.447964,single_family,7035.0,Inactive,410000,2021-08-12T19:58:45.354Z,361,4.0,2.5,2018.0,1988.0,12.923914877701906
"5308-Pebble-Beach-Dr,-Unit-F,-Orlando,-FL-32811","5308 Pebble Beach Dr, Unit F, Orlando, FL 32811",5308 Pebble Beach Dr,Unit F,Orlando,FL,32811,Orange County,28.492802,-81.452942,condo,7035.0,Inactive,139900,2020-09-15T19:57:36.286Z,692,3.0,2.0,1379.0,1988.0,11.848690308590857
"5506-Metrowest-Blvd,-Unit-13-303,-Orlando,-FL-32811","5506 Metrowest Blvd, Unit 13-303, Orlando, FL 32811",5506 Metrowest Blvd,Unit 13-303,Orlando,FL,32811,Orange County,28.513612,-81.456549,condo,7035.0,Inactive,130000,2020-09-15T19:27:14.992Z,693,1.0,1.0,898.0,1988.0,11.775297421715827
"4638-Marbello-Blvd,-Orlando,-FL-32811","4638 Marbello Blvd, Orlando, FL 32811",4638 Marbello Blvd,,Orlando,FL,32811,Orange County,28.511628,-81.439872,single_family,7035.0,Inactive,244900,2021-08-08T14:53:07.891Z,366,4.0,2.0,1218.0,1988.0,12.408609326231229
"4939-Elese-St,-Orlando,-FL-32811","4939 Elese St, Orlando, FL 32811",4939 Elese St,,Orlando,FL,32811,Orange County,28.526792,-81.445417,single_family,7035.0,Inactive,215000,2021-08-31T13:30:13.525Z,343,4.0,2.5,1528.0,1988.0,12.278397958261774
"5095-Southlawn-Ave,-Orlando,-FL-32811","5095 Southlawn Ave, Orlando, FL 32811",5095 Southlawn Ave,,Orlando,FL,32811,Orange County,28.487015,-81.450813,single_family,7035.0,Inactive,465000,2021-08-19T17:50:52.758Z,355,4.0,3.0,2301.0,1988.0,13.049794835104816
"5132-Dove-Tree-St,-Orlando,-FL-32811","5132 Dove Tree St, Orlando, FL 32811",5132 Dove Tree St,,Orlando,FL,32811,Orange County,28.491123,-81.448203,single_family,7035.0,Inactive,403000,2021-08-12T19:58:33.618Z,361,3.0,2.5,2072.0,1988.0,12.90669432231532
"5542-Metrowest-Blvd,-Unit-20,-Orlando,-FL-32811","5542 Metrowest Blvd, Unit 20, Orlando, FL 32811",5542 Metrowest Blvd,Unit 20,Orlando,FL,32811,Orange County,28.51122,-81.455794,condo,7035.0,Inactive,145000,2021-05-12T10:35:51.584Z,454,2.0,2.0,1073.0,1988.0,11.884495917930655
"5530-Metrowest-Blvd,-Apt-110,-Orlando,-FL-32811","5530 Metrowest Blvd, Apt 110, Orlando, FL 32811",5530 Metrowest Blvd,Apt 110,Orlando,FL,32811,Orange County,28.512412,-81.456625,condo,7035.0,Inactive,139900,2021-08-19T12:51:31.985Z,355,2.0,2.0,1205.0,1988.0,11.848690308590857
"4961-Creekside-Park-Ave,-Orlando,-FL-32811","4961 Creekside Park Ave, Orlando, FL 32811",4961 Creekside Park Ave,,Orlando,FL,32811,Orange County,28.488365,-81.448223,single_family,7035.0,Inactive,455000,2021-08-19T17:47:57.505Z,355,4.0,2.5,2329.0,1988.0,13.02805489573287
"458-Fanfair-Ave,-Orlando,-FL-32811","458 Fanfair Ave, Orlando, FL 32811",458 Fanfair Ave,,Orlando,FL,32811,Orange County,28.536857,-81.436572,single_family,7035.0,Inactive,290000,2021-03-04T13:33:43.492Z,523,4.0,2.0,1752.0,1988.0,12.577639650232573
"221-Wilmer-Ave,-Orlando,-FL-32811","221 Wilmer Ave, Orlando, FL 32811",221 Wilmer Ave,,Orlando,FL,32811,Orange County,28.544699,-81.449167,single_family,7035.0,Inactive,269900,2020-09-15T09:32:16.724Z,693,4.0,2.0,1524.0,1988.0,12.505810504075185
"4371-White-Pine-Ave,-Unit-2,-Orlando,-FL-32811","4371 White Pine Ave, Unit 2, Orlando, FL 32811",4371 White Pine Ave,Unit 2,Orlando,FL,32811,Orange County,28.498961,-81.457636,condo,7035.0,Inactive,169900,2021-08-08T12:59:06.833Z,366,2.0,2.0,980.0,1988.0,12.042971193457888
"4745-Chevy-Pl,-Unit-150C,-Orlando,-FL-32811","4745 Chevy Pl, Unit 150C, Orlando, FL 32811",4745 Chevy Pl,Unit 150C,Orlando,FL,32811,Orange County,28.496188,-81.440714,condo,7035.0,Inactive,148900,2021-05-12T09:53:55.581Z,454,2.0,2.0,935.0,1988.0,11.91103693456627
"2721-Ravenall-Ave,-Orlando,-FL-32811","2721 Ravenall Ave, Orlando, FL 32811",2721 Ravenall Ave,,Orlando,FL,32811,Orange County,28.513342,-81.438969,single_family,7035.0,Inactive,279500,2021-06-28T15:05:21.064Z,407,4.0,2.0,1704.0,1988.0,12.540761149388421
"4541-Cypress-St,-Orlando,-FL-32811","4541 Cypress St, Orlando, FL 32811",4541 Cypress St,,Orlando,FL,32811,Orange County,28.531862,-81.437818,single_family,7035.0,Inactive,245000,2021-06-25T13:59:12.405Z,410,3.0,2.0,1466.0,1988.0,12.409017571151187
"724-Cornelia-Ct,-Orlando,-FL-32811","724 Cornelia Ct, Orlando, FL 32811",724 Cornelia Ct,,Orlando,FL,32811,Orange County,28.532934,-81.441418,single_family,7035.0,Inactive,215000,2021-06-16T14:07:02.488Z,419,4.0,2.5,1400.0,1988.0,12.278397958261774
"4705-King-Cole-Blvd,-Orlando,-FL-32811","4705 King Cole Blvd, Orlando, FL 32811",4705 King Cole Blvd,,Orlando,FL,32811,Orange County,28.518787,-81.440354,single_family,7035.0,Inactive,215000,2021-08-12T16:58:22.907Z,362,3.0,2.0,1200.0,1988.0,12.278397958261774
"74-Dorcas-Ct,-Orlando,-FL-32811","74 Dorcas Ct, Orlando, FL 32811",74 Dorcas Ct,,Orlando,FL,32811,Orange County,28.540542,-81.440089,single_family,7035.0,Inactive,199900,2021-02-25T11:11:48.096Z,530,3.0,1.0,912.0,1988.0,12.20557752297723
"5136-Cypress-Creek-Dr,-Unit-103,-Orlando,-FL-32811","5136 Cypress Creek Dr, Unit 103, Orlando, FL 32811",5136 Cypress Creek Dr,Unit 103,Orlando,FL,32811,Orange County,28.487238,-81.449617,condo,7035.0,Inactive,175000,2021-08-08T12:59:15.508Z,366,2.0,2.0,1197.0,1988.0,12.07254696717504
"4881-Cypress-Woods-Dr,-Apt-3307,-Orlando,-FL-32811","4881 Cypress Woods Dr, Apt 3307, Orlando, FL 32811",4881 Cypress Woods Dr,Apt 3307,Orlando,FL,32811,Orange County,28.493626,-81.451883,condo,7035.0,Inactive,170000,2021-08-08T12:59:07.219Z,366,2.0,2.0,1186.0,1988.0,12.04355959836804
"4360-S-Kirkman-Rd,-Apt-401,-Orlando,-FL-32811","4360 S Kirkman Rd, Apt 401, Orlando, FL 32811",4360 S Kirkman Rd,Apt 401,Orlando,FL,32811,Orange County,28.497205,-81.461304,condo,7035.0,Inactive,155990,2021-06-16T11:32:04.011Z,419,3.0,2.0,1199.0,1988.0,11.957553592259716
"5483-Vineland-Rd,-Apt-10307,-Orlando,-FL-32811","5483 Vineland Rd, Apt 10307, Orlando, FL 32811",5483 Vineland Rd,Apt 10307,Orlando,FL,32811,Orange County,28.48373,-81.45118,condo,7035.0,Inactive,155000,2020-09-15T21:10:02.834Z,692,2.0,2.0,1043.0,1988.0,11.951186847493476
"4756-Walden-Cir,-Unit-14,-Orlando,-FL-32811","4756 Walden Cir, Unit 14, Orlando, FL 32811",4756 Walden Cir,Unit 14,Orlando,FL,32811,Orange County,28.489398,-81.44113,condo,7035.0,Inactive,98100,2021-03-01T12:42:43.100Z,526,1.0,1.0,760.0,1988.0,11.493752839181418
"4286-Lake-Richmond-Dr,-Orlando,-FL-32811","4286 Lake Richmond Dr, Orlando, FL 32811",4286 Lake Richmond Dr,,Orlando,FL,32811,Orange County,28.512555,-81.432078,single_family,7035.0,Inactive,300000,2020-09-21T20:22:00.048Z,686,4.0,2.0,1899.0,1988.0,12.611541086966115
"4611-Cypress-St,-Orlando,-FL-32811","4611 Cypress St, Orlando, FL 32811",4611 Cypress St,,Orlando,FL,32811,Orange County,28.531845,-81.439033,single_family,7035.0,Inactive,269000,2021-07-11T14:22:22.311Z,394,3.0,2.0,1468.0,1988.0,12.502470376049185
"5117-Cypress-Creek-Dr,-Unit-2,-Orlando,-FL-32811","5117 Cypress Creek Dr, Unit 2, Orlando, FL 32811",5117 Cypress Creek Dr,Unit 2,Orlando,FL,32811,Orange County,28.487726,-81.44922,condo,7035.0,Inactive,269000,2021-05-12T14:30:18.637Z,454,3.0,3.0,1880.0,1988.0,12.502470376049185
"2126-Ravenall-Ave,-Orlando,-FL-32811","2126 Ravenall Ave, Orlando, FL 32811",2126 Ravenall Ave,,Orlando,FL,32811,Orange County,28.517208,-81.439248,single_family,7035.0,Inactive,249987,2021-03-14T10:42:51.507Z,513,4.0,1.5,1248.0,1988.0,12.429168195692347
"5463-Vineland-Rd,-Apt-5306,-Orlando,-FL-32811","5463 Vineland Rd, Apt 5306, Orlando, FL 32811",5463 Vineland Rd,Apt 5306,Orlando,FL,32811,Orange County,28.486205,-81.452185,condo,7035.0,Inactive,185000,2021-08-08T13:07:39.240Z,366,3.0,2.0,1318.0,1988.0,12.128116509451258
"5296-Brook-Ct,-Unit-321,-Orlando,-FL-32811","5296 Brook Ct, Unit 321, Orlando, FL 32811",5296 Brook Ct,Unit 321,Orlando,FL,32811,Orange County,28.498444,-81.452225,condo,7035.0,Inactive,178000,2021-06-16T12:10:11.942Z,419,2.0,2.5,1285.0,1988.0,12.08954444723597
"4057-Booker-St,-Orlando,-FL-32811","4057 Booker St, Orlando, FL 32811",4057 Booker St,,Orlando,FL,32811,Orange County,28.525452,-81.427195,single_family,7035.0,Inactive,169000,2020-09-15T19:16:09.131Z,692,2.0,1.0,1018.0,1988.0,12.037659911047468
"4641-Cepeda-St,-Orlando,-FL-32811","4641 Cepeda St, Orlando, FL 32811",4641 Cepeda St,,Orlando,FL,32811,Orange County,28.523186,-81.439563,single_family,7035.0,Inactive,159000,2020-09-15T21:10:02.815Z,692,3.0,1.5,1446.0,1988.0,11.976665770490767
"4748-Walden-Cir,-Apt-821,-Orlando,-FL-32811","4748 Walden Cir, Apt 821, Orlando, FL 32811",4748 Walden Cir,Apt 821,Orlando,FL,32811,Orange County,28.48953,-81.442472,condo,7035.0,Inactive,110000,2020-11-18T11:15:21.647Z,629,2.0,2.0,1020.0,1988.0,11.608244735642321
"4636-Piedmont-St,-Orlando,-FL-32811","4636 Piedmont St, Orlando, FL 32811",4636 Piedmont St,,Orlando,FL,32811,Orange County,28.529507,-81.439021,single_family,7035.0,Inactive,275000,2021-05-12T14:32:35.923Z,454,3.0,2.0,1521.0,1988.0,12.524530013005734
"1894-Aaron-Ave,-Orlando,-FL-32811","1894 Aaron Ave, Orlando, FL 32811",1894 Aaron Ave,,Orlando,FL,32811,Orange County,28.519778,-81.432514,single_family,7035.0,Inactive,239000,2021-06-16T14:39:15.488Z,419,3.0,2.0,1220.0,1988.0,12.384223015005313
"63-Channing-Ave,-Orlando,-FL-32811","63 Channing Ave, Orlando, FL 32811",63 Channing Ave,,Orlando,FL,32811,Orange County,28.540736,-81.440439,single_family,7035.0,Inactive,214900,2021-06-16T14:07:02.488Z,419,4.0,1.0,1540.0,1988.0,12.277932735946903
"3325-S-Kirkman-Rd,-Apt-439,-Orlando,-FL-32811","3325 S Kirkman Rd, Apt 439, Orlando, FL 32811",3325 S Kirkman Rd,Apt 439,Orlando,FL,32811,Orange County,28.508028,-81.457119,condo,7035.0,Inactive,160000,2021-02-26T12:24:11.376Z,529,2.0,2.0,1037.0,1988.0,11.982935344196433
"4826-Normandy-Pl,-Unit-204,-Orlando,-FL-32811","4826 Normandy Pl, Unit 204, Orlando, FL 32811",4826 Normandy Pl,Unit 204,Orlando,FL,32811,Orange County,28.495819,-81.443137,condo,7035.0,Inactive,155000,2021-05-12T10:52:04.787Z,454,2.0,2.0,1080.0,1988.0,11.951186847493476
"5337-Indian-Creek-Dr,-Orlando,-FL-32811","5337 Indian Creek Dr, Orlando, FL 32811",5337 Indian Creek Dr,,Orlando,FL,32811,Orange County,28.491903,-81.453346,condo,7035.0,Inactive,154900,2021-06-27T13:32:22.251Z,408,2.0,2.0,1173.0,1988.0,11.950541482162043
"5120-Conroy-Rd,-Unit-13,-Orlando,-FL-32811","5120 Conroy Rd, Unit 13, Orlando, FL 32811",5120 Conroy Rd,Unit 13,Orlando,FL,32811,Orange County,28.495161,-81.446218,condo,7035.0,Inactive,130000,2021-07-11T09:02:08.561Z,394,1.0,1.0,711.0,1988.0,11.775297421715827
"5152-Conroy-Rd,-Unit-23,-Orlando,-FL-32811","5152 Conroy Rd, Unit 23, Orlando, FL 32811",5152 Conroy Rd,Unit 23,Orlando,FL,32811,Orange County,28.493566,-81.445987,condo,7035.0,Inactive,129000,2021-06-26T11:40:46.607Z,409,1.0,1.0,597.0,1988.0,11.767575435251748
"4409-Cepeda-St,-Orlando,-FL-32811","4409 Cepeda St, Orlando, FL 32811",4409 Cepeda St,,Orlando,FL,32811,Orange County,28.523137,-81.434804,single_family,7035.0,Inactive,225000,2021-06-19T13:37:30.920Z,416,4.0,2.0,1549.0,1988.0,12.323860125621126
"4337-Royal-Ivey-Gardens-Ct,-Orlando,-FL-32811","4337 Royal Ivey Gardens Ct, Orlando, FL 32811",4337 Royal Ivey Gardens Ct,,Orlando,FL,32811,Orange County,28.54062,-81.433205,single_family,7035.0,Inactive,209900,2021-05-12T11:57:59.749Z,454,4.0,2.0,1137.0,1988.0,12.254391269970792
"4840-Pebble-Beach-Dr,-Unit-C,-Orlando,-FL-32811","4840 Pebble Beach Dr, Unit C, Orlando, FL 32811",4840 Pebble Beach Dr,Unit C,Orlando,FL,32811,Orange County,28.492831,-81.453493,condo,7035.0,Inactive,178500,2021-05-12T11:22:32.731Z,454,3.0,2.5,1423.0,1988.0,12.092349482427034
"4348-S-Kirkman-Rd,-Apt-801,-Orlando,-FL-32811","4348 S Kirkman Rd, Apt 801, Orlando, FL 32811",4348 S Kirkman Rd,Apt 801,Orlando,FL,32811,Orange County,28.497183,-81.462757,condo,7035.0,Inactive,165000,2021-07-19T12:57:31.875Z,386,3.0,2.0,1199.0,1988.0,12.013706813470414
"5479-Vineland-Rd,-Apt-9210,-Orlando,-FL-32811","5479 Vineland Rd, Apt 9210, Orlando, FL 32811",5479 Vineland Rd,Apt 9210,Orlando,FL,32811,Orange County,28.483919,-81.451691,condo,7035.0,Inactive,130000,2021-06-16T10:26:00.992Z,419,1.0,1.0,734.0,1988.0,11.775297421715827
"4623-Cason-Cove-Dr,-Apt-1222,-Orlando,-FL-32811","4623 Cason Cove Dr, Apt 1222, Orlando, FL 32811",4623 Cason Cove Dr,Apt 1222,Orlando,FL,32811,Orange County,28.49786,-81.436478,condo,7035.0,Inactive,115000,2021-03-04T11:24:57.592Z,523,1.0,1.0,800.0,1988.0,11.652696102959753
"5033-Dove-Tree-St,-Orlando,-FL-32811","5033 Dove Tree St, Orlando, FL 32811",5033 Dove Tree St,,Orlando,FL,32811,Orange County,28.493211,-81.448182,single_family,7035.0,Inactive,490000,2021-06-16T16:16:38.439Z,417,4.0,3.5,2971.0,1988.0,13.102162710901053
"5065-Southlawn-Ave,-Orlando,-FL-32811","5065 Southlawn Ave, Orlando, FL 32811",5065 Southlawn Ave,,Orlando,FL,32811,Orange County,28.486268,-81.450995,single_family,7035.0,Inactive,465000,2021-05-12T16:19:32.923Z,452,5.0,4.5,2974.0,1988.0,13.049794835104816
"5161-Dove-Tree-St,-Orlando,-FL-32811","5161 Dove Tree St, Orlando, FL 32811",5161 Dove Tree St,,Orlando,FL,32811,Orange County,28.491264,-81.449059,single_family,7035.0,Inactive,450000,2020-09-22T01:51:28.772Z,684,4.0,2.5,2979.0,1988.0,13.017005083966255
"4939-Creekside-Park-Ave,-Orlando,-FL-32811","4939 Creekside Park Ave, Orlando, FL 32811",4939 Creekside Park Ave,,Orlando,FL,32811,Orange County,28.48859,-81.448443,single_family,7035.0,Inactive,425000,2021-06-24T15:05:15.655Z,409,4.0,2.5,2006.0,1988.0,12.959846800844963
"4957-Southlawn-Ave,-Orlando,-FL-32811","4957 Southlawn Ave, Orlando, FL 32811",4957 Southlawn Ave,,Orlando,FL,32811,Orange County,28.485822,-81.449754,single_family,7035.0,Inactive,343500,2021-06-19T14:49:40.601Z,414,3.0,2.0,1774.0,1988.0,12.746945301848456
"464-Rogers-St,-Orlando,-FL-32811","464 Rogers St, Orlando, FL 32811",464 Rogers St,,Orlando,FL,32811,Orange County,28.536418,-81.445868,single_family,7035.0,Inactive,245000,2021-05-12T13:12:05.840Z,452,3.0,2.0,1800.0,1988.0,12.409017571151187
"1014-Winterberry-Ln,-Orlando,-FL-32811","1014 Winterberry Ln, Orlando, FL 32811",1014 Winterberry Ln,,Orlando,FL,32811,Orange County,28.529154,-81.450078,single_family,7035.0,Inactive,239000,2021-02-11T12:34:07.427Z,542,4.0,2.0,1380.0,1988.0,12.384223015005313
"5304-Jasmine-Creek-Ln,-Unit-1306,-Orlando,-FL-32811","5304 Jasmine Creek Ln, Unit 1306, Orlando, FL 32811",5304 Jasmine Creek Ln,Unit 1306,Orlando,FL,32811,Orange County,28.493481,-81.452961,condo,7035.0,Inactive,214900,2020-09-21T20:55:18.729Z,684,3.0,2.0,1418.0,1988.0,12.277932735946903
"4415-Brooke-St,-Orlando,-FL-32811","4415 Brooke St, Orlando, FL 32811",4415 Brooke St,,Orlando,FL,32811,Orange County,28.51809,-81.434687,single_family,7035.0,Inactive,209900,2021-06-16T14:07:02.468Z,417,3.0,2.0,1365.0,1988.0,12.254391269970792
"5027-Lanette-St,-Orlando,-FL-32811","5027 Lanette St, Orlando, FL 32811",5027 Lanette St,,Orlando,FL,32811,Orange County,28.527528,-81.446009,single_family,7035.0,Inactive,209999,2021-06-16T14:07:02.469Z,417,3.0,1.0,956.0,1988.0,12.254862809699606
"319-Takoma-St,-Orlando,-FL-32811","319 Takoma St, Orlando, FL 32811",319 Takoma St,,Orlando,FL,32811,Orange County,28.546002,-81.444397,single_family,7035.0,Inactive,208000,2021-04-20T13:55:07.112Z,474,3.0,1.0,980.0,1988.0,12.245298166364206
"2149-Aaron-Ave,-Orlando,-FL-32811","2149 Aaron Ave, Orlando, FL 32811",2149 Aaron Ave,,Orlando,FL,32811,Orange County,28.517485,-81.431955,single_family,7035.0,Inactive,199999,2021-06-20T13:21:23.117Z,413,3.0,1.0,1020.0,1988.0,12.206072645530174
"4392-Middlebrook-Rd,-Unit-4392,-Orlando,-FL-32811","4392 Middlebrook Rd, Unit 4392, Orlando, FL 32811",4392 Middlebrook Rd,Unit 4392,Orlando,FL,32811,Orange County,28.498177,-81.453778,condo,7035.0,Inactive,199900,2021-06-19T13:26:04.463Z,414,2.0,2.0,1099.0,1988.0,12.20557752297723
"5284-Coral-Ct,-Unit-617,-Orlando,-FL-32811","5284 Coral Ct, Unit 617, Orlando, FL 32811",5284 Coral Ct,Unit 617,Orlando,FL,32811,Orange County,28.495928,-81.449506,condo,7035.0,Inactive,186990,2021-06-19T13:24:30.560Z,414,2.0,2.5,1285.0,1988.0,12.138815766336272
"5276-Coral-Ct,-Unit-613,-Orlando,-FL-32811","5276 Coral Ct, Unit 613, Orlando, FL 32811",5276 Coral Ct,Unit 613,Orlando,FL,32811,Orange County,28.49623,-81.449482,condo,7035.0,Inactive,180000,2021-06-20T13:12:38.440Z,413,2.0,2.5,1285.0,1988.0,12.100717685412471
"5363-Elm-Ct,-Unit-329,-Orlando,-FL-32811","5363 Elm Ct, Unit 329, Orlando, FL 32811",5363 Elm Ct,Unit 329,Orlando,FL,32811,Orange County,28.497832,-81.451499,condo,7035.0,Inactive,179900,2021-05-12T11:30:11.304Z,452,2.0,2.5,1285.0,1988.0,12.100161978566867
"4843-Walden-Cir,-Unit-14,-Orlando,-FL-32811","4843 Walden Cir, Unit 14, Orlando, FL 32811",4843 Walden Cir,Unit 14,Orlando,FL,32811,Orange County,28.48865,-81.444139,condo,7035.0,Inactive,179900,2021-07-01T11:32:54.115Z,402,2.0,2.5,1228.0,1988.0,12.100161978566867
"5164-Lanette-St,-Orlando,-FL-32811","5164 Lanette St, Orlando, FL 32811",5164 Lanette St,,Orlando,FL,32811,Orange County,28.527034,-81.44808,single_family,7035.0,Inactive,179000,2021-06-16T12:10:11.974Z,417,4.0,1.5,1342.0,1988.0,12.095146671399466
"5252-Brook-Ct,-Unit-240,-Orlando,-FL-32811","5252 Brook Ct, Unit 240, Orlando, FL 32811",5252 Brook Ct,Unit 240,Orlando,FL,32811,Orange County,28.499181,-81.451309,condo,7035.0,Inactive,177000,2021-04-18T11:31:08.941Z,476,2.0,2.0,1285.0,1988.0,12.083910661257521
"5560-Metrowest-Blvd,-Unit-3-203,-Orlando,-FL-32811","5560 Metrowest Blvd, Unit 3-203, Orlando, FL 32811",5560 Metrowest Blvd,Unit 3-203,Orlando,FL,32811,Orange County,28.510978,-81.458355,condo,7035.0,Inactive,174900,2021-07-19T13:05:31.292Z,384,3.0,2.0,1362.0,1988.0,12.071975378543236
"5284-Willow-Ct,-Unit-508,-Orlando,-FL-32811","5284 Willow Ct, Unit 508, Orlando, FL 32811",5284 Willow Ct,Unit 508,Orlando,FL,32811,Orange County,28.49543,-81.451031,condo,7035.0,Inactive,165000,2021-06-16T11:56:14.777Z,417,2.0,2.5,1285.0,1988.0,12.013706813470414
"5322-Cypress-Creek-Dr,-Unit-107,-Orlando,-FL-32811","5322 Cypress Creek Dr, Unit 107, Orlando, FL 32811",5322 Cypress Creek Dr,Unit 107,Orlando,FL,32811,Orange County,28.484373,-81.448488,condo,7035.0,Inactive,165000,2021-07-11T12:45:03.560Z,392,2.0,2.5,1190.0,1988.0,12.013706813470414
"4308-S-Kirkman-Rd,-Unit-1,-Orlando,-FL-32811","4308 S Kirkman Rd, Unit 1, Orlando, FL 32811",4308 S Kirkman Rd,Unit 1,Orlando,FL,32811,Orange County,28.499053,-81.460425,condo,7035.0,Inactive,155000,2021-06-16T11:32:03.992Z,417,3.0,2.0,1199.0,1988.0,11.951186847493476
"4160-White-Pine-Ave,-Unit-2,-Orlando,-FL-32811","4160 White Pine Ave, Unit 2, Orlando, FL 32811",4160 White Pine Ave,Unit 2,Orlando,FL,32811,Orange County,28.500702,-81.458257,condo,7035.0,Inactive,148000,2020-09-15T20:14:56.122Z,691,2.0,1.5,909.0,1988.0,11.904974309480183
"4320-S-Kirkman-Rd,-Apt-1507,-Orlando,-FL-32811","4320 S Kirkman Rd, Apt 1507, Orlando, FL 32811",4320 S Kirkman Rd,Apt 1507,Orlando,FL,32811,Orange County,28.498951,-81.461566,condo,7035.0,Inactive,145000,2021-03-02T11:25:23.734Z,523,2.0,2.0,996.0,1988.0,11.884495917930655
"5156-Conroy-Rd,-Unit-36,-Orlando,-FL-32811","5156 Conroy Rd, Unit 36, Orlando, FL 32811",5156 Conroy Rd,Unit 36,Orlando,FL,32811,Orange County,28.493664,-81.44552,condo,7035.0,Inactive,144000,2021-06-19T11:24:00.923Z,414,2.0,2.0,1028.0,1988.0,11.87757552297847
"5045-Vineland-Rd,-Unit-104,-Orlando,-FL-32811","5045 Vineland Rd, Unit 104, Orlando, FL 32811",5045 Vineland Rd,Unit 104,Orlando,FL,32811,Orange County,28.483911,-81.445906,condo,7035.0,Inactive,140000,2020-09-15T19:57:36.288Z,691,2.0,2.0,1048.0,1988.0,11.849404844423074
"5491-Pine-Creek-Dr,-Unit-1906,-Orlando,-FL-32811","5491 Pine Creek Dr, Unit 1906, Orlando, FL 32811",5491 Pine Creek Dr,Unit 1906,Orlando,FL,32811,Orange County,28.493713,-81.455097,condo,7035.0,Inactive,138000,2020-09-15T19:57:36.290Z,691,2.0,2.0,1141.0,1988.0,11.835016210489899
"5120-Conroy-Rd,-Unit-37,-Orlando,-FL-32811","5120 Conroy Rd, Unit 37, Orlando, FL 32811",5120 Conroy Rd,Unit 37,Orlando,FL,32811,Orange County,28.495161,-81.446218,condo,7035.0,Inactive,134500,2021-06-24T12:08:20.326Z,409,2.0,2.0,988.0,1988.0,11.80932691294063
"5128-Conroy-Rd,-Unit-13,-Orlando,-FL-32811","5128 Conroy Rd, Unit 13, Orlando, FL 32811",5128 Conroy Rd,Unit 13,Orlando,FL,32811,Orange County,28.494493,-81.445238,condo,7035.0,Inactive,123000,2021-06-16T10:26:00.982Z,417,1.0,1.0,597.0,1988.0,11.719947764402807
"4712-Walden-Cir,-Unit-21,-Orlando,-FL-32811","4712 Walden Cir, Unit 21, Orlando, FL 32811",4712 Walden Cir,Unit 21,Orlando,FL,32811,Orange County,28.490643,-81.442797,condo,7035.0,Inactive,109900,2021-02-05T11:42:43.530Z,548,2.0,2.0,1020.0,1988.0,11.60733523953139
"4649-Cason-Cove-Dr,-Apt-2517,-Orlando,-FL-32811","4649 Cason Cove Dr, Apt 2517, Orlando, FL 32811",4649 Cason Cove Dr,Apt 2517,Orlando,FL,32811,Orange County,28.499304,-81.438864,condo,7035.0,Inactive,100000,2021-06-24T09:40:11.218Z,409,1.0,1.0,700.0,1988.0,11.51293546492023
"5116-Conroy-Rd,-Unit-422,-Orlando,-FL-32811","5116 Conroy Rd, Unit 422, Orlando, FL 32811",5116 Conroy Rd,Unit 422,Orlando,FL,32811,Orange County,28.4955,-81.446797,condo,7035.0,Inactive,139900,2021-05-12T09:53:55.581Z,452,2.0,2.0,988.0,1988.0,11.848690308590857
"4312-S-Kirkman-Rd,-Apt-1405,-Orlando,-FL-32811","4312 S Kirkman Rd, Apt 1405, Orlando, FL 32811",4312 S Kirkman Rd,Apt 1405,Orlando,FL,32811,Orange County,28.498439,-81.460816,condo,7035.0,Inactive,125000,2021-06-16T10:26:00.998Z,417,1.0,1.0,729.0,1988.0,11.736077016252437
"4633-Nw-Cason-Cove-Dr,-Unit-1712,-Orlando,-FL-32811","4633 Nw Cason Cove Dr, Unit 1712, Orlando, FL 32811",4633 Nw Cason Cove Dr,Unit 1712,Orlando,FL,32811,Orange County,28.497767,-81.437564,condo,7035.0,Inactive,100000,2021-06-23T10:06:24.983Z,410,1.0,1.0,700.0,1988.0,11.51293546492023
"230-Ronnie-Cir,-Orlando,-FL-32811","230 Ronnie Cir, Orlando, FL 32811",230 Ronnie Cir,,Orlando,FL,32811,Orange County,28.543864,-81.451775,single_family,7035.0,Inactive,213900,2021-04-18T12:33:05.325Z,476,3.0,1.5,1161.0,1988.0,12.273268570141383
"4832-Elese-St,-Orlando,-FL-32811","4832 Elese St, Orlando, FL 32811",4832 Elese St,,Orlando,FL,32811,Orange County,28.526362,-81.444298,single_family,7035.0,Inactive,199000,2020-11-03T13:32:40.302Z,642,4.0,1.5,1104.0,1988.0,12.201065128819632
"5261-Cypress-Ct,-Unit-711,-Orlando,-FL-32811","5261 Cypress Ct, Unit 711, Orlando, FL 32811",5261 Cypress Ct,Unit 711,Orlando,FL,32811,Orange County,28.49729,-81.450201,condo,7035.0,Inactive,180000,2021-06-16T12:10:11.975Z,417,2.0,2.5,1285.0,1988.0,12.100717685412471
"5451-Vineland-Rd,-Apt-2308,-Orlando,-FL-32811","5451 Vineland Rd, Apt 2308, Orlando, FL 32811",5451 Vineland Rd,Apt 2308,Orlando,FL,32811,Orange County,28.485,-81.451169,condo,7035.0,Inactive,179900,2021-02-17T12:27:53.664Z,536,3.0,2.0,1318.0,1988.0,12.100161978566867
"3379-S-Kirkman-Rd,-Apt-1019,-Orlando,-FL-32811","3379 S Kirkman Rd, Apt 1019, Orlando, FL 32811",3379 S Kirkman Rd,Apt 1019,Orlando,FL,32811,Orange County,28.505207,-81.45763,condo,7035.0,Inactive,175000,2021-04-18T11:31:08.941Z,476,2.0,2.0,1129.0,1988.0,12.07254696717504
"5542-Metrowest-Blvd,-Unit-21,-Orlando,-FL-32811","5542 Metrowest Blvd, Unit 21, Orlando, FL 32811",5542 Metrowest Blvd,Unit 21,Orlando,FL,32811,Orange County,28.51122,-81.455794,condo,7035.0,Inactive,169000,2021-04-18T11:28:19.788Z,476,2.0,2.0,1126.0,1988.0,12.037659911047468
"5303-Jasmine-Creek-Ln,-Unit-1404,-Orlando,-FL-32811","5303 Jasmine Creek Ln, Unit 1404, Orlando, FL 32811",5303 Jasmine Creek Ln,Unit 1404,Orlando,FL,32811,Orange County,28.493918,-81.453028,condo,7035.0,Inactive,143500,2021-06-16T10:31:42.285Z,417,2.0,2.5,1563.0,1988.0,11.874097282798648
"5075-Millennia-Green-Dr,-Orlando,-FL-32811","5075 Millennia Green Dr, Orlando, FL 32811",5075 Millennia Green Dr,,Orlando,FL,32811,Orange County,28.486572,-81.447307,single_family,7035.0,Inactive,449900,2021-05-12T16:22:53.682Z,452,4.0,2.5,2270.0,1988.0,13.016782837542953
"1895-S-Ivey-Ln,-Orlando,-FL-32811","1895 S Ivey Ln, Orlando, FL 32811",1895 S Ivey Ln,,Orlando,FL,32811,Orange County,28.519548,-81.433819,single_family,7035.0,Inactive,200000,2021-05-12T11:57:59.748Z,453,3.0,2.0,1281.0,1988.0,12.206077645517674
"4556-Evers-Pl,-Orlando,-FL-32811","4556 Evers Pl, Orlando, FL 32811",4556 Evers Pl,,Orlando,FL,32811,Orange County,28.520509,-81.437584,single_family,7035.0,Inactive,190000,2021-05-12T11:57:59.779Z,453,3.0,1.0,1360.0,1988.0,12.154784614286667
"5312-Jasmine-Creek-Ln,-Unit-1310,-Orlando,-FL-32811","5312 Jasmine Creek Ln, Unit 1310, Orlando, FL 32811",5312 Jasmine Creek Ln,Unit 1310,Orlando,FL,32811,Orange County,28.493481,-81.452961,condo,7035.0,Inactive,155000,2021-05-12T10:35:51.978Z,453,2.0,2.5,1563.0,1988.0,11.951186847493476
"5140-Conroy-Rd,-Unit-34,-Orlando,-FL-32811","5140 Conroy Rd, Unit 34, Orlando, FL 32811",5140 Conroy Rd,Unit 34,Orlando,FL,32811,Orange County,28.494208,-81.444834,condo,7035.0,Inactive,118000,2021-05-12T09:31:25.724Z,453,1.0,1.0,711.0,1988.0,11.678448377988165
"4418-College-Dr,-Orlando,-FL-32811","4418 College Dr, Orlando, FL 32811",4418 College Dr,,Orlando,FL,32811,Orange County,28.535029,-81.435272,single_family,7035.0,Inactive,255000,2021-06-16T14:39:22.475Z,418,3.0,2.0,1252.0,1988.0,12.449022745701502
"5086-Millennia-Green-Dr,-Orlando,-FL-32811","5086 Millennia Green Dr, Orlando, FL 32811",5086 Millennia Green Dr,,Orlando,FL,32811,Orange County,28.486166,-81.447131,single_family,7035.0,Inactive,480000,2021-06-16T16:16:19.184Z,417,3.0,2.5,1890.0,1988.0,13.081543466215237
"5536-Metrowest-Blvd,-Unit-11,-Orlando,-FL-32811","5536 Metrowest Blvd, Unit 11, Orlando, FL 32811",5536 Metrowest Blvd,Unit 11,Orlando,FL,32811,Orange County,28.511856,-81.456002,condo,7035.0,Inactive,160000,2021-06-19T12:20:46.435Z,415,2.0,2.0,1126.0,1988.0,11.982935344196433
"4704-Jasmine-Creek-Ln,-Unit-1508,-Orlando,-FL-32811","4704 Jasmine Creek Ln, Unit 1508, Orlando, FL 32811",4704 Jasmine Creek Ln,Unit 1508,Orlando,FL,32811,Orange County,28.493722,-81.453612,condo,7035.0,Inactive,139000,2020-10-02T12:33:16.152Z,675,2.0,2.0,1141.0,1988.0,11.842236406331555
"5352-Burning-Tree-Dr,-Unit-G,-Orlando,-FL-32811","5352 Burning Tree Dr, Unit G, Orlando, FL 32811",5352 Burning Tree Dr,Unit G,Orlando,FL,32811,Orange County,28.491463,-81.452903,condo,7035.0,Inactive,208000,2021-05-12T11:57:59.744Z,453,3.0,3.0,1496.0,1988.0,12.245298166364206
"1210-Frazier-Ave,-Orlando,-FL-32811","1210 Frazier Ave, Orlando, FL 32811",1210 Frazier Ave,,Orlando,FL,32811,Orange County,28.526197,-81.454435,single_family,7035.0,Inactive,184900,2021-06-16T12:10:11.958Z,418,3.0,1.5,950.0,1988.0,12.127575825689417
"5155-Cypress-Creek-Dr,-Unit-203,-Orlando,-FL-32811","5155 Cypress Creek Dr, Unit 203, Orlando, FL 32811",5155 Cypress Creek Dr,Unit 203,Orlando,FL,32811,Orange County,28.48707,-81.448613,condo,7035.0,Inactive,215000,2021-06-16T14:07:02.495Z,418,2.0,2.0,1266.0,1988.0,12.278397958261774
"5530-Metrowest-Blvd,-Apt-104,-Orlando,-FL-32811","5530 Metrowest Blvd, Apt 104, Orlando, FL 32811",5530 Metrowest Blvd,Apt 104,Orlando,FL,32811,Orange County,28.512412,-81.456625,condo,7035.0,Inactive,160000,2021-06-16T11:56:14.778Z,418,2.0,2.0,1073.0,1988.0,11.982935344196433
"4600-Malibu-St,-Orlando,-FL-32811","4600 Malibu St, Orlando, FL 32811",4600 Malibu St,,Orlando,FL,32811,Orange County,28.536433,-81.438011,single_family,7035.0,Inactive,179000,2020-09-15T20:14:56.115Z,691,3.0,1.0,1056.0,1988.0,12.095146671399466
"5300-Indian-Creek-Dr,-Unit-F,-Orlando,-FL-32811","5300 Indian Creek Dr, Unit F, Orlando, FL 32811",5300 Indian Creek Dr,Unit F,Orlando,FL,32811,Orange County,28.492122,-81.452757,condo,7035.0,Inactive,139900,2021-05-12T09:53:55.580Z,453,3.0,2.0,1379.0,1988.0,11.848690308590857
"4764-Walden-Cir,-Unit-36,-Orlando,-FL-32811","4764 Walden Cir, Unit 36, Orlando, FL 32811",4764 Walden Cir,Unit 36,Orlando,FL,32811,Orange County,28.489902,-81.440674,condo,7035.0,Inactive,100000,2020-09-15T19:27:14.986Z,691,1.0,1.0,696.0,1988.0,11.51293546492023
"4623-Cason-Cove-Dr,-Apt-1214,-Orlando,-FL-32811","4623 Cason Cove Dr, Apt 1214, Orlando, FL 32811",4623 Cason Cove Dr,Apt 1214,Orlando,FL,32811,Orange County,28.49786,-81.436478,condo,7035.0,Inactive,120000,2021-06-16T10:23:56.719Z,418,1.0,1.0,800.0,1988.0,11.695255355062795
"4647-Cason-Cove-Dr,-Apt-2416,-Orlando,-FL-32811","4647 Cason Cove Dr, Apt 2416, Orlando, FL 32811",4647 Cason Cove Dr,Apt 2416,Orlando,FL,32811,Orange County,28.498931,-81.438704,condo,7035.0,Inactive,107000,2021-06-16T10:23:56.280Z,418,1.0,1.0,600.0,1988.0,11.580593459194764
"4609-Cason-Cove-Dr,-Apt-512,-Orlando,-FL-32811","4609 Cason Cove Dr, Apt 512, Orlando, FL 32811",4609 Cason Cove Dr,Apt 512,Orlando,FL,32811,Orange County,28.496282,-81.437662,condo,7035.0,Inactive,104900,2021-04-20T08:39:29.115Z,475,1.0,1.0,600.0,1988.0,11.560772327227417
"4656-Barley-St,-Orlando,-FL-32811","4656 Barley St, Orlando, FL 32811",4656 Barley St,,Orlando,FL,32811,Orange County,28.540131,-81.439204,single_family,7035.0,Inactive,173500,2021-05-12T11:22:32.512Z,453,3.0,1.0,905.0,1988.0,12.063938642041201
"4423-Cassius-St,-Orlando,-FL-32811","4423 Cassius St, Orlando, FL 32811",4423 Cassius St,,Orlando,FL,32811,Orange County,28.522405,-81.435026,single_family,7035.0,Inactive,215000,2020-09-20T19:16:03.705Z,686,3.0,1.0,1064.0,1988.0,12.278397958261774
"5140-Conroy-Rd,-Unit-818,-Orlando,-FL-32811","5140 Conroy Rd, Unit 818, Orlando, FL 32811",5140 Conroy Rd,Unit 818,Orlando,FL,32811,Orange County,28.494207,-81.444832,condo,7035.0,Inactive,139500,2021-03-26T11:24:36.229Z,500,2.0,2.0,988.0,1988.0,11.845827048676645
"4708-Walden-Cir,-Unit-36,-Orlando,-FL-32811","4708 Walden Cir, Unit 36, Orlando, FL 32811",4708 Walden Cir,Unit 36,Orlando,FL,32811,Orange County,28.490584,-81.441823,condo,7035.0,Inactive,91000,2021-05-12T09:15:52.012Z,453,1.0,1.0,760.0,1988.0,11.418625774449598
"5320-Bamboo-Ct,-Unit-456,-Orlando,-FL-32811","5320 Bamboo Ct, Unit 456, Orlando, FL 32811",5320 Bamboo Ct,Unit 456,Orlando,FL,32811,Orange County,28.496474,-81.45126,condo,7035.0,Inactive,164900,2021-05-16T15:09:05.750Z,449,2.0,2.5,1285.0,1988.0,12.013100572810686
"4408-Middlebrook-Rd,-Unit-4,-Orlando,-FL-32811","4408 Middlebrook Rd, Unit 4, Orlando, FL 32811",4408 Middlebrook Rd,Unit 4,Orlando,FL,32811,Orange County,28.498177,-81.453778,condo,7035.0,Inactive,163900,2021-06-16T11:56:14.776Z,418,2.0,2.0,1214.0,1988.0,12.007017865994577
"5164-Conroy-Rd,-Unit-16,-Orlando,-FL-32811","5164 Conroy Rd, Unit 16, Orlando, FL 32811",5164 Conroy Rd,Unit 16,Orlando,FL,32811,Orange County,28.494475,-81.44623,condo,7035.0,Inactive,119000,2021-05-12T09:31:25.732Z,453,1.0,1.0,711.0,1988.0,11.686887175419702
"4647-Cason-Cove-Dr,-Apt-2411,-Orlando,-FL-32811","4647 Cason Cove Dr, Apt 2411, Orlando, FL 32811",4647 Cason Cove Dr,Apt 2411,Orlando,FL,32811,Orange County,28.498931,-81.438704,condo,7035.0,Inactive,107000,2021-06-16T10:23:56.281Z,418,1.0,1.0,600.0,1988.0,11.580593459194764
"4744-Walden-Cir,-Apt-916,-Orlando,-FL-32811","4744 Walden Cir, Apt 916, Orlando, FL 32811",4744 Walden Cir,Apt 916,Orlando,FL,32811,Orange County,28.489487,-81.443064,condo,7035.0,Inactive,72500,2021-05-12T07:58:43.786Z,453,1.0,1.0,560.0,1988.0,11.19135563385109
"5314-Bamboo-Ct,-Unit-451,-Orlando,-FL-32811","5314 Bamboo Ct, Unit 451, Orlando, FL 32811",5314 Bamboo Ct,Unit 451,Orlando,FL,32811,Orange County,28.496211,-81.451285,condo,7035.0,Inactive,178000,2021-06-16T12:10:11.943Z,418,2.0,2.5,1285.0,1988.0,12.08954444723597
"5506-Metrowest-Blvd,-Unit-20,-Orlando,-FL-32811","5506 Metrowest Blvd, Unit 20, Orlando, FL 32811",5506 Metrowest Blvd,Unit 20,Orlando,FL,32811,Orange County,28.513612,-81.456549,condo,7035.0,Inactive,170000,2021-05-12T10:58:46.533Z,453,3.0,2.0,1191.0,1988.0,12.04355959836804
"5500-Metrowest-Blvd,-Apt-301,-Orlando,-FL-32811","5500 Metrowest Blvd, Apt 301, Orlando, FL 32811",5500 Metrowest Blvd,Apt 301,Orlando,FL,32811,Orange County,28.513003,-81.457514,condo,7035.0,Inactive,164000,2020-09-15T21:10:02.835Z,691,3.0,2.0,1362.0,1988.0,12.00762780434872
"4716-Walden-Cir,-Apt-1613,-Orlando,-FL-32811","4716 Walden Cir, Apt 1613, Orlando, FL 32811",4716 Walden Cir,Apt 1613,Orlando,FL,32811,Orange County,28.491035,-81.442986,condo,7035.0,Inactive,92000,2021-04-09T11:12:54.702Z,486,1.0,1.0,696.0,1988.0,11.429554725537322
"4668-Vargas-St,-Orlando,-FL-32811","4668 Vargas St, Orlando, FL 32811",4668 Vargas St,,Orlando,FL,32811,Orange County,28.514885,-81.439926,single_family,7035.0,Inactive,219990,2021-02-22T13:55:15.242Z,532,3.0,1.5,1328.0,1988.0,12.30134191540679
"4697-Zorita-St,-Orlando,-FL-32811","4697 Zorita St, Orlando, FL 32811",4697 Zorita St,,Orlando,FL,32811,Orange County,28.511328,-81.440849,single_family,7035.0,Inactive,219900,2021-04-18T12:56:54.241Z,477,3.0,2.0,1244.0,1988.0,12.300932724054114
"2018-Liston-Ct,-Orlando,-FL-32811","2018 Liston Ct, Orlando, FL 32811",2018 Liston Ct,,Orlando,FL,32811,Orange County,28.518966,-81.427763,single_family,7035.0,Inactive,218000,2020-11-18T14:48:46.732Z,628,3.0,1.5,1300.0,1988.0,12.292254928916668
"4102-Raleigh-St,-Orlando,-FL-32811","4102 Raleigh St, Orlando, FL 32811",4102 Raleigh St,,Orlando,FL,32811,Orange County,28.527642,-81.428339,single_family,7035.0,Inactive,210000,2021-02-15T12:42:27.415Z,539,3.0,3.0,1310.0,1988.0,12.25486757159303
"5411-Seedling-Ln,-Orlando,-FL-32811","5411 Seedling Ln, Orlando, FL 32811",5411 Seedling Ln,,Orlando,FL,32811,Orange County,28.53385,-81.452386,single_family,7035.0,Inactive,195000,2021-04-18T12:05:42.128Z,477,3.0,2.0,1060.0,1988.0,12.180759965737863
"4483-Evers-Pl,-Orlando,-FL-32811","4483 Evers Pl, Orlando, FL 32811",4483 Evers Pl,,Orlando,FL,32811,Orange County,28.520961,-81.436365,single_family,7035.0,Inactive,195500,2021-05-12T11:31:35.019Z,453,3.0,2.0,1233.0,1988.0,12.18332077348399
"5409-Vineland-Rd,-Unit-F,-Orlando,-FL-32811","5409 Vineland Rd, Unit F, Orlando, FL 32811",5409 Vineland Rd,Unit F,Orlando,FL,32811,Orange County,28.483927,-81.448333,condo,7035.0,Inactive,174900,2020-10-19T14:07:23.471Z,658,2.0,2.0,1139.0,1988.0,12.071975378543236
"4334-Middlebrook-Rd,-Unit-2,-Orlando,-FL-32811","4334 Middlebrook Rd, Unit 2, Orlando, FL 32811",4334 Middlebrook Rd,Unit 2,Orlando,FL,32811,Orange County,28.499447,-81.453478,condo,7035.0,Inactive,173900,2020-09-20T19:16:03.699Z,686,3.0,2.5,1447.0,1988.0,12.066241450757124
"5483-Vineland-Rd,-Apt-10202,-Orlando,-FL-32811","5483 Vineland Rd, Apt 10202, Orlando, FL 32811",5483 Vineland Rd,Apt 10202,Orlando,FL,32811,Orange County,28.48373,-81.45118,condo,7035.0,Inactive,174000,2021-04-18T11:31:08.922Z,477,2.0,2.0,1142.0,1988.0,12.066816325306588
"3307-S-Kirkman-Rd,-Apt-133,-Orlando,-FL-32811","3307 S Kirkman Rd, Apt 133, Orlando, FL 32811",3307 S Kirkman Rd,Apt 133,Orlando,FL,32811,Orange County,28.507545,-81.458361,condo,7035.0,Inactive,172000,2020-11-20T17:57:10.737Z,626,2.0,2.0,1212.0,1988.0,12.055255569732177
"5477-Eugenia-Ct,-Orlando,-FL-32811","5477 Eugenia Ct, Orlando, FL 32811",5477 Eugenia Ct,,Orlando,FL,32811,Orange County,28.524785,-81.453526,single_family,7035.0,Inactive,170000,2021-02-11T12:08:13.430Z,543,4.0,1.5,1365.0,1988.0,12.04355959836804
"5329-Bamboo-Ct,-Unit-428,-Orlando,-FL-32811","5329 Bamboo Ct, Unit 428, Orlando, FL 32811",5329 Bamboo Ct,Unit 428,Orlando,FL,32811,Orange County,28.496932,-81.451283,condo,7035.0,Inactive,165000,2021-05-12T10:58:46.505Z,453,2.0,2.5,1285.0,1988.0,12.013706813470414
"5281-Vineland-Rd,-Unit-106,-Orlando,-FL-32811","5281 Vineland Rd, Unit 106, Orlando, FL 32811",5281 Vineland Rd,Unit 106,Orlando,FL,32811,Orange County,28.483633,-81.447607,condo,7035.0,Inactive,164000,2021-05-12T10:58:46.535Z,453,2.0,2.0,1048.0,1988.0,12.00762780434872
"5323-Vineland-Rd,-Unit-201,-Orlando,-FL-32811","5323 Vineland Rd, Unit 201, Orlando, FL 32811",5323 Vineland Rd,Unit 201,Orlando,FL,32811,Orange County,28.483633,-81.447607,condo,7035.0,Inactive,155000,2021-05-16T15:01:53.266Z,449,2.0,2.0,1048.0,1988.0,11.951186847493476
"5536-Metrowest-Blvd,-Apt-311,-Orlando,-FL-32811","5536 Metrowest Blvd, Apt 311, Orlando, FL 32811",5536 Metrowest Blvd,Apt 311,Orlando,FL,32811,Orange County,28.511856,-81.456002,condo,7035.0,Inactive,152000,2021-05-12T10:52:04.786Z,453,2.0,2.0,1073.0,1988.0,11.931642378754141
"5140-Conroy-Rd,-Apt-837,-Orlando,-FL-32811","5140 Conroy Rd, Apt 837, Orlando, FL 32811",5140 Conroy Rd,Apt 837,Orlando,FL,32811,Orange County,28.494233,-81.444951,condo,7035.0,Inactive,148000,2021-04-18T11:16:08.736Z,477,2.0,2.0,988.0,1988.0,11.904974309480183
"5325-Vineland-Rd,-Unit-5325,-Orlando,-FL-32811","5325 Vineland Rd, Unit 5325, Orlando, FL 32811",5325 Vineland Rd,Unit 5325,Orlando,FL,32811,Orange County,28.483632,-81.447607,condo,7035.0,Inactive,139500,2021-05-12T09:53:55.581Z,453,2.0,2.0,1048.0,1988.0,11.845827048676645
"4738-Sutton-Ter,-Unit-127A2,-Orlando,-FL-32811","4738 Sutton Ter, Unit 127A2, Orlando, FL 32811",4738 Sutton Ter,Unit 127A2,Orlando,FL,32811,Orange County,28.496498,-81.440142,condo,7035.0,Inactive,135000,2021-03-26T11:24:36.217Z,500,2.0,1.0,872.0,1988.0,11.813037464800539
"4856-Marks-Ter,-Unit-404,-Orlando,-FL-32811","4856 Marks Ter, Unit 404, Orlando, FL 32811",4856 Marks Ter,Unit 404,Orlando,FL,32811,Orange County,28.496666,-81.444028,condo,7035.0,Inactive,140000,2020-10-23T13:20:34.541Z,654,2.0,2.0,860.0,1988.0,11.849404844423074
"5144-Conroy-Rd,-Unit-27,-Orlando,-FL-32811","5144 Conroy Rd, Unit 27, Orlando, FL 32811",5144 Conroy Rd,Unit 27,Orlando,FL,32811,Orange County,28.493518,-81.445109,condo,7035.0,Inactive,135900,2020-09-15T20:14:56.120Z,691,3.0,2.0,1237.0,1988.0,11.819681958463892
"5312-Indian-Creek-Dr,-Unit-D,-Orlando,-FL-32811","5312 Indian Creek Dr, Unit D, Orlando, FL 32811",5312 Indian Creek Dr,Unit D,Orlando,FL,32811,Orange County,28.492119,-81.452746,condo,7035.0,Inactive,135000,2021-03-05T10:53:17.437Z,521,2.0,2.0,1123.0,1988.0,11.813037464800539
"4415-Pinebark-Ave,-Unit-4,-Orlando,-FL-32811","4415 Pinebark Ave, Unit 4, Orlando, FL 32811",4415 Pinebark Ave,Unit 4,Orlando,FL,32811,Orange County,28.498892,-81.456328,condo,7035.0,Inactive,140000,2021-04-18T10:51:13.914Z,477,2.0,2.0,932.0,1988.0,11.849404844423074
"5195-Vineland-Rd,-Unit-102,-Orlando,-FL-32811","5195 Vineland Rd, Unit 102, Orlando, FL 32811",5195 Vineland Rd,Unit 102,Orlando,FL,32811,Orange County,28.484314,-81.446584,condo,7035.0,Inactive,135000,2021-04-18T10:51:13.930Z,477,2.0,2.0,1048.0,1988.0,11.813037464800539
"5459-Vineland-Rd,-Apt-4110,-Orlando,-FL-32811","5459 Vineland Rd, Apt 4110, Orlando, FL 32811",5459 Vineland Rd,Apt 4110,Orlando,FL,32811,Orange County,28.486665,-81.451646,condo,7035.0,Inactive,130000,2020-12-22T12:02:35.735Z,594,1.0,1.0,734.0,1988.0,11.775297421715827
"5401-Pine-Creek-Dr,-Unit-1806,-Orlando,-FL-32811","5401 Pine Creek Dr, Unit 1806, Orlando, FL 32811",5401 Pine Creek Dr,Unit 1806,Orlando,FL,32811,Orange County,28.493764,-81.454402,condo,7035.0,Inactive,132500,2020-09-15T19:57:36.286Z,691,2.0,2.0,1141.0,1988.0,11.794345471549745
"5467-Vineland-Rd,-Apt-6204,-Orlando,-FL-32811","5467 Vineland Rd, Apt 6204, Orlando, FL 32811",5467 Vineland Rd,Apt 6204,Orlando,FL,32811,Orange County,28.485498,-81.452508,condo,7035.0,Inactive,130000,2020-09-15T19:45:41.613Z,691,1.0,1.0,820.0,1988.0,11.775297421715827
"5205-Lanette-St,-Orlando,-FL-32811","5205 Lanette St, Orlando, FL 32811",5205 Lanette St,,Orlando,FL,32811,Orange County,28.526888,-81.448782,single_family,7035.0,Inactive,130000,2021-05-12T09:35:21.074Z,453,3.0,1.0,864.0,1988.0,11.775297421715827
"5116-Conroy-Rd,-Unit-423,-Orlando,-FL-32811","5116 Conroy Rd, Unit 423, Orlando, FL 32811",5116 Conroy Rd,Unit 423,Orlando,FL,32811,Orange County,28.495479,-81.446686,condo,7035.0,Inactive,129900,2021-03-05T10:11:20.182Z,521,1.0,1.0,711.0,1988.0,11.774527900858468
"5148-Conroy-Rd,-Unit-34,-Orlando,-FL-32811","5148 Conroy Rd, Unit 34, Orlando, FL 32811",5148 Conroy Rd,Unit 34,Orlando,FL,32811,Orange County,28.493147,-81.445913,condo,7035.0,Inactive,120000,2021-05-12T09:31:25.733Z,453,1.0,1.0,711.0,1988.0,11.695255355062795
"5108-Conroy-Rd,-Unit-1716,-Orlando,-FL-32811","5108 Conroy Rd, Unit 1716, Orlando, FL 32811",5108 Conroy Rd,Unit 1716,Orlando,FL,32811,Orange County,28.495517,-81.447478,condo,7035.0,Inactive,119900,2021-05-16T11:26:17.813Z,449,1.0,1.0,597.0,1988.0,11.694421681264394
"3319-S-Kirkman-Rd,-Apt-325,-Orlando,-FL-32811","3319 S Kirkman Rd, Apt 325, Orlando, FL 32811",3319 S Kirkman Rd,Apt 325,Orlando,FL,32811,Orange County,28.507504,-81.457334,condo,7035.0,Inactive,116000,2021-05-12T09:31:25.726Z,453,1.0,1.0,777.0,1988.0,11.661354090741
"5311-Burning-Tree-Dr,-Unit-D,-Orlando,-FL-32811","5311 Burning Tree Dr, Unit D, Orlando, FL 32811",5311 Burning Tree Dr,Unit D,Orlando,FL,32811,Orange County,28.491857,-81.452371,condo,7035.0,Inactive,110000,2021-02-11T10:56:15.786Z,543,2.0,2.0,1123.0,1988.0,11.608244735642321
"5343-Indian-Creek-Dr,-Unit-A,-Orlando,-FL-32811","5343 Indian Creek Dr, Unit A, Orlando, FL 32811",5343 Indian Creek Dr,Unit A,Orlando,FL,32811,Orange County,28.491897,-81.453348,condo,7035.0,Inactive,107000,2020-09-15T19:16:09.130Z,691,1.0,1.0,905.0,1988.0,11.580593459194764
"4748-Walden-Cir,-Unit-33,-Orlando,-FL-32811","4748 Walden Cir, Unit 33, Orlando, FL 32811",4748 Walden Cir,Unit 33,Orlando,FL,32811,Orange County,28.489658,-81.442495,condo,7035.0,Inactive,83000,2021-04-09T11:12:54.621Z,486,1.0,1.0,760.0,1988.0,11.326607934898927
"5373-Northlawn-Way,-Orlando,-FL-32811","5373 Northlawn Way, Orlando, FL 32811",5373 Northlawn Way,,Orlando,FL,32811,Orange County,28.484791,-81.44481,single_family,7035.0,Inactive,349900,2021-04-18T14:21:40.766Z,478,3.0,2.5,1587.0,1988.0,12.765405536311112
"4933-Palm-Park-St,-Orlando,-FL-32811","4933 Palm Park St, Orlando, FL 32811",4933 Palm Park St,,Orlando,FL,32811,Orange County,28.488233,-81.446328,single_family,7035.0,Inactive,332000,2021-04-18T14:16:51.660Z,478,3.0,2.0,1840.0,1988.0,12.712893259942282
"4879-Creekside-Park-Ave,-Orlando,-FL-32811","4879 Creekside Park Ave, Orlando, FL 32811",4879 Creekside Park Ave,,Orlando,FL,32811,Orange County,28.48902,-81.448879,single_family,7035.0,Inactive,329900,2021-04-18T14:16:51.656Z,478,3.0,2.5,1592.0,1988.0,12.706547888433661
"4316-Lenox-Blvd,-Orlando,-FL-32811","4316 Lenox Blvd, Orlando, FL 32811",4316 Lenox Blvd,,Orlando,FL,32811,Orange County,28.528531,-81.43314,single_family,7035.0,Inactive,253900,2021-04-18T13:19:47.145Z,478,3.0,2.0,1291.0,1988.0,12.444699706243501
"408-Wilmer-Ave,-Orlando,-FL-32811","408 Wilmer Ave, Orlando, FL 32811",408 Wilmer Ave,,Orlando,FL,32811,Orange County,28.547431,-81.449761,single_family,7035.0,Inactive,249000,2020-12-08T13:13:17.984Z,609,3.0,2.0,1188.0,1988.0,12.425212191503038
"5166-Vista-Lago-Dr,-Orlando,-FL-32811","5166 Vista Lago Dr, Orlando, FL 32811",5166 Vista Lago Dr,,Orlando,FL,32811,Orange County,28.530915,-81.449112,single_family,7035.0,Inactive,235000,2021-04-18T13:12:58.205Z,478,4.0,2.5,1270.0,1988.0,12.367345048436391
"5385-Vineland-Rd,-Unit-J,-Orlando,-FL-32811","5385 Vineland Rd, Unit J, Orlando, FL 32811",5385 Vineland Rd,Unit J,Orlando,FL,32811,Orange County,28.483823,-81.449094,condo,7035.0,Inactive,229000,2021-05-12T12:55:20.329Z,454,3.0,2.0,1457.0,1988.0,12.34148164933907
"4801-W-Central-Ave,-Orlando,-FL-32811","4801 W Central Ave, Orlando, FL 32811",4801 W Central Ave,,Orlando,FL,32811,Orange County,28.541877,-81.442878,single_family,7035.0,Inactive,225000,2021-04-18T12:59:12.969Z,478,3.0,2.5,1244.0,1988.0,12.323860125621126
"4451-Piedmont-St,-Orlando,-FL-32811","4451 Piedmont St, Orlando, FL 32811",4451 Piedmont St,,Orlando,FL,32811,Orange County,28.530071,-81.436072,single_family,7035.0,Inactive,225000,2021-04-18T12:56:54.249Z,478,4.0,2.0,1251.0,1988.0,12.323860125621126
"4322-Clarinda-St,-Orlando,-FL-32811","4322 Clarinda St, Orlando, FL 32811",4322 Clarinda St,,Orlando,FL,32811,Orange County,28.542775,-81.433024,single_family,7035.0,Inactive,222000,2020-09-20T19:35:01.637Z,687,3.0,2.0,1353.0,1988.0,12.310437165348775
"4885-Walden-Cir,-Unit-68,-Orlando,-FL-32811","4885 Walden Cir, Unit 68, Orlando, FL 32811",4885 Walden Cir,Unit 68,Orlando,FL,32811,Orange County,28.488662,-81.44336,condo,7035.0,Inactive,180000,2021-04-18T11:50:49.047Z,478,2.0,2.5,1228.0,1988.0,12.100717685412471
"5108-Conroy-Rd,-Unit-17,-Orlando,-FL-32811","5108 Conroy Rd, Unit 17, Orlando, FL 32811",5108 Conroy Rd,Unit 17,Orlando,FL,32811,Orange County,28.495601,-81.44752,condo,7035.0,Inactive,125900,2021-04-09T11:36:32.928Z,487,2.0,1.0,919.0,1988.0,11.74325116281265
"4088-Ford-St,-Orlando,-FL-32811","4088 Ford St, Orlando, FL 32811",4088 Ford St,,Orlando,FL,32811,Orange County,28.522175,-81.427626,single_family,7035.0,Inactive,72150,2021-04-09T09:58:50.023Z,487,4.0,2.0,1632.0,1988.0,11.186516424119828
"4951-Southlawn-Ave,-Orlando,-FL-32811","4951 Southlawn Ave, Orlando, FL 32811",4951 Southlawn Ave,,Orlando,FL,32811,Orange County,28.485947,-81.449818,single_family,7035.0,Inactive,429900,2020-11-20T20:49:04.964Z,626,5.0,3.0,2906.0,1988.0,12.971310228604022
"647-Willie-Mays-Pkwy,-Orlando,-FL-32811","647 Willie Mays Pkwy, Orlando, FL 32811",647 Willie Mays Pkwy,,Orlando,FL,32811,Orange County,28.535102,-81.438105,single_family,7035.0,Inactive,254900,2020-12-04T03:19:46.324Z,613,4.0,2.0,1605.0,1988.0,12.448630513463613
"1906-Aaron-Ave,-Orlando,-FL-32811","1906 Aaron Ave, Orlando, FL 32811",1906 Aaron Ave,,Orlando,FL,32811,Orange County,28.519588,-81.432511,single_family,7035.0,Inactive,225000,2021-03-14T15:16:19.537Z,513,3.0,2.0,1458.0,1988.0,12.323860125621126
"4941-Vista-Lago-Dr,-Orlando,-FL-32811","4941 Vista Lago Dr, Orlando, FL 32811",4941 Vista Lago Dr,,Orlando,FL,32811,Orange County,28.532245,-81.445989,single_family,7035.0,Inactive,215000,2021-02-11T13:18:58.397Z,544,4.0,2.0,1241.0,1988.0,12.278397958261774
"5443-Cedar-Ln,-Orlando,-FL-32811","5443 Cedar Ln, Orlando, FL 32811",5443 Cedar Ln,,Orlando,FL,32811,Orange County,28.532617,-81.453697,single_family,7035.0,Inactive,204900,2021-04-18T12:05:42.142Z,478,3.0,2.0,1182.0,1988.0,12.230282214644559
"4421-W-Gore-Ave,-Orlando,-FL-32811","4421 W Gore Ave, Orlando, FL 32811",4421 W Gore Ave,,Orlando,FL,32811,Orange County,28.530953,-81.435302,single_family,7035.0,Inactive,204900,2021-02-11T12:38:02.135Z,544,3.0,2.0,1247.0,1988.0,12.230282214644559
"4832-Lescot-Ln,-Orlando,-FL-32811","4832 Lescot Ln, Orlando, FL 32811",4832 Lescot Ln,,Orlando,FL,32811,Orange County,28.52391,-81.444292,single_family,7035.0,Inactive,199900,2021-02-27T13:31:35.261Z,528,4.0,2.0,1176.0,1988.0,12.20557752297723
"1039-Winterberry-Ln,-Orlando,-FL-32811","1039 Winterberry Ln, Orlando, FL 32811",1039 Winterberry Ln,,Orlando,FL,32811,Orange County,28.52869,-81.449851,single_family,7035.0,Inactive,195000,2020-09-19T12:48:42.380Z,689,2.0,2.0,902.0,1988.0,12.180759965737863
"5218-Florida-Holly-Dr,-Orlando,-FL-32811","5218 Florida Holly Dr, Orlando, FL 32811",5218 Florida Holly Dr,,Orlando,FL,32811,Orange County,28.52807,-81.449358,single_family,7035.0,Inactive,194900,2020-12-15T14:25:59.388Z,602,3.0,2.0,1182.0,1988.0,12.180247016318816
"5467-Vineland-Rd,-Apt-6301,-Orlando,-FL-32811","5467 Vineland Rd, Apt 6301, Orlando, FL 32811",5467 Vineland Rd,Apt 6301,Orlando,FL,32811,Orange County,28.485498,-81.452508,condo,7035.0,Inactive,190000,2020-09-20T18:53:00.818Z,687,2.0,2.0,1004.0,1988.0,12.154784614286667
"310-Ronnie-Cir,-Orlando,-FL-32811","310 Ronnie Cir, Orlando, FL 32811",310 Ronnie Cir,,Orlando,FL,32811,Orange County,28.545333,-81.451777,single_family,7035.0,Inactive,190000,2020-10-21T15:37:19.908Z,657,3.0,1.5,1248.0,1988.0,12.154784614286667
"5434-Karen-Ct,-Orlando,-FL-32811","5434 Karen Ct, Orlando, FL 32811",5434 Karen Ct,,Orlando,FL,32811,Orange County,28.527014,-81.453305,single_family,7035.0,Inactive,175000,2020-12-19T12:52:48.648Z,598,3.0,1.5,1100.0,1988.0,12.07254696717504
"4448-Malibu-St,-Orlando,-FL-32811","4448 Malibu St, Orlando, FL 32811",4448 Malibu St,,Orlando,FL,32811,Orange County,28.536452,-81.435693,single_family,7035.0,Inactive,169900,2021-04-18T11:31:08.917Z,478,3.0,1.0,836.0,1988.0,12.042971193457888
"4180-Columbia-St,-Orlando,-FL-32811","4180 Columbia St, Orlando, FL 32811",4180 Columbia St,,Orlando,FL,32811,Orange County,28.526679,-81.42981,single_family,7035.0,Inactive,159000,2020-11-02T13:20:28.457Z,645,3.0,2.0,984.0,1988.0,11.976665770490767
"4719-Chevy-Pl,-Unit-136C,-Orlando,-FL-32811","4719 Chevy Pl, Unit 136C, Orlando, FL 32811",4719 Chevy Pl,Unit 136C,Orlando,FL,32811,Orange County,28.496108,-81.439861,condo,7035.0,Inactive,155000,2020-12-20T12:36:19.510Z,597,2.0,2.0,935.0,1988.0,11.951186847493476
"5414-Pine-Creek-Dr,-Unit-1612,-Orlando,-FL-32811","5414 Pine Creek Dr, Unit 1612, Orlando, FL 32811",5414 Pine Creek Dr,Unit 1612,Orlando,FL,32811,Orange County,28.49369,-81.453916,condo,7035.0,Inactive,157900,2021-02-11T12:03:40.828Z,544,3.0,2.5,1617.0,1988.0,11.969723533345908
"4328-S-Kirkman-Rd,-Apt-1312,-Orlando,-FL-32811","4328 S Kirkman Rd, Apt 1312, Orlando, FL 32811",4328 S Kirkman Rd,Apt 1312,Orlando,FL,32811,Orange County,28.498345,-81.461294,condo,7035.0,Inactive,148000,2020-09-15T20:14:56.143Z,692,2.0,2.0,1042.0,1988.0,11.904974309480183
"4703-Capri-Pl,-Unit-184,-Orlando,-FL-32811","4703 Capri Pl, Unit 184, Orlando, FL 32811",4703 Capri Pl,Unit 184,Orlando,FL,32811,Orange County,28.495168,-81.440151,condo,7035.0,Inactive,145000,2021-02-27T12:20:05.652Z,528,2.0,2.0,935.0,1988.0,11.884495917930655
"5542-Metrowest-Blvd,-Apt-202,-Orlando,-FL-32811","5542 Metrowest Blvd, Apt 202, Orlando, FL 32811",5542 Metrowest Blvd,Apt 202,Orlando,FL,32811,Orange County,28.51122,-81.455795,condo,7035.0,Inactive,145000,2020-11-03T13:25:13.442Z,644,2.0,2.0,1159.0,1988.0,11.884495917930655
"5144-Conroy-Rd,-Unit-1012,-Orlando,-FL-32811","5144 Conroy Rd, Unit 1012, Orlando, FL 32811",5144 Conroy Rd,Unit 1012,Orlando,FL,32811,Orange County,28.493374,-81.445128,condo,7035.0,Inactive,140900,2020-11-18T13:07:16.988Z,629,3.0,2.0,1237.0,1988.0,11.855812795093666
"4128-Yellow-Pine-Ln,-Unit-4,-Orlando,-FL-32811","4128 Yellow Pine Ln, Unit 4, Orlando, FL 32811",4128 Yellow Pine Ln,Unit 4,Orlando,FL,32811,Orange County,28.50075,-81.455954,condo,7035.0,Inactive,139900,2021-02-11T11:14:38.046Z,544,2.0,1.0,889.0,1988.0,11.848690308590857
"4706-Chevy-Pl,-Unit-181A2,-Orlando,-FL-32811","4706 Chevy Pl, Unit 181A2, Orlando, FL 32811",4706 Chevy Pl,Unit 181A2,Orlando,FL,32811,Orange County,28.495394,-81.439814,condo,7035.0,Inactive,125000,2021-03-26T11:24:31.799Z,501,2.0,1.0,876.0,1988.0,11.736077016252437
"4728-Walden-Cir,-Unit-11,-Orlando,-FL-32811","4728 Walden Cir, Unit 11, Orlando, FL 32811",4728 Walden Cir,Unit 11,Orlando,FL,32811,Orange County,28.490559,-81.443922,condo,7035.0,Inactive,125000,2021-02-17T09:33:03.900Z,538,3.0,2.0,1111.0,1988.0,11.736077016252437
"5459-Vineland-Rd,-Apt-4107,-Orlando,-FL-32811","5459 Vineland Rd, Apt 4107, Orlando, FL 32811",5459 Vineland Rd,Apt 4107,Orlando,FL,32811,Orange County,28.486665,-81.451646,condo,7035.0,Inactive,130000,2021-04-18T10:48:26.966Z,478,1.0,1.0,723.0,1988.0,11.775297421715827
"4756-Walden-Cir,-Unit-31,-Orlando,-FL-32811","4756 Walden Cir, Unit 31, Orlando, FL 32811",4756 Walden Cir,Unit 31,Orlando,FL,32811,Orange County,28.489398,-81.44113,condo,7035.0,Inactive,120000,2021-03-26T10:55:55.741Z,501,2.0,2.0,956.0,1988.0,11.695255355062795
"5479-Vineland-Rd,-Apt-9307,-Orlando,-FL-32811","5479 Vineland Rd, Apt 9307, Orlando, FL 32811",5479 Vineland Rd,Apt 9307,Orlando,FL,32811,Orange County,28.483919,-81.451691,condo,7035.0,Inactive,124000,2021-03-14T11:36:19.784Z,513,1.0,1.0,723.0,1988.0,11.728044909070785
"4006-Raleigh-St,-Orlando,-FL-32811","4006 Raleigh St, Orlando, FL 32811",4006 Raleigh St,,Orlando,FL,32811,Orange County,28.527654,-81.426425,single_family,7035.0,Inactive,119900,2021-03-26T10:55:55.736Z,501,2.0,1.0,891.0,1988.0,11.694421681264394
"5410-Pine-Creek-Dr,-Orlando,-FL-32811","5410 Pine Creek Dr, Orlando, FL 32811",5410 Pine Creek Dr,,Orlando,FL,32811,Orange County,28.493689,-81.453915,condo,7035.0,Inactive,119000,2020-12-04T01:00:29.999Z,613,2.0,2.0,1141.0,1988.0,11.686887175419702
"5536-Metrowest-Blvd,-Apt-305,-Orlando,-FL-32811","5536 Metrowest Blvd, Apt 305, Orlando, FL 32811",5536 Metrowest Blvd,Apt 305,Orlando,FL,32811,Orange County,28.511856,-81.456002,condo,7035.0,Inactive,118000,2021-02-11T10:56:15.789Z,544,2.0,1.0,1093.0,1988.0,11.678448377988165
"5312-Pebble-Beach-Dr,-Unit-D,-Orlando,-FL-32811","5312 Pebble Beach Dr, Unit D, Orlando, FL 32811",5312 Pebble Beach Dr,Unit D,Orlando,FL,32811,Orange County,28.492802,-81.452942,condo,7035.0,Inactive,116900,2020-11-21T10:42:31.606Z,626,2.0,2.0,1123.0,1988.0,11.669082701743504
"4732-Walden-Cir,-Unit-13,-Orlando,-FL-32811","4732 Walden Cir, Unit 13, Orlando, FL 32811",4732 Walden Cir,Unit 13,Orlando,FL,32811,Orange County,28.490254,-81.444232,condo,7035.0,Inactive,110000,2021-03-26T10:23:51.035Z,501,2.0,2.0,1020.0,1988.0,11.608244735642321
"4328-S-Kirkman-Rd,-Apt-1304,-Orlando,-FL-32811","4328 S Kirkman Rd, Apt 1304, Orlando, FL 32811",4328 S Kirkman Rd,Apt 1304,Orlando,FL,32811,Orange County,28.498359,-81.461285,condo,7035.0,Inactive,109500,2021-02-11T10:35:11.006Z,544,1.0,1.0,779.0,1988.0,11.603688960617083
"5356-Burning-Tree-Dr,-Unit-D07,-Orlando,-FL-32811","5356 Burning Tree Dr, Unit D07, Orlando, FL 32811",5356 Burning Tree Dr,Unit D07,Orlando,FL,32811,Orange County,28.491451,-81.452854,condo,7035.0,Inactive,109000,2021-02-11T10:56:15.783Z,544,2.0,2.0,1123.0,1988.0,11.599112335481124
"4716-Walden-Cir,-Unit-12,-Orlando,-FL-32811","4716 Walden Cir, Unit 12, Orlando, FL 32811",4716 Walden Cir,Unit 12,Orlando,FL,32811,Orange County,28.491025,-81.44309,condo,7035.0,Inactive,105000,2021-02-05T11:42:43.517Z,550,2.0,2.0,1020.0,1988.0,11.561725152903833
"4720-Walden-Cir,-Unit-14,-Orlando,-FL-32811","4720 Walden Cir, Unit 14, Orlando, FL 32811",4720 Walden Cir,Unit 14,Orlando,FL,32811,Orange County,28.490975,-81.444024,condo,7035.0,Inactive,95000,2021-03-27T09:40:44.562Z,500,2.0,2.0,956.0,1988.0,11.461642696843066
"5435-Roman-Ln,-Unit-50,-Orlando,-FL-32811","5435 Roman Ln, Unit 50, Orlando, FL 32811",5435 Roman Ln,Unit 50,Orlando,FL,32811,Orange County,28.543199,-81.455146,,7035.0,Inactive,76500,2021-02-05T10:50:01.807Z,550,2.0,2.0,1056.0,1988.0,11.245059091624615
"4736-Walden-Cir,-Unit-34,-Orlando,-FL-32811","4736 Walden Cir, Unit 34, Orlando, FL 32811",4736 Walden Cir,Unit 34,Orlando,FL,32811,Orange County,28.490154,-81.443572,condo,7035.0,Inactive,75000,2021-03-14T06:06:09.102Z,513,1.0,1.0,560.0,1988.0,11.225256725762893
"5164-Conroy-Rd,-Unit-1511,-Orlando,-FL-32811","5164 Conroy Rd, Unit 1511, Orlando, FL 32811",5164 Conroy Rd,Unit 1511,Orlando,FL,32811,Orange County,28.494356,-81.446166,condo,7035.0,Inactive,130000,2020-11-24T13:16:06.942Z,623,2.0,2.0,988.0,1988.0,11.775297421715827
"5536-Metrowest-Blvd,-Unit-8-310,-Orlando,-FL-32811","5536 Metrowest Blvd, Unit 8-310, Orlando, FL 32811",5536 Metrowest Blvd,Unit 8-310,Orlando,FL,32811,Orange County,28.511855,-81.456001,condo,7035.0,Inactive,174900,2021-04-18T11:31:08.925Z,478,2.0,2.0,1205.0,1988.0,12.071975378543236
"5160-Conroy-Rd,-Unit-31,-Orlando,-FL-32811","5160 Conroy Rd, Unit 31, Orlando, FL 32811",5160 Conroy Rd,Unit 31,Orlando,FL,32811,Orange County,28.49402,-81.446135,condo,7035.0,Inactive,130000,2020-11-05T11:08:13.359Z,642,2.0,2.0,988.0,1988.0,11.775297421715827
"4643-Kozart-St,-Orlando,-FL-32811","4643 Kozart St, Orlando, FL 32811",4643 Kozart St,,Orlando,FL,32811,Orange County,28.525273,-81.439246,single_family,7035.0,Inactive,119900,2021-02-12T11:18:30.118Z,543,5.0,2.5,1513.0,1988.0,11.694421681264394
"5168-Conroy-Rd,-Unit-1618,-Orlando,-FL-32811","5168 Conroy Rd, Unit 1618, Orlando, FL 32811",5168 Conroy Rd,Unit 1618,Orlando,FL,32811,Orange County,28.494822,-81.446395,condo,7035.0,Inactive,115000,2021-03-02T09:18:56.512Z,525,2.0,1.0,919.0,1988.0,11.652696102959753
"4689-Pembrook-Pl,-Unit-201,-Orlando,-FL-32811","4689 Pembrook Pl, Unit 201, Orlando, FL 32811",4689 Pembrook Pl,Unit 201,Orlando,FL,32811,Orange County,28.494047,-81.441196,condo,7035.0,Inactive,139000,2021-03-14T13:47:17.466Z,513,3.0,2.0,1263.0,1988.0,11.842236406331555
"5156-Conroy-Rd,-Unit-28,-Orlando,-FL-32811","5156 Conroy Rd, Unit 28, Orlando, FL 32811",5156 Conroy Rd,Unit 28,Orlando,FL,32811,Orange County,28.493664,-81.44552,condo,7035.0,Inactive,139000,2021-02-11T11:14:38.049Z,544,3.0,2.0,1237.0,1988.0,11.842236406331555
"4304-S-Kirkman-Rd,-Apt-103,-Orlando,-FL-32811","4304 S Kirkman Rd, Apt 103, Orlando, FL 32811",4304 S Kirkman Rd,Apt 103,Orlando,FL,32811,Orange County,28.49851,-81.460077,condo,7035.0,Inactive,138700,2021-02-11T11:16:02.605Z,544,2.0,2.0,996.0,1988.0,11.840075816082267
"5308-Indian-Creek-Dr,-Unit-E,-Orlando,-FL-32811","5308 Indian Creek Dr, Unit E, Orlando, FL 32811",5308 Indian Creek Dr,Unit E,Orlando,FL,32811,Orange County,28.492119,-81.452746,condo,7035.0,Inactive,133500,2020-11-20T17:35:23.721Z,626,2.0,2.5,1293.0,1988.0,11.80186424743109
"5313-Indian-Creek-Dr,-Unit-D,-Orlando,-FL-32811","5313 Indian Creek Dr, Unit D, Orlando, FL 32811",5313 Indian Creek Dr,Unit D,Orlando,FL,32811,Orange County,28.492527,-81.452805,condo,7035.0,Inactive,129000,2020-10-01T10:08:51.247Z,677,2.0,2.0,1123.0,1988.0,11.767575435251748
"5324-Burning-Tree-Dr,-Unit-D03,-Orlando,-FL-32811","5324 Burning Tree Dr, Unit D03, Orlando, FL 32811",5324 Burning Tree Dr,Unit D03,Orlando,FL,32811,Orange County,28.491173,-81.452334,condo,7035.0,Inactive,119900,2021-02-14T11:43:21.900Z,541,2.0,2.0,1123.0,1988.0,11.694421681264394
"4324-S-Kirkman-Rd,-Apt-1110,-Orlando,-FL-32811","4324 S Kirkman Rd, Apt 1110, Orlando, FL 32811",4324 S Kirkman Rd,Apt 1110,Orlando,FL,32811,Orange County,28.498454,-81.461725,condo,7035.0,Inactive,115000,2021-02-05T11:47:09.348Z,550,1.0,1.0,779.0,1988.0,11.652696102959753
"4764-Walden-Cir,-Unit-11,-Orlando,-FL-32811","4764 Walden Cir, Unit 11, Orlando, FL 32811",4764 Walden Cir,Unit 11,Orlando,FL,32811,Orange County,28.489902,-81.440674,condo,7035.0,Inactive,110000,2020-10-12T10:49:15.948Z,666,2.0,2.0,1020.0,1988.0,11.608244735642321
"5171-Vineland-Rd,-Unit-107,-Orlando,-FL-32811","5171 Vineland Rd, Unit 107, Orlando, FL 32811",5171 Vineland Rd,Unit 107,Orlando,FL,32811,Orange County,28.484314,-81.446584,condo,7035.0,Inactive,109900,2020-11-14T11:30:42.458Z,633,2.0,2.0,1048.0,1988.0,11.60733523953139
"5402-W-Washington-St,-Orlando,-FL-32811","5402 W Washington St, Orlando, FL 32811",5402 W Washington St,,Orlando,FL,32811,Orange County,28.543462,-81.454345,,7035.0,Inactive,69900,2021-02-05T10:50:01.781Z,550,3.0,2.0,1389.0,1988.0,11.154835234271214
"4627-Parma-Ct,-Orlando,-FL-32811","4627 Parma Ct, Orlando, FL 32811",4627 Parma Ct,,Orlando,FL,32811,Orange County,28.520167,-81.439231,single_family,7035.0,Inactive,227500,2020-10-10T15:47:20.605Z,668,4.0,2.0,1428.0,1988.0,12.334909912967877
"5022-Vista-Lago-Dr,-Orlando,-FL-32811","5022 Vista Lago Dr, Orlando, FL 32811",5022 Vista Lago Dr,,Orlando,FL,32811,Orange County,28.531348,-81.446818,single_family,7035.0,Inactive,215000,2021-02-11T13:18:58.397Z,544,4.0,2.0,1241.0,1988.0,12.278397958261774
"4923-Cutler-St,-Orlando,-FL-32811","4923 Cutler St, Orlando, FL 32811",4923 Cutler St,,Orlando,FL,32811,Orange County,28.52605,-81.445294,single_family,7035.0,Inactive,215000,2020-09-15T19:45:41.616Z,692,4.0,2.0,1556.0,1988.0,12.278397958261774
"4413-Wheatley-St,-Orlando,-FL-32811","4413 Wheatley St, Orlando, FL 32811",4413 Wheatley St,,Orlando,FL,32811,Orange County,28.521692,-81.434799,single_family,7035.0,Inactive,213000,2021-02-11T13:18:58.394Z,544,3.0,1.0,1331.0,1988.0,12.269052139516223
"4287-Cynthia-St,-Orlando,-FL-32811","4287 Cynthia St, Orlando, FL 32811",4287 Cynthia St,,Orlando,FL,32811,Orange County,28.542367,-81.432252,single_family,7035.0,Inactive,209000,2021-02-11T13:18:58.382Z,544,4.0,2.0,1188.0,1988.0,12.250094315624496
"4532-Cypress-St,-Orlando,-FL-32811","4532 Cypress St, Orlando, FL 32811",4532 Cypress St,,Orlando,FL,32811,Orange County,28.531317,-81.437511,single_family,7035.0,Inactive,199900,2021-02-24T13:39:07.331Z,531,3.0,2.0,1253.0,1988.0,12.20557752297723
"1832-Horne-Ave,-Orlando,-FL-32811","1832 Horne Ave, Orlando, FL 32811",1832 Horne Ave,,Orlando,FL,32811,Orange County,28.520653,-81.430875,single_family,7035.0,Inactive,189900,2021-02-18T13:29:50.297Z,537,3.0,2.0,1151.0,1988.0,12.15425816271595
"4231-Schank-Ct,-Orlando,-FL-32811","4231 Schank Ct, Orlando, FL 32811",4231 Schank Ct,,Orlando,FL,32811,Orange County,28.514495,-81.43114,single_family,7035.0,Inactive,189900,2021-03-02T11:50:37.220Z,525,4.0,1.5,1250.0,1988.0,12.15425816271595
"605-Greys-Ferry-Rd,-Orlando,-FL-32811","605 Greys Ferry Rd, Orlando, FL 32811",605 Greys Ferry Rd,,Orlando,FL,32811,Orange County,28.533807,-81.451952,single_family,7035.0,Inactive,185000,2020-12-05T14:44:14.198Z,612,3.0,2.0,1058.0,1988.0,12.128116509451258
"5475-Vineland-Rd,-Apt-8313,-Orlando,-FL-32811","5475 Vineland Rd, Apt 8313, Orlando, FL 32811",5475 Vineland Rd,Apt 8313,Orlando,FL,32811,Orange County,28.484714,-81.452122,condo,7035.0,Inactive,185000,2021-02-11T12:24:14.958Z,544,3.0,2.0,1232.0,1988.0,12.128116509451258
"5287-Cypress-Ct,-Unit-724,-Orlando,-FL-32811","5287 Cypress Ct, Unit 724, Orlando, FL 32811",5287 Cypress Ct,Unit 724,Orlando,FL,32811,Orange County,28.497352,-81.450945,condo,7035.0,Inactive,180000,2021-03-03T15:27:30.117Z,524,2.0,2.5,1285.0,1988.0,12.100717685412471
"4331-Cassius-St,-Orlando,-FL-32811","4331 Cassius St, Orlando, FL 32811",4331 Cassius St,,Orlando,FL,32811,Orange County,28.522246,-81.433122,single_family,7035.0,Inactive,180000,2021-03-04T14:24:57.896Z,523,3.0,2.0,1049.0,1988.0,12.100717685412471
"5432-Wood-Crossing-St,-Orlando,-FL-32811","5432 Wood Crossing St, Orlando, FL 32811",5432 Wood Crossing St,,Orlando,FL,32811,Orange County,28.53289,-81.453184,single_family,7035.0,Inactive,180000,2020-12-05T14:44:14.185Z,612,3.0,2.0,1181.0,1988.0,12.100717685412471
"4829-Walden-Cir,-Unit-70,-Orlando,-FL-32811","4829 Walden Cir, Unit 70, Orlando, FL 32811",4829 Walden Cir,Unit 70,Orlando,FL,32811,Orange County,28.489135,-81.444357,condo,7035.0,Inactive,179990,2021-02-23T12:52:23.219Z,532,2.0,2.5,1228.0,1988.0,12.100662128622306
"4122-Kirkland-Blvd,-Orlando,-FL-32811","4122 Kirkland Blvd, Orlando, FL 32811",4122 Kirkland Blvd,,Orlando,FL,32811,Orange County,28.516182,-81.428472,single_family,7035.0,Inactive,167000,2020-11-19T14:03:15.843Z,628,4.0,1.0,1381.0,1988.0,12.025755079404917
"4272-Clarinda-St,-Orlando,-FL-32811","4272 Clarinda St, Orlando, FL 32811",4272 Clarinda St,,Orlando,FL,32811,Orange County,28.542777,-81.432066,single_family,7035.0,Inactive,165000,2020-12-05T14:40:51.930Z,612,3.0,2.0,1011.0,1988.0,12.013706813470414
"5313-Pebble-Beach-Dr,-Unit-C,-Orlando,-FL-32811","5313 Pebble Beach Dr, Unit C, Orlando, FL 32811",5313 Pebble Beach Dr,Unit C,Orlando,FL,32811,Orange County,28.493204,-81.452941,condo,7035.0,Inactive,165000,2020-09-15T21:47:22.431Z,692,3.0,2.0,1423.0,1988.0,12.013706813470414
"4118-Kirkland-Blvd,-Orlando,-FL-32811","4118 Kirkland Blvd, Orlando, FL 32811",4118 Kirkland Blvd,,Orlando,FL,32811,Orange County,28.516183,-81.428273,single_family,7035.0,Inactive,165000,2020-11-12T14:54:38.814Z,635,3.0,1.0,1020.0,1988.0,12.013706813470414
"5401-Elm-Ct,-Unit-303,-Orlando,-FL-32811","5401 Elm Ct, Unit 303, Orlando, FL 32811",5401 Elm Ct,Unit 303,Orlando,FL,32811,Orange County,28.49823,-81.452964,condo,7035.0,Inactive,160000,2021-03-05T12:13:35.723Z,522,2.0,2.5,1285.0,1988.0,11.982935344196433
"4432-Pinebark-Ave,-Orlando,-FL-32811","4432 Pinebark Ave, Orlando, FL 32811",4432 Pinebark Ave,,Orlando,FL,32811,Orange County,28.498311,-81.456239,condo,7035.0,Inactive,159999,2021-02-20T12:30:43.246Z,535,2.0,2.0,963.0,1988.0,11.982929094215963
"13-N-Van-Buren-Ave,-Orlando,-FL-32811","13 N Van Buren Ave, Orlando, FL 32811",13 N Van Buren Ave,,Orlando,FL,32811,Orange County,28.542102,-81.456958,single_family,7035.0,Inactive,159000,2020-10-29T12:39:50.471Z,649,2.0,1.0,782.0,1988.0,11.976665770490767
"3373-S-Kirkman-Rd,-Apt-929,-Orlando,-FL-32811","3373 S Kirkman Rd, Apt 929, Orlando, FL 32811",3373 S Kirkman Rd,Apt 929,Orlando,FL,32811,Orange County,28.505222,-81.457028,condo,7035.0,Inactive,155000,2021-02-11T11:28:34.668Z,544,2.0,2.0,1129.0,1988.0,11.951186847493476
"4714-Jasmine-Creek-Ln,-Unit-1502,-Orlando,-FL-32811","4714 Jasmine Creek Ln, Unit 1502, Orlando, FL 32811",4714 Jasmine Creek Ln,Unit 1502,Orlando,FL,32811,Orange County,28.493722,-81.453612,condo,7035.0,Inactive,149900,2020-09-15T20:43:54.492Z,692,3.0,3.0,1617.0,1988.0,11.917730355182513
"5148-Conroy-Rd,-Unit-27,-Orlando,-FL-32811","5148 Conroy Rd, Unit 27, Orlando, FL 32811",5148 Conroy Rd,Unit 27,Orlando,FL,32811,Orange County,28.493147,-81.445913,condo,7035.0,Inactive,148999,2021-03-09T11:00:43.223Z,518,2.0,2.0,988.0,1988.0,11.911701584927597
"4330-Pinebark-Ave,-Unit-3,-Orlando,-FL-32811","4330 Pinebark Ave, Unit 3, Orlando, FL 32811",4330 Pinebark Ave,Unit 3,Orlando,FL,32811,Orange County,28.499196,-81.45724,condo,7035.0,Inactive,145000,2021-02-11T11:16:02.582Z,544,2.0,2.0,932.0,1988.0,11.884495917930655
"5144-Conroy-Rd,-Unit-1037,-Orlando,-FL-32811","5144 Conroy Rd, Unit 1037, Orlando, FL 32811",5144 Conroy Rd,Unit 1037,Orlando,FL,32811,Orange County,28.493374,-81.445128,condo,7035.0,Inactive,141900,2021-02-11T11:16:02.597Z,544,3.0,2.0,1237.0,1988.0,11.862884910339652
"5156-Conroy-Rd,-Unit-1118,-Orlando,-FL-32811","5156 Conroy Rd, Unit 1118, Orlando, FL 32811",5156 Conroy Rd,Unit 1118,Orlando,FL,32811,Orange County,28.493785,-81.445578,condo,7035.0,Inactive,140000,2020-10-06T13:09:29.327Z,672,3.0,2.0,1237.0,1988.0,11.849404844423074
"4314-Middlebrook-Rd,-Unit-1,-Orlando,-FL-32811","4314 Middlebrook Rd, Unit 1, Orlando, FL 32811",4314 Middlebrook Rd,Unit 1,Orlando,FL,32811,Orange County,28.49937,-81.453002,condo,7035.0,Inactive,144900,2020-09-23T14:17:11.250Z,685,2.0,2.0,1120.0,1988.0,11.88380602959621
"5542-Metrowest-Blvd,-Apt-305,-Orlando,-FL-32811","5542 Metrowest Blvd, Apt 305, Orlando, FL 32811",5542 Metrowest Blvd,Apt 305,Orlando,FL,32811,Orange County,28.511219,-81.455794,condo,7035.0,Inactive,142000,2020-10-07T13:59:40.908Z,671,2.0,2.0,1159.0,1988.0,11.863589378812122
"5542-Metrowest-Blvd,-Apt-109,-Orlando,-FL-32811","5542 Metrowest Blvd, Apt 109, Orlando, FL 32811",5542 Metrowest Blvd,Apt 109,Orlando,FL,32811,Orange County,28.511219,-81.455794,condo,7035.0,Inactive,143900,2020-10-09T13:55:00.351Z,669,2.0,2.0,1159.0,1988.0,11.87688084212164
"5140-Conroy-Rd,-Unit-12,-Orlando,-FL-32811","5140 Conroy Rd, Unit 12, Orlando, FL 32811",5140 Conroy Rd,Unit 12,Orlando,FL,32811,Orange County,28.494208,-81.444834,condo,7035.0,Inactive,139000,2021-02-11T11:14:38.047Z,544,2.0,2.0,988.0,1988.0,11.842236406331555
"5112-Conroy-Rd,-Apt-328,-Orlando,-FL-32811","5112 Conroy Rd, Apt 328, Orlando, FL 32811",5112 Conroy Rd,Apt 328,Orlando,FL,32811,Orange County,28.49581,-81.447206,condo,7035.0,Inactive,134000,2020-11-24T13:16:06.953Z,623,2.0,2.0,988.0,1988.0,11.80560254159177
"5168-Conroy-Rd,-Unit-1624,-Orlando,-FL-32811","5168 Conroy Rd, Unit 1624, Orlando, FL 32811",5168 Conroy Rd,Unit 1624,Orlando,FL,32811,Orange County,28.494822,-81.446395,condo,7035.0,Inactive,126900,2021-02-11T10:56:22.652Z,544,2.0,1.0,919.0,1988.0,11.751162533892076
"4748-Walden-Cir,-Unit-12,-Orlando,-FL-32811","4748 Walden Cir, Unit 12, Orlando, FL 32811",4748 Walden Cir,Unit 12,Orlando,FL,32811,Orange County,28.489658,-81.442495,condo,7035.0,Inactive,110000,2021-01-15T11:53:50.790Z,571,2.0,2.0,956.0,1988.0,11.608244735642321
"4627-Cason-Cove-Dr,-Apt-1413,-Orlando,-FL-32811","4627 Cason Cove Dr, Apt 1413, Orlando, FL 32811",4627 Cason Cove Dr,Apt 1413,Orlando,FL,32811,Orange County,28.497345,-81.436667,condo,7035.0,Inactive,110000,2021-02-25T12:10:30.647Z,530,2.0,2.0,1000.0,1988.0,11.608244735642321
"3331-S-Kirkman-Rd,-Apt-534,-Orlando,-FL-32811","3331 S Kirkman Rd, Apt 534, Orlando, FL 32811",3331 S Kirkman Rd,Apt 534,Orlando,FL,32811,Orange County,28.507949,-81.456417,condo,7035.0,Inactive,109000,2021-02-05T11:42:43.516Z,550,1.0,1.0,890.0,1988.0,11.599112335481124
"5156-Conroy-Rd,-Unit-24,-Orlando,-FL-32811","5156 Conroy Rd, Unit 24, Orlando, FL 32811",5156 Conroy Rd,Unit 24,Orlando,FL,32811,Orange County,28.493664,-81.44552,condo,7035.0,Inactive,129999,2020-11-20T15:50:15.463Z,627,2.0,2.0,1028.0,1988.0,11.77528972943772
"5108-Conroy-Rd,-Unit-21,-Orlando,-FL-32811","5108 Conroy Rd, Unit 21, Orlando, FL 32811",5108 Conroy Rd,Unit 21,Orlando,FL,32811,Orange County,28.495601,-81.44752,condo,7035.0,Inactive,125000,2020-09-15T19:27:14.981Z,692,2.0,1.0,919.0,1988.0,11.736077016252437
"4363-Shadow-Crest-Pl,-Unit-2,-Orlando,-FL-32811","4363 Shadow Crest Pl, Unit 2, Orlando, FL 32811",4363 Shadow Crest Pl,Unit 2,Orlando,FL,32811,Orange County,28.499378,-81.455746,condo,7035.0,Inactive,125000,2020-09-17T16:24:51.021Z,691,2.0,1.5,909.0,1988.0,11.736077016252437
"318-Pearlwood-St,-Orlando,-FL-32811","318 Pearlwood St, Orlando, FL 32811",318 Pearlwood St,,Orlando,FL,32811,Orange County,28.545947,-81.446905,single_family,7035.0,Inactive,184900,2020-10-06T14:21:46.041Z,672,3.0,2.0,1080.0,1988.0,12.127575825689417
"5045-Vista-Lago-Dr,-Orlando,-FL-32811","5045 Vista Lago Dr, Orlando, FL 32811",5045 Vista Lago Dr,,Orlando,FL,32811,Orange County,28.531619,-81.447378,single_family,7035.0,Inactive,183000,2020-12-05T14:44:14.187Z,612,3.0,2.0,1182.0,1988.0,12.117246896289503
"4931-Walden-Cir,-Unit-55,-Orlando,-FL-32811","4931 Walden Cir, Unit 55, Orlando, FL 32811",4931 Walden Cir,Unit 55,Orlando,FL,32811,Orange County,28.488583,-81.442923,condo,7035.0,Inactive,175000,2021-02-11T12:09:40.399Z,544,2.0,2.5,1228.0,1988.0,12.07254696717504
"4897-Cypress-Woods-Dr,-Apt-6203,-Orlando,-FL-32811","4897 Cypress Woods Dr, Apt 6203, Orlando, FL 32811",4897 Cypress Woods Dr,Apt 6203,Orlando,FL,32811,Orange County,28.492574,-81.4513,condo,7035.0,Inactive,172000,2021-02-11T12:09:40.361Z,544,3.0,2.0,1405.0,1988.0,12.055255569732177
"4849-Cypress-Woods-Dr,-Apt-1107,-Orlando,-FL-32811","4849 Cypress Woods Dr, Apt 1107, Orlando, FL 32811",4849 Cypress Woods Dr,Apt 1107,Orlando,FL,32811,Orange County,28.493637,-81.451099,condo,7035.0,Inactive,168000,2021-02-11T12:08:13.415Z,544,2.0,2.0,1186.0,1988.0,12.031725210748633
"5316-Bamboo-Ct,-Unit-455,-Orlando,-FL-32811","5316 Bamboo Ct, Unit 455, Orlando, FL 32811",5316 Bamboo Ct,Unit 455,Orlando,FL,32811,Orange County,28.496474,-81.45126,condo,7035.0,Inactive,165000,2021-02-11T12:08:13.410Z,544,2.0,2.5,1285.0,1988.0,12.013706813470414
"3343-S-Kirkman-Rd,-Apt-723,-Orlando,-FL-32811","3343 S Kirkman Rd, Apt 723, Orlando, FL 32811",3343 S Kirkman Rd,Apt 723,Orlando,FL,32811,Orange County,28.506566,-81.4568,condo,7035.0,Inactive,129000,2020-12-04T01:53:02.021Z,613,2.0,2.0,1212.0,1988.0,11.767575435251748
"4739-W-Church-St,-Orlando,-FL-32811","4739 W Church St, Orlando, FL 32811",4739 W Church St,,Orlando,FL,32811,Orange County,28.54003,-81.441896,single_family,7035.0,Inactive,127500,2021-02-11T10:56:22.657Z,544,2.0,1.0,728.0,1988.0,11.755879486687116
"5105-Creekside-Park-Ave,-Orlando,-FL-32811","5105 Creekside Park Ave, Orlando, FL 32811",5105 Creekside Park Ave,,Orlando,FL,32811,Orange County,28.487028,-81.447165,single_family,7035.0,Inactive,368000,2021-02-13T14:32:15.757Z,542,4.0,2.5,2293.0,1988.0,12.81584093453868
"5197-Alligator-Flag-Ln,-Orlando,-FL-32811","5197 Alligator Flag Ln, Orlando, FL 32811",5197 Alligator Flag Ln,,Orlando,FL,32811,Orange County,28.485839,-81.447004,single_family,7035.0,Inactive,365000,2020-12-16T15:01:20.845Z,601,4.0,2.5,2419.0,1988.0,12.807655372286902
"4652-Southlawn-Ave,-Orlando,-FL-32811","4652 Southlawn Ave, Orlando, FL 32811",4652 Southlawn Ave,,Orlando,FL,32811,Orange County,28.49036,-81.448462,single_family,7035.0,Inactive,359900,2020-09-22T00:42:02.972Z,686,3.0,2.5,1826.0,1988.0,12.79358427261286
"5205-Northlawn-Way,-Orlando,-FL-32811","5205 Northlawn Way, Orlando, FL 32811",5205 Northlawn Way,,Orlando,FL,32811,Orange County,28.486147,-81.44601,single_family,7035.0,Inactive,325000,2021-02-26T14:01:29.627Z,529,3.0,2.5,1603.0,1988.0,12.691583538230217
"4778-Miramar-Rd,-Orlando,-FL-32811","4778 Miramar Rd, Orlando, FL 32811",4778 Miramar Rd,,Orlando,FL,32811,Orange County,28.520986,-81.441866,single_family,7035.0,Inactive,239900,2021-02-11T13:36:33.624Z,544,4.0,3.0,1963.0,1988.0,12.3879816172226
"3397-S-Kirkman-Rd,-Apt-1410,-Orlando,-FL-32811","3397 S Kirkman Rd, Apt 1410, Orlando, FL 32811",3397 S Kirkman Rd,Apt 1410,Orlando,FL,32811,Orange County,28.506666,-81.458325,condo,7035.0,Inactive,169900,2021-02-11T12:08:13.423Z,544,3.0,2.0,1443.0,1988.0,12.042971193457888
"5455-Vineland-Rd,-Apt-3309,-Orlando,-FL-32811","5455 Vineland Rd, Apt 3309, Orlando, FL 32811",5455 Vineland Rd,Apt 3309,Orlando,FL,32811,Orange County,28.485841,-81.451439,condo,7035.0,Inactive,152900,2020-10-23T13:34:21.928Z,655,2.0,2.0,1043.0,1988.0,11.937545932118134
"4668-Barley-St,-Orlando,-FL-32811","4668 Barley St, Orlando, FL 32811",4668 Barley St,,Orlando,FL,32811,Orange County,28.540099,-81.439723,single_family,7035.0,Inactive,150000,2020-10-27T12:44:36.541Z,651,3.0,1.0,805.0,1988.0,11.918397239722838
"4230-Nimons-St,-Orlando,-FL-32811","4230 Nimons St, Orlando, FL 32811",4230 Nimons St,,Orlando,FL,32811,Orange County,28.521584,-81.430747,single_family,7035.0,Inactive,150000,2020-11-11T15:18:36.199Z,636,3.0,1.0,1247.0,1988.0,11.918397239722838
"4503-Evers-Pl,-Orlando,-FL-32811","4503 Evers Pl, Orlando, FL 32811",4503 Evers Pl,,Orlando,FL,32811,Orange County,28.520959,-81.43657,single_family,7035.0,Inactive,140000,2020-11-17T13:46:11.509Z,630,3.0,1.0,1235.0,1988.0,11.849404844423074
"334-Mandrake-St,-Orlando,-FL-32811","334 Mandrake St, Orlando, FL 32811",334 Mandrake St,,Orlando,FL,32811,Orange County,28.546777,-81.448797,single_family,7035.0,Inactive,159900,2020-12-28T14:54:42.761Z,589,3.0,1.0,1123.0,1988.0,11.982310152711182
"4768-Walden-Cir,-Unit-22,-Orlando,-FL-32811","4768 Walden Cir, Unit 22, Orlando, FL 32811",4768 Walden Cir,Unit 22,Orlando,FL,32811,Orange County,28.489956,-81.43999,condo,7035.0,Inactive,105000,2020-12-17T11:01:43.383Z,600,2.0,2.0,1020.0,1988.0,11.561725152903833
"4704-Walden-Cir,-Unit-22,-Orlando,-FL-32811","4704 Walden Cir, Unit 22, Orlando, FL 32811",4704 Walden Cir,Unit 22,Orlando,FL,32811,Orange County,28.490642,-81.441408,condo,7035.0,Inactive,95000,2020-12-23T12:28:40.306Z,594,2.0,2.0,956.0,1988.0,11.461642696843066
"4740-Walden-Cir,-Unit-12,-Orlando,-FL-32811","4740 Walden Cir, Unit 12, Orlando, FL 32811",4740 Walden Cir,Unit 12,Orlando,FL,32811,Orange County,28.48984,-81.443302,condo,7035.0,Inactive,95000,2020-12-17T11:01:43.358Z,600,2.0,2.0,956.0,1988.0,11.461642696843066
"1836-S-Ivey-Ln,-Orlando,-FL-32811","1836 S Ivey Ln, Orlando, FL 32811",1836 S Ivey Ln,,Orlando,FL,32811,Orange County,28.52061,-81.434331,single_family,7035.0,Inactive,229000,2020-11-10T09:13:12.113Z,637,3.0,2.0,1209.0,1988.0,12.34148164933907
"4720-Walden-Cir,-Unit-31,-Orlando,-FL-32811","4720 Walden Cir, Unit 31, Orlando, FL 32811",4720 Walden Cir,Unit 31,Orlando,FL,32811,Orange County,28.490975,-81.444024,condo,7035.0,Inactive,117000,2020-09-15T19:16:09.138Z,692,3.0,2.0,1175.0,1988.0,11.669937760751914
"4403-Prince-Hall-Blvd,-Orlando,-FL-32811","4403 Prince Hall Blvd, Orlando, FL 32811",4403 Prince Hall Blvd,,Orlando,FL,32811,Orange County,28.515298,-81.434396,single_family,7035.0,Inactive,199900,2021-02-11T12:38:02.130Z,544,3.0,2.0,1245.0,1988.0,12.20557752297723
"408-Fanfair-Ave,-Orlando,-FL-32811","408 Fanfair Ave, Orlando, FL 32811",408 Fanfair Ave,,Orlando,FL,32811,Orange County,28.538066,-81.436571,single_family,7035.0,Inactive,177000,2020-12-05T14:43:55.385Z,612,4.0,2.0,1350.0,1988.0,12.083910661257521
"4712-Sutton-Ter,-Unit-114C1,-Orlando,-FL-32811","4712 Sutton Ter, Unit 114C1, Orlando, FL 32811",4712 Sutton Ter,Unit 114C1,Orlando,FL,32811,Orange County,28.496329,-81.439673,condo,7035.0,Inactive,168000,2021-02-11T12:08:13.417Z,544,2.0,2.0,934.0,1988.0,12.031725210748633
"4752-Walden-Cir,-Unit-31,-Orlando,-FL-32811","4752 Walden Cir, Unit 31, Orlando, FL 32811",4752 Walden Cir,Unit 31,Orlando,FL,32811,Orange County,28.489468,-81.441661,condo,7035.0,Inactive,109000,2020-09-15T19:27:14.995Z,692,2.0,2.0,1020.0,1988.0,11.599112335481124
"4820-Marks-Ter,-Unit-386B1,-Orlando,-FL-32811","4820 Marks Ter, Unit 386B1, Orlando, FL 32811",4820 Marks Ter,Unit 386B1,Orlando,FL,32811,Orange County,28.496733,-81.443438,condo,7035.0,Inactive,135000,2020-11-21T11:40:54.161Z,626,2.0,2.0,860.0,1988.0,11.813037464800539
"5281-Middle-Ct,-Unit-224,-Orlando,-FL-32811","5281 Middle Ct, Unit 224, Orlando, FL 32811",5281 Middle Ct,Unit 224,Orlando,FL,32811,Orange County,28.498607,-81.451067,condo,7035.0,Inactive,159900,2021-02-11T12:03:40.854Z,544,2.0,2.5,1285.0,1988.0,11.982310152711182
"5468-Eugenia-Ct,-Orlando,-FL-32811","5468 Eugenia Ct, Orlando, FL 32811",5468 Eugenia Ct,,Orlando,FL,32811,Orange County,28.525227,-81.453291,single_family,7035.0,Inactive,150000,2020-12-05T14:19:42.876Z,612,3.0,2.0,950.0,1988.0,11.918397239722838
"4356-S-Kirkman-Rd,-Apt-502,-Orlando,-FL-32811","4356 S Kirkman Rd, Apt 502, Orlando, FL 32811",4356 S Kirkman Rd,Apt 502,Orlando,FL,32811,Orange County,28.497197,-81.461754,condo,7035.0,Inactive,135000,2021-02-11T11:14:38.034Z,544,3.0,2.0,1245.0,1988.0,11.813037464800539
"5416-Bayberry-Homes-Rd,-Orlando,-FL-32811","5416 Bayberry Homes Rd, Orlando, FL 32811",5416 Bayberry Homes Rd,,Orlando,FL,32811,Orange County,28.531095,-81.453668,single_family,7035.0,Inactive,195000,2020-12-12T14:02:13.240Z,605,3.0,2.0,1165.0,1988.0,12.180759965737863
"5560-Metrowest-Blvd,-Apt-107,-Orlando,-FL-32811","5560 Metrowest Blvd, Apt 107, Orlando, FL 32811",5560 Metrowest Blvd,Apt 107,Orlando,FL,32811,Orange County,28.510978,-81.458355,condo,7035.0,Inactive,160000,2020-09-15T21:10:02.826Z,692,2.0,2.0,1159.0,1988.0,11.982935344196433
"1415-Heber-Cir,-Orlando,-FL-32811","1415 Heber Cir, Orlando, FL 32811",1415 Heber Cir,,Orlando,FL,32811,Orange County,28.524573,-81.440312,single_family,7035.0,Inactive,105000,2020-09-21T20:22:00.078Z,686,3.0,1.0,1286.0,1988.0,11.561725152903833
"5109-Cypress-Creek-Dr,-Orlando,-FL-32811","5109 Cypress Creek Dr, Orlando, FL 32811",5109 Cypress Creek Dr,,Orlando,FL,32811,Orange County,28.488045,-81.44962,condo,7035.0,Inactive,186900,2020-12-15T14:25:54.653Z,602,2.0,2.0,1250.0,1988.0,12.138334343884129
"5447-Vineland-Rd,-Apt-1108,-Orlando,-FL-32811","5447 Vineland Rd, Apt 1108, Orlando, FL 32811",5447 Vineland Rd,Apt 1108,Orlando,FL,32811,Orange County,28.484214,-81.450672,condo,7035.0,Inactive,169900,2020-12-14T13:54:38.390Z,603,3.0,2.0,1318.0,1988.0,12.042971193457888
"4039-Gay-Nell-Ct,-Orlando,-FL-32811","4039 Gay Nell Ct, Orlando, FL 32811",4039 Gay Nell Ct,,Orlando,FL,32811,Orange County,28.523141,-81.426833,single_family,7035.0,Inactive,159900,2020-12-21T14:04:17.133Z,596,3.0,2.0,1800.0,1988.0,11.982310152711182
"5262-Brook-Ct,-Unit-233,-Orlando,-FL-32811","5262 Brook Ct, Unit 233, Orlando, FL 32811",5262 Brook Ct,Unit 233,Orlando,FL,32811,Orange County,28.498935,-81.451326,condo,7035.0,Inactive,170000,2021-02-11T12:08:13.424Z,544,2.0,2.5,1285.0,1988.0,12.04355959836804
"5007-Carter-St,-Orlando,-FL-32811","5007 Carter St, Orlando, FL 32811",5007 Carter St,,Orlando,FL,32811,Orange County,28.534506,-81.445893,single_family,7035.0,Inactive,238000,2020-09-30T15:37:37.406Z,678,3.0,2.0,1488.0,1988.0,12.380030154325457
"5301-Jasmine-Creek-Ln,-Unit-1402,-Orlando,-FL-32811","5301 Jasmine Creek Ln, Unit 1402, Orlando, FL 32811",5301 Jasmine Creek Ln,Unit 1402,Orlando,FL,32811,Orange County,28.493918,-81.453028,condo,7035.0,Inactive,156000,2020-09-20T18:52:56.783Z,687,3.0,2.5,1617.0,1988.0,11.957617696467539
"4704-Sutton-Ter,-Unit-110,-Orlando,-FL-32811","4704 Sutton Ter, Unit 110, Orlando, FL 32811",4704 Sutton Ter,Unit 110,Orlando,FL,32811,Orange County,28.496329,-81.439673,condo,7035.0,Inactive,121000,2020-11-20T16:23:44.884Z,626,2.0,1.0,796.0,1988.0,11.703554089007538
"4344-S-Kirkman-Rd,-Apt-608,-Orlando,-FL-32811","4344 S Kirkman Rd, Apt 608, Orlando, FL 32811",4344 S Kirkman Rd,Apt 608,Orlando,FL,32811,Orange County,28.4973459,-81.462093,condo,7035.0,Inactive,174988,2021-02-11T12:09:40.385Z,544,2.0,2.0,1042.0,1988.0,12.0724783937872
"210-Ring-Rd,-Orlando,-FL-32811","210 Ring Rd, Orlando, FL 32811",210 Ring Rd,,Orlando,FL,32811,Orange County,28.538537,-81.451301,single_family,7035.0,Inactive,144900,2021-02-11T11:16:02.586Z,544,2.0,1.0,864.0,1988.0,11.88380602959621
"5358-Elm-Ct,-Unit-345,-Orlando,-FL-32811","5358 Elm Ct, Unit 345, Orlando, FL 32811",5358 Elm Ct,Unit 345,Orlando,FL,32811,Orange County,28.497713,-81.452282,condo,7035.0,Inactive,164900,2021-02-11T12:03:40.859Z,544,2.0,2.5,1285.0,1988.0,12.013100572810686
"4852-Marks-Ter,-Unit-52,-Orlando,-FL-32811","4852 Marks Ter, Unit 52, Orlando, FL 32811",4852 Marks Ter,Unit 52,Orlando,FL,32811,Orange County,28.496666,-81.444028,condo,7035.0,Inactive,155000,2020-09-26T18:12:58.552Z,681,2.0,2.0,934.0,1988.0,11.951186847493476
"5312-Indian-Creek-Dr,-Unit-70,-Orlando,-FL-32811","5312 Indian Creek Dr, Unit 70, Orlando, FL 32811",5312 Indian Creek Dr,Unit 70,Orlando,FL,32811,Orange County,28.492122,-81.452756,condo,7035.0,Inactive,140000,2020-09-15T20:43:54.498Z,692,2.0,2.0,1123.0,1988.0,11.849404844423074
"5356-Burning-Tree-Dr,-Unit-D07-2,-Orlando,-FL-32811","5356 Burning Tree Dr, Unit D07-2, Orlando, FL 32811",5356 Burning Tree Dr,Unit D07-2,Orlando,FL,32811,Orange County,28.491451,-81.452854,condo,7035.0,Inactive,115000,2020-10-07T13:49:10.629Z,671,2.0,2.0,1123.0,1988.0,11.652696102959753
"4764-Walden-Cir,-Unit-25,-Orlando,-FL-32811","4764 Walden Cir, Unit 25, Orlando, FL 32811",4764 Walden Cir,Unit 25,Orlando,FL,32811,Orange County,28.489902,-81.440674,condo,7035.0,Inactive,78000,2020-11-11T11:32:08.404Z,636,1.0,1.0,760.0,1988.0,11.264476926102367
"4772-Walden-Cir,-Unit-11,-Orlando,-FL-32811","4772 Walden Cir, Unit 11, Orlando, FL 32811",4772 Walden Cir,Unit 11,Orlando,FL,32811,Orange County,28.490267,-81.440536,condo,7035.0,Inactive,71990,2020-12-17T10:53:22.763Z,600,1.0,1.0,560.0,1988.0,11.184296390185041
"5474-Pine-Creek-Dr,-Unit-2008,-Orlando,-FL-32811","5474 Pine Creek Dr, Unit 2008, Orlando, FL 32811",5474 Pine Creek Dr,Unit 2008,Orlando,FL,32811,Orange County,28.493304,-81.455233,condo,7035.0,Inactive,119000,2020-10-06T12:29:10.460Z,672,2.0,2.0,1141.0,1988.0,11.686887175419702
"4336-S-Kirkman-Rd,-Unit-7,-Orlando,-FL-32811","4336 S Kirkman Rd, Unit 7, Orlando, FL 32811",4336 S Kirkman Rd,Unit 7,Orlando,FL,32811,Orange County,28.497609,-81.461822,condo,7035.0,Inactive,107500,2020-10-07T13:00:29.018Z,671,1.0,1.0,729.0,1988.0,11.58525542883217
"22-N-Van-Buren-Ave,-Orlando,-FL-32811","22 N Van Buren Ave, Orlando, FL 32811",22 N Van Buren Ave,,Orlando,FL,32811,Orange County,28.54227,-81.457556,single_family,7035.0,Inactive,100000,2020-11-14T11:30:42.446Z,633,1.0,1.0,618.0,1988.0,11.51293546492023
"4756-Walden-Cir,-Unit-32,-Orlando,-FL-32811","4756 Walden Cir, Unit 32, Orlando, FL 32811",4756 Walden Cir,Unit 32,Orlando,FL,32811,Orange County,28.489398,-81.44113,condo,7035.0,Inactive,95900,2020-12-08T10:10:02.733Z,609,2.0,2.0,1020.0,1988.0,11.47107168834584
"4728-Walden-Cir,-Unit-36,-Orlando,-FL-32811","4728 Walden Cir, Unit 36, Orlando, FL 32811",4728 Walden Cir,Unit 36,Orlando,FL,32811,Orange County,28.490559,-81.443922,condo,7035.0,Inactive,89000,2020-12-03T21:42:35.323Z,613,2.0,2.0,1020.0,1988.0,11.39640288460621
"5312-Burning-Tree-Dr,-Unit-B07,-Orlando,-FL-32811","5312 Burning Tree Dr, Unit B07, Orlando, FL 32811",5312 Burning Tree Dr,Unit B07,Orlando,FL,32811,Orange County,28.491652,-81.451974,condo,7035.0,Inactive,89900,2020-12-22T11:08:36.583Z,595,1.0,1.5,926.0,1988.0,11.40646434386837
"4748-Walden-Cir,-Unit-36,-Orlando,-FL-32811","4748 Walden Cir, Unit 36, Orlando, FL 32811",4748 Walden Cir,Unit 36,Orlando,FL,32811,Orange County,28.489658,-81.442495,condo,7035.0,Inactive,69900,2020-10-07T09:58:07.317Z,671,1.0,1.0,696.0,1988.0,11.154835234271214
"4803-Northlawn-Way,-Orlando,-FL-32811","4803 Northlawn Way, Orlando, FL 32811",4803 Northlawn Way,,Orlando,FL,32811,Orange County,28.489691,-81.44909,single_family,7035.0,Inactive,349900,2020-09-22T00:28:41.124Z,686,3.0,2.5,2059.0,1988.0,12.765405536311112
"4903-Creekside-Park-Ave,-Orlando,-FL-32811","4903 Creekside Park Ave, Orlando, FL 32811",4903 Creekside Park Ave,,Orlando,FL,32811,Orange County,28.488856,-81.448714,single_family,7035.0,Inactive,340000,2020-10-21T16:55:31.981Z,656,3.0,2.5,1830.0,1988.0,12.73670383776449
"4891-Creekside-Park-Ave,-Orlando,-FL-32811","4891 Creekside Park Ave, Orlando, FL 32811",4891 Creekside Park Ave,,Orlando,FL,32811,Orange County,28.488938,-81.448797,single_family,7035.0,Inactive,339000,2020-12-04T04:30:52.522Z,613,3.0,2.5,1694.0,1988.0,12.733758336210744
"5001-Northlawn-Way,-Orlando,-FL-32811","5001 Northlawn Way, Orlando, FL 32811",5001 Northlawn Way,,Orlando,FL,32811,Orange County,28.488228,-81.447596,single_family,7035.0,Inactive,335000,2020-09-22T00:23:43.441Z,686,3.0,2.5,2089.0,1988.0,12.721888795877375
"5117-Creekside-Park-Ave,-Orlando,-FL-32811","5117 Creekside Park Ave, Orlando, FL 32811",5117 Creekside Park Ave,,Orlando,FL,32811,Orange County,28.48693,-81.447105,single_family,7035.0,Inactive,299900,2020-09-21T23:37:48.108Z,686,3.0,2.5,1584.0,1988.0,12.611207699176356
"5272-Letha-St,-Orlando,-FL-32811","5272 Letha St, Orlando, FL 32811",5272 Letha St,,Orlando,FL,32811,Orange County,28.524392,-81.449066,single_family,7035.0,Inactive,249900,2020-12-05T15:14:00.756Z,611,5.0,2.5,2303.0,1988.0,12.428820118415677
"5038-Lobelia-Dr,-Orlando,-FL-32811","5038 Lobelia Dr, Orlando, FL 32811",5038 Lobelia Dr,,Orlando,FL,32811,Orange County,28.531965,-81.448194,single_family,7035.0,Inactive,230000,2020-11-25T14:05:28.907Z,621,4.0,2.0,1228.0,1988.0,12.345838935721968
"4408-Gore-St,-Orlando,-FL-32811","4408 Gore St, Orlando, FL 32811",4408 Gore St,,Orlando,FL,32811,Orange County,28.530426,-81.435066,single_family,7035.0,Inactive,229500,2020-10-09T15:03:26.321Z,668,3.0,2.0,1400.0,1988.0,12.343662665771719
"4650-W-Gore-Ave,-Orlando,-FL-32811","4650 W Gore Ave, Orlando, FL 32811",4650 W Gore Ave,,Orlando,FL,32811,Orange County,28.530396,-81.439349,single_family,7035.0,Inactive,224900,2020-12-04T02:56:34.669Z,612,3.0,2.0,1295.0,1988.0,12.323415584358154
"650-Willie-Mays-Pkwy,-Orlando,-FL-32811","650 Willie Mays Pkwy, Orlando, FL 32811",650 Willie Mays Pkwy,,Orlando,FL,32811,Orange County,28.534992,-81.438737,single_family,7035.0,Inactive,220000,2020-09-21T21:20:34.699Z,686,4.0,2.0,1260.0,1988.0,12.301387370778713
"4655-Kozart-St,-Orlando,-FL-32811","4655 Kozart St, Orlando, FL 32811",4655 Kozart St,,Orlando,FL,32811,Orange County,28.525245,-81.43947,single_family,7035.0,Inactive,199900,2020-11-25T13:40:01.184Z,621,4.0,1.5,1104.0,1988.0,12.20557752297723
"4304-S-Kirkman-Rd,-Apt-114,-Orlando,-FL-32811","4304 S Kirkman Rd, Apt 114, Orlando, FL 32811",4304 S Kirkman Rd,Apt 114,Orlando,FL,32811,Orange County,28.49852,-81.460116,condo,7035.0,Inactive,195000,2020-09-20T19:35:01.642Z,687,3.0,2.0,1245.0,1988.0,12.180759965737863
"4871-Walden-Cir,-Unit-28,-Orlando,-FL-32811","4871 Walden Cir, Unit 28, Orlando, FL 32811",4871 Walden Cir,Unit 28,Orlando,FL,32811,Orange County,28.488191,-81.443789,condo,7035.0,Inactive,192500,2020-09-20T19:35:01.636Z,687,2.0,2.5,1228.0,1988.0,12.167856627501678
"4156-Minoso-St,-Orlando,-FL-32811","4156 Minoso St, Orlando, FL 32811",4156 Minoso St,,Orlando,FL,32811,Orange County,28.525807,-81.429428,single_family,7035.0,Inactive,189900,2020-11-08T13:34:20.189Z,638,3.0,2.0,1163.0,1988.0,12.15425816271595
"609-Greys-Ferry-Rd,-Orlando,-FL-32811","609 Greys Ferry Rd, Orlando, FL 32811",609 Greys Ferry Rd,,Orlando,FL,32811,Orange County,28.533692,-81.451958,single_family,7035.0,Inactive,187000,2020-12-05T14:44:14.185Z,611,3.0,2.0,1408.0,1988.0,12.138869243416009
"5305-Pebble-Beach-Dr,-Unit-B,-Orlando,-FL-32811","5305 Pebble Beach Dr, Unit B, Orlando, FL 32811",5305 Pebble Beach Dr,Unit B,Orlando,FL,32811,Orange County,28.493204,-81.452941,condo,7035.0,Inactive,184900,2020-11-18T14:29:53.757Z,628,3.0,3.0,1834.0,1988.0,12.127575825689417
"4093-Columbia-St,-Orlando,-FL-32811","4093 Columbia St, Orlando, FL 32811",4093 Columbia St,,Orlando,FL,32811,Orange County,28.527282,-81.427985,single_family,7035.0,Inactive,179900,2020-09-20T19:15:57.162Z,687,3.0,2.0,1608.0,1988.0,12.100161978566867
"4603-Gate-Pl,-Unit-201,-Orlando,-FL-32811","4603 Gate Pl, Unit 201, Orlando, FL 32811",4603 Gate Pl,Unit 201,Orlando,FL,32811,Orange County,28.49498,-81.441859,condo,7035.0,Inactive,179000,2020-10-30T12:19:22.389Z,647,3.0,2.0,1263.0,1988.0,12.095146671399466
"5278-Coral-Ct,-Unit-616,-Orlando,-FL-32811","5278 Coral Ct, Unit 616, Orlando, FL 32811",5278 Coral Ct,Unit 616,Orlando,FL,32811,Orange County,28.49623,-81.449482,condo,7035.0,Inactive,174500,2020-09-20T18:53:00.820Z,687,2.0,2.5,1285.0,1988.0,12.069685751267224
"5224-Cypress-Creek-Dr,-Unit-106,-Orlando,-FL-32811","5224 Cypress Creek Dr, Unit 106, Orlando, FL 32811",5224 Cypress Creek Dr,Unit 106,Orlando,FL,32811,Orange County,28.485405,-81.448651,condo,7035.0,Inactive,169000,2020-11-24T13:51:01.279Z,622,2.0,2.0,1022.0,1988.0,12.037659911047468
"4507-Brooke-St,-Orlando,-FL-32811","4507 Brooke St, Orlando, FL 32811",4507 Brooke St,,Orlando,FL,32811,Orange County,28.518071,-81.436593,single_family,7035.0,Inactive,168000,2020-12-21T14:04:17.136Z,595,3.0,1.0,896.0,1988.0,12.031725210748633
"4746-Chevy-Pl,-Unit-161A2,-Orlando,-FL-32811","4746 Chevy Pl, Unit 161A2, Orlando, FL 32811",4746 Chevy Pl,Unit 161A2,Orlando,FL,32811,Orange County,28.495793,-81.440699,condo,7035.0,Inactive,167400,2020-09-15T21:47:22.432Z,692,2.0,1.0,876.0,1988.0,12.02814741073532
"5447-Vineland-Rd,-Apt-1202,-Orlando,-FL-32811","5447 Vineland Rd, Apt 1202, Orlando, FL 32811",5447 Vineland Rd,Apt 1202,Orlando,FL,32811,Orange County,28.484214,-81.450672,condo,7035.0,Inactive,159000,2020-09-15T21:47:22.437Z,692,2.0,2.0,1142.0,1988.0,11.976665770490767
"5343-Bamboo-Ct,-Unit-419,-Orlando,-FL-32811","5343 Bamboo Ct, Unit 419, Orlando, FL 32811",5343 Bamboo Ct,Unit 419,Orlando,FL,32811,Orange County,28.496773,-81.451969,condo,7035.0,Inactive,159900,2020-12-22T12:58:46.274Z,594,2.0,2.5,1285.0,1988.0,11.982310152711182
"4897-Cypress-Woods-Dr,-Apt-6307,-Orlando,-FL-32811","4897 Cypress Woods Dr, Apt 6307, Orlando, FL 32811",4897 Cypress Woods Dr,Apt 6307,Orlando,FL,32811,Orange County,28.492574,-81.4513,condo,7035.0,Inactive,154000,2020-09-15T21:47:22.424Z,692,2.0,2.0,1186.0,1988.0,11.944714374881176
"5483-Vineland-Rd,-Apt-10303,-Orlando,-FL-32811","5483 Vineland Rd, Apt 10303, Orlando, FL 32811",5483 Vineland Rd,Apt 10303,Orlando,FL,32811,Orange County,28.48373,-81.45118,condo,7035.0,Inactive,149900,2020-11-07T12:26:19.255Z,639,2.0,2.0,1142.0,1988.0,11.917730355182513
"4726-Chevy-Pl,-Unit-170C,-Orlando,-FL-32811","4726 Chevy Pl, Unit 170C, Orlando, FL 32811",4726 Chevy Pl,Unit 170C,Orlando,FL,32811,Orange County,28.495532,-81.44027,condo,7035.0,Inactive,148000,2020-09-15T20:14:56.124Z,692,2.0,2.0,1011.0,1988.0,11.904974309480183
"5467-Vineland-Rd,-Apt-6209,-Orlando,-FL-32811","5467 Vineland Rd, Apt 6209, Orlando, FL 32811",5467 Vineland Rd,Apt 6209,Orlando,FL,32811,Orange County,28.485498,-81.452508,condo,7035.0,Inactive,148000,2020-12-21T14:01:34.642Z,595,2.0,2.0,1043.0,1988.0,11.904974309480183
"4225-Clarinda-St,-Orlando,-FL-32811","4225 Clarinda St, Orlando, FL 32811",4225 Clarinda St,,Orlando,FL,32811,Orange County,28.543326,-81.431115,single_family,7035.0,Inactive,145000,2020-09-15T20:43:54.491Z,692,3.0,2.0,1214.0,1988.0,11.884495917930655
"5163-Vineland-Rd,-Unit-110,-Orlando,-FL-32811","5163 Vineland Rd, Unit 110, Orlando, FL 32811",5163 Vineland Rd,Unit 110,Orlando,FL,32811,Orange County,28.484314,-81.446584,condo,7035.0,Inactive,142900,2020-09-15T20:14:56.112Z,692,2.0,2.0,1048.0,1988.0,11.869907361794104
"5536-Metrowest-Blvd,-Apt-211,-Orlando,-FL-32811","5536 Metrowest Blvd, Apt 211, Orlando, FL 32811",5536 Metrowest Blvd,Apt 211,Orlando,FL,32811,Orange County,28.511856,-81.456002,condo,7035.0,Inactive,139900,2020-11-11T15:18:24.363Z,635,2.0,2.0,1073.0,1988.0,11.848690308590857
"5168-Conroy-Rd,-Unit-24,-Orlando,-FL-32811","5168 Conroy Rd, Unit 24, Orlando, FL 32811",5168 Conroy Rd,Unit 24,Orlando,FL,32811,Orange County,28.494858,-81.446538,condo,7035.0,Inactive,132900,2020-09-15T19:45:41.614Z,692,2.0,1.0,919.0,1988.0,11.797359769127505
"5467-Vineland-Rd,-Apt-6211,-Orlando,-FL-32811","5467 Vineland Rd, Apt 6211, Orlando, FL 32811",5467 Vineland Rd,Apt 6211,Orlando,FL,32811,Orange County,28.485498,-81.452508,condo,7035.0,Inactive,132500,2020-11-12T13:33:26.254Z,634,1.0,1.0,734.0,1988.0,11.794345471549745
"5112-Conroy-Rd,-Unit-22,-Orlando,-FL-32811","5112 Conroy Rd, Unit 22, Orlando, FL 32811",5112 Conroy Rd,Unit 22,Orlando,FL,32811,Orange County,28.495773,-81.447098,condo,7035.0,Inactive,128500,2020-10-23T13:00:21.709Z,654,2.0,2.0,988.0,1988.0,11.763691965388299
"4320-S-Kirkman-Rd,-Apt-1510,-Orlando,-FL-32811","4320 S Kirkman Rd, Apt 1510, Orlando, FL 32811",4320 S Kirkman Rd,Apt 1510,Orlando,FL,32811,Orange County,28.498433,-81.459103,condo,7035.0,Inactive,125900,2020-09-30T12:23:49.296Z,677,2.0,2.0,1042.0,1988.0,11.74325116281265
"5470-Pine-Creek-Dr,-Unit-2006,-Orlando,-FL-32811","5470 Pine Creek Dr, Unit 2006, Orlando, FL 32811",5470 Pine Creek Dr,Unit 2006,Orlando,FL,32811,Orange County,28.493304,-81.455233,condo,7035.0,Inactive,117500,2020-12-13T12:26:35.488Z,603,2.0,2.0,1141.0,1988.0,11.674202123168433
"5148-Conroy-Rd,-Unit-1235,-Orlando,-FL-32811","5148 Conroy Rd, Unit 1235, Orlando, FL 32811",5148 Conroy Rd,Unit 1235,Orlando,FL,32811,Orange County,28.493067,-81.445846,condo,7035.0,Inactive,109000,2020-09-15T19:16:09.135Z,692,1.0,1.0,711.0,1988.0,11.599112335481124
"4708-Walden-Cir,-Apt-1811,-Orlando,-FL-32811","4708 Walden Cir, Apt 1811, Orlando, FL 32811",4708 Walden Cir,Apt 1811,Orlando,FL,32811,Orange County,28.490583,-81.441826,condo,7035.0,Inactive,99999,2020-09-15T18:37:16.897Z,692,2.0,2.0,956.0,1988.0,11.512925464970229
"4732-Walden-Cir,-Apt-1216,-Orlando,-FL-32811","4732 Walden Cir, Apt 1216, Orlando, FL 32811",4732 Walden Cir,Apt 1216,Orlando,FL,32811,Orange County,28.490165,-81.444122,condo,7035.0,Inactive,99999,2020-09-15T18:37:16.778Z,692,2.0,2.0,956.0,1988.0,11.512925464970229
"4712-Walden-Cir,-Apt-1714,-Orlando,-FL-32811","4712 Walden Cir, Apt 1714, Orlando, FL 32811",4712 Walden Cir,Apt 1714,Orlando,FL,32811,Orange County,28.490593,-81.442701,condo,7035.0,Inactive,79999,2020-10-07T09:58:07.323Z,670,1.0,1.0,560.0,1988.0,11.289781913656018
"5116-Conroy-Rd,-Unit-23,-Orlando,-FL-32811","5116 Conroy Rd, Unit 23, Orlando, FL 32811",5116 Conroy Rd,Unit 23,Orlando,FL,32811,Orange County,28.49548,-81.446686,condo,7035.0,Inactive,104999,2020-12-05T12:40:14.840Z,611,1.0,1.0,711.0,1988.0,11.56171562913966
"5051-Luna-Negra-Dr,-Orlando,-FL-32811","5051 Luna Negra Dr, Orlando, FL 32811",5051 Luna Negra Dr,,Orlando,FL,32811,Orange County,28.533868,-81.447158,single_family,7035.0,Inactive,209500,2020-09-21T20:55:18.730Z,686,3.0,2.5,1476.0,1988.0,12.252483791602627
"5444-Lescot-Ln,-Orlando,-FL-32811","5444 Lescot Ln, Orlando, FL 32811",5444 Lescot Ln,,Orlando,FL,32811,Orange County,28.523256,-81.453316,single_family,7035.0,Inactive,189000,2020-11-11T16:35:34.850Z,635,4.0,2.0,1353.0,1988.0,12.149507585033072
"5306-Cypress-Creek-Dr,-Unit-206,-Orlando,-FL-32811","5306 Cypress Creek Dr, Unit 206, Orlando, FL 32811",5306 Cypress Creek Dr,Unit 206,Orlando,FL,32811,Orange County,28.484937,-81.448546,condo,7035.0,Inactive,138500,2020-11-01T14:45:03.865Z,645,2.0,2.0,999.0,1988.0,11.83863282480007
"4817-Southlawn-Ave,-Orlando,-FL-32811","4817 Southlawn Ave, Orlando, FL 32811",4817 Southlawn Ave,,Orlando,FL,32811,Orange County,28.488914,-81.449588,single_family,7035.0,Inactive,379000,2020-11-21T16:20:48.548Z,625,4.0,3.0,2357.0,1988.0,12.84529412258351
"4772-Silver-Birch-Way,-Orlando,-FL-32811","4772 Silver Birch Way, Orlando, FL 32811",4772 Silver Birch Way,,Orlando,FL,32811,Orange County,28.48989,-81.448527,single_family,7035.0,Inactive,315000,2020-09-21T23:52:12.990Z,685,3.0,2.5,1601.0,1988.0,12.660331092405906
"4283-Pappy-Kennedy-St,-Orlando,-FL-32811","4283 Pappy Kennedy St, Orlando, FL 32811",4283 Pappy Kennedy St,,Orlando,FL,32811,Orange County,28.524499,-81.431811,single_family,7035.0,Inactive,189900,2020-11-18T14:29:53.754Z,628,3.0,2.0,1660.0,1988.0,12.15425816271595
"5222-Cypress-Creek-Dr,-Unit-107,-Orlando,-FL-32811","5222 Cypress Creek Dr, Unit 107, Orlando, FL 32811",5222 Cypress Creek Dr,Unit 107,Orlando,FL,32811,Orange County,28.485405,-81.448651,condo,7035.0,Inactive,185000,2020-09-20T19:16:03.701Z,687,2.0,2.5,1190.0,1988.0,12.128116509451258
"5155-Cypress-Creek-Dr,-Orlando,-FL-32811","5155 Cypress Creek Dr, Orlando, FL 32811",5155 Cypress Creek Dr,,Orlando,FL,32811,Orange County,28.48707,-81.448613,condo,7035.0,Inactive,180000,2020-09-20T19:15:57.251Z,687,2.0,2.0,1250.0,1988.0,12.100717685412471
"5132-Conroy-Rd,-Unit-21,-Orlando,-FL-32811","5132 Conroy Rd, Unit 21, Orlando, FL 32811",5132 Conroy Rd,Unit 21,Orlando,FL,32811,Orange County,28.494172,-81.445552,condo,7035.0,Inactive,160000,2020-10-19T13:46:37.717Z,658,3.0,2.0,1237.0,1988.0,11.982935344196433
"4710-Sutton-Ter,-Unit-112C1,-Orlando,-FL-32811","4710 Sutton Ter, Unit 112C1, Orlando, FL 32811",4710 Sutton Ter,Unit 112C1,Orlando,FL,32811,Orange County,28.496329,-81.439673,condo,7035.0,Inactive,149900,2020-09-15T20:43:54.501Z,692,2.0,2.0,934.0,1988.0,11.917730355182513
"5132-Conroy-Rd,-Unit-22,-Orlando,-FL-32811","5132 Conroy Rd, Unit 22, Orlando, FL 32811",5132 Conroy Rd,Unit 22,Orlando,FL,32811,Orange County,28.494172,-81.445552,condo,7035.0,Inactive,139999,2020-09-15T20:14:56.116Z,692,3.0,2.0,1237.0,1988.0,11.84939770159144
"4327-Pinebark-Ave,-Unit-3,-Orlando,-FL-32811","4327 Pinebark Ave, Unit 3, Orlando, FL 32811",4327 Pinebark Ave,Unit 3,Orlando,FL,32811,Orange County,28.499543,-81.456818,condo,7035.0,Inactive,132000,2020-10-03T13:05:28.726Z,674,2.0,2.0,932.0,1988.0,11.790564777297387
"4414-Gore-St,-Orlando,-FL-32811","4414 Gore St, Orlando, FL 32811",4414 Gore St,,Orlando,FL,32811,Orange County,28.530541,-81.434808,single_family,7035.0,Inactive,229500,2020-10-09T15:03:26.320Z,668,3.0,2.0,1400.0,1988.0,12.343662665771719
"4715-Chevy-Pl,-Unit-135B2,-Orlando,-FL-32811","4715 Chevy Pl, Unit 135B2, Orlando, FL 32811",4715 Chevy Pl,Unit 135B2,Orlando,FL,32811,Orange County,28.496108,-81.439861,condo,7035.0,Inactive,150000,2020-10-19T13:08:07.260Z,658,2.0,2.0,1072.0,1988.0,11.918397239722838
"5350-Bamboo-Ct,-Unit-472,-Orlando,-FL-32811","5350 Bamboo Ct, Unit 472, Orlando, FL 32811",5350 Bamboo Ct,Unit 472,Orlando,FL,32811,Orange County,28.496398,-81.451989,condo,7035.0,Inactive,145000,2020-11-01T14:49:52.779Z,645,2.0,2.5,1285.0,1988.0,11.884495917930655
"4704-Walden-Cir,-Unit-26,-Orlando,-FL-32811","4704 Walden Cir, Unit 26, Orlando, FL 32811",4704 Walden Cir,Unit 26,Orlando,FL,32811,Orange County,28.490642,-81.441408,condo,7035.0,Inactive,74900,2020-09-30T11:03:23.434Z,677,1.0,1.0,560.0,1988.0,11.223922520551032
"5123-Northlawn-Way,-Orlando,-FL-32811","5123 Northlawn Way, Orlando, FL 32811",5123 Northlawn Way,,Orlando,FL,32811,Orange County,28.487163,-81.446798,single_family,7035.0,Inactive,359000,2020-11-19T17:06:40.944Z,627,4.0,2.5,2296.0,1988.0,12.791080452981857
"5441-Wood-Crossing-St,-Orlando,-FL-32811","5441 Wood Crossing St, Orlando, FL 32811",5441 Wood Crossing St,,Orlando,FL,32811,Orange County,28.533224,-81.453186,single_family,7035.0,Inactive,198900,2020-09-23T17:35:45.345Z,684,4.0,2.0,1356.0,1988.0,12.200562492481511
"4430-Lenox-Blvd,-Orlando,-FL-32811","4430 Lenox Blvd, Orlando, FL 32811",4430 Lenox Blvd,,Orlando,FL,32811,Orange County,28.528473,-81.435732,single_family,7035.0,Inactive,189500,2020-09-20T19:35:01.640Z,687,4.0,2.0,1584.0,1988.0,12.15214958053555
"4756-Walden-Cir,-Apt-637,-Orlando,-FL-32811","4756 Walden Cir, Apt 637, Orlando, FL 32811",4756 Walden Cir,Apt 637,Orlando,FL,32811,Orange County,28.489319,-81.441198,,7035.0,Inactive,94499,2020-10-10T12:55:22.077Z,667,2.0,2.0,956.0,1988.0,11.456355113481834
"5120-Conroy-Rd,-Unit-15,-Orlando,-FL-32811","5120 Conroy Rd, Unit 15, Orlando, FL 32811",5120 Conroy Rd,Unit 15,Orlando,FL,32811,Orange County,28.495161,-81.446218,condo,7035.0,Inactive,106000,2020-11-08T11:51:28.010Z,638,1.0,1.0,711.0,1988.0,11.571203807011969
"630-Grandiflora-Dr,-Orlando,-FL-32811","630 Grandiflora Dr, Orlando, FL 32811",630 Grandiflora Dr,,Orlando,FL,32811,Orange County,28.533237,-81.451651,single_family,7035.0,Inactive,195000,2020-10-22T13:36:45.630Z,655,4.0,2.0,1408.0,1988.0,12.180759965737863
"4844-Pebble-Beach-Dr,-Unit-A,-Orlando,-FL-32811","4844 Pebble Beach Dr, Unit A, Orlando, FL 32811",4844 Pebble Beach Dr,Unit A,Orlando,FL,32811,Orange County,28.492831,-81.453482,condo,7035.0,Inactive,180000,2020-09-20T19:15:57.251Z,687,2.0,2.5,1529.0,1988.0,12.100717685412471
"2677-Ravenall-Ave,-Orlando,-FL-32811","2677 Ravenall Ave, Orlando, FL 32811",2677 Ravenall Ave,,Orlando,FL,32811,Orange County,28.51354,-81.438968,single_family,7035.0,Inactive,152900,2020-10-09T14:16:49.559Z,668,4.0,1.5,1344.0,1988.0,11.937545932118134
"4881-Cypress-Woods-Dr,-Apt-3206,-Orlando,-FL-32811","4881 Cypress Woods Dr, Apt 3206, Orlando, FL 32811",4881 Cypress Woods Dr,Apt 3206,Orlando,FL,32811,Orange County,28.493626,-81.451883,condo,7035.0,Inactive,175000,2020-10-21T15:14:45.880Z,656,3.0,2.0,1351.0,1988.0,12.07254696717504
"5144-Conroy-Rd,-Unit-18,-Orlando,-FL-32811","5144 Conroy Rd, Unit 18, Orlando, FL 32811",5144 Conroy Rd,Unit 18,Orlando,FL,32811,Orange County,28.493518,-81.445109,condo,7035.0,Inactive,145000,2020-09-15T20:14:56.121Z,692,3.0,2.0,1237.0,1988.0,11.884495917930655
"5102-Lanette-St,-Orlando,-FL-32811","5102 Lanette St, Orlando, FL 32811",5102 Lanette St,,Orlando,FL,32811,Orange County,28.527077,-81.446856,single_family,7035.0,Inactive,99000,2020-09-15T19:16:09.128Z,692,2.0,1.5,864.0,1988.0,11.502885230075814
"632-Oakford-Way,-Orlando,-FL-32811","632 Oakford Way, Orlando, FL 32811",632 Oakford Way,,Orlando,FL,32811,Orange County,28.532943,-81.454413,single_family,7035.0,Inactive,180000,2020-09-20T19:15:57.164Z,687,4.0,2.0,1438.0,1988.0,12.100717685412471
"937-Amaros-Ave,-Orlando,-FL-32811","937 Amaros Ave, Orlando, FL 32811",937 Amaros Ave,,Orlando,FL,32811,Orange County,28.529358,-81.429991,single_family,7035.0,Inactive,172900,2020-09-20T19:15:57.232Z,687,3.0,2.0,1130.0,1988.0,12.06047445534465
"4671-Pembrook-Pl,-Unit-101,-Orlando,-FL-32811","4671 Pembrook Pl, Unit 101, Orlando, FL 32811",4671 Pembrook Pl,Unit 101,Orlando,FL,32811,Orange County,28.494347,-81.440926,condo,7035.0,Inactive,165000,2020-09-15T21:47:22.424Z,692,3.0,2.5,1263.0,1988.0,12.013706813470414
"5358-Burning-Tree-Dr,-Unit-D,-Orlando,-FL-32811","5358 Burning Tree Dr, Unit D, Orlando, FL 32811",5358 Burning Tree Dr,Unit D,Orlando,FL,32811,Orange County,28.491463,-81.452903,condo,7035.0,Inactive,115000,2020-09-25T12:55:48.470Z,682,2.0,2.0,1123.0,1988.0,11.652696102959753
"2190-Patterson-Ave,-Orlando,-FL-32811","2190 Patterson Ave, Orlando, FL 32811",2190 Patterson Ave,,Orlando,FL,32811,Orange County,28.517237,-81.433306,single_family,7035.0,Inactive,179900,2020-09-20T19:15:57.138Z,687,3.0,1.0,1068.0,1988.0,12.100161978566867
"4603-Gate-Pl,-Unit-H,-Orlando,-FL-32811","4603 Gate Pl, Unit H, Orlando, FL 32811",4603 Gate Pl,Unit H,Orlando,FL,32811,Orange County,28.49498,-81.441859,condo,7035.0,Inactive,179000,2020-11-25T13:28:13.716Z,621,3.0,2.0,1263.0,1988.0,12.095146671399466
"5475-Vineland-Rd,-Apt-8213,-Orlando,-FL-32811","5475 Vineland Rd, Apt 8213, Orlando, FL 32811",5475 Vineland Rd,Apt 8213,Orlando,FL,32811,Orange County,28.484714,-81.452122,condo,7035.0,Inactive,172900,2020-09-20T18:53:00.815Z,687,3.0,2.0,1232.0,1988.0,12.06047445534465
"4106-Raleigh-St,-Orlando,-FL-32811","4106 Raleigh St, Orlando, FL 32811",4106 Raleigh St,,Orlando,FL,32811,Orange County,28.527641,-81.428499,single_family,7035.0,Inactive,165000,2020-10-05T14:19:29.784Z,672,3.0,2.0,1110.0,1988.0,12.013706813470414
"4503-Carter-St,-Orlando,-FL-32811","4503 Carter St, Orlando, FL 32811",4503 Carter St,,Orlando,FL,32811,Orange County,28.534635,-81.436707,single_family,7035.0,Inactive,164900,2020-09-15T21:47:22.422Z,692,3.0,2.0,1200.0,1988.0,12.013100572810686
"4324-S-Kirkman-Rd,-Apt-1106,-Orlando,-FL-32811","4324 S Kirkman Rd, Apt 1106, Orlando, FL 32811",4324 S Kirkman Rd,Apt 1106,Orlando,FL,32811,Orange County,28.498496,-81.461745,condo,7035.0,Inactive,159000,2020-09-15T21:10:02.822Z,692,2.0,2.0,1042.0,1988.0,11.976665770490767
"3349-S-Kirkman-Rd,-Apt-1516,-Orlando,-FL-32811","3349 S Kirkman Rd, Apt 1516, Orlando, FL 32811",3349 S Kirkman Rd,Apt 1516,Orlando,FL,32811,Orange County,28.506716,-81.457613,condo,7035.0,Inactive,155000,2020-10-25T14:16:31.496Z,652,2.0,2.0,1212.0,1988.0,11.951186847493476
"3325-S-Kirkman-Rd,-Apt-422,-Orlando,-FL-32811","3325 S Kirkman Rd, Apt 422, Orlando, FL 32811",3325 S Kirkman Rd,Apt 422,Orlando,FL,32811,Orange County,28.508028,-81.457119,condo,7035.0,Inactive,139500,2020-09-15T19:45:41.624Z,692,2.0,2.0,1212.0,1988.0,11.845827048676645
"4752-Walden-Cir,-Unit-26,-Orlando,-FL-32811","4752 Walden Cir, Unit 26, Orlando, FL 32811",4752 Walden Cir,Unit 26,Orlando,FL,32811,Orange County,28.489468,-81.441661,condo,7035.0,Inactive,76000,2020-11-19T10:13:02.822Z,627,1.0,1.0,696.0,1988.0,11.23850177707664
"638-Sago-Ln,-Orlando,-FL-32811","638 Sago Ln, Orlando, FL 32811",638 Sago Ln,,Orlando,FL,32811,Orange County,28.533031,-81.450979,single_family,7035.0,Inactive,197900,2020-10-15T16:23:56.880Z,662,3.0,2.0,1170.0,1988.0,12.19552218463499
"5572-Metrowest-Blvd,-Apt-211,-Orlando,-FL-32811","5572 Metrowest Blvd, Apt 211, Orlando, FL 32811",5572 Metrowest Blvd,Apt 211,Orlando,FL,32811,Orange County,28.511786,-81.457321,condo,7035.0,Inactive,139000,2020-10-29T11:55:39.435Z,648,2.0,2.0,1073.0,1988.0,11.842236406331555
"5100-Conroy-Rd,-Unit-123,-Orlando,-FL-32811","5100 Conroy Rd, Unit 123, Orlando, FL 32811",5100 Conroy Rd,Unit 123,Orlando,FL,32811,Orange County,28.496006,-81.447661,condo,7035.0,Inactive,109995,2020-10-07T12:53:25.906Z,670,1.0,1.0,711.0,1988.0,11.608199280477017
"5132-Conroy-Rd,-Unit-18,-Orlando,-FL-32811","5132 Conroy Rd, Unit 18, Orlando, FL 32811",5132 Conroy Rd,Unit 18,Orlando,FL,32811,Orange County,28.494172,-81.445552,condo,7035.0,Inactive,139850,2020-09-15T20:43:54.474Z,692,3.0,2.0,1237.0,1988.0,11.848332849122954
"5623-Blue-Shadows-Ct,-Unit-66-1,-Orlando,-FL-32811","5623 Blue Shadows Ct, Unit 66-1, Orlando, FL 32811",5623 Blue Shadows Ct,Unit 66-1,Orlando,FL,32811,Orange County,28.498535,-81.457544,condo,7035.0,Inactive,119900,2020-10-07T13:00:29.025Z,670,2.0,2.0,963.0,1988.0,11.694421681264394
"5447-Vineland-Rd,-Apt-1110,-Orlando,-FL-32811","5447 Vineland Rd, Apt 1110, Orlando, FL 32811",5447 Vineland Rd,Apt 1110,Orlando,FL,32811,Orange County,28.484214,-81.450672,condo,7035.0,Inactive,134990,2020-09-15T19:45:41.623Z,692,1.0,1.0,734.0,1988.0,11.812963388531578
"5475-Vineland-Rd,-Apt-8310,-Orlando,-FL-32811","5475 Vineland Rd, Apt 8310, Orlando, FL 32811",5475 Vineland Rd,Apt 8310,Orlando,FL,32811,Orange County,28.484714,-81.452122,condo,7035.0,Inactive,125000,2020-10-07T13:17:29.627Z,670,1.0,1.0,734.0,1988.0,11.736077016252437
"4704-Walden-Cir,-Unit-28,-Orlando,-FL-32811","4704 Walden Cir, Unit 28, Orlando, FL 32811",4704 Walden Cir,Unit 28,Orlando,FL,32811,Orange County,28.490642,-81.441408,condo,7035.0,Inactive,99900,2020-10-13T11:08:27.191Z,664,2.0,2.0,956.0,1988.0,11.511934974596555
"4740-Walden-Cir,-Unit-16,-Orlando,-FL-32811","4740 Walden Cir, Unit 16, Orlando, FL 32811",4740 Walden Cir,Unit 16,Orlando,FL,32811,Orange County,28.48984,-81.443302,condo,7035.0,Inactive,68900,2020-10-10T11:39:41.001Z,667,1.0,1.0,696.0,1988.0,11.140425970684525
"4659-Cason-Cove-Dr,-Apt-3011,-Orlando,-FL-32811","4659 Cason Cove Dr, Apt 3011, Orlando, FL 32811",4659 Cason Cove Dr,Apt 3011,Orlando,FL,32811,Orange County,28.498625,-81.438847,condo,7035.0,Inactive,120000,2020-09-15T19:27:14.975Z,692,1.0,1.0,700.0,1988.0,11.695255355062795
"4659-Cason-Cove-Dr,-Apt-3017,-Orlando,-FL-32811","4659 Cason Cove Dr, Apt 3017, Orlando, FL 32811",4659 Cason Cove Dr,Apt 3017,Orlando,FL,32811,Orange County,28.498625,-81.438847,condo,7035.0,Inactive,109990,2020-09-15T16:30:11.069Z,692,1.0,1.0,700.0,1988.0,11.608153823245445
"1035-Florida-Holly-Dr,-Orlando,-FL-32811","1035 Florida Holly Dr, Orlando, FL 32811",1035 Florida Holly Dr,,Orlando,FL,32811,Orange County,28.528739,-81.450488,single_family,7035.0,Inactive,179900,2020-09-20T19:15:57.163Z,687,2.0,2.0,902.0,1988.0,12.100161978566867
"4728-Walden-Cir,-Unit-21,-Orlando,-FL-32811","4728 Walden Cir, Unit 21, Orlando, FL 32811",4728 Walden Cir,Unit 21,Orlando,FL,32811,Orange County,28.490559,-81.443922,condo,7035.0,Inactive,108000,2020-10-22T10:56:41.459Z,655,3.0,2.0,1111.0,1988.0,11.58989576532275
"1012-Cranberry-Dr,-Orlando,-FL-32811","1012 Cranberry Dr, Orlando, FL 32811",1012 Cranberry Dr,,Orlando,FL,32811,Orange County,28.529318,-81.451589,single_family,7035.0,Inactive,165000,2020-09-15T21:47:22.431Z,692,3.0,2.0,1050.0,1988.0,12.013706813470414
"166-N-Mckinley-St,-Unit-44,-Orlando,-FL-32811","166 N Mckinley St, Unit 44, Orlando, FL 32811",166 N Mckinley St,Unit 44,Orlando,FL,32811,Orange County,28.543187,-81.454906,,7035.0,Inactive,49900,2020-09-15T10:36:05.424Z,692,2.0,2.0,960.0,1988.0,10.817796321618971
"5144-Conroy-Rd,-Unit-25,-Orlando,-FL-32811","5144 Conroy Rd, Unit 25, Orlando, FL 32811",5144 Conroy Rd,Unit 25,Orlando,FL,32811,Orange County,28.493518,-81.445109,condo,7035.0,Inactive,130000,2020-09-15T19:45:41.622Z,692,2.0,2.0,1028.0,1988.0,11.775297421715827
"5134-Cypress-Creek-Dr,-Unit-2,-Orlando,-FL-32811","5134 Cypress Creek Dr, Unit 2, Orlando, FL 32811",5134 Cypress Creek Dr,Unit 2,Orlando,FL,32811,Orange County,28.487238,-81.449617,condo,7035.0,Inactive,185500,2020-09-20T19:16:03.705Z,687,2.0,2.0,1250.0,1988.0,12.130815551850676
"1229-Lescot-Ln,-Orlando,-FL-32811","1229 Lescot Ln, Orlando, FL 32811",1229 Lescot Ln,,Orlando,FL,32811,Orange County,28.526197,-81.443572,single_family,7035.0,Inactive,179000,2020-09-24T16:45:56.771Z,683,4.0,2.0,1204.0,1988.0,12.095146671399466
"4603-Gate-Pl,-Unit-3,-Orlando,-FL-32811","4603 Gate Pl, Unit 3, Orlando, FL 32811",4603 Gate Pl,Unit 3,Orlando,FL,32811,Orange County,28.49498,-81.441858,condo,7035.0,Inactive,175000,2020-11-07T12:48:34.438Z,639,3.0,2.0,1263.0,1988.0,12.07254696717504
"306-Ronnie-Cir,-Orlando,-FL-32811","306 Ronnie Cir, Orlando, FL 32811",306 Ronnie Cir,,Orlando,FL,32811,Orange County,28.545161,-81.451702,single_family,7035.0,Inactive,189900,2020-09-20T19:16:03.708Z,687,3.0,2.0,1000.0,1988.0,12.15425816271595
"5560-Metrowest-Blvd,-Unit-3-302,-Orlando,-FL-32811","5560 Metrowest Blvd, Unit 3-302, Orlando, FL 32811",5560 Metrowest Blvd,Unit 3-302,Orlando,FL,32811,Orange County,28.510979,-81.458351,condo,7035.0,Inactive,144900,2020-09-30T12:48:08.958Z,677,2.0,2.0,1073.0,1988.0,11.88380602959621
"5368-Elm-Ct,-Unit-354,-Orlando,-FL-32811","5368 Elm Ct, Unit 354, Orlando, FL 32811",5368 Elm Ct,Unit 354,Orlando,FL,32811,Orange County,28.497482,-81.45254,condo,7035.0,Inactive,163333,2020-10-10T14:52:34.470Z,667,2.0,2.5,1285.0,1988.0,12.003552463043023
"4316-S-Kirkman-Rd,-Apt-1603,-Orlando,-FL-32811","4316 S Kirkman Rd, Apt 1603, Orlando, FL 32811",4316 S Kirkman Rd,Apt 1603,Orlando,FL,32811,Orange County,28.499048,-81.460969,condo,7035.0,Inactive,102000,2020-09-15T18:37:16.798Z,692,1.0,1.0,729.0,1988.0,11.532737896139919
"5168-Conroy-Rd,-Unit-27,-Orlando,-FL-32811","5168 Conroy Rd, Unit 27, Orlando, FL 32811",5168 Conroy Rd,Unit 27,Orlando,FL,32811,Orange County,28.494858,-81.446538,condo,7035.0,Inactive,134777,2020-09-15T19:45:41.616Z,692,2.0,1.0,919.0,1988.0,11.811384259393225
"4615-Cason-Dr,-Unit-821,-Orlando,-FL-32811","4615 Cason Dr, Unit 821, Orlando, FL 32811",4615 Cason Dr,Unit 821,Orlando,FL,32811,Orange County,28.496938,-81.436585,condo,7035.0,Inactive,95000,2020-09-15T18:37:16.798Z,692,1.0,1.0,601.0,1988.0,11.461642696843066
"5089-Southlawn-Ave,-Orlando,-FL-32811","5089 Southlawn Ave, Orlando, FL 32811",5089 Southlawn Ave,,Orlando,FL,32811,Orange County,28.486899,-81.451014,single_family,7035.0,Inactive,370900,2020-09-22T00:55:42.187Z,685,4.0,2.5,2936.0,1988.0,12.823690459618561
"4906-Millennia-Park-Dr,-Orlando,-FL-32811","4906 Millennia Park Dr, Orlando, FL 32811",4906 Millennia Park Dr,,Orlando,FL,32811,Orange County,28.489036,-81.448419,single_family,7035.0,Inactive,339000,2020-09-22T00:23:43.441Z,685,4.0,2.5,2275.0,1988.0,12.733758336210744
"4836-Pebble-Beach-Dr,-Unit-B,-Orlando,-FL-32811","4836 Pebble Beach Dr, Unit B, Orlando, FL 32811",4836 Pebble Beach Dr,Unit B,Orlando,FL,32811,Orange County,28.492831,-81.453482,condo,7035.0,Inactive,189900,2020-09-20T19:16:03.705Z,687,3.0,3.0,1834.0,1988.0,12.15425816271595
"1444-Heber-Cir,-Orlando,-FL-32811","1444 Heber Cir, Orlando, FL 32811",1444 Heber Cir,,Orlando,FL,32811,Orange County,28.523842,-81.439515,single_family,7035.0,Inactive,184995,2020-09-20T19:16:03.702Z,687,3.0,2.0,1234.0,1988.0,12.12808948220509
"4788-Pleasant-Valley-Ct,-Orlando,-FL-32811","4788 Pleasant Valley Ct, Orlando, FL 32811",4788 Pleasant Valley Ct,,Orlando,FL,32811,Orange County,28.532245,-81.440263,single_family,7035.0,Inactive,169900,2020-09-15T21:47:22.434Z,691,4.0,2.0,1482.0,1988.0,12.042971193457888
"5427-Timberchase-Ct,-Orlando,-FL-32811","5427 Timberchase Ct, Orlando, FL 32811",5427 Timberchase Ct,,Orlando,FL,32811,Orange County,28.530828,-81.453997,single_family,7035.0,Inactive,210000,2020-09-21T20:55:18.730Z,686,3.0,2.0,1161.0,1988.0,12.25486757159303
"4807-Normandy-Pl,-Unit-202,-Orlando,-FL-32811","4807 Normandy Pl, Unit 202, Orlando, FL 32811",4807 Normandy Pl,Unit 202,Orlando,FL,32811,Orange County,28.496464,-81.443106,condo,7035.0,Inactive,135000,2020-09-25T14:15:13.975Z,682,2.0,2.0,1088.0,1988.0,11.813037464800539
"4324-S-Kirkman-Rd,-Unit-1,-Orlando,-FL-32811","4324 S Kirkman Rd, Unit 1, Orlando, FL 32811",4324 S Kirkman Rd,Unit 1,Orlando,FL,32811,Orange County,28.498496,-81.461745,condo,7035.0,Inactive,115000,2020-09-15T19:16:09.133Z,692,1.0,1.0,779.0,1988.0,11.652696102959753
"5058-Dove-Tree-St,-Orlando,-FL-32811","5058 Dove Tree St, Orlando, FL 32811",5058 Dove Tree St,,Orlando,FL,32811,Orange County,28.492737,-81.447716,single_family,7035.0,Inactive,395000,2020-09-22T01:18:31.303Z,685,4.0,2.5,2940.0,1988.0,12.886643575525625
"5105-Cypress-Creek-Dr,-Orlando,-FL-32811","5105 Cypress Creek Dr, Orlando, FL 32811",5105 Cypress Creek Dr,,Orlando,FL,32811,Orange County,28.488045,-81.44962,condo,7035.0,Inactive,179000,2020-10-07T14:56:19.290Z,670,2.0,2.0,1250.0,1988.0,12.095146671399466
"5275-Cypress-Ct,-Unit-721,-Orlando,-FL-32811","5275 Cypress Ct, Unit 721, Orlando, FL 32811",5275 Cypress Ct,Unit 721,Orlando,FL,32811,Orange County,28.497519,-81.450725,condo,7035.0,Inactive,149900,2020-09-15T20:14:56.125Z,692,2.0,2.5,1285.0,1988.0,11.917730355182513
"4555-Weldon-Pl,-Orlando,-FL-32811","4555 Weldon Pl, Orlando, FL 32811",4555 Weldon Pl,,Orlando,FL,32811,Orange County,28.519519,-81.437571,single_family,7035.0,Inactive,179900,2020-09-20T19:15:57.179Z,687,3.0,2.0,1294.0,1988.0,12.100161978566867
"4730-Chevy-Pl,-Unit-169,-Orlando,-FL-32811","4730 Chevy Pl, Unit 169, Orlando, FL 32811",4730 Chevy Pl,Unit 169,Orlando,FL,32811,Orange County,28.495532,-81.44027,condo,7035.0,Inactive,169900,2020-09-20T18:53:00.814Z,687,2.0,2.0,1147.0,1988.0,12.042971193457888
"5321-Bamboo-Ct,-Unit-442,-Orlando,-FL-32811","5321 Bamboo Ct, Unit 442, Orlando, FL 32811",5321 Bamboo Ct,Unit 442,Orlando,FL,32811,Orange County,28.496606,-81.450853,condo,7035.0,Inactive,145000,2020-09-15T20:14:56.113Z,692,2.0,2.5,1285.0,1988.0,11.884495917930655
"5100-Conroy-Rd,-Unit-117,-Orlando,-FL-32811","5100 Conroy Rd, Unit 117, Orlando, FL 32811",5100 Conroy Rd,Unit 117,Orlando,FL,32811,Orange County,28.496006,-81.447661,condo,7035.0,Inactive,130500,2020-09-15T19:45:41.618Z,692,2.0,2.0,988.0,1988.0,11.779136168550774
"5116-Conroy-Rd,-Unit-27,-Orlando,-FL-32811","5116 Conroy Rd, Unit 27, Orlando, FL 32811",5116 Conroy Rd,Unit 27,Orlando,FL,32811,Orange County,28.49548,-81.446686,condo,7035.0,Inactive,123000,2020-09-15T19:27:14.996Z,692,2.0,2.0,988.0,1988.0,11.719947764402807
"4348-S-Kirkman-Rd,-Apt-809,-Orlando,-FL-32811","4348 S Kirkman Rd, Apt 809, Orlando, FL 32811",4348 S Kirkman Rd,Apt 809,Orlando,FL,32811,Orange County,28.497265,-81.462673,condo,7035.0,Inactive,129900,2020-09-15T19:45:41.622Z,692,2.0,2.0,996.0,1988.0,11.774527900858468
"4865-Cypress-Woods-Dr,-Apt-2103,-Orlando,-FL-32811","4865 Cypress Woods Dr, Apt 2103, Orlando, FL 32811",4865 Cypress Woods Dr,Apt 2103,Orlando,FL,32811,Orange County,28.494111,-81.451361,condo,7035.0,Inactive,175000,2020-09-20T18:53:00.817Z,687,3.0,2.0,1405.0,1988.0,12.07254696717504
"4065-Minoso-St,-Orlando,-FL-32811","4065 Minoso St, Orlando, FL 32811",4065 Minoso St,,Orlando,FL,32811,Orange County,28.526358,-81.427588,apartment,7035.0,Inactive,419000,2020-09-22T01:31:21.042Z,685,8.0,4.0,2464.0,1988.0,12.945628585536271
"4809-Normandy-Pl,-Unit-103,-Orlando,-FL-32811","4809 Normandy Pl, Unit 103, Orlando, FL 32811",4809 Normandy Pl,Unit 103,Orlando,FL,32811,Orange County,28.496464,-81.443106,condo,7035.0,Inactive,136995,2020-09-15T19:57:36.278Z,692,2.0,2.0,1080.0,1988.0,11.827707007303728
"4333-Lenox-Blvd,-Orlando,-FL-32811","4333 Lenox Blvd, Orlando, FL 32811",4333 Lenox Blvd,,Orlando,FL,32811,Orange County,28.529041,-81.433766,single_family,7035.0,Inactive,235000,2020-09-21T21:20:34.699Z,685,3.0,2.0,1507.0,1988.0,12.367345048436391
"4446-Huppel-Ave,-Orlando,-FL-32811","4446 Huppel Ave, Orlando, FL 32811",4446 Huppel Ave,,Orlando,FL,32811,Orange County,28.535944,-81.436044,single_family,7035.0,Inactive,221900,2020-09-21T20:56:35.609Z,686,3.0,2.0,1476.0,1988.0,12.309986615445005
"5101-Vista-Lago-Dr,-Orlando,-FL-32811","5101 Vista Lago Dr, Orlando, FL 32811",5101 Vista Lago Dr,,Orlando,FL,32811,Orange County,28.531445,-81.447831,single_family,7035.0,Inactive,199900,2020-10-03T15:35:57.514Z,674,3.0,2.0,1148.0,1988.0,12.20557752297723
"4316-S-Kirkman-Rd,-Apt-1605,-Orlando,-FL-32811","4316 S Kirkman Rd, Apt 1605, Orlando, FL 32811",4316 S Kirkman Rd,Apt 1605,Orlando,FL,32811,Orange County,28.499048,-81.460969,condo,7035.0,Inactive,104405,2020-09-15T18:37:16.587Z,692,1.0,1.0,729.0,1988.0,11.556042424043634
"5218-Cypress-Creek-Dr,-Unit-101,-Orlando,-FL-32811","5218 Cypress Creek Dr, Unit 101, Orlando, FL 32811",5218 Cypress Creek Dr,Unit 101,Orlando,FL,32811,Orange County,28.485979,-81.448719,condo,7035.0,Inactive,220000,2020-09-21T20:56:35.609Z,686,3.0,3.0,1535.0,1988.0,12.301387370778713
"4529-Raleigh-St,-Orlando,-FL-32811","4529 Raleigh St, Orlando, FL 32811",4529 Raleigh St,,Orlando,FL,32811,Orange County,28.528117,-81.437782,single_family,7035.0,Inactive,85000,2020-09-15T16:30:11.063Z,692,2.0,1.0,572.0,1988.0,11.350418300109132
"4944-Soft-Rush-St,-Orlando,-FL-32811","4944 Soft Rush St, Orlando, FL 32811",4944 Soft Rush St,,Orlando,FL,32811,Orange County,28.488389,-81.446666,single_family,7035.0,Inactive,309000,2020-09-21T23:37:48.113Z,685,3.0,2.0,1636.0,1988.0,12.6410997921206
"5164-Conroy-Rd,-Unit-1535,-Orlando,-FL-32811","5164 Conroy Rd, Unit 1535, Orlando, FL 32811",5164 Conroy Rd,Unit 1535,Orlando,FL,32811,Orange County,28.494356,-81.446166,condo,7035.0,Inactive,109500,2020-09-15T19:16:09.126Z,692,1.0,1.0,711.0,1988.0,11.603688960617083
"4420-Carter-St,-Orlando,-FL-32811","4420 Carter St, Orlando, FL 32811",4420 Carter St,,Orlando,FL,32811,Orange County,28.534104,-81.435282,single_family,7035.0,Inactive,150000,2020-10-02T13:17:34.266Z,675,3.0,2.0,1324.0,1988.0,11.918397239722838
"4120-Lenox-Blvd,-Orlando,-FL-32811","4120 Lenox Blvd, Orlando, FL 32811",4120 Lenox Blvd,,Orlando,FL,32811,Orange County,28.528556,-81.429126,single_family,7035.0,Inactive,150000,2020-10-02T13:17:34.265Z,675,3.0,2.0,1324.0,1988.0,11.918397239722838
"4937-Millennia-Green-Dr,-Orlando,-FL-32811","4937 Millennia Green Dr, Orlando, FL 32811",4937 Millennia Green Dr,,Orlando,FL,32811,Orange County,28.487641,-81.445797,single_family,7035.0,Inactive,399000,2020-09-22T01:18:31.310Z,685,4.0,2.5,2062.0,1988.0,12.896719202134523
"5156-Conroy-Rd,-Unit-16,-Orlando,-FL-32811","5156 Conroy Rd, Unit 16, Orlando, FL 32811",5156 Conroy Rd,Unit 16,Orlando,FL,32811,Orange County,28.493664,-81.44552,condo,7035.0,Inactive,127900,2020-09-15T19:27:15.000Z,692,2.0,2.0,1028.0,1988.0,11.759011806144656
"5472-Pine-Creek-Dr,-Unit-2006,-Orlando,-FL-32811","5472 Pine Creek Dr, Unit 2006, Orlando, FL 32811",5472 Pine Creek Dr,Unit 2006,Orlando,FL,32811,Orange County,28.493304,-81.455233,condo,7035.0,Inactive,159000,2020-09-15T21:10:02.820Z,691,2.0,2.0,1141.0,1988.0,11.976665770490767
"5067-Vineland-Rd,-Unit-202,-Orlando,-FL-32811","5067 Vineland Rd, Unit 202, Orlando, FL 32811",5067 Vineland Rd,Unit 202,Orlando,FL,32811,Orange County,28.483911,-81.445906,condo,7035.0,Inactive,129900,2020-09-15T19:45:41.615Z,692,2.0,2.0,1048.0,1988.0,11.774527900858468
"5311-Pebble-Beach-Dr,-Unit-C,-Orlando,-FL-32811","5311 Pebble Beach Dr, Unit C, Orlando, FL 32811",5311 Pebble Beach Dr,Unit C,Orlando,FL,32811,Orange County,28.493213,-81.452941,condo,7035.0,Inactive,125000,2020-09-24T13:54:08.261Z,683,3.0,2.0,1423.0,1988.0,11.736077016252437
"4720-Walden-Cir,-Unit-16,-Orlando,-FL-32811","4720 Walden Cir, Unit 16, Orlando, FL 32811",4720 Walden Cir,Unit 16,Orlando,FL,32811,Orange County,28.490975,-81.444024,condo,7035.0,Inactive,81000,2020-09-15T16:30:11.054Z,692,2.0,2.0,956.0,1988.0,11.302216779257382
"4530-Evers-Pl,-Orlando,-FL-32811","4530 Evers Pl, Orlando, FL 32811",4530 Evers Pl,,Orlando,FL,32811,Orange County,28.520513,-81.437173,single_family,7035.0,Inactive,199987,2020-09-21T20:22:00.081Z,686,4.0,2.0,1896.0,1988.0,12.206012643730102
"59-Judith-Ln,-Orlando,-FL-32811","59 Judith Ln, Orlando, FL 32811",59 Judith Ln,,Orlando,FL,32811,Orange County,28.540749,-81.437706,single_family,7035.0,Inactive,154900,2020-09-15T20:43:54.499Z,692,3.0,1.0,836.0,1988.0,11.950541482162043
"5325-Northlawn-Way,-Orlando,-FL-32811","5325 Northlawn Way, Orlando, FL 32811",5325 Northlawn Way,,Orlando,FL,32811,Orange County,28.485145,-81.445134,single_family,7035.0,Inactive,339900,2020-09-22T00:23:43.445Z,685,5.0,3.0,2423.0,1988.0,12.736409677721657
"5140-Conroy-Rd,-Unit-14,-Orlando,-FL-32811","5140 Conroy Rd, Unit 14, Orlando, FL 32811",5140 Conroy Rd,Unit 14,Orlando,FL,32811,Orange County,28.494208,-81.444834,condo,7035.0,Inactive,103000,2020-09-15T18:37:16.651Z,692,1.0,1.0,711.0,1988.0,11.542493975902508
"4768-Walden-Cir,-Unit-32,-Orlando,-FL-32811","4768 Walden Cir, Unit 32, Orlando, FL 32811",4768 Walden Cir,Unit 32,Orlando,FL,32811,Orange County,28.489956,-81.43999,condo,7035.0,Inactive,74900,2020-09-30T10:44:56.498Z,677,1.0,1.0,560.0,1988.0,11.223922520551032
"456-Rogers-St,-Orlando,-FL-32811","456 Rogers St, Orlando, FL 32811",456 Rogers St,,Orlando,FL,32811,Orange County,28.536602,-81.445868,single_family,7035.0,Inactive,233000,2020-09-21T21:20:34.694Z,685,3.0,2.0,1576.0,1988.0,12.358798024384122
"5369-Elm-Ct,-Unit-324,-Orlando,-FL-32811","5369 Elm Ct, Unit 324, Orlando, FL 32811",5369 Elm Ct,Unit 324,Orlando,FL,32811,Orange County,28.498168,-81.451774,condo,7035.0,Inactive,150000,2020-09-15T20:43:54.499Z,691,2.0,2.5,1285.0,1988.0,11.918397239722838
"1866-Willie-Mays-Pkwy,-Orlando,-FL-32811","1866 Willie Mays Pkwy, Orlando, FL 32811",1866 Willie Mays Pkwy,,Orlando,FL,32811,Orange County,28.519827,-81.438269,single_family,7035.0,Inactive,164900,2020-09-15T21:10:02.839Z,691,3.0,2.0,1517.0,1988.0,12.013100572810686
"5255-Middle-Ct,-Unit-228,-Orlando,-FL-32811","5255 Middle Ct, Unit 228, Orlando, FL 32811",5255 Middle Ct,Unit 228,Orlando,FL,32811,Orange County,28.498783,-81.4508,condo,7035.0,Inactive,154900,2020-09-15T20:43:54.494Z,691,2.0,2.5,1285.0,1988.0,11.950541482162043
"5302-Indian-Creek-Dr,-Unit-F,-Orlando,-FL-32811","5302 Indian Creek Dr, Unit F, Orlando, FL 32811",5302 Indian Creek Dr,Unit F,Orlando,FL,32811,Orange County,28.492119,-81.452746,condo,7035.0,Inactive,109000,2020-09-15T18:37:16.691Z,692,3.0,2.0,1379.0,1988.0,11.599112335481124
"5635-Blue-Shadows-Ct,-Unit-3,-Orlando,-FL-32811","5635 Blue Shadows Ct, Unit 3, Orlando, FL 32811",5635 Blue Shadows Ct,Unit 3,Orlando,FL,32811,Orange County,28.498537,-81.457984,condo,7035.0,Inactive,124000,2020-09-15T19:27:14.983Z,692,2.0,2.0,948.0,1988.0,11.728044909070785
"5112-Conroy-Rd,-Unit-16,-Orlando,-FL-32811","5112 Conroy Rd, Unit 16, Orlando, FL 32811",5112 Conroy Rd,Unit 16,Orlando,FL,32811,Orange County,28.495773,-81.447098,condo,7035.0,Inactive,119000,2020-09-15T19:16:09.138Z,692,1.0,1.0,711.0,1988.0,11.686887175419702
"4842-Pebble-Beach-Dr,-Unit-C,-Orlando,-FL-32811","4842 Pebble Beach Dr, Unit C, Orlando, FL 32811",4842 Pebble Beach Dr,Unit C,Orlando,FL,32811,Orange County,28.492831,-81.453493,condo,7035.0,Inactive,109900,2020-09-15T19:16:09.125Z,692,3.0,2.0,1423.0,1988.0,11.60733523953139
"5560-Metrowest-Blvd,-Apt-205,-Orlando,-FL-32811","5560 Metrowest Blvd, Apt 205, Orlando, FL 32811",5560 Metrowest Blvd,Apt 205,Orlando,FL,32811,Orange County,28.510978,-81.458355,condo,7035.0,Inactive,145000,2020-09-15T20:14:56.142Z,692,2.0,2.0,1073.0,1988.0,11.884495917930655
"5572-Metrowest-Blvd,-Apt-204,-Orlando,-FL-32811","5572 Metrowest Blvd, Apt 204, Orlando, FL 32811",5572 Metrowest Blvd,Apt 204,Orlando,FL,32811,Orange County,28.511785,-81.45732,condo,7035.0,Inactive,138000,2020-09-15T19:57:36.282Z,692,2.0,2.0,1073.0,1988.0,11.835016210489899
"4852-Marks-Ter,-Unit-402B1,-Orlando,-FL-32811","4852 Marks Ter, Unit 402B1, Orlando, FL 32811",4852 Marks Ter,Unit 402B1,Orlando,FL,32811,Orange County,28.496666,-81.444028,condo,7035.0,Inactive,160000,2020-09-25T15:24:42.390Z,682,2.0,2.0,860.0,1988.0,11.982935344196433
"5451-Vineland-Rd,-Apt-2307,-Orlando,-FL-32811","5451 Vineland Rd, Apt 2307, Orlando, FL 32811",5451 Vineland Rd,Apt 2307,Orlando,FL,32811,Orange County,28.485,-81.451169,condo,7035.0,Inactive,119000,2020-09-15T19:16:09.141Z,692,1.0,1.0,723.0,1988.0,11.686887175419702
"4340-Kirkland-Blvd,-Orlando,-FL-32811","4340 Kirkland Blvd, Orlando, FL 32811",4340 Kirkland Blvd,,Orlando,FL,32811,Orange County,28.516141,-81.432957,single_family,7035.0,Inactive,209000,2020-09-21T20:55:18.724Z,685,4.0,2.0,1530.0,1988.0,12.250094315624496
"2848-Santana-Ave,-Orlando,-FL-32811","2848 Santana Ave, Orlando, FL 32811",2848 Santana Ave,,Orlando,FL,32811,Orange County,28.512443,-81.440375,single_family,7035.0,Inactive,162900,2020-09-15T21:10:02.839Z,691,4.0,1.5,1418.0,1988.0,12.000897933306716
"5237-Vineland-Rd,-Unit-103,-Orlando,-FL-32811","5237 Vineland Rd, Unit 103, Orlando, FL 32811",5237 Vineland Rd,Unit 103,Orlando,FL,32811,Orange County,28.484216,-81.447411,condo,7035.0,Inactive,140990,2020-09-15T19:57:36.290Z,692,2.0,2.0,1048.0,1988.0,11.856451337535864
"4304-S-Kirkman-Rd,-Apt-107,-Orlando,-FL-32811","4304 S Kirkman Rd, Apt 107, Orlando, FL 32811",4304 S Kirkman Rd,Apt 107,Orlando,FL,32811,Orange County,28.49851,-81.460077,condo,7035.0,Inactive,129900,2020-09-15T19:45:41.620Z,692,2.0,2.0,996.0,1988.0,11.774527900858468
"5253-Brook-Ct,-Unit-244,-Orlando,-FL-32811","5253 Brook Ct, Unit 244, Orlando, FL 32811",5253 Brook Ct,Unit 244,Orlando,FL,32811,Orange County,28.499168,-81.451729,condo,7035.0,Inactive,150000,2020-09-15T20:43:54.493Z,691,2.0,2.5,1285.0,1988.0,11.918397239722838
