id,formattedaddress,addressline1,addressline2,city,state,zipcode,county,latitude,longitude,propertytype,bedrooms,bathrooms,squarefootage,lotsize,yearbuilt,status,price,listeddate,daysonmarket,log_price
"7395-Universal-Blvd,---103,-Orlando,-FL-32819","7395 Universal Blvd, # 103, Orlando, FL 32819",7395 Universal Blvd,# 103,Orlando,FL,32819,Orange,28.456535,-81.462433,condo,1.0,1.0,671.0,358368120.0,2007.0,Active,180000,2023-12-16T00:00:00.000Z,479,12.100717685412471
"6254-Masters-Blvd,---D106,-Orlando,-FL-32819","6254 Masters Blvd, # D106, Orlando, FL 32819",6254 Masters Blvd,# D106,Orlando,FL,32819,Orange,28.457784,-81.512696,condo,2.0,2.0,1772.0,8412.0,1971.0,Active,499000,2023-11-06T00:00:00.000Z,519,13.120363378739663
"5745-Emerington-Cres,-Orlando,-FL-32819","5745 Emerington Cres, Orlando, FL 32819",5745 Emerington Cres,,Orlando,FL,32819,Orange,28.469929,-81.51904,single_family,7.0,,7881.0,47045.0,2011.0,Active,4940000,2024-03-21T00:00:00.000Z,383,15.412876091593235
"5089-Eaglesmere-Dr,---D09,-Orlando,-FL-32819","5089 Eaglesmere Dr, # D09, Orlando, FL 32819",5089 Eaglesmere Dr,# D09,Orlando,FL,32819,Orange,28.488385,-81.461748,condo,2.0,2.0,999.0,5300.0,1974.0,Active,185000,2024-02-25T00:00:00.000Z,408,12.128116509451258
"7500-Toscana-Blvd,-Apt-331,-Orlando,-FL-32819","7500 Toscana Blvd, Apt 331, Orlando, FL 32819",7500 Toscana Blvd,Apt 331,Orlando,FL,32819,Orange,28.456294,-81.478387,condo,3.0,2.0,2085.0,8905.0,2006.0,Active,490000,2024-02-10T00:00:00.000Z,423,13.102162710901053
"7601-Canada-Ave,---502,-Orlando,-FL-32819","7601 Canada Ave, # 502, Orlando, FL 32819",7601 Canada Ave,# 502,Orlando,FL,32819,Orange,28.452108,-81.467375,condo,1.0,1.0,542.0,542.0,1999.0,Active,149900,2024-03-08T00:00:00.000Z,396,11.917730355182513
"8376-Via-Vittoria-Way,-Orlando,-FL-32819","8376 Via Vittoria Way, Orlando, FL 32819",8376 Via Vittoria Way,,Orlando,FL,32819,Orange,28.452636,-81.495573,single_family,3.0,2.0,3199.0,4806.0,2016.0,Active,1460000,2024-04-22T00:00:00.000Z,351,14.19394767861579
"4978-Washington-Ave,-Orlando,-FL-32819","4978 Washington Ave, Orlando, FL 32819",4978 Washington Ave,,Orlando,FL,32819,Orange,28.48845,-81.498764,single_family,4.0,3.0,7107.0,65340.0,2000.0,Active,2000000,2024-04-25T00:00:00.000Z,348,14.508658238524095
"6071-Windhover-Dr,---C03,-Orlando,-FL-32819","6071 Windhover Dr, # C03, Orlando, FL 32819",6071 Windhover Dr,# C03,Orlando,FL,32819,Orange,28.48489,-81.464171,condo,2.0,2.0,1139.0,2653.0,1974.0,Active,205000,2024-06-08T00:00:00.000Z,304,12.230770136157428
"7395-Universal-Blvd,---504,-Orlando,-FL-32819","7395 Universal Blvd, # 504, Orlando, FL 32819",7395 Universal Blvd,# 504,Orlando,FL,32819,Orange,28.456535,-81.462433,condo,1.0,1.0,671.0,671.0,2007.0,Active,188000,2024-05-22T00:00:00.000Z,321,12.144202560946876
"5708-Emerington-Cres,-Orlando,-FL-32819","5708 Emerington Cres, Orlando, FL 32819",5708 Emerington Cres,,Orlando,FL,32819,Orange,28.470834,-81.517919,single_family,5.0,6.0,4888.0,12632.0,2007.0,Active,1899000,2024-05-31T00:00:00.000Z,312,14.456838516387228
"8441-Oakland-Pl,-Orlando,-FL-32819","8441 Oakland Pl, Orlando, FL 32819",8441 Oakland Pl,,Orlando,FL,32819,Orange,28.48794,-81.498843,single_family,5.0,4.0,4828.0,44431.0,2018.0,Active,3500000,2024-06-03T00:00:00.000Z,309,15.068273812173887
"6165-Carrier-Dr,---3802,-Orlando,-FL-32819","6165 Carrier Dr, # 3802, Orlando, FL 32819",6165 Carrier Dr,# 3802,Orlando,FL,32819,Orange,28.456985,-81.46879,condo,2.0,2.0,578.0,578.0,1986.0,Active,275000,2024-06-23T00:00:00.000Z,289,12.524530013005734
"7220-Grace-Rd,-Orlando,-FL-32819","7220 Grace Rd, Orlando, FL 32819",7220 Grace Rd,,Orlando,FL,32819,Orange,28.479884,-81.481637,single_family,4.0,3.0,2904.0,77972.0,1973.0,Active,1100000,2024-06-28T00:00:00.000Z,284,13.910821646859095
"8734-Crestgate-Cir,-Orlando,-FL-32819","8734 Crestgate Cir, Orlando, FL 32819",8734 Crestgate Cir,,Orlando,FL,32819,Orange,28.478096,-81.504757,single_family,4.0,3.0,3998.0,13939.0,2003.0,Active,1749000,2024-07-01T00:00:00.000Z,281,14.374555325755864
"9202-Bay-Point-Dr,-Orlando,-FL-32819","9202 Bay Point Dr, Orlando, FL 32819",9202 Bay Point Dr,,Orlando,FL,32819,Orange,28.453792,-81.517414,single_family,5.0,4.0,8844.0,25265.0,1994.0,Active,5900000,2024-07-19T00:00:00.000Z,263,15.59046307836746
"6165-Carrier-Dr,---1214,-Orlando,-FL-32819","6165 Carrier Dr, # 1214, Orlando, FL 32819",6165 Carrier Dr,# 1214,Orlando,FL,32819,Orange,28.456934,-81.467756,condo,1.0,1.0,485.0,9168.0,1985.0,Active,214000,2024-07-12T00:00:00.000Z,270,12.273735966890268
"4114-Breakview-Dr,---406,-Orlando,-FL-32819","4114 Breakview Dr, # 406, Orlando, FL 32819",4114 Breakview Dr,# 406,Orlando,FL,32819,Orange,28.425528,-81.445747,condo,3.0,2.0,1247.0,1455.0,2007.0,Active,559000,2024-08-08T00:00:00.000Z,243,13.233906541044401
"6165-Carrier-Dr,---1206,-Orlando,-FL-32819","6165 Carrier Dr, # 1206, Orlando, FL 32819",6165 Carrier Dr,# 1206,Orlando,FL,32819,Orange,28.456934,-81.467756,condo,2.0,2.0,583.0,583.0,1985.0,Active,279000,2024-08-07T00:00:00.000Z,244,12.53897064502647
"6308-Masters-Blvd,---N,-Orlando,-FL-32819","6308 Masters Blvd, # N, Orlando, FL 32819",6308 Masters Blvd,# N,Orlando,FL,32819,Orange,28.457192,-81.512386,condo,2.0,2.0,1984.0,5536.0,1985.0,Active,839000,2024-08-02T00:00:00.000Z,249,13.639967177343745
"5826-Peregrine-Ave,---F01,-Orlando,-FL-32819","5826 Peregrine Ave, # F01, Orlando, FL 32819",5826 Peregrine Ave,# F01,Orlando,FL,32819,Orange,28.486201,-81.46136,condo,3.0,2.0,1258.0,2642.0,1974.0,Active,200000,2024-08-10T00:00:00.000Z,241,12.206077645517674
"7524-Seurat-St,---12301,-Orlando,-FL-32819","7524 Seurat St, # 12301, Orlando, FL 32819",7524 Seurat St,# 12301,Orlando,FL,32819,Orange,28.435938,-81.479267,condo,4.0,2.0,1323.0,12197.0,1994.0,Active,377000,2024-08-24T00:00:00.000Z,227,12.840003118946523
"6929-Cadiz-Blvd,-Orlando,-FL-32819","6929 Cadiz Blvd, Orlando, FL 32819",6929 Cadiz Blvd,,Orlando,FL,32819,Orange,28.46348,-81.478668,townhouse,2.0,2.0,1540.0,1800.0,2006.0,Active,379000,2024-09-19T00:00:00.000Z,201,12.84529412258351
"7383-Universal-Blvd,---710,-Orlando,-FL-32819","7383 Universal Blvd, # 710, Orlando, FL 32819",7383 Universal Blvd,# 710,Orlando,FL,32819,Orange,28.456535,-81.462433,condo,1.0,1.0,671.0,671.0,2008.0,Active,191000,2024-09-21T00:00:00.000Z,199,12.160033942617156
"9217-Hidden-Bay-Ln,-Orlando,-FL-32819","9217 Hidden Bay Ln, Orlando, FL 32819",9217 Hidden Bay Ln,,Orlando,FL,32819,Orange,28.4499,-81.513741,single_family,4.0,5.0,4049.0,13068.0,1987.0,Active,1750000,2024-09-24T00:00:00.000Z,196,14.375126917328105
"4814-Cayview-Ave,---21013,-Orlando,-FL-32819","4814 Cayview Ave, # 21013, Orlando, FL 32819",4814 Cayview Ave,# 21013,Orlando,FL,32819,Orange,28.428579,-81.446146,condo,3.0,2.0,1412.0,1535.0,2006.0,Active,529000,2024-09-25T00:00:00.000Z,195,13.178745601197818
"6165-Carrier-Dr,---1210,-Orlando,-FL-32819","6165 Carrier Dr, # 1210, Orlando, FL 32819",6165 Carrier Dr,# 1210,Orlando,FL,32819,Orange,28.456934,-81.467756,condo,1.0,1.0,408.0,408.0,1985.0,Active,199990,2024-10-04T00:00:00.000Z,186,12.206027644517643
"7395-Universal-Blvd,---904,-Orlando,-FL-32819","7395 Universal Blvd, # 904, Orlando, FL 32819",7395 Universal Blvd,# 904,Orlando,FL,32819,Orange,28.456535,-81.462433,condo,1.0,1.0,671.0,671.0,2007.0,Active,179900,2024-10-03T00:00:00.000Z,187,12.100161978566867
"6120-Peregrine-Ave,---A08-2,-Orlando,-FL-32819","6120 Peregrine Ave, # A08-2, Orlando, FL 32819",6120 Peregrine Ave,# A08-2,Orlando,FL,32819,Orange,28.485817,-81.464786,condo,1.0,1.0,591.0,3561.0,1974.0,Active,170000,2024-10-16T00:00:00.000Z,174,12.04355959836804
"8707-Fernwicke-Ct,-Orlando,-FL-32819","8707 Fernwicke Ct, Orlando, FL 32819",8707 Fernwicke Ct,,Orlando,FL,32819,Orange,28.480432,-81.501772,single_family,4.0,3.0,2648.0,34412.0,1987.0,Active,1060000,2024-10-12T00:00:00.000Z,178,13.87378040948403
"7972-Snowberry-Cir,-Orlando,-FL-32819","7972 Snowberry Cir, Orlando, FL 32819",7972 Snowberry Cir,,Orlando,FL,32819,Orange,28.486704,-81.489967,single_family,4.0,3.0,2528.0,9989.0,1987.0,Active,669500,2024-10-06T00:00:00.000Z,184,13.414287937764227
"4821-Anzio-St,-Orlando,-FL-32819","4821 Anzio St, Orlando, FL 32819",4821 Anzio St,,Orlando,FL,32819,Orange,28.45596,-81.443418,single_family,3.0,2.0,1000.0,6209.0,1959.0,Active,325000,2024-10-15T00:00:00.000Z,175,12.691583538230217
"7126-Regina-Way,-Orlando,-FL-32819","7126 Regina Way, Orlando, FL 32819",7126 Regina Way,,Orlando,FL,32819,Orange,28.459081,-81.475461,townhouse,3.0,2.0,2357.0,3512.0,2006.0,Active,645000,2024-10-18T00:00:00.000Z,172,13.377007146164305
"5709-Ridgeway-Dr,-Orlando,-FL-32819","5709 Ridgeway Dr, Orlando, FL 32819",5709 Ridgeway Dr,,Orlando,FL,32819,Orange,28.481293,-81.478381,single_family,4.0,2.0,1976.0,10454.0,1959.0,Active,469000,2024-10-18T00:00:00.000Z,172,13.058360179622305
"6258-Masters-Blvd,-Apt-204,-Orlando,-FL-32819","6258 Masters Blvd, Apt 204, Orlando, FL 32819",6258 Masters Blvd,Apt 204,Orlando,FL,32819,Orange,28.458067,-81.512412,condo,3.0,3.0,1848.0,9205.0,1971.0,Active,775000,2024-10-21T00:00:00.000Z,169,13.560619598657233
"8984-Houston-Pl,---103,-Orlando,-FL-32819","8984 Houston Pl, # 103, Orlando, FL 32819",8984 Houston Pl,# 103,Orlando,FL,32819,Orange,28.45867,-81.513711,condo,2.0,2.0,2155.0,11761.0,1979.0,Active,1070000,2024-10-25T00:00:00.000Z,165,13.883170141017091
"5002-Tideview-Cir,---3,-Orlando,-FL-32819","5002 Tideview Cir, # 3, Orlando, FL 32819",5002 Tideview Cir,# 3,Orlando,FL,32819,Orange,28.431377,-81.451254,townhouse,3.0,2.0,1746.0,687.0,2006.0,Active,625000,2024-10-24T00:00:00.000Z,166,13.345508528717259
"5783-Peregrine-Ave,---C07,-Orlando,-FL-32819","5783 Peregrine Ave, # C07, Orlando, FL 32819",5783 Peregrine Ave,# C07,Orlando,FL,32819,Orange,28.487617,-81.460717,condo,2.0,2.0,1150.0,6274.0,1974.0,Active,175000,2024-10-22T00:00:00.000Z,168,12.07254696717504
"6110-Peregrine-Ave,---E05,-Orlando,-FL-32819","6110 Peregrine Ave, # E05, Orlando, FL 32819",6110 Peregrine Ave,# E05,Orlando,FL,32819,Orange,28.485825,-81.464294,condo,3.0,2.0,1146.0,3552.0,1974.0,Active,205000,2024-10-24T00:00:00.000Z,166,12.230770136157428
"5610-Clearview-Dr,-Orlando,-FL-32819","5610 Clearview Dr, Orlando, FL 32819",5610 Clearview Dr,,Orlando,FL,32819,Orange,28.482248,-81.478009,single_family,3.0,2.0,1050.0,10454.0,1971.0,Active,452000,2024-10-29T00:00:00.000Z,161,13.021439671201302
"6096-Peregrine-Ave,---C04,-Orlando,-FL-32819","6096 Peregrine Ave, # C04, Orlando, FL 32819",6096 Peregrine Ave,# C04,Orlando,FL,32819,Orange,28.486229,-81.464143,condo,2.0,2.0,1139.0,6418.0,1974.0,Active,179000,2024-10-30T00:00:00.000Z,160,12.095146671399466
"6165-Carrier-Dr,---2602,-Orlando,-FL-32819","6165 Carrier Dr, # 2602, Orlando, FL 32819",6165 Carrier Dr,# 2602,Orlando,FL,32819,Orange,28.456602,-81.46814,condo,2.0,2.0,578.0,578.0,1986.0,Active,285900,2024-11-01T00:00:00.000Z,158,12.563400876030764
"7014-Phillips-Cove-Ct,---27,-Orlando,-FL-32819","7014 Phillips Cove Ct, # 27, Orlando, FL 32819",7014 Phillips Cove Ct,# 27,Orlando,FL,32819,Orange,28.459973,-81.486864,single_family,5.0,4.0,3652.0,8162.0,2005.0,Active,998877,2024-11-07T00:00:00.000Z,152,13.814387928051055
"6022-Peregrine-Ave,---B02,-Orlando,-FL-32819","6022 Peregrine Ave, # B02, Orlando, FL 32819",6022 Peregrine Ave,# B02,Orlando,FL,32819,Orange,28.486692,-81.463011,condo,1.0,1.0,918.0,6418.0,1974.0,Active,150000,2024-11-07T00:00:00.000Z,152,11.918397239722838
"6165-Carrier-Dr,---2113,-Orlando,-FL-32819","6165 Carrier Dr, # 2113, Orlando, FL 32819",6165 Carrier Dr,# 2113,Orlando,FL,32819,Orange,28.456602,-81.46814,condo,1.0,1.0,425.0,425.0,1986.0,Active,165000,2024-11-07T00:00:00.000Z,152,12.013706813470414
"6165-Carrier-Dr,---2,-Orlando,-FL-32819","6165 Carrier Dr, # 2, Orlando, FL 32819",6165 Carrier Dr,# 2,Orlando,FL,32819,Orange,28.456635,-81.467009,condo,1.0,1.0,408.0,485.0,1986.0,Active,177900,2024-11-08T00:00:00.000Z,151,12.088982494773598
"8704-Crestgate-Cir,-Orlando,-FL-32819","8704 Crestgate Cir, Orlando, FL 32819",8704 Crestgate Cir,,Orlando,FL,32819,Orange,28.478406,-81.503391,single_family,5.0,4.0,4947.0,14810.0,1999.0,Active,1995000,2024-11-09T00:00:00.000Z,150,14.506155109559108
"9102-South-Bay-Dr,-Orlando,-FL-32819","9102 South Bay Dr, Orlando, FL 32819",9102 South Bay Dr,,Orlando,FL,32819,Orange,28.448801,-81.511117,single_family,6.0,6.0,5096.0,20909.0,1986.0,Active,1970500,2024-11-15T00:00:00.000Z,144,14.493798383102476
"5762-Emerington-Cres,-Orlando,-FL-32819","5762 Emerington Cres, Orlando, FL 32819",5762 Emerington Cres,,Orlando,FL,32819,Orange,28.469592,-81.518044,single_family,5.0,4.0,5138.0,12632.0,2024.0,Active,2690000,2024-11-21T00:00:00.000Z,138,14.805052123325165
"7700-Carriage-Homes-Dr,-Apt-4,-Orlando,-FL-32819","7700 Carriage Homes Dr, Apt 4, Orlando, FL 32819",7700 Carriage Homes Dr,Apt 4,Orlando,FL,32819,Orange,28.459436,-81.488897,condo,3.0,2.0,1440.0,4997.0,1990.0,Active,425000,2024-11-19T00:00:00.000Z,140,12.959846800844963
"5646-Masters-Blvd,-Orlando,-FL-32819","5646 Masters Blvd, Orlando, FL 32819",5646 Masters Blvd,,Orlando,FL,32819,Orange,28.473385,-81.511233,single_family,4.0,3.0,4265.0,21780.0,1982.0,Active,1850000,2024-11-22T00:00:00.000Z,137,14.430696737594902
"6165-Carrier-Dr,-Unit-2,-Orlando,-FL-32819","6165 Carrier Dr, Unit 2, Orlando, FL 32819",6165 Carrier Dr,Unit 2,Orlando,FL,32819,Orange,28.456635,-81.467009,condo,1.0,1.0,408.0,408.0,1986.0,Active,164000,2024-11-23T00:00:00.000Z,136,12.00762780434872
"7383-Universal-Blvd,---512,-Orlando,-FL-32819","7383 Universal Blvd, # 512, Orlando, FL 32819",7383 Universal Blvd,# 512,Orlando,FL,32819,Orange,28.456535,-81.462433,condo,2.0,2.0,1056.0,1056.0,2008.0,Active,318000,2024-11-22T00:00:00.000Z,137,12.669809806411457
"6021-Windhover-Dr,---F11,-Orlando,-FL-32819","6021 Windhover Dr, # F11, Orlando, FL 32819",6021 Windhover Dr,# F11,Orlando,FL,32819,Orange,28.485419,-81.463146,condo,3.0,2.0,1258.0,6377.0,1974.0,Active,199900,2024-11-25T00:00:00.000Z,134,12.20557752297723
"7500-Toscana-Blvd,-Apt-341,-Orlando,-FL-32819","7500 Toscana Blvd, Apt 341, Orlando, FL 32819",7500 Toscana Blvd,Apt 341,Orlando,FL,32819,Orange,28.456294,-81.478387,condo,3.0,2.0,2085.0,8905.0,2006.0,Active,525000,2024-12-03T00:00:00.000Z,126,13.171155446333852
"6810-Hochad-Dr,-Orlando,-FL-32819","6810 Hochad Dr, Orlando, FL 32819",6810 Hochad Dr,,Orlando,FL,32819,Orange,28.463449,-81.480906,townhouse,3.0,2.0,1672.0,1800.0,2006.0,Active,408000,2024-12-02T00:00:00.000Z,127,12.919024904363686
"6009-Lady-Bet-Dr,-Orlando,-FL-32819","6009 Lady Bet Dr, Orlando, FL 32819",6009 Lady Bet Dr,,Orlando,FL,32819,Orange,28.463843,-81.516182,single_family,4.0,3.0,4695.0,34412.0,1997.0,Active,3899980,2024-12-02T00:00:00.000Z,127,15.176482239293136
"5929-Windhover-Dr,---A02,-Orlando,-FL-32819","5929 Windhover Dr, # A02, Orlando, FL 32819",5929 Windhover Dr,# A02,Orlando,FL,32819,Orange,28.486178,-81.462654,condo,1.0,1.0,605.0,6373.0,1974.0,Active,165000,2024-12-03T00:00:00.000Z,126,12.013706813470414
"6018-Tarawood-Dr,-Orlando,-FL-32819","6018 Tarawood Dr, Orlando, FL 32819",6018 Tarawood Dr,,Orlando,FL,32819,Orange,28.465475,-81.508303,single_family,6.0,7.0,5825.0,18731.0,2021.0,Active,2999999,2024-11-28T00:00:00.000Z,131,14.914122846632385
"7023-Talbot-Dr,-Orlando,-FL-32819","7023 Talbot Dr, Orlando, FL 32819",7023 Talbot Dr,,Orlando,FL,32819,Orange,28.489076,-81.476211,single_family,4.0,2.0,2246.0,9596.0,1980.0,Active,585750,2024-12-03T00:00:00.000Z,126,13.28065006358156
"5789-Windhover-Dr,---E03,-Orlando,-FL-32819","5789 Windhover Dr, # E03, Orlando, FL 32819",5789 Windhover Dr,# E03,Orlando,FL,32819,Orange,28.485699,-81.461044,condo,3.0,2.0,1146.0,3553.0,1974.0,Active,199900,2024-12-04T00:00:00.000Z,125,12.20557752297723
"6165-Carrier-Dr,---2103,-Orlando,-FL-32819","6165 Carrier Dr, # 2103, Orlando, FL 32819",6165 Carrier Dr,# 2103,Orlando,FL,32819,Orange,28.456566,-81.467035,condo,2.0,2.0,583.0,583.0,1986.0,Active,260000,2024-12-04T00:00:00.000Z,125,12.468440756144114
"6165-Carrier-Dr,-Unit-2103,-Orlando,-FL-32819","6165 Carrier Dr, Unit 2103, Orlando, FL 32819",6165 Carrier Dr,Unit 2103,Orlando,FL,32819,Orange,28.456566,-81.467035,condo,2.0,2.0,583.0,583.0,1986.0,Active,260000,2024-12-05T00:00:00.000Z,124,12.468440756144114
"7920-Summer-Ridge-Pl,-Orlando,-FL-32819","7920 Summer Ridge Pl, Orlando, FL 32819",7920 Summer Ridge Pl,,Orlando,FL,32819,Orange,28.45011,-81.505698,single_family,4.0,3.0,2762.0,16988.0,1981.0,Active,1250000,2024-12-11T00:00:00.000Z,118,14.038654909278163
"7022-Talbot-Dr,-Orlando,-FL-32819","7022 Talbot Dr, Orlando, FL 32819",7022 Talbot Dr,,Orlando,FL,32819,Orange,28.488581,-81.476257,single_family,3.0,2.0,1488.0,9954.0,1980.0,Active,439900,2024-12-12T00:00:00.000Z,117,12.994304980578146
"7383-Universal-Blvd,---1209,-Orlando,-FL-32819","7383 Universal Blvd, # 1209, Orlando, FL 32819",7383 Universal Blvd,# 1209,Orlando,FL,32819,Orange,28.456535,-81.462433,condo,1.0,1.0,671.0,671.0,2008.0,Active,195000,2024-12-12T00:00:00.000Z,117,12.180759965737863
"7500-Toscana-Blvd,-Apt-333,-Orlando,-FL-32819","7500 Toscana Blvd, Apt 333, Orlando, FL 32819",7500 Toscana Blvd,Apt 333,Orlando,FL,32819,Orange,28.456366,-81.478537,condo,3.0,2.0,2030.0,8905.0,2006.0,Active,459000,2024-12-15T00:00:00.000Z,114,13.036807667689546
"5234-Eaglesmere-Dr,-Unit-04T,-Orlando,-FL-32819","5234 Eaglesmere Dr, Unit 04T, Orlando, FL 32819",5234 Eaglesmere Dr,Unit 04T,Orlando,FL,32819,Orange,28.485998,-81.460655,condo,2.0,2.0,999.0,5291.0,1974.0,Active,255000,2024-12-17T00:00:00.000Z,112,12.449022745701502
"8001-Cool-Breeze-Dr,---121,-Orlando,-FL-32819","8001 Cool Breeze Dr, # 121, Orlando, FL 32819",8001 Cool Breeze Dr,# 121,Orlando,FL,32819,Orange,28.429858,-81.451014,townhouse,3.0,2.0,1746.0,688.0,2005.0,Active,549000,2024-12-19T00:00:00.000Z,110,13.215855541983634
"4814-Cayview-Ave,---40613,-Orlando,-FL-32819","4814 Cayview Ave, # 40613, Orlando, FL 32819",4814 Cayview Ave,# 40613,Orlando,FL,32819,Orange,28.428388,-81.446079,condo,3.0,2.0,1247.0,1512.0,2006.0,Active,579900,2024-12-31T00:00:00.000Z,98,13.270612678298292
"7709-Ravenna-Ave,-Orlando,-FL-32819","7709 Ravenna Ave, Orlando, FL 32819",7709 Ravenna Ave,,Orlando,FL,32819,Orange,28.453633,-81.445104,single_family,3.0,1.0,1054.0,6123.0,1958.0,Active,309900,2025-01-01T00:00:00.000Z,97,12.644008170618003
"6829-Bittersweet-Ln,-Orlando,-FL-32819","6829 Bittersweet Ln, Orlando, FL 32819",6829 Bittersweet Ln,,Orlando,FL,32819,Orange,28.462088,-81.484972,single_family,4.0,2.0,2374.0,13504.0,1978.0,Active,849000,2024-12-29T00:00:00.000Z,100,13.651815643149092
"7200-Grace-Rd,-Orlando,-FL-32819","7200 Grace Rd, Orlando, FL 32819",7200 Grace Rd,,Orlando,FL,32819,Orange,28.480601,-81.48017,single_family,7.0,,4000.0,21780.0,1953.0,Active,699700,2024-12-26T00:00:00.000Z,103,13.458408379916904
"7524-Seurat-St,---12208,-Orlando,-FL-32819","7524 Seurat St, # 12208, Orlando, FL 32819",7524 Seurat St,# 12208,Orlando,FL,32819,Orange,28.435444,-81.47919,condo,4.0,2.0,1458.0,1342.0,1994.0,Active,289900,2025-01-02T00:00:00.000Z,96,12.57729476436913
"8939-Latrec-Ave,---1211,-Orlando,-FL-32819","8939 Latrec Ave, # 1211, Orlando, FL 32819",8939 Latrec Ave,# 1211,Orlando,FL,32819,Orange,28.43571,-81.476216,condo,1.0,1.0,558.0,9410.0,1994.0,Active,180000,2024-12-29T00:00:00.000Z,100,12.100717685412471
"9130-Dollanger-Ct,-Orlando,-FL-32819","9130 Dollanger Ct, Orlando, FL 32819",9130 Dollanger Ct,,Orlando,FL,32819,Orange,28.481183,-81.509527,single_family,5.0,4.0,2958.0,11326.0,1988.0,Active,839900,2025-01-02T00:00:00.000Z,96,13.64103930673094
"6165-Carrier-Dr,---3707,-Orlando,-FL-32819","6165 Carrier Dr, # 3707, Orlando, FL 32819",6165 Carrier Dr,# 3707,Orlando,FL,32819,Orange,28.456985,-81.46879,condo,1.0,1.0,408.0,408.0,1986.0,Active,249900,2025-01-06T00:00:00.000Z,92,12.428820118415677
"5011-Winwood-Way,-Orlando,-FL-32819","5011 Winwood Way, Orlando, FL 32819",5011 Winwood Way,,Orlando,FL,32819,Orange,28.490996,-81.489171,single_family,3.0,2.0,2048.0,10890.0,1986.0,Active,750000,2025-01-06T00:00:00.000Z,92,13.527829818844937
"7383-Universal-Blvd,---208,-Orlando,-FL-32819","7383 Universal Blvd, # 208, Orlando, FL 32819",7383 Universal Blvd,# 208,Orlando,FL,32819,Orange,28.456616,-81.462615,condo,2.0,2.0,1056.0,9150.0,2008.0,Active,297000,2025-01-08T00:00:00.000Z,90,12.601490784782536
"9000-Ogilvie-Dr,-Orlando,-FL-32819","9000 Ogilvie Dr, Orlando, FL 32819",9000 Ogilvie Dr,,Orlando,FL,32819,Orange,28.439644,-81.481436,single_family,5.0,4.0,4851.0,226948.0,1952.0,Active,2200000,2025-01-07T00:00:00.000Z,91,14.603968372873895
"7580-Toscana-Blvd,-Apt-834,-Orlando,-FL-32819","7580 Toscana Blvd, Apt 834, Orlando, FL 32819",7580 Toscana Blvd,Apt 834,Orlando,FL,32819,Orange,28.454811,-81.478029,condo,3.0,2.0,2085.0,9686.0,2007.0,Active,485000,2025-01-14T00:00:00.000Z,84,13.091906231773164
"7760-Windbreak-Rd,-Orlando,-FL-32819","7760 Windbreak Rd, Orlando, FL 32819",7760 Windbreak Rd,,Orlando,FL,32819,Orange,28.452948,-81.493372,townhouse,3.0,2.0,1850.0,2552.0,1988.0,Active,599990,2025-01-11T00:00:00.000Z,87,13.304669934085782
"7470-Lake-Marsha-Dr,-Orlando,-FL-32819","7470 Lake Marsha Dr, Orlando, FL 32819",7470 Lake Marsha Dr,,Orlando,FL,32819,Orange,28.479,-81.484935,single_family,4.0,3.0,2530.0,94961.0,1971.0,Active,1489999,2025-01-14T00:00:00.000Z,84,14.214286677921642
"6073-Windhover-Dr,---C04,-Orlando,-FL-32819","6073 Windhover Dr, # C04, Orlando, FL 32819",6073 Windhover Dr,# C04,Orlando,FL,32819,Orange,28.48489,-81.464171,condo,2.0,2.0,1139.0,2653.0,1974.0,Active,175000,2025-01-14T00:00:00.000Z,84,12.07254696717504
"8513-Bay-Hill-Blvd,-Orlando,-FL-32819","8513 Bay Hill Blvd, Orlando, FL 32819",8513 Bay Hill Blvd,,Orlando,FL,32819,Orange,28.458685,-81.503645,single_family,4.0,4.0,3403.0,19166.0,1985.0,Active,1995000,2025-01-17T00:00:00.000Z,81,14.506155109559108
"8968-Bay-Cove-Ct,-Orlando,-FL-32819","8968 Bay Cove Ct, Orlando, FL 32819",8968 Bay Cove Ct,,Orlando,FL,32819,Orange,28.453499,-81.513191,single_family,6.0,5.0,5428.0,20038.0,2025.0,Active,4549999,2025-01-19T00:00:00.000Z,79,15.330637790927133
"5012-Shoreway-Loop,---10207,-Orlando,-FL-32819","5012 Shoreway Loop, # 10207, Orlando, FL 32819",5012 Shoreway Loop,# 10207,Orlando,FL,32819,Orange,28.428616,-81.449295,condo,2.0,2.0,1823.0,2053.0,2007.0,Active,619999,2025-01-23T00:00:00.000Z,75,13.337474757021274
"9213-Foxhall-Ct,-Orlando,-FL-32819","9213 Foxhall Ct, Orlando, FL 32819",9213 Foxhall Ct,,Orlando,FL,32819,Orange,28.482006,-81.511504,single_family,5.0,4.0,6700.0,21344.0,2006.0,Active,3795000,2025-01-22T00:00:00.000Z,76,15.149195232316444
"6025-Lady-Bet-Dr,-Orlando,-FL-32819","6025 Lady Bet Dr, Orlando, FL 32819",6025 Lady Bet Dr,,Orlando,FL,32819,Orange,28.463475,-81.515562,single_family,4.0,3.0,4500.0,32670.0,1996.0,Active,3500000,2025-01-23T00:00:00.000Z,75,15.068273812173887
"5896-Peregrine-Ave,---C01,-Orlando,-FL-32819","5896 Peregrine Ave, # C01, Orlando, FL 32819",5896 Peregrine Ave,# C01,Orlando,FL,32819,Orange,28.487205,-81.461878,condo,2.0,2.0,1139.0,2659.0,1974.0,Active,174900,2025-01-24T00:00:00.000Z,74,12.071975378543236
"10232-Turkey-Lake-Rd,-Apt-181,-Orlando,-FL-32819","10232 Turkey Lake Rd, Apt 181, Orlando, FL 32819",10232 Turkey Lake Rd,Apt 181,Orlando,FL,32819,Orange,28.420084,-81.477074,condo,2.0,2.0,1124.0,655.0,1984.0,Active,230000,2025-01-30T00:00:00.000Z,68,12.345838935721968
"9122-Bay-Point-Dr,-Orlando,-FL-32819","9122 Bay Point Dr, Orlando, FL 32819",9122 Bay Point Dr,,Orlando,FL,32819,Orange,28.456519,-81.518476,single_family,4.0,5.0,5654.0,23087.0,2024.0,Active,7995000,2025-01-30T00:00:00.000Z,68,15.894327029328357
"8013-Cool-Breeze-Dr,---116,-Orlando,-FL-32819","8013 Cool Breeze Dr, # 116, Orlando, FL 32819",8013 Cool Breeze Dr,# 116,Orlando,FL,32819,Orange,28.429945,-81.451704,condo,3.0,2.0,1771.0,688.0,2005.0,Active,545000,2025-02-05T00:00:00.000Z,62,13.208542908506082
"7616-Spring-Bay-Cv,---S,-Orlando,-FL-32819","7616 Spring Bay Cv, # S, Orlando, FL 32819",7616 Spring Bay Cv,# S,Orlando,FL,32819,Orange,28.458639,-81.485235,condo,3.0,2.0,1809.0,11326.0,1985.0,Active,549000,2025-02-01T00:00:00.000Z,66,13.215855541983634
"7383-Universal-Blvd,---207,-Orlando,-FL-32819","7383 Universal Blvd, # 207, Orlando, FL 32819",7383 Universal Blvd,# 207,Orlando,FL,32819,Orange,28.456535,-81.462433,condo,2.0,2.0,1056.0,1056.0,2008.0,Active,299000,2025-02-03T00:00:00.000Z,64,12.608202196848836
"6078-Bimini-Twist-Loop,-Orlando,-FL-32819","6078 Bimini Twist Loop, Orlando, FL 32819",6078 Bimini Twist Loop,,Orlando,FL,32819,Orange,28.443238,-81.48103,townhouse,4.0,3.0,1970.0,2999.0,2020.0,Active,580000,2025-02-06T00:00:00.000Z,61,13.270785106659046
"6901-Della-Dr,-Apt-21,-Orlando,-FL-32819","6901 Della Dr, Apt 21, Orlando, FL 32819",6901 Della Dr,Apt 21,Orlando,FL,32819,Orange,28.460136,-81.488823,condo,3.0,2.0,1414.0,4804.0,1997.0,Active,375000,2025-02-06T00:00:00.000Z,61,12.834683971615659
"7189-Regina-Way,-Orlando,-FL-32819","7189 Regina Way, Orlando, FL 32819",7189 Regina Way,,Orlando,FL,32819,Orange,28.458665,-81.476869,townhouse,3.0,2.0,2104.0,3596.0,2006.0,Active,525000,2025-02-06T00:00:00.000Z,61,13.171155446333852
"7532-Bay-Port-Rd,---18,-Orlando,-FL-32819","7532 Bay Port Rd, # 18, Orlando, FL 32819",7532 Bay Port Rd,# 18,Orlando,FL,32819,Orange,28.460198,-81.485962,condo,3.0,2.0,1808.0,5177.0,1999.0,Active,398000,2025-02-06T00:00:00.000Z,61,12.894209796826232
"7017-Via-Carmel-Way,-Orlando,-FL-32819","7017 Via Carmel Way, Orlando, FL 32819",7017 Via Carmel Way,,Orlando,FL,32819,Orange,28.462177,-81.515883,single_family,5.0,4.0,6202.0,22216.0,2022.0,Active,4950000,2025-02-07T00:00:00.000Z,60,15.414898336565054
"6825-Dolce-St,-Orlando,-FL-32819","6825 Dolce St, Orlando, FL 32819",6825 Dolce St,,Orlando,FL,32819,Orange,28.459838,-81.475708,single_family,4.0,3.0,2988.0,5737.0,2006.0,Active,720000,2025-02-06T00:00:00.000Z,61,13.487007879880162
"8966-Easterling-Dr,-Orlando,-FL-32819","8966 Easterling Dr, Orlando, FL 32819",8966 Easterling Dr,,Orlando,FL,32819,Orange,28.450852,-81.513739,single_family,4.0,3.0,3987.0,18295.0,2025.0,Active,4299995,2025-02-10T00:00:00.000Z,57,15.2741246504308
"6855-Sperone-St,-Orlando,-FL-32819","6855 Sperone St, Orlando, FL 32819",6855 Sperone St,,Orlando,FL,32819,Orange,28.462496,-81.478635,townhouse,3.0,2.0,1672.0,1800.0,2006.0,Active,411000,2025-02-10T00:00:00.000Z,57,12.926350926565435
"10232-Turkey-Lake-Rd,-Apt-180,-Orlando,-FL-32819","10232 Turkey Lake Rd, Apt 180, Orlando, FL 32819",10232 Turkey Lake Rd,Apt 180,Orlando,FL,32819,Orange,28.420055,-81.47702,condo,2.0,2.0,1124.0,7900.0,1984.0,Active,230000,2025-02-12T00:00:00.000Z,55,12.345838935721968
"4000-Breakview-Dr,---C207,-Orlando,-FL-32819","4000 Breakview Dr, # C207, Orlando, FL 32819",4000 Breakview Dr,# C207,Orlando,FL,32819,Orange,28.424431,-81.443724,condo,3.0,2.0,1185.0,1254.0,2021.0,Active,579900,2025-02-11T00:00:00.000Z,56,13.270612678298292
"7013-Carrickbend-Ln,-Orlando,-FL-32819","7013 Carrickbend Ln, Orlando, FL 32819",7013 Carrickbend Ln,,Orlando,FL,32819,Orange,28.44237,-81.48047,townhouse,3.0,2.0,1789.0,2999.0,2020.0,Active,589000,2025-02-12T00:00:00.000Z,55,13.286183160425152
"6766-Edgeworth-Dr,-Orlando,-FL-32819","6766 Edgeworth Dr, Orlando, FL 32819",6766 Edgeworth Dr,,Orlando,FL,32819,Orange,28.465213,-81.478716,single_family,4.0,3.0,2473.0,15246.0,1985.0,Active,775000,2025-02-12T00:00:00.000Z,55,13.560619598657233
"5076-Tideview-Cir,---90,-Orlando,-FL-32819","5076 Tideview Cir, # 90, Orlando, FL 32819",5076 Tideview Cir,# 90,Orlando,FL,32819,Orange,28.430513,-81.451526,condo,3.0,2.0,1741.0,688.0,2006.0,Active,539000,2025-02-12T00:00:00.000Z,55,13.197472705176983
"7381-Alpine-Butterfly-Ln,-Orlando,-FL-32819","7381 Alpine Butterfly Ln, Orlando, FL 32819",7381 Alpine Butterfly Ln,,Orlando,FL,32819,Orange,28.441792,-81.479956,townhouse,3.0,2.0,1789.0,3000.0,2020.0,Active,559000,2025-02-15T00:00:00.000Z,52,13.233906541044401
"5447-Brookline-Dr,-Orlando,-FL-32819","5447 Brookline Dr, Orlando, FL 32819",5447 Brookline Dr,,Orlando,FL,32819,Orange,28.472403,-81.508788,single_family,4.0,3.0,3702.0,17860.0,1984.0,Active,1849000,2025-02-13T00:00:00.000Z,54,14.430156051201998
"7449-Sugar-Bend-Dr,---7449,-Orlando,-FL-32819","7449 Sugar Bend Dr, # 7449, Orlando, FL 32819",7449 Sugar Bend Dr,# 7449,Orlando,FL,32819,Orange,28.456945,-81.492967,condo,2.0,2.0,1014.0,7796.0,1996.0,Active,309500,2025-02-17T00:00:00.000Z,50,12.64271660211934
"7550-Hinson-St,-Apt-11C,-Orlando,-FL-32819","7550 Hinson St, Apt 11C, Orlando, FL 32819",7550 Hinson St,Apt 11C,Orlando,FL,32819,Orange,28.451628,-81.484627,condo,3.0,2.0,2650.0,13504.0,1985.0,Active,698000,2025-02-17T00:00:00.000Z,50,13.455975814408239
"6229-Indian-Meadow-St,-Orlando,-FL-32819","6229 Indian Meadow St, Orlando, FL 32819",6229 Indian Meadow St,,Orlando,FL,32819,Orange,28.454647,-81.503826,single_family,4.0,3.0,3018.0,15246.0,1984.0,Active,1125000,2025-02-16T00:00:00.000Z,51,13.933294482509151
"8922-Bay-Cove-Ct,-Orlando,-FL-32819","8922 Bay Cove Ct, Orlando, FL 32819",8922 Bay Cove Ct,,Orlando,FL,32819,Orange,28.453898,-81.511175,single_family,4.0,3.0,3106.0,19166.0,1972.0,Active,1070000,2025-02-16T00:00:00.000Z,51,13.883170141017091
"8125-Via-Vittoria-Way,-Orlando,-FL-32819","8125 Via Vittoria Way, Orlando, FL 32819",8125 Via Vittoria Way,,Orlando,FL,32819,Orange,28.451756,-81.492351,single_family,4.0,3.0,3851.0,4794.0,2020.0,Active,1695000,2025-02-16T00:00:00.000Z,51,14.343193888767015
"4807-Wingrove-Blvd,-Orlando,-FL-32819","4807 Wingrove Blvd, Orlando, FL 32819",4807 Wingrove Blvd,,Orlando,FL,32819,Orange,28.490715,-81.495098,single_family,4.0,3.0,2685.0,10890.0,1994.0,Active,699900,2025-02-18T00:00:00.000Z,49,13.45869417545215
"5842-Peregrine-Ave,---C01,-Orlando,-FL-32819","5842 Peregrine Ave, # C01, Orlando, FL 32819",5842 Peregrine Ave,# C01,Orlando,FL,32819,Orange,28.486525,-81.461553,condo,2.0,2.0,1139.0,3563.0,1974.0,Active,169000,2025-02-18T00:00:00.000Z,49,12.037659911047468
"5616-Clearview-Dr,-Orlando,-FL-32819","5616 Clearview Dr, Orlando, FL 32819",5616 Clearview Dr,,Orlando,FL,32819,Orange,28.482008,-81.478009,single_family,3.0,2.0,1486.0,10454.0,1959.0,Active,415000,2025-02-19T00:00:00.000Z,48,12.936036208848487
"8149-Via-Vittoria-Way,-Orlando,-FL-32819","8149 Via Vittoria Way, Orlando, FL 32819",8149 Via Vittoria Way,,Orlando,FL,32819,Orange,28.451952,-81.492824,single_family,3.0,2.0,3172.0,5898.0,2015.0,Active,1225000,2025-02-19T00:00:00.000Z,48,14.018452218287162
"7200-Ravenna-Ave,-Orlando,-FL-32819","7200 Ravenna Ave, Orlando, FL 32819",7200 Ravenna Ave,,Orlando,FL,32819,Orange,28.458349,-81.445672,single_family,3.0,2.0,1146.0,6608.0,1960.0,Active,312000,2025-02-20T00:00:00.000Z,47,12.650761671914688
"4024-Breakview-Dr,---10804,-Orlando,-FL-32819","4024 Breakview Dr, # 10804, Orlando, FL 32819",4024 Breakview Dr,# 10804,Orlando,FL,32819,Orange,28.424353,-81.445352,condo,3.0,2.0,1247.0,1472.0,2008.0,Active,525000,2025-02-20T00:00:00.000Z,47,13.171155446333852
"5025-Shoreway-Loop,---20503,-Orlando,-FL-32819","5025 Shoreway Loop, # 20503, Orlando, FL 32819",5025 Shoreway Loop,# 20503,Orlando,FL,32819,Orange,28.42925,-81.450113,condo,2.0,2.0,1823.0,2100.0,2007.0,Active,629000,2025-02-20T00:00:00.000Z,47,13.351888125506433
"7159-Cadiz-Blvd,-Orlando,-FL-32819","7159 Cadiz Blvd, Orlando, FL 32819",7159 Cadiz Blvd,,Orlando,FL,32819,Orange,28.463558,-81.48025,townhouse,2.0,2.0,1580.0,1800.0,2006.0,Active,415000,2025-02-20T00:00:00.000Z,47,12.936036208848487
"5719-Emerson-Pointe-Way,-Orlando,-FL-32819","5719 Emerson Pointe Way, Orlando, FL 32819",5719 Emerson Pointe Way,,Orlando,FL,32819,Orange,28.470171,-81.517766,single_family,6.0,5.0,5731.0,13504.0,2008.0,Active,2197900,2025-02-26T00:00:00.000Z,41,14.603013371985014
"5646-Spring-Run-Ave,-Orlando,-FL-32819","5646 Spring Run Ave, Orlando, FL 32819",5646 Spring Run Ave,,Orlando,FL,32819,Orange,28.482436,-81.485151,single_family,4.0,3.0,2165.0,15246.0,1985.0,Active,655000,2025-02-26T00:00:00.000Z,41,13.39239204133378
"8825-Latrec-Ave,---6308,-Orlando,-FL-32819","8825 Latrec Ave, # 6308, Orlando, FL 32819",8825 Latrec Ave,# 6308,Orlando,FL,32819,Orange,28.437542,-81.478662,condo,2.0,2.0,1003.0,10019.0,1994.0,Active,265000,2025-02-25T00:00:00.000Z,42,12.487488878546145
"5524-Sail-Ct,-Orlando,-FL-32819","5524 Sail Ct, Orlando, FL 32819",5524 Sail Ct,,Orlando,FL,32819,Orange,28.478228,-81.515476,single_family,4.0,3.0,3316.0,156816.0,1990.0,Active,2999875,2025-02-26T00:00:00.000Z,41,14.914081512444804
"6641-Doubletrace-Ln,-Orlando,-FL-32819","6641 Doubletrace Ln, Orlando, FL 32819",6641 Doubletrace Ln,,Orlando,FL,32819,Orange,28.465407,-81.490839,single_family,3.0,2.0,1633.0,8700.0,1985.0,Active,540000,2025-02-27T00:00:00.000Z,40,13.199326270390594
"5000-Cayview-Ave,---10108,-Orlando,-FL-32819","5000 Cayview Ave, # 10108, Orlando, FL 32819",5000 Cayview Ave,# 10108,Orlando,FL,32819,Orange,28.429437,-81.448992,condo,3.0,2.0,1247.0,16117.0,2006.0,Active,510000,2025-02-28T00:00:00.000Z,39,13.1421679654829
"9224-Bentley-Park-Cir,-Orlando,-FL-32819","9224 Bentley Park Cir, Orlando, FL 32819",9224 Bentley Park Cir,,Orlando,FL,32819,Orange,28.445182,-81.515211,single_family,5.0,5.0,5172.0,27443.0,2013.0,Active,3295000,2025-02-28T00:00:00.000Z,39,15.007917029408835
"7536-Fenwick-Cove-Ln,-Orlando,-FL-32819","7536 Fenwick Cove Ln, Orlando, FL 32819",7536 Fenwick Cove Ln,,Orlando,FL,32819,Orange,28.455878,-81.495651,townhouse,3.0,2.0,1648.0,2553.0,1989.0,Active,499900,2025-02-28T00:00:00.000Z,39,13.12216535779974
"7037-Edgeworth-Dr,-Orlando,-FL-32819","7037 Edgeworth Dr, Orlando, FL 32819",7037 Edgeworth Dr,,Orlando,FL,32819,Orange,28.46915,-81.479975,single_family,4.0,2.0,2611.0,15682.0,1986.0,Active,775000,2025-03-01T00:00:00.000Z,38,13.560619598657233
"6735-Edgeworth-Dr,-Orlando,-FL-32819","6735 Edgeworth Dr, Orlando, FL 32819",6735 Edgeworth Dr,,Orlando,FL,32819,Orange,28.465475,-81.479765,single_family,4.0,3.0,2258.0,18731.0,1985.0,Active,810000,2025-03-01T00:00:00.000Z,38,13.60479076121576
"7508-Toscana-Blvd,-Apt-123,-Orlando,-FL-32819","7508 Toscana Blvd, Apt 123, Orlando, FL 32819",7508 Toscana Blvd,Apt 123,Orlando,FL,32819,Orange,28.456969,-81.4792,condo,3.0,2.0,2030.0,10019.0,2007.0,Active,480000,2025-03-03T00:00:00.000Z,36,13.081543466215237
"8661-Crestgate-Cir,-Orlando,-FL-32819","8661 Crestgate Cir, Orlando, FL 32819",8661 Crestgate Cir,,Orlando,FL,32819,Orange,28.478917,-81.502353,single_family,5.0,5.0,4167.0,14375.0,1996.0,Active,1160000,2025-03-02T00:00:00.000Z,37,13.963931425151141
"5558-Brookline-Dr,-Orlando,-FL-32819","5558 Brookline Dr, Orlando, FL 32819",5558 Brookline Dr,,Orlando,FL,32819,Orange,28.469925,-81.507509,single_family,5.0,4.0,5822.0,18295.0,2008.0,Active,3300000,2025-03-03T00:00:00.000Z,36,15.009433329466965
"5016-Fawn-Ridge-Rd,-Orlando,-FL-32819","5016 Fawn Ridge Rd, Orlando, FL 32819",5016 Fawn Ridge Rd,,Orlando,FL,32819,Orange,28.491733,-81.483722,single_family,4.0,3.0,2323.0,11326.0,1986.0,Active,595000,2025-03-04T00:00:00.000Z,35,13.296318365198623
"8452-Sandberry-Blvd,-Orlando,-FL-32819","8452 Sandberry Blvd, Orlando, FL 32819",8452 Sandberry Blvd,,Orlando,FL,32819,Orange,28.471913,-81.49995,single_family,4.0,2.0,1951.0,11761.0,1984.0,Active,585000,2025-03-05T00:00:00.000Z,34,13.279368835614243
"7325-Burnway-Dr,-Orlando,-FL-32819","7325 Burnway Dr, Orlando, FL 32819",7325 Burnway Dr,,Orlando,FL,32819,Orange,28.457785,-81.497937,single_family,3.0,2.0,1658.0,9368.0,1982.0,Active,529500,2025-03-04T00:00:00.000Z,35,13.179690332595941
"5950-Masters-Blvd,-Orlando,-FL-32819","5950 Masters Blvd, Orlando, FL 32819",5950 Masters Blvd,,Orlando,FL,32819,Orange,28.466932,-81.514109,single_family,6.0,6.0,10402.0,39204.0,1983.0,Active,3499999,2025-03-05T00:00:00.000Z,34,15.068273526459642
"6058-Jamestown-Park,-Orlando,-FL-32819","6058 Jamestown Park, Orlando, FL 32819",6058 Jamestown Park,,Orlando,FL,32819,Orange,28.462914,-81.502007,single_family,3.0,2.0,2475.0,7480.0,1988.0,Active,799000,2025-03-05T00:00:00.000Z,34,13.591117476312084
"8837-Latrec-Ave,---5307,-Orlando,-FL-32819","8837 Latrec Ave, # 5307, Orlando, FL 32819",8837 Latrec Ave,# 5307,Orlando,FL,32819,Orange,28.437009,-81.478826,condo,2.0,2.0,1003.0,10019.0,1994.0,Active,259900,2025-03-06T00:00:00.000Z,33,12.468056068255885
"6762-Tamarind-Cir,-Orlando,-FL-32819","6762 Tamarind Cir, Orlando, FL 32819",6762 Tamarind Cir,,Orlando,FL,32819,Orange,28.461861,-81.493126,single_family,3.0,2.0,2133.0,11761.0,1978.0,Active,599000,2025-03-06T00:00:00.000Z,33,13.303018546545275
"5325-Glasgow-Ave,-Orlando,-FL-32819","5325 Glasgow Ave, Orlando, FL 32819",5325 Glasgow Ave,,Orlando,FL,32819,Orange,28.484863,-81.479421,single_family,4.0,2.0,1896.0,11761.0,1972.0,Active,537000,2025-03-06T00:00:00.000Z,33,13.19375523568666
"5940-Chesapeake-Park,-Unit-47,-Orlando,-FL-32819","5940 Chesapeake Park, Unit 47, Orlando, FL 32819",5940 Chesapeake Park,Unit 47,Orlando,FL,32819,Orange,28.464863,-81.503952,condo,3.0,2.0,2612.0,8750.0,1983.0,Active,965000,2025-03-06T00:00:00.000Z,33,13.779884416590017
"8908-Turnberry-Ct,-Orlando,-FL-32819","8908 Turnberry Ct, Orlando, FL 32819",8908 Turnberry Ct,,Orlando,FL,32819,Orange,28.473494,-81.50828,single_family,4.0,3.0,2837.0,28750.0,1980.0,Active,975000,2025-03-06T00:00:00.000Z,33,13.790193775620484
"6936-Hochad-Dr,-Orlando,-FL-32819","6936 Hochad Dr, Orlando, FL 32819",6936 Hochad Dr,,Orlando,FL,32819,Orange,28.462317,-81.4809,townhouse,2.0,2.0,1557.0,1800.0,2006.0,Active,395000,2025-03-07T00:00:00.000Z,32,12.886643575525625
"5127-Glasgow-Ave,-Orlando,-FL-32819","5127 Glasgow Ave, Orlando, FL 32819",5127 Glasgow Ave,,Orlando,FL,32819,Orange,28.484489,-81.482383,single_family,3.0,2.0,1426.0,15395.0,1971.0,Active,475000,2025-03-10T00:00:00.000Z,29,13.07107218827772
"4814-Cayview-Ave,---407,-Orlando,-FL-32819","4814 Cayview Ave, # 407, Orlando, FL 32819",4814 Cayview Ave,# 407,Orlando,FL,32819,Orange,28.428574,-81.446251,condo,2.0,2.0,1112.0,1212.0,2006.0,Active,469000,2025-03-08T00:00:00.000Z,31,13.058360179622305
"7781-Sugar-Bend-Dr,---7781,-Orlando,-FL-32819","7781 Sugar Bend Dr, # 7781, Orlando, FL 32819",7781 Sugar Bend Dr,# 7781,Orlando,FL,32819,Orange,28.457025,-81.494893,condo,3.0,2.0,1212.0,7796.0,1996.0,Active,324900,2025-03-09T00:00:00.000Z,30,12.691275799522568
"8929-Charleston-Park,---12,-Orlando,-FL-32819","8929 Charleston Park, # 12, Orlando, FL 32819",8929 Charleston Park,# 12,Orlando,FL,32819,Orange,28.464724,-81.504883,condo,3.0,2.0,2216.0,7500.0,1981.0,Active,1325000,2025-03-09T00:00:00.000Z,30,14.096923772119156
"8426-Foxworth-Cir,---44,-Orlando,-FL-32819","8426 Foxworth Cir, # 44, Orlando, FL 32819",8426 Foxworth Cir,# 44,Orlando,FL,32819,Orange,28.459572,-81.498897,single_family,4.0,3.0,1923.0,3864.0,1996.0,Active,635000,2025-03-09T00:00:00.000Z,30,13.361381852676738
"6339-Coopers-Green-Ct,-Orlando,-FL-32819","6339 Coopers Green Ct, Orlando, FL 32819",6339 Coopers Green Ct,,Orlando,FL,32819,Orange,28.469719,-81.483829,single_family,3.0,2.0,1896.0,9899.0,1985.0,Active,715000,2025-03-10T00:00:00.000Z,29,13.480039220276565
"6006-Peregrine-Ave,-Unit-20D10,-Orlando,-FL-32819","6006 Peregrine Ave, Unit 20D10, Orlando, FL 32819",6006 Peregrine Ave,Unit 20D10,Orlando,FL,32819,Orange,28.486692,-81.463011,condo,2.0,2.0,999.0,6534.0,1974.0,Active,145000,2025-03-11T00:00:00.000Z,28,11.884495917930655
"9138-Bay-Point-Dr,-Orlando,-FL-32819","9138 Bay Point Dr, Orlando, FL 32819",9138 Bay Point Dr,,Orlando,FL,32819,Orange,28.4559,-81.518055,single_family,4.0,3.0,6018.0,17860.0,1997.0,Active,6350000,2025-03-11T00:00:00.000Z,28,15.663965528349177
"7601-Canada-Ave,---623,-Orlando,-FL-32819","7601 Canada Ave, # 623, Orlando, FL 32819",7601 Canada Ave,# 623,Orlando,FL,32819,Orange,28.452068,-81.467407,condo,1.0,1.0,542.0,542.0,1999.0,Active,140000,2025-03-10T00:00:00.000Z,29,11.849404844423074
"6881-Piazza-St,-Orlando,-FL-32819","6881 Piazza St, Orlando, FL 32819",6881 Piazza St,,Orlando,FL,32819,Orange,28.457592,-81.476957,townhouse,3.0,2.0,2327.0,3601.0,2006.0,Active,630000,2025-03-11T00:00:00.000Z,28,13.353476685668044
"5814-Bimini-Twist-Loop,-Orlando,-FL-32819","5814 Bimini Twist Loop, Orlando, FL 32819",5814 Bimini Twist Loop,,Orlando,FL,32819,Orange,28.442334,-81.481058,townhouse,3.0,2.0,1970.0,5062.0,2020.0,Active,620000,2025-03-13T00:00:00.000Z,26,13.3374763699232
"8905-South-Bay-Dr,-Orlando,-FL-32819","8905 South Bay Dr, Orlando, FL 32819",8905 South Bay Dr,,Orlando,FL,32819,Orange,28.449508,-81.508651,single_family,4.0,3.0,3220.0,20473.0,1987.0,Active,1200000,2025-03-14T00:00:00.000Z,25,13.997832948091215
"6165-Carrier-Dr,---3701,-Orlando,-FL-32819","6165 Carrier Dr, # 3701, Orlando, FL 32819",6165 Carrier Dr,# 3701,Orlando,FL,32819,Orange,28.456985,-81.46879,condo,2.0,2.0,583.0,583.0,1985.0,Active,310000,2025-03-15T00:00:00.000Z,24,12.644330802262578
"6165-Carrier-Dr,---3512,-Orlando,-FL-32819","6165 Carrier Dr, # 3512, Orlando, FL 32819",6165 Carrier Dr,# 3512,Orlando,FL,32819,Orange,28.456985,-81.46879,condo,1.0,1.0,408.0,408.0,1986.0,Active,250000,2025-03-15T00:00:00.000Z,24,12.429220196836383
"4834-Ute-St,-Orlando,-FL-32819","4834 Ute St, Orlando, FL 32819",4834 Ute St,,Orlando,FL,32819,Orange,28.456985,-81.443998,single_family,3.0,2.0,1000.0,7824.0,1959.0,Active,238000,2025-03-18T00:00:00.000Z,21,12.380030154325457
"6114-Peregrine-Ave,---D03,-Orlando,-FL-32819","6114 Peregrine Ave, # D03, Orlando, FL 32819",6114 Peregrine Ave,# D03,Orlando,FL,32819,Orange,28.485816,-81.464248,condo,2.0,2.0,999.0,3552.0,1974.0,Active,180000,2025-03-19T00:00:00.000Z,20,12.100717685412471
"5337-Foxshire-Ct,-Orlando,-FL-32819","5337 Foxshire Ct, Orlando, FL 32819",5337 Foxshire Ct,,Orlando,FL,32819,Orange,28.479555,-81.504641,single_family,5.0,4.0,3950.0,29185.0,1988.0,Active,1165000,2025-03-19T00:00:00.000Z,20,13.968232503350668
"7395-Universal-Blvd,---104,-Orlando,-FL-32819","7395 Universal Blvd, # 104, Orlando, FL 32819",7395 Universal Blvd,# 104,Orlando,FL,32819,Orange,28.456535,-81.462433,condo,1.0,1.0,671.0,671.0,2007.0,Active,189900,2025-03-19T00:00:00.000Z,20,12.15425816271595
"6847-Sperone-St,-Orlando,-FL-32819","6847 Sperone St, Orlando, FL 32819",6847 Sperone St,,Orlando,FL,32819,Orange,28.462595,-81.478635,townhouse,2.0,2.0,1540.0,1800.0,2006.0,Active,389000,2025-03-20T00:00:00.000Z,19,12.871337193291367
"7620-Bay-Port-Rd,---39,-Orlando,-FL-32819","7620 Bay Port Rd, # 39, Orlando, FL 32819",7620 Bay Port Rd,# 39,Orlando,FL,32819,Orange,28.459634,-81.485555,townhouse,2.0,2.0,1520.0,5074.0,1999.0,Active,378900,2025-03-20T00:00:00.000Z,19,12.845030236222001
"6936-Della-Dr,-Apt-33,-Orlando,-FL-32819","6936 Della Dr, Apt 33, Orlando, FL 32819",6936 Della Dr,Apt 33,Orlando,FL,32819,Orange,28.460569,-81.489388,condo,3.0,2.0,1312.0,5261.0,1998.0,Active,375000,2025-03-21T00:00:00.000Z,18,12.834683971615659
"5025-Shoreway-Loop,-Unit-204,-Orlando,-FL-32819","5025 Shoreway Loop, Unit 204, Orlando, FL 32819",5025 Shoreway Loop,Unit 204,Orlando,FL,32819,Orange,28.429521,-81.450192,condo,3.0,2.0,2097.0,2390.0,2006.0,Active,640000,2025-03-24T00:00:00.000Z,15,13.369225017834633
"8510-Cedar-Cove-Ct,-Orlando,-FL-32819","8510 Cedar Cove Ct, Orlando, FL 32819",8510 Cedar Cove Ct,,Orlando,FL,32819,Orange,28.46913,-81.501159,single_family,5.0,3.0,2773.0,16117.0,1979.0,Active,700000,2025-03-26T00:00:00.000Z,13,13.45883704259595
"8988-Houston-Pl,---303,-Orlando,-FL-32819","8988 Houston Pl, # 303, Orlando, FL 32819",8988 Houston Pl,# 303,Orlando,FL,32819,Orange,28.45867,-81.513711,condo,2.0,2.0,2394.0,11761.0,1979.0,Active,2125000,2025-03-25T00:00:00.000Z,14,14.56928283092878
"7003-Somerton-Blvd,-Orlando,-FL-32819","7003 Somerton Blvd, Orlando, FL 32819",7003 Somerton Blvd,,Orlando,FL,32819,Orange,28.460627,-81.497416,single_family,4.0,3.0,2580.0,5187.0,1997.0,Active,875000,2025-03-29T00:00:00.000Z,10,13.681980308196241
"6912-Hochad-Dr,-Orlando,-FL-32819","6912 Hochad Dr, Orlando, FL 32819",6912 Hochad Dr,,Orlando,FL,32819,Orange,28.462515,-81.480901,townhouse,3.0,2.0,1666.0,1800.0,2006.0,Active,417000,2025-03-29T00:00:00.000Z,10,12.940843898859598
"9000-Shawn-Park-Pl,-Orlando,-FL-32819","9000 Shawn Park Pl, Orlando, FL 32819",9000 Shawn Park Pl,,Orlando,FL,32819,Orange,28.45266,-81.509342,single_family,6.0,5.0,5071.0,15246.0,1986.0,Active,2595000,2025-03-31T00:00:00.000Z,8,14.769097459938507
"5026-Tideview-Cir,-Unit-17,-Orlando,-FL-32819","5026 Tideview Cir, Unit 17, Orlando, FL 32819",5026 Tideview Cir,Unit 17,Orlando,FL,32819,Orange,28.431067,-81.450267,townhouse,3.0,2.0,1741.0,646.0,2006.0,Active,544900,2025-03-31T00:00:00.000Z,8,13.208359405768626
"4940-Spring-Run-Ave,-Orlando,-FL-32819","4940 Spring Run Ave, Orlando, FL 32819",4940 Spring Run Ave,,Orlando,FL,32819,Orange,28.492405,-81.485417,single_family,4.0,3.0,2051.0,10890.0,1983.0,Active,555000,2025-03-31T00:00:00.000Z,8,13.22672519452875
"6165-Carrier-Dr,---3104,-Orlando,-FL-32819","6165 Carrier Dr, # 3104, Orlando, FL 32819",6165 Carrier Dr,# 3104,Orlando,FL,32819,Orange,28.456985,-81.46879,condo,2.0,2.0,583.0,583.0,1986.0,Active,269900,2025-03-31T00:00:00.000Z,8,12.505810504075185
"9226-Bayway-Dr,-Orlando,-FL-32819","9226 Bayway Dr, Orlando, FL 32819",9226 Bayway Dr,,Orlando,FL,32819,Orange,28.467881,-81.516287,single_family,6.0,5.0,5528.0,78408.0,2009.0,Active,2995000,2025-03-31T00:00:00.000Z,8,14.912455123421447
"5026-Tideview-Cir,---17,-Orlando,-FL-32819","5026 Tideview Cir, # 17, Orlando, FL 32819",5026 Tideview Cir,# 17,Orlando,FL,32819,Orange,28.431067,-81.450267,townhouse,3.0,2.0,1741.0,646.0,2006.0,Active,544900,2025-03-30T00:00:00.000Z,9,13.208359405768626
"5012-Shoreway-Loop,-Unit-205,-Orlando,-FL-32819","5012 Shoreway Loop, Unit 205, Orlando, FL 32819",5012 Shoreway Loop,Unit 205,Orlando,FL,32819,Orange,28.428642,-81.449557,condo,2.0,2.0,1823.0,2621.0,2007.0,Active,609990,2025-04-01T00:00:00.000Z,7,13.32119948194229
"4114-Breakview-Dr,---11002,-Orlando,-FL-32819","4114 Breakview Dr, # 11002, Orlando, FL 32819",4114 Breakview Dr,# 11002,Orlando,FL,32819,Orange,28.425525,-81.445858,condo,3.0,2.0,1412.0,1490.0,2007.0,Active,550000,2025-04-01T00:00:00.000Z,7,13.217675375388819
"7157-Carrickbend-Ln,-Orlando,-FL-32819","7157 Carrickbend Ln, Orlando, FL 32819",7157 Carrickbend Ln,,Orlando,FL,32819,Orange,28.44178,-81.478471,townhouse,3.0,2.0,1970.0,4200.0,2020.0,Active,585000,2025-04-02T00:00:00.000Z,6,13.279368835614243
"6165-Carrier-Dr,---2001,-Orlando,-FL-32819","6165 Carrier Dr, # 2001, Orlando, FL 32819",6165 Carrier Dr,# 2001,Orlando,FL,32819,Orange,28.45656,-81.467201,condo,2.0,2.0,578.0,578.0,1986.0,Active,265000,2025-04-02T00:00:00.000Z,6,12.487488878546145
"6700-Winder-Lynne-Ln,-Orlando,-FL-32819","6700 Winder Lynne Ln, Orlando, FL 32819",6700 Winder Lynne Ln,,Orlando,FL,32819,Orange,28.490217,-81.473317,single_family,4.0,2.0,1937.0,7667.0,2000.0,Active,534990,2025-04-02T00:00:00.000Z,6,13.190005203306738
"6823-Hochad-Dr,---6823,-Orlando,-FL-32819","6823 Hochad Dr, # 6823, Orlando, FL 32819",6823 Hochad Dr,# 6823,Orlando,FL,32819,Orange,28.463188,-81.480469,townhouse,3.0,2.0,1672.0,1800.0,2006.0,Active,405000,2025-04-02T00:00:00.000Z,6,12.91164481522143
"6790-Edgeworth-Dr,-Orlando,-FL-32819","6790 Edgeworth Dr, Orlando, FL 32819",6790 Edgeworth Dr,,Orlando,FL,32819,Orange,28.465392,-81.477613,single_family,4.0,3.0,2503.0,16553.0,1985.0,Active,1000000,2025-04-02T00:00:00.000Z,6,13.815511557963774
"7423-Elsworth-Ct,-Orlando,-FL-32819","7423 Elsworth Ct, Orlando, FL 32819",7423 Elsworth Ct,,Orlando,FL,32819,Orange,28.468388,-81.482873,single_family,3.0,2.0,1667.0,9178.0,1986.0,Active,499000,2025-04-03T00:00:00.000Z,5,13.120363378739663
"7269-Dr-Phillips-Blvd,-Orlando,-FL-32819","7269 Dr Phillips Blvd, Orlando, FL 32819",7269 Dr Phillips Blvd,,Orlando,FL,32819,Orange,28.456523,-81.490995,townhouse,3.0,2.0,1802.0,3032.0,1985.0,Active,499000,2025-04-03T00:00:00.000Z,5,13.120363378739663
"8800-Torey-Pines-Ter,-Orlando,-FL-32819","8800 Torey Pines Ter, Orlando, FL 32819",8800 Torey Pines Ter,,Orlando,FL,32819,Orange,28.483747,-81.50505,single_family,5.0,4.0,3472.0,22216.0,1989.0,Active,1350000,2025-04-03T00:00:00.000Z,5,14.115615891155079
"4102-Breakview-Dr,---30603,-Orlando,-FL-32819","4102 Breakview Dr, # 30603, Orlando, FL 32819",4102 Breakview Dr,# 30603,Orlando,FL,32819,Orange,28.425213,-81.4452,condo,3.0,2.0,1247.0,1455.0,2007.0,Active,549000,2025-04-03T00:00:00.000Z,5,13.215855541983634
"7455-Sparkling-Lake-Rd,-Orlando,-FL-32819","7455 Sparkling Lake Rd, Orlando, FL 32819",7455 Sparkling Lake Rd,,Orlando,FL,32819,Orange,28.472933,-81.481948,single_family,3.0,2.0,2745.0,16553.0,1987.0,Active,1169000,2025-04-04T00:00:00.000Z,4,13.971660095885833
"5202-Greenway-Dr,-Orlando,-FL-32819","5202 Greenway Dr, Orlando, FL 32819",5202 Greenway Dr,,Orlando,FL,32819,Orange,28.487812,-81.478061,single_family,3.0,3.0,2560.0,10019.0,1972.0,Active,600000,2025-04-04T00:00:00.000Z,4,13.304686600863562
"6019-Crystal-View-Dr,-Orlando,-FL-32819","6019 Crystal View Dr, Orlando, FL 32819",6019 Crystal View Dr,,Orlando,FL,32819,Orange,28.476492,-81.476274,single_family,4.0,3.0,2449.0,13504.0,1989.0,Active,650000,2025-04-04T00:00:00.000Z,4,13.384729180332174
"7601-Canada-Ave,---412,-Orlando,-FL-32819","7601 Canada Ave, # 412, Orlando, FL 32819",7601 Canada Ave,# 412,Orlando,FL,32819,Orange,28.452068,-81.467407,condo,1.0,1.0,542.0,7900.0,1999.0,Active,125000,2025-04-04T00:00:00.000Z,4,11.736077016252437
"4916-Winwood-Way,-Orlando,-FL-32819","4916 Winwood Way, Orlando, FL 32819",4916 Winwood Way,,Orlando,FL,32819,Orange,28.492755,-81.489726,single_family,4.0,2.0,2404.0,10019.0,1988.0,Active,750000,2025-04-04T00:00:00.000Z,4,13.527829818844937
"7629-Chapelhill-Dr,-Orlando,-FL-32819","7629 Chapelhill Dr, Orlando, FL 32819",7629 Chapelhill Dr,,Orlando,FL,32819,Orange,28.455594,-81.496395,townhouse,3.0,2.0,1648.0,2614.0,1989.0,Active,558900,2025-04-04T00:00:00.000Z,4,13.233727634485032
"6341-Edge-O-Grove-Cir,-Orlando,-FL-32819","6341 Edge O Grove Cir, Orlando, FL 32819",6341 Edge O Grove Cir,,Orlando,FL,32819,Orange,28.471059,-81.49793,single_family,3.0,2.0,1659.0,11326.0,1982.0,Active,565000,2025-04-06T00:00:00.000Z,2,13.244582780038517
"7801-Pine-Haven-Ct,-Orlando,-FL-32819","7801 Pine Haven Ct, Orlando, FL 32819",7801 Pine Haven Ct,,Orlando,FL,32819,Orange,28.483137,-81.490302,single_family,4.0,3.0,2341.0,12632.0,1986.0,Active,720000,2025-04-06T00:00:00.000Z,2,13.487007879880162
"7624-Udine-Ave,-Orlando,-FL-32819","7624 Udine Ave, Orlando, FL 32819",7624 Udine Ave,,Orlando,FL,32819,Orange,28.453938,-81.448109,single_family,3.0,2.0,1000.0,6124.0,1959.0,Active,300000,2025-03-11T00:00:00.000Z,27,12.611541086966115
"5640-Brookline-Dr,-Orlando,-FL-32819","5640 Brookline Dr, Orlando, FL 32819",5640 Brookline Dr,,Orlando,FL,32819,Orange,28.467647,-81.505993,single_family,5.0,4.0,4648.0,18295.0,2009.0,Active,2395000,2025-04-02T00:00:00.000Z,5,14.6888942063636
"7601-Canada-Ave,---320,-Orlando,-FL-32819","7601 Canada Ave, # 320, Orlando, FL 32819",7601 Canada Ave,# 320,Orlando,FL,32819,Orange,28.452068,-81.467407,condo,1.0,1.0,466.0,101059.0,1999.0,Active,120000,2025-03-31T00:00:00.000Z,6,11.695255355062795
"9227-Cypress-Cove-Dr,-Orlando,-FL-32819","9227 Cypress Cove Dr, Orlando, FL 32819",9227 Cypress Cove Dr,,Orlando,FL,32819,Orange,28.449294,-81.515188,single_family,4.0,3.0,3190.0,15682.0,1980.0,Inactive,998000,2024-06-27T00:00:00.000Z,282,13.813509557297108
"7217-Dr-Phillips-Blvd,-Orlando,-FL-32819","7217 Dr Phillips Blvd, Orlando, FL 32819",7217 Dr Phillips Blvd,,Orlando,FL,32819,Orange,28.457726,-81.490957,townhouse,2.0,2.0,1394.0,2427.0,1986.0,Inactive,435000,2025-02-19T00:00:00.000Z,45,12.983103608918753
"7521-Bay-Port-Rd,---12,-Orlando,-FL-32819","7521 Bay Port Rd, # 12, Orlando, FL 32819",7521 Bay Port Rd,# 12,Orlando,FL,32819,Orange,28.460579,-81.485674,condo,3.0,2.0,1808.0,5181.0,1999.0,Inactive,360000,2024-11-05T00:00:00.000Z,150,12.793862088206213
"5929-Cedar-Pine-Dr,-Orlando,-FL-32819","5929 Cedar Pine Dr, Orlando, FL 32819",5929 Cedar Pine Dr,,Orlando,FL,32819,Orange,28.477506,-81.49116,single_family,4.0,2.0,2182.0,14810.0,1986.0,Inactive,625000,2024-06-26T00:00:00.000Z,281,13.345508528717259
"6165-Carrier-Dr,---2306,-Orlando,-FL-32819","6165 Carrier Dr, # 2306, Orlando, FL 32819",6165 Carrier Dr,# 2306,Orlando,FL,32819,Orange,28.45656,-81.467201,condo,2.0,2.0,583.0,583.0,1986.0,Inactive,269000,2025-02-10T00:00:00.000Z,52,12.502470376049185
"5012-Shoreway-Loop,---20507,-Orlando,-FL-32819","5012 Shoreway Loop, # 20507, Orlando, FL 32819",5012 Shoreway Loop,# 20507,Orlando,FL,32819,Orange,28.428654,-81.449566,condo,2.0,2.0,1823.0,2621.0,2007.0,Inactive,609990,2025-04-01T00:00:00.000Z,1,13.32119948194229
"5517-Bay-Lagoon-Cir,-Orlando,-FL-32819","5517 Bay Lagoon Cir, Orlando, FL 32819",5517 Bay Lagoon Cir,,Orlando,FL,32819,Orange,28.484525,-81.483622,single_family,4.0,3.0,1862.0,12632.0,1985.0,Inactive,560000,2025-02-20T00:00:00.000Z,40,13.235693848424024
"9035-Easterling-Dr,-Orlando,-FL-32819","9035 Easterling Dr, Orlando, FL 32819",9035 Easterling Dr,,Orlando,FL,32819,Orange,28.452323,-81.515969,single_family,5.0,4.0,3693.0,19602.0,1978.0,Inactive,1125000,2024-07-05T00:00:00.000Z,269,13.933294482509151
"7395-Universal-Blvd,---604,-Orlando,-FL-32819","7395 Universal Blvd, # 604, Orlando, FL 32819",7395 Universal Blvd,# 604,Orlando,FL,32819,Orange,28.456535,-81.462433,condo,1.0,1.0,671.0,671.0,2007.0,Inactive,202000,2024-08-22T00:00:00.000Z,221,12.216027926866138
"5024-Shoreway-Loop,---10706,-Orlando,-FL-32819","5024 Shoreway Loop, # 10706, Orlando, FL 32819",5024 Shoreway Loop,# 10706,Orlando,FL,32819,Orange,28.42859,-81.450453,condo,3.0,2.0,2097.0,2792.0,2006.0,Inactive,639000,2024-09-29T00:00:00.000Z,183,13.367661298303675
"7651-Sugar-Bend-Dr,---7651,-Orlando,-FL-32819","7651 Sugar Bend Dr, # 7651, Orlando, FL 32819",7651 Sugar Bend Dr,# 7651,Orlando,FL,32819,Orange,28.455039,-81.493807,condo,3.0,2.0,1212.0,7796.0,1996.0,Inactive,408000,2024-12-09T00:00:00.000Z,112,12.919024904363686
"5071-Eaglesmere-Dr,---C01,-Orlando,-FL-32819","5071 Eaglesmere Dr, # C01, Orlando, FL 32819",5071 Eaglesmere Dr,# C01,Orlando,FL,32819,Orange,28.488783,-81.461986,condo,2.0,2.0,1139.0,2659.0,1974.0,Inactive,215000,2024-12-20T00:00:00.000Z,101,12.278397958261774
"8418-Cedar-Cove-Dr,-Orlando,-FL-32819","8418 Cedar Cove Dr, Orlando, FL 32819",8418 Cedar Cove Dr,,Orlando,FL,32819,Orange,28.468261,-81.498614,single_family,3.0,2.0,1547.0,12632.0,1982.0,Inactive,589400,2025-03-26T00:00:00.000Z,4,13.286862045924943
"4816-Tidecrest-Ave,-Unit-178,-Orlando,-FL-32819","4816 Tidecrest Ave, Unit 178, Orlando, FL 32819",4816 Tidecrest Ave,Unit 178,Orlando,FL,32819,Orange,28.428915,-81.445404,townhouse,3.0,2.0,1771.0,698.0,2007.0,Inactive,549000,2023-06-20T00:00:00.000Z,648,13.215855541983634
"6165-Carrier-Dr,---3208,-Orlando,-FL-32819","6165 Carrier Dr, # 3208, Orlando, FL 32819",6165 Carrier Dr,# 3208,Orlando,FL,32819,Orange,28.456985,-81.46879,condo,1.0,1.0,408.0,408.0,1986.0,Inactive,199990,2024-07-07T00:00:00.000Z,265,12.206027644517643
"8241-Caraway-Dr,-Orlando,-FL-32819","8241 Caraway Dr, Orlando, FL 32819",8241 Caraway Dr,,Orlando,FL,32819,Orange,28.463843,-81.496667,single_family,4.0,2.0,1957.0,10890.0,1979.0,Inactive,635000,2024-09-28T00:00:00.000Z,182,13.361381852676738
"5737-Masters-Blvd,-Orlando,-FL-32819","5737 Masters Blvd, Orlando, FL 32819",5737 Masters Blvd,,Orlando,FL,32819,Orange,28.471147,-81.512085,single_family,3.0,3.0,3589.0,23087.0,1981.0,Inactive,1450000,2025-01-15T00:00:00.000Z,73,14.187074804051692
"8625-Bay-Hill-Blvd,-Orlando,-FL-32819","8625 Bay Hill Blvd, Orlando, FL 32819",8625 Bay Hill Blvd,,Orlando,FL,32819,Orange,28.458839,-81.505203,single_family,4.0,4.0,3606.0,19166.0,2002.0,Inactive,2295000,2024-03-02T00:00:00.000Z,391,14.646243837206535
"6165-Carrier-Dr,---2401,-Orlando,-FL-32819","6165 Carrier Dr, # 2401, Orlando, FL 32819",6165 Carrier Dr,# 2401,Orlando,FL,32819,Orange,28.456602,-81.46814,condo,2.0,2.0,578.0,578.0,1986.0,Inactive,220000,2024-12-27T00:00:00.000Z,91,12.301387370778713
"9109-Galleon-Dr,-Orlando,-FL-32819","9109 Galleon Dr, Orlando, FL 32819",9109 Galleon Dr,,Orlando,FL,32819,Orange,28.475521,-81.513565,single_family,3.0,2.0,1894.0,11326.0,1986.0,Inactive,579000,2025-03-19T00:00:00.000Z,9,13.269059483669357
"8800-Latrec-Ave,---9103,-Orlando,-FL-32819","8800 Latrec Ave, # 9103, Orlando, FL 32819",8800 Latrec Ave,# 9103,Orlando,FL,32819,Orange,28.437556,-81.479389,condo,2.0,2.0,1003.0,10019.0,1994.0,Inactive,210000,2024-07-19T00:00:00.000Z,251,12.25486757159303
"6165-Carrier-Dr,---1504,-Orlando,-FL-32819","6165 Carrier Dr, # 1504, Orlando, FL 32819",6165 Carrier Dr,# 1504,Orlando,FL,32819,Orange,28.45656,-81.467201,condo,2.0,2.0,583.0,583.0,1985.0,Inactive,234000,2025-03-17T00:00:00.000Z,9,12.36308066783498
"6165-Carrier-Dr,---2108,-Orlando,-FL-32819","6165 Carrier Dr, # 2108, Orlando, FL 32819",6165 Carrier Dr,# 2108,Orlando,FL,32819,Orange,28.456566,-81.467035,condo,1.0,1.0,408.0,408.0,1986.0,Inactive,170000,2025-02-25T00:00:00.000Z,28,12.04355959836804
"4114-Breakview-Dr,---30502,-Orlando,-FL-32819","4114 Breakview Dr, # 30502, Orlando, FL 32819",4114 Breakview Dr,# 30502,Orlando,FL,32819,Orange,28.425429,-81.445724,condo,3.0,2.0,1412.0,1488.0,2007.0,Inactive,550000,2024-09-26T00:00:00.000Z,177,13.217675375388819
"6850-Spring-Rain-Dr,-Orlando,-FL-32819","6850 Spring Rain Dr, Orlando, FL 32819",6850 Spring Rain Dr,,Orlando,FL,32819,Orange,28.461115,-81.482986,single_family,4.0,3.0,2769.0,16988.0,1987.0,Inactive,1450000,2024-11-26T00:00:00.000Z,116,14.187074804051692
"6312-Masters-Blvd,---O2,-Orlando,-FL-32819","6312 Masters Blvd, # O2, Orlando, FL 32819",6312 Masters Blvd,# O2,Orlando,FL,32819,Orange,28.456662,-81.512032,condo,2.0,2.0,1984.0,5342.0,1985.0,Inactive,640000,2024-11-23T00:00:00.000Z,119,13.369225017834633
"7496-Lake-Marsha-Dr,-Orlando,-FL-32819","7496 Lake Marsha Dr, Orlando, FL 32819",7496 Lake Marsha Dr,,Orlando,FL,32819,Orange,28.478204,-81.486774,single_family,4.0,3.0,3248.0,23087.0,1980.0,Inactive,1100000,2025-02-20T00:00:00.000Z,29,13.910821646859095
"5142-Pine-Top-Pl,-Orlando,-FL-32819","5142 Pine Top Pl, Orlando, FL 32819",5142 Pine Top Pl,,Orlando,FL,32819,Orange,28.484696,-81.505317,single_family,4.0,3.0,3132.0,23087.0,1989.0,Inactive,975000,2025-02-21T00:00:00.000Z,28,13.790193775620484
"6928-Sugarbush-Dr,-Orlando,-FL-32819","6928 Sugarbush Dr, Orlando, FL 32819",6928 Sugarbush Dr,,Orlando,FL,32819,Orange,28.465134,-81.496731,single_family,3.0,2.0,1671.0,12197.0,1979.0,Inactive,514999,2024-12-30T00:00:00.000Z,80,13.151922179645874
"7943-Snowberry-Cir,-Orlando,-FL-32819","7943 Snowberry Cir, Orlando, FL 32819",7943 Snowberry Cir,,Orlando,FL,32819,Orange,28.487265,-81.488794,single_family,3.0,3.0,2180.0,10454.0,1987.0,Inactive,625000,2025-02-09T00:00:00.000Z,38,13.345508528717259
"8606-Summerville-Pl,-Orlando,-FL-32819","8606 Summerville Pl, Orlando, FL 32819",8606 Summerville Pl,,Orlando,FL,32819,Orange,28.485488,-81.498137,single_family,4.0,3.0,2949.0,22216.0,1990.0,Inactive,1100000,2025-03-09T00:00:00.000Z,10,13.910821646859095
"6918-Ravenna-Ave,-Orlando,-FL-32819","6918 Ravenna Ave, Orlando, FL 32819",6918 Ravenna Ave,,Orlando,FL,32819,Orange,28.460104,-81.445691,single_family,3.0,2.0,1000.0,6100.0,1961.0,Inactive,290000,2024-12-20T00:00:00.000Z,88,12.577639650232573
"7624-Bay-Port-Rd,---40,-Orlando,-FL-32819","7624 Bay Port Rd, # 40, Orlando, FL 32819",7624 Bay Port Rd,# 40,Orlando,FL,32819,Orange,28.459634,-81.485555,condo,3.0,2.0,1808.0,5074.0,1999.0,Inactive,379000,2025-02-14T00:00:00.000Z,32,12.84529412258351
"4824-Shoshone-St,-Orlando,-FL-32819","4824 Shoshone St, Orlando, FL 32819",4824 Shoshone St,,Orlando,FL,32819,Orange,28.456245,-81.443608,single_family,3.0,2.0,1170.0,6308.0,1959.0,Inactive,280000,2025-03-11T00:00:00.000Z,7,12.54254845357358
"5012-Shoreway-Loop,---30307,-Orlando,-FL-32819","5012 Shoreway Loop, # 30307, Orlando, FL 32819",5012 Shoreway Loop,# 30307,Orlando,FL,32819,Orange,28.42883,-81.449315,condo,3.0,2.0,2097.0,2763.0,2007.0,Inactive,659999,2025-01-30T00:00:00.000Z,46,13.399995114002609
"8244-Oakland-Pl,-Orlando,-FL-32819","8244 Oakland Pl, Orlando, FL 32819",8244 Oakland Pl,,Orlando,FL,32819,Orange,28.486724,-81.496721,single_family,4.0,3.0,3950.0,44431.0,1992.0,Inactive,1300000,2025-03-12T00:00:00.000Z,5,14.077875591662238
"7601-Canada-Ave,---309,-Orlando,-FL-32819","7601 Canada Ave, # 309, Orlando, FL 32819",7601 Canada Ave,# 309,Orlando,FL,32819,Orange,28.452068,-81.467407,condo,1.0,1.0,542.0,542.0,1999.0,Inactive,125000,2024-06-29T00:00:00.000Z,260,11.736077016252437
"7720-Ravenna-Ave,-Orlando,-FL-32819","7720 Ravenna Ave, Orlando, FL 32819",7720 Ravenna Ave,,Orlando,FL,32819,Orange,28.453205,-81.445604,single_family,3.0,1.0,840.0,6126.0,1958.0,Inactive,279990,2024-08-08T00:00:00.000Z,220,12.542512738777651
"5026-Tideview-Ave,---14,-Orlando,-FL-32819","5026 Tideview Ave, # 14, Orlando, FL 32819",5026 Tideview Ave,# 14,Orlando,FL,32819,Orange,28.431121,-81.450423,townhouse,3.0,2.0,1741.0,688.0,2006.0,Inactive,519900,2024-11-27T00:00:00.000Z,109,13.161393687816775
"6224-Peregrine-Ct,-Orlando,-FL-32819","6224 Peregrine Ct, Orlando, FL 32819",6224 Peregrine Ct,,Orlando,FL,32819,Orange,28.48471,-81.465989,townhouse,3.0,2.0,2696.0,7900.0,1987.0,Inactive,290000,2024-11-18T00:00:00.000Z,117,12.577639650232573
"7615-Bay-Port-Rd,---36,-Orlando,-FL-32819","7615 Bay Port Rd, # 36, Orlando, FL 32819",7615 Bay Port Rd,# 36,Orlando,FL,32819,Orange,28.459273,-81.485664,condo,3.0,2.0,1831.0,5177.0,1999.0,Inactive,415000,2025-01-10T00:00:00.000Z,64,12.936036208848487
"4001-Breakview-Dr,---D306,-Orlando,-FL-32819","4001 Breakview Dr, # D306, Orlando, FL 32819",4001 Breakview Dr,# D306,Orlando,FL,32819,Orange,28.425162,-81.443582,condo,3.0,2.0,1185.0,1202.0,2021.0,Inactive,585000,2025-02-07T00:00:00.000Z,36,13.279368835614243
"7709-Sundial-Ln,-Orlando,-FL-32819","7709 Sundial Ln, Orlando, FL 32819",7709 Sundial Ln,,Orlando,FL,32819,Orange,28.45391,-81.493863,townhouse,3.0,2.0,2084.0,2553.0,1987.0,Inactive,564764,2025-02-08T00:00:00.000Z,35,13.244164994402494
"9120-South-Bay-Dr,-Orlando,-FL-32819","9120 South Bay Dr, Orlando, FL 32819",9120 South Bay Dr,,Orlando,FL,32819,Orange,28.448233,-81.512043,single_family,5.0,4.0,4519.0,19166.0,1994.0,Inactive,1750000,2024-11-02T00:00:00.000Z,131,14.375126917328105
"5509-Bay-Lagoon-Cir,-Orlando,-FL-32819","5509 Bay Lagoon Cir, Orlando, FL 32819",5509 Bay Lagoon Cir,,Orlando,FL,32819,Orange,28.484726,-81.483624,single_family,4.0,3.0,2193.0,12632.0,1985.0,Inactive,470000,2024-12-20T00:00:00.000Z,83,13.060490101343552
"6256-Masters-Blvd,-Apt-103,-Orlando,-FL-32819","6256 Masters Blvd, Apt 103, Orlando, FL 32819",6256 Masters Blvd,Apt 103,Orlando,FL,32819,Orange,28.458067,-81.512412,condo,2.0,2.0,1498.0,9205.0,1971.0,Inactive,560000,2025-01-30T00:00:00.000Z,42,13.235693848424024
"5077-W-Ernst-Ct,---3,-Orlando,-FL-32819","5077 W Ernst Ct, # 3, Orlando, FL 32819",5077 W Ernst Ct,# 3,Orlando,FL,32819,Orange,28.48865,-81.462983,condo,2.0,2.0,1230.0,948.0,1985.0,Inactive,275000,2024-10-07T00:00:00.000Z,156,12.524530013005734
"7550-Hinson-St,---11,-Orlando,-FL-32819","7550 Hinson St, # 11, Orlando, FL 32819",7550 Hinson St,# 11,Orlando,FL,32819,Orange,28.451626,-81.48463,condo,3.0,2.0,2650.0,13504.0,1985.0,Inactive,698000,2025-02-17T00:00:00.000Z,23,13.455975814408239
"5319-Glasgow-Ave,-Orlando,-FL-32819","5319 Glasgow Ave, Orlando, FL 32819",5319 Glasgow Ave,,Orlando,FL,32819,Orange,28.485045,-81.479438,single_family,4.0,2.0,1318.0,13068.0,1972.0,Inactive,400000,2025-01-28T00:00:00.000Z,42,12.899222326086994
"7601-Canada-Ave,---605,-Orlando,-FL-32819","7601 Canada Ave, # 605, Orlando, FL 32819",7601 Canada Ave,# 605,Orlando,FL,32819,Orange,28.452068,-81.467407,condo,1.0,1.0,542.0,542.0,1999.0,Inactive,117990,2024-08-14T00:00:00.000Z,207,11.678363629352566
"7601-Canada-Ave,---221,-Orlando,-FL-32819","7601 Canada Ave, # 221, Orlando, FL 32819",7601 Canada Ave,# 221,Orlando,FL,32819,Orange,28.452068,-81.467407,condo,1.0,1.0,542.0,542.0,1999.0,Inactive,115000,2024-12-12T00:00:00.000Z,87,11.652696102959753
"8747-Crestgate-Cir,-Orlando,-FL-32819","8747 Crestgate Cir, Orlando, FL 32819",8747 Crestgate Cir,,Orlando,FL,32819,Orange,28.477532,-81.504178,single_family,6.0,5.0,4273.0,14375.0,2000.0,Inactive,1650000,2024-09-07T00:00:00.000Z,182,14.316286451937186
"7601-Canada-Ave,---325,-Orlando,-FL-32819","7601 Canada Ave, # 325, Orlando, FL 32819",7601 Canada Ave,# 325,Orlando,FL,32819,Orange,28.452068,-81.467407,condo,1.0,1.0,466.0,466.0,1999.0,Inactive,109900,2024-12-06T00:00:00.000Z,92,11.60733523953139
"7395-Universal-Blvd,---1005,-Orlando,-FL-32819","7395 Universal Blvd, # 1005, Orlando, FL 32819",7395 Universal Blvd,# 1005,Orlando,FL,32819,Orange,28.456535,-81.462433,condo,2.0,2.0,1056.0,9150.0,2007.0,Inactive,312490,2025-02-07T00:00:00.000Z,29,12.652330947743865
"6165-Carrier-Dr,---1204,-Orlando,-FL-32819","6165 Carrier Dr, # 1204, Orlando, FL 32819",6165 Carrier Dr,# 1204,Orlando,FL,32819,Orange,28.456602,-81.46814,condo,2.0,2.0,583.0,9168.0,1985.0,Inactive,319000,2023-12-16T00:00:00.000Z,447,12.672949516558306
"6992-Brescia-Way,-Orlando,-FL-32819","6992 Brescia Way, Orlando, FL 32819",6992 Brescia Way,,Orlando,FL,32819,Orange,28.460605,-81.478615,single_family,4.0,3.0,2988.0,5495.0,2005.0,Inactive,725000,2025-02-19T00:00:00.000Z,16,13.493928313146206
"6165-Carrier-Dr,---1501,-Orlando,-FL-32819","6165 Carrier Dr, # 1501, Orlando, FL 32819",6165 Carrier Dr,# 1501,Orlando,FL,32819,Orange,28.456934,-81.467756,condo,2.0,2.0,583.0,578.0,1985.0,Inactive,234900,2025-02-24T00:00:00.000Z,11,12.366919427768636
"7601-Canada-Ave,---409,-Orlando,-FL-32819","7601 Canada Ave, # 409, Orlando, FL 32819",7601 Canada Ave,# 409,Orlando,FL,32819,Orange,28.452068,-81.467691,condo,1.0,1.0,542.0,542.0,1999.0,Inactive,115999,2024-02-08T00:00:00.000Z,392,11.661345470088502
"8304-Via-Vittoria-Way,-Orlando,-FL-32819","8304 Via Vittoria Way, Orlando, FL 32819",8304 Via Vittoria Way,,Orlando,FL,32819,Orange,28.45152,-81.495979,single_family,4.0,3.0,3858.0,4802.0,2019.0,Inactive,1495000,2024-09-27T00:00:00.000Z,158,14.217637433703022
"8203-Bluestar-Cir,-Orlando,-FL-32819","8203 Bluestar Cir, Orlando, FL 32819",8203 Bluestar Cir,,Orlando,FL,32819,Orange,28.470196,-81.493825,single_family,4.0,3.0,2343.0,12197.0,1987.0,Inactive,330000,2025-02-24T00:00:00.000Z,8,12.706850963741102
"7213-Greenville-Ct,-Orlando,-FL-32819","7213 Greenville Ct, Orlando, FL 32819",7213 Greenville Ct,,Orlando,FL,32819,Orange,28.465715,-81.476175,single_family,3.0,2.0,1959.0,11326.0,1985.0,Inactive,599000,2025-02-25T00:00:00.000Z,7,13.303018546545275
"6222-Masters-Blvd,-Apt-202,-Orlando,-FL-32819","6222 Masters Blvd, Apt 202, Orlando, FL 32819",6222 Masters Blvd,Apt 202,Orlando,FL,32819,Orange,28.458403,-81.512838,condo,3.0,3.0,2028.0,9548.0,1971.0,Inactive,825000,2024-02-23T00:00:00.000Z,372,13.623139877437296
"7395-Universal-Blvd,---503,-Orlando,-FL-32819","7395 Universal Blvd, # 503, Orlando, FL 32819",7395 Universal Blvd,# 503,Orlando,FL,32819,Orange,28.456535,-81.462433,condo,1.0,1.0,671.0,671.0,2007.0,Inactive,210000,2024-07-28T00:00:00.000Z,216,12.25486757159303
"5135-Eaglesmere-Dr,---E06,-Orlando,-FL-32819","5135 Eaglesmere Dr, # E06, Orlando, FL 32819",5135 Eaglesmere Dr,# E06,Orlando,FL,32819,Orange,28.487852,-81.46225,condo,3.0,2.0,1146.0,3553.0,1974.0,Inactive,240000,2024-08-30T00:00:00.000Z,183,12.388398368982115
"6019-Bay-Valley-Ct,-Orlando,-FL-32819","6019 Bay Valley Ct, Orlando, FL 32819",6019 Bay Valley Ct,,Orlando,FL,32819,Orange,28.461255,-81.500322,single_family,4.0,3.0,2138.0,5772.0,2000.0,Inactive,625000,2024-12-16T00:00:00.000Z,75,13.345508528717259
"8216-Bluestar-Cir,-Orlando,-FL-32819","8216 Bluestar Cir, Orlando, FL 32819",8216 Bluestar Cir,,Orlando,FL,32819,Orange,28.470719,-81.494386,manufactured,4.0,2.0,1925.0,11326.0,1987.0,Inactive,447000,2025-02-21T00:00:00.000Z,8,13.010316110729669
"8915-Latrec-Ave,---2311,-Orlando,-FL-32819","8915 Latrec Ave, # 2311, Orlando, FL 32819",8915 Latrec Ave,# 2311,Orlando,FL,32819,Orange,28.436135,-81.477395,condo,1.0,1.0,671.0,10890.0,1994.0,Inactive,175000,2025-02-10T00:00:00.000Z,18,12.07254696717504
"4816-Tidecrest-Ave,-Unit-175,-Orlando,-FL-32819","4816 Tidecrest Ave, Unit 175, Orlando, FL 32819",4816 Tidecrest Ave,Unit 175,Orlando,FL,32819,Orange,28.428857,-81.445251,townhouse,3.0,2.0,1777.0,688.0,2007.0,Inactive,566000,2024-06-08T00:00:00.000Z,264,13.246351123968212
"7623-Bay-Port-Rd,---60,-Orlando,-FL-32819","7623 Bay Port Rd, # 60, Orlando, FL 32819",7623 Bay Port Rd,# 60,Orlando,FL,32819,Orange,28.459577,-81.485112,condo,3.0,2.0,1831.0,7900.0,1999.0,Inactive,385999,2024-11-15T00:00:00.000Z,104,12.863592648446968
"7500-Toscana-Blvd,-Apt-323,-Orlando,-FL-32819","7500 Toscana Blvd, Apt 323, Orlando, FL 32819",7500 Toscana Blvd,Apt 323,Orlando,FL,32819,Orange,28.456366,-81.478537,condo,3.0,2.0,2030.0,8905.0,2006.0,Inactive,499900,2024-05-31T00:00:00.000Z,271,13.12216535779974
"6205-Peregrine-Ct,---6205,-Orlando,-FL-32819","6205 Peregrine Ct, # 6205, Orlando, FL 32819",6205 Peregrine Ct,# 6205,Orlando,FL,32819,Orange,28.485247,-81.465571,condo,3.0,2.0,1507.0,2700.0,1989.0,Inactive,345000,2023-11-16T00:00:00.000Z,465,12.75130259456002
"6054-Bimini-Twist-Loop,-Orlando,-FL-32819","6054 Bimini Twist Loop, Orlando, FL 32819",6054 Bimini Twist Loop,,Orlando,FL,32819,Orange,28.443562,-81.480867,single_family,5.0,4.0,4048.0,6249.0,2019.0,Inactive,1390000,2025-02-02T00:00:00.000Z,21,14.144815024531075
"8036-Cool-Breeze-Dr,---134,-Orlando,-FL-32819","8036 Cool Breeze Dr, # 134, Orlando, FL 32819",8036 Cool Breeze Dr,# 134,Orlando,FL,32819,Orange,28.429386,-81.452391,townhouse,3.0,2.0,1741.0,688.0,2005.0,Inactive,509900,2024-09-10T00:00:00.000Z,164,13.141971868210181
"5787-Peregrine-Ave,---C09,-Orlando,-FL-32819","5787 Peregrine Ave, # C09, Orlando, FL 32819",5787 Peregrine Ave,# C09,Orlando,FL,32819,Orange,28.487617,-81.460717,condo,2.0,2.0,1139.0,6274.0,1974.0,Inactive,184000,2024-12-07T00:00:00.000Z,76,12.122696471358964
"7308-Pinemount-Dr,-Orlando,-FL-32819","7308 Pinemount Dr, Orlando, FL 32819",7308 Pinemount Dr,,Orlando,FL,32819,Orange,28.469507,-81.481781,single_family,4.0,3.0,2561.0,11761.0,1985.0,Inactive,699000,2024-05-24T00:00:00.000Z,272,13.457407451830088
"6843-Sperone-St,-Orlando,-FL-32819","6843 Sperone St, Orlando, FL 32819",6843 Sperone St,,Orlando,FL,32819,Orange,28.462644,-81.478635,townhouse,3.0,2.0,1672.0,1800.0,2006.0,Inactive,389000,2024-09-11T00:00:00.000Z,162,12.871337193291367
"8000-Cool-Breeze-Dr,---105,-Orlando,-FL-32819","8000 Cool Breeze Dr, # 105, Orlando, FL 32819",8000 Cool Breeze Dr,# 105,Orlando,FL,32819,Orange,28.430217,-81.451256,townhouse,3.0,2.0,1746.0,687.0,2006.0,Inactive,534900,2024-10-24T00:00:00.000Z,118,13.189836962025913
"6920-Phillips-Reserve-Ct,-Orlando,-FL-32819","6920 Phillips Reserve Ct, Orlando, FL 32819",6920 Phillips Reserve Ct,,Orlando,FL,32819,Orange,28.489333,-81.472824,single_family,4.0,3.0,2916.0,11326.0,2018.0,Inactive,838000,2024-11-14T00:00:00.000Z,97,13.63877457278093
"7601-Canada-Ave,---220,-Orlando,-FL-32819","7601 Canada Ave, # 220, Orlando, FL 32819",7601 Canada Ave,# 220,Orlando,FL,32819,Orange,28.452068,-81.467407,condo,1.0,1.0,466.0,466.0,1999.0,Inactive,125000,2024-05-10T00:00:00.000Z,284,11.736077016252437
"7808-Clubhouse-Estates-Dr,-Orlando,-FL-32819","7808 Clubhouse Estates Dr, Orlando, FL 32819",7808 Clubhouse Estates Dr,,Orlando,FL,32819,Orange,28.453552,-81.499374,single_family,3.0,2.0,1523.0,12197.0,1980.0,Inactive,550000,2024-06-28T00:00:00.000Z,235,13.217675375388819
"7863-Sugar-Bend-Dr,---7863,-Orlando,-FL-32819","7863 Sugar Bend Dr, # 7863, Orlando, FL 32819",7863 Sugar Bend Dr,# 7863,Orlando,FL,32819,Orange,28.45801,-81.493666,condo,2.0,2.0,1075.0,7796.0,1996.0,Inactive,295000,2024-08-12T00:00:00.000Z,190,12.59473402514672
"7654-Sugar-Bend-Dr,---7654,-Orlando,-FL-32819","7654 Sugar Bend Dr, # 7654, Orlando, FL 32819",7654 Sugar Bend Dr,# 7654,Orlando,FL,32819,Orange,28.45553,-81.49366,condo,2.0,2.0,1075.0,7796.0,1996.0,Inactive,310000,2025-02-03T00:00:00.000Z,15,12.644330802262578
"8404-Arbor-Gate-Ct,-Orlando,-FL-32819","8404 Arbor Gate Ct, Orlando, FL 32819",8404 Arbor Gate Ct,,Orlando,FL,32819,Orange,28.456302,-81.501455,single_family,2.0,2.0,3083.0,17860.0,2004.0,Inactive,1150000,2024-12-27T00:00:00.000Z,51,13.955273369904273
"9117-Bay-Point-Dr,-Orlando,-FL-32819","9117 Bay Point Dr, Orlando, FL 32819",9117 Bay Point Dr,,Orlando,FL,32819,Orange,28.456719,-81.517817,single_family,3.0,2.0,2651.0,14375.0,1981.0,Inactive,2075000,2024-03-20T00:00:00.000Z,332,14.54547219357453
"7600-Lake-Marsha-Dr,-Orlando,-FL-32819","7600 Lake Marsha Dr, Orlando, FL 32819",7600 Lake Marsha Dr,,Orlando,FL,32819,Orange,28.476781,-81.48664,single_family,4.0,3.0,3282.0,29621.0,1970.0,Inactive,1100000,2024-09-13T00:00:00.000Z,155,13.910821646859095
"8197-Via-Vittoria-Way,-Orlando,-FL-32819","8197 Via Vittoria Way, Orlando, FL 32819",8197 Via Vittoria Way,,Orlando,FL,32819,Orange,28.451972,-81.493854,single_family,3.0,2.0,3251.0,4800.0,2015.0,Inactive,1250000,2025-02-13T00:00:00.000Z,2,14.038654909278163
"6165-Carrier-Dr,---1803,-Orlando,-FL-32819","6165 Carrier Dr, # 1803, Orlando, FL 32819",6165 Carrier Dr,# 1803,Orlando,FL,32819,Orange,28.45656,-81.467201,condo,2.0,2.0,583.0,583.0,1985.0,Inactive,269000,2025-01-05T00:00:00.000Z,40,12.502470376049185
"8978-Easterling-Dr,-Orlando,-FL-32819","8978 Easterling Dr, Orlando, FL 32819",8978 Easterling Dr,,Orlando,FL,32819,Orange,28.450932,-81.514443,single_family,3.0,3.0,3000.0,18731.0,1973.0,Inactive,895000,2025-02-05T00:00:00.000Z,9,13.704580114574805
"9137-Dollanger-Ct,-Orlando,-FL-32819","9137 Dollanger Ct, Orlando, FL 32819",9137 Dollanger Ct,,Orlando,FL,32819,Orange,28.481306,-81.508956,single_family,3.0,2.0,2236.0,12632.0,2000.0,Inactive,565000,2024-11-22T00:00:00.000Z,83,13.244582780038517
"7798-Snowberry-Cir,-Orlando,-FL-32819","7798 Snowberry Cir, Orlando, FL 32819",7798 Snowberry Cir,,Orlando,FL,32819,Orange,28.48934,-81.490875,single_family,4.0,2.0,2034.0,13068.0,1988.0,Inactive,549000,2025-01-19T00:00:00.000Z,25,13.215855541983634
"10330-Turkey-Lake-Ak-a-107-Rd,---A4,-Orlando,-FL-32819","10330 Turkey Lake Ak/a 107 Rd, # A4, Orlando, FL 32819",10330 Turkey Lake Ak/a 107 Rd,# A4,Orlando,FL,32819,Orange,28.417763,-81.476692,condo,1.0,2.0,745.0,32452200.0,1984.0,Inactive,200000,2024-03-14T00:00:00.000Z,335,12.206077645517674
"7601-Canada-Ave,---405,-Orlando,-FL-32819","7601 Canada Ave, # 405, Orlando, FL 32819",7601 Canada Ave,# 405,Orlando,FL,32819,Orange,28.452068,-81.467407,condo,1.0,1.0,542.0,542.0,1999.0,Inactive,115000,2025-01-17T00:00:00.000Z,26,11.652696102959753
"7601-Canada-Ave,---119,-Orlando,-FL-32819","7601 Canada Ave, # 119, Orlando, FL 32819",7601 Canada Ave,# 119,Orlando,FL,32819,Orange,28.452068,-81.467691,condo,1.0,1.0,542.0,542.0,1999.0,Inactive,110000,2024-07-12T00:00:00.000Z,214,11.608244735642321
"7395-Universal-Blvd,-Unit-904,-Orlando,-FL-32819","7395 Universal Blvd, Unit 904, Orlando, FL 32819",7395 Universal Blvd,Unit 904,Orlando,FL,32819,Orange,28.456535,-81.462433,condo,1.0,1.0,671.0,7900.0,2007.0,Inactive,188500,2024-10-03T00:00:00.000Z,131,12.146858590895919
"6165-Carrier-Dr,---803,-Orlando,-FL-32819","6165 Carrier Dr, # 803, Orlando, FL 32819",6165 Carrier Dr,# 803,Orlando,FL,32819,Orange,28.456927,-81.468843,condo,2.0,2.0,583.0,583.0,1985.0,Inactive,269000,2025-01-05T00:00:00.000Z,37,12.502470376049185
"5801-Windhover-Dr,---A01,-Orlando,-FL-32819","5801 Windhover Dr, # A01, Orlando, FL 32819",5801 Windhover Dr,# A01,Orlando,FL,32819,Orange,28.485607,-81.461443,condo,1.0,1.0,591.0,6331.0,1974.0,Inactive,169900,2025-01-24T00:00:00.000Z,18,12.042971193457888
"7631-Toscana-Blvd,-Orlando,-FL-32819","7631 Toscana Blvd, Orlando, FL 32819",7631 Toscana Blvd,,Orlando,FL,32819,Orange,28.454469,-81.479159,single_family,6.0,6.0,4276.0,6317.0,2014.0,Inactive,1699000,2025-02-06T00:00:00.000Z,5,14.345550989235415
"8461-Via-Vittoria-Way,-Orlando,-FL-32819","8461 Via Vittoria Way, Orlando, FL 32819",8461 Via Vittoria Way,,Orlando,FL,32819,Orange,28.451577,-81.495121,single_family,3.0,2.0,2863.0,5628.0,2015.0,Inactive,1350000,2024-10-22T00:00:00.000Z,111,14.115615891155079
"5803-Clearview-Dr,-Orlando,-FL-32819","5803 Clearview Dr, Orlando, FL 32819",5803 Clearview Dr,,Orlando,FL,32819,Orange,28.480523,-81.477447,single_family,4.0,3.0,1444.0,10454.0,1970.0,Inactive,429900,2025-01-20T00:00:00.000Z,20,12.971310228604022
"8625-Spindletop-Dr,-Orlando,-FL-32819","8625 Spindletop Dr, Orlando, FL 32819",8625 Spindletop Dr,,Orlando,FL,32819,Orange,28.489701,-81.503201,single_family,5.0,4.0,4618.0,12197.0,2001.0,Inactive,1100000,2025-01-31T00:00:00.000Z,6,13.910821646859095
"6165-Carrier-Dr,---3413,-Orlando,-FL-32819","6165 Carrier Dr, # 3413, Orlando, FL 32819",6165 Carrier Dr,# 3413,Orlando,FL,32819,Orange,28.456985,-81.46879,condo,1.0,1.0,485.0,485.0,1986.0,Inactive,164000,2024-08-19T00:00:00.000Z,170,12.00762780434872
"7422-Lake-Marsha-Dr,-Orlando,-FL-32819","7422 Lake Marsha Dr, Orlando, FL 32819",7422 Lake Marsha Dr,,Orlando,FL,32819,Orange,28.481633,-81.484567,single_family,5.0,3.0,3721.0,27443.0,2002.0,Inactive,1350000,2024-09-27T00:00:00.000Z,131,14.115615891155079
"6024-Shore-Line-Dr,-Orlando,-FL-32819","6024 Shore Line Dr, Orlando, FL 32819",6024 Shore Line Dr,,Orlando,FL,32819,Orange,28.47678,-81.478206,single_family,4.0,3.0,2070.0,23958.0,1989.0,Inactive,975000,2024-04-04T00:00:00.000Z,305,13.790193775620484
"6248-Masters-Blvd,---D103,-Orlando,-FL-32819","6248 Masters Blvd, # D103, Orlando, FL 32819",6248 Masters Blvd,# D103,Orlando,FL,32819,Orange,28.457784,-81.512696,condo,3.0,2.0,1980.0,8412.0,1971.0,Inactive,660000,2024-11-13T00:00:00.000Z,82,13.399996629152975
"4922-Kensington-Park-Blvd,-Orlando,-FL-32819","4922 Kensington Park Blvd, Orlando, FL 32819",4922 Kensington Park Blvd,,Orlando,FL,32819,Orange,28.488277,-81.502042,single_family,5.0,4.0,4468.0,12197.0,1999.0,Inactive,1599900,2025-01-16T00:00:00.000Z,18,14.285452310295673
"6165-Carrier-Dr,---1410,-Orlando,-FL-32819","6165 Carrier Dr, # 1410, Orlando, FL 32819",6165 Carrier Dr,# 1410,Orlando,FL,32819,Orange,28.456934,-81.467756,condo,1.0,1.0,408.0,408.0,1985.0,Inactive,163000,2024-07-08T00:00:00.000Z,209,12.001511614739405
"7395-Universal-Blvd,---705,-Orlando,-FL-32819","7395 Universal Blvd, # 705, Orlando, FL 32819",7395 Universal Blvd,# 705,Orlando,FL,32819,Orange,28.456535,-81.462433,condo,2.0,2.0,1056.0,1056.0,2007.0,Inactive,315000,2024-07-29T00:00:00.000Z,187,12.660331092405906
"5213-Overview-Ct,-Orlando,-FL-32819","5213 Overview Ct, Orlando, FL 32819",5213 Overview Ct,,Orlando,FL,32819,Orange,28.483659,-81.502133,single_family,4.0,3.0,2883.0,25700.0,1989.0,Inactive,900000,2024-11-21T00:00:00.000Z,72,13.710151153416941
"5025-Shoreway-Loop,-Unit-202,-Orlando,-FL-32819","5025 Shoreway Loop, Unit 202, Orlando, FL 32819",5025 Shoreway Loop,Unit 202,Orlando,FL,32819,Orange,28.429356,-81.450035,condo,3.0,2.0,2001.0,2168.0,2006.0,Inactive,599950,2024-12-05T00:00:00.000Z,58,13.304603264196713
"8107-Bluestar-Cir,-Orlando,-FL-32819","8107 Bluestar Cir, Orlando, FL 32819",8107 Bluestar Cir,,Orlando,FL,32819,Orange,28.471572,-81.494667,single_family,4.0,2.0,1925.0,11326.0,1987.0,Inactive,625000,2024-12-10T00:00:00.000Z,53,13.345508528717259
"9037-Shawn-Park-Pl,-Orlando,-FL-32819","9037 Shawn Park Pl, Orlando, FL 32819",9037 Shawn Park Pl,,Orlando,FL,32819,Orange,28.452463,-81.508005,single_family,5.0,4.0,4664.0,12197.0,1989.0,Inactive,1598000,2025-01-08T00:00:00.000Z,24,14.28426403109039
"6165-Carrier-Dr,---2303,-Orlando,-FL-32819","6165 Carrier Dr, # 2303, Orlando, FL 32819",6165 Carrier Dr,# 2303,Orlando,FL,32819,Orange,28.456566,-81.467035,condo,2.0,2.0,583.0,583.0,1986.0,Inactive,250000,2024-11-13T00:00:00.000Z,79,12.429220196836383
"5938-Marlberry-Dr,-Orlando,-FL-32819","5938 Marlberry Dr, Orlando, FL 32819",5938 Marlberry Dr,,Orlando,FL,32819,Orange,28.464936,-81.50142,single_family,4.0,3.0,2240.0,11761.0,1973.0,Inactive,549900,2025-01-23T00:00:00.000Z,8,13.217493541006709
"6000-Tarawood-Dr,-Orlando,-FL-32819","6000 Tarawood Dr, Orlando, FL 32819",6000 Tarawood Dr,,Orlando,FL,32819,Orange,28.465657,-81.507999,single_family,6.0,5.0,6252.0,18295.0,1986.0,Inactive,3300000,2024-03-08T00:00:00.000Z,328,15.009433329466965
"8527-Summerville-Pl,-Orlando,-FL-32819","8527 Summerville Pl, Orlando, FL 32819",8527 Summerville Pl,,Orlando,FL,32819,Orange,28.481248,-81.497691,single_family,5.0,4.0,3925.0,24829.0,1995.0,Inactive,1200000,2024-09-27T00:00:00.000Z,125,13.997832948091215
"5628-Baybrook-Ave,-Orlando,-FL-32819","5628 Baybrook Ave, Orlando, FL 32819",5628 Baybrook Ave,,Orlando,FL,32819,Orange,28.482931,-81.48625,single_family,4.0,2.0,2045.0,14810.0,1983.0,Inactive,550000,2024-12-19T00:00:00.000Z,42,13.217675375388819
"8332-Green-Bay-Ct,-Orlando,-FL-32819","8332 Green Bay Ct, Orlando, FL 32819",8332 Green Bay Ct,,Orlando,FL,32819,Orange,28.469209,-81.497394,single_family,4.0,2.0,2225.0,20038.0,1984.0,Inactive,650000,2024-12-26T00:00:00.000Z,35,13.384729180332174
"7383-Universal-Blvd,---308,-Orlando,-FL-32819","7383 Universal Blvd, # 308, Orlando, FL 32819",7383 Universal Blvd,# 308,Orlando,FL,32819,Orange,28.456535,-81.462433,condo,2.0,2.0,1056.0,1056.0,2008.0,Inactive,305000,2025-01-15T00:00:00.000Z,15,12.628070334272698
"7539-Sugar-Bend-Dr,---7539,-Orlando,-FL-32819","7539 Sugar Bend Dr, # 7539, Orlando, FL 32819",7539 Sugar Bend Dr,# 7539,Orlando,FL,32819,Orange,28.455881,-81.492461,condo,2.0,2.0,1075.0,7796.0,1996.0,Inactive,310000,2024-08-21T00:00:00.000Z,161,12.644330802262578
"7019-Villa-Estelle-Dr,-Orlando,-FL-32819","7019 Villa Estelle Dr, Orlando, FL 32819",7019 Villa Estelle Dr,,Orlando,FL,32819,Orange,28.459485,-81.480279,single_family,3.0,2.0,1436.0,5000.0,1985.0,Inactive,409900,2024-07-19T00:00:00.000Z,193,12.923670946108873
"7511-Megan-Elissa-Ln,-Orlando,-FL-32819","7511 Megan Elissa Ln, Orlando, FL 32819",7511 Megan Elissa Ln,,Orlando,FL,32819,Orange,28.471987,-81.485279,single_family,4.0,2.0,2689.0,14810.0,1987.0,Inactive,595000,2024-09-05T00:00:00.000Z,144,13.296318365198623
"8915-Latrec-Ave,---2112,-Orlando,-FL-32819","8915 Latrec Ave, # 2112, Orlando, FL 32819",8915 Latrec Ave,# 2112,Orlando,FL,32819,Orange,28.436205,-81.477359,condo,1.0,1.0,671.0,10890.0,1994.0,Inactive,175000,2025-01-08T00:00:00.000Z,19,12.07254696717504
"5926-Peregrine-Ave,---A13,-Orlando,-FL-32819","5926 Peregrine Ave, # A13, Orlando, FL 32819",5926 Peregrine Ave,# A13,Orlando,FL,32819,Orange,28.486812,-81.462089,condo,1.0,1.0,591.0,6361.0,1974.0,Inactive,189000,2024-11-07T00:00:00.000Z,80,12.149507585033072
"5700-Marlberry-Dr,-Orlando,-FL-32819","5700 Marlberry Dr, Orlando, FL 32819",5700 Marlberry Dr,,Orlando,FL,32819,Orange,28.466733,-81.502946,single_family,3.0,2.0,1907.0,13939.0,1973.0,Inactive,570000,2025-01-06T00:00:00.000Z,19,13.25339339419516
"7606-Pissarro-Dr,---14104,-Orlando,-FL-32819","7606 Pissarro Dr, # 14104, Orlando, FL 32819",7606 Pissarro Dr,# 14104,Orlando,FL,32819,Orange,28.435749,-81.479698,condo,3.0,2.0,1193.0,11761.0,1994.0,Inactive,270000,2024-08-06T00:00:00.000Z,171,12.506180941677357
"7511-Seurat-St,---10301,-Orlando,-FL-32819","7511 Seurat St, # 10301, Orlando, FL 32819",7511 Seurat St,# 10301,Orlando,FL,32819,Orange,28.435573,-81.477868,condo,2.0,2.0,1003.0,10019.0,1994.0,Inactive,219000,2024-12-28T00:00:00.000Z,27,12.296831574998258
"6200-Peregrine-Ct,-Orlando,-FL-32819","6200 Peregrine Ct, Orlando, FL 32819",6200 Peregrine Ct,,Orlando,FL,32819,Orange,28.484723,-81.465181,townhouse,3.0,2.0,1348.0,6054.0,1987.0,Inactive,315000,2025-01-22T00:00:00.000Z,2,12.660331092405906
"7609-Prato-Ave,-Orlando,-FL-32819","7609 Prato Ave, Orlando, FL 32819",7609 Prato Ave,,Orlando,FL,32819,Orange,28.454538,-81.44679,single_family,3.0,2.0,1000.0,6126.0,1959.0,Inactive,308000,2024-08-20T00:00:00.000Z,156,12.637858308703688
"4817-Keeneland-Cir,-Orlando,-FL-32819","4817 Keeneland Cir, Orlando, FL 32819",4817 Keeneland Cir,,Orlando,FL,32819,Orange,28.491297,-81.500832,single_family,5.0,4.0,3478.0,13068.0,1999.0,Inactive,1299900,2024-09-19T00:00:00.000Z,126,14.07779866568576
"4804-Cayview-Ave,---106,-Orlando,-FL-32819","4804 Cayview Ave, # 106, Orlando, FL 32819",4804 Cayview Ave,# 106,Orlando,FL,32819,Orange,28.428802,-81.446995,condo,2.0,2.0,1823.0,2101.0,2007.0,Inactive,550000,2025-01-16T00:00:00.000Z,7,13.217675375388819
"8000-Oakland-Pl,-Orlando,-FL-32819","8000 Oakland Pl, Orlando, FL 32819",8000 Oakland Pl,,Orlando,FL,32819,Orange,28.486988,-81.492129,single_family,4.0,3.0,5615.0,30928.0,2008.0,Inactive,1800000,2024-10-18T00:00:00.000Z,96,14.403297778421795
"7601-Canada-Ave,---516,-Orlando,-FL-32819","7601 Canada Ave, # 516, Orlando, FL 32819",7601 Canada Ave,# 516,Orlando,FL,32819,Orange,28.452068,-81.467407,condo,1.0,1.0,542.0,542.0,1999.0,Inactive,120000,2025-01-16T00:00:00.000Z,6,11.695255355062795
"5736-Emerson-Pointe-Way,-Orlando,-FL-32819","5736 Emerson Pointe Way, Orlando, FL 32819",5736 Emerson Pointe Way,,Orlando,FL,32819,Orange,28.470199,-81.516651,single_family,4.0,4.0,4324.0,12632.0,2013.0,Inactive,1550000,2025-01-06T00:00:00.000Z,15,14.253766134056512
"6814-Sperone-St,-Orlando,-FL-32819","6814 Sperone St, Orlando, FL 32819",6814 Sperone St,,Orlando,FL,32819,Orange,28.46306,-81.479073,townhouse,2.0,2.0,1540.0,1800.0,2006.0,Inactive,433900,2024-07-10T00:00:00.000Z,194,12.980571676462283
"7601-Canada-Ave,---116,-Orlando,-FL-32819","7601 Canada Ave, # 116, Orlando, FL 32819",7601 Canada Ave,# 116,Orlando,FL,32819,Orange,28.452068,-81.467407,condo,1.0,1.0,542.0,542.0,1999.0,Inactive,112000,2024-10-24T00:00:00.000Z,87,11.626263078808801
"7001-Lake-Marsha-Dr,-Orlando,-FL-32819","7001 Lake Marsha Dr, Orlando, FL 32819",7001 Lake Marsha Dr,,Orlando,FL,32819,Orange,28.482969,-81.47685,single_family,3.0,2.0,1826.0,12197.0,1971.0,Inactive,579000,2024-06-14T00:00:00.000Z,218,13.269059483669357
"6078-Lexington-Park,---82,-Orlando,-FL-32819","6078 Lexington Park, # 82, Orlando, FL 32819",6078 Lexington Park,# 82,Orlando,FL,32819,Orange,28.461271,-81.502251,single_family,3.0,2.0,2517.0,7499.0,1986.0,Inactive,899000,2024-12-19T00:00:00.000Z,30,13.70903942580019
"5964-Peregrine-Ave,---C02,-Orlando,-FL-32819","5964 Peregrine Ave, # C02, Orlando, FL 32819",5964 Peregrine Ave,# C02,Orlando,FL,32819,Orange,28.48688,-81.462704,condo,2.0,2.0,1139.0,7900.0,1974.0,Inactive,203000,2024-08-17T00:00:00.000Z,153,12.220966184120165
"5775-Peregrine-Ave,---D03,-Orlando,-FL-32819","5775 Peregrine Ave, # D03, Orlando, FL 32819",5775 Peregrine Ave,# D03,Orlando,FL,32819,Orange,28.487617,-81.460717,condo,2.0,2.0,999.0,6274.0,1974.0,Inactive,184000,2025-01-05T00:00:00.000Z,11,12.122696471358964
"6702-Imperial-Oak-Ln,-Orlando,-FL-32819","6702 Imperial Oak Ln, Orlando, FL 32819",6702 Imperial Oak Ln,,Orlando,FL,32819,Orange,28.49134,-81.473599,single_family,3.0,2.0,1934.0,6901.0,1999.0,Inactive,270000,2025-01-11T00:00:00.000Z,2,12.506180941677357
"6875-Sperone-St,-Orlando,-FL-32819","6875 Sperone St, Orlando, FL 32819",6875 Sperone St,,Orlando,FL,32819,Orange,28.462174,-81.478681,townhouse,3.0,2.0,1672.0,1800.0,2006.0,Inactive,410000,2024-11-23T00:00:00.000Z,50,12.923914877701906
"7525-Pinemount-Dr,-Orlando,-FL-32819","7525 Pinemount Dr, Orlando, FL 32819",7525 Pinemount Dr,,Orlando,FL,32819,Orange,28.471572,-81.48564,single_family,4.0,2.0,2244.0,12197.0,1984.0,Inactive,724900,2024-09-19T00:00:00.000Z,114,13.493790372788638
"4001-Breakview-Dr,---D305,-Orlando,-FL-32819","4001 Breakview Dr, # D305, Orlando, FL 32819",4001 Breakview Dr,# D305,Orlando,FL,32819,Orange,28.425162,-81.443729,condo,3.0,2.0,1185.0,1202.0,2021.0,Inactive,579900,2024-12-20T00:00:00.000Z,22,13.270612678298292
"6260-Masters-Blvd,-Apt-101,-Orlando,-FL-32819","6260 Masters Blvd, Apt 101, Orlando, FL 32819",6260 Masters Blvd,Apt 101,Orlando,FL,32819,Orange,28.458067,-81.512412,condo,2.0,2.0,1498.0,9205.0,1971.0,Inactive,549000,2024-05-09T00:00:00.000Z,246,13.215855541983634
"6165-Carrier-Dr,---3415,-Orlando,-FL-32819","6165 Carrier Dr, # 3415, Orlando, FL 32819",6165 Carrier Dr,# 3415,Orlando,FL,32819,Orange,28.456985,-81.46879,condo,1.0,1.0,485.0,485.0,1986.0,Inactive,169999,2024-07-15T00:00:00.000Z,179,12.043553716032399
"4815-Tidecrest-Ave,---163,-Orlando,-FL-32819","4815 Tidecrest Ave, # 163, Orlando, FL 32819",4815 Tidecrest Ave,# 163,Orlando,FL,32819,Orange,28.429068,-81.444979,townhouse,3.0,2.0,1777.0,763.0,2007.0,Inactive,549990,2024-08-31T00:00:00.000Z,132,13.217657193438404
"7383-Universal-Blvd,---411,-Orlando,-FL-32819","7383 Universal Blvd, # 411, Orlando, FL 32819",7383 Universal Blvd,# 411,Orlando,FL,32819,Orange,28.456535,-81.462433,condo,2.0,2.0,1056.0,9150.0,2008.0,Inactive,299000,2024-10-17T00:00:00.000Z,83,12.608202196848836
"6165-Carrier-Dr,---214,-Orlando,-FL-32819","6165 Carrier Dr, # 214, Orlando, FL 32819",6165 Carrier Dr,# 214,Orlando,FL,32819,Orange,28.456602,-81.46814,condo,2.0,2.0,578.0,578.0,1986.0,Inactive,220000,2024-12-27T00:00:00.000Z,12,12.301387370778713
"6648-Parson-Brown-Dr,-Orlando,-FL-32819","6648 Parson Brown Dr, Orlando, FL 32819",6648 Parson Brown Dr,,Orlando,FL,32819,Orange,28.46445,-81.484162,single_family,3.0,2.0,1918.0,13504.0,1979.0,Inactive,685000,2025-01-01T00:00:00.000Z,7,13.437175577097312
"5607-Spring-Run-Ave,-Orlando,-FL-32819","5607 Spring Run Ave, Orlando, FL 32819",5607 Spring Run Ave,,Orlando,FL,32819,Orange,28.483567,-81.484639,single_family,4.0,3.0,2091.0,12632.0,1984.0,Inactive,575000,2024-08-08T00:00:00.000Z,152,13.26212705890841
"7461-Sparkling-Lake-Rd,-Orlando,-FL-32819","7461 Sparkling Lake Rd, Orlando, FL 32819",7461 Sparkling Lake Rd,,Orlando,FL,32819,Orange,28.472807,-81.482135,single_family,4.0,3.0,2361.0,16553.0,1987.0,Inactive,846000,2024-10-23T00:00:00.000Z,76,13.648275820620759
"6700-Tamarind-Cir,-Orlando,-FL-32819","6700 Tamarind Cir, Orlando, FL 32819",6700 Tamarind Cir,,Orlando,FL,32819,Orange,28.463822,-81.492872,single_family,4.0,2.0,1914.0,18295.0,1977.0,Inactive,519000,2024-12-20T00:00:00.000Z,18,13.159661088928443
"5117-Turkey-Lake-Rd,-Orlando,-FL-32819","5117 Turkey Lake Rd, Orlando, FL 32819",5117 Turkey Lake Rd,,Orlando,FL,32819,Orange,28.487337,-81.474649,single_family,4.0,3.0,3360.0,19166.0,1940.0,Inactive,1140000,2024-05-03T00:00:00.000Z,245,13.946539697563276
"7550-Hinson-St,---15,-Orlando,-FL-32819","7550 Hinson St, # 15, Orlando, FL 32819",7550 Hinson St,# 15,Orlando,FL,32819,Orange,28.451626,-81.48463,condo,3.0,3.0,2610.0,13504.0,1985.0,Inactive,790000,2024-10-17T00:00:00.000Z,78,13.579789490265188
"7712-Carriage-Homes-Dr,-Apt-9,-Orlando,-FL-32819","7712 Carriage Homes Dr, Apt 9, Orlando, FL 32819",7712 Carriage Homes Dr,Apt 9,Orlando,FL,32819,Orange,28.459509,-81.489227,condo,2.0,2.0,1298.0,5116.0,1990.0,Inactive,395000,2024-11-07T00:00:00.000Z,56,12.886643575525625
"5973-Windhover-Dr,---E06,-Orlando,-FL-32819","5973 Windhover Dr, # E06, Orlando, FL 32819",5973 Windhover Dr,# E06,Orlando,FL,32819,Orange,28.485506,-81.462303,condo,3.0,2.0,1146.0,5295.0,1974.0,Inactive,224500,2023-12-07T00:00:00.000Z,391,12.32163544049751
"5145-Vistamere-Ct,-Orlando,-FL-32819","5145 Vistamere Ct, Orlando, FL 32819",5145 Vistamere Ct,,Orlando,FL,32819,Orange,28.485804,-81.494381,single_family,4.0,3.0,4246.0,26136.0,2005.0,Inactive,580000,2024-12-24T00:00:00.000Z,8,13.270785106659046
"7715-Perugia-Ave,-Orlando,-FL-32819","7715 Perugia Ave, Orlando, FL 32819",7715 Perugia Ave,,Orlando,FL,32819,Orange,28.453481,-81.443459,single_family,3.0,1.0,840.0,6122.0,1958.0,Inactive,294999,2024-12-18T00:00:00.000Z,13,12.594730635321957
"6517-Parson-Brown-Dr,-Orlando,-FL-32819","6517 Parson Brown Dr, Orlando, FL 32819",6517 Parson Brown Dr,,Orlando,FL,32819,Orange,28.465895,-81.485085,single_family,3.0,2.0,1964.0,16117.0,1980.0,Inactive,675000,2024-06-26T00:00:00.000Z,186,13.42246945133505
"6165-Carrier-Dr,---2314,-Orlando,-FL-32819","6165 Carrier Dr, # 2314, Orlando, FL 32819",6165 Carrier Dr,# 2314,Orlando,FL,32819,Orange,28.456566,-81.467035,condo,1.0,1.0,485.0,485.0,1986.0,Inactive,204950,2024-09-20T00:00:00.000Z,98,12.23052620515942
"7580-Toscana-Blvd,-Apt-844,-Orlando,-FL-32819","7580 Toscana Blvd, Apt 844, Orlando, FL 32819",7580 Toscana Blvd,Apt 844,Orlando,FL,32819,Orange,28.454811,-81.478029,condo,3.0,2.0,2085.0,9686.0,2007.0,Inactive,565000,2024-11-19T00:00:00.000Z,37,13.244582780038517
"6165-Carrier-Dr,---2312,-Orlando,-FL-32819","6165 Carrier Dr, # 2312, Orlando, FL 32819",6165 Carrier Dr,# 2312,Orlando,FL,32819,Orange,28.456602,-81.46814,condo,1.0,1.0,408.0,408.0,1986.0,Inactive,174900,2024-06-23T00:00:00.000Z,184,12.071975378543236
"7601-Canada-Ave,---308,-Orlando,-FL-32819","7601 Canada Ave, # 308, Orlando, FL 32819",7601 Canada Ave,# 308,Orlando,FL,32819,Orange,28.452068,-81.467407,condo,1.0,1.0,542.0,542.0,1999.0,Inactive,149000,2024-10-28T00:00:00.000Z,57,11.91170829631447
"8801-Latrec-Ave,---8208,-Orlando,-FL-32819","8801 Latrec Ave, # 8208, Orlando, FL 32819",8801 Latrec Ave,# 8208,Orlando,FL,32819,Orange,28.438361,-81.4792,condo,2.0,2.0,1003.0,10019.0,1994.0,Inactive,239900,2024-07-11T00:00:00.000Z,164,12.3879816172226
"7601-Canada-Ave,---531,-Orlando,-FL-32819","7601 Canada Ave, # 531, Orlando, FL 32819",7601 Canada Ave,# 531,Orlando,FL,32819,Orange,28.452068,-81.467407,condo,1.0,1.0,466.0,466.0,1999.0,Inactive,149000,2024-06-25T00:00:00.000Z,179,11.91170829631447
"7601-Canada-Ave,---614,-Orlando,-FL-32819","7601 Canada Ave, # 614, Orlando, FL 32819",7601 Canada Ave,# 614,Orlando,FL,32819,Orange,28.452068,-81.467407,condo,1.0,1.0,542.0,542.0,1999.0,Inactive,115900,2024-10-08T00:00:00.000Z,74,11.660491657418318
"6987-Sperone-St,-Orlando,-FL-32819","6987 Sperone St, Orlando, FL 32819",6987 Sperone St,,Orlando,FL,32819,Orange,28.461589,-81.479733,townhouse,3.0,2.0,1668.0,2347.0,2006.0,Inactive,415000,2024-11-10T00:00:00.000Z,41,12.936036208848487
"6165-Carrier-Dr,---1407,-Orlando,-FL-32819","6165 Carrier Dr, # 1407, Orlando, FL 32819",6165 Carrier Dr,# 1407,Orlando,FL,32819,Orange,28.456934,-81.467756,condo,1.0,1.0,408.0,408.0,1985.0,Inactive,194900,2024-08-28T00:00:00.000Z,114,12.180247016318816
"6318-Oak-Chase-Ct,-Orlando,-FL-32819","6318 Oak Chase Ct, Orlando, FL 32819",6318 Oak Chase Ct,,Orlando,FL,32819,Orange,28.490269,-81.467704,single_family,4.0,3.0,2529.0,10454.0,2011.0,Inactive,595000,2024-11-16T00:00:00.000Z,34,13.296318365198623
"7601-Canada-Ave,---305,-Orlando,-FL-32819","7601 Canada Ave, # 305, Orlando, FL 32819",7601 Canada Ave,# 305,Orlando,FL,32819,Orange,28.452068,-81.467407,condo,1.0,1.0,542.0,542.0,1999.0,Inactive,112000,2024-01-26T00:00:00.000Z,326,11.626263078808801
"6162-Peregrine-Ave,---E07,-Orlando,-FL-32819","6162 Peregrine Ave, # E07, Orlando, FL 32819",6162 Peregrine Ave,# E07,Orlando,FL,32819,Orange,28.4849,-81.464462,condo,3.0,2.0,1146.0,5321.0,1974.0,Inactive,199900,2023-10-24T00:00:00.000Z,417,12.20557752297723
"4808-Oak-Promenade-Ln,-Orlando,-FL-32819","4808 Oak Promenade Ln, Orlando, FL 32819",4808 Oak Promenade Ln,,Orlando,FL,32819,Orange,28.492169,-81.474772,single_family,4.0,3.0,2383.0,8447.0,2001.0,Inactive,549900,2024-08-21T00:00:00.000Z,115,13.217493541006709
"5644-Pitch-Pine-Dr,-Orlando,-FL-32819","5644 Pitch Pine Dr, Orlando, FL 32819",5644 Pitch Pine Dr,,Orlando,FL,32819,Orange,28.482465,-81.487329,single_family,3.0,2.0,2175.0,14375.0,1982.0,Inactive,587500,2024-11-21T00:00:00.000Z,23,13.283633227126662
"7369-Alpine-Butterfly-Ln,-Orlando,-FL-32819","7369 Alpine Butterfly Ln, Orlando, FL 32819",7369 Alpine Butterfly Ln,,Orlando,FL,32819,Orange,28.44169,-81.479695,townhouse,3.0,2.0,1789.0,3000.0,2020.0,Inactive,599000,2024-11-27T00:00:00.000Z,17,13.303018546545275
"7601-Canada-Ave,-Orlando,-FL-32819","7601 Canada Ave, Orlando, FL 32819",7601 Canada Ave,,Orlando,FL,32819,Orange,28.452068,-81.467691,condo,1.0,1.0,542.0,542.0,1999.0,Inactive,119000,2024-12-12T00:00:00.000Z,2,11.686887175419702
"7620-Ravenna-Ave,-Orlando,-FL-32819","7620 Ravenna Ave, Orlando, FL 32819",7620 Ravenna Ave,,Orlando,FL,32819,Orange,28.454046,-81.445613,single_family,3.0,2.0,936.0,6532.0,1959.0,Inactive,372000,2024-05-07T00:00:00.000Z,219,12.826651821423713
"7731-Udine-Ave,-Orlando,-FL-32819","7731 Udine Ave, Orlando, FL 32819",7731 Udine Ave,,Orlando,FL,32819,Orange,28.452939,-81.447595,single_family,2.0,1.0,840.0,7142.0,1958.0,Inactive,347000,2024-05-07T00:00:00.000Z,219,12.757082940769225
"8608-Sandberry-Blvd,-Orlando,-FL-32819","8608 Sandberry Blvd, Orlando, FL 32819",8608 Sandberry Blvd,,Orlando,FL,32819,Orange,28.472239,-81.503899,single_family,4.0,2.0,1907.0,11326.0,1983.0,Inactive,599000,2024-06-25T00:00:00.000Z,170,13.303018546545275
"4801-Polaris-St,-Orlando,-FL-32819","4801 Polaris St, Orlando, FL 32819",4801 Polaris St,,Orlando,FL,32819,Orange,28.460642,-81.442872,single_family,4.0,3.0,2411.0,9989.0,1961.0,Inactive,259900,2024-12-05T00:00:00.000Z,7,12.468056068255885
"9012-Ogilvie-Dr,-Orlando,-FL-32819","9012 Ogilvie Dr, Orlando, FL 32819",9012 Ogilvie Dr,,Orlando,FL,32819,Orange,28.439416,-81.480147,single_family,4.0,2.0,2413.0,161608.0,1988.0,Inactive,1150000,2024-08-08T00:00:00.000Z,124,13.955273369904273
"7601-Canada-Ave,---621,-Orlando,-FL-32819","7601 Canada Ave, # 621, Orlando, FL 32819",7601 Canada Ave,# 621,Orlando,FL,32819,Orange,28.452068,-81.467691,condo,1.0,1.0,542.0,542.0,1999.0,Inactive,115999,2024-02-13T00:00:00.000Z,298,11.661345470088502
"8917-Charleston-Park,---9,-Orlando,-FL-32819","8917 Charleston Park, # 9, Orlando, FL 32819",8917 Charleston Park,# 9,Orlando,FL,32819,Orange,28.46474,-81.504347,single_family,3.0,2.0,2274.0,8750.0,1981.0,Inactive,1245000,2024-07-11T00:00:00.000Z,149,14.034646891093473
"8317-Sugarmill-St,-Orlando,-FL-32819","8317 Sugarmill St, Orlando, FL 32819",8317 Sugarmill St,,Orlando,FL,32819,Orange,28.46058,-81.496758,single_family,4.0,2.0,2444.0,11761.0,1982.0,Inactive,990000,2024-08-01T00:00:00.000Z,126,13.805461232211272
"5707-Argosy-Ct,-Orlando,-FL-32819","5707 Argosy Ct, Orlando, FL 32819",5707 Argosy Ct,,Orlando,FL,32819,Orange,28.472471,-81.513731,single_family,4.0,2.0,2089.0,14375.0,1985.0,Inactive,699500,2024-10-03T00:00:00.000Z,63,13.458122502679217
"8427-Foxworth-Cir,-Orlando,-FL-32819","8427 Foxworth Cir, Orlando, FL 32819",8427 Foxworth Cir,,Orlando,FL,32819,Orange,28.459557,-81.499298,single_family,3.0,2.0,2442.0,4159.0,1996.0,Inactive,725000,2024-05-02T00:00:00.000Z,214,13.493928313146206
"5073-Ernst-Ct,---5,-Orlando,-FL-32819","5073 Ernst Ct, # 5, Orlando, FL 32819",5073 Ernst Ct,# 5,Orlando,FL,32819,Orange,28.488752,-81.462983,condo,2.0,2.0,1230.0,947.0,1985.0,Inactive,249500,2023-12-01T00:00:00.000Z,366,12.427218202181711
"4814-Cayview-Ave,---20613,-Orlando,-FL-32819","4814 Cayview Ave, # 20613, Orlando, FL 32819",4814 Cayview Ave,# 20613,Orlando,FL,32819,Orange,28.428388,-81.446079,condo,3.0,2.0,1247.0,1409.0,2006.0,Inactive,579000,2024-05-10T00:00:00.000Z,205,13.269059483669357
"5341-Greenside-Ct,-Orlando,-FL-32819","5341 Greenside Ct, Orlando, FL 32819",5341 Greenside Ct,,Orlando,FL,32819,Orange,28.480311,-81.503471,single_family,4.0,3.0,2411.0,28314.0,1986.0,Inactive,839000,2024-08-16T00:00:00.000Z,104,13.639967177343745
"7927-Palmdale-Dr,-Orlando,-FL-32819","7927 Palmdale Dr, Orlando, FL 32819",7927 Palmdale Dr,,Orlando,FL,32819,Orange,28.488811,-81.489957,single_family,4.0,3.0,2768.0,12632.0,1987.0,Inactive,650000,2024-02-13T00:00:00.000Z,288,13.384729180332174
"6212-Masters-Blvd,---301,-Orlando,-FL-32819","6212 Masters Blvd, # 301, Orlando, FL 32819",6212 Masters Blvd,# 301,Orlando,FL,32819,Orange,28.45867,-81.513711,condo,3.0,2.0,1853.0,11761.0,1979.0,Inactive,969000,2024-06-01T00:00:00.000Z,179,13.784020922864116
"7409-Alpine-Butterfly-Ln,-Orlando,-FL-32819","7409 Alpine Butterfly Ln, Orlando, FL 32819",7409 Alpine Butterfly Ln,,Orlando,FL,32819,Orange,28.442002,-81.480491,townhouse,3.0,2.0,1647.0,3000.0,2020.0,Inactive,550000,2024-11-16T00:00:00.000Z,10,13.217675375388819
"7712-Hidden-Ivy-Ct,-Orlando,-FL-32819","7712 Hidden Ivy Ct, Orlando, FL 32819",7712 Hidden Ivy Ct,,Orlando,FL,32819,Orange,28.472788,-81.489674,single_family,4.0,4.0,3109.0,11761.0,1990.0,Inactive,900000,2024-11-22T00:00:00.000Z,3,13.710151153416941
"9210-Bay-Point-Dr,-Orlando,-FL-32819","9210 Bay Point Dr, Orlando, FL 32819",9210 Bay Point Dr,,Orlando,FL,32819,Orange,28.453548,-81.517468,single_family,5.0,4.0,5912.0,25265.0,2020.0,Inactive,6195000,2024-09-03T00:00:00.000Z,82,15.639253234465867
"7044-Edgeworth-Dr,-Orlando,-FL-32819","7044 Edgeworth Dr, Orlando, FL 32819",7044 Edgeworth Dr,,Orlando,FL,32819,Orange,28.469211,-81.479348,single_family,3.0,2.0,2048.0,13504.0,1986.0,Inactive,765000,2024-10-21T00:00:00.000Z,34,13.547632419997361
"8906-Jonathan-Manor-Dr,-Orlando,-FL-32819","8906 Jonathan Manor Dr, Orlando, FL 32819",8906 Jonathan Manor Dr,,Orlando,FL,32819,Orange,28.450478,-81.508656,single_family,5.0,4.0,4393.0,16988.0,1988.0,Inactive,1200000,2024-11-09T00:00:00.000Z,15,13.997832948091215
"4928-Shoshone-St,-Orlando,-FL-32819","4928 Shoshone St, Orlando, FL 32819",4928 Shoshone St,,Orlando,FL,32819,Orange,28.456228,-81.445799,single_family,3.0,2.0,1180.0,6729.0,1959.0,Inactive,311000,2024-08-21T00:00:00.000Z,94,12.647551406590285
"6165-Carrier-Dr,---1105,-Orlando,-FL-32819","6165 Carrier Dr, # 1105, Orlando, FL 32819",6165 Carrier Dr,# 1105,Orlando,FL,32819,Orange,28.456934,-81.467756,condo,2.0,2.0,583.0,583.0,1985.0,Inactive,217000,2024-05-13T00:00:00.000Z,193,12.28765724080691
"6908-Phillips-Reserve-Ct,-Orlando,-FL-32819","6908 Phillips Reserve Ct, Orlando, FL 32819",6908 Phillips Reserve Ct,,Orlando,FL,32819,Orange,28.489337,-81.47245,single_family,5.0,4.0,3738.0,11326.0,2017.0,Inactive,899000,2024-11-14T00:00:00.000Z,8,13.70903942580019
"7738-Sundial-Ln,-Orlando,-FL-32819","7738 Sundial Ln, Orlando, FL 32819",7738 Sundial Ln,,Orlando,FL,32819,Orange,28.453202,-81.494285,townhouse,3.0,2.0,1710.0,3612.0,1987.0,Inactive,490000,2024-07-26T00:00:00.000Z,117,13.102162710901053
"6165-Carrier-Dr,---1101,-Orlando,-FL-32819","6165 Carrier Dr, # 1101, Orlando, FL 32819",6165 Carrier Dr,# 1101,Orlando,FL,32819,Orange,28.456934,-81.467756,condo,2.0,2.0,578.0,578.0,1985.0,Inactive,259900,2024-08-04T00:00:00.000Z,107,12.468056068255885
"6082-Jamestown-Park,---115,-Orlando,-FL-32819","6082 Jamestown Park, # 115, Orlando, FL 32819",6082 Jamestown Park,# 115,Orlando,FL,32819,Orange,28.46319,-81.501549,single_family,3.0,2.0,2475.0,7487.0,1988.0,Inactive,849900,2024-10-04T00:00:00.000Z,46,13.652875151095039
"6165-Carrier-Dr,---2109,-Orlando,-FL-32819","6165 Carrier Dr, # 2109, Orlando, FL 32819",6165 Carrier Dr,# 2109,Orlando,FL,32819,Orange,28.456566,-81.467035,condo,1.0,1.0,408.0,408.0,1986.0,Inactive,129000,2024-10-29T00:00:00.000Z,21,11.767575435251748
"8607-Crestgate-Cir,-Orlando,-FL-32819","8607 Crestgate Cir, Orlando, FL 32819",8607 Crestgate Cir,,Orlando,FL,32819,Orange,28.477547,-81.502528,single_family,5.0,4.0,4218.0,14375.0,1995.0,Inactive,1099900,2024-06-14T00:00:00.000Z,157,13.910730733718356
"9350-Bentley-Park-Cir,-Orlando,-FL-32819","9350 Bentley Park Cir, Orlando, FL 32819",9350 Bentley Park Cir,,Orlando,FL,32819,Orange,28.446835,-81.51373,single_family,4.0,3.0,6003.0,26136.0,1995.0,Inactive,1749000,2024-02-15T00:00:00.000Z,273,14.374555325755864
"10246-Turkey-Lake-B-34-A-k-a-Rd,-Unit-162,-Orlando,-FL-32819","10246 Turkey Lake B-34 A/k/a Rd, Unit 162, Orlando, FL 32819",10246 Turkey Lake B-34 A/k/a Rd,Unit 162,Orlando,FL,32819,Orange,28.419666,-81.476692,condo,2.0,2.0,1124.0,657.0,1984.0,Inactive,270000,2024-09-17T00:00:00.000Z,58,12.506180941677357
"4733-Windsor-Ave,-Orlando,-FL-32819","4733 Windsor Ave, Orlando, FL 32819",4733 Windsor Ave,,Orlando,FL,32819,Orange,28.493348,-81.470174,single_family,3.0,2.0,1928.0,6429.0,1999.0,Inactive,485000,2024-10-28T00:00:00.000Z,17,13.091906231773164
"7383-Universal-Blvd,---1012,-Orlando,-FL-32819","7383 Universal Blvd, # 1012, Orlando, FL 32819",7383 Universal Blvd,# 1012,Orlando,FL,32819,Orange,28.456535,-81.462433,condo,2.0,2.0,1056.0,7900.0,2008.0,Inactive,300000,2024-10-29T00:00:00.000Z,16,12.611541086966115
"7616-Spring-Bay-Cv,---3,-Orlando,-FL-32819","7616 Spring Bay Cv, # 3, Orlando, FL 32819",7616 Spring Bay Cv,# 3,Orlando,FL,32819,Orange,28.458635,-81.485222,condo,3.0,2.0,1809.0,11326.0,1985.0,Inactive,650000,2024-09-06T00:00:00.000Z,67,13.384729180332174
"5632-Pitch-Pine-Dr,-Orlando,-FL-32819","5632 Pitch Pine Dr, Orlando, FL 32819",5632 Pitch Pine Dr,,Orlando,FL,32819,Orange,28.482729,-81.487332,single_family,3.0,2.0,2122.0,14375.0,1982.0,Inactive,565000,2024-11-08T00:00:00.000Z,4,13.244582780038517
"6203-Wynfield-Ct,-Orlando,-FL-32819","6203 Wynfield Ct, Orlando, FL 32819",6203 Wynfield Ct,,Orlando,FL,32819,Orange,28.456254,-81.504404,single_family,3.0,2.0,2437.0,20909.0,1986.0,Inactive,799999,2024-02-13T00:00:00.000Z,271,13.592367006650065
"5844-Bimini-Twist-Loop,-Orlando,-FL-32819","5844 Bimini Twist Loop, Orlando, FL 32819",5844 Bimini Twist Loop,,Orlando,FL,32819,Orange,28.442686,-81.480881,townhouse,3.0,2.0,1647.0,3000.0,2020.0,Inactive,580000,2024-10-04T00:00:00.000Z,37,13.270785106659046
"8983-Savannah-Park,---33,-Orlando,-FL-32819","8983 Savannah Park, # 33, Orlando, FL 32819",8983 Savannah Park,# 33,Orlando,FL,32819,Orange,28.462921,-81.50531,single_family,3.0,2.0,2107.0,8000.0,1980.0,Inactive,1550000,2024-09-09T00:00:00.000Z,61,14.253766134056512
"8323-Banyan-Blvd,-Orlando,-FL-32819","8323 Banyan Blvd, Orlando, FL 32819",8323 Banyan Blvd,,Orlando,FL,32819,Orange,28.467923,-81.497295,single_family,3.0,2.0,1700.0,10019.0,1979.0,Inactive,505000,2024-10-11T00:00:00.000Z,29,13.132315688453556
"5038-Tideview-Cir,---20,-Orlando,-FL-32819","5038 Tideview Cir, # 20, Orlando, FL 32819",5038 Tideview Cir,# 20,Orlando,FL,32819,Orange,28.430958,-81.450018,condo,3.0,2.0,1741.0,647.0,2005.0,Inactive,550000,2024-11-02T00:00:00.000Z,7,13.217675375388819
"4840-Cayview-Ave,---30110,-Orlando,-FL-32819","4840 Cayview Ave, # 30110, Orlando, FL 32819",4840 Cayview Ave,# 30110,Orlando,FL,32819,Orange,28.428365,-81.447695,condo,3.0,2.0,2001.0,2168.0,2007.0,Inactive,749000,2023-11-12T00:00:00.000Z,362,13.52649559761195
"7383-Universal-Blvd,-Unit-1211,-Orlando,-FL-32819","7383 Universal Blvd, Unit 1211, Orlando, FL 32819",7383 Universal Blvd,Unit 1211,Orlando,FL,32819,Orange,28.456535,-81.462433,condo,2.0,2.0,1056.0,7900.0,2008.0,Inactive,290000,2024-09-18T00:00:00.000Z,51,12.577639650232573
"7540-Lake-Marsha-Dr,-Orlando,-FL-32819","7540 Lake Marsha Dr, Orlando, FL 32819",7540 Lake Marsha Dr,,Orlando,FL,32819,Orange,28.477433,-81.487749,single_family,3.0,3.0,2601.0,27878.0,1984.0,Inactive,1100000,2024-05-06T00:00:00.000Z,185,13.910821646859095
"7616-Mandarin-Dr,-Orlando,-FL-32819","7616 Mandarin Dr, Orlando, FL 32819",7616 Mandarin Dr,,Orlando,FL,32819,Orange,28.45404,-81.446459,single_family,3.0,2.0,1088.0,6864.0,1959.0,Inactive,250000,2024-08-27T00:00:00.000Z,72,12.429220196836383
"7808-Sugar-Brook-Ct,---7808,-Orlando,-FL-32819","7808 Sugar Brook Ct, # 7808, Orlando, FL 32819",7808 Sugar Brook Ct,# 7808,Orlando,FL,32819,Orange,28.457757,-81.491974,condo,2.0,2.0,1075.0,7796.0,1996.0,Inactive,325000,2024-07-06T00:00:00.000Z,123,12.691583538230217
"7640-Bay-Port-Rd,---48,-Orlando,-FL-32819","7640 Bay Port Rd, # 48, Orlando, FL 32819",7640 Bay Port Rd,# 48,Orlando,FL,32819,Orange,28.460195,-81.485533,condo,3.0,2.0,1831.0,5010.0,1999.0,Inactive,425000,2024-08-02T00:00:00.000Z,96,12.959846800844963
"7209-Udine-Ave,-Orlando,-FL-32819","7209 Udine Ave, Orlando, FL 32819",7209 Udine Ave,,Orlando,FL,32819,Orange,28.458166,-81.447633,single_family,3.0,2.0,1000.0,6505.0,1960.0,Inactive,325000,2024-08-20T00:00:00.000Z,78,12.691583538230217
"8939-Latrec-Ave,---1209,-Orlando,-FL-32819","8939 Latrec Ave, # 1209, Orlando, FL 32819",8939 Latrec Ave,# 1209,Orlando,FL,32819,Orange,28.435702,-81.476318,condo,1.0,1.0,558.0,9410.0,1994.0,Inactive,225000,2024-09-06T00:00:00.000Z,60,12.323860125621126
"7383-Universal-Blvd,-Orlando,-FL-32819","7383 Universal Blvd, Orlando, FL 32819",7383 Universal Blvd,,Orlando,FL,32819,Orange,28.456616,-81.462615,condo,2.0,2.0,1056.0,1056.0,2008.0,Inactive,290000,2024-09-19T00:00:00.000Z,47,12.577639650232573
"6011-Jamestown-Park,-Orlando,-FL-32819","6011 Jamestown Park, Orlando, FL 32819",6011 Jamestown Park,,Orlando,FL,32819,Orange,28.464072,-81.502178,single_family,3.0,2.0,2676.0,7491.0,1988.0,Inactive,825000,2024-11-01T00:00:00.000Z,4,13.623139877437296
"4815-Tidecrest-Ave,-Unit-161,-Orlando,-FL-32819","4815 Tidecrest Ave, Unit 161, Orlando, FL 32819",4815 Tidecrest Ave,Unit 161,Orlando,FL,32819,Orange,28.429113,-81.445082,condo,3.0,2.0,1741.0,871.0,2007.0,Inactive,514990,2024-05-29T00:00:00.000Z,159,13.151904703765016
"7669-Sundial-Ln,-Orlando,-FL-32819","7669 Sundial Ln, Orlando, FL 32819",7669 Sundial Ln,,Orlando,FL,32819,Orange,28.45477,-81.493867,townhouse,3.0,2.0,1598.0,3619.0,1988.0,Inactive,525000,2024-10-31T00:00:00.000Z,4,13.171155446333852
"8813-Latrec-Ave,---7-208,-Orlando,-FL-32819","8813 Latrec Ave, # 7-208, Orlando, FL 32819",8813 Latrec Ave,# 7-208,Orlando,FL,32819,Orange,28.438206,-81.478867,condo,1.0,1.0,671.0,7321.0,1994.0,Inactive,195000,2024-06-29T00:00:00.000Z,126,12.180759965737863
"6457-Winder-Oaks-Blvd,-Orlando,-FL-32819","6457 Winder Oaks Blvd, Orlando, FL 32819",6457 Winder Oaks Blvd,,Orlando,FL,32819,Orange,28.491711,-81.470328,single_family,4.0,3.0,2238.0,7730.0,1998.0,Inactive,475900,2024-10-30T00:00:00.000Z,3,13.072965128388777
"4012-Breakview-Dr,---405,-Orlando,-FL-32819","4012 Breakview Dr, # 405, Orlando, FL 32819",4012 Breakview Dr,# 405,Orlando,FL,32819,Orange,28.424408,-81.444527,condo,3.0,2.0,1256.0,1040.0,2020.0,Inactive,610000,2024-05-06T00:00:00.000Z,179,13.321215875492413
"7605-Pissarro-Dr,---13304,-Orlando,-FL-32819","7605 Pissarro Dr, # 13304, Orlando, FL 32819",7605 Pissarro Dr,# 13304,Orlando,FL,32819,Orange,28.436332,-81.479803,condo,3.0,2.0,1193.0,12197.0,1994.0,Inactive,330000,2024-05-21T00:00:00.000Z,164,12.706850963741102
"6856-Tamarind-Cir,-Orlando,-FL-32819","6856 Tamarind Cir, Orlando, FL 32819",6856 Tamarind Cir,,Orlando,FL,32819,Orange,28.462968,-81.495602,single_family,3.0,2.0,1687.0,13504.0,1978.0,Inactive,469800,2024-10-26T00:00:00.000Z,6,13.06006447977003
"7389-Universal-Blvd,-Unit-1211,-Orlando,-FL-32819","7389 Universal Blvd, Unit 1211, Orlando, FL 32819",7389 Universal Blvd,Unit 1211,Orlando,FL,32819,Orange,28.456535,-81.462433,condo,2.0,2.0,1056.0,7900.0,2008.0,Inactive,290000,2024-09-18T00:00:00.000Z,43,12.577639650232573
"7602-Clementine-Way,-Orlando,-FL-32819","7602 Clementine Way, Orlando, FL 32819",7602 Clementine Way,,Orlando,FL,32819,Orange,28.461036,-81.488024,single_family,4.0,2.0,2481.0,16553.0,1983.0,Inactive,650000,2024-04-27T00:00:00.000Z,185,13.384729180332174
"8024-Cool-Breeze-Dr,---127,-Orlando,-FL-32819","8024 Cool Breeze Dr, # 127, Orlando, FL 32819",8024 Cool Breeze Dr,# 127,Orlando,FL,32819,Orange,28.429844,-81.452141,townhouse,3.0,2.0,1746.0,687.0,2005.0,Inactive,515000,2024-08-09T00:00:00.000Z,81,13.151924121391561
"5652-Baybrook-Ave,-Orlando,-FL-32819","5652 Baybrook Ave, Orlando, FL 32819",5652 Baybrook Ave,,Orlando,FL,32819,Orange,28.482036,-81.486329,single_family,3.0,2.0,1802.0,19166.0,1983.0,Inactive,475000,2024-09-17T00:00:00.000Z,39,13.07107218827772
"7809-Underbrush-Ln,-Orlando,-FL-32819","7809 Underbrush Ln, Orlando, FL 32819",7809 Underbrush Ln,,Orlando,FL,32819,Orange,28.492584,-81.490046,single_family,4.0,3.0,2570.0,12632.0,1987.0,Inactive,669500,2024-10-24T00:00:00.000Z,2,13.414287937764227
"6247-Indian-Meadow-St,-Orlando,-FL-32819","6247 Indian Meadow St, Orlando, FL 32819",6247 Indian Meadow St,,Orlando,FL,32819,Orange,28.453919,-81.504781,single_family,4.0,4.0,3160.0,18731.0,1984.0,Inactive,1233900,2024-07-18T00:00:00.000Z,98,14.025691253324744
"7718-Pine-Springs-Dr,-Orlando,-FL-32819","7718 Pine Springs Dr, Orlando, FL 32819",7718 Pine Springs Dr,,Orlando,FL,32819,Orange,28.479032,-81.490588,single_family,4.0,3.0,2378.0,16117.0,1986.0,Inactive,665000,2024-09-21T00:00:00.000Z,32,13.407543823396258
"4845-Tidecrest-Ave,---148,-Orlando,-FL-32819","4845 Tidecrest Ave, # 148, Orlando, FL 32819",4845 Tidecrest Ave,# 148,Orlando,FL,32819,Orange,28.429445,-81.445864,townhouse,3.0,2.0,1771.0,687.0,2006.0,Inactive,565000,2023-11-17T00:00:00.000Z,340,13.244582780038517
"7588-Toscana-Blvd,-Apt-434,-Orlando,-FL-32819","7588 Toscana Blvd, Apt 434, Orlando, FL 32819",7588 Toscana Blvd,Apt 434,Orlando,FL,32819,Orange,28.455449,-81.478037,condo,3.0,2.0,2085.0,8777.0,2007.0,Inactive,484900,2024-04-08T00:00:00.000Z,197,13.0917000253722
"8800-Latrec-Ave,---9201,-Orlando,-FL-32819","8800 Latrec Ave, # 9201, Orlando, FL 32819",8800 Latrec Ave,# 9201,Orlando,FL,32819,Orange,28.437548,-81.479245,condo,2.0,2.0,1003.0,10019.0,1994.0,Inactive,264900,2024-08-30T00:00:00.000Z,53,12.487111450262473
"6165-Carrier-Dr,---3705,-Orlando,-FL-32819","6165 Carrier Dr, # 3705, Orlando, FL 32819",6165 Carrier Dr,# 3705,Orlando,FL,32819,Orange,28.456985,-81.46879,condo,2.0,2.0,583.0,583.0,1986.0,Inactive,290000,2024-09-16T00:00:00.000Z,36,12.577639650232573
"4102-Breakview-Dr,---109,-Orlando,-FL-32819","4102 Breakview Dr, # 109, Orlando, FL 32819",4102 Breakview Dr,# 109,Orlando,FL,32819,Orange,28.425241,-81.445442,condo,3.0,2.0,1391.0,1512.0,2007.0,Inactive,499000,2024-05-03T00:00:00.000Z,169,13.120363378739663
"10246-Turkey-Lake-Rd,-Apt-163,-Orlando,-FL-32819","10246 Turkey Lake Rd, Apt 163, Orlando, FL 32819",10246 Turkey Lake Rd,Apt 163,Orlando,FL,32819,Orange,28.419604,-81.476872,condo,2.0,2.0,1124.0,650.0,1984.0,Inactive,220000,2024-08-12T00:00:00.000Z,67,12.301387370778713
"6165-Carrier-Dr,---1903,-Orlando,-FL-32819","6165 Carrier Dr, # 1903, Orlando, FL 32819",6165 Carrier Dr,# 1903,Orlando,FL,32819,Orange,28.456858,-81.467791,condo,2.0,2.0,578.0,9168.0,1985.0,Inactive,265000,2024-09-10T00:00:00.000Z,38,12.487488878546145
"6165-Carrier-Dr,---1602,-Orlando,-FL-32819","6165 Carrier Dr, # 1602, Orlando, FL 32819",6165 Carrier Dr,# 1602,Orlando,FL,32819,Orange,28.456934,-81.467756,condo,2.0,2.0,578.0,9168.0,1985.0,Inactive,265000,2024-09-12T00:00:00.000Z,36,12.487488878546145
"6970-Piazza-St,-Orlando,-FL-32819","6970 Piazza St, Orlando, FL 32819",6970 Piazza St,,Orlando,FL,32819,Orange,28.457173,-81.478097,townhouse,4.0,3.0,2104.0,3600.0,2005.0,Inactive,599000,2024-09-27T00:00:00.000Z,21,13.303018546545275
"7306-Sparkling-Lake-Rd,-Orlando,-FL-32819","7306 Sparkling Lake Rd, Orlando, FL 32819",7306 Sparkling Lake Rd,,Orlando,FL,32819,Orange,28.47192,-81.481548,single_family,5.0,4.0,3093.0,16117.0,1987.0,Inactive,759000,2024-08-10T00:00:00.000Z,66,13.539758373899955
"8451-Indian-Wells-Ct,-Orlando,-FL-32819","8451 Indian Wells Ct, Orlando, FL 32819",8451 Indian Wells Ct,,Orlando,FL,32819,Orange,28.453334,-81.498799,single_family,4.0,2.0,1752.0,11761.0,1980.0,Inactive,525000,2024-10-07T00:00:00.000Z,7,13.171155446333852
"8962-Royal-Birkdale-Ln,-Orlando,-FL-32819","8962 Royal Birkdale Ln, Orlando, FL 32819",8962 Royal Birkdale Ln,,Orlando,FL,32819,Orange,28.464333,-81.506885,land,6.0,5.0,5161.0,19166.0,2024.0,Inactive,850000,2024-07-08T00:00:00.000Z,92,13.652992804936396
"6082-Jamestown-Park,---Ge,-Orlando,-FL-32819","6082 Jamestown Park, # Ge, Orlando, FL 32819",6082 Jamestown Park,# Ge,Orlando,FL,32819,Orange,28.463192,-81.501546,single_family,3.0,2.0,2475.0,7487.0,1988.0,Inactive,885000,2024-10-04T00:00:00.000Z,4,13.69334405393293
"5957-Windhover-Dr,---C03,-Orlando,-FL-32819","5957 Windhover Dr, # C03, Orlando, FL 32819",5957 Windhover Dr,# C03,Orlando,FL,32819,Orange,28.485884,-81.462554,condo,2.0,2.0,1139.0,2659.0,1974.0,Inactive,200000,2024-05-03T00:00:00.000Z,156,12.206077645517674
"7601-Canada-Ave,---617,-Orlando,-FL-32819","7601 Canada Ave, # 617, Orlando, FL 32819",7601 Canada Ave,# 617,Orlando,FL,32819,Orange,28.452068,-81.467407,condo,1.0,1.0,542.0,542.0,1999.0,Inactive,115000,2024-02-23T00:00:00.000Z,222,11.652696102959753
"7328-Cypress-Grove-Rd,---73,-Orlando,-FL-32819","7328 Cypress Grove Rd, # 73, Orlando, FL 32819",7328 Cypress Grove Rd,# 73,Orlando,FL,32819,Orange,28.460543,-81.482452,townhouse,3.0,2.0,2333.0,9044.0,2000.0,Inactive,460000,2024-08-30T00:00:00.000Z,33,13.038983942375959
"7395-Universal-Blvd,---701,-Orlando,-FL-32819","7395 Universal Blvd, # 701, Orlando, FL 32819",7395 Universal Blvd,# 701,Orlando,FL,32819,Orange,28.456535,-81.462433,condo,2.0,2.0,1056.0,1056.0,2007.0,Inactive,314000,2024-08-27T00:00:00.000Z,35,12.657151449598695
"6165-Carrier-Dr,---2601,-Orlando,-FL-32819","6165 Carrier Dr, # 2601, Orlando, FL 32819",6165 Carrier Dr,# 2601,Orlando,FL,32819,Orange,28.456602,-81.46814,condo,2.0,2.0,578.0,578.0,1986.0,Inactive,239000,2024-05-13T00:00:00.000Z,140,12.384223015005313
"6106-St-Ives-Blvd,-Orlando,-FL-32819","6106 St Ives Blvd, Orlando, FL 32819",6106 St Ives Blvd,,Orlando,FL,32819,Orange,28.474519,-81.489997,single_family,4.0,3.0,2503.0,12632.0,1989.0,Inactive,730000,2024-08-15T00:00:00.000Z,45,13.500801182986649
"6641-Edgeworth-Dr,-Orlando,-FL-32819","6641 Edgeworth Dr, Orlando, FL 32819",6641 Edgeworth Dr,,Orlando,FL,32819,Orange,28.466328,-81.481323,single_family,2.0,2.0,1892.0,8888.0,1987.0,Inactive,570000,2024-08-08T00:00:00.000Z,51,13.25339339419516
"7383-Universal-Blvd,---1109,-Orlando,-FL-32819","7383 Universal Blvd, # 1109, Orlando, FL 32819",7383 Universal Blvd,# 1109,Orlando,FL,32819,Orange,28.456535,-81.462433,condo,1.0,1.0,671.0,671.0,2008.0,Inactive,205000,2024-03-29T00:00:00.000Z,182,12.230770136157428
"4736-High-Oak-Ct,-Orlando,-FL-32819","4736 High Oak Ct, Orlando, FL 32819",4736 High Oak Ct,,Orlando,FL,32819,Orange,28.492829,-81.471904,single_family,4.0,3.0,2036.0,6037.0,1999.0,Inactive,500000,2024-08-23T00:00:00.000Z,35,13.122365377402328
"7601-Canada-Ave,---433-435,-Orlando,-FL-32819","7601 Canada Ave, # 433/435, Orlando, FL 32819",7601 Canada Ave,# 433/435,Orlando,FL,32819,Orange,28.452068,-81.467407,condo,2.0,2.0,795.0,7900.0,1999.0,Inactive,199900,2024-02-09T00:00:00.000Z,230,12.20557752297723
"7601-Canada-Ave,---610,-Orlando,-FL-32819","7601 Canada Ave, # 610, Orlando, FL 32819",7601 Canada Ave,# 610,Orlando,FL,32819,Orange,28.452108,-81.467375,condo,1.0,1.0,542.0,542.0,1999.0,Inactive,127000,2024-08-17T00:00:00.000Z,39,11.751950239425476
"5311-Bay-Side-Dr,-Orlando,-FL-32819","5311 Bay Side Dr, Orlando, FL 32819",5311 Bay Side Dr,,Orlando,FL,32819,Orange,28.481242,-81.509914,single_family,5.0,4.0,3207.0,11326.0,1996.0,Inactive,950000,2024-05-30T00:00:00.000Z,114,13.76421831620775
"8929-Charleston-Park,-Orlando,-FL-32819","8929 Charleston Park, Orlando, FL 32819",8929 Charleston Park,,Orlando,FL,32819,Orange,28.464724,-81.504883,single_family,3.0,2.0,2216.0,7500.0,1981.0,Inactive,1160000,2024-08-23T00:00:00.000Z,29,13.963931425151141
"8438-Foxworth-Cir,-Orlando,-FL-32819","8438 Foxworth Cir, Orlando, FL 32819",8438 Foxworth Cir,,Orlando,FL,32819,Orange,28.459263,-81.498886,single_family,4.0,3.0,2112.0,5879.0,1991.0,Inactive,699900,2024-07-06T00:00:00.000Z,76,13.45869417545215
"4102-Breakview-Dr,---30903,-Orlando,-FL-32819","4102 Breakview Dr, # 30903, Orlando, FL 32819",4102 Breakview Dr,# 30903,Orlando,FL,32819,Orange,28.42508,-81.44525,condo,3.0,2.0,1447.0,1512.0,2007.0,Inactive,509000,2024-09-05T00:00:00.000Z,14,13.140205260167273
"7621-Arezzo-Ave,-Orlando,-FL-32819","7621 Arezzo Ave, Orlando, FL 32819",7621 Arezzo Ave,,Orlando,FL,32819,Orange,28.453936,-81.448427,single_family,3.0,2.0,1480.0,6123.0,1959.0,Inactive,385000,2024-09-11T00:00:00.000Z,6,12.861001210669146
"7243-Moss-Leaf-Ln,-Orlando,-FL-32819","7243 Moss Leaf Ln, Orlando, FL 32819",7243 Moss Leaf Ln,,Orlando,FL,32819,Orange,28.471619,-81.479756,single_family,3.0,2.0,2005.0,12197.0,1987.0,Inactive,685000,2024-07-19T00:00:00.000Z,59,13.437175577097312
"5631-Spring-Run-Ave,-Orlando,-FL-32819","5631 Spring Run Ave, Orlando, FL 32819",5631 Spring Run Ave,,Orlando,FL,32819,Orange,28.482821,-81.484632,single_family,4.0,3.0,2089.0,15682.0,1984.0,Inactive,895000,2024-06-01T00:00:00.000Z,106,13.704580114574805
"5145-Spring-Run-Ave,-Orlando,-FL-32819","5145 Spring Run Ave, Orlando, FL 32819",5145 Spring Run Ave,,Orlando,FL,32819,Orange,28.489812,-81.484617,single_family,3.0,2.0,1705.0,12632.0,1983.0,Inactive,498000,2024-08-24T00:00:00.000Z,21,13.118357364036902
"6245-Silver-Glen-Ct,-Orlando,-FL-32819","6245 Silver Glen Ct, Orlando, FL 32819",6245 Silver Glen Ct,,Orlando,FL,32819,Orange,28.471906,-81.497418,single_family,5.0,4.0,2512.0,12632.0,1985.0,Inactive,627500,2024-08-01T00:00:00.000Z,43,13.349500543612304
"7091-Carrickbend-Ln,-Orlando,-FL-32819","7091 Carrickbend Ln, Orlando, FL 32819",7091 Carrickbend Ln,,Orlando,FL,32819,Orange,28.441977,-81.479469,townhouse,3.0,2.0,1970.0,2999.0,2020.0,Inactive,599990,2024-08-09T00:00:00.000Z,35,13.304669934085782
"8719-South-Bay-Dr,-Orlando,-FL-32819","8719 South Bay Dr, Orlando, FL 32819",8719 South Bay Dr,,Orlando,FL,32819,Orange,28.45158,-81.507451,single_family,3.0,2.0,2518.0,20473.0,1984.0,Inactive,729000,2024-09-05T00:00:00.000Z,8,13.499430382731967
"6060-Bimini-Twist-Loop,-Orlando,-FL-32819","6060 Bimini Twist Loop, Orlando, FL 32819",6060 Bimini Twist Loop,,Orlando,FL,32819,Orange,28.443444,-81.480926,townhouse,4.0,3.0,2303.0,5499.0,2020.0,Inactive,670000,2024-07-29T00:00:00.000Z,45,13.415034483903348
"7578-Somerset-Shores-Ct,-Orlando,-FL-32819","7578 Somerset Shores Ct, Orlando, FL 32819",7578 Somerset Shores Ct,,Orlando,FL,32819,Orange,28.452085,-81.486512,townhouse,3.0,2.0,1817.0,1957.0,1998.0,Inactive,589000,2024-06-07T00:00:00.000Z,96,13.286183160425152
"5037-Shoreway-Loop,---40802,-Orlando,-FL-32819","5037 Shoreway Loop, # 40802, Orlando, FL 32819",5037 Shoreway Loop,# 40802,Orlando,FL,32819,Orange,28.429394,-81.450789,condo,3.0,2.0,2097.0,2384.0,2006.0,Inactive,699999,2024-06-14T00:00:00.000Z,89,13.458835614025542
"10260-Turkey-Lake-B-Rd,-Unit-155,-Orlando,-FL-32819","10260 Turkey Lake B Rd, Unit 155, Orlando, FL 32819",10260 Turkey Lake B Rd,Unit 155,Orlando,FL,32819,Orange,28.419306,-81.476791,condo,2.0,2.0,1124.0,649.0,1984.0,Inactive,225000,2024-07-03T00:00:00.000Z,70,12.323860125621126
"8216-Banyan-Blvd,-Orlando,-FL-32819","8216 Banyan Blvd, Orlando, FL 32819",8216 Banyan Blvd,,Orlando,FL,32819,Orange,28.467421,-81.495309,single_family,4.0,2.0,2000.0,11761.0,1979.0,Inactive,600000,2024-08-07T00:00:00.000Z,35,13.304686600863562
"8115-Laurel-Tree-Dr,-Orlando,-FL-32819","8115 Laurel Tree Dr, Orlando, FL 32819",8115 Laurel Tree Dr,,Orlando,FL,32819,Orange,28.475151,-81.494527,single_family,5.0,3.0,2690.0,19166.0,1986.0,Inactive,639900,2024-07-09T00:00:00.000Z,60,13.36906875587051
"6613-Bittersweet-Ln,-Orlando,-FL-32819","6613 Bittersweet Ln, Orlando, FL 32819",6613 Bittersweet Ln,,Orlando,FL,32819,Orange,28.465576,-81.486609,single_family,4.0,3.0,2511.0,11761.0,1979.0,Inactive,779900,2024-07-11T00:00:00.000Z,58,13.566922267533435
"4024-Breakview-Dr,---30304,-Orlando,-FL-32819","4024 Breakview Dr, # 30304, Orlando, FL 32819",4024 Breakview Dr,# 30304,Orlando,FL,32819,Orange,28.42436,-81.44489,condo,3.0,2.0,1247.0,1454.0,2008.0,Inactive,528900,2024-04-15T00:00:00.000Z,144,13.178556547768865
"7395-Universal-Blvd,---1202,-Orlando,-FL-32819","7395 Universal Blvd, # 1202, Orlando, FL 32819",7395 Universal Blvd,# 1202,Orlando,FL,32819,Orange,28.456535,-81.462433,condo,2.0,2.0,1056.0,1056.0,2007.0,Inactive,309000,2024-05-23T00:00:00.000Z,105,12.6410997921206
"6165-Carrier-Dr,---2408,-Orlando,-FL-32819","6165 Carrier Dr, # 2408, Orlando, FL 32819",6165 Carrier Dr,# 2408,Orlando,FL,32819,Orange,28.456566,-81.467035,condo,1.0,1.0,408.0,408.0,1986.0,Inactive,169000,2024-05-30T00:00:00.000Z,97,12.037659911047468
"6802-Spring-Rain-Dr,-Orlando,-FL-32819","6802 Spring Rain Dr, Orlando, FL 32819",6802 Spring Rain Dr,,Orlando,FL,32819,Orange,28.462647,-81.483011,single_family,4.0,3.0,2152.0,13504.0,1986.0,Inactive,560000,2024-06-17T00:00:00.000Z,78,13.235693848424024
"4804-Cayview-Ave,---20512,-Orlando,-FL-32819","4804 Cayview Ave, # 20512, Orlando, FL 32819",4804 Cayview Ave,# 20512,Orlando,FL,32819,Orange,28.42779,-81.446289,condo,2.0,2.0,1823.0,2368.0,2007.0,Inactive,550000,2024-08-20T00:00:00.000Z,13,13.217675375388819
"7328-Cypress-Grove-Rd,---7,-Orlando,-FL-32819","7328 Cypress Grove Rd, # 7, Orlando, FL 32819",7328 Cypress Grove Rd,# 7,Orlando,FL,32819,Orange,28.460543,-81.482452,condo,3.0,2.0,2333.0,9044.0,2000.0,Inactive,475000,2024-08-30T00:00:00.000Z,3,13.07107218827772
"5619-Emerson-Pointe-Way,-Orlando,-FL-32819","5619 Emerson Pointe Way, Orlando, FL 32819",5619 Emerson Pointe Way,,Orlando,FL,32819,Orange,28.472871,-81.517573,single_family,4.0,6.0,7602.0,47916.0,2015.0,Inactive,4850000,2024-02-20T00:00:00.000Z,194,15.394489469099211
"6165-Carrier-Dr,---2505,-Orlando,-FL-32819","6165 Carrier Dr, # 2505, Orlando, FL 32819",6165 Carrier Dr,# 2505,Orlando,FL,32819,Orange,28.456566,-81.467035,condo,2.0,2.0,583.0,583.0,1986.0,Inactive,249900,2024-05-04T00:00:00.000Z,118,12.428820118415677
"4862-Cayview-Ave,---20709,-Orlando,-FL-32819","4862 Cayview Ave, # 20709, Orlando, FL 32819",4862 Cayview Ave,# 20709,Orlando,FL,32819,Orange,28.429092,-81.447984,condo,2.0,2.0,1112.0,1202.0,2006.0,Inactive,369999,2024-05-29T00:00:00.000Z,93,12.821258284620408
"8959-Bay-Cove-Ct,-Orlando,-FL-32819","8959 Bay Cove Ct, Orlando, FL 32819",8959 Bay Cove Ct,,Orlando,FL,32819,Orange,28.454202,-81.513025,single_family,3.0,2.0,5201.0,24394.0,1982.0,Inactive,3350000,2024-05-31T00:00:00.000Z,91,15.024471202308668
"8484-Sandberry-Blvd,-Orlando,-FL-32819","8484 Sandberry Blvd, Orlando, FL 32819",8484 Sandberry Blvd,,Orlando,FL,32819,Orange,28.471909,-81.501301,single_family,4.0,2.0,1904.0,10454.0,1983.0,Inactive,665000,2024-07-10T00:00:00.000Z,51,13.407543823396258
"8400-Sunset-Dr,-Orlando,-FL-32819","8400 Sunset Dr, Orlando, FL 32819",8400 Sunset Dr,,Orlando,FL,32819,Orange,28.489568,-81.498451,single_family,3.0,2.0,2920.0,52708.0,1986.0,Inactive,1100000,2024-08-03T00:00:00.000Z,27,13.910821646859095
"7395-Universal-Blvd,---1205,-Orlando,-FL-32819","7395 Universal Blvd, # 1205, Orlando, FL 32819",7395 Universal Blvd,# 1205,Orlando,FL,32819,Orange,28.456535,-81.462433,condo,2.0,2.0,1056.0,1056.0,2007.0,Inactive,410000,2024-03-01T00:00:00.000Z,181,12.923914877701906
"8801-Latrec-Ave,---8103,-Orlando,-FL-32819","8801 Latrec Ave, # 8103, Orlando, FL 32819",8801 Latrec Ave,# 8103,Orlando,FL,32819,Orange,28.438305,-81.47947,condo,2.0,2.0,1003.0,10019.0,1994.0,Inactive,259500,2024-06-14T00:00:00.000Z,75,12.466515835145202
"7909-Summer-Ridge-Pl,-Orlando,-FL-32819","7909 Summer Ridge Pl, Orlando, FL 32819",7909 Summer Ridge Pl,,Orlando,FL,32819,Orange,28.450595,-81.504987,single_family,4.0,4.0,2453.0,15246.0,1986.0,Inactive,825000,2024-08-02T00:00:00.000Z,26,13.623139877437296
"6413-Hidden-Dale-Ave,-Orlando,-FL-32819","6413 Hidden Dale Ave, Orlando, FL 32819",6413 Hidden Dale Ave,,Orlando,FL,32819,Orange,28.469465,-81.500018,single_family,4.0,2.0,1943.0,10890.0,1979.0,Inactive,499000,2024-08-25T00:00:00.000Z,3,13.120363378739663
"6098-Peregrine-Ave,---B03,-Orlando,-FL-32819","6098 Peregrine Ave, # B03, Orlando, FL 32819",6098 Peregrine Ave,# B03,Orlando,FL,32819,Orange,28.486391,-81.464408,condo,1.0,1.0,918.0,6418.0,1974.0,Inactive,157000,2024-07-07T00:00:00.000Z,51,11.964007453736912
"8837-Latrec-Ave,---5305,-Orlando,-FL-32819","8837 Latrec Ave, # 5305, Orlando, FL 32819",8837 Latrec Ave,# 5305,Orlando,FL,32819,Orange,28.437127,-81.478812,condo,2.0,2.0,1003.0,10019.0,1994.0,Inactive,244990,2024-07-23T00:00:00.000Z,35,12.408976754158251
"5166-Glasgow-Ave,-Orlando,-FL-32819","5166 Glasgow Ave, Orlando, FL 32819",5166 Glasgow Ave,,Orlando,FL,32819,Orange,28.48602,-81.483261,single_family,3.0,2.0,1066.0,8006.0,1971.0,Inactive,405000,2024-08-14T00:00:00.000Z,13,12.91164481522143
"7100-Grace-Rd,-Orlando,-FL-32819","7100 Grace Rd, Orlando, FL 32819",7100 Grace Rd,,Orlando,FL,32819,Orange,28.479962,-81.479605,single_family,4.0,4.0,2678.0,62291.0,1981.0,Inactive,1250000,2024-07-10T00:00:00.000Z,47,14.038654909278163
"5079-Eaglesmere-Dr,---CO4,-Orlando,-FL-32819","5079 Eaglesmere Dr, # CO4, Orlando, FL 32819",5079 Eaglesmere Dr,# CO4,Orlando,FL,32819,Orange,28.488664,-81.462459,condo,2.0,2.0,1139.0,2659.0,1974.0,Inactive,199900,2024-06-18T00:00:00.000Z,68,12.20557752297723
"8720-Summerville-Pl,-Orlando,-FL-32819","8720 Summerville Pl, Orlando, FL 32819",8720 Summerville Pl,,Orlando,FL,32819,Orange,28.485443,-81.502064,single_family,5.0,4.0,4265.0,22216.0,1989.0,Inactive,1299000,2024-07-05T00:00:00.000Z,49,14.07710606547538
"5803-Tarawood-Dr,-Orlando,-FL-32819","5803 Tarawood Dr, Orlando, FL 32819",5803 Tarawood Dr,,Orlando,FL,32819,Orange,28.466563,-81.505329,single_family,4.0,3.0,2775.0,16988.0,1978.0,Inactive,1175000,2024-07-18T00:00:00.000Z,36,13.976779556623864
"8049-Old-Town-Dr,-Orlando,-FL-32819","8049 Old Town Dr, Orlando, FL 32819",8049 Old Town Dr,,Orlando,FL,32819,Orange,28.48095,-81.495099,single_family,4.0,3.0,2729.0,12197.0,1990.0,Inactive,895000,2024-07-09T00:00:00.000Z,42,13.704580114574805
"4804-Cayview-Ave,---205,-Orlando,-FL-32819","4804 Cayview Ave, # 205, Orlando, FL 32819",4804 Cayview Ave,# 205,Orlando,FL,32819,Orange,28.427769,-81.446101,condo,2.0,2.0,1823.0,2168.0,2007.0,Inactive,550000,2024-06-22T00:00:00.000Z,58,13.217675375388819
"8028-Sandpoint-Blvd,-Orlando,-FL-32819","8028 Sandpoint Blvd, Orlando, FL 32819",8028 Sandpoint Blvd,,Orlando,FL,32819,Orange,28.452359,-81.493477,townhouse,3.0,2.0,1648.0,2553.0,1987.0,Inactive,489900,2024-08-16T00:00:00.000Z,2,13.101958608857487
"6165-Carrier-Dr,---1308,-Orlando,-FL-32819","6165 Carrier Dr, # 1308, Orlando, FL 32819",6165 Carrier Dr,# 1308,Orlando,FL,32819,Orange,28.456858,-81.467791,condo,1.0,1.0,408.0,408.0,1985.0,Inactive,158000,2024-07-21T00:00:00.000Z,27,11.970356641102999
"9214-Bayway-Dr,-Orlando,-FL-32819","9214 Bayway Dr, Orlando, FL 32819",9214 Bayway Dr,,Orlando,FL,32819,Orange,28.469337,-81.516619,single_family,4.0,5.0,6181.0,13504.0,2011.0,Inactive,1250000,2024-08-05T00:00:00.000Z,12,14.038654909278163
"7407-Green-Tree-Dr,-Orlando,-FL-32819","7407 Green Tree Dr, Orlando, FL 32819",7407 Green Tree Dr,,Orlando,FL,32819,Orange,28.45982,-81.482597,townhouse,3.0,2.0,2407.0,8712.0,2000.0,Inactive,515000,2024-01-09T00:00:00.000Z,217,13.151924121391561
"5644-Craindale-Dr,-Orlando,-FL-32819","5644 Craindale Dr, Orlando, FL 32819",5644 Craindale Dr,,Orlando,FL,32819,Orange,28.482655,-81.495041,single_family,5.0,4.0,2420.0,10890.0,1993.0,Inactive,720000,2024-08-07T00:00:00.000Z,6,13.487007879880162
"5234-Eaglesmere-Dr,---D04,-Orlando,-FL-32819","5234 Eaglesmere Dr, # D04, Orlando, FL 32819",5234 Eaglesmere Dr,# D04,Orlando,FL,32819,Orange,28.485956,-81.460653,condo,2.0,2.0,999.0,5291.0,1974.0,Inactive,194500,2024-06-24T00:00:00.000Z,47,12.178192583415596
"6350-Oak-Meadow-Bnd,-Orlando,-FL-32819","6350 Oak Meadow Bnd, Orlando, FL 32819",6350 Oak Meadow Bnd,,Orlando,FL,32819,Orange,28.469724,-81.483238,single_family,3.0,2.0,1954.0,9910.0,1985.0,Inactive,694000,2024-03-30T00:00:00.000Z,132,13.450228680410094
"8535-Summerville-Pl,-Orlando,-FL-32819","8535 Summerville Pl, Orlando, FL 32819",8535 Summerville Pl,,Orlando,FL,32819,Orange,28.48203,-81.496452,single_family,5.0,5.0,4078.0,23087.0,1993.0,Inactive,1449000,2024-05-15T00:00:00.000Z,85,14.186384911433706
"7763-Windbreak-Rd,-Orlando,-FL-32819","7763 Windbreak Rd, Orlando, FL 32819",7763 Windbreak Rd,,Orlando,FL,32819,Orange,28.452902,-81.492761,townhouse,2.0,2.0,1492.0,2552.0,1988.0,Inactive,470000,2024-06-18T00:00:00.000Z,51,13.060490101343552
"7300-Grace-Rd,-Orlando,-FL-32819","7300 Grace Rd, Orlando, FL 32819",7300 Grace Rd,,Orlando,FL,32819,Orange,28.480268,-81.482144,single_family,5.0,4.0,4391.0,84942.0,1983.0,Inactive,1299500,2023-07-23T00:00:00.000Z,381,14.077490902590126
"6165-Carrier-Dr,---2202,-Orlando,-FL-32819","6165 Carrier Dr, # 2202, Orlando, FL 32819",6165 Carrier Dr,# 2202,Orlando,FL,32819,Orange,28.456566,-81.467035,condo,2.0,2.0,578.0,578.0,1986.0,Inactive,219000,2024-06-12T00:00:00.000Z,56,12.296831574998258
"6358-Parson-Brown-Dr,-Orlando,-FL-32819","6358 Parson Brown Dr, Orlando, FL 32819",6358 Parson Brown Dr,,Orlando,FL,32819,Orange,28.468246,-81.489379,single_family,3.0,2.0,1718.0,10019.0,1984.0,Inactive,539000,2024-06-20T00:00:00.000Z,45,13.197472705176983
"4114-Breakview-Dr,---30102,-Orlando,-FL-32819","4114 Breakview Dr, # 30102, Orlando, FL 32819",4114 Breakview Dr,# 30102,Orlando,FL,32819,Orange,28.425455,-81.4455,condo,3.0,2.0,1247.0,1472.0,2007.0,Inactive,510000,2024-07-17T00:00:00.000Z,18,13.1421679654829
"7149-Regina-Way,-Orlando,-FL-32819","7149 Regina Way, Orlando, FL 32819",7149 Regina Way,,Orlando,FL,32819,Orange,28.458668,-81.475992,townhouse,3.0,2.0,2104.0,3606.0,2006.0,Inactive,550000,2024-06-13T00:00:00.000Z,51,13.217675375388819
"6967-Sorrento-St,-Orlando,-FL-32819","6967 Sorrento St, Orlando, FL 32819",6967 Sorrento St,,Orlando,FL,32819,Orange,28.458329,-81.478004,townhouse,4.0,3.0,2244.0,3597.0,2005.0,Inactive,559000,2024-07-25T00:00:00.000Z,9,13.233906541044401
"8606-Crestgate-Cir,-Orlando,-FL-32819","8606 Crestgate Cir, Orlando, FL 32819",8606 Crestgate Cir,,Orlando,FL,32819,Orange,28.478047,-81.502702,single_family,5.0,4.0,3484.0,14810.0,1995.0,Inactive,1200000,2024-06-16T00:00:00.000Z,47,13.997832948091215
"5821-Pitch-Pine-Dr,-Orlando,-FL-32819","5821 Pitch Pine Dr, Orlando, FL 32819",5821 Pitch Pine Dr,,Orlando,FL,32819,Orange,28.479715,-81.487158,single_family,4.0,2.0,2001.0,12197.0,1984.0,Inactive,585000,2024-07-24T00:00:00.000Z,9,13.279368835614243
"10316-Turkey-Lake-Rd,-Unit-Ge,-Orlando,-FL-32819","10316 Turkey Lake Rd, Unit Ge, Orlando, FL 32819",10316 Turkey Lake Rd,Unit Ge,Orlando,FL,32819,Orange,28.41813,-81.476477,condo,2.0,2.0,1124.0,653.0,1984.0,Inactive,299000,2024-02-27T00:00:00.000Z,156,12.608202196848836
"10316-Turkey-Lake-Rd,---Ge,-Orlando,-FL-32819","10316 Turkey Lake Rd, # Ge, Orlando, FL 32819",10316 Turkey Lake Rd,# Ge,Orlando,FL,32819,Orange,28.41813,-81.476477,condo,2.0,2.0,1124.0,653.0,1984.0,Inactive,299000,2024-02-26T00:00:00.000Z,156,12.608202196848836
"5932-Peregrine-Ave,---D10,-Orlando,-FL-32819","5932 Peregrine Ave, # D10, Orlando, FL 32819",5932 Peregrine Ave,# D10,Orlando,FL,32819,Orange,28.486842,-81.462078,condo,2.0,2.0,999.0,6361.0,1974.0,Inactive,189900,2024-05-08T00:00:00.000Z,84,12.15425816271595
"6125-St-Ives-Blvd,-Orlando,-FL-32819","6125 St Ives Blvd, Orlando, FL 32819",6125 St Ives Blvd,,Orlando,FL,32819,Orange,28.473922,-81.489475,single_family,3.0,3.0,2459.0,10890.0,1989.0,Inactive,849000,2024-06-28T00:00:00.000Z,33,13.651815643149092
"8202-Caraway-Dr,-Orlando,-FL-32819","8202 Caraway Dr, Orlando, FL 32819",8202 Caraway Dr,,Orlando,FL,32819,Orange,28.464289,-81.495336,single_family,4.0,2.0,1951.0,10454.0,1978.0,Inactive,499900,2024-05-01T00:00:00.000Z,89,13.12216535779974
"5048-Shoreway-Loop,-Unit-105,-Orlando,-FL-32819","5048 Shoreway Loop, Unit 105, Orlando, FL 32819",5048 Shoreway Loop,Unit 105,Orlando,FL,32819,Orange,28.428637,-81.452289,condo,2.0,2.0,1823.0,2621.0,2006.0,Inactive,524900,2023-10-24T00:00:00.000Z,278,13.170964952363363
"7353-Alpine-Butterfly-Ln,-Orlando,-FL-32819","7353 Alpine Butterfly Ln, Orlando, FL 32819",7353 Alpine Butterfly Ln,,Orlando,FL,32819,Orange,28.441576,-81.479405,townhouse,4.0,3.0,1937.0,4502.0,2020.0,Inactive,615000,2024-03-11T00:00:00.000Z,139,13.329379172803593
"6165-Carrier-Dr,---2207,-Orlando,-FL-32819","6165 Carrier Dr, # 2207, Orlando, FL 32819",6165 Carrier Dr,# 2207,Orlando,FL,32819,Orange,28.456602,-81.46814,condo,1.0,1.0,408.0,408.0,1986.0,Inactive,159000,2024-07-17T00:00:00.000Z,10,11.976665770490767
"5529-Glasgow-Ave,-Orlando,-FL-32819","5529 Glasgow Ave, Orlando, FL 32819",5529 Glasgow Ave,,Orlando,FL,32819,Orange,28.483613,-81.480968,single_family,3.0,2.0,1632.0,21344.0,1961.0,Inactive,415000,2024-06-21T00:00:00.000Z,35,12.936036208848487
"6348-Middlerow-Ct,-Orlando,-FL-32819","6348 Middlerow Ct, Orlando, FL 32819",6348 Middlerow Ct,,Orlando,FL,32819,Orange,28.470745,-81.498166,single_family,3.0,2.0,1803.0,16553.0,1981.0,Inactive,499990,2024-07-21T00:00:00.000Z,5,13.122345377242327
"5550-Osprey-Isle-Ln,-Orlando,-FL-32819","5550 Osprey Isle Ln, Orlando, FL 32819",5550 Osprey Isle Ln,,Orlando,FL,32819,Orange,28.475015,-81.51775,single_family,5.0,4.0,6730.0,45302.0,2007.0,Inactive,5999500,2023-06-07T00:00:00.000Z,414,15.607186857067123
"5761-Peregrine-Ave,---E04,-Orlando,-FL-32819","5761 Peregrine Ave, # E04, Orlando, FL 32819",5761 Peregrine Ave,# E04,Orlando,FL,32819,Orange,28.487265,-81.460327,condo,3.0,2.0,1146.0,3553.0,1974.0,Inactive,220900,2024-05-22T00:00:00.000Z,64,12.305469916333227
"8281-Tansy-Dr,-Orlando,-FL-32819","8281 Tansy Dr, Orlando, FL 32819",8281 Tansy Dr,,Orlando,FL,32819,Orange,28.467063,-81.495884,single_family,3.0,2.0,1612.0,13068.0,1978.0,Inactive,489900,2024-05-03T00:00:00.000Z,81,13.101958608857487
"7516-Toscana-Blvd,-Apt-211,-Orlando,-FL-32819","7516 Toscana Blvd, Apt 211, Orlando, FL 32819",7516 Toscana Blvd,Apt 211,Orlando,FL,32819,Orange,28.456396,-81.478926,condo,3.0,2.0,2085.0,8302.0,2007.0,Inactive,499000,2023-07-29T00:00:00.000Z,359,13.120363378739663
"6165-Carrier-Dr,---2111,-Orlando,-FL-32819","6165 Carrier Dr, # 2111, Orlando, FL 32819",6165 Carrier Dr,# 2111,Orlando,FL,32819,Orange,28.456602,-81.46814,condo,1.0,1.0,408.0,408.0,1986.0,Inactive,165000,2024-07-01T00:00:00.000Z,21,12.013706813470414
"10260-Turkey-Lake-Rd,---Ge,-Orlando,-FL-32819","10260 Turkey Lake Rd, # Ge, Orlando, FL 32819",10260 Turkey Lake Rd,# Ge,Orlando,FL,32819,Orange,28.419154,-81.476539,condo,2.0,2.0,1124.0,649.0,1984.0,Inactive,260000,2024-07-03T00:00:00.000Z,19,12.468440756144114
"7601-Canada-Ave,---223,-Orlando,-FL-32819","7601 Canada Ave, # 223, Orlando, FL 32819",7601 Canada Ave,# 223,Orlando,FL,32819,Orange,28.452068,-81.467407,condo,1.0,1.0,542.0,542.0,1999.0,Inactive,124900,2023-07-21T00:00:00.000Z,365,11.735276702486741
"7260-Carrickbend-Ln,-Orlando,-FL-32819","7260 Carrickbend Ln, Orlando, FL 32819",7260 Carrickbend Ln,,Orlando,FL,32819,Orange,28.44113,-81.477817,townhouse,3.0,2.0,1970.0,3528.0,2020.0,Inactive,595000,2024-06-27T00:00:00.000Z,23,13.296318365198623
"7395-Universal-Blvd,---1004,-Orlando,-FL-32819","7395 Universal Blvd, # 1004, Orlando, FL 32819",7395 Universal Blvd,# 1004,Orlando,FL,32819,Orange,28.456535,-81.462433,condo,1.0,1.0,671.0,671.0,2007.0,Inactive,198900,2024-01-06T00:00:00.000Z,195,12.200562492481511
"6231-Marlberry-Dr,-Orlando,-FL-32819","6231 Marlberry Dr, Orlando, FL 32819",6231 Marlberry Dr,,Orlando,FL,32819,Orange,28.472147,-81.50619,single_family,3.0,2.0,1650.0,12197.0,1981.0,Inactive,485000,2024-04-25T00:00:00.000Z,85,13.091906231773164
"8608-Spindletop-Dr,-Orlando,-FL-32819","8608 Spindletop Dr, Orlando, FL 32819",8608 Spindletop Dr,,Orlando,FL,32819,Orange,28.489254,-81.502413,single_family,5.0,4.0,4259.0,12197.0,1999.0,Inactive,1195000,2024-06-07T00:00:00.000Z,42,13.993657580167481
"5841-Medinah-Way,-Orlando,-FL-32819","5841 Medinah Way, Orlando, FL 32819",5841 Medinah Way,,Orlando,FL,32819,Orange,28.466387,-81.504113,single_family,4.0,4.0,3607.0,19602.0,1981.0,Inactive,978000,2024-06-21T00:00:00.000Z,27,13.79326597151132
"7601-Canada-Ave,---508,-Orlando,-FL-32819","7601 Canada Ave, # 508, Orlando, FL 32819",7601 Canada Ave,# 508,Orlando,FL,32819,Orange,28.452068,-81.467407,condo,1.0,1.0,542.0,7900.0,1999.0,Inactive,125000,2024-04-03T00:00:00.000Z,105,11.736077016252437
"6042-Peregrine-Ave,---C05,-Orlando,-FL-32819","6042 Peregrine Ave, # C05, Orlando, FL 32819",6042 Peregrine Ave,# C05,Orlando,FL,32819,Orange,28.486084,-81.463479,condo,2.0,2.0,1139.0,2798.0,1974.0,Inactive,189800,2024-04-18T00:00:00.000Z,90,12.153731433847984
"6165-Carrier-Dr,---1906,-Orlando,-FL-32819","6165 Carrier Dr, # 1906, Orlando, FL 32819",6165 Carrier Dr,# 1906,Orlando,FL,32819,Orange,28.456858,-81.467791,condo,1.0,1.0,425.0,425.0,1985.0,Inactive,239000,2024-05-13T00:00:00.000Z,65,12.384223015005313
"5821-Windhover-Dr,---F11,-Orlando,-FL-32819","5821 Windhover Dr, # F11, Orlando, FL 32819",5821 Windhover Dr,# F11,Orlando,FL,32819,Orange,28.485637,-81.461723,condo,3.0,2.0,1258.0,6331.0,1974.0,Inactive,225000,2024-06-12T00:00:00.000Z,35,12.323860125621126
"8211-Sugarbush-Ct,-Orlando,-FL-32819","8211 Sugarbush Ct, Orlando, FL 32819",8211 Sugarbush Ct,,Orlando,FL,32819,Orange,28.466244,-81.495072,single_family,4.0,2.0,1937.0,12197.0,1978.0,Inactive,595000,2024-06-16T00:00:00.000Z,30,13.296318365198623
"5348-Glasgow-Cir,-Orlando,-FL-32819","5348 Glasgow Cir, Orlando, FL 32819",5348 Glasgow Cir,,Orlando,FL,32819,Orange,28.484701,-81.480402,single_family,4.0,2.0,1314.0,19602.0,1972.0,Inactive,419900,2024-07-06T00:00:00.000Z,8,12.947774248188859
"6165-Carrier-Dr,---1507,-Orlando,-FL-32819","6165 Carrier Dr, # 1507, Orlando, FL 32819",6165 Carrier Dr,# 1507,Orlando,FL,32819,Orange,28.456602,-81.46814,condo,1.0,1.0,408.0,408.0,1985.0,Inactive,189900,2024-04-19T00:00:00.000Z,85,12.15425816271595
"8127-Sandberry-Blvd,-Orlando,-FL-32819","8127 Sandberry Blvd, Orlando, FL 32819",8127 Sandberry Blvd,,Orlando,FL,32819,Orange,28.474022,-81.495003,single_family,4.0,2.0,1861.0,13068.0,1985.0,Inactive,529800,2024-05-02T00:00:00.000Z,70,13.180256743323044
"7732-Chapelhill-Dr,-Orlando,-FL-32819","7732 Chapelhill Dr, Orlando, FL 32819",7732 Chapelhill Dr,,Orlando,FL,32819,Orange,28.45455,-81.497075,townhouse,2.0,2.0,1147.0,2556.0,1989.0,Inactive,389000,2024-05-15T00:00:00.000Z,56,12.871337193291367
"7532-Toscana-Blvd,-Apt-531,-Orlando,-FL-32819","7532 Toscana Blvd, Apt 531, Orlando, FL 32819",7532 Toscana Blvd,Apt 531,Orlando,FL,32819,Orange,28.455671,-81.478629,condo,3.0,2.0,2085.0,8055.0,2006.0,Inactive,495000,2024-07-05T00:00:00.000Z,5,13.112315061750808
"6031-Windhover-Dr,---D03,-Orlando,-FL-32819","6031 Windhover Dr, # D03, Orlando, FL 32819",6031 Windhover Dr,# D03,Orlando,FL,32819,Orange,28.485493,-81.463705,condo,2.0,2.0,999.0,3553.0,1974.0,Inactive,189900,2024-04-08T00:00:00.000Z,91,12.15425816271595
"5794-Peregrine-Ave,---E03,-Orlando,-FL-32819","5794 Peregrine Ave, # E03, Orlando, FL 32819",5794 Peregrine Ave,# E03,Orlando,FL,32819,Orange,28.486225,-81.460953,condo,3.0,2.0,1146.0,3181.0,1974.0,Inactive,214990,2024-01-17T00:00:00.000Z,172,12.278351445768509
"5741-Sago-Palm-Dr,-Orlando,-FL-32819","5741 Sago Palm Dr, Orlando, FL 32819",5741 Sago Palm Dr,,Orlando,FL,32819,Orange,28.48154,-81.48774,single_family,4.0,2.0,2111.0,13939.0,1983.0,Inactive,549995,2024-06-21T00:00:00.000Z,16,13.217666284454934
"8013-Cool-Breeze-Dr,---113,-Orlando,-FL-32819","8013 Cool Breeze Dr, # 113, Orlando, FL 32819",8013 Cool Breeze Dr,# 113,Orlando,FL,32819,Orange,28.429922,-81.451477,townhouse,3.0,2.0,1746.0,687.0,2005.0,Inactive,529800,2024-06-21T00:00:00.000Z,14,13.180256743323044
"7601-Canada-Ave,---514,-Orlando,-FL-32819","7601 Canada Ave, # 514, Orlando, FL 32819",7601 Canada Ave,# 514,Orlando,FL,32819,Orange,28.452068,-81.467407,condo,1.0,1.0,542.0,542.0,1999.0,Inactive,115000,2023-10-11T00:00:00.000Z,267,11.652696102959753
"7732-High-Pine-Rd,-Orlando,-FL-32819","7732 High Pine Rd, Orlando, FL 32819",7732 High Pine Rd,,Orlando,FL,32819,Orange,28.453008,-81.492275,townhouse,3.0,3.0,1728.0,2552.0,1985.0,Inactive,515000,2024-05-23T00:00:00.000Z,42,13.151924121391561
"6428-Parson-Brown-Dr,-Orlando,-FL-32819","6428 Parson Brown Dr, Orlando, FL 32819",6428 Parson Brown Dr,,Orlando,FL,32819,Orange,28.467757,-81.488406,single_family,3.0,3.0,1983.0,9160.0,1984.0,Inactive,589900,2024-06-15T00:00:00.000Z,18,13.287710005192306
"5620-Brookline-Dr,-Orlando,-FL-32819","5620 Brookline Dr, Orlando, FL 32819",5620 Brookline Dr,,Orlando,FL,32819,Orange,28.468179,-81.506402,single_family,4.0,3.0,2963.0,18295.0,1979.0,Inactive,1895000,2024-07-01T00:00:00.000Z,2,14.45472992420301
"5405-Cedar-Pine-Ct,-Orlando,-FL-32819","5405 Cedar Pine Ct, Orlando, FL 32819",5405 Cedar Pine Ct,,Orlando,FL,32819,Orange,28.486405,-81.490299,single_family,4.0,3.0,3247.0,16117.0,1986.0,Inactive,750000,2024-06-28T00:00:00.000Z,4,13.527829818844937
"6106-Peregrine-Ave,---C07,-Orlando,-FL-32819","6106 Peregrine Ave, # C07, Orlando, FL 32819",6106 Peregrine Ave,# C07,Orlando,FL,32819,Orange,28.485804,-81.464285,condo,2.0,2.0,1139.0,3552.0,1974.0,Inactive,199000,2024-06-18T00:00:00.000Z,13,12.201065128819632
"7617-Bay-Port-Rd,---57,-Orlando,-FL-32819","7617 Bay Port Rd, # 57, Orlando, FL 32819",7617 Bay Port Rd,# 57,Orlando,FL,32819,Orange,28.459881,-81.485108,condo,3.0,2.0,1520.0,7900.0,2000.0,Inactive,390000,2024-05-16T00:00:00.000Z,45,12.873904582205107
"7588-Toscana-Blvd,-Apt-423,-Orlando,-FL-32819","7588 Toscana Blvd, Apt 423, Orlando, FL 32819",7588 Toscana Blvd,Apt 423,Orlando,FL,32819,Orange,28.455371,-81.478052,condo,3.0,2.0,2030.0,7900.0,2007.0,Inactive,498500,2023-12-17T00:00:00.000Z,195,13.119360874400073
"7641-Clementine-Way,-Orlando,-FL-32819","7641 Clementine Way, Orlando, FL 32819",7641 Clementine Way,,Orlando,FL,32819,Orange,28.462891,-81.48753,single_family,3.0,2.0,2069.0,16117.0,1977.0,Inactive,629999,2024-04-11T00:00:00.000Z,79,13.353475098367715
"4951-Caspian-Ct,-Orlando,-FL-32819","4951 Caspian Ct, Orlando, FL 32819",4951 Caspian Ct,,Orlando,FL,32819,Orange,28.492136,-81.486853,single_family,4.0,2.0,2398.0,14375.0,1982.0,Inactive,625000,2024-06-11T00:00:00.000Z,17,13.345508528717259
"7601-Canada-Ave,---303,-Orlando,-FL-32819","7601 Canada Ave, # 303, Orlando, FL 32819",7601 Canada Ave,# 303,Orlando,FL,32819,Orange,28.452068,-81.467407,condo,1.0,1.0,542.0,7900.0,1999.0,Inactive,120000,2024-02-23T00:00:00.000Z,123,11.695255355062795
"7090-Villa-Estelle-Dr,-Orlando,-FL-32819","7090 Villa Estelle Dr, Orlando, FL 32819",7090 Villa Estelle Dr,,Orlando,FL,32819,Orange,28.458515,-81.480508,single_family,3.0,2.0,1475.0,5300.0,1988.0,Inactive,439900,2024-04-25T00:00:00.000Z,61,12.994304980578146
"7635-Toscana-Blvd,-Orlando,-FL-32819","7635 Toscana Blvd, Orlando, FL 32819",7635 Toscana Blvd,,Orlando,FL,32819,Orange,28.454286,-81.479067,single_family,5.0,5.0,4198.0,4729.0,2017.0,Inactive,1599000,2024-06-24T00:00:00.000Z,1,14.284889617206765
"7605-Bay-Port-Rd,---30,-Orlando,-FL-32819","7605 Bay Port Rd, # 30, Orlando, FL 32819",7605 Bay Port Rd,# 30,Orlando,FL,32819,Orange,28.459211,-81.485977,condo,3.0,2.0,1831.0,4965.0,1999.0,Inactive,440000,2024-04-02T00:00:00.000Z,83,12.994532278619134
"5018-Calle-De-Sol,-Orlando,-FL-32819","5018 Calle De Sol, Orlando, FL 32819",5018 Calle De Sol,,Orlando,FL,32819,Orange,28.491349,-81.488701,single_family,4.0,2.0,2192.0,21344.0,1981.0,Inactive,625000,2024-04-12T00:00:00.000Z,73,13.345508528717259
"5781-Peregrine-Ave,---5781,-Orlando,-FL-32819","5781 Peregrine Ave, # 5781, Orlando, FL 32819",5781 Peregrine Ave,# 5781,Orlando,FL,32819,Orange,28.487677,-81.460716,condo,3.0,2.0,1146.0,6274.0,1974.0,Inactive,219000,2024-03-12T00:00:00.000Z,102,12.296831574998258
"7418-Green-Tree-Dr,-Orlando,-FL-32819","7418 Green Tree Dr, Orlando, FL 32819",7418 Green Tree Dr,,Orlando,FL,32819,Orange,28.4594,-81.48333,townhouse,3.0,2.0,1985.0,11761.0,2000.0,Inactive,490000,2024-04-02T00:00:00.000Z,81,13.102162710901053
"5037-Shoreway-Loop,---10502,-Orlando,-FL-32819","5037 Shoreway Loop, # 10502, Orlando, FL 32819",5037 Shoreway Loop,# 10502,Orlando,FL,32819,Orange,28.429233,-81.450922,condo,2.0,2.0,1823.0,2100.0,2006.0,Inactive,509000,2024-03-07T00:00:00.000Z,106,13.140205260167273
"5000-Cayview-Ave,---40308,-Orlando,-FL-32819","5000 Cayview Ave, # 40308, Orlando, FL 32819",5000 Cayview Ave,# 40308,Orlando,FL,32819,Orange,28.429354,-81.44878,condo,3.0,2.0,1247.0,1455.0,2006.0,Inactive,569000,2024-04-03T00:00:00.000Z,79,13.251637470576167
"5250-Timberview-Ter,-Orlando,-FL-32819","5250 Timberview Ter, Orlando, FL 32819",5250 Timberview Ter,,Orlando,FL,32819,Orange,28.482627,-81.498056,single_family,4.0,3.0,2793.0,35284.0,1994.0,Inactive,850000,2024-03-29T00:00:00.000Z,83,13.652992804936396
"6855-Hochad-Dr,-Orlando,-FL-32819","6855 Hochad Dr, Orlando, FL 32819",6855 Hochad Dr,,Orlando,FL,32819,Orange,28.46299,-81.480468,townhouse,2.0,2.0,1540.0,1896.0,2006.0,Inactive,412000,2024-06-18T00:00:00.000Z,2,12.928781055513184
"8190-Via-Vittoria-Way,-Orlando,-FL-32819","8190 Via Vittoria Way, Orlando, FL 32819",8190 Via Vittoria Way,,Orlando,FL,32819,Orange,28.451518,-81.493664,single_family,3.0,2.0,3246.0,4495.0,2017.0,Inactive,1250000,2024-05-09T00:00:00.000Z,40,14.038654909278163
"7763-Sugar-Bend-Dr,---7763,-Orlando,-FL-32819","7763 Sugar Bend Dr, # 7763, Orlando, FL 32819",7763 Sugar Bend Dr,# 7763,Orlando,FL,32819,Orange,28.456637,-81.494663,condo,2.0,2.0,1014.0,7796.0,1996.0,Inactive,329000,2024-05-23T00:00:00.000Z,26,12.703816069256568
"8229-Sandpoint-Blvd,-Orlando,-FL-32819","8229 Sandpoint Blvd, Orlando, FL 32819",8229 Sandpoint Blvd,,Orlando,FL,32819,Orange,28.453486,-81.495803,townhouse,2.0,2.0,1492.0,2553.0,1991.0,Inactive,429900,2024-06-15T00:00:00.000Z,3,12.971310228604022
"10260-Turkey-Lake-Rd,-Apt-155,-Orlando,-FL-32819","10260 Turkey Lake Rd, Apt 155, Orlando, FL 32819",10260 Turkey Lake Rd,Apt 155,Orlando,FL,32819,Orange,28.419306,-81.476791,condo,2.0,2.0,1124.0,649.0,1984.0,Inactive,275000,2023-09-03T00:00:00.000Z,286,12.524530013005734
"7309-Alpine-Butterfly-Ln,-Orlando,-FL-32819","7309 Alpine Butterfly Ln, Orlando, FL 32819",7309 Alpine Butterfly Ln,,Orlando,FL,32819,Orange,28.441434,-81.47841,townhouse,3.0,2.0,1810.0,2993.0,2020.0,Inactive,595900,2023-11-17T00:00:00.000Z,211,13.297829824867577
"6975-Phillips-Reserve-Ct,-Orlando,-FL-32819","6975 Phillips Reserve Ct, Orlando, FL 32819",6975 Phillips Reserve Ct,,Orlando,FL,32819,Orange,28.489875,-81.474532,single_family,5.0,4.0,3800.0,8945.0,2016.0,Inactive,915000,2024-06-08T00:00:00.000Z,7,13.726680437153236
"7001-Cane-Hills-Cir,-Orlando,-FL-32819","7001 Cane Hills Cir, Orlando, FL 32819",7001 Cane Hills Cir,,Orlando,FL,32819,Orange,28.48527,-81.475655,single_family,5.0,4.0,2451.0,80150.0,1959.0,Inactive,550000,2024-04-10T00:00:00.000Z,65,13.217675375388819
"6863-Hochad-Dr,-Orlando,-FL-32819","6863 Hochad Dr, Orlando, FL 32819",6863 Hochad Dr,,Orlando,FL,32819,Orange,28.46294,-81.480467,townhouse,3.0,2.0,1672.0,1800.0,2006.0,Inactive,420000,2024-06-05T00:00:00.000Z,7,12.948012371209098
"7016-Archwood-Dr,-Orlando,-FL-32819","7016 Archwood Dr, Orlando, FL 32819",7016 Archwood Dr,,Orlando,FL,32819,Orange,28.489405,-81.475993,single_family,3.0,2.0,1429.0,9719.0,1975.0,Inactive,475000,2024-06-06T00:00:00.000Z,6,13.07107218827772
"5822-Windhover-Dr,---5822,-Orlando,-FL-32819","5822 Windhover Dr, # 5822, Orlando, FL 32819",5822 Windhover Dr,# 5822,Orlando,FL,32819,Orange,28.484963,-81.461091,condo,2.0,2.0,1193.0,4981.0,1980.0,Inactive,214900,2024-04-01T00:00:00.000Z,69,12.277932735946903
"8335-Via-Vittoria-Way,-Orlando,-FL-32819","8335 Via Vittoria Way, Orlando, FL 32819",8335 Via Vittoria Way,,Orlando,FL,32819,Orange,28.452137,-81.495484,single_family,3.0,2.0,3246.0,4453.0,2020.0,Inactive,1350000,2024-05-16T00:00:00.000Z,23,14.115615891155079
"7395-Universal-Blvd,---702,-Orlando,-FL-32819","7395 Universal Blvd, # 702, Orlando, FL 32819",7395 Universal Blvd,# 702,Orlando,FL,32819,Orange,28.456535,-81.462433,condo,2.0,2.0,1056.0,1056.0,2007.0,Inactive,309900,2023-12-12T00:00:00.000Z,178,12.644008170618003
"7705-Apple-Tree-Cir,-Orlando,-FL-32819","7705 Apple Tree Cir, Orlando, FL 32819",7705 Apple Tree Cir,,Orlando,FL,32819,Orange,28.4745,-81.490522,single_family,4.0,5.0,3155.0,13068.0,1989.0,Inactive,1425000,2024-05-07T00:00:00.000Z,31,14.169683073439028
"6780-Tamarind-Cir,-Orlando,-FL-32819","6780 Tamarind Cir, Orlando, FL 32819",6780 Tamarind Cir,,Orlando,FL,32819,Orange,28.461669,-81.493661,single_family,3.0,2.0,1608.0,10890.0,1978.0,Inactive,599900,2024-05-20T00:00:00.000Z,18,13.304519920584285
"5710-Masters-Blvd,-Orlando,-FL-32819","5710 Masters Blvd, Orlando, FL 32819",5710 Masters Blvd,,Orlando,FL,32819,Orange,28.472449,-81.511592,single_family,4.0,3.0,3089.0,20473.0,1985.0,Inactive,1150000,2024-05-29T00:00:00.000Z,8,13.955273369904273
"8929-Charleston-Park,---Ge,-Orlando,-FL-32819","8929 Charleston Park, # Ge, Orlando, FL 32819",8929 Charleston Park,# Ge,Orlando,FL,32819,Orange,28.464712,-81.504867,single_family,3.0,2.0,2216.0,7500.0,1981.0,Inactive,1100000,2024-05-30T00:00:00.000Z,6,13.910821646859095
"6043-Windhover-Dr,---A01,-Orlando,-FL-32819","6043 Windhover Dr, # A01, Orlando, FL 32819",6043 Windhover Dr,# A01,Orlando,FL,32819,Orange,28.485081,-81.463843,condo,1.0,1.0,605.0,5300.0,1974.0,Inactive,182500,2024-02-01T00:00:00.000Z,124,12.114510931441727
"6194-Valerian-Blvd,-Orlando,-FL-32819","6194 Valerian Blvd, Orlando, FL 32819",6194 Valerian Blvd,,Orlando,FL,32819,Orange,28.461365,-81.498029,single_family,4.0,3.0,2668.0,13068.0,1973.0,Inactive,699900,2024-05-30T00:00:00.000Z,5,13.45869417545215
"5740-Sago-Palm-Dr,-Orlando,-FL-32819","5740 Sago Palm Dr, Orlando, FL 32819",5740 Sago Palm Dr,,Orlando,FL,32819,Orange,28.481411,-81.488438,single_family,3.0,2.0,2155.0,12632.0,1983.0,Inactive,600000,2024-05-30T00:00:00.000Z,5,13.304686600863562
"7751-High-Pine-Rd,-Orlando,-FL-32819","7751 High Pine Rd, Orlando, FL 32819",7751 High Pine Rd,,Orlando,FL,32819,Orange,28.452594,-81.491849,townhouse,3.0,3.0,1645.0,2553.0,1986.0,Inactive,475000,2024-05-10T00:00:00.000Z,24,13.07107218827772
"6134-Peregrine-Ave,---C01,-Orlando,-FL-32819","6134 Peregrine Ave, # C01, Orlando, FL 32819",6134 Peregrine Ave,# C01,Orlando,FL,32819,Orange,28.485818,-81.464787,condo,2.0,2.0,1139.0,3561.0,1974.0,Inactive,159900,2024-01-18T00:00:00.000Z,136,11.982310152711182
"6220-Masters-Blvd,-Apt-301,-Orlando,-FL-32819","6220 Masters Blvd, Apt 301, Orlando, FL 32819",6220 Masters Blvd,Apt 301,Orlando,FL,32819,Orange,28.458114,-81.513202,condo,3.0,3.0,3400.0,9413.0,1971.0,Inactive,1150000,2024-02-09T00:00:00.000Z,114,13.955273369904273
"7854-Sugar-Bend-Dr,---7854,-Orlando,-FL-32819","7854 Sugar Bend Dr, # 7854, Orlando, FL 32819",7854 Sugar Bend Dr,# 7854,Orlando,FL,32819,Orange,28.457677,-81.493253,townhouse,3.0,2.0,1212.0,7796.0,1996.0,Inactive,360000,2024-05-28T00:00:00.000Z,4,12.793862088206213
"7663-Sugar-Bend-Dr,---7663,-Orlando,-FL-32819","7663 Sugar Bend Dr, # 7663, Orlando, FL 32819",7663 Sugar Bend Dr,# 7663,Orlando,FL,32819,Orange,28.455082,-81.493807,condo,2.0,2.0,1075.0,7796.0,1996.0,Inactive,315000,2024-05-26T00:00:00.000Z,5,12.660331092405906
"8156-Caraway-Dr,-Orlando,-FL-32819","8156 Caraway Dr, Orlando, FL 32819",8156 Caraway Dr,,Orlando,FL,32819,Orange,28.464447,-81.495139,single_family,3.0,2.0,1868.0,10890.0,1979.0,Inactive,524900,2024-05-28T00:00:00.000Z,2,13.170964952363363
"5261-Abelia-Dr,-Orlando,-FL-32819","5261 Abelia Dr, Orlando, FL 32819",5261 Abelia Dr,,Orlando,FL,32819,Orange,28.488196,-81.486509,single_family,3.0,2.0,2742.0,41382.0,1982.0,Inactive,600000,2023-12-26T00:00:00.000Z,155,13.304686600863562
"7395-Universal-Blvd,---306,-Orlando,-FL-32819","7395 Universal Blvd, # 306, Orlando, FL 32819",7395 Universal Blvd,# 306,Orlando,FL,32819,Orange,28.456535,-81.462433,condo,2.0,2.0,1056.0,1056.0,2007.0,Inactive,295000,2024-01-12T00:00:00.000Z,138,12.59473402514672
"6165-Carrier-Dr,---1403,-Orlando,-FL-32819","6165 Carrier Dr, # 1403, Orlando, FL 32819",6165 Carrier Dr,# 1403,Orlando,FL,32819,Orange,28.456858,-81.467791,condo,2.0,2.0,583.0,583.0,1985.0,Inactive,219000,2024-05-23T00:00:00.000Z,6,12.296831574998258
"4816-Tidecrest-Ave,-Unit-174,-Orlando,-FL-32819","4816 Tidecrest Ave, Unit 174, Orlando, FL 32819",4816 Tidecrest Ave,Unit 174,Orlando,FL,32819,Orange,28.428836,-81.445201,townhouse,3.0,2.0,1741.0,688.0,2007.0,Inactive,799000,2023-12-14T00:00:00.000Z,166,13.591117476312084
"5027-Tideview-Cir,---39,-Orlando,-FL-32819","5027 Tideview Cir, # 39, Orlando, FL 32819",5027 Tideview Cir,# 39,Orlando,FL,32819,Orange,28.430846,-81.450678,townhouse,3.0,2.0,1746.0,7900.0,2005.0,Inactive,749000,2024-01-22T00:00:00.000Z,127,13.52649559761195
"4840-Cayview-Ave,---20510,-Orlando,-FL-32819","4840 Cayview Ave, # 20510, Orlando, FL 32819",4840 Cayview Ave,# 20510,Orlando,FL,32819,Orange,28.428416,-81.447873,condo,2.0,2.0,1823.0,2168.0,2007.0,Inactive,619000,2024-05-10T00:00:00.000Z,17,13.335862167174314
"7395-Universal-Blvd,---602,-Orlando,-FL-32819","7395 Universal Blvd, # 602, Orlando, FL 32819",7395 Universal Blvd,# 602,Orlando,FL,32819,Orange,28.456535,-81.462433,condo,2.0,2.0,1056.0,1056.0,2007.0,Inactive,294000,2024-05-23T00:00:00.000Z,2,12.591338447675579
"6165-Carrier-Dr,---2305,-Orlando,-FL-32819","6165 Carrier Dr, # 2305, Orlando, FL 32819",6165 Carrier Dr,# 2305,Orlando,FL,32819,Orange,28.456602,-81.46814,condo,2.0,2.0,583.0,583.0,1986.0,Inactive,227000,2024-05-13T00:00:00.000Z,11,12.33270970174018
"5919-Masters-Blvd,-Orlando,-FL-32819","5919 Masters Blvd, Orlando, FL 32819",5919 Masters Blvd,,Orlando,FL,32819,Orange,28.468592,-81.514843,single_family,4.0,3.0,4175.0,48352.0,1981.0,Inactive,3190000,2024-01-10T00:00:00.000Z,134,14.975531788240602
"7416-Cypress-Grove-Rd,---130,-Orlando,-FL-32819","7416 Cypress Grove Rd, # 130, Orlando, FL 32819",7416 Cypress Grove Rd,# 130,Orlando,FL,32819,Orange,28.4586,-81.482953,condo,3.0,2.0,1985.0,11761.0,2000.0,Inactive,649900,2024-02-28T00:00:00.000Z,85,13.384575322579519
"8318-Sugarmill-St,-Orlando,-FL-32819","8318 Sugarmill St, Orlando, FL 32819",8318 Sugarmill St,,Orlando,FL,32819,Orange,28.460027,-81.496932,single_family,3.0,2.0,1576.0,13504.0,1983.0,Inactive,475000,2024-04-17T00:00:00.000Z,36,13.07107218827772
"5808-Windhover-Dr,---5808,-Orlando,-FL-32819","5808 Windhover Dr, # 5808, Orlando, FL 32819",5808 Windhover Dr,# 5808,Orlando,FL,32819,Orange,28.484773,-81.461508,condo,2.0,2.0,1193.0,5567.0,1980.0,Inactive,225000,2024-05-06T00:00:00.000Z,16,12.323860125621126
"7723-Windbreak-Rd,-Orlando,-FL-32819","7723 Windbreak Rd, Orlando, FL 32819",7723 Windbreak Rd,,Orlando,FL,32819,Orange,28.453749,-81.492951,townhouse,3.0,2.0,1758.0,3612.0,1988.0,Inactive,500000,2024-05-15T00:00:00.000Z,5,13.122365377402328
"7017-Talbot-Dr,-Orlando,-FL-32819","7017 Talbot Dr, Orlando, FL 32819",7017 Talbot Dr,,Orlando,FL,32819,Orange,28.489075,-81.475962,single_family,3.0,2.0,1416.0,9596.0,1979.0,Inactive,415000,2024-02-29T00:00:00.000Z,80,12.936036208848487
"9235-Ridge-Pine-Trl,-Orlando,-FL-32819","9235 Ridge Pine Trl, Orlando, FL 32819",9235 Ridge Pine Trl,,Orlando,FL,32819,Orange,28.449372,-81.511289,single_family,5.0,4.0,4758.0,29185.0,1988.0,Inactive,1375000,2023-10-08T00:00:00.000Z,223,14.13396501635527
"4744-Windsor-Ave,-Orlando,-FL-32819","4744 Windsor Ave, Orlando, FL 32819",4744 Windsor Ave,,Orlando,FL,32819,Orange,28.492947,-81.470027,single_family,4.0,3.0,2524.0,7584.0,1999.0,Inactive,610000,2024-05-15T00:00:00.000Z,3,13.321215875492413
"6165-Carrier-Dr,---2407,-Orlando,-FL-32819","6165 Carrier Dr, # 2407, Orlando, FL 32819",6165 Carrier Dr,# 2407,Orlando,FL,32819,Orange,28.456602,-81.46814,condo,1.0,1.0,408.0,10454.0,1986.0,Inactive,185000,2024-04-21T00:00:00.000Z,25,12.128116509451258
"5108-Lobo-Ct,-Orlando,-FL-32819","5108 Lobo Ct, Orlando, FL 32819",5108 Lobo Ct,,Orlando,FL,32819,Orange,28.486257,-81.496655,single_family,4.0,3.0,3630.0,21780.0,1990.0,Inactive,1250000,2024-05-01T00:00:00.000Z,15,14.038654909278163
"8217-Breeze-Cove-Ln,-Orlando,-FL-32819","8217 Breeze Cove Ln, Orlando, FL 32819",8217 Breeze Cove Ln,,Orlando,FL,32819,Orange,28.454451,-81.495683,townhouse,3.0,2.0,1850.0,2553.0,1989.0,Inactive,549000,2024-05-04T00:00:00.000Z,12,13.215855541983634
"7430-Green-Tree-Dr,---112,-Orlando,-FL-32819","7430 Green Tree Dr, # 112, Orlando, FL 32819",7430 Green Tree Dr,# 112,Orlando,FL,32819,Orange,28.459391,-81.483862,condo,3.0,2.0,2333.0,7953.0,2000.0,Inactive,535000,2024-02-21T00:00:00.000Z,84,13.190023895035274
"4012-Breakview-Dr,---B205,-Orlando,-FL-32819","4012 Breakview Dr, # B205, Orlando, FL 32819",4012 Breakview Dr,# B205,Orlando,FL,32819,Orange,28.424536,-81.444269,condo,3.0,2.0,1185.0,1040.0,2020.0,Inactive,589000,2024-02-14T00:00:00.000Z,90,13.286183160425152
"7389-Universal-Blvd,-Orlando,-FL-32819","7389 Universal Blvd, Orlando, FL 32819",7389 Universal Blvd,,Orlando,FL,32819,Orange,28.456577,-81.462463,condo,2.0,2.0,1056.0,60984.0,2008.0,Inactive,290000,2024-03-14T00:00:00.000Z,60,12.577639650232573
"4862-Cayview-Ave,---40409,-Orlando,-FL-32819","4862 Cayview Ave, # 40409, Orlando, FL 32819",4862 Cayview Ave,# 40409,Orlando,FL,32819,Orange,28.428825,-81.448042,condo,3.0,2.0,1447.0,1514.0,2006.0,Inactive,579000,2024-01-19T00:00:00.000Z,114,13.269059483669357
"8495-Caraway-Ct,-Orlando,-FL-32819","8495 Caraway Ct, Orlando, FL 32819",8495 Caraway Ct,,Orlando,FL,32819,Orange,28.461068,-81.499009,single_family,4.0,2.0,1715.0,14375.0,1973.0,Inactive,601400,2023-11-12T00:00:00.000Z,181,13.307017212322014
"6141-Hardrock-Cir,-Orlando,-FL-32819","6141 Hardrock Cir, Orlando, FL 32819",6141 Hardrock Cir,,Orlando,FL,32819,Orange,28.473858,-81.507486,single_family,4.0,2.0,2360.0,12197.0,1981.0,Inactive,599000,2024-05-06T00:00:00.000Z,5,13.303018546545275
"6165-Carrier-Dr,---3303,-Orlando,-FL-32819","6165 Carrier Dr, # 3303, Orlando, FL 32819",6165 Carrier Dr,# 3303,Orlando,FL,32819,Orange,28.456927,-81.468843,condo,2.0,2.0,583.0,583.0,1986.0,Inactive,201000,2024-05-08T00:00:00.000Z,3,12.211065162153215
"6165-Carrier-Dr,---2509,-Orlando,-FL-32819","6165 Carrier Dr, # 2509, Orlando, FL 32819",6165 Carrier Dr,# 2509,Orlando,FL,32819,Orange,28.456602,-81.46814,condo,1.0,1.0,408.0,408.0,1986.0,Inactive,151000,2024-05-08T00:00:00.000Z,3,11.92504173829169
"7383-Universal-Blvd,---307,-Orlando,-FL-32819","7383 Universal Blvd, # 307, Orlando, FL 32819",7383 Universal Blvd,# 307,Orlando,FL,32819,Orange,28.456535,-81.462433,condo,2.0,2.0,1056.0,9150.0,2008.0,Inactive,317000,2024-02-28T00:00:00.000Z,72,12.666660207428574
"9048-Bay-Hill-Blvd,-Orlando,-FL-32819","9048 Bay Hill Blvd, Orlando, FL 32819",9048 Bay Hill Blvd,,Orlando,FL,32819,Orange,28.456398,-81.510469,single_family,2.0,2.0,2039.0,12197.0,1968.0,Inactive,759900,2024-05-03T00:00:00.000Z,7,13.540943440619637
"7349-Somerset-Shores-Ct,-Orlando,-FL-32819","7349 Somerset Shores Ct, Orlando, FL 32819",7349 Somerset Shores Ct,,Orlando,FL,32819,Orange,28.455172,-81.487302,townhouse,3.0,3.0,2368.0,3316.0,1990.0,Inactive,825000,2024-05-05T00:00:00.000Z,5,13.623139877437296
"8510-Sandberry-Blvd,-Orlando,-FL-32819","8510 Sandberry Blvd, Orlando, FL 32819",8510 Sandberry Blvd,,Orlando,FL,32819,Orange,28.471908,-81.50183,single_family,3.0,2.0,1649.0,10454.0,1983.0,Inactive,467000,2024-04-30T00:00:00.000Z,9,13.054086677976365
"7407-Green-Tree-Dr,---105,-Orlando,-FL-32819","7407 Green Tree Dr, # 105, Orlando, FL 32819",7407 Green Tree Dr,# 105,Orlando,FL,32819,Orange,28.459813,-81.482577,townhouse,3.0,2.0,2407.0,8712.0,2000.0,Inactive,515000,2024-01-09T00:00:00.000Z,120,13.151924121391561
"9227-Bayway-Dr,-Orlando,-FL-32819","9227 Bayway Dr, Orlando, FL 32819",9227 Bayway Dr,,Orlando,FL,32819,Orange,28.469369,-81.51746,single_family,5.0,4.0,3664.0,13939.0,2007.0,Inactive,1565000,2023-04-30T00:00:00.000Z,373,14.263397020933823
"6410-Ridgeberry-Dr,-Orlando,-FL-32819","6410 Ridgeberry Dr, Orlando, FL 32819",6410 Ridgeberry Dr,,Orlando,FL,32819,Orange,28.469779,-81.505742,single_family,5.0,3.0,2526.0,12197.0,1980.0,Inactive,594900,2024-05-04T00:00:00.000Z,1,13.296150284129366
"6981-Phillips-Reserve-Ct,-Orlando,-FL-32819","6981 Phillips Reserve Ct, Orlando, FL 32819",6981 Phillips Reserve Ct,,Orlando,FL,32819,Orange,28.489899,-81.474722,single_family,5.0,4.0,4354.0,7900.0,2018.0,Inactive,900000,2023-05-08T00:00:00.000Z,362,13.710151153416941
"8648-Summerville-Pl,-Orlando,-FL-32819","8648 Summerville Pl, Orlando, FL 32819",8648 Summerville Pl,,Orlando,FL,32819,Orange,28.485446,-81.500605,single_family,5.0,4.0,4179.0,22216.0,1992.0,Inactive,1500000,2024-04-22T00:00:00.000Z,12,14.220976332738882
"5024-Shoreway-Loop,---10506,-Orlando,-FL-32819","5024 Shoreway Loop, # 10506, Orlando, FL 32819",5024 Shoreway Loop,# 10506,Orlando,FL,32819,Orange,28.428577,-81.450312,condo,2.0,2.0,1823.0,2621.0,2006.0,Inactive,529000,2024-03-03T00:00:00.000Z,61,13.178745601197818
"5012-Shoreway-Loop,-Unit-207,-Orlando,-FL-32819","5012 Shoreway Loop, Unit 207, Orlando, FL 32819",5012 Shoreway Loop,Unit 207,Orlando,FL,32819,Orange,28.428635,-81.449432,condo,3.0,2.0,2097.0,2792.0,2007.0,Inactive,699000,2023-06-20T00:00:00.000Z,317,13.457407451830088
"7209-Grace-Rd,-Orlando,-FL-32819","7209 Grace Rd, Orlando, FL 32819",7209 Grace Rd,,Orlando,FL,32819,Orange,28.481482,-81.480598,single_family,4.0,3.0,2104.0,15682.0,1972.0,Inactive,599990,2024-03-16T00:00:00.000Z,47,13.304669934085782
"4013-Breakview-Dr,---A205,-Orlando,-FL-32819","4013 Breakview Dr, # A205, Orlando, FL 32819",4013 Breakview Dr,# A205,Orlando,FL,32819,Orange,28.425166,-81.444628,condo,3.0,2.0,1185.0,1308.0,2020.0,Inactive,599000,2024-04-11T00:00:00.000Z,21,13.303018546545275
"5864-Peregrine-Ave,---D03,-Orlando,-FL-32819","5864 Peregrine Ave, # D03, Orlando, FL 32819",5864 Peregrine Ave,# D03,Orlando,FL,32819,Orange,28.486955,-81.461281,condo,2.0,2.0,999.0,6252.0,1974.0,Inactive,193000,2024-03-01T00:00:00.000Z,61,12.170450649220749
"7644-Apple-Tree-Cir,-Orlando,-FL-32819","7644 Apple Tree Cir, Orlando, FL 32819",7644 Apple Tree Cir,,Orlando,FL,32819,Orange,28.473936,-81.488195,single_family,4.0,4.0,2586.0,10890.0,1989.0,Inactive,825000,2024-04-25T00:00:00.000Z,6,13.623139877437296
"6511-Vineland-Rd,-Orlando,-FL-32819","6511 Vineland Rd, Orlando, FL 32819",6511 Vineland Rd,,Orlando,FL,32819,Orange,28.482266,-81.471247,single_family,3.0,2.0,2000.0,28750.0,1979.0,Inactive,800000,2024-04-26T00:00:00.000Z,5,13.592368256649284
"5027-Tideview-Ave,---42,-Orlando,-FL-32819","5027 Tideview Ave, # 42, Orlando, FL 32819",5027 Tideview Ave,# 42,Orlando,FL,32819,Orange,28.430911,-81.45083,townhouse,3.0,2.0,1771.0,687.0,2005.0,Inactive,545000,2024-04-26T00:00:00.000Z,4,13.208542908506082
"5048-Shoreway-Loop,-Unit-402,-Orlando,-FL-32819","5048 Shoreway Loop, Unit 402, Orlando, FL 32819",5048 Shoreway Loop,Unit 402,Orlando,FL,32819,Orange,28.428618,-81.452227,condo,3.0,2.0,2001.0,2053.0,2006.0,Inactive,679000,2024-04-24T00:00:00.000Z,3,13.428377879293798
"5896-Windhover-Dr,---5896,-Orlando,-FL-32819","5896 Windhover Dr, # 5896, Orlando, FL 32819",5896 Windhover Dr,# 5896,Orlando,FL,32819,Orange,28.484819,-81.462084,condo,2.0,2.0,1258.0,5435.0,1980.0,Inactive,225000,2023-10-31T00:00:00.000Z,177,12.323860125621126
"7600-Aviano-Ave,-Orlando,-FL-32819","7600 Aviano Ave, Orlando, FL 32819",7600 Aviano Ave,,Orlando,FL,32819,Orange,28.454875,-81.449777,single_family,3.0,2.0,1000.0,8329.0,1959.0,Inactive,330000,2024-03-01T00:00:00.000Z,54,12.706850963741102
"8039-Golden-Sands-Dr,-Orlando,-FL-32819","8039 Golden Sands Dr, Orlando, FL 32819",8039 Golden Sands Dr,,Orlando,FL,32819,Orange,28.472452,-81.493281,single_family,4.0,2.0,1922.0,11326.0,1985.0,Inactive,598000,2024-03-15T00:00:00.000Z,40,13.301347705172173
"8703-Crestgate-Cir,-Orlando,-FL-32819","8703 Crestgate Cir, Orlando, FL 32819",8703 Crestgate Cir,,Orlando,FL,32819,Orange,28.478908,-81.50338,single_family,6.0,5.0,4695.0,14375.0,1999.0,Inactive,1250000,2024-01-09T00:00:00.000Z,105,14.038654909278163
"5246-Eaglesmere-Dr,---5246,-Orlando,-FL-32819","5246 Eaglesmere Dr, # 5246, Orlando, FL 32819",5246 Eaglesmere Dr,# 5246,Orlando,FL,32819,Orange,28.485998,-81.460655,condo,1.0,1.0,591.0,5291.0,1974.0,Inactive,180000,2023-09-11T00:00:00.000Z,222,12.100717685412471
"8825-Latrec-Ave,---6103,-Orlando,-FL-32819","8825 Latrec Ave, # 6103, Orlando, FL 32819",8825 Latrec Ave,# 6103,Orlando,FL,32819,Orange,28.437773,-81.478739,condo,2.0,2.0,1003.0,10019.0,1994.0,Inactive,229900,2023-11-17T00:00:00.000Z,155,12.345404060459082
"4802-Cayview-Ave,---10214,-Orlando,-FL-32819","4802 Cayview Ave, # 10214, Orlando, FL 32819",4802 Cayview Ave,# 10214,Orlando,FL,32819,Orange,28.428397,-81.44581,condo,2.0,2.0,1112.0,1212.0,2006.0,Inactive,399000,2024-01-10T00:00:00.000Z,101,12.896719202134523
"5743-Peregrine-Ave,---D03,-Orlando,-FL-32819","5743 Peregrine Ave, # D03, Orlando, FL 32819",5743 Peregrine Ave,# D03,Orlando,FL,32819,Orange,28.486886,-81.460257,condo,2.0,2.0,999.0,3552.0,1974.0,Inactive,165000,2024-01-24T00:00:00.000Z,87,12.013706813470414
"7516-Toscana-Blvd,-Apt-242,-Orlando,-FL-32819","7516 Toscana Blvd, Apt 242, Orlando, FL 32819",7516 Toscana Blvd,Apt 242,Orlando,FL,32819,Orange,28.456439,-81.478997,condo,2.0,2.0,2030.0,7900.0,2007.0,Inactive,555000,2024-03-25T00:00:00.000Z,25,13.22672519452875
"8995-Islesworth-Ct,-Orlando,-FL-32819","8995 Islesworth Ct, Orlando, FL 32819",8995 Islesworth Ct,,Orlando,FL,32819,Orange,28.453179,-81.515352,single_family,4.0,2.0,2175.0,22651.0,1974.0,Inactive,750000,2024-04-04T00:00:00.000Z,15,13.527829818844937
"6165-Carrier-Dr,---1115,-Orlando,-FL-32819","6165 Carrier Dr, # 1115, Orlando, FL 32819",6165 Carrier Dr,# 1115,Orlando,FL,32819,Orange,28.456858,-81.467791,condo,1.0,1.0,425.0,485.0,1985.0,Inactive,135000,2024-02-23T00:00:00.000Z,55,11.813037464800539
"6165-Carrier-Dr,---1305,-Orlando,-FL-32819","6165 Carrier Dr, # 1305, Orlando, FL 32819",6165 Carrier Dr,# 1305,Orlando,FL,32819,Orange,28.456858,-81.467791,condo,2.0,2.0,583.0,583.0,1985.0,Inactive,239900,2024-03-02T00:00:00.000Z,47,12.3879816172226
"6165-Carrier-Dr,---2901,-Orlando,-FL-32819","6165 Carrier Dr, # 2901, Orlando, FL 32819",6165 Carrier Dr,# 2901,Orlando,FL,32819,Orange,28.456566,-81.467035,condo,2.0,2.0,578.0,578.0,1986.0,Inactive,299999,2024-04-13T00:00:00.000Z,5,12.611537753638338
"7609-Bay-Port-Rd,---33,-Orlando,-FL-32819","7609 Bay Port Rd, # 33, Orlando, FL 32819",7609 Bay Port Rd,# 33,Orlando,FL,32819,Orange,28.459256,-81.485667,condo,3.0,2.0,1831.0,16553.0,1999.0,Inactive,460000,2024-01-16T00:00:00.000Z,91,13.038983942375959
"5215-Hillview-Ln,-Orlando,-FL-32819","5215 Hillview Ln, Orlando, FL 32819",5215 Hillview Ln,,Orlando,FL,32819,Orange,28.483731,-81.500804,single_family,5.0,6.0,3832.0,23522.0,1989.0,Inactive,1599000,2024-03-15T00:00:00.000Z,32,14.284889617206765
"6725-Spring-Rain-Dr,-Orlando,-FL-32819","6725 Spring Rain Dr, Orlando, FL 32819",6725 Spring Rain Dr,,Orlando,FL,32819,Orange,28.463737,-81.482419,single_family,4.0,3.0,2234.0,17424.0,1987.0,Inactive,599900,2024-03-11T00:00:00.000Z,34,13.304519920584285
"7395-Universal-Blvd,---1206,-Orlando,-FL-32819","7395 Universal Blvd, # 1206, Orlando, FL 32819",7395 Universal Blvd,# 1206,Orlando,FL,32819,Orange,28.456535,-81.462433,condo,2.0,2.0,1056.0,1056.0,2007.0,Inactive,310000,2023-05-17T00:00:00.000Z,332,12.644330802262578
"8937-Crichton-Wood-Ct,-Orlando,-FL-32819","8937 Crichton Wood Ct, Orlando, FL 32819",8937 Crichton Wood Ct,,Orlando,FL,32819,Orange,28.452338,-81.511517,land,4.0,2.0,2413.0,20473.0,1971.0,Inactive,775000,2024-02-02T00:00:00.000Z,71,13.560619598657233
"6006-Oaken-Cove-Ct,-Orlando,-FL-32819","6006 Oaken Cove Ct, Orlando, FL 32819",6006 Oaken Cove Ct,,Orlando,FL,32819,Orange,28.474724,-81.506597,single_family,4.0,2.0,1843.0,13068.0,1982.0,Inactive,549800,2024-02-27T00:00:00.000Z,46,13.217311673554844
"5785-Windhover-Dr,---C01,-Orlando,-FL-32819","5785 Windhover Dr, # C01, Orlando, FL 32819",5785 Windhover Dr,# C01,Orlando,FL,32819,Orange,28.485711,-81.460964,condo,2.0,2.0,1139.0,3553.0,1974.0,Inactive,228000,2024-01-30T00:00:00.000Z,73,12.337105293891872
"4816-Cayview-Ave,---20311,-Orlando,-FL-32819","4816 Cayview Ave, # 20311, Orlando, FL 32819",4816 Cayview Ave,# 20311,Orlando,FL,32819,Orange,28.427926,-81.446685,condo,3.0,2.0,2097.0,2384.0,2007.0,Inactive,630000,2023-11-26T00:00:00.000Z,137,13.353476685668044
"6891-Lucca-St,-Orlando,-FL-32819","6891 Lucca St, Orlando, FL 32819",6891 Lucca St,,Orlando,FL,32819,Orange,28.460597,-81.476798,single_family,4.0,3.0,3015.0,5494.0,2005.0,Inactive,730000,2024-03-05T00:00:00.000Z,37,13.500801182986649
"8329-Via-Vittoria-Way,-Orlando,-FL-32819","8329 Via Vittoria Way, Orlando, FL 32819",8329 Via Vittoria Way,,Orlando,FL,32819,Orange,28.452027,-81.495481,single_family,4.0,3.0,3246.0,4454.0,2020.0,Inactive,1350000,2024-03-08T00:00:00.000Z,34,14.115615891155079
"7516-Toscana-Blvd,-Apt-241,-Orlando,-FL-32819","7516 Toscana Blvd, Apt 241, Orlando, FL 32819",7516 Toscana Blvd,Apt 241,Orlando,FL,32819,Orange,28.456396,-81.478926,condo,3.0,2.0,2085.0,8302.0,2007.0,Inactive,565000,2024-03-21T00:00:00.000Z,20,13.244582780038517
"5139-Eaglesmere-Dr,-Unit-D04,-Orlando,-FL-32819","5139 Eaglesmere Dr, Unit D04, Orlando, FL 32819",5139 Eaglesmere Dr,Unit D04,Orlando,FL,32819,Orange,28.487832,-81.46224,condo,2.0,2.0,999.0,3553.0,1974.0,Inactive,245000,2024-03-27T00:00:00.000Z,14,12.409017571151187
"6807-Sugarbush-Dr,-Orlando,-FL-32819","6807 Sugarbush Dr, Orlando, FL 32819",6807 Sugarbush Dr,,Orlando,FL,32819,Orange,28.462011,-81.494498,single_family,3.0,2.0,1880.0,11326.0,1978.0,Inactive,625000,2024-01-15T00:00:00.000Z,85,13.345508528717259
"5139-Eaglesmere-Dr,---D04,-Orlando,-FL-32819","5139 Eaglesmere Dr, # D04, Orlando, FL 32819",5139 Eaglesmere Dr,# D04,Orlando,FL,32819,Orange,28.487832,-81.46224,condo,2.0,2.0,999.0,3553.0,1974.0,Inactive,245000,2024-03-26T00:00:00.000Z,14,12.409017571151187
"5049-Shoreway-Loop,---10301,-Orlando,-FL-32819","5049 Shoreway Loop, # 10301, Orlando, FL 32819",5049 Shoreway Loop,# 10301,Orlando,FL,32819,Orange,28.429199,-81.452013,condo,3.0,2.0,2097.0,2384.0,2006.0,Inactive,625000,2024-02-07T00:00:00.000Z,61,13.345508528717259
"7028-Archwood-Dr,-Orlando,-FL-32819","7028 Archwood Dr, Orlando, FL 32819",7028 Archwood Dr,,Orlando,FL,32819,Orange,28.489407,-81.476499,single_family,3.0,2.0,1429.0,9839.0,1975.0,Inactive,435000,2024-02-20T00:00:00.000Z,48,12.983103608918753
"8736-Bay-Ridge-Blvd,-Orlando,-FL-32819","8736 Bay Ridge Blvd, Orlando, FL 32819",8736 Bay Ridge Blvd,,Orlando,FL,32819,Orange,28.481416,-81.504133,single_family,4.0,3.0,2773.0,24829.0,1985.0,Inactive,890000,2024-03-04T00:00:00.000Z,33,13.698977865303197
"6165-Carrier-Dr,---3312,-Orlando,-FL-32819","6165 Carrier Dr, # 3312, Orlando, FL 32819",6165 Carrier Dr,# 3312,Orlando,FL,32819,Orange,28.456927,-81.468843,condo,1.0,1.0,408.0,408.0,1986.0,Inactive,175000,2024-03-11T00:00:00.000Z,26,12.07254696717504
"8000-Cool-Breeze-Dr,---104,-Orlando,-FL-32819","8000 Cool Breeze Dr, # 104, Orlando, FL 32819",8000 Cool Breeze Dr,# 104,Orlando,FL,32819,Orange,28.430225,-81.451309,condo,3.0,2.0,1741.0,688.0,2006.0,Inactive,535000,2024-04-01T00:00:00.000Z,5,13.190023895035274
"7463-Somerset-Shores-Ct,-Orlando,-FL-32819","7463 Somerset Shores Ct, Orlando, FL 32819",7463 Somerset Shores Ct,,Orlando,FL,32819,Orange,28.453724,-81.486972,townhouse,3.0,3.0,2614.0,3316.0,1990.0,Inactive,825000,2024-03-26T00:00:00.000Z,9,13.623139877437296
"6105-Masters-Blvd,-Orlando,-FL-32819","6105 Masters Blvd, Orlando, FL 32819",6105 Masters Blvd,,Orlando,FL,32819,Orange,28.461865,-81.513227,single_family,4.0,4.0,3713.0,12197.0,2011.0,Inactive,2195000,2024-02-22T00:00:00.000Z,41,14.60169306007217
"7431-Green-Tree-Dr,---95,-Orlando,-FL-32819","7431 Green Tree Dr, # 95, Orlando, FL 32819",7431 Green Tree Dr,# 95,Orlando,FL,32819,Orange,28.459809,-81.483745,townhouse,3.0,2.0,2422.0,12197.0,2000.0,Inactive,515000,2024-03-21T00:00:00.000Z,12,13.151924121391561
"8986-Houston-Pl,---203,-Orlando,-FL-32819","8986 Houston Pl, # 203, Orlando, FL 32819",8986 Houston Pl,# 203,Orlando,FL,32819,Orange,28.458671,-81.513612,condo,3.0,2.0,2027.0,7900.0,1979.0,Inactive,1275000,2024-03-21T00:00:00.000Z,11,14.058457520888082
"4840-Cayview-Ave,---40510,-Orlando,-FL-32819","4840 Cayview Ave, # 40510, Orlando, FL 32819",4840 Cayview Ave,# 40510,Orlando,FL,32819,Orange,28.428416,-81.447873,condo,3.0,2.0,2001.0,2168.0,2007.0,Inactive,799000,2023-09-12T00:00:00.000Z,201,13.591117476312084
"7550-Hinson-St,-Apt-9B,-Orlando,-FL-32819","7550 Hinson St, Apt 9B, Orlando, FL 32819",7550 Hinson St,Apt 9B,Orlando,FL,32819,Orange,28.451628,-81.484633,condo,3.0,3.0,2610.0,13504.0,1985.0,Inactive,625000,2024-02-19T00:00:00.000Z,41,13.345508528717259
"7255-Glasgow-Ave,-Orlando,-FL-32819","7255 Glasgow Ave, Orlando, FL 32819",7255 Glasgow Ave,,Orlando,FL,32819,Orange,28.486345,-81.48124,single_family,5.0,3.0,1482.0,7498.0,1971.0,Inactive,469900,2024-03-08T00:00:00.000Z,23,13.060277313201007
"7219-Spring-Villas-Cir,-Orlando,-FL-32819","7219 Spring Villas Cir, Orlando, FL 32819",7219 Spring Villas Cir,,Orlando,FL,32819,Orange,28.460606,-81.480277,single_family,3.0,2.0,1632.0,5751.0,1988.0,Inactive,520000,2023-11-17T00:00:00.000Z,134,13.161586013632684
"5025-Shoreway-Loop,-Unit-307,-Orlando,-FL-32819","5025 Shoreway Loop, Unit 307, Orlando, FL 32819",5025 Shoreway Loop,Unit 307,Orlando,FL,32819,Orange,28.429356,-81.450035,condo,3.0,2.0,2097.0,2368.0,2006.0,Inactive,609950,2024-01-22T00:00:00.000Z,68,13.321133905054186
"10330-Turkey-Lake-Rd,-Apt-109,-Orlando,-FL-32819","10330 Turkey Lake Rd, Apt 109, Orlando, FL 32819",10330 Turkey Lake Rd,Apt 109,Orlando,FL,32819,Orange,28.417796,-81.476599,condo,1.0,1.0,745.0,408.0,1984.0,Inactive,227000,2024-01-26T00:00:00.000Z,64,12.33270970174018
"8186-Bluestar-Cir,-Orlando,-FL-32819","8186 Bluestar Cir, Orlando, FL 32819",8186 Bluestar Cir,,Orlando,FL,32819,Orange,28.470727,-81.492959,single_family,4.0,3.0,2512.0,13068.0,1987.0,Inactive,560000,2024-03-21T00:00:00.000Z,9,13.235693848424024
"6165-Carrier-Dr,---3207,-Orlando,-FL-32819","6165 Carrier Dr, # 3207, Orlando, FL 32819",6165 Carrier Dr,# 3207,Orlando,FL,32819,Orange,28.456927,-81.468843,condo,1.0,1.0,408.0,408.0,1986.0,Inactive,199997,2024-03-06T00:00:00.000Z,23,12.206062645480174
"5519-Bay-Side-Dr,-Orlando,-FL-32819","5519 Bay Side Dr, Orlando, FL 32819",5519 Bay Side Dr,,Orlando,FL,32819,Orange,28.476138,-81.513956,single_family,4.0,3.0,3811.0,12632.0,1987.0,Inactive,1075000,2024-02-28T00:00:00.000Z,29,13.887832149776026
"7383-Universal-Blvd,---511,-Orlando,-FL-32819","7383 Universal Blvd, # 511, Orlando, FL 32819",7383 Universal Blvd,# 511,Orlando,FL,32819,Orange,28.456535,-81.462433,condo,2.0,2.0,1056.0,7900.0,2008.0,Inactive,310000,2023-11-16T00:00:00.000Z,131,12.644330802262578
"7446-Pinemount-Dr,-Orlando,-FL-32819","7446 Pinemount Dr, Orlando, FL 32819",7446 Pinemount Dr,,Orlando,FL,32819,Orange,28.471107,-81.484368,single_family,4.0,2.0,2226.0,10890.0,1985.0,Inactive,724900,2023-12-06T00:00:00.000Z,109,13.493790372788638
"5114-Lobo-Ct,-Orlando,-FL-32819","5114 Lobo Ct, Orlando, FL 32819",5114 Lobo Ct,,Orlando,FL,32819,Orange,28.486244,-81.49705,single_family,4.0,3.0,3117.0,22651.0,1992.0,Inactive,897250,2024-02-06T00:00:00.000Z,45,13.707090923525811
"8016-Sandpoint-Blvd,-Unit-8016,-Orlando,-FL-32819","8016 Sandpoint Blvd, Unit 8016, Orlando, FL 32819",8016 Sandpoint Blvd,Unit 8016,Orlando,FL,32819,Orange,28.452363,-81.493229,townhouse,3.0,2.0,1804.0,7900.0,1987.0,Inactive,499000,2023-08-30T00:00:00.000Z,204,13.120363378739663
"5417-Pitch-Pine-Dr,-Orlando,-FL-32819","5417 Pitch Pine Dr, Orlando, FL 32819",5417 Pitch Pine Dr,,Orlando,FL,32819,Orange,28.485961,-81.48676,single_family,4.0,2.0,2335.0,14375.0,1982.0,Inactive,580000,2023-10-19T00:00:00.000Z,154,13.270785106659046
"7330-Cypress-Grove-Rd,---7,-Orlando,-FL-32819","7330 Cypress Grove Rd, # 7, Orlando, FL 32819",7330 Cypress Grove Rd,# 7,Orlando,FL,32819,Orange,28.460543,-81.482452,townhouse,3.0,2.0,1985.0,9044.0,2000.0,Inactive,475000,2023-10-20T00:00:00.000Z,153,13.07107218827772
"6149-Sandcrest-Cir,-Orlando,-FL-32819","6149 Sandcrest Cir, Orlando, FL 32819",6149 Sandcrest Cir,,Orlando,FL,32819,Orange,28.483636,-81.465102,multi-family,5.0,4.0,2154.0,9015.0,1980.0,Inactive,649900,2024-03-02T00:00:00.000Z,19,13.384575322579519
"8125-Golden-Sands-Dr,-Orlando,-FL-32819","8125 Golden Sands Dr, Orlando, FL 32819",8125 Golden Sands Dr,,Orlando,FL,32819,Orange,28.473027,-81.494542,single_family,3.0,2.0,1677.0,15246.0,1986.0,Inactive,575000,2024-03-18T00:00:00.000Z,3,13.26212705890841
"6842-Slaven-Dr,-Orlando,-FL-32819","6842 Slaven Dr, Orlando, FL 32819",6842 Slaven Dr,,Orlando,FL,32819,Orange,28.46309,-81.480086,townhouse,3.0,2.0,1672.0,1801.0,2006.0,Inactive,400000,2023-12-17T00:00:00.000Z,94,12.899222326086994
"8022-Laurel-Tree-Dr,-Orlando,-FL-32819","8022 Laurel Tree Dr, Orlando, FL 32819",8022 Laurel Tree Dr,,Orlando,FL,32819,Orange,28.474762,-81.492877,single_family,4.0,3.0,2481.0,10890.0,1985.0,Inactive,525000,2023-12-28T00:00:00.000Z,83,13.171155446333852
"5812-Windhover-Dr,---5812,-Orlando,-FL-32819","5812 Windhover Dr, # 5812, Orlando, FL 32819",5812 Windhover Dr,# 5812,Orlando,FL,32819,Orange,28.484773,-81.461508,condo,2.0,2.0,1193.0,7900.0,1980.0,Inactive,220000,2024-03-08T00:00:00.000Z,12,12.301387370778713
"7550-Hinson-St,-Apt-4D,-Orlando,-FL-32819","7550 Hinson St, Apt 4D, Orlando, FL 32819",7550 Hinson St,Apt 4D,Orlando,FL,32819,Orange,28.451628,-81.484633,condo,2.0,2.0,1870.0,13504.0,1985.0,Inactive,455000,2023-09-30T00:00:00.000Z,169,13.02805489573287
"5831-Medinah-Way,-Orlando,-FL-32819","5831 Medinah Way, Orlando, FL 32819",5831 Medinah Way,,Orlando,FL,32819,Orange,28.466625,-81.504352,single_family,3.0,2.0,2818.0,20473.0,1978.0,Inactive,899000,2024-03-09T00:00:00.000Z,8,13.70903942580019
"7202-Della-Dr,-Orlando,-FL-32819","7202 Della Dr, Orlando, FL 32819",7202 Della Dr,,Orlando,FL,32819,Orange,28.457978,-81.490221,townhouse,3.0,2.0,1940.0,3035.0,1985.0,Inactive,499900,2024-03-14T00:00:00.000Z,3,13.12216535779974
"6165-Carrier-Dr,---1302,-Orlando,-FL-32819","6165 Carrier Dr, # 1302, Orlando, FL 32819",6165 Carrier Dr,# 1302,Orlando,FL,32819,Orange,28.456602,-81.46814,condo,2.0,2.0,578.0,578.0,1985.0,Inactive,197000,2024-02-25T00:00:00.000Z,20,12.190964083849375
"4816-Cayview-Ave,---206,-Orlando,-FL-32819","4816 Cayview Ave, # 206, Orlando, FL 32819",4816 Cayview Ave,# 206,Orlando,FL,32819,Orange,28.427958,-81.44693,condo,3.0,2.0,2001.0,2101.0,2007.0,Inactive,699999,2024-03-04T00:00:00.000Z,12,13.458835614025542
"6165-Carrier-Dr,---1201,-Orlando,-FL-32819","6165 Carrier Dr, # 1201, Orlando, FL 32819",6165 Carrier Dr,# 1201,Orlando,FL,32819,Orange,28.456858,-81.467791,condo,2.0,2.0,578.0,578.0,1985.0,Inactive,199000,2024-03-14T00:00:00.000Z,2,12.201065128819632
"8016-Sandpoint-Blvd,-Orlando,-FL-32819","8016 Sandpoint Blvd, Orlando, FL 32819",8016 Sandpoint Blvd,,Orlando,FL,32819,Orange,28.452363,-81.493229,townhouse,3.0,2.0,1804.0,2553.0,1987.0,Inactive,495000,2023-08-05T00:00:00.000Z,222,13.112315061750808
"5025-Shoreway-Loop,---30703,-Orlando,-FL-32819","5025 Shoreway Loop, # 30703, Orlando, FL 32819",5025 Shoreway Loop,# 30703,Orlando,FL,32819,Orange,28.429249,-81.449973,condo,3.0,2.0,2097.0,2368.0,2006.0,Inactive,629950,2024-01-22T00:00:00.000Z,52,13.35339731756509
"6165-Carrier-Dr,---3101,-Orlando,-FL-32819","6165 Carrier Dr, # 3101, Orlando, FL 32819",6165 Carrier Dr,# 3101,Orlando,FL,32819,Orange,28.456927,-81.468843,condo,2.0,2.0,578.0,578.0,1986.0,Inactive,195000,2023-11-17T00:00:00.000Z,117,12.180759965737863
"5049-Shoreway-Loop,---40801,-Orlando,-FL-32819","5049 Shoreway Loop, # 40801, Orlando, FL 32819",5049 Shoreway Loop,# 40801,Orlando,FL,32819,Orange,28.429378,-81.451553,condo,3.0,2.0,2097.0,2375.0,2006.0,Inactive,639000,2024-01-16T00:00:00.000Z,57,13.367661298303675
"7920-Tumblestone-Dr,-Orlando,-FL-32819","7920 Tumblestone Dr, Orlando, FL 32819",7920 Tumblestone Dr,,Orlando,FL,32819,Orange,28.487668,-81.488765,single_family,3.0,2.0,1821.0,10454.0,1988.0,Inactive,500000,2023-12-22T00:00:00.000Z,81,13.122365377402328
"8752-Crestgate-Cir,-Orlando,-FL-32819","8752 Crestgate Cir, Orlando, FL 32819",8752 Crestgate Cir,,Orlando,FL,32819,Orange,28.478038,-81.503729,single_family,5.0,4.0,4397.0,14810.0,1995.0,Inactive,1295000,2024-02-15T00:00:00.000Z,26,14.07402202531625
"4102-Breakview-Dr,---10803,-Orlando,-FL-32819","4102 Breakview Dr, # 10803, Orlando, FL 32819",4102 Breakview Dr,# 10803,Orlando,FL,32819,Orange,28.425214,-81.445432,condo,3.0,2.0,1247.0,1454.0,2007.0,Inactive,569000,2024-03-05T00:00:00.000Z,7,13.251637470576167
"5014-Tideview-Cir,---7,-Orlando,-FL-32819","5014 Tideview Cir, # 7, Orlando, FL 32819",5014 Tideview Cir,# 7,Orlando,FL,32819,Orange,28.431284,-81.45088,townhouse,3.0,2.0,1777.0,1777.0,2006.0,Inactive,574000,2023-09-14T00:00:00.000Z,179,13.260386417460465
"7516-Toscana-Blvd,-Apt-214,-Orlando,-FL-32819","7516 Toscana Blvd, Apt 214, Orlando, FL 32819",7516 Toscana Blvd,Apt 214,Orlando,FL,32819,Orange,28.456525,-81.479139,condo,3.0,2.0,2085.0,8302.0,2007.0,Inactive,525000,2023-09-11T00:00:00.000Z,180,13.171155446333852
"6165-Carrier-Dr,---3102,-Orlando,-FL-32819","6165 Carrier Dr, # 3102, Orlando, FL 32819",6165 Carrier Dr,# 3102,Orlando,FL,32819,Orange,28.456927,-81.468843,condo,2.0,2.0,578.0,578.0,1986.0,Inactive,199500,2023-11-11T00:00:00.000Z,119,12.20357452783082
"8813-Latrec-Ave,---7307,-Orlando,-FL-32819","8813 Latrec Ave, # 7307, Orlando, FL 32819",8813 Latrec Ave,# 7307,Orlando,FL,32819,Orange,28.43808,-81.478792,condo,1.0,1.0,671.0,7321.0,1994.0,Inactive,189000,2024-02-17T00:00:00.000Z,21,12.149507585033072
"6165-Carrier-Dr,---1004,-Orlando,-FL-32819","6165 Carrier Dr, # 1004, Orlando, FL 32819",6165 Carrier Dr,# 1004,Orlando,FL,32819,Orange,28.456602,-81.46814,condo,2.0,2.0,583.0,583.0,1985.0,Inactive,339000,2024-02-28T00:00:00.000Z,10,12.733758336210744
"7304-Cypress-Grove-Rd,---63,-Orlando,-FL-32819","7304 Cypress Grove Rd, # 63, Orlando, FL 32819",7304 Cypress Grove Rd,# 63,Orlando,FL,32819,Orange,28.460539,-81.483647,condo,3.0,2.0,2400.0,12197.0,2000.0,Inactive,550000,2024-03-01T00:00:00.000Z,8,13.217675375388819
"8949-Charleston-Park,-Orlando,-FL-32819","8949 Charleston Park, Orlando, FL 32819",8949 Charleston Park,,Orlando,FL,32819,Orange,28.464037,-81.505737,condo,3.0,2.0,2146.0,7500.0,1980.0,Inactive,1250000,2024-03-07T00:00:00.000Z,2,14.038654909278163
"6108-Dartmoor-Ct,-Orlando,-FL-32819","6108 Dartmoor Ct, Orlando, FL 32819",6108 Dartmoor Ct,,Orlando,FL,32819,Orange,28.458459,-81.507959,single_family,5.0,6.0,4936.0,31363.0,1979.0,Inactive,4125000,2023-09-21T00:00:00.000Z,169,15.232576820175131
"7681-Toscana-Blvd,-Orlando,-FL-32819","7681 Toscana Blvd, Orlando, FL 32819",7681 Toscana Blvd,,Orlando,FL,32819,Orange,28.45487,-81.478633,single_family,4.0,3.0,3481.0,6964.0,2019.0,Inactive,1095000,2024-01-23T00:00:00.000Z,45,13.90626583447433
"8373-Sandpoint-Blvd,---8373,-Orlando,-FL-32819","8373 Sandpoint Blvd, # 8373, Orlando, FL 32819",8373 Sandpoint Blvd,# 8373,Orlando,FL,32819,Orange,28.452646,-81.49704,townhouse,3.0,2.0,1598.0,3612.0,1990.0,Inactive,490000,2024-03-02T00:00:00.000Z,5,13.102162710901053
"6165-Carrier-Dr,---1110,-Orlando,-FL-32819","6165 Carrier Dr, # 1110, Orlando, FL 32819",6165 Carrier Dr,# 1110,Orlando,FL,32819,Orange,28.456858,-81.467791,condo,1.0,1.0,408.0,408.0,1985.0,Inactive,145000,2023-10-12T00:00:00.000Z,146,11.884495917930655
"8978-Royal-Birkdale-Ln,-Orlando,-FL-32819","8978 Royal Birkdale Ln, Orlando, FL 32819",8978 Royal Birkdale Ln,,Orlando,FL,32819,Orange,28.464675,-81.50752,single_family,4.0,3.0,2705.0,19166.0,1979.0,Inactive,950000,2023-10-27T00:00:00.000Z,131,13.76421831620775
"4749-High-Oak-Ct,-Orlando,-FL-32819","4749 High Oak Ct, Orlando, FL 32819",4749 High Oak Ct,,Orlando,FL,32819,Orange,28.492726,-81.471394,single_family,4.0,2.0,1930.0,6325.0,2000.0,Inactive,539900,2024-01-19T00:00:00.000Z,47,13.199141068399515
"6956-Edgeworth-Dr,-Orlando,-FL-32819","6956 Edgeworth Dr, Orlando, FL 32819",6956 Edgeworth Dr,,Orlando,FL,32819,Orange,28.466935,-81.479234,single_family,4.0,2.0,2226.0,14375.0,1986.0,Inactive,825000,2024-03-02T00:00:00.000Z,4,13.623139877437296
"7230-Regina-Way,-Orlando,-FL-32819","7230 Regina Way, Orlando, FL 32819",7230 Regina Way,,Orlando,FL,32819,Orange,28.459071,-81.478007,townhouse,3.0,2.0,2104.0,3591.0,2005.0,Inactive,525000,2023-12-28T00:00:00.000Z,68,13.171155446333852
"6465-Wellington-Dr,-Orlando,-FL-32819","6465 Wellington Dr, Orlando, FL 32819",6465 Wellington Dr,,Orlando,FL,32819,Orange,28.467833,-81.481936,single_family,2.0,2.0,1325.0,7810.0,1987.0,Inactive,475000,2024-02-23T00:00:00.000Z,11,13.07107218827772
"5960-Peregrine-Ave,---E04,-Orlando,-FL-32819","5960 Peregrine Ave, # E04, Orlando, FL 32819",5960 Peregrine Ave,# E04,Orlando,FL,32819,Orange,28.486862,-81.462675,condo,3.0,2.0,1146.0,3565.0,1974.0,Inactive,239900,2024-01-18T00:00:00.000Z,45,12.3879816172226
"7433-Green-Tree-Dr,---94,-Orlando,-FL-32819","7433 Green Tree Dr, # 94, Orlando, FL 32819",7433 Green Tree Dr,# 94,Orlando,FL,32819,Orange,28.459809,-81.483745,townhouse,3.0,2.0,1985.0,12197.0,2000.0,Inactive,435000,2024-02-28T00:00:00.000Z,4,12.983103608918753
"6165-Carrier-Dr,---3706,-Orlando,-FL-32819","6165 Carrier Dr, # 3706, Orlando, FL 32819",6165 Carrier Dr,# 3706,Orlando,FL,32819,Orange,28.456927,-81.468843,condo,2.0,2.0,583.0,583.0,1986.0,Inactive,213990,2023-08-15T00:00:00.000Z,200,12.27368923704484
"7165-Regina-Way,-Orlando,-FL-32819","7165 Regina Way, Orlando, FL 32819",7165 Regina Way,,Orlando,FL,32819,Orange,28.458667,-81.476337,townhouse,3.0,2.0,2232.0,3605.0,2006.0,Inactive,539000,2024-01-30T00:00:00.000Z,32,13.197472705176983
"6437-Hidden-Dale-Ave,-Orlando,-FL-32819","6437 Hidden Dale Ave, Orlando, FL 32819",6437 Hidden Dale Ave,,Orlando,FL,32819,Orange,28.468252,-81.500005,single_family,4.0,3.0,2372.0,15682.0,1979.0,Inactive,594500,2024-02-29T00:00:00.000Z,2,13.295477677197345
"6656-Imperial-Oak-Ln,-Orlando,-FL-32819","6656 Imperial Oak Ln, Orlando, FL 32819",6656 Imperial Oak Ln,,Orlando,FL,32819,Orange,28.491342,-81.473412,single_family,4.0,3.0,2170.0,6901.0,2000.0,Inactive,555000,2023-08-28T00:00:00.000Z,186,13.22672519452875
"6210-Peregrine-Ct,-Orlando,-FL-32819","6210 Peregrine Ct, Orlando, FL 32819",6210 Peregrine Ct,,Orlando,FL,32819,Orange,28.484711,-81.465549,townhouse,3.0,2.0,1472.0,2696.0,1986.0,Inactive,355000,2023-10-12T00:00:00.000Z,141,12.779875885354993
"7200-Burnway-Dr,-Orlando,-FL-32819","7200 Burnway Dr, Orlando, FL 32819",7200 Burnway Dr,,Orlando,FL,32819,Orange,28.459398,-81.497595,single_family,3.0,2.0,1718.0,13504.0,1982.0,Inactive,549900,2023-12-09T00:00:00.000Z,83,13.217493541006709
"5207-Razorback-Ct,-Orlando,-FL-32819","5207 Razorback Ct, Orlando, FL 32819",5207 Razorback Ct,,Orlando,FL,32819,Orange,28.488202,-81.469437,single_family,4.0,3.0,2119.0,13068.0,1988.0,Inactive,549900,2024-02-21T00:00:00.000Z,9,13.217493541006709
"8219-Ambrose-Cove-Way,-Orlando,-FL-32819","8219 Ambrose Cove Way, Orlando, FL 32819",8219 Ambrose Cove Way,,Orlando,FL,32819,Orange,28.455256,-81.495697,townhouse,3.0,2.0,2084.0,2553.0,1989.0,Inactive,550000,2023-12-20T00:00:00.000Z,71,13.217675375388819
"6655-Imperial-Oak-Ln,-Orlando,-FL-32819","6655 Imperial Oak Ln, Orlando, FL 32819",6655 Imperial Oak Ln,,Orlando,FL,32819,Orange,28.491796,-81.473397,single_family,4.0,3.0,2210.0,6326.0,2000.0,Inactive,539000,2024-02-09T00:00:00.000Z,20,13.197472705176983
"6165-Carrier-Dr,---3409,-Orlando,-FL-32819","6165 Carrier Dr, # 3409, Orlando, FL 32819",6165 Carrier Dr,# 3409,Orlando,FL,32819,Orange,28.456602,-81.46814,condo,1.0,1.0,408.0,408.0,1986.0,Inactive,155000,2023-10-23T00:00:00.000Z,128,11.951186847493476
"7202-Udine-Ave,-Orlando,-FL-32819","7202 Udine Ave, Orlando, FL 32819",7202 Udine Ave,,Orlando,FL,32819,Orange,28.458358,-81.448141,single_family,2.0,2.0,1446.0,6830.0,1960.0,Inactive,285000,2024-02-24T00:00:00.000Z,4,12.560247968016562
"7666-Persian-Ct,-Orlando,-FL-32819","7666 Persian Ct, Orlando, FL 32819",7666 Persian Ct,,Orlando,FL,32819,Orange,28.466019,-81.48924,single_family,3.0,2.0,2126.0,11761.0,1977.0,Inactive,750000,2023-12-12T00:00:00.000Z,77,13.527829818844937
"8155-Bluestar-Cir,-Orlando,-FL-32819","8155 Bluestar Cir, Orlando, FL 32819",8155 Bluestar Cir,,Orlando,FL,32819,Orange,28.471292,-81.492439,single_family,4.0,2.0,1914.0,13504.0,1986.0,Inactive,590000,2024-02-22T00:00:00.000Z,4,13.28787951079572
"6049-Windhover-Dr,---B04,-Orlando,-FL-32819","6049 Windhover Dr, # B04, Orlando, FL 32819",6049 Windhover Dr,# B04,Orlando,FL,32819,Orange,28.485081,-81.463843,condo,1.0,1.0,918.0,5300.0,1974.0,Inactive,190000,2024-01-25T00:00:00.000Z,31,12.154784614286667
"8801-Latrec-Ave,---8205,-Orlando,-FL-32819","8801 Latrec Ave, # 8205, Orlando, FL 32819",8801 Latrec Ave,# 8205,Orlando,FL,32819,Orange,28.438294,-81.479355,condo,2.0,2.0,1003.0,10019.0,1994.0,Inactive,239000,2023-10-09T00:00:00.000Z,138,12.384223015005313
"5956-Peregrine-Ave,---D06,-Orlando,-FL-32819","5956 Peregrine Ave, # D06, Orlando, FL 32819",5956 Peregrine Ave,# D06,Orlando,FL,32819,Orange,28.486862,-81.462675,condo,2.0,2.0,999.0,3565.0,1974.0,Inactive,169330,2023-11-13T00:00:00.000Z,103,12.039610658270012
"5784-Peregrine-Ave,---A08,-Orlando,-FL-32819","5784 Peregrine Ave, # A08, Orlando, FL 32819",5784 Peregrine Ave,# A08,Orlando,FL,32819,Orange,28.486225,-81.460953,condo,1.0,1.0,591.0,3181.0,1974.0,Inactive,169900,2023-09-28T00:00:00.000Z,148,12.042971193457888
"5525-Sago-Palm-Dr,-Orlando,-FL-32819","5525 Sago Palm Dr, Orlando, FL 32819",5525 Sago Palm Dr,,Orlando,FL,32819,Orange,28.483725,-81.487756,single_family,4.0,3.0,2316.0,11761.0,1985.0,Inactive,725000,2023-11-29T00:00:00.000Z,86,13.493928313146206
"6727-Tamarind-Cir,-Orlando,-FL-32819","6727 Tamarind Cir, Orlando, FL 32819",6727 Tamarind Cir,,Orlando,FL,32819,Orange,28.46295,-81.491968,single_family,3.0,2.0,1867.0,14375.0,1978.0,Inactive,495000,2024-02-09T00:00:00.000Z,14,13.112315061750808
"9163-Ridge-Pine-Trl,-Orlando,-FL-32819","9163 Ridge Pine Trl, Orlando, FL 32819",9163 Ridge Pine Trl,,Orlando,FL,32819,Orange,28.451164,-81.510009,single_family,4.0,3.0,3798.0,20038.0,1988.0,Inactive,1345000,2024-02-13T00:00:00.000Z,10,14.111905314512224
"7513-Fenwick-Cove-Ln,-Orlando,-FL-32819","7513 Fenwick Cove Ln, Orlando, FL 32819",7513 Fenwick Cove Ln,,Orlando,FL,32819,Orange,28.45638,-81.495208,townhouse,3.0,2.0,1750.0,2553.0,1989.0,Inactive,495000,2024-01-30T00:00:00.000Z,23,13.112315061750808
"5899-Windhover-Dr,---B12,-Orlando,-FL-32819","5899 Windhover Dr, # B12, Orlando, FL 32819",5899 Windhover Dr,# B12,Orlando,FL,32819,Orange,28.486061,-81.461808,condo,1.0,1.0,918.0,5220.0,1974.0,Inactive,195000,2024-02-09T00:00:00.000Z,13,12.180759965737863
"7601-Canada-Ave,---501,-Orlando,-FL-32819","7601 Canada Ave, # 501, Orlando, FL 32819",7601 Canada Ave,# 501,Orlando,FL,32819,Orange,28.452068,-81.467407,condo,1.0,1.0,542.0,542.0,1999.0,Inactive,164000,2023-12-11T00:00:00.000Z,72,12.00762780434872
"7511-Bay-Port-Rd,---5,-Orlando,-FL-32819","7511 Bay Port Rd, # 5, Orlando, FL 32819",7511 Bay Port Rd,# 5,Orlando,FL,32819,Orange,28.46057,-81.485348,condo,2.0,2.0,1403.0,5090.0,1999.0,Inactive,337900,2024-02-08T00:00:00.000Z,13,12.730508232153463
"7723-High-Pine-Rd,-Orlando,-FL-32819","7723 High Pine Rd, Orlando, FL 32819",7723 High Pine Rd,,Orlando,FL,32819,Orange,28.453204,-81.491852,townhouse,3.0,2.0,1644.0,3612.0,1986.0,Inactive,489000,2023-11-10T00:00:00.000Z,102,13.100119813444692
"8768-Torey-Pines-Ter,-Orlando,-FL-32819","8768 Torey Pines Ter, Orlando, FL 32819",8768 Torey Pines Ter,,Orlando,FL,32819,Orange,28.484118,-81.504509,single_family,4.0,4.0,3278.0,21780.0,1989.0,Inactive,1100000,2024-02-16T00:00:00.000Z,4,13.910821646859095
"9043-Classic-Ct,-Orlando,-FL-32819","9043 Classic Ct, Orlando, FL 32819",9043 Classic Ct,,Orlando,FL,32819,Orange,28.471,-81.512844,single_family,5.0,4.0,4293.0,23087.0,1986.0,Inactive,1278000,2023-10-15T00:00:00.000Z,127,14.060807696391924
"8801-Latrec-Ave,---8101,-Orlando,-FL-32819","8801 Latrec Ave, # 8101, Orlando, FL 32819",8801 Latrec Ave,# 8101,Orlando,FL,32819,Orange,28.43832,-81.479615,condo,2.0,2.0,1003.0,10019.0,1994.0,Inactive,235000,2023-11-17T00:00:00.000Z,91,12.367345048436391
"4804-Cayview-Ave,---206,-Orlando,-FL-32819","4804 Cayview Ave, # 206, Orlando, FL 32819",4804 Cayview Ave,# 206,Orlando,FL,32819,Orange,28.427692,-81.446243,condo,3.0,2.0,2001.0,2101.0,2007.0,Inactive,669950,2023-12-14T00:00:00.000Z,64,13.414959854364346
"4001-Breakview-Dr,---D409,-Orlando,-FL-32819","4001 Breakview Dr, # D409, Orlando, FL 32819",4001 Breakview Dr,# D409,Orlando,FL,32819,Orange,28.425222,-81.443436,condo,3.0,2.0,1129.0,1202.0,2021.0,Inactive,609000,2024-02-07T00:00:00.000Z,9,13.31957518872681
"6831-Slaven-Dr,-Orlando,-FL-32819","6831 Slaven Dr, Orlando, FL 32819",6831 Slaven Dr,,Orlando,FL,32819,Orange,28.462798,-81.479625,townhouse,3.0,2.0,1672.0,1909.0,2006.0,Inactive,398000,2024-02-02T00:00:00.000Z,13,12.894209796826232
"8817-Great-Cove-Dr,-Orlando,-FL-32819","8817 Great Cove Dr, Orlando, FL 32819",8817 Great Cove Dr,,Orlando,FL,32819,Orange,28.476108,-81.506038,single_family,5.0,4.0,3368.0,13068.0,1996.0,Inactive,850000,2024-02-09T00:00:00.000Z,6,13.652992804936396
"4821-Steyr-St,-Orlando,-FL-32819","4821 Steyr St, Orlando, FL 32819",4821 Steyr St,,Orlando,FL,32819,Orange,28.452282,-81.443515,single_family,3.0,1.0,840.0,6457.0,1958.0,Inactive,279990,2024-02-09T00:00:00.000Z,6,12.542512738777651
"5012-Shoreway-Loop,---207,-Orlando,-FL-32819","5012 Shoreway Loop, # 207, Orlando, FL 32819",5012 Shoreway Loop,# 207,Orlando,FL,32819,Orange,28.428635,-81.449432,condo,3.0,2.0,2097.0,2792.0,2007.0,Inactive,699000,2023-06-20T00:00:00.000Z,239,13.457407451830088
"4816-Tidecrest-Ave,---178,-Orlando,-FL-32819","4816 Tidecrest Ave, # 178, Orlando, FL 32819",4816 Tidecrest Ave,# 178,Orlando,FL,32819,Orange,28.428914,-81.445404,townhouse,3.0,2.0,1771.0,698.0,2007.0,Inactive,569900,2023-06-20T00:00:00.000Z,239,13.253217940515357
"5048-Shoreway-Loop,---105,-Orlando,-FL-32819","5048 Shoreway Loop, # 105, Orlando, FL 32819",5048 Shoreway Loop,# 105,Orlando,FL,32819,Orange,28.428637,-81.452289,condo,2.0,2.0,1823.0,2621.0,2006.0,Inactive,529900,2023-10-24T00:00:00.000Z,113,13.180445475627591
"6834-Dolce-St,-Orlando,-FL-32819","6834 Dolce St, Orlando, FL 32819",6834 Dolce St,,Orlando,FL,32819,Orange,28.459392,-81.475706,single_family,4.0,3.0,3015.0,5470.0,2005.0,Inactive,730000,2023-12-27T00:00:00.000Z,49,13.500801182986649
"8508-Cedar-Cove-Dr,-Orlando,-FL-32819","8508 Cedar Cove Dr, Orlando, FL 32819",8508 Cedar Cove Dr,,Orlando,FL,32819,Orange,28.46825,-81.500832,single_family,3.0,2.0,1640.0,10454.0,1979.0,Inactive,440000,2024-02-06T00:00:00.000Z,8,12.994532278619134
"8601-Bay-Ridge-Blvd,-Orlando,-FL-32819","8601 Bay Ridge Blvd, Orlando, FL 32819",8601 Bay Ridge Blvd,,Orlando,FL,32819,Orange,28.482299,-81.500301,single_family,4.0,4.0,3104.0,59677.0,1988.0,Inactive,900000,2024-02-09T00:00:00.000Z,5,13.710151153416941
"4816-Tidecrest-Ave,---174,-Orlando,-FL-32819","4816 Tidecrest Ave, # 174, Orlando, FL 32819",4816 Tidecrest Ave,# 174,Orlando,FL,32819,Orange,28.428836,-81.445201,townhouse,3.0,2.0,1741.0,688.0,2007.0,Inactive,799000,2023-12-14T00:00:00.000Z,61,13.591117476312084
"4816-Tidecrest-Ave,---175,-Orlando,-FL-32819","4816 Tidecrest Ave, # 175, Orlando, FL 32819",4816 Tidecrest Ave,# 175,Orlando,FL,32819,Orange,28.428857,-81.445251,townhouse,3.0,2.0,1777.0,688.0,2007.0,Inactive,566000,2023-12-21T00:00:00.000Z,54,13.246351123968212
"7547-Sugar-Bend-Dr,---7547,-Orlando,-FL-32819","7547 Sugar Bend Dr, # 7547, Orlando, FL 32819",7547 Sugar Bend Dr,# 7547,Orlando,FL,32819,Orange,28.455878,-81.492511,condo,3.0,2.0,1212.0,7796.0,1996.0,Inactive,359000,2024-01-13T00:00:00.000Z,31,12.791080452981857
"7821-Snowberry-Cir,-Orlando,-FL-32819","7821 Snowberry Cir, Orlando, FL 32819",7821 Snowberry Cir,,Orlando,FL,32819,Orange,28.489436,-81.489661,single_family,4.0,3.0,2212.0,12197.0,1988.0,Inactive,675000,2024-02-04T00:00:00.000Z,9,13.42246945133505
"4837-Quiet-Oak-Ln,-Orlando,-FL-32819","4837 Quiet Oak Ln, Orlando, FL 32819",4837 Quiet Oak Ln,,Orlando,FL,32819,Orange,28.491689,-81.471359,single_family,4.0,3.0,2332.0,6325.0,1999.0,Inactive,589950,2024-01-15T00:00:00.000Z,27,13.287794761585532
"6117-Donegal-Dr,-Orlando,-FL-32819","6117 Donegal Dr, Orlando, FL 32819",6117 Donegal Dr,,Orlando,FL,32819,Orange,28.457326,-81.503465,single_family,5.0,3.0,3079.0,25265.0,1969.0,Inactive,1050000,2024-01-24T00:00:00.000Z,18,13.864301674514206
"7601-Canada-Ave,---204,-Orlando,-FL-32819","7601 Canada Ave, # 204, Orlando, FL 32819",7601 Canada Ave,# 204,Orlando,FL,32819,Orange,28.452068,-81.467407,condo,1.0,1.0,542.0,542.0,1999.0,Inactive,118000,2024-01-24T00:00:00.000Z,18,11.678448377988165
"6065-Masters-Blvd,-Orlando,-FL-32819","6065 Masters Blvd, Orlando, FL 32819",6065 Masters Blvd,,Orlando,FL,32819,Orange,28.464882,-81.511728,single_family,5.0,4.0,5509.0,20473.0,2004.0,Inactive,2550000,2023-10-04T00:00:00.000Z,129,14.751604309291395
"6655-Hidden-Beach-Cir,-Orlando,-FL-32819","6655 Hidden Beach Cir, Orlando, FL 32819",6655 Hidden Beach Cir,,Orlando,FL,32819,Orange,28.488465,-81.47073,single_family,4.0,3.0,2402.0,13068.0,1986.0,Inactive,649900,2024-01-17T00:00:00.000Z,24,13.384575322579519
"7220-Lake-Marsha-Dr,-Orlando,-FL-32819","7220 Lake Marsha Dr, Orlando, FL 32819",7220 Lake Marsha Dr,,Orlando,FL,32819,Orange,28.482332,-81.481317,single_family,4.0,2.0,1981.0,21344.0,1958.0,Inactive,450000,2024-02-02T00:00:00.000Z,8,13.017005083966255
"7847-Sugar-Bend-Dr,---7847,-Orlando,-FL-32819","7847 Sugar Bend Dr, # 7847, Orlando, FL 32819",7847 Sugar Bend Dr,# 7847,Orlando,FL,32819,Orange,28.457833,-81.493934,condo,2.0,2.0,1075.0,7796.0,1996.0,Inactive,315000,2023-12-29T00:00:00.000Z,42,12.660331092405906
"7516-Toscana-Blvd,-Apt-244,-Orlando,-FL-32819","7516 Toscana Blvd, Apt 244, Orlando, FL 32819",7516 Toscana Blvd,Apt 244,Orlando,FL,32819,Orange,28.456525,-81.479139,condo,3.0,2.0,2085.0,8302.0,2007.0,Inactive,560000,2024-01-01T00:00:00.000Z,39,13.235693848424024
"5404-Pitch-Pine-Dr,-Orlando,-FL-32819","5404 Pitch Pine Dr, Orlando, FL 32819",5404 Pitch Pine Dr,,Orlando,FL,32819,Orange,28.486371,-81.487358,single_family,3.0,2.0,1938.0,12197.0,1982.0,Inactive,599000,2024-01-25T00:00:00.000Z,15,13.303018546545275
"7002-Somerton-Blvd,---30,-Orlando,-FL-32819","7002 Somerton Blvd, # 30, Orlando, FL 32819",7002 Somerton Blvd,# 30,Orlando,FL,32819,Orange,28.460617,-81.497834,condo,4.0,3.0,2541.0,5247.0,1996.0,Inactive,720000,2024-01-26T00:00:00.000Z,13,13.487007879880162
"7601-Canada-Ave,---208,-Orlando,-FL-32819","7601 Canada Ave, # 208, Orlando, FL 32819",7601 Canada Ave,# 208,Orlando,FL,32819,Orange,28.452068,-81.467407,condo,1.0,1.0,542.0,542.0,1999.0,Inactive,117900,2024-01-31T00:00:00.000Z,7,11.6776005682537
"7325-Wethersfield-Dr,-Orlando,-FL-32819","7325 Wethersfield Dr, Orlando, FL 32819",7325 Wethersfield Dr,,Orlando,FL,32819,Orange,28.458531,-81.496699,single_family,4.0,2.0,1764.0,8275.0,1982.0,Inactive,545000,2024-02-02T00:00:00.000Z,5,13.208542908506082
"6336-Oak-Chase-Ct,-Orlando,-FL-32819","6336 Oak Chase Ct, Orlando, FL 32819",6336 Oak Chase Ct,,Orlando,FL,32819,Orange,28.490268,-81.468497,single_family,3.0,2.0,2318.0,10890.0,2011.0,Inactive,575000,2023-08-16T00:00:00.000Z,174,13.26212705890841
"6931-Sperone-St,-Orlando,-FL-32819","6931 Sperone St, Orlando, FL 32819",6931 Sperone St,,Orlando,FL,32819,Orange,28.461673,-81.479262,townhouse,2.0,2.0,1540.0,1801.0,2006.0,Inactive,388500,2023-09-03T00:00:00.000Z,156,12.8700510227891
"5781-Peregrine-Ave,---E06,-Orlando,-FL-32819","5781 Peregrine Ave, # E06, Orlando, FL 32819",5781 Peregrine Ave,# E06,Orlando,FL,32819,Orange,28.487677,-81.460716,townhouse,3.0,2.0,1146.0,6274.0,1974.0,Inactive,269000,2024-01-11T00:00:00.000Z,26,12.502470376049185
"5832-Windhover-Dr,---583,-Orlando,-FL-32819","5832 Windhover Dr, # 583, Orlando, FL 32819",5832 Windhover Dr,# 583,Orlando,FL,32819,Orange,28.484587,-81.460915,condo,2.0,2.0,1258.0,5386.0,1980.0,Inactive,255000,2023-07-24T00:00:00.000Z,196,12.449022745701502
"5097-Eaglesmere-Dr,---C05,-Orlando,-FL-32819","5097 Eaglesmere Dr, # C05, Orlando, FL 32819",5097 Eaglesmere Dr,# C05,Orlando,FL,32819,Orange,28.488371,-81.461768,condo,2.0,2.0,1139.0,5300.0,1974.0,Inactive,216900,2023-12-16T00:00:00.000Z,48,12.287196307223885
"6165-Carrier-Dr,---2704,-Orlando,-FL-32819","6165 Carrier Dr, # 2704, Orlando, FL 32819",6165 Carrier Dr,# 2704,Orlando,FL,32819,Orange,28.456602,-81.46814,condo,2.0,2.0,583.0,9168.0,1986.0,Inactive,230000,2024-01-05T00:00:00.000Z,28,12.345838935721968
"8541-Shady-Glen-Dr,-Orlando,-FL-32819","8541 Shady Glen Dr, Orlando, FL 32819",8541 Shady Glen Dr,,Orlando,FL,32819,Orange,28.47346,-81.502799,single_family,4.0,2.0,2290.0,13504.0,1983.0,Inactive,550000,2024-01-07T00:00:00.000Z,26,13.217675375388819
"7649-Apple-Tree-Cir,-Orlando,-FL-32819","7649 Apple Tree Cir, Orlando, FL 32819",7649 Apple Tree Cir,,Orlando,FL,32819,Orange,28.473791,-81.488825,single_family,4.0,3.0,2265.0,11326.0,1989.0,Inactive,725000,2024-01-30T00:00:00.000Z,3,13.493928313146206
"7846-Snowberry-Cir,-Orlando,-FL-32819","7846 Snowberry Cir, Orlando, FL 32819",7846 Snowberry Cir,,Orlando,FL,32819,Orange,28.489926,-81.488885,single_family,5.0,4.0,2748.0,10890.0,1988.0,Inactive,698988,2023-08-05T00:00:00.000Z,180,13.457390284325314
"6350-Parson-Brown-Dr,-Orlando,-FL-32819","6350 Parson Brown Dr, Orlando, FL 32819",6350 Parson Brown Dr,,Orlando,FL,32819,Orange,28.468335,-81.489536,single_family,2.0,2.0,1774.0,9809.0,1984.0,Inactive,500000,2023-11-10T00:00:00.000Z,83,13.122365377402328
"8382-Via-Vittoria-Way,-Orlando,-FL-32819","8382 Via Vittoria Way, Orlando, FL 32819",8382 Via Vittoria Way,,Orlando,FL,32819,Orange,28.452638,-81.495449,single_family,4.0,3.0,2958.0,4806.0,2017.0,Inactive,1535000,2023-12-22T00:00:00.000Z,40,14.24404159046902
"9200-Bentley-Park-Cir,-Orlando,-FL-32819","9200 Bentley Park Cir, Orlando, FL 32819",9200 Bentley Park Cir,,Orlando,FL,32819,Orange,28.445112,-81.514228,single_family,7.0,,20690.0,79715.0,1994.0,Inactive,12888000,2022-06-26T00:00:00.000Z,583,16.371807281430502
"6219-Peregrine-Ct,-Orlando,-FL-32819","6219 Peregrine Ct, Orlando, FL 32819",6219 Peregrine Ct,,Orlando,FL,32819,Orange,28.485246,-81.466006,townhouse,2.0,2.0,1247.0,2700.0,1989.0,Inactive,315000,2024-01-25T00:00:00.000Z,5,12.660331092405906
"5119-Polaris-St,-Orlando,-FL-32819","5119 Polaris St, Orlando, FL 32819",5119 Polaris St,,Orlando,FL,32819,Orange,28.460648,-81.449014,single_family,3.0,2.0,1000.0,6506.0,1961.0,Inactive,230000,2024-01-25T00:00:00.000Z,4,12.345838935721968
"6165-Carrier-Dr,---1209,-Orlando,-FL-32819","6165 Carrier Dr, # 1209, Orlando, FL 32819",6165 Carrier Dr,# 1209,Orlando,FL,32819,Orange,28.456858,-81.467791,condo,1.0,1.0,408.0,408.0,1985.0,Inactive,169999,2023-09-21T00:00:00.000Z,128,12.043553716032399
"7651-Pinemount-Dr,-Orlando,-FL-32819","7651 Pinemount Dr, Orlando, FL 32819",7651 Pinemount Dr,,Orlando,FL,32819,Orange,28.470947,-81.487862,single_family,4.0,2.0,2377.0,13068.0,1984.0,Inactive,725000,2023-11-30T00:00:00.000Z,58,13.493928313146206
"6057-Windhover-Dr,---E08,-Orlando,-FL-32819","6057 Windhover Dr, # E08, Orlando, FL 32819",6057 Windhover Dr,# E08,Orlando,FL,32819,Orange,28.485052,-81.463821,condo,3.0,2.0,1146.0,5300.0,1974.0,Inactive,259990,2023-12-08T00:00:00.000Z,50,12.468402294013924
"4814-Cayview-Ave,---202,-Orlando,-FL-32819","4814 Cayview Ave, # 202, Orlando, FL 32819",4814 Cayview Ave,# 202,Orlando,FL,32819,Orange,28.428574,-81.446251,condo,2.0,2.0,1112.0,1212.0,2006.0,Inactive,449000,2024-01-10T00:00:00.000Z,17,13.014780393893403
"6609-Parson-Brown-Dr,-Orlando,-FL-32819","6609 Parson Brown Dr, Orlando, FL 32819",6609 Parson Brown Dr,,Orlando,FL,32819,Orange,28.465604,-81.484586,single_family,3.0,2.0,1941.0,14810.0,1979.0,Inactive,699900,2024-01-17T00:00:00.000Z,10,13.45869417545215
"7002-Phillips-Cove-Ct,---25,-Orlando,-FL-32819","7002 Phillips Cove Ct, # 25, Orlando, FL 32819",7002 Phillips Cove Ct,# 25,Orlando,FL,32819,Orange,28.459975,-81.486428,single_family,5.0,4.0,3652.0,8051.0,2007.0,Inactive,1389000,2024-01-20T00:00:00.000Z,7,14.144095341678627
"8820-Bay-Ridge-Blvd,-Orlando,-FL-32819","8820 Bay Ridge Blvd, Orlando, FL 32819",8820 Bay Ridge Blvd,,Orlando,FL,32819,Orange,28.480543,-81.506511,single_family,3.0,2.0,2371.0,7900.0,1985.0,Inactive,669000,2023-11-01T00:00:00.000Z,86,13.41354083387756
"5815-Windhover-Dr,---C08,-Orlando,-FL-32819","5815 Windhover Dr, # C08, Orlando, FL 32819",5815 Windhover Dr,# C08,Orlando,FL,32819,Orange,28.485637,-81.461723,condo,2.0,2.0,1139.0,6331.0,1974.0,Inactive,199900,2023-12-18T00:00:00.000Z,39,12.20557752297723
"6165-Carrier-Dr,---2802,-Orlando,-FL-32819","6165 Carrier Dr, # 2802, Orlando, FL 32819",6165 Carrier Dr,# 2802,Orlando,FL,32819,Orange,28.456602,-81.46814,condo,2.0,2.0,578.0,578.0,1986.0,Inactive,209500,2023-12-14T00:00:00.000Z,42,12.252483791602627
"6165-Carrier-Dr,---1703,-Orlando,-FL-32819","6165 Carrier Dr, # 1703, Orlando, FL 32819",6165 Carrier Dr,# 1703,Orlando,FL,32819,Orange,28.456858,-81.467791,condo,2.0,2.0,583.0,583.0,1985.0,Inactive,199900,2023-12-12T00:00:00.000Z,43,12.20557752297723
"4811-Keeneland-Cir,-Orlando,-FL-32819","4811 Keeneland Cir, Orlando, FL 32819",4811 Keeneland Cir,,Orlando,FL,32819,Orange,28.491278,-81.501116,single_family,5.0,4.0,3478.0,12632.0,2000.0,Inactive,1199000,2024-01-05T00:00:00.000Z,19,13.99699926803766
"5946-Peregrine-Ave,---B03,-Orlando,-FL-32819","5946 Peregrine Ave, # B03, Orlando, FL 32819",5946 Peregrine Ave,# B03,Orlando,FL,32819,Orange,28.486842,-81.462078,condo,1.0,1.0,918.0,6361.0,1974.0,Inactive,192500,2024-01-09T00:00:00.000Z,15,12.167856627501678
"7921-Summer-Ridge-Pl,-Orlando,-FL-32819","7921 Summer Ridge Pl, Orlando, FL 32819",7921 Summer Ridge Pl,,Orlando,FL,32819,Orange,28.450021,-81.504945,single_family,4.0,3.0,3150.0,18731.0,1988.0,Inactive,900000,2023-06-25T00:00:00.000Z,211,13.710151153416941
"7958-S-Park-Pl,-Orlando,-FL-32819","7958 S Park Pl, Orlando, FL 32819",7958 S Park Pl,,Orlando,FL,32819,Orange,28.449654,-81.507549,single_family,4.0,3.0,3202.0,16117.0,1988.0,Inactive,1050000,2023-08-24T00:00:00.000Z,149,13.864301674514206
"7966-S-Park-Pl,-Orlando,-FL-32819","7966 S Park Pl, Orlando, FL 32819",7966 S Park Pl,,Orlando,FL,32819,Orange,28.449768,-81.50791,single_family,4.0,3.0,2992.0,18295.0,1987.0,Inactive,935000,2023-10-20T00:00:00.000Z,91,13.74830287778897
"8849-Latrec-Ave,---4105,-Orlando,-FL-32819","8849 Latrec Ave, # 4105, Orlando, FL 32819",8849 Latrec Ave,# 4105,Orlando,FL,32819,Orange,28.436649,-81.478809,condo,1.0,1.0,671.0,10890.0,1994.0,Inactive,160000,2024-01-08T00:00:00.000Z,11,11.982935344196433
"5213-Spring-Run-Ave,-Orlando,-FL-32819","5213 Spring Run Ave, Orlando, FL 32819",5213 Spring Run Ave,,Orlando,FL,32819,Orange,28.488766,-81.484561,single_family,4.0,2.0,1709.0,10890.0,1984.0,Inactive,499900,2023-11-24T00:00:00.000Z,55,13.12216535779974
"5523-Glasgow-Ave,-Orlando,-FL-32819","5523 Glasgow Ave, Orlando, FL 32819",5523 Glasgow Ave,,Orlando,FL,32819,Orange,28.483714,-81.480734,single_family,3.0,2.0,1305.0,14810.0,1961.0,Inactive,389000,2024-01-12T00:00:00.000Z,6,12.871337193291367
"7214-Woodville-Cres,-Orlando,-FL-32819","7214 Woodville Cres, Orlando, FL 32819",7214 Woodville Cres,,Orlando,FL,32819,Orange,28.466573,-81.476654,single_family,4.0,3.0,2506.0,13504.0,1986.0,Inactive,574000,2023-12-14T00:00:00.000Z,32,13.260386417460465
"7808-Mandarin-Dr,-Orlando,-FL-32819","7808 Mandarin Dr, Orlando, FL 32819",7808 Mandarin Dr,,Orlando,FL,32819,Orange,28.452703,-81.446445,single_family,4.0,2.0,1008.0,6405.0,1958.0,Inactive,319900,2023-12-06T00:00:00.000Z,39,12.675766851909591
"8273-Wilson-Ter,-Orlando,-FL-32819","8273 Wilson Ter, Orlando, FL 32819",8273 Wilson Ter,,Orlando,FL,32819,Orange,28.491417,-81.497092,single_family,4.0,3.0,4110.0,43560.0,1983.0,Inactive,649900,2023-12-24T00:00:00.000Z,20,13.384575322579519
"4840-Cayview-Ave,---202,-Orlando,-FL-32819","4840 Cayview Ave, # 202, Orlando, FL 32819",4840 Cayview Ave,# 202,Orlando,FL,32819,Orange,28.428324,-81.447823,condo,3.0,2.0,2001.0,2100.0,2007.0,Inactive,699950,2023-11-30T00:00:00.000Z,42,13.458765611575428
"6948-Sugarbush-Dr,-Orlando,-FL-32819","6948 Sugarbush Dr, Orlando, FL 32819",6948 Sugarbush Dr,,Orlando,FL,32819,Orange,28.466263,-81.496431,single_family,5.0,3.0,2732.0,11761.0,1978.0,Inactive,355000,2023-12-15T00:00:00.000Z,27,12.779875885354993
"7190-Regina-Way,-Orlando,-FL-32819","7190 Regina Way, Orlando, FL 32819",7190 Regina Way,,Orlando,FL,32819,Orange,28.459076,-81.476871,townhouse,4.0,3.0,2232.0,3585.0,2006.0,Inactive,499900,2023-07-12T00:00:00.000Z,182,13.12216535779974
"6256-Masters-Blvd,-Apt-301,-Orlando,-FL-32819","6256 Masters Blvd, Apt 301, Orlando, FL 32819",6256 Masters Blvd,Apt 301,Orlando,FL,32819,Orange,28.458067,-81.512427,condo,3.0,2.0,1700.0,9205.0,1971.0,Inactive,724000,2023-09-11T00:00:00.000Z,121,13.49254805258237
"7550-Hinson-St,-Apt-13C,-Orlando,-FL-32819","7550 Hinson St, Apt 13C, Orlando, FL 32819",7550 Hinson St,Apt 13C,Orlando,FL,32819,Orange,28.451628,-81.484633,condo,3.0,3.0,2650.0,13504.0,1985.0,Inactive,660000,2024-01-08T00:00:00.000Z,2,13.399996629152975
"6113-Cheshire-Ln,-Orlando,-FL-32819","6113 Cheshire Ln, Orlando, FL 32819",6113 Cheshire Ln,,Orlando,FL,32819,Orange,28.457515,-81.505002,single_family,3.0,2.0,2146.0,20473.0,1969.0,Inactive,729900,2024-01-04T00:00:00.000Z,5,13.500664187489477
"8810-Great-Cove-Dr,-Orlando,-FL-32819","8810 Great Cove Dr, Orlando, FL 32819",8810 Great Cove Dr,,Orlando,FL,32819,Orange,28.475583,-81.505723,single_family,4.0,3.0,2865.0,11326.0,1998.0,Inactive,915000,2023-09-21T00:00:00.000Z,109,13.726680437153236
"6812-Sugarbush-Dr,-Orlando,-FL-32819","6812 Sugarbush Dr, Orlando, FL 32819",6812 Sugarbush Dr,,Orlando,FL,32819,Orange,28.462517,-81.494738,single_family,4.0,2.0,1937.0,11326.0,1978.0,Inactive,660140,2023-10-31T00:00:00.000Z,67,13.400208727549247
"5602-Bay-Side-Dr,-Orlando,-FL-32819","5602 Bay Side Dr, Orlando, FL 32819",5602 Bay Side Dr,,Orlando,FL,32819,Orange,28.475594,-81.515644,single_family,6.0,5.0,4606.0,25265.0,1989.0,Inactive,2425000,2023-08-01T00:00:00.000Z,155,14.70134249472477
"6620-Parson-Brown-Ct,-Orlando,-FL-32819","6620 Parson Brown Ct, Orlando, FL 32819",6620 Parson Brown Ct,,Orlando,FL,32819,Orange,28.46489,-81.485064,single_family,3.0,2.0,2174.0,16117.0,1978.0,Inactive,675000,2023-09-06T00:00:00.000Z,119,13.42246945133505
"7402-Green-Tree-Dr,---1,-Orlando,-FL-32819","7402 Green Tree Dr, # 1, Orlando, FL 32819",7402 Green Tree Dr,# 1,Orlando,FL,32819,Orange,28.459384,-81.482679,townhouse,3.0,2.0,2333.0,12197.0,1999.0,Inactive,550000,2023-11-14T00:00:00.000Z,50,13.217675375388819
"5345-Bay-Lagoon-Cir,-Orlando,-FL-32819","5345 Bay Lagoon Cir, Orlando, FL 32819",5345 Bay Lagoon Cir,,Orlando,FL,32819,Orange,28.486367,-81.483642,single_family,3.0,2.0,2074.0,12632.0,1985.0,Inactive,495000,2023-12-12T00:00:00.000Z,22,13.112315061750808
"7601-Canada-Ave,---404,-Orlando,-FL-32819","7601 Canada Ave, # 404, Orlando, FL 32819",7601 Canada Ave,# 404,Orlando,FL,32819,Orange,28.452068,-81.467407,condo,1.0,1.0,542.0,542.0,1999.0,Inactive,147500,2023-09-04T00:00:00.000Z,119,11.901590234400047
"7601-Canada-Ave,---511,-Orlando,-FL-32819","7601 Canada Ave, # 511, Orlando, FL 32819",7601 Canada Ave,# 511,Orlando,FL,32819,Orange,28.452068,-81.467407,condo,1.0,1.0,542.0,542.0,1999.0,Inactive,147500,2023-09-04T00:00:00.000Z,119,11.901590234400047
"7601-Canada-Ave,---518,-Orlando,-FL-32819","7601 Canada Ave, # 518, Orlando, FL 32819",7601 Canada Ave,# 518,Orlando,FL,32819,Orange,28.452068,-81.467407,condo,1.0,1.0,542.0,542.0,1999.0,Inactive,147500,2023-09-18T00:00:00.000Z,105,11.901590234400047
"8431-Via-Vittoria-Way,-Orlando,-FL-32819","8431 Via Vittoria Way, Orlando, FL 32819",8431 Via Vittoria Way,,Orlando,FL,32819,Orange,28.452144,-81.495139,single_family,3.0,2.0,3235.0,4433.0,2020.0,Inactive,1300000,2023-11-07T00:00:00.000Z,55,14.077875591662238
"5738-Masters-Blvd,-Orlando,-FL-32819","5738 Masters Blvd, Orlando, FL 32819",5738 Masters Blvd,,Orlando,FL,32819,Orange,28.471784,-81.512314,single_family,4.0,3.0,4078.0,23522.0,1981.0,Inactive,1273000,2023-01-21T00:00:00.000Z,344,14.05688766308519
"5081-Eaglesmere-Dr,---FO5,-Orlando,-FL-32819","5081 Eaglesmere Dr, # FO5, Orlando, FL 32819",5081 Eaglesmere Dr,# FO5,Orlando,FL,32819,Orange,28.488664,-81.462459,condo,3.0,2.0,1258.0,2659.0,1974.0,Inactive,250000,2023-06-26T00:00:00.000Z,187,12.429220196836383
"6165-Carrier-Dr,---3201,-Orlando,-FL-32819","6165 Carrier Dr, # 3201, Orlando, FL 32819",6165 Carrier Dr,# 3201,Orlando,FL,32819,Orange,28.456927,-81.468843,condo,2.0,2.0,578.0,578.0,1986.0,Inactive,186900,2023-10-05T00:00:00.000Z,85,12.138334343884129
"6710-Dancy-Ct,-Orlando,-FL-32819","6710 Dancy Ct, Orlando, FL 32819",6710 Dancy Ct,,Orlando,FL,32819,Orange,28.464094,-81.484463,single_family,4.0,5.0,3860.0,15246.0,1981.0,Inactive,1169000,2023-11-07T00:00:00.000Z,52,13.971660095885833
"6147-Donegal-Dr,-Orlando,-FL-32819","6147 Donegal Dr, Orlando, FL 32819",6147 Donegal Dr,,Orlando,FL,32819,Orange,28.456495,-81.505218,single_family,4.0,3.0,2565.0,18731.0,1969.0,Inactive,825000,2023-11-11T00:00:00.000Z,44,13.623139877437296
"6148-Sandcrest-Cir,-Orlando,-FL-32819","6148 Sandcrest Cir, Orlando, FL 32819",6148 Sandcrest Cir,,Orlando,FL,32819,Orange,28.483181,-81.465095,multi-family,6.0,4.0,2335.0,8987.0,1980.0,Inactive,649900,2023-12-15T00:00:00.000Z,8,13.384575322579519
"6202-Masters-Blvd,---102,-Orlando,-FL-32819","6202 Masters Blvd, # 102, Orlando, FL 32819",6202 Masters Blvd,# 102,Orlando,FL,32819,Orange,28.458671,-81.513612,condo,3.0,2.0,1670.0,11761.0,1979.0,Inactive,925000,2023-08-15T00:00:00.000Z,129,13.73755009757506
"4927-Big-Horn-St,-Orlando,-FL-32819","4927 Big Horn St, Orlando, FL 32819",4927 Big Horn St,,Orlando,FL,32819,Orange,28.459226,-81.445188,single_family,4.0,2.0,1325.0,9545.0,1960.0,Inactive,319000,2023-12-16T00:00:00.000Z,6,12.672949516558306
"6050-Peregrine-Ave,---F01,-Orlando,-FL-32819","6050 Peregrine Ave, # F01, Orlando, FL 32819",6050 Peregrine Ave,# F01,Orlando,FL,32819,Orange,28.486084,-81.463479,condo,3.0,2.0,1258.0,2798.0,1974.0,Inactive,255000,2023-09-22T00:00:00.000Z,90,12.449022745701502
"4945-Kensington-Park-Blvd,-Orlando,-FL-32819","4945 Kensington Park Blvd, Orlando, FL 32819",4945 Kensington Park Blvd,,Orlando,FL,32819,Orange,28.487238,-81.501441,single_family,5.0,4.0,3995.0,15682.0,2000.0,Inactive,1150000,2023-11-24T00:00:00.000Z,26,13.955273369904273
"6165-Carrier-Dr,---2002,-Orlando,-FL-32819","6165 Carrier Dr, # 2002, Orlando, FL 32819",6165 Carrier Dr,# 2002,Orlando,FL,32819,Orange,28.456602,-81.46814,condo,2.0,2.0,578.0,10454.0,1986.0,Inactive,209900,2023-12-02T00:00:00.000Z,18,12.254391269970792
"8242-Sandberry-Blvd,-Orlando,-FL-32819","8242 Sandberry Blvd, Orlando, FL 32819",8242 Sandberry Blvd,,Orlando,FL,32819,Orange,28.473945,-81.497064,single_family,3.0,2.0,1640.0,11326.0,1985.0,Inactive,409900,2023-12-12T00:00:00.000Z,8,12.923670946108873
"5364-Glasgow-Cir,-Orlando,-FL-32819","5364 Glasgow Cir, Orlando, FL 32819",5364 Glasgow Cir,,Orlando,FL,32819,Orange,28.484242,-81.479872,single_family,3.0,2.0,1554.0,9596.0,1972.0,Inactive,389000,2023-12-15T00:00:00.000Z,5,12.871337193291367
"7524-Seurat-St,---12102,-Orlando,-FL-32819","7524 Seurat St, # 12102, Orlando, FL 32819",7524 Seurat St,# 12102,Orlando,FL,32819,Orange,28.43592,-81.479184,condo,4.0,2.0,1323.0,12197.0,1994.0,Inactive,335750,2023-10-23T00:00:00.000Z,55,12.7241250927876
"7523-Seurat-St,---11103,-Orlando,-FL-32819","7523 Seurat St, # 11103, Orlando, FL 32819",7523 Seurat St,# 11103,Orlando,FL,32819,Orange,28.435654,-81.478364,condo,3.0,2.0,1193.0,1214.0,1994.0,Inactive,265000,2023-11-20T00:00:00.000Z,27,12.487488878546145
"7810-Thicket-Ln,-Orlando,-FL-32819","7810 Thicket Ln, Orlando, FL 32819",7810 Thicket Ln,,Orlando,FL,32819,Orange,28.491176,-81.490028,single_family,4.0,2.0,2079.0,12632.0,1987.0,Inactive,550000,2023-12-07T00:00:00.000Z,9,13.217675375388819
"7601-Canada-Ave,---408,-Orlando,-FL-32819","7601 Canada Ave, # 408, Orlando, FL 32819",7601 Canada Ave,# 408,Orlando,FL,32819,Orange,28.452068,-81.467407,condo,1.0,1.0,542.0,542.0,1999.0,Inactive,136500,2023-05-18T00:00:00.000Z,211,11.824087219587643
"7630-Bay-Port-Rd,---42,-Orlando,-FL-32819","7630 Bay Port Rd, # 42, Orlando, FL 32819",7630 Bay Port Rd,# 42,Orlando,FL,32819,Orange,28.459918,-81.485529,condo,3.0,2.0,1831.0,7900.0,1999.0,Inactive,435000,2023-11-29T00:00:00.000Z,16,12.983103608918753
"7621-Orange-Tree-Ln,-Orlando,-FL-32819","7621 Orange Tree Ln, Orlando, FL 32819",7621 Orange Tree Ln,,Orlando,FL,32819,Orange,28.465854,-81.488586,single_family,4.0,3.0,2289.0,16553.0,1977.0,Inactive,678000,2023-09-13T00:00:00.000Z,92,13.426904041847699
"7601-Canada-Ave,---333-335,-Orlando,-FL-32819","7601 Canada Ave, # 333/335, Orlando, FL 32819",7601 Canada Ave,# 333/335,Orlando,FL,32819,Orange,28.452068,-81.467407,condo,2.0,2.0,795.0,795.0,1999.0,Inactive,199900,2023-09-15T00:00:00.000Z,90,12.20557752297723
"7006-Cadiz-Blvd,---7006,-Orlando,-FL-32819","7006 Cadiz Blvd, # 7006, Orlando, FL 32819",7006 Cadiz Blvd,# 7006,Orlando,FL,32819,Orange,28.463093,-81.479307,townhouse,3.0,2.0,1668.0,2347.0,2006.0,Inactive,415000,2023-11-08T00:00:00.000Z,36,12.936036208848487
"6553-Hidden-Beach-Cir,-Orlando,-FL-32819","6553 Hidden Beach Cir, Orlando, FL 32819",6553 Hidden Beach Cir,,Orlando,FL,32819,Orange,28.489532,-81.467115,single_family,4.0,2.0,2287.0,10890.0,1986.0,Inactive,480000,2023-12-08T00:00:00.000Z,6,13.081543466215237
"8018-Citron-Ct,-Orlando,-FL-32819","8018 Citron Ct, Orlando, FL 32819",8018 Citron Ct,,Orlando,FL,32819,Orange,28.491086,-81.493522,single_family,4.0,3.0,2477.0,10890.0,1992.0,Inactive,750000,2023-12-09T00:00:00.000Z,5,13.527829818844937
"5240-Eaglesmere-Dr,---C07,-Orlando,-FL-32819","5240 Eaglesmere Dr, # C07, Orlando, FL 32819",5240 Eaglesmere Dr,# C07,Orlando,FL,32819,Orange,28.485956,-81.460653,condo,2.0,2.0,1139.0,7900.0,1974.0,Inactive,229200,2023-10-06T00:00:00.000Z,68,12.342354626814949
"5921-Cedar-Pine-Dr,-Orlando,-FL-32819","5921 Cedar Pine Dr, Orlando, FL 32819",5921 Cedar Pine Dr,,Orlando,FL,32819,Orange,28.477794,-81.491163,single_family,4.0,3.0,2677.0,14810.0,1986.0,Inactive,725000,2023-11-24T00:00:00.000Z,19,13.493928313146206
"7634-Bay-Port-Rd,---45,-Orlando,-FL-32819","7634 Bay Port Rd, # 45, Orlando, FL 32819",7634 Bay Port Rd,# 45,Orlando,FL,32819,Orange,28.460203,-81.485534,townhouse,2.0,2.0,1520.0,5181.0,1999.0,Inactive,384900,2023-11-01T00:00:00.000Z,41,12.860741437345885
"7740-Ligonier-Ct,-Orlando,-FL-32819","7740 Ligonier Ct, Orlando, FL 32819",7740 Ligonier Ct,,Orlando,FL,32819,Orange,28.454403,-81.4984,single_family,3.0,2.0,1675.0,12632.0,1980.0,Inactive,485000,2023-12-05T00:00:00.000Z,6,13.091906231773164
"6165-Carrier-Dr,---3602,-Orlando,-FL-32819","6165 Carrier Dr, # 3602, Orlando, FL 32819",6165 Carrier Dr,# 3602,Orlando,FL,32819,Orange,28.456927,-81.468843,condo,2.0,2.0,578.0,436.0,1986.0,Inactive,200000,2023-10-05T00:00:00.000Z,66,12.206077645517674
"6165-Carrier-Dr,---1114,-Orlando,-FL-32819","6165 Carrier Dr, # 1114, Orlando, FL 32819",6165 Carrier Dr,# 1114,Orlando,FL,32819,Orange,28.456858,-81.467791,condo,1.0,1.0,425.0,485.0,1985.0,Inactive,145000,2023-10-10T00:00:00.000Z,59,11.884495917930655
"7544-Bay-Port-Rd,---25,-Orlando,-FL-32819","7544 Bay Port Rd, # 25, Orlando, FL 32819",7544 Bay Port Rd,# 25,Orlando,FL,32819,Orange,28.459628,-81.48594,condo,3.0,2.0,1520.0,21780.0,1999.0,Inactive,419900,2023-11-08T00:00:00.000Z,30,12.947774248188859
"6073-Lexington-Park,---87,-Orlando,-FL-32819","6073 Lexington Park, # 87, Orlando, FL 32819",6073 Lexington Park,# 87,Orlando,FL,32819,Orange,28.461958,-81.502453,single_family,2.0,2.0,2771.0,6875.0,1986.0,Inactive,849000,2023-12-01T00:00:00.000Z,6,13.651815643149092
"4872-Keeneland-Cir,-Orlando,-FL-32819","4872 Keeneland Cir, Orlando, FL 32819",4872 Keeneland Cir,,Orlando,FL,32819,Orange,28.489017,-81.501062,single_family,6.0,5.0,4311.0,12632.0,2002.0,Inactive,1249000,2023-10-27T00:00:00.000Z,39,14.037854589747907
"4102-Breakview-Dr,---20303,-Orlando,-FL-32819","4102 Breakview Dr, # 20303, Orlando, FL 32819",4102 Breakview Dr,# 20303,Orlando,FL,32819,Orange,28.424803,-81.445429,condo,3.0,2.0,1247.0,7900.0,2007.0,Inactive,549000,2023-10-27T00:00:00.000Z,37,13.215855541983634
"6041-Shore-Line-Dr,-Orlando,-FL-32819","6041 Shore Line Dr, Orlando, FL 32819",6041 Shore Line Dr,,Orlando,FL,32819,Orange,28.476027,-81.477404,single_family,4.0,3.0,2449.0,14375.0,1989.0,Inactive,795000,2023-11-30T00:00:00.000Z,2,13.586098651497313
"7125-Cane-Hills-Cir,-Orlando,-FL-32819","7125 Cane Hills Cir, Orlando, FL 32819",7125 Cane Hills Cir,,Orlando,FL,32819,Orange,28.484358,-81.478892,single_family,3.0,2.0,2101.0,14810.0,1959.0,Inactive,549900,2023-10-19T00:00:00.000Z,43,13.217493541006709
"5701-Pitch-Pine-Dr,-Orlando,-FL-32819","5701 Pitch Pine Dr, Orlando, FL 32819",5701 Pitch Pine Dr,,Orlando,FL,32819,Orange,28.481818,-81.48657,single_family,3.0,2.0,2265.0,19166.0,1984.0,Inactive,575000,2023-10-31T00:00:00.000Z,29,13.26212705890841
"6165-Carrier-Dr,---1003,-Orlando,-FL-32819","6165 Carrier Dr, # 1003, Orlando, FL 32819",6165 Carrier Dr,# 1003,Orlando,FL,32819,Orange,28.456602,-81.46814,condo,2.0,2.0,583.0,583.0,1985.0,Inactive,289000,2023-11-23T00:00:00.000Z,6,12.574185427296195
"8091-Oakland-Pl,-Orlando,-FL-32819","8091 Oakland Pl, Orlando, FL 32819",8091 Oakland Pl,,Orlando,FL,32819,Orange,28.487844,-81.493539,single_family,6.0,4.0,3699.0,43124.0,1992.0,Inactive,1135000,2023-08-22T00:00:00.000Z,98,13.942144089954521
"6903-Brescia-Way,-Orlando,-FL-32819","6903 Brescia Way, Orlando, FL 32819",6903 Brescia Way,,Orlando,FL,32819,Orange,28.460989,-81.476307,single_family,4.0,3.0,2728.0,12197.0,2005.0,Inactive,669900,2023-10-23T00:00:00.000Z,32,13.414885219255359
"8612-Lost-Cove-Dr,-Orlando,-FL-32819","8612 Lost Cove Dr, Orlando, FL 32819",8612 Lost Cove Dr,,Orlando,FL,32819,Orange,28.452207,-81.502413,single_family,5.0,4.0,4292.0,28314.0,1987.0,Inactive,1399000,2023-04-29T00:00:00.000Z,208,14.151268968443645
"7500-Toscana-Blvd,-Apt-311,-Orlando,-FL-32819","7500 Toscana Blvd, Apt 311, Orlando, FL 32819",7500 Toscana Blvd,Apt 311,Orlando,FL,32819,Orange,28.456266,-81.478415,condo,3.0,2.0,2085.0,8905.0,2006.0,Inactive,479000,2023-06-02T00:00:00.000Z,174,13.079457964073546
"5036-Shoreway-Loop,---30505,-Orlando,-FL-32819","5036 Shoreway Loop, # 30505, Orlando, FL 32819",5036 Shoreway Loop,# 30505,Orlando,FL,32819,Orange,28.428596,-81.45105,condo,3.0,2.0,2001.0,2621.0,2006.0,Inactive,595000,2023-09-12T00:00:00.000Z,72,13.296318365198623
"6342-Middlerow-Ct,-Orlando,-FL-32819","6342 Middlerow Ct, Orlando, FL 32819",6342 Middlerow Ct,,Orlando,FL,32819,Orange,28.470545,-81.497886,single_family,4.0,3.0,2163.0,13504.0,1987.0,Inactive,610000,2023-11-08T00:00:00.000Z,15,13.321215875492413
"7010-Stonehedge-Dr,---151,-Orlando,-FL-32819","7010 Stonehedge Dr, # 151, Orlando, FL 32819",7010 Stonehedge Dr,# 151,Orlando,FL,32819,Orange,28.45967,-81.484364,townhouse,3.0,2.0,2214.0,8079.0,2001.0,Inactive,465000,2023-09-01T00:00:00.000Z,82,13.049794835104816
"5048-Shoreway-Loop,---10504,-Orlando,-FL-32819","5048 Shoreway Loop, # 10504, Orlando, FL 32819",5048 Shoreway Loop,# 10504,Orlando,FL,32819,Orange,28.428543,-81.45183,condo,2.0,2.0,1823.0,2621.0,2006.0,Inactive,519900,2023-10-24T00:00:00.000Z,29,13.161393687816775
"8903-Latrec-Ave,---3101,-Orlando,-FL-32819","8903 Latrec Ave, # 3101, Orlando, FL 32819",8903 Latrec Ave,# 3101,Orlando,FL,32819,Orange,28.436306,-81.478456,condo,2.0,2.0,1003.0,10019.0,1994.0,Inactive,235000,2023-11-06T00:00:00.000Z,16,12.367345048436391
"5625-Bay-Side-Dr,-Orlando,-FL-32819","5625 Bay Side Dr, Orlando, FL 32819",5625 Bay Side Dr,,Orlando,FL,32819,Orange,28.474598,-81.515003,single_family,4.0,3.0,2249.0,12197.0,1993.0,Inactive,750000,2023-11-17T00:00:00.000Z,5,13.527829818844937
"4804-Cayview-Ave,---40712,-Orlando,-FL-32819","4804 Cayview Ave, # 40712, Orlando, FL 32819",4804 Cayview Ave,# 40712,Orlando,FL,32819,Orange,28.427844,-81.446414,condo,3.0,2.0,2097.0,2390.0,2007.0,Inactive,600000,2023-09-22T00:00:00.000Z,60,13.304686600863562
"6101-Dartmoor-Ct,-Orlando,-FL-32819","6101 Dartmoor Ct, Orlando, FL 32819",6101 Dartmoor Ct,,Orlando,FL,32819,Orange,28.459049,-81.507125,single_family,4.0,3.0,3516.0,21780.0,1966.0,Inactive,1775000,2023-10-11T00:00:00.000Z,40,14.389311544271775
"8361-Sandpoint-Blvd,-Orlando,-FL-32819","8361 Sandpoint Blvd, Orlando, FL 32819",8361 Sandpoint Blvd,,Orlando,FL,32819,Orange,28.452965,-81.497046,townhouse,2.0,2.0,1302.0,2553.0,1991.0,Inactive,369900,2023-11-14T00:00:00.000Z,5,12.820990681250251
"6165-Carrier-Dr,---2104,-Orlando,-FL-32819","6165 Carrier Dr, # 2104, Orlando, FL 32819",6165 Carrier Dr,# 2104,Orlando,FL,32819,Orange,28.456566,-81.467035,condo,2.0,2.0,583.0,583.0,1986.0,Inactive,215000,2023-08-15T00:00:00.000Z,95,12.278397958261774
"10316-Turkey-Lake-B-6-A-k-a-Rd,-Unit-114,-Orlando,-FL-32819","10316 Turkey Lake B-6 A/k/a Rd, Unit 114, Orlando, FL 32819",10316 Turkey Lake B-6 A/k/a Rd,Unit 114,Orlando,FL,32819,Orange,28.418171,-81.476517,condo,2.0,2.0,1124.0,653.0,1984.0,Inactive,228000,2023-11-10T00:00:00.000Z,8,12.337105293891872
"7758-Snowberry-Cir,-Orlando,-FL-32819","7758 Snowberry Cir, Orlando, FL 32819",7758 Snowberry Cir,,Orlando,FL,32819,Orange,28.487491,-81.491387,single_family,3.0,2.0,1705.0,10890.0,1988.0,Inactive,439000,2023-11-08T00:00:00.000Z,7,12.992256969959042
"8023-Bayside-View-Dr,-Orlando,-FL-32819","8023 Bayside View Dr, Orlando, FL 32819",8023 Bayside View Dr,,Orlando,FL,32819,Orange,28.454695,-81.493127,townhouse,2.0,2.0,1492.0,2553.0,1988.0,Inactive,399880,2023-11-05T00:00:00.000Z,9,12.898922281828215
"7705-Sundial-Ln,-Orlando,-FL-32819","7705 Sundial Ln, Orlando, FL 32819",7705 Sundial Ln,,Orlando,FL,32819,Orange,28.453983,-81.493863,townhouse,3.0,2.0,2084.0,2553.0,1987.0,Inactive,554000,2023-11-09T00:00:00.000Z,3,13.224921770781943
"8557-Clematis-Ln,-Orlando,-FL-32819","8557 Clematis Ln, Orlando, FL 32819",8557 Clematis Ln,,Orlando,FL,32819,Orange,28.465157,-81.500449,single_family,4.0,3.0,1957.0,12632.0,1974.0,Inactive,585000,2023-08-11T00:00:00.000Z,92,13.279368835614243
"6165-Carrier-Dr,---1211,-Orlando,-FL-32819","6165 Carrier Dr, # 1211, Orlando, FL 32819",6165 Carrier Dr,# 1211,Orlando,FL,32819,Orange,28.456858,-81.467791,condo,1.0,1.0,408.0,408.0,1985.0,Inactive,165000,2023-09-21T00:00:00.000Z,50,12.013706813470414
"7026-Edgeworth-Dr,-Orlando,-FL-32819","7026 Edgeworth Dr, Orlando, FL 32819",7026 Edgeworth Dr,,Orlando,FL,32819,Orange,28.468438,-81.479362,single_family,4.0,2.0,2242.0,14810.0,1986.0,Inactive,687000,2023-07-05T00:00:00.000Z,127,13.440091026807503
"5005-Calle-De-Sol,-Orlando,-FL-32819","5005 Calle De Sol, Orlando, FL 32819",5005 Calle De Sol,,Orlando,FL,32819,Orange,28.491675,-81.487968,single_family,4.0,3.0,2485.0,21344.0,1983.0,Inactive,760000,2023-10-27T00:00:00.000Z,13,13.541075028051122
"7936-Clubhouse-Estates-Dr,-Orlando,-FL-32819","7936 Clubhouse Estates Dr, Orlando, FL 32819",7936 Clubhouse Estates Dr,,Orlando,FL,32819,Orange,28.451329,-81.498024,single_family,4.0,2.0,2278.0,10454.0,1980.0,Inactive,665000,2023-09-28T00:00:00.000Z,41,13.407543823396258
"8801-Latrec-Ave,---8302,-Orlando,-FL-32819","8801 Latrec Ave, # 8302, Orlando, FL 32819",8801 Latrec Ave,# 8302,Orlando,FL,32819,Orange,28.4384,-81.479605,condo,2.0,2.0,1003.0,10019.0,1994.0,Inactive,245000,2023-10-06T00:00:00.000Z,32,12.409017571151187
"5221-Hillview-Ln,-Orlando,-FL-32819","5221 Hillview Ln, Orlando, FL 32819",5221 Hillview Ln,,Orlando,FL,32819,Orange,28.483399,-81.50085,single_family,4.0,3.0,3366.0,23522.0,1989.0,Inactive,949000,2023-09-22T00:00:00.000Z,42,13.76316513133229
"8209-Tansy-Dr,-Orlando,-FL-32819","8209 Tansy Dr, Orlando, FL 32819",8209 Tansy Dr,,Orlando,FL,32819,Orange,28.465637,-81.493691,single_family,4.0,2.0,2441.0,11326.0,1979.0,Inactive,585000,2023-10-27T00:00:00.000Z,7,13.279368835614243
"6309-Cheryl-St,-Orlando,-FL-32819","6309 Cheryl St, Orlando, FL 32819",6309 Cheryl St,,Orlando,FL,32819,Orange,28.484007,-81.467671,single_family,4.0,2.0,2150.0,10454.0,1959.0,Inactive,650000,2023-05-14T00:00:00.000Z,171,13.384729180332174
"4012-Breakview-Dr,---B406,-Orlando,-FL-32819","4012 Breakview Dr, # B406, Orlando, FL 32819",4012 Breakview Dr,# B406,Orlando,FL,32819,Orange,28.424535,-81.444457,condo,3.0,2.0,1185.0,1041.0,2020.0,Inactive,560000,2023-09-19T00:00:00.000Z,42,13.235693848424024
"5419-Spring-Run-Ave,-Orlando,-FL-32819","5419 Spring Run Ave, Orlando, FL 32819",5419 Spring Run Ave,,Orlando,FL,32819,Orange,28.485657,-81.484646,single_family,4.0,3.0,2086.0,11761.0,1983.0,Inactive,535000,2023-09-28T00:00:00.000Z,33,13.190023895035274
"9156-Ridge-Pine-Trl,-Orlando,-FL-32819","9156 Ridge Pine Trl, Orlando, FL 32819",9156 Ridge Pine Trl,,Orlando,FL,32819,Orange,28.451744,-81.510497,single_family,3.0,3.0,3136.0,16988.0,1988.0,Inactive,994000,2023-10-27T00:00:00.000Z,4,13.809493491674422
"5524-Clearview-Dr,-Orlando,-FL-32819","5524 Clearview Dr, Orlando, FL 32819",5524 Clearview Dr,,Orlando,FL,32819,Orange,28.482959,-81.478018,single_family,4.0,2.0,1666.0,10890.0,1975.0,Inactive,425000,2023-09-28T00:00:00.000Z,31,12.959846800844963
"7337-Alpine-Butterfly-Ln,-Orlando,-FL-32819","7337 Alpine Butterfly Ln, Orlando, FL 32819",7337 Alpine Butterfly Ln,,Orlando,FL,32819,Orange,28.441462,-81.479028,townhouse,3.0,2.0,1970.0,2975.0,2021.0,Inactive,619000,2023-10-25T00:00:00.000Z,3,13.335862167174314
"5832-Bimini-Twist-Loop,-Orlando,-FL-32819","5832 Bimini Twist Loop, Orlando, FL 32819",5832 Bimini Twist Loop,,Orlando,FL,32819,Orange,28.442553,-81.480948,townhouse,4.0,3.0,1804.0,4250.0,2020.0,Inactive,659900,2023-09-22T00:00:00.000Z,35,13.399845102751483
"7224-Carrick-Bend-Ln,-Orlando,-FL-32819","7224 Carrick Bend Ln, Orlando, FL 32819",7224 Carrick Bend Ln,,Orlando,FL,32819,Orange,28.441609,-81.477821,townhouse,3.0,2.0,1635.0,3529.0,2020.0,Inactive,598900,2023-10-11T00:00:00.000Z,16,13.302851587978994
"5012-Shoreway-Loop,---204,-Orlando,-FL-32819","5012 Shoreway Loop, # 204, Orlando, FL 32819",5012 Shoreway Loop,# 204,Orlando,FL,32819,Orange,28.428635,-81.449432,condo,3.0,2.0,2097.0,2372.0,2007.0,Inactive,685000,2023-08-29T00:00:00.000Z,58,13.437175577097312
"7481-Alpine-Butterfly-Ln,-Orlando,-FL-32819","7481 Alpine Butterfly Ln, Orlando, FL 32819",7481 Alpine Butterfly Ln,,Orlando,FL,32819,Orange,28.442179,-81.483534,single_family,4.0,3.0,2935.0,20909.0,2021.0,Inactive,1300000,2023-09-07T00:00:00.000Z,49,14.077875591662238
"6165-Carrier-Dr,---3406,-Orlando,-FL-32819","6165 Carrier Dr, # 3406, Orlando, FL 32819",6165 Carrier Dr,# 3406,Orlando,FL,32819,Orange,28.456927,-81.468843,condo,2.0,2.0,583.0,583.0,1986.0,Inactive,209000,2023-10-02T00:00:00.000Z,24,12.250094315624496
"7403-Wethersfield-Dr,-Orlando,-FL-32819","7403 Wethersfield Dr, Orlando, FL 32819",7403 Wethersfield Dr,,Orlando,FL,32819,Orange,28.458543,-81.496205,single_family,3.0,3.0,2106.0,10019.0,1982.0,Inactive,550000,2023-10-12T00:00:00.000Z,13,13.217675375388819
"5727-Emerington-Cres,-Orlando,-FL-32819","5727 Emerington Cres, Orlando, FL 32819",5727 Emerington Cres,,Orlando,FL,32819,Orange,28.47061,-81.519652,single_family,5.0,6.0,7466.0,52272.0,2023.0,Inactive,4450000,2023-07-10T00:00:00.000Z,103,15.308414878861498
"7383-Universal-Blvd,---709,-Orlando,-FL-32819","7383 Universal Blvd, # 709, Orlando, FL 32819",7383 Universal Blvd,# 709,Orlando,FL,32819,Orange,28.456535,-81.462433,condo,1.0,1.0,671.0,671.0,2008.0,Inactive,204900,2023-09-03T00:00:00.000Z,48,12.230282214644559
"7550-Hinson-St,---5,-Orlando,-FL-32819","7550 Hinson St, # 5, Orlando, FL 32819",7550 Hinson St,# 5,Orlando,FL,32819,Orange,28.451628,-81.484633,condo,3.0,3.0,2650.0,13504.0,1985.0,Inactive,545000,2023-10-16T00:00:00.000Z,5,13.208542908506082
"4929-Anzio-St,-Orlando,-FL-32819","4929 Anzio St, Orlando, FL 32819",4929 Anzio St,,Orlando,FL,32819,Orange,28.45594,-81.445796,single_family,3.0,2.0,1000.0,6645.0,1959.0,Inactive,309500,2023-09-29T00:00:00.000Z,20,12.64271660211934
"6165-Carrier-Dr,---1402,-Orlando,-FL-32819","6165 Carrier Dr, # 1402, Orlando, FL 32819",6165 Carrier Dr,# 1402,Orlando,FL,32819,Orange,28.456858,-81.467791,condo,2.0,2.0,578.0,7900.0,1985.0,Inactive,189900,2023-09-01T00:00:00.000Z,46,12.15425816271595
"8604-Mindich-Ct,-Orlando,-FL-32819","8604 Mindich Ct, Orlando, FL 32819",8604 Mindich Ct,,Orlando,FL,32819,Orange,28.480802,-81.500172,single_family,5.0,4.0,4545.0,43560.0,1987.0,Inactive,1325000,2023-09-28T00:00:00.000Z,19,14.096923772119156
"7446-Somerset-Shores-Ct,-Orlando,-FL-32819","7446 Somerset Shores Ct, Orlando, FL 32819",7446 Somerset Shores Ct,,Orlando,FL,32819,Orange,28.454006,-81.487387,townhouse,3.0,2.0,1738.0,1801.0,1992.0,Inactive,559000,2023-10-04T00:00:00.000Z,13,13.233906541044401
"5000-Cayview-Ave,---41008,-Orlando,-FL-32819","5000 Cayview Ave, # 41008, Orlando, FL 32819",5000 Cayview Ave,# 41008,Orlando,FL,32819,Orange,28.429118,-81.448948,condo,3.0,2.0,1412.0,1514.0,2006.0,Inactive,539000,2023-10-13T00:00:00.000Z,4,13.197472705176983
"7601-Canada-Ave,---302,-Orlando,-FL-32819","7601 Canada Ave, # 302, Orlando, FL 32819",7601 Canada Ave,# 302,Orlando,FL,32819,Orange,28.452068,-81.467407,condo,1.0,1.0,542.0,542.0,1999.0,Inactive,119000,2023-10-13T00:00:00.000Z,4,11.686887175419702
"5879-Windhover-Dr,---A02-2,-Orlando,-FL-32819","5879 Windhover Dr, # A02-2, Orlando, FL 32819",5879 Windhover Dr,# A02-2,Orlando,FL,32819,Orange,28.486038,-81.461792,condo,1.0,1.0,591.0,5220.0,1974.0,Inactive,135000,2023-10-11T00:00:00.000Z,5,11.813037464800539
"8939-Latrec-Ave,---1110,-Orlando,-FL-32819","8939 Latrec Ave, # 1110, Orlando, FL 32819",8939 Latrec Ave,# 1110,Orlando,FL,32819,Orange,28.435771,-81.476324,condo,1.0,1.0,558.0,9410.0,1994.0,Inactive,185000,2023-09-26T00:00:00.000Z,19,12.128116509451258
"7601-Canada-Ave,---203,-Orlando,-FL-32819","7601 Canada Ave, # 203, Orlando, FL 32819",7601 Canada Ave,# 203,Orlando,FL,32819,Orange,28.452068,-81.467407,condo,1.0,1.0,542.0,542.0,1999.0,Inactive,119000,2023-10-13T00:00:00.000Z,2,11.686887175419702
"8166-Via-Vittoria-Way,-Orlando,-FL-32819","8166 Via Vittoria Way, Orlando, FL 32819",8166 Via Vittoria Way,,Orlando,FL,32819,Orange,28.451515,-81.493165,single_family,4.0,3.0,3246.0,10890.0,2018.0,Inactive,1780000,2023-07-11T00:00:00.000Z,95,14.392124484065864
"7626-Sugar-Bend-Dr,---7626,-Orlando,-FL-32819","7626 Sugar Bend Dr, # 7626, Orlando, FL 32819",7626 Sugar Bend Dr,# 7626,Orlando,FL,32819,Orange,28.455521,-81.493228,condo,2.0,2.0,1075.0,7796.0,1996.0,Inactive,325000,2023-10-06T00:00:00.000Z,6,12.691583538230217
"8849-Latrec-Ave,-Apt-309,-Orlando,-FL-32819","8849 Latrec Ave, Apt 309, Orlando, FL 32819",8849 Latrec Ave,Apt 309,Orlando,FL,32819,Orange,28.436548,-81.478859,condo,1.0,1.0,1003.0,7900.0,1994.0,Inactive,148000,2023-10-09T00:00:00.000Z,3,11.904974309480183
"4814-Cayview-Ave,---10313,-Orlando,-FL-32819","4814 Cayview Ave, # 10313, Orlando, FL 32819",4814 Cayview Ave,# 10313,Orlando,FL,32819,Orange,28.428734,-81.446413,condo,3.0,2.0,1247.0,1472.0,2006.0,Inactive,515000,2023-09-11T00:00:00.000Z,30,13.151924121391561
"6066-Bimini-Twist-Loop,-Orlando,-FL-32819","6066 Bimini Twist Loop, Orlando, FL 32819",6066 Bimini Twist Loop,,Orlando,FL,32819,Orange,28.443359,-81.480969,townhouse,3.0,2.0,1789.0,2999.0,2020.0,Inactive,679000,2023-10-05T00:00:00.000Z,6,13.428377879293798
"8540-Sandberry-Blvd,-Orlando,-FL-32819","8540 Sandberry Blvd, Orlando, FL 32819",8540 Sandberry Blvd,,Orlando,FL,32819,Orange,28.472023,-81.503425,single_family,4.0,2.0,1770.0,11761.0,1984.0,Inactive,500000,2023-10-02T00:00:00.000Z,6,13.122365377402328
"7845-Sugar-Bend-Dr,---7845,-Orlando,-FL-32819","7845 Sugar Bend Dr, # 7845, Orlando, FL 32819",7845 Sugar Bend Dr,# 7845,Orlando,FL,32819,Orange,28.457833,-81.493934,condo,2.0,2.0,1014.0,7900.0,1996.0,Inactive,310000,2023-10-04T00:00:00.000Z,4,12.644330802262578
"7236-Spring-Villas-Cir,-Orlando,-FL-32819","7236 Spring Villas Cir, Orlando, FL 32819",7236 Spring Villas Cir,,Orlando,FL,32819,Orange,28.460166,-81.479696,single_family,3.0,2.0,1436.0,6464.0,1986.0,Inactive,455000,2023-10-05T00:00:00.000Z,3,13.02805489573287
"6014-Crystal-View-Dr,-Orlando,-FL-32819","6014 Crystal View Dr, Orlando, FL 32819",6014 Crystal View Dr,,Orlando,FL,32819,Orange,28.476725,-81.476908,single_family,4.0,3.0,2827.0,14375.0,1989.0,Inactive,795000,2023-06-04T00:00:00.000Z,125,13.586098651497313
"7826-Pine-Haven-Ct,-Orlando,-FL-32819","7826 Pine Haven Ct, Orlando, FL 32819",7826 Pine Haven Ct,,Orlando,FL,32819,Orange,28.482375,-81.491548,single_family,4.0,4.0,3469.0,33106.0,1990.0,Inactive,1049999,2023-06-09T00:00:00.000Z,120,13.864300722133706
"4705-Windsor-Ave,-Orlando,-FL-32819","4705 Windsor Ave, Orlando, FL 32819",4705 Windsor Ave,,Orlando,FL,32819,Orange,28.49274,-81.47088,single_family,3.0,2.0,1629.0,6329.0,1998.0,Inactive,549000,2023-09-06T00:00:00.000Z,31,13.215855541983634
"8162-Oak-Park-Rd,-Orlando,-FL-32819","8162 Oak Park Rd, Orlando, FL 32819",8162 Oak Park Rd,,Orlando,FL,32819,Orange,28.488689,-81.495649,single_family,4.0,4.0,3629.0,43560.0,1986.0,Inactive,1385000,2023-04-06T00:00:00.000Z,183,14.141211419624977
"7631-Pine-Springs-Dr,-Orlando,-FL-32819","7631 Pine Springs Dr, Orlando, FL 32819",7631 Pine Springs Dr,,Orlando,FL,32819,Orange,28.479695,-81.489268,single_family,4.0,3.0,2324.0,26572.0,1984.0,Inactive,689900,2023-06-27T00:00:00.000Z,101,13.444303388018582
"5503-Pine-Shade-Ct,-Orlando,-FL-32819","5503 Pine Shade Ct, Orlando, FL 32819",5503 Pine Shade Ct,,Orlando,FL,32819,Orange,28.484458,-81.491453,single_family,4.0,3.0,2303.0,17424.0,1986.0,Inactive,689000,2023-09-06T00:00:00.000Z,30,13.442998001373553
"4721-Windsor-Ave,-Orlando,-FL-32819","4721 Windsor Ave, Orlando, FL 32819",4721 Windsor Ave,,Orlando,FL,32819,Orange,28.493369,-81.470756,single_family,3.0,2.0,1936.0,10454.0,1999.0,Inactive,514990,2023-08-07T00:00:00.000Z,59,13.151904703765016
"5733-Emerington-Cres,-Orlando,-FL-32819","5733 Emerington Cres, Orlando, FL 32819",5733 Emerington Cres,,Orlando,FL,32819,Orange,28.470347,-81.519619,single_family,5.0,4.0,7621.0,47916.0,2023.0,Inactive,4350000,2023-07-10T00:00:00.000Z,85,15.285686632949897
"4948-Spring-Run-Ave,-Orlando,-FL-32819","4948 Spring Run Ave, Orlando, FL 32819",4948 Spring Run Ave,,Orlando,FL,32819,Orange,28.492131,-81.485414,single_family,4.0,3.0,2067.0,11761.0,1983.0,Inactive,563000,2023-09-21T00:00:00.000Z,12,13.241036683319184
"6090-Bimini-Twist-Loop,-Orlando,-FL-32819","6090 Bimini Twist Loop, Orlando, FL 32819",6090 Bimini Twist Loop,,Orlando,FL,32819,Orange,28.443105,-81.481097,townhouse,4.0,3.0,2303.0,4249.0,2020.0,Inactive,658000,2023-09-28T00:00:00.000Z,5,13.396961730063138
"6819-Sperone-St,-Orlando,-FL-32819","6819 Sperone St, Orlando, FL 32819",6819 Sperone St,,Orlando,FL,32819,Orange,28.462962,-81.478637,townhouse,3.0,2.0,1672.0,1800.0,2006.0,Inactive,405000,2023-07-13T00:00:00.000Z,81,12.91164481522143
"9154-Bay-Point-Dr,-Orlando,-FL-32819","9154 Bay Point Dr, Orlando, FL 32819",9154 Bay Point Dr,,Orlando,FL,32819,Orange,28.455404,-81.517667,single_family,3.0,3.0,2687.0,16117.0,1979.0,Inactive,2400000,2023-09-23T00:00:00.000Z,9,14.690979711984754
"5000-Cayview-Ave,---40208,-Orlando,-FL-32819","5000 Cayview Ave, # 40208, Orlando, FL 32819",5000 Cayview Ave,# 40208,Orlando,FL,32819,Orange,28.429385,-81.448891,condo,2.0,2.0,1112.0,1202.0,2006.0,Inactive,470000,2023-10-01T00:00:00.000Z,1,13.060490101343552
"7431-Sparkling-Lake-Rd,-Orlando,-FL-32819","7431 Sparkling Lake Rd, Orlando, FL 32819",7431 Sparkling Lake Rd,,Orlando,FL,32819,Orange,28.473671,-81.481565,single_family,3.0,2.0,2221.0,16117.0,1987.0,Inactive,625000,2023-09-27T00:00:00.000Z,4,13.345508528717259
"5129-Eaglesmere-Dr,---A01,-Orlando,-FL-32819","5129 Eaglesmere Dr, # A01, Orlando, FL 32819",5129 Eaglesmere Dr,# A01,Orlando,FL,32819,Orange,28.488162,-81.462257,condo,1.0,1.0,591.0,5299.0,1974.0,Inactive,165000,2023-09-05T00:00:00.000Z,24,12.013706813470414
"6792-Tamarind-Cir,-Orlando,-FL-32819","6792 Tamarind Cir, Orlando, FL 32819",6792 Tamarind Cir,,Orlando,FL,32819,Orange,28.461668,-81.494216,single_family,4.0,2.0,2256.0,11326.0,1978.0,Inactive,489000,2023-09-24T00:00:00.000Z,5,13.100119813444692
"7303-Perugia-Ave,-Orlando,-FL-32819","7303 Perugia Ave, Orlando, FL 32819",7303 Perugia Ave,,Orlando,FL,32819,Orange,28.457128,-81.443534,single_family,4.0,3.0,1305.0,11761.0,1959.0,Inactive,325000,2023-09-19T00:00:00.000Z,7,12.691583538230217
"7089-Cadiz-Blvd,-Orlando,-FL-32819","7089 Cadiz Blvd, Orlando, FL 32819",7089 Cadiz Blvd,,Orlando,FL,32819,Orange,28.463503,-81.479674,townhouse,3.0,2.0,1672.0,1800.0,2006.0,Inactive,419900,2023-09-13T00:00:00.000Z,12,12.947774248188859
"6246-Morning-Mist-Ln,-Orlando,-FL-32819","6246 Morning Mist Ln, Orlando, FL 32819",6246 Morning Mist Ln,,Orlando,FL,32819,Orange,28.47209,-81.495575,single_family,3.0,2.0,1928.0,11761.0,1986.0,Inactive,499000,2023-09-02T00:00:00.000Z,21,13.120363378739663
"6925-Sugarbush-Dr,-Orlando,-FL-32819","6925 Sugarbush Dr, Orlando, FL 32819",6925 Sugarbush Dr,,Orlando,FL,32819,Orange,28.46479,-81.496224,single_family,3.0,2.0,1635.0,13504.0,1979.0,Inactive,515000,2023-09-15T00:00:00.000Z,7,13.151924121391561
"6367-Edge-O-Grove-Cir,-Orlando,-FL-32819","6367 Edge O Grove Cir, Orlando, FL 32819",6367 Edge O Grove Cir,,Orlando,FL,32819,Orange,28.471074,-81.498822,single_family,4.0,2.0,2361.0,17424.0,1983.0,Inactive,665000,2023-09-14T00:00:00.000Z,6,13.407543823396258
"7403-Spring-Villas-Cir,-Orlando,-FL-32819","7403 Spring Villas Cir, Orlando, FL 32819",7403 Spring Villas Cir,,Orlando,FL,32819,Orange,28.45886,-81.482024,single_family,3.0,2.0,1465.0,5250.0,1986.0,Inactive,445000,2023-09-15T00:00:00.000Z,5,13.005831808336863
"7933-Palmdale-Dr,-Orlando,-FL-32819","7933 Palmdale Dr, Orlando, FL 32819",7933 Palmdale Dr,,Orlando,FL,32819,Orange,28.488632,-81.490133,single_family,4.0,3.0,2179.0,12632.0,1988.0,Inactive,670000,2023-09-04T00:00:00.000Z,15,13.415034483903348
"7550-Hinson-St,---4,-Orlando,-FL-32819","7550 Hinson St, # 4, Orlando, FL 32819",7550 Hinson St,# 4,Orlando,FL,32819,Orange,28.451628,-81.484633,condo,3.0,3.0,2650.0,13504.0,1985.0,Inactive,699000,2023-09-12T00:00:00.000Z,7,13.457407451830088
"7618-Pissarro-Dr,---15103,-Orlando,-FL-32819","7618 Pissarro Dr, # 15103, Orlando, FL 32819",7618 Pissarro Dr,# 15103,Orlando,FL,32819,Orange,28.435556,-81.480412,condo,2.0,2.0,1003.0,10019.0,1994.0,Inactive,260000,2023-09-08T00:00:00.000Z,9,12.468440756144114
"4831-Wingrove-Blvd,-Orlando,-FL-32819","4831 Wingrove Blvd, Orlando, FL 32819",4831 Wingrove Blvd,,Orlando,FL,32819,Orange,28.490732,-81.494009,single_family,4.0,3.0,2576.0,10890.0,1993.0,Inactive,759000,2023-09-15T00:00:00.000Z,2,13.539758373899955
"6165-Carrier-Dr,---1104,-Orlando,-FL-32819","6165 Carrier Dr, # 1104, Orlando, FL 32819",6165 Carrier Dr,# 1104,Orlando,FL,32819,Orange,28.456858,-81.467791,condo,2.0,2.0,583.0,9168.0,1985.0,Inactive,209900,2023-06-14T00:00:00.000Z,94,12.254391269970792
"7289-Lake-Floy-Cir,-Orlando,-FL-32819","7289 Lake Floy Cir, Orlando, FL 32819",7289 Lake Floy Cir,,Orlando,FL,32819,Orange,28.485635,-81.481964,single_family,3.0,2.0,1307.0,7497.0,1973.0,Inactive,376000,2023-06-23T00:00:00.000Z,84,12.837347081942964
"5748-Tamarack-Dr,-Orlando,-FL-32819","5748 Tamarack Dr, Orlando, FL 32819",5748 Tamarack Dr,,Orlando,FL,32819,Orange,28.482179,-81.489286,single_family,4.0,3.0,2344.0,11326.0,1984.0,Inactive,689900,2023-09-07T00:00:00.000Z,8,13.444303388018582
"7588-Toscana-Blvd,-Apt-431,-Orlando,-FL-32819","7588 Toscana Blvd, Apt 431, Orlando, FL 32819",7588 Toscana Blvd,Apt 431,Orlando,FL,32819,Orange,28.45522,-81.478051,condo,3.0,2.0,2085.0,8777.0,2007.0,Inactive,560000,2023-09-13T00:00:00.000Z,2,13.235693848424024
"6165-Carrier-Dr,---2803,-Orlando,-FL-32819","6165 Carrier Dr, # 2803, Orlando, FL 32819",6165 Carrier Dr,# 2803,Orlando,FL,32819,Orange,28.456602,-81.468132,condo,2.0,2.0,583.0,9168.0,1986.0,Inactive,195000,2023-07-28T00:00:00.000Z,48,12.180759965737863
"6039-Hardrock-Cir,-Orlando,-FL-32819","6039 Hardrock Cir, Orlando, FL 32819",6039 Hardrock Cir,,Orlando,FL,32819,Orange,28.47524,-81.505085,single_family,5.0,4.0,2512.0,20038.0,1983.0,Inactive,565000,2023-09-05T00:00:00.000Z,8,13.244582780038517
"8611-Mindich-Ct,-Orlando,-FL-32819","8611 Mindich Ct, Orlando, FL 32819",8611 Mindich Ct,,Orlando,FL,32819,Orange,28.480963,-81.501,single_family,5.0,3.0,2772.0,37897.0,1987.0,Inactive,850000,2023-08-18T00:00:00.000Z,25,13.652992804936396
"5421-Rustic-Pine-Ct,-Orlando,-FL-32819","5421 Rustic Pine Ct, Orlando, FL 32819",5421 Rustic Pine Ct,,Orlando,FL,32819,Orange,28.485515,-81.489333,single_family,4.0,3.0,2611.0,13939.0,1987.0,Inactive,575000,2023-09-08T00:00:00.000Z,4,13.26212705890841
"8823-Great-Cove-Dr,-Orlando,-FL-32819","8823 Great Cove Dr, Orlando, FL 32819",8823 Great Cove Dr,,Orlando,FL,32819,Orange,28.476106,-81.506306,single_family,4.0,3.0,3116.0,13068.0,1995.0,Inactive,800000,2023-08-21T00:00:00.000Z,21,13.592368256649284
"5866-Peregrine-Ave,---A02,-Orlando,-FL-32819","5866 Peregrine Ave, # A02, Orlando, FL 32819",5866 Peregrine Ave,# A02,Orlando,FL,32819,Orange,28.486955,-81.461281,condo,1.0,1.0,591.0,3565.0,1974.0,Inactive,168500,2023-09-03T00:00:00.000Z,6,12.034696963475044
"8812-Torey-Pines-Ter,-Orlando,-FL-32819","8812 Torey Pines Ter, Orlando, FL 32819",8812 Torey Pines Ter,,Orlando,FL,32819,Orange,28.483441,-81.505722,single_family,4.0,4.0,4107.0,22216.0,1989.0,Inactive,1280000,2023-07-20T00:00:00.000Z,50,14.062371417145494
"5076-Tideview-Cir,---89,-Orlando,-FL-32819","5076 Tideview Cir, # 89, Orlando, FL 32819",5076 Tideview Cir,# 89,Orlando,FL,32819,Orange,28.430501,-81.451471,condo,2.0,2.0,1746.0,688.0,2006.0,Inactive,499000,2023-08-30T00:00:00.000Z,9,13.120363378739663
"6017-Windhover-Dr,---C09,-Orlando,-FL-32819","6017 Windhover Dr, # C09, Orlando, FL 32819",6017 Windhover Dr,# C09,Orlando,FL,32819,Orange,28.485611,-81.463326,condo,2.0,2.0,1139.0,6377.0,1974.0,Inactive,225900,2023-04-01T00:00:00.000Z,159,12.32785212918379
"6165-Carrier-Dr,---2508,-Orlando,-FL-32819","6165 Carrier Dr, # 2508, Orlando, FL 32819",6165 Carrier Dr,# 2508,Orlando,FL,32819,Orange,28.456602,-81.468132,condo,1.0,1.0,408.0,408.0,1986.0,Inactive,160000,2023-04-24T00:00:00.000Z,135,11.982935344196433
"7429-Green-Tree-Dr,---96,-Orlando,-FL-32819","7429 Green Tree Dr, # 96, Orlando, FL 32819",7429 Green Tree Dr,# 96,Orlando,FL,32819,Orange,28.459809,-81.483745,townhouse,3.0,2.0,1985.0,12197.0,2000.0,Inactive,519000,2023-08-30T00:00:00.000Z,7,13.159661088928443
"10274-Turkey-Lake-Rd,-Apt-142,-Orlando,-FL-32819","10274 Turkey Lake Rd, Apt 142, Orlando, FL 32819",10274 Turkey Lake Rd,Apt 142,Orlando,FL,32819,Orange,28.418928,-81.476678,condo,2.0,2.0,1124.0,644.0,1984.0,Inactive,264000,2023-08-31T00:00:00.000Z,5,12.483708170000067
"6256-Blue-Clay-Ct,-Orlando,-FL-32819","6256 Blue Clay Ct, Orlando, FL 32819",6256 Blue Clay Ct,,Orlando,FL,32819,Orange,28.471484,-81.506126,single_family,4.0,2.0,1928.0,17424.0,1982.0,Inactive,590000,2023-08-31T00:00:00.000Z,4,13.28787951079572
"5221-Conch-Ct,-Orlando,-FL-32819","5221 Conch Ct, Orlando, FL 32819",5221 Conch Ct,,Orlando,FL,32819,Orange,28.488376,-81.468757,single_family,4.0,2.0,2172.0,15246.0,1986.0,Inactive,529000,2023-08-27T00:00:00.000Z,7,13.178745601197818
"7765-Apple-Tree-Cir,-Orlando,-FL-32819","7765 Apple Tree Cir, Orlando, FL 32819",7765 Apple Tree Cir,,Orlando,FL,32819,Orange,28.47246,-81.489329,single_family,4.0,3.0,2579.0,10890.0,1990.0,Inactive,675000,2023-08-23T00:00:00.000Z,9,13.42246945133505
"7426-Burnaway-Dr,-Orlando,-FL-32819","7426 Burnaway Dr, Orlando, FL 32819",7426 Burnaway Dr,,Orlando,FL,32819,Orange,28.457346,-81.497236,single_family,3.0,2.0,1524.0,8339.0,1981.0,Inactive,450000,2023-05-24T00:00:00.000Z,99,13.017005083966255
"7747-Sugar-Bend-Dr,---7747,-Orlando,-FL-32819","7747 Sugar Bend Dr, # 7747, Orlando, FL 32819",7747 Sugar Bend Dr,# 7747,Orlando,FL,32819,Orange,28.456319,-81.494435,townhouse,2.0,2.0,1075.0,7796.0,1996.0,Inactive,305000,2023-08-02T00:00:00.000Z,29,12.628070334272698
"8984-Gladin-Ct,-Orlando,-FL-32819","8984 Gladin Ct, Orlando, FL 32819",8984 Gladin Ct,,Orlando,FL,32819,Orange,28.461191,-81.507212,single_family,4.0,3.0,2645.0,19166.0,1974.0,Inactive,850000,2023-08-24T00:00:00.000Z,7,13.652992804936396
"7170-Showcase-Ln,-Orlando,-FL-32819","7170 Showcase Ln, Orlando, FL 32819",7170 Showcase Ln,,Orlando,FL,32819,Orange,28.462296,-81.480545,townhouse,3.0,2.0,1668.0,2349.0,2006.0,Inactive,419900,2023-07-12T00:00:00.000Z,49,12.947774248188859
"7659-Toscana-Blvd,-Orlando,-FL-32819","7659 Toscana Blvd, Orlando, FL 32819",7659 Toscana Blvd,,Orlando,FL,32819,Orange,28.454014,-81.477992,single_family,5.0,4.0,3481.0,3860.0,2018.0,Inactive,899000,2023-07-19T00:00:00.000Z,42,13.70903942580019
"6542-Hidden-Beach-Cir,-Orlando,-FL-32819","6542 Hidden Beach Cir, Orlando, FL 32819",6542 Hidden Beach Cir,,Orlando,FL,32819,Orange,28.48943,-81.46762,single_family,3.0,2.0,1815.0,10890.0,1986.0,Inactive,525000,2023-08-10T00:00:00.000Z,19,13.171155446333852
"5206-Vistamere-Ct,-Orlando,-FL-32819","5206 Vistamere Ct, Orlando, FL 32819",5206 Vistamere Ct,,Orlando,FL,32819,Orange,28.486056,-81.495727,single_family,7.0,,4636.0,20038.0,2019.0,Inactive,1395000,2023-08-18T00:00:00.000Z,10,14.148405690083225
"8038-Laurel-Tree-Dr,-Orlando,-FL-32819","8038 Laurel Tree Dr, Orlando, FL 32819",8038 Laurel Tree Dr,,Orlando,FL,32819,Orange,28.474755,-81.493404,single_family,4.0,3.0,2481.0,10890.0,1985.0,Inactive,599900,2023-08-03T00:00:00.000Z,23,13.304519920584285
"10260-Turkey-Lake-Rd,---B21153,-Orlando,-FL-32819","10260 Turkey Lake Rd, # B21153, Orlando, FL 32819",10260 Turkey Lake Rd,# B21153,Orlando,FL,32819,Orange,28.419279,-81.476761,condo,2.0,2.0,1124.0,650.0,1984.0,Inactive,275000,2023-08-08T00:00:00.000Z,18,12.524530013005734
"8001-Cool-Breeze-Dr,---122,-Orlando,-FL-32819","8001 Cool Breeze Dr, # 122, Orlando, FL 32819",8001 Cool Breeze Dr,# 122,Orlando,FL,32819,Orange,28.429901,-81.450775,condo,3.0,2.0,1741.0,688.0,2005.0,Inactive,439000,2023-08-22T00:00:00.000Z,3,12.992256969959042
"5212-Abelia-Dr,-Orlando,-FL-32819","5212 Abelia Dr, Orlando, FL 32819",5212 Abelia Dr,,Orlando,FL,32819,Orange,28.489386,-81.486272,single_family,5.0,3.0,3524.0,12197.0,1983.0,Inactive,595527,2023-07-27T00:00:00.000Z,27,13.297203685983622
"9102-Galleon-Dr,-Orlando,-FL-32819","9102 Galleon Dr, Orlando, FL 32819",9102 Galleon Dr,,Orlando,FL,32819,Orange,28.474966,-81.513899,single_family,3.0,2.0,1900.0,14810.0,1986.0,Inactive,509000,2023-08-19T00:00:00.000Z,4,13.140205260167273
"9315-Cypress-Cove-Dr,-Orlando,-FL-32819","9315 Cypress Cove Dr, Orlando, FL 32819",9315 Cypress Cove Dr,,Orlando,FL,32819,Orange,28.448603,-81.514617,single_family,4.0,4.0,3983.0,18731.0,1981.0,Inactive,1029000,2023-07-21T00:00:00.000Z,32,13.844098986633012
"6351-Piney-Glen-Ln,-Orlando,-FL-32819","6351 Piney Glen Ln, Orlando, FL 32819",6351 Piney Glen Ln,,Orlando,FL,32819,Orange,28.469596,-81.484803,single_family,5.0,3.0,2343.0,13068.0,1986.0,Inactive,650000,2023-07-22T00:00:00.000Z,31,13.384729180332174
"5931-Masters-Blvd,-Orlando,-FL-32819","5931 Masters Blvd, Orlando, FL 32819",5931 Masters Blvd,,Orlando,FL,32819,Orange,28.468182,-81.514373,single_family,4.0,3.0,3854.0,20038.0,1989.0,Inactive,1675000,2023-08-18T00:00:00.000Z,4,14.331324320256051
"7838-Clubhouse-Estates-Dr,-Orlando,-FL-32819","7838 Clubhouse Estates Dr, Orlando, FL 32819",7838 Clubhouse Estates Dr,,Orlando,FL,32819,Orange,28.452474,-81.49933,single_family,3.0,2.0,1996.0,12632.0,1980.0,Inactive,558000,2023-06-30T00:00:00.000Z,52,13.232116033476537
"7704-Clementine-Way,-Orlando,-FL-32819","7704 Clementine Way, Orlando, FL 32819",7704 Clementine Way,,Orlando,FL,32819,Orange,28.462916,-81.488613,single_family,4.0,3.0,2735.0,15246.0,1980.0,Inactive,849900,2023-08-14T00:00:00.000Z,7,13.652875151095039
"9242-Cypress-Cove-Dr,-Orlando,-FL-32819","9242 Cypress Cove Dr, Orlando, FL 32819",9242 Cypress Cove Dr,,Orlando,FL,32819,Orange,28.448416,-81.515665,single_family,4.0,4.0,5063.0,31363.0,1982.0,Inactive,2350000,2023-06-07T00:00:00.000Z,74,14.669926311652166
"6739-Parson-Brown-Dr,-Orlando,-FL-32819","6739 Parson Brown Dr, Orlando, FL 32819",6739 Parson Brown Dr,,Orlando,FL,32819,Orange,28.462958,-81.483438,single_family,3.0,2.0,1741.0,11761.0,1979.0,Inactive,595000,2023-08-05T00:00:00.000Z,15,13.296318365198623
"7631-Bay-Port-Rd,---56,-Orlando,-FL-32819","7631 Bay Port Rd, # 56, Orlando, FL 32819",7631 Bay Port Rd,# 56,Orlando,FL,32819,Orange,28.459881,-81.485108,condo,3.0,2.0,1831.0,5090.0,2000.0,Inactive,459000,2023-08-09T00:00:00.000Z,11,13.036807667689546
"5810-Windhover-Dr,---581,-Orlando,-FL-32819","5810 Windhover Dr, # 581, Orlando, FL 32819",5810 Windhover Dr,# 581,Orlando,FL,32819,Orange,28.484773,-81.461508,condo,2.0,2.0,1193.0,5567.0,1980.0,Inactive,235000,2023-05-30T00:00:00.000Z,81,12.367345048436391
"7834-Snowberry-Cir,-Orlando,-FL-32819","7834 Snowberry Cir, Orlando, FL 32819",7834 Snowberry Cir,,Orlando,FL,32819,Orange,28.489926,-81.489415,single_family,4.0,3.0,2242.0,10890.0,1987.0,Inactive,699900,2023-08-11T00:00:00.000Z,7,13.45869417545215
"5954-Peregrine-Ave,---A07,-Orlando,-FL-32819","5954 Peregrine Ave, # A07, Orlando, FL 32819",5954 Peregrine Ave,# A07,Orlando,FL,32819,Orange,28.486862,-81.462675,condo,1.0,1.0,591.0,3565.0,1974.0,Inactive,169500,2023-08-14T00:00:00.000Z,4,12.040614105490253
"8703-Palm-Lake-Dr,-Orlando,-FL-32819","8703 Palm Lake Dr, Orlando, FL 32819",8703 Palm Lake Dr,,Orlando,FL,32819,Orange,28.477661,-81.500461,single_family,5.0,4.0,4646.0,22216.0,2005.0,Inactive,1575000,2023-05-19T00:00:00.000Z,90,14.269766465162304
"10274-Turkey-Lake-B-19-A-k-a-Rd,-Unit-143,-Orlando,-FL-32819","10274 Turkey Lake B-19 A/k/a Rd, Unit 143, Orlando, FL 32819",10274 Turkey Lake B-19 A/k/a Rd,Unit 143,Orlando,FL,32819,Orange,28.418941,-81.476627,condo,2.0,2.0,1124.0,650.0,1984.0,Inactive,285000,2023-06-02T00:00:00.000Z,76,12.560247968016562
"7712-Aviano-Ave,-Orlando,-FL-32819","7712 Aviano Ave, Orlando, FL 32819",7712 Aviano Ave,,Orlando,FL,32819,Orange,28.453337,-81.449747,single_family,3.0,1.0,840.0,6124.0,1958.0,Inactive,284000,2023-06-28T00:00:00.000Z,50,12.556733038263905
"9120-Lytham-Ct,-Orlando,-FL-32819","9120 Lytham Ct, Orlando, FL 32819",9120 Lytham Ct,,Orlando,FL,32819,Orange,28.471968,-81.512818,single_family,5.0,4.0,4530.0,25265.0,1981.0,Inactive,1849000,2023-07-20T00:00:00.000Z,28,14.430156051201998
"7523-Bay-Port-Rd,---10,-Orlando,-FL-32819","7523 Bay Port Rd, # 10, Orlando, FL 32819",7523 Bay Port Rd,# 10,Orlando,FL,32819,Orange,28.460568,-81.485679,condo,3.0,2.0,1831.0,5181.0,1999.0,Inactive,445000,2023-08-10T00:00:00.000Z,7,13.005831808336863
"5000-Cayview-Ave,---40708,-Orlando,-FL-32819","5000 Cayview Ave, # 40708, Orlando, FL 32819",5000 Cayview Ave,# 40708,Orlando,FL,32819,Orange,28.429024,-81.449064,condo,2.0,2.0,1112.0,1202.0,2006.0,Inactive,490000,2023-08-15T00:00:00.000Z,2,13.102162710901053
"9238-Bayway-Dr,-Orlando,-FL-32819","9238 Bayway Dr, Orlando, FL 32819",9238 Bayway Dr,,Orlando,FL,32819,Orange,28.46796,-81.516959,land,5.0,4.0,8200.0,74923.0,2024.0,Inactive,1188888,2023-01-13T00:00:00.000Z,215,13.988529815553855
"7372-Regina-Way,-Orlando,-FL-32819","7372 Regina Way, Orlando, FL 32819",7372 Regina Way,,Orlando,FL,32819,Orange,28.457478,-81.478581,townhouse,3.0,2.0,2104.0,3602.0,2005.0,Inactive,549000,2023-07-28T00:00:00.000Z,18,13.215855541983634
"4814-Cayview-Ave,---10713,-Orlando,-FL-32819","4814 Cayview Ave, # 10713, Orlando, FL 32819",4814 Cayview Ave,# 10713,Orlando,FL,32819,Orange,28.428483,-81.446039,condo,2.0,2.0,1112.0,1212.0,2006.0,Inactive,435000,2023-08-11T00:00:00.000Z,4,12.983103608918753
"7766-Sugar-Bend-Dr,---7766,-Orlando,-FL-32819","7766 Sugar Bend Dr, # 7766, Orlando, FL 32819",7766 Sugar Bend Dr,# 7766,Orlando,FL,32819,Orange,28.456583,-81.494039,condo,2.0,2.0,1075.0,7796.0,1996.0,Inactive,315000,2023-08-11T00:00:00.000Z,4,12.660331092405906
"6165-Carrier-Dr,-Orlando,-FL-32819","6165 Carrier Dr, Orlando, FL 32819",6165 Carrier Dr,,Orlando,FL,32819,Orange,28.456602,-81.468129,condo,2.0,2.0,583.0,583.0,1985.0,Inactive,218000,2023-07-18T00:00:00.000Z,26,12.292254928916668
"7601-Canada-Ave,---427,-Orlando,-FL-32819","7601 Canada Ave, # 427, Orlando, FL 32819",7601 Canada Ave,# 427,Orlando,FL,32819,Orange,28.452068,-81.467407,condo,1.0,1.0,466.0,466.0,1999.0,Inactive,115000,2023-07-30T00:00:00.000Z,14,11.652696102959753
"8137-Breeze-Cove-Ln,-Orlando,-FL-32819","8137 Breeze Cove Ln, Orlando, FL 32819",8137 Breeze Cove Ln,,Orlando,FL,32819,Orange,28.454685,-81.495023,townhouse,3.0,2.0,1598.0,3613.0,1988.0,Inactive,499000,2023-07-21T00:00:00.000Z,21,13.120363378739663
"10260-Turkey-Lake-Rd,---B,-Orlando,-FL-32819","10260 Turkey Lake Rd, # B, Orlando, FL 32819",10260 Turkey Lake Rd,# B,Orlando,FL,32819,Orange,28.419337,-81.476825,condo,2.0,2.0,1124.0,650.0,1984.0,Inactive,260000,2023-08-08T00:00:00.000Z,2,12.468440756144114
"7508-Toscana-Blvd,-Apt-131,-Orlando,-FL-32819","7508 Toscana Blvd, Apt 131, Orlando, FL 32819",7508 Toscana Blvd,Apt 131,Orlando,FL,32819,Orange,28.456833,-81.479136,condo,3.0,2.0,2085.0,10019.0,2007.0,Inactive,537930,2023-05-22T00:00:00.000Z,78,13.195485578130725
"4814-Cayview-Ave,---10213,-Orlando,-FL-32819","4814 Cayview Ave, # 10213, Orlando, FL 32819",4814 Cayview Ave,# 10213,Orlando,FL,32819,Orange,28.428636,-81.446449,condo,2.0,2.0,1112.0,1212.0,2006.0,Inactive,430000,2023-07-20T00:00:00.000Z,18,12.971542813248437
"8437-Carolina-Dr,-Orlando,-FL-32819","8437 Carolina Dr, Orlando, FL 32819",8437 Carolina Dr,,Orlando,FL,32819,Orange,28.492999,-81.499829,single_family,3.0,2.0,2052.0,43560.0,1987.0,Inactive,749000,2023-07-29T00:00:00.000Z,9,13.52649559761195
"7005-Skylane-Dr,-Orlando,-FL-32819","7005 Skylane Dr, Orlando, FL 32819",7005 Skylane Dr,,Orlando,FL,32819,Orange,28.486588,-81.47643,single_family,3.0,2.0,1551.0,10890.0,1961.0,Inactive,410000,2023-08-02T00:00:00.000Z,4,12.923914877701906
"7722-Sundial-Ln,-Orlando,-FL-32819","7722 Sundial Ln, Orlando, FL 32819",7722 Sundial Ln,,Orlando,FL,32819,Orange,28.453509,-81.494286,townhouse,2.0,2.0,1302.0,2553.0,1987.0,Inactive,369900,2023-08-02T00:00:00.000Z,4,12.820990681250251
"8005-Laurel-Tree-Dr,-Orlando,-FL-32819","8005 Laurel Tree Dr, Orlando, FL 32819",8005 Laurel Tree Dr,,Orlando,FL,32819,Orange,28.475311,-81.492361,single_family,3.0,2.0,1948.0,14810.0,1987.0,Inactive,495000,2023-05-03T00:00:00.000Z,94,13.112315061750808
"8010-Landgrove-Ct,-Orlando,-FL-32819","8010 Landgrove Ct, Orlando, FL 32819",8010 Landgrove Ct,,Orlando,FL,32819,Orange,28.491908,-81.493482,single_family,4.0,3.0,2593.0,11326.0,1993.0,Inactive,749000,2023-07-20T00:00:00.000Z,16,13.52649559761195
"6167-Sand-Pines-Estates-Blvd,-Orlando,-FL-32819","6167 Sand Pines Estates Blvd, Orlando, FL 32819",6167 Sand Pines Estates Blvd,,Orlando,FL,32819,Orange,28.474426,-81.483983,single_family,5.0,3.0,2855.0,14810.0,1988.0,Inactive,699999,2023-07-07T00:00:00.000Z,27,13.458835614025542
"5036-Shoreway-Loop,---203,-Orlando,-FL-32819","5036 Shoreway Loop, # 203, Orlando, FL 32819",5036 Shoreway Loop,# 203,Orlando,FL,32819,Orange,28.428617,-81.450989,condo,3.0,2.0,2097.0,2763.0,2006.0,Inactive,649000,2023-07-29T00:00:00.000Z,5,13.38318953651709
"8220-Via-Vittoria-Way,-Orlando,-FL-32819","8220 Via Vittoria Way, Orlando, FL 32819",8220 Via Vittoria Way,,Orlando,FL,32819,Orange,28.451383,-81.494304,single_family,4.0,3.0,3201.0,4762.0,2019.0,Inactive,1350000,2023-04-27T00:00:00.000Z,97,14.115615891155079
"4829-Anzio-St,-Orlando,-FL-32819","4829 Anzio St, Orlando, FL 32819",4829 Anzio St,,Orlando,FL,32819,Orange,28.455957,-81.443791,single_family,3.0,2.0,1209.0,6213.0,1959.0,Inactive,300000,2023-07-27T00:00:00.000Z,6,12.611541086966115
"7040-Somerton-Blvd,---52,-Orlando,-FL-32819","7040 Somerton Blvd, # 52, Orlando, FL 32819",7040 Somerton Blvd,# 52,Orlando,FL,32819,Orange,28.459778,-81.498585,single_family,3.0,2.0,1686.0,5443.0,1993.0,Inactive,584000,2023-06-02T00:00:00.000Z,59,13.277657974137664
"7702-Pine-Springs-Dr,-Orlando,-FL-32819","7702 Pine Springs Dr, Orlando, FL 32819",7702 Pine Springs Dr,,Orlando,FL,32819,Orange,28.479002,-81.489853,single_family,4.0,3.0,2361.0,13068.0,1986.0,Inactive,629850,2023-07-14T00:00:00.000Z,16,13.353238562458795
"6715-Bittersweet-Ln,-Orlando,-FL-32819","6715 Bittersweet Ln, Orlando, FL 32819",6715 Bittersweet Ln,,Orlando,FL,32819,Orange,28.463964,-81.486038,single_family,4.0,3.0,2265.0,11761.0,1979.0,Inactive,560000,2023-07-25T00:00:00.000Z,5,13.235693848424024
"5846-Peregrine-Ave,---B12,-Orlando,-FL-32819","5846 Peregrine Ave, # B12, Orlando, FL 32819",5846 Peregrine Ave,# B12,Orlando,FL,32819,Orange,28.486955,-81.461281,condo,1.0,1.0,918.0,7900.0,1974.0,Inactive,170000,2023-07-01T00:00:00.000Z,28,12.04355959836804
"5036-Shoreway-Loop,---40305,-Orlando,-FL-32819","5036 Shoreway Loop, # 40305, Orlando, FL 32819",5036 Shoreway Loop,# 40305,Orlando,FL,32819,Orange,28.42857,-81.450706,condo,3.0,2.0,2097.0,2763.0,2006.0,Inactive,670000,2023-07-18T00:00:00.000Z,11,13.415034483903348
"6996-Brescia-Way,-Orlando,-FL-32819","6996 Brescia Way, Orlando, FL 32819",6996 Brescia Way,,Orlando,FL,32819,Orange,28.460468,-81.478615,single_family,4.0,3.0,2813.0,5494.0,2005.0,Inactive,725000,2023-07-14T00:00:00.000Z,14,13.493928313146206
"7550-Hinson-St,-Apt-14D,-Orlando,-FL-32819","7550 Hinson St, Apt 14D, Orlando, FL 32819",7550 Hinson St,Apt 14D,Orlando,FL,32819,Orange,28.451628,-81.484627,condo,2.0,2.0,1870.0,13504.0,1985.0,Inactive,449900,2023-07-21T00:00:00.000Z,7,13.016782837542953
"6320-Edge-O-Grove-Cir,-Orlando,-FL-32819","6320 Edge O Grove Cir, Orlando, FL 32819",6320 Edge O Grove Cir,,Orlando,FL,32819,Orange,28.471437,-81.497003,single_family,4.0,3.0,2266.0,18295.0,1984.0,Inactive,565000,2023-07-24T00:00:00.000Z,4,13.244582780038517
"5098-Ernst-Ct,---41,-Orlando,-FL-32819","5098 Ernst Ct, # 41, Orlando, FL 32819",5098 Ernst Ct,# 41,Orlando,FL,32819,Orange,28.487604,-81.463454,condo,2.0,2.0,1230.0,947.0,1985.0,Inactive,259500,2022-11-09T00:00:00.000Z,260,12.466515835145202
"7468-Sugar-Bend-Dr,---7468,-Orlando,-FL-32819","7468 Sugar Bend Dr, # 7468, Orlando, FL 32819",7468 Sugar Bend Dr,# 7468,Orlando,FL,32819,Orange,28.45664,-81.493461,condo,3.0,2.0,1169.0,7796.0,1996.0,Inactive,340000,2023-07-19T00:00:00.000Z,5,12.73670383776449
"7311-Lake-Marsha-Dr,-Orlando,-FL-32819","7311 Lake Marsha Dr, Orlando, FL 32819",7311 Lake Marsha Dr,,Orlando,FL,32819,Orange,28.483007,-81.481854,single_family,3.0,2.0,1730.0,9427.0,1961.0,Inactive,465000,2023-06-09T00:00:00.000Z,44,13.049794835104816
"7420-Cypress-Grove-Rd,---132,-Orlando,-FL-32819","7420 Cypress Grove Rd, # 132, Orlando, FL 32819",7420 Cypress Grove Rd,# 132,Orlando,FL,32819,Orange,28.4586,-81.482953,townhouse,3.0,2.0,1985.0,11802.0,2000.0,Inactive,509950,2023-07-19T00:00:00.000Z,3,13.142069921653308
"6300-Coopers-Green-Ct,-Orlando,-FL-32819","6300 Coopers Green Ct, Orlando, FL 32819",6300 Coopers Green Ct,,Orlando,FL,32819,Orange,28.470788,-81.483884,single_family,4.0,2.0,2226.0,12632.0,1985.0,Inactive,736000,2023-07-20T00:00:00.000Z,2,13.508986756405742
"7709-Apple-Tree-Cir,-Orlando,-FL-32819","7709 Apple Tree Cir, Orlando, FL 32819",7709 Apple Tree Cir,,Orlando,FL,32819,Orange,28.474234,-81.490549,single_family,4.0,3.0,2185.0,10890.0,1989.0,Inactive,729900,2023-06-16T00:00:00.000Z,34,13.500664187489477
"6165-Carrier-Dr,---2608,-Orlando,-FL-32819","6165 Carrier Dr, # 2608, Orlando, FL 32819",6165 Carrier Dr,# 2608,Orlando,FL,32819,Orange,28.456566,-81.467035,condo,1.0,1.0,408.0,408.0,1986.0,Inactive,139900,2023-04-23T00:00:00.000Z,87,11.848690308590857
"5614-Bay-Side-Dr,-Orlando,-FL-32819","5614 Bay Side Dr, Orlando, FL 32819",5614 Bay Side Dr,,Orlando,FL,32819,Orange,28.475094,-81.5157,single_family,5.0,4.0,3955.0,21780.0,1988.0,Inactive,2365000,2023-06-06T00:00:00.000Z,43,14.676289002741061
"7073-Carrick-Bend-Ln,-Orlando,-FL-32819","7073 Carrick Bend Ln, Orlando, FL 32819",7073 Carrick Bend Ln,,Orlando,FL,32819,Orange,28.442074,-81.479716,townhouse,3.0,2.0,1945.0,4249.0,2020.0,Inactive,619000,2023-07-14T00:00:00.000Z,5,13.335862167174314
"7309-Harlie-St,---3,-Orlando,-FL-32819","7309 Harlie St, # 3, Orlando, FL 32819",7309 Harlie St,# 3,Orlando,FL,32819,Orange,28.46058,-81.487875,single_family,4.0,3.0,3163.0,9143.0,2006.0,Inactive,825000,2023-06-16T00:00:00.000Z,32,13.623139877437296
"7601-Canada-Ave,---312,-Orlando,-FL-32819","7601 Canada Ave, # 312, Orlando, FL 32819",7601 Canada Ave,# 312,Orlando,FL,32819,Orange,28.452068,-81.467407,condo,1.0,1.0,542.0,542.0,1999.0,Inactive,129000,2023-07-02T00:00:00.000Z,12,11.767575435251748
"7316-Pomelo-Dr,-Orlando,-FL-32819","7316 Pomelo Dr, Orlando, FL 32819",7316 Pomelo Dr,,Orlando,FL,32819,Orange,28.456746,-81.44241,single_family,3.0,2.0,1000.0,6063.0,1959.0,Inactive,299900,2023-04-13T00:00:00.000Z,91,12.611207699176356
"5505-Clearview-Dr,-Orlando,-FL-32819","5505 Clearview Dr, Orlando, FL 32819",5505 Clearview Dr,,Orlando,FL,32819,Orange,28.483704,-81.477499,single_family,3.0,2.0,1433.0,10890.0,1963.0,Inactive,485000,2023-06-09T00:00:00.000Z,34,13.091906231773164
"6843-Spring-Rain-Dr,-Orlando,-FL-32819","6843 Spring Rain Dr, Orlando, FL 32819",6843 Spring Rain Dr,,Orlando,FL,32819,Orange,28.461466,-81.482381,single_family,4.0,3.0,1973.0,12632.0,1986.0,Inactive,699000,2023-06-17T00:00:00.000Z,25,13.457407451830088
"6626-Imperial-Oak-Ln,-Orlando,-FL-32819","6626 Imperial Oak Ln, Orlando, FL 32819",6626 Imperial Oak Ln,,Orlando,FL,32819,Orange,28.491351,-81.472486,single_family,3.0,2.0,1751.0,6326.0,2000.0,Inactive,599900,2022-12-17T00:00:00.000Z,206,13.304519920584285
"10330-Turkey-Lake-Rd,-Apt-105,-Orlando,-FL-32819","10330 Turkey Lake Rd, Apt 105, Orlando, FL 32819",10330 Turkey Lake Rd,Apt 105,Orlando,FL,32819,Orange,28.417801,-81.476601,condo,2.0,2.0,1124.0,649.0,1984.0,Inactive,259000,2023-05-31T00:00:00.000Z,41,12.464587201678082
"7601-Canada-Ave,---633,-Orlando,-FL-32819","7601 Canada Ave, # 633, Orlando, FL 32819",7601 Canada Ave,# 633,Orlando,FL,32819,Orange,28.452108,-81.467375,condo,2.0,2.0,795.0,795.0,1999.0,Inactive,195000,2023-07-03T00:00:00.000Z,7,12.180759965737863
"6165-Carrier-Dr,---3403,-Orlando,-FL-32819","6165 Carrier Dr, # 3403, Orlando, FL 32819",6165 Carrier Dr,# 3403,Orlando,FL,32819,Orange,28.456927,-81.468843,condo,2.0,2.0,583.0,583.0,1986.0,Inactive,185000,2023-06-22T00:00:00.000Z,17,12.128116509451258
"7605-Pissarro-Dr,---13207,-Orlando,-FL-32819","7605 Pissarro Dr, # 13207, Orlando, FL 32819",7605 Pissarro Dr,# 13207,Orlando,FL,32819,Orange,28.436248,-81.47947,condo,4.0,2.0,1323.0,12197.0,1994.0,Inactive,280000,2023-06-29T00:00:00.000Z,10,12.54254845357358
"8566-Shady-Glen-Dr,-Orlando,-FL-32819","8566 Shady Glen Dr, Orlando, FL 32819",8566 Shady Glen Dr,,Orlando,FL,32819,Orange,28.474026,-81.503499,single_family,3.0,2.0,1673.0,10454.0,1983.0,Inactive,499000,2023-06-19T00:00:00.000Z,18,13.120363378739663
"9032-Classic-Ct,-Orlando,-FL-32819","9032 Classic Ct, Orlando, FL 32819",9032 Classic Ct,,Orlando,FL,32819,Orange,28.470217,-81.512482,single_family,4.0,3.0,4298.0,21780.0,1989.0,Inactive,1400000,2023-06-30T00:00:00.000Z,7,14.151983508870947
"5130-Vanguard-St,-Orlando,-FL-32819","5130 Vanguard St, Orlando, FL 32819",5130 Vanguard St,,Orlando,FL,32819,Orange,28.460921,-81.449421,single_family,4.0,2.0,1382.0,6503.0,1961.0,Inactive,299900,2023-07-01T00:00:00.000Z,6,12.611207699176356
"7550-Hinson-St,-Apt-9D,-Orlando,-FL-32819","7550 Hinson St, Apt 9D, Orlando, FL 32819",7550 Hinson St,Apt 9D,Orlando,FL,32819,Orange,28.451628,-81.484633,condo,2.0,2.0,1870.0,13504.0,1985.0,Inactive,499900,2022-12-29T00:00:00.000Z,187,13.12216535779974
"8003-Bayside-View-Dr,-Orlando,-FL-32819","8003 Bayside View Dr, Orlando, FL 32819",8003 Bayside View Dr,,Orlando,FL,32819,Orange,28.454698,-81.492584,townhouse,2.0,2.0,1492.0,2553.0,1988.0,Inactive,395000,2023-06-01T00:00:00.000Z,33,12.886643575525625
"8544-Lost-Cove-Dr,-Orlando,-FL-32819","8544 Lost Cove Dr, Orlando, FL 32819",8544 Lost Cove Dr,,Orlando,FL,32819,Orange,28.451629,-81.501445,single_family,5.0,4.0,3400.0,28750.0,1993.0,Inactive,1194000,2023-06-25T00:00:00.000Z,9,13.992820410455272
"8323-Via-Vittoria-Way,-Orlando,-FL-32819","8323 Via Vittoria Way, Orlando, FL 32819",8323 Via Vittoria Way,,Orlando,FL,32819,Orange,28.451917,-81.495478,single_family,3.0,2.0,3246.0,4446.0,2019.0,Inactive,1250000,2023-06-27T00:00:00.000Z,5,14.038654909278163
"6165-Carrier-Dr,---1508,-Orlando,-FL-32819","6165 Carrier Dr, # 1508, Orlando, FL 32819",6165 Carrier Dr,# 1508,Orlando,FL,32819,Orange,28.456858,-81.467791,condo,1.0,1.0,408.0,408.0,1985.0,Inactive,160000,2023-01-21T00:00:00.000Z,160,11.982935344196433
"7601-Canada-Ave,---118,-Orlando,-FL-32819","7601 Canada Ave, # 118, Orlando, FL 32819",7601 Canada Ave,# 118,Orlando,FL,32819,Orange,28.452025,-81.467413,condo,1.0,1.0,542.0,542.0,1999.0,Inactive,119000,2022-08-11T00:00:00.000Z,322,11.686887175419702
"5310-Spring-Run-Ave,-Orlando,-FL-32819","5310 Spring Run Ave, Orlando, FL 32819",5310 Spring Run Ave,,Orlando,FL,32819,Orange,28.487315,-81.485583,single_family,3.0,2.0,2230.0,32670.0,1987.0,Inactive,575000,2023-06-23T00:00:00.000Z,6,13.26212705890841
"8909-Turnberry-Ct,-Orlando,-FL-32819","8909 Turnberry Ct, Orlando, FL 32819",8909 Turnberry Ct,,Orlando,FL,32819,Orange,28.474165,-81.508637,single_family,4.0,3.0,2962.0,25265.0,1980.0,Inactive,835000,2023-06-22T00:00:00.000Z,6,13.635188201437066
"7668-Apple-Tree-Cir,-Orlando,-FL-32819","7668 Apple Tree Cir, Orlando, FL 32819",7668 Apple Tree Cir,,Orlando,FL,32819,Orange,28.475125,-81.48939,single_family,4.0,4.0,3144.0,13068.0,1989.0,Inactive,800000,2023-06-09T00:00:00.000Z,16,13.592368256649284
"7617-Arezzo-Ave,-Orlando,-FL-32819","7617 Arezzo Ave, Orlando, FL 32819",7617 Arezzo Ave,,Orlando,FL,32819,Orange,28.454101,-81.448429,single_family,3.0,2.0,1532.0,6122.0,1959.0,Inactive,289900,2023-06-21T00:00:00.000Z,4,12.57729476436913
"5831-Emerington-Cres,-Orlando,-FL-32819","5831 Emerington Cres, Orlando, FL 32819",5831 Emerington Cres,,Orlando,FL,32819,Orange,28.468041,-81.518776,single_family,5.0,4.0,5380.0,11761.0,2008.0,Inactive,1698000,2023-06-18T00:00:00.000Z,6,14.344962234781407
"7016-Brescia-Way,-Orlando,-FL-32819","7016 Brescia Way, Orlando, FL 32819",7016 Brescia Way,,Orlando,FL,32819,Orange,28.460331,-81.478614,single_family,5.0,3.0,3151.0,5493.0,2005.0,Inactive,665000,2022-10-13T00:00:00.000Z,251,13.407543823396258
"8251-Tansy,-Orlando,-FL-32819","8251 Tansy, Orlando, FL 32819",8251 Tansy,,Orlando,FL,32819,Orange,28.466979,-81.494437,single_family,5.0,3.0,2384.0,17860.0,1978.0,Inactive,650000,2023-05-02T00:00:00.000Z,49,13.384729180332174
"9141-Bay-Hill-Blvd,-Orlando,-FL-32819","9141 Bay Hill Blvd, Orlando, FL 32819",9141 Bay Hill Blvd,,Orlando,FL,32819,Orange,28.452372,-81.511976,single_family,4.0,3.0,2962.0,17860.0,1972.0,Inactive,850000,2023-06-16T00:00:00.000Z,3,13.652992804936396
"7383-Universal-Blvd,---311,-Orlando,-FL-32819","7383 Universal Blvd, # 311, Orlando, FL 32819",7383 Universal Blvd,# 311,Orlando,FL,32819,Orange,28.456616,-81.462615,condo,2.0,2.0,1056.0,1056.0,2008.0,Inactive,292000,2023-06-05T00:00:00.000Z,12,12.584512505902088
"8716-Crestgate-Cir,-Orlando,-FL-32819","8716 Crestgate Cir, Orlando, FL 32819",8716 Crestgate Cir,,Orlando,FL,32819,Orange,28.4784,-81.504076,single_family,4.0,4.0,3698.0,14810.0,2000.0,Inactive,1200000,2023-04-28T00:00:00.000Z,49,13.997832948091215
"7395-Universal-Blvd,---204,-Orlando,-FL-32819","7395 Universal Blvd, # 204, Orlando, FL 32819",7395 Universal Blvd,# 204,Orlando,FL,32819,Orange,28.45652,-81.462502,condo,1.0,1.0,671.0,671.0,2007.0,Inactive,188000,2022-09-12T00:00:00.000Z,276,12.144202560946876
"7668-Holly-Oak-Ct,-Orlando,-FL-32819","7668 Holly Oak Ct, Orlando, FL 32819",7668 Holly Oak Ct,,Orlando,FL,32819,Orange,28.480332,-81.48649,single_family,3.0,2.0,1623.0,11326.0,1985.0,Inactive,549000,2023-05-31T00:00:00.000Z,15,13.215855541983634
"7720-Chapelhill-Dr,-Orlando,-FL-32819","7720 Chapelhill Dr, Orlando, FL 32819",7720 Chapelhill Dr,,Orlando,FL,32819,Orange,28.454769,-81.497079,townhouse,2.0,2.0,1222.0,2557.0,1990.0,Inactive,395000,2023-06-09T00:00:00.000Z,5,12.886643575525625
"7629-Bay-Port-Rd,---54,-Orlando,-FL-32819","7629 Bay Port Rd, # 54, Orlando, FL 32819",7629 Bay Port Rd,# 54,Orlando,FL,32819,Orange,28.459881,-81.485108,condo,3.0,2.0,1808.0,5090.0,2000.0,Inactive,399900,2023-05-31T00:00:00.000Z,13,12.89897229545694
"8119-Sandberry-Blvd,-Orlando,-FL-32819","8119 Sandberry Blvd, Orlando, FL 32819",8119 Sandberry Blvd,,Orlando,FL,32819,Orange,28.47401,-81.494717,single_family,3.0,2.0,1688.0,13068.0,1985.0,Inactive,399900,2023-06-09T00:00:00.000Z,4,12.89897229545694
"6112-St-Ives-Blvd,-Orlando,-FL-32819","6112 St Ives Blvd, Orlando, FL 32819",6112 St Ives Blvd,,Orlando,FL,32819,Orange,28.474297,-81.490185,single_family,4.0,4.0,3003.0,14810.0,1989.0,Inactive,834500,2023-06-09T00:00:00.000Z,4,13.634589220405658
"6150-Peregrine-Ave,---C01,-Orlando,-FL-32819","6150 Peregrine Ave, # C01, Orlando, FL 32819",6150 Peregrine Ave,# C01,Orlando,FL,32819,Orange,28.485348,-81.464743,condo,2.0,2.0,1139.0,3553.0,1974.0,Inactive,219500,2023-06-09T00:00:00.000Z,3,12.299112067295642
"4862-Cayview-Ave,-Unit-404,-Orlando,-FL-32819","4862 Cayview Ave, Unit 404, Orlando, FL 32819",4862 Cayview Ave,Unit 404,Orlando,FL,32819,Orange,28.428866,-81.447875,condo,3.0,2.0,1447.0,1514.0,2006.0,Inactive,400000,2023-06-10T00:00:00.000Z,2,12.899222326086994
"5076-Tideview-Cir,---91,-Orlando,-FL-32819","5076 Tideview Cir, # 91, Orlando, FL 32819",5076 Tideview Cir,# 91,Orlando,FL,32819,Orange,28.430523,-81.451581,townhouse,3.0,2.0,1746.0,688.0,2006.0,Inactive,514999,2023-04-20T00:00:00.000Z,52,13.151922179645874
"7235-Glasgow-Ave,-Orlando,-FL-32819","7235 Glasgow Ave, Orlando, FL 32819",7235 Glasgow Ave,,Orlando,FL,32819,Orange,28.486343,-81.481007,single_family,3.0,2.0,1066.0,7498.0,1971.0,Inactive,379000,2023-05-12T00:00:00.000Z,29,12.84529412258351
"8520-Redleaf-Ln,-Orlando,-FL-32819","8520 Redleaf Ln, Orlando, FL 32819",8520 Redleaf Ln,,Orlando,FL,32819,Orange,28.484291,-81.497566,single_family,4.0,3.0,3005.0,22651.0,1990.0,Inactive,915000,2023-05-18T00:00:00.000Z,21,13.726680437153236
"7601-Canada-Ave,---307,-Orlando,-FL-32819","7601 Canada Ave, # 307, Orlando, FL 32819",7601 Canada Ave,# 307,Orlando,FL,32819,Orange,28.452108,-81.467375,condo,1.0,1.0,542.0,101059.0,1999.0,Inactive,119000,2023-05-27T00:00:00.000Z,12,11.686887175419702
"6704-Winder-Lynne-Ln,-Orlando,-FL-32819","6704 Winder Lynne Ln, Orlando, FL 32819",6704 Winder Lynne Ln,,Orlando,FL,32819,Orange,28.490248,-81.473504,single_family,3.0,2.0,1742.0,6601.0,2000.0,Inactive,456900,2023-05-22T00:00:00.000Z,15,13.032222016211694
"7312-Pomelo-Dr,-Orlando,-FL-32819","7312 Pomelo Dr, Orlando, FL 32819",7312 Pomelo Dr,,Orlando,FL,32819,Orange,28.456911,-81.442411,single_family,3.0,2.0,1000.0,6063.0,1959.0,Inactive,287900,2023-03-07T00:00:00.000Z,89,12.570371950022508
"6165-Carrier-Dr,---2706,-Orlando,-FL-32819","6165 Carrier Dr, # 2706, Orlando, FL 32819",6165 Carrier Dr,# 2706,Orlando,FL,32819,Orange,28.456566,-81.467035,condo,2.0,2.0,583.0,583.0,1986.0,Inactive,199000,2022-12-09T00:00:00.000Z,176,12.201065128819632
"7444-Sugar-Bend-Dr,---7444,-Orlando,-FL-32819","7444 Sugar Bend Dr, # 7444, Orlando, FL 32819",7444 Sugar Bend Dr,# 7444,Orlando,FL,32819,Orange,28.457037,-81.49349,condo,2.0,2.0,1014.0,7796.0,1996.0,Inactive,310000,2023-05-18T00:00:00.000Z,16,12.644330802262578
"7505-Bay-Port-Rd,---4,-Orlando,-FL-32819","7505 Bay Port Rd, # 4, Orlando, FL 32819",7505 Bay Port Rd,# 4,Orlando,FL,32819,Orange,28.460518,-81.484484,condo,3.0,2.0,1808.0,5463.0,1999.0,Inactive,399000,2023-05-18T00:00:00.000Z,14,12.896719202134523
"7380-Regina-Way,-Orlando,-FL-32819","7380 Regina Way, Orlando, FL 32819",7380 Regina Way,,Orlando,FL,32819,Orange,28.457396,-81.478581,townhouse,3.0,2.0,2244.0,3600.0,2005.0,Inactive,569900,2023-05-27T00:00:00.000Z,4,13.253217940515357
"9197-Bay-Hill-Blvd,-Orlando,-FL-32819","9197 Bay Hill Blvd, Orlando, FL 32819",9197 Bay Hill Blvd,,Orlando,FL,32819,Orange,28.449739,-81.512553,single_family,4.0,3.0,3378.0,20038.0,1973.0,Inactive,1595000,2023-02-27T00:00:00.000Z,87,14.282384921160133
"7523-Seurat-St,-Unit-11-106,-Orlando,-FL-32819","7523 Seurat St, Unit 11-106, Orlando, FL 32819",7523 Seurat St,Unit 11-106,Orlando,FL,32819,Orange,28.435566,-81.478706,condo,3.0,2.0,1193.0,7900.0,1994.0,Inactive,269950,2023-03-17T00:00:00.000Z,69,12.505995740029274
"7616-Apple-Tree-Cir,-Orlando,-FL-32819","7616 Apple Tree Cir, Orlando, FL 32819",7616 Apple Tree Cir,,Orlando,FL,32819,Orange,28.472291,-81.487633,single_family,4.0,3.0,2892.0,10890.0,1990.0,Inactive,749000,2023-05-12T00:00:00.000Z,13,13.52649559761195
"6165-Carrier-Dr,---2203,-Orlando,-FL-32819","6165 Carrier Dr, # 2203, Orlando, FL 32819",6165 Carrier Dr,# 2203,Orlando,FL,32819,Orange,28.456566,-81.467035,condo,2.0,2.0,578.0,10454.0,1986.0,Inactive,184900,2022-08-13T00:00:00.000Z,284,12.127575825689417
"6165-Carrier-Dr,---1203,-Orlando,-FL-32819","6165 Carrier Dr, # 1203, Orlando, FL 32819",6165 Carrier Dr,# 1203,Orlando,FL,32819,Orange,28.456858,-81.467791,condo,2.0,2.0,583.0,583.0,1985.0,Inactive,184500,2022-09-27T00:00:00.000Z,239,12.12541016250223
"7847-Sugar-View-Ct,---7847,-Orlando,-FL-32819","7847 Sugar View Ct, # 7847, Orlando, FL 32819",7847 Sugar View Ct,# 7847,Orlando,FL,32819,Orange,28.455584,-81.491729,condo,2.0,2.0,1075.0,7796.0,1996.0,Inactive,315000,2023-05-18T00:00:00.000Z,5,12.660331092405906
"6882-Dolce-St,-Orlando,-FL-32819","6882 Dolce St, Orlando, FL 32819",6882 Dolce St,,Orlando,FL,32819,Orange,28.459391,-81.476639,single_family,4.0,3.0,3015.0,5476.0,2005.0,Inactive,720000,2023-03-20T00:00:00.000Z,61,13.487007879880162
"6366-Edge-O-Grove-Cir,-Orlando,-FL-32819","6366 Edge O Grove Cir, Orlando, FL 32819",6366 Edge O Grove Cir,,Orlando,FL,32819,Orange,28.471566,-81.498888,single_family,3.0,2.0,2021.0,10890.0,1987.0,Inactive,499900,2023-05-11T00:00:00.000Z,8,13.12216535779974
"5877-Windhover-Dr,---A01,-Orlando,-FL-32819","5877 Windhover Dr, # A01, Orlando, FL 32819",5877 Windhover Dr,# A01,Orlando,FL,32819,Orange,28.486061,-81.461808,condo,1.0,1.0,591.0,5220.0,1974.0,Inactive,162500,2023-04-29T00:00:00.000Z,19,11.998439434579149
"5020-Manduria-St,-Orlando,-FL-32819","5020 Manduria St, Orlando, FL 32819",5020 Manduria St,,Orlando,FL,32819,Orange,28.452535,-81.447845,single_family,2.0,1.0,704.0,6121.0,1958.0,Inactive,230000,2023-05-01T00:00:00.000Z,17,12.345838935721968
"8418-Bermuda-Dunes-Dr,-Orlando,-FL-32819","8418 Bermuda Dunes Dr, Orlando, FL 32819",8418 Bermuda Dunes Dr,,Orlando,FL,32819,Orange,28.453225,-81.497483,single_family,4.0,2.0,1776.0,10454.0,1980.0,Inactive,585000,2023-03-22T00:00:00.000Z,56,13.279368835614243
"7383-Universal-Blvd,---812,-Orlando,-FL-32819","7383 Universal Blvd, # 812, Orlando, FL 32819",7383 Universal Blvd,# 812,Orlando,FL,32819,Orange,28.456616,-81.462615,condo,2.0,2.0,1056.0,78408.0,2008.0,Inactive,310000,2023-05-02T00:00:00.000Z,15,12.644330802262578
"8666-Crestgate-Cir,-Orlando,-FL-32819","8666 Crestgate Cir, Orlando, FL 32819",8666 Crestgate Cir,,Orlando,FL,32819,Orange,28.478412,-81.502706,single_family,5.0,4.0,3794.0,14810.0,2000.0,Inactive,1150000,2023-05-06T00:00:00.000Z,10,13.955273369904273
"8260-Ambrose-Cove-Way,-Orlando,-FL-32819","8260 Ambrose Cove Way, Orlando, FL 32819",8260 Ambrose Cove Way,,Orlando,FL,32819,Orange,28.454868,-81.496564,townhouse,2.0,2.0,1575.0,2555.0,1989.0,Inactive,350000,2023-05-11T00:00:00.000Z,4,12.765691290604371
"6208-Peregrine-Ct,-Orlando,-FL-32819","6208 Peregrine Ct, Orlando, FL 32819",6208 Peregrine Ct,,Orlando,FL,32819,Orange,28.484711,-81.465487,townhouse,2.0,2.0,1212.0,2696.0,1986.0,Inactive,299900,2023-04-04T00:00:00.000Z,40,12.611207699176356
"4024-Breakview-Dr,---101,-Orlando,-FL-32819","4024 Breakview Dr, # 101, Orlando, FL 32819",4024 Breakview Dr,# 101,Orlando,FL,32819,Orange,28.425689,-81.443434,condo,3.0,2.0,1247.0,16117.0,2008.0,Inactive,405000,2022-11-03T00:00:00.000Z,189,12.91164481522143
"9111-Brookline-Dr,-Orlando,-FL-32819","9111 Brookline Dr, Orlando, FL 32819",9111 Brookline Dr,,Orlando,FL,32819,Orange,28.476157,-81.51175,single_family,4.0,3.0,2186.0,13068.0,1988.0,Inactive,719900,2023-04-06T00:00:00.000Z,34,13.486868981538246
"4102-Breakview-Dr,---305,-Orlando,-FL-32819","4102 Breakview Dr, # 305, Orlando, FL 32819",4102 Breakview Dr,# 305,Orlando,FL,32819,Orange,28.425161,-81.445317,condo,3.0,2.0,1412.0,1488.0,2007.0,Inactive,499000,2023-04-19T00:00:00.000Z,21,13.120363378739663
"7606-Pissarro-Dr,---14206,-Orlando,-FL-32819","7606 Pissarro Dr, # 14206, Orlando, FL 32819",7606 Pissarro Dr,# 14206,Orlando,FL,32819,Orange,28.435596,-81.479698,condo,3.0,2.0,1193.0,11761.0,1994.0,Inactive,255000,2023-04-22T00:00:00.000Z,18,12.449022745701502
"4842-Keeneland-Cir,-Orlando,-FL-32819","4842 Keeneland Cir, Orlando, FL 32819",4842 Keeneland Cir,,Orlando,FL,32819,Orange,28.490264,-81.501089,single_family,6.0,5.0,3717.0,12197.0,1999.0,Inactive,995000,2023-01-16T00:00:00.000Z,113,13.81049902116535
"6954-Della-Dr,-Apt-37,-Orlando,-FL-32819","6954 Della Dr, Apt 37, Orlando, FL 32819",6954 Della Dr,Apt 37,Orlando,FL,32819,Orange,28.460567,-81.489799,condo,3.0,2.0,1312.0,5261.0,1997.0,Inactive,359899,2023-04-03T00:00:00.000Z,36,12.793581494067123
"5511-Baybrook-Ave,-Orlando,-FL-32819","5511 Baybrook Ave, Orlando, FL 32819",5511 Baybrook Ave,,Orlando,FL,32819,Orange,28.484536,-81.485642,single_family,3.0,2.0,2142.0,10890.0,1984.0,Inactive,469000,2023-04-05T00:00:00.000Z,34,13.058360179622305
"4840-Cayview-Ave,-Unit-208,-Orlando,-FL-32819","4840 Cayview Ave, Unit 208, Orlando, FL 32819",4840 Cayview Ave,Unit 208,Orlando,FL,32819,Orange,28.428476,-81.447583,condo,3.0,2.0,2079.0,2375.0,2007.0,Inactive,650000,2022-05-16T00:00:00.000Z,357,13.384729180332174
"9118-Ridge-Pine-Trl,-Orlando,-FL-32819","9118 Ridge Pine Trl, Orlando, FL 32819",9118 Ridge Pine Trl,,Orlando,FL,32819,Orange,28.452762,-81.511044,single_family,4.0,3.0,3044.0,20038.0,1973.0,Inactive,745500,2023-05-05T00:00:00.000Z,3,13.521811754567654
"6851-Spring-Rain-Dr,-Orlando,-FL-32819","6851 Spring Rain Dr, Orlando, FL 32819",6851 Spring Rain Dr,,Orlando,FL,32819,Orange,28.46116,-81.482373,single_family,4.0,3.0,2052.0,17860.0,1987.0,Inactive,649900,2023-03-21T00:00:00.000Z,46,13.384575322579519
"5891-Windhover-Dr,---C08,-Orlando,-FL-32819","5891 Windhover Dr, # C08, Orlando, FL 32819",5891 Windhover Dr,# C08,Orlando,FL,32819,Orange,28.486061,-81.461808,condo,2.0,2.0,1139.0,5218.0,1974.0,Inactive,235000,2023-05-02T00:00:00.000Z,4,12.367345048436391
"5852-Peregrine-Ave,---C09,-Orlando,-FL-32819","5852 Peregrine Ave, # C09, Orlando, FL 32819",5852 Peregrine Ave,# C09,Orlando,FL,32819,Orange,28.486955,-81.461281,condo,2.0,2.0,1139.0,6252.0,1974.0,Inactive,214999,2023-04-10T00:00:00.000Z,24,12.2783933071098
"7606-Se-Pissarro-Dr,---14202,-Orlando,-FL-32819","7606 Se Pissarro Dr, # 14202, Orlando, FL 32819",7606 Se Pissarro Dr,# 14202,Orlando,FL,32819,Orange,28.435892,-81.479695,condo,3.0,2.0,1193.0,11761.0,1994.0,Inactive,259000,2023-04-14T00:00:00.000Z,20,12.464587201678082
"5027-Anzio-St,-Orlando,-FL-32819","5027 Anzio St, Orlando, FL 32819",5027 Anzio St,,Orlando,FL,32819,Orange,28.455925,-81.447654,single_family,4.0,3.0,2135.0,7409.0,1959.0,Inactive,310000,2023-04-16T00:00:00.000Z,17,12.644330802262578
"7424-Green-Tree-Dr,---114,-Orlando,-FL-32819","7424 Green Tree Dr, # 114, Orlando, FL 32819",7424 Green Tree Dr,# 114,Orlando,FL,32819,Orange,28.459392,-81.483321,condo,3.0,2.0,2214.0,11761.0,2000.0,Inactive,514950,2022-05-24T00:00:00.000Z,343,13.151827029488173
"4802-Cayview-Ave,---301,-Orlando,-FL-32819","4802 Cayview Ave, # 301, Orlando, FL 32819",4802 Cayview Ave,# 301,Orlando,FL,32819,Orange,28.428792,-81.44697,condo,3.0,2.0,1247.0,1421.0,2006.0,Inactive,429900,2023-04-21T00:00:00.000Z,11,12.971310228604022
"8220-Breeze-Cove-Ln,-Orlando,-FL-32819","8220 Breeze Cove Ln, Orlando, FL 32819",8220 Breeze Cove Ln,,Orlando,FL,32819,Orange,28.454,-81.495653,townhouse,3.0,2.0,1760.0,2553.0,1989.0,Inactive,459000,2023-04-28T00:00:00.000Z,4,13.036807667689546
"9193-Bay-Point-Dr,-Orlando,-FL-32819","9193 Bay Point Dr, Orlando, FL 32819",9193 Bay Point Dr,,Orlando,FL,32819,Orange,28.454144,-81.516654,single_family,5.0,5.0,4092.0,17424.0,1980.0,Inactive,1640000,2022-09-02T00:00:00.000Z,240,14.310207409556293
"7550-Hinson-St,-Apt-4B,-Orlando,-FL-32819","7550 Hinson St, Apt 4B, Orlando, FL 32819",7550 Hinson St,Apt 4B,Orlando,FL,32819,Orange,28.451628,-81.484633,condo,3.0,3.0,2610.0,13504.0,1985.0,Inactive,539900,2022-12-05T00:00:00.000Z,146,13.199141068399515
"7667-Persian-Ct,-Orlando,-FL-32819","7667 Persian Ct, Orlando, FL 32819",7667 Persian Ct,,Orlando,FL,32819,Orange,28.466154,-81.489799,single_family,4.0,4.0,2746.0,11761.0,1977.0,Inactive,599900,2023-03-03T00:00:00.000Z,57,13.304519920584285
"5202-Hillview-Ln,-Orlando,-FL-32819","5202 Hillview Ln, Orlando, FL 32819",5202 Hillview Ln,,Orlando,FL,32819,Orange,28.484335,-81.50159,single_family,4.0,3.0,2888.0,22216.0,1990.0,Inactive,750000,2023-04-25T00:00:00.000Z,4,13.527829818844937
"5017-Ute-St,-Orlando,-FL-32819","5017 Ute St, Orlando, FL 32819",5017 Ute St,,Orlando,FL,32819,Orange,28.457408,-81.447269,single_family,3.0,2.0,1000.0,6878.0,1959.0,Inactive,289900,2023-04-03T00:00:00.000Z,25,12.57729476436913
"6968-Brescia-Way,-Orlando,-FL-32819","6968 Brescia Way, Orlando, FL 32819",6968 Brescia Way,,Orlando,FL,32819,Orange,28.461364,-81.478028,single_family,4.0,3.0,2740.0,5506.0,2005.0,Inactive,658758,2023-04-06T00:00:00.000Z,22,13.398113040983471
"6036-Tarawood-Dr,-Orlando,-FL-32819","6036 Tarawood Dr, Orlando, FL 32819",6036 Tarawood Dr,,Orlando,FL,32819,Orange,28.465289,-81.508528,single_family,3.0,3.0,3146.0,18295.0,1979.0,Inactive,1950000,2023-04-06T00:00:00.000Z,21,14.48334044336031
"8678-Great-Cove-Dr,-Orlando,-FL-32819","8678 Great Cove Dr, Orlando, FL 32819",8678 Great Cove Dr,,Orlando,FL,32819,Orange,28.475875,-81.502966,single_family,5.0,4.0,3151.0,11761.0,1996.0,Inactive,969000,2023-04-22T00:00:00.000Z,5,13.784020922864116
"4802-Cayview-Ave,---30114,-Orlando,-FL-32819","4802 Cayview Ave, # 30114, Orlando, FL 32819",4802 Cayview Ave,# 30114,Orlando,FL,32819,Orange,28.428307,-81.445862,condo,3.0,2.0,1247.0,1421.0,2006.0,Inactive,429900,2023-04-21T00:00:00.000Z,5,12.971310228604022
"6165-Carrier-Dr,---2212,-Orlando,-FL-32819","6165 Carrier Dr, # 2212, Orlando, FL 32819",6165 Carrier Dr,# 2212,Orlando,FL,32819,Orange,28.456566,-81.467035,condo,1.0,1.0,408.0,408.0,1986.0,Inactive,150000,2023-03-14T00:00:00.000Z,42,11.918397239722838
"4911-Keeneland-Cir,-Orlando,-FL-32819","4911 Keeneland Cir, Orlando, FL 32819",4911 Keeneland Cir,,Orlando,FL,32819,Orange,28.48754,-81.500386,single_family,5.0,4.0,4363.0,19602.0,2000.0,Inactive,1048000,2023-04-20T00:00:00.000Z,4,13.862395098061143
"5118-Vanguard-St,-Orlando,-FL-32819","5118 Vanguard St, Orlando, FL 32819",5118 Vanguard St,,Orlando,FL,32819,Orange,28.460923,-81.449016,single_family,3.0,2.0,1000.0,6503.0,1961.0,Inactive,290500,2023-03-31T00:00:00.000Z,22,12.57936229760897
"6518-Hidden-Beach-Cir,-Orlando,-FL-32819","6518 Hidden Beach Cir, Orlando, FL 32819",6518 Hidden Beach Cir,,Orlando,FL,32819,Orange,28.489438,-81.469215,single_family,3.0,2.0,2136.0,10454.0,1988.0,Inactive,489000,2022-11-02T00:00:00.000Z,170,13.100119813444692
"7558-Megan-Elissa-Ln,-Orlando,-FL-32819","7558 Megan Elissa Ln, Orlando, FL 32819",7558 Megan Elissa Ln,,Orlando,FL,32819,Orange,28.473051,-81.485571,single_family,4.0,3.0,2897.0,14810.0,1987.0,Inactive,599000,2022-12-20T00:00:00.000Z,121,13.303018546545275
"7601-Canada-Ave,---611,-Orlando,-FL-32819","7601 Canada Ave, # 611, Orlando, FL 32819",7601 Canada Ave,# 611,Orlando,FL,32819,Orange,28.452108,-81.467375,condo,1.0,1.0,542.0,542.0,1999.0,Inactive,136400,2023-01-13T00:00:00.000Z,97,11.823354355742923
"7365-Sparkling-Lake-Rd,-Orlando,-FL-32819","7365 Sparkling Lake Rd, Orlando, FL 32819",7365 Sparkling Lake Rd,,Orlando,FL,32819,Orange,28.47333,-81.482275,single_family,4.0,2.0,2255.0,12632.0,1987.0,Inactive,600000,2023-03-09T00:00:00.000Z,41,13.304686600863562
"6842-Dolce-St,-Orlando,-FL-32819","6842 Dolce St, Orlando, FL 32819",6842 Dolce St,,Orlando,FL,32819,Orange,28.459392,-81.475862,single_family,4.0,3.0,2822.0,5471.0,2005.0,Inactive,670000,2023-03-21T00:00:00.000Z,29,13.415034483903348
"5508-Ridgeway-Dr,-Orlando,-FL-32819","5508 Ridgeway Dr, Orlando, FL 32819",5508 Ridgeway Dr,,Orlando,FL,32819,Orange,28.483899,-81.478967,single_family,3.0,2.0,2052.0,10890.0,1959.0,Inactive,445000,2023-04-12T00:00:00.000Z,7,13.005831808336863
"6606-Winder-Oaks-Blvd,-Orlando,-FL-32819","6606 Winder Oaks Blvd, Orlando, FL 32819",6606 Winder Oaks Blvd,,Orlando,FL,32819,Orange,28.492127,-81.472,single_family,3.0,2.0,1537.0,6325.0,1999.0,Inactive,439900,2023-04-16T00:00:00.000Z,3,12.994304980578146
"6165-Carrier-Dr,---1208,-Orlando,-FL-32819","6165 Carrier Dr, # 1208, Orlando, FL 32819",6165 Carrier Dr,# 1208,Orlando,FL,32819,Orange,28.456858,-81.467791,condo,1.0,1.0,408.0,408.0,1985.0,Inactive,159500,2022-07-09T00:00:00.000Z,283,11.979805470779858
"6841-Dolce-St,-Orlando,-FL-32819","6841 Dolce St, Orlando, FL 32819",6841 Dolce St,,Orlando,FL,32819,Orange,28.459837,-81.476019,single_family,3.0,2.0,2787.0,5733.0,2006.0,Inactive,649900,2023-04-06T00:00:00.000Z,12,13.384575322579519
"5938-Pitch-Pine-Dr,-Orlando,-FL-32819","5938 Pitch Pine Dr, Orlando, FL 32819",5938 Pitch Pine Dr,,Orlando,FL,32819,Orange,28.477708,-81.489458,single_family,4.0,3.0,2902.0,10890.0,1984.0,Inactive,647777,2023-04-13T00:00:00.000Z,5,13.38130332404357
"6633-Doubletrace-Ln,-Orlando,-FL-32819","6633 Doubletrace Ln, Orlando, FL 32819",6633 Doubletrace Ln,,Orlando,FL,32819,Orange,28.465572,-81.490842,single_family,3.0,2.0,1961.0,8700.0,1985.0,Inactive,674900,2023-04-09T00:00:00.000Z,8,13.422321292431393
"5848-Windhover-Dr,---5848,-Orlando,-FL-32819","5848 Windhover Dr, # 5848, Orlando, FL 32819",5848 Windhover Dr,# 5848,Orlando,FL,32819,Orange,28.484381,-81.461327,condo,2.0,2.0,1258.0,5436.0,1980.0,Inactive,189000,2022-09-28T00:00:00.000Z,199,12.149507585033072
"7746-Sugar-Bend-Dr,---7746,-Orlando,-FL-32819","7746 Sugar Bend Dr, # 7746, Orlando, FL 32819",7746 Sugar Bend Dr,# 7746,Orlando,FL,32819,Orange,28.456186,-81.493877,condo,2.0,2.0,1014.0,7796.0,1996.0,Inactive,299500,2022-06-20T00:00:00.000Z,298,12.60987303543023
"6810-Hochad-Dr,---0,-Orlando,-FL-32819","6810 Hochad Dr, # 0, Orlando, FL 32819",6810 Hochad Dr,# 0,Orlando,FL,32819,Orange,28.463448,-81.480934,townhouse,3.0,2.0,1672.0,1799.0,2006.0,Inactive,410000,2023-03-05T00:00:00.000Z,39,12.923914877701906
"5125-Eaglesmere-Dr,---B03,-Orlando,-FL-32819","5125 Eaglesmere Dr, # B03, Orlando, FL 32819",5125 Eaglesmere Dr,# B03,Orlando,FL,32819,Orange,28.488162,-81.462257,condo,1.0,1.0,918.0,5299.0,1974.0,Inactive,182000,2023-03-09T00:00:00.000Z,34,12.111767460549332
"6072-Masters-Blvd,-Orlando,-FL-32819","6072 Masters Blvd, Orlando, FL 32819",6072 Masters Blvd,,Orlando,FL,32819,Orange,28.464487,-81.512688,single_family,2.0,2.0,2084.0,18731.0,1977.0,Inactive,799000,2023-02-28T00:00:00.000Z,42,13.591117476312084
"6165-Carrier-Dr,---1309,-Orlando,-FL-32819","6165 Carrier Dr, # 1309, Orlando, FL 32819",6165 Carrier Dr,# 1309,Orlando,FL,32819,Orange,28.456858,-81.467791,condo,1.0,1.0,408.0,9168.0,1985.0,Inactive,140000,2023-03-10T00:00:00.000Z,30,11.849404844423074
"8631-Crestgate-Cir,-Orlando,-FL-32819","8631 Crestgate Cir, Orlando, FL 32819",8631 Crestgate Cir,,Orlando,FL,32819,Orange,28.47795,-81.50149,single_family,4.0,3.0,3157.0,15246.0,1996.0,Inactive,1200000,2022-11-03T00:00:00.000Z,156,13.997832948091215
"5114-Anzio-St,-Orlando,-FL-32819","5114 Anzio St, Orlando, FL 32819",5114 Anzio St,,Orlando,FL,32819,Orange,28.455458,-81.449066,single_family,3.0,2.0,1000.0,6404.0,1959.0,Inactive,299900,2023-03-23T00:00:00.000Z,16,12.611207699176356
"6258-Peregrine-Ct,-Orlando,-FL-32819","6258 Peregrine Ct, Orlando, FL 32819",6258 Peregrine Ct,,Orlando,FL,32819,Orange,28.485575,-81.466524,townhouse,3.0,2.0,1507.0,6002.0,1988.0,Inactive,379900,2023-04-03T00:00:00.000Z,5,12.847665971443902
"7601-Canada-Ave,---127,-Orlando,-FL-32819","7601 Canada Ave, # 127, Orlando, FL 32819",7601 Canada Ave,# 127,Orlando,FL,32819,Orange,28.452108,-81.467375,condo,1.0,1.0,466.0,466.0,1999.0,Inactive,119000,2023-03-16T00:00:00.000Z,22,11.686887175419702
"6537-Hidden-Beach-Cir,-Orlando,-FL-32819","6537 Hidden Beach Cir, Orlando, FL 32819",6537 Hidden Beach Cir,,Orlando,FL,32819,Orange,28.489925,-81.467922,single_family,3.0,2.0,1740.0,10454.0,1986.0,Inactive,459000,2023-03-22T00:00:00.000Z,15,13.036807667689546
"6627-Parson-Brown-Dr,-Orlando,-FL-32819","6627 Parson Brown Dr, Orlando, FL 32819",6627 Parson Brown Dr,,Orlando,FL,32819,Orange,28.465155,-81.484256,single_family,3.0,2.0,1964.0,16117.0,1979.0,Inactive,699000,2023-04-04T00:00:00.000Z,2,13.457407451830088
"8036-Cool-Breeze-Dr,---135,-Orlando,-FL-32819","8036 Cool Breeze Dr, # 135, Orlando, FL 32819",8036 Cool Breeze Dr,# 135,Orlando,FL,32819,Orange,28.429431,-81.452367,condo,3.0,2.0,1746.0,688.0,2005.0,Inactive,427500,2023-03-30T00:00:00.000Z,6,12.965711906537503
"6165-Carrier-Dr,---2410,-Orlando,-FL-32819","6165 Carrier Dr, # 2410, Orlando, FL 32819",6165 Carrier Dr,# 2410,Orlando,FL,32819,Orange,28.456566,-81.467035,condo,1.0,1.0,408.0,408.0,1986.0,Inactive,137000,2022-12-01T00:00:00.000Z,124,11.827743504053695
"5024-Shoreway-Loop,---20706,-Orlando,-FL-32819","5024 Shoreway Loop, # 20706, Orlando, FL 32819",5024 Shoreway Loop,# 20706,Orlando,FL,32819,Orange,28.428582,-81.450451,condo,3.0,2.0,2097.0,2792.0,2006.0,Inactive,534990,2023-01-25T00:00:00.000Z,69,13.190005203306738
"8619-Shady-Glen-Dr,-Orlando,-FL-32819","8619 Shady Glen Dr, Orlando, FL 32819",8619 Shady Glen Dr,,Orlando,FL,32819,Orange,28.475169,-81.504472,single_family,3.0,2.0,1640.0,20473.0,1984.0,Inactive,492000,2022-11-01T00:00:00.000Z,151,13.106236027992704
"5014-Hidden-Springs-Blvd,-Orlando,-FL-32819","5014 Hidden Springs Blvd, Orlando, FL 32819",5014 Hidden Springs Blvd,,Orlando,FL,32819,Orange,28.49139,-81.486414,single_family,4.0,3.0,2393.0,14375.0,1980.0,Inactive,649900,2023-02-05T00:00:00.000Z,55,13.384575322579519
"5854-Peregrine-Ave,---C08,-Orlando,-FL-32819","5854 Peregrine Ave, # C08, Orlando, FL 32819",5854 Peregrine Ave,# C08,Orlando,FL,32819,Orange,28.486955,-81.461281,condo,2.0,2.0,1139.0,6252.0,1974.0,Inactive,205000,2023-03-10T00:00:00.000Z,22,12.230770136157428
"5036-Shoreway-Loop,---10405,-Orlando,-FL-32819","5036 Shoreway Loop, # 10405, Orlando, FL 32819",5036 Shoreway Loop,# 10405,Orlando,FL,32819,Orange,28.428382,-81.450733,condo,3.0,2.0,2097.0,2372.0,2006.0,Inactive,535000,2022-05-31T00:00:00.000Z,304,13.190023895035274
"5063-Tideview-Cir,---64,-Orlando,-FL-32819","5063 Tideview Cir, # 64, Orlando, FL 32819",5063 Tideview Cir,# 64,Orlando,FL,32819,Orange,28.430666,-81.450832,townhouse,3.0,2.0,1741.0,687.0,2006.0,Inactive,425000,2023-03-17T00:00:00.000Z,14,12.959846800844963
"4024-Breakview-Dr,---10404,-Orlando,-FL-32819","4024 Breakview Dr, # 10404, Orlando, FL 32819",4024 Breakview Dr,# 10404,Orlando,FL,32819,Orange,28.424521,-81.445044,condo,3.0,2.0,1391.0,1514.0,2008.0,Inactive,399999,2023-02-13T00:00:00.000Z,45,12.89921982609012
"6094-Peregrine-Ave,---36094,-Orlando,-FL-32819","6094 Peregrine Ave, # 36094, Orlando, FL 32819",6094 Peregrine Ave,# 36094,Orlando,FL,32819,Orange,28.486267,-81.464195,condo,2.0,2.0,1139.0,6418.0,1974.0,Inactive,179900,2023-03-24T00:00:00.000Z,5,12.100161978566867
"7601-Canada-Ave---S,-Orlando,-FL-32819","7601 Canada Ave # S, Orlando, FL 32819",7601 Canada Ave # S,,Orlando,FL,32819,Orange,28.452108,-81.467377,condo,1.0,1.0,466.0,466.0,1999.0,Inactive,110000,2023-03-23T00:00:00.000Z,5,11.608244735642321
"6305-Orange-Cove-Dr,-Orlando,-FL-32819","6305 Orange Cove Dr, Orlando, FL 32819",6305 Orange Cove Dr,,Orlando,FL,32819,Orange,28.471625,-81.495949,single_family,3.0,2.0,2251.0,13068.0,1982.0,Inactive,539000,2023-03-25T00:00:00.000Z,3,13.197472705176983
"7653-Sugar-Bend-Dr,---7653,-Orlando,-FL-32819","7653 Sugar Bend Dr, # 7653, Orlando, FL 32819",7653 Sugar Bend Dr,# 7653,Orlando,FL,32819,Orange,28.455082,-81.493807,condo,2.0,2.0,1014.0,7796.0,1996.0,Inactive,310000,2023-03-22T00:00:00.000Z,5,12.644330802262578
"7743-Clubhouse-Estates-Dr,-Orlando,-FL-32819","7743 Clubhouse Estates Dr, Orlando, FL 32819",7743 Clubhouse Estates Dr,,Orlando,FL,32819,Orange,28.454289,-81.49874,single_family,4.0,3.0,2178.0,13068.0,1980.0,Inactive,680000,2023-02-05T00:00:00.000Z,49,13.429849547739444
"7422-Pinemount-Dr,-Orlando,-FL-32819","7422 Pinemount Dr, Orlando, FL 32819",7422 Pinemount Dr,,Orlando,FL,32819,Orange,28.471083,-81.483522,single_family,4.0,3.0,2738.0,12632.0,1985.0,Inactive,660000,2023-03-14T00:00:00.000Z,12,13.399996629152975
"6437-Winder-Oaks-Blvd,-Orlando,-FL-32819","6437 Winder Oaks Blvd, Orlando, FL 32819",6437 Winder Oaks Blvd,,Orlando,FL,32819,Orange,28.491784,-81.46954,single_family,4.0,2.0,1956.0,7199.0,1998.0,Inactive,549000,2023-03-23T00:00:00.000Z,3,13.215855541983634
"4860-Keeneland-Circle-Cir,-Orlando,-FL-32819","4860 Keeneland Circle Cir, Orlando, FL 32819",4860 Keeneland Circle Cir,,Orlando,FL,32819,Orange,28.489522,-81.501073,single_family,4.0,3.0,3198.0,12197.0,2002.0,Inactive,824900,2023-03-21T00:00:00.000Z,4,13.623018658116242
"6165-Carrier-Dr,---2101,-Orlando,-FL-32819","6165 Carrier Dr, # 2101, Orlando, FL 32819",6165 Carrier Dr,# 2101,Orlando,FL,32819,Orange,28.456566,-81.467035,condo,2.0,2.0,578.0,578.0,1986.0,Inactive,210000,2022-12-24T00:00:00.000Z,90,12.25486757159303
"5797-Windhover-Dr,---2A07--1,-Orlando,-FL-32819","5797 Windhover Dr, # 2A07 -1, Orlando, FL 32819",5797 Windhover Dr,# 2A07 -1,Orlando,FL,32819,Orange,28.48571,-81.46096,condo,1.0,1.0,591.0,3553.0,1974.0,Inactive,160000,2023-03-17T00:00:00.000Z,7,11.982935344196433
"5049-Shoreway-Loop,---30601,-Orlando,-FL-32819","5049 Shoreway Loop, # 30601, Orlando, FL 32819",5049 Shoreway Loop,# 30601,Orlando,FL,32819,Orange,28.429365,-81.451689,condo,3.0,2.0,2001.0,2178.0,2006.0,Inactive,525000,2023-01-15T00:00:00.000Z,67,13.171155446333852
"10274-Turkey-Lake-Rd,-Apt-148,-Orlando,-FL-32819","10274 Turkey Lake Rd, Apt 148, Orlando, FL 32819",10274 Turkey Lake Rd,Apt 148,Orlando,FL,32819,Orange,28.418928,-81.476678,condo,1.0,1.0,745.0,403.0,1984.0,Inactive,259900,2023-02-15T00:00:00.000Z,36,12.468056068255885
"6457-Rockingtree-Ln,-Orlando,-FL-32819","6457 Rockingtree Ln, Orlando, FL 32819",6457 Rockingtree Ln,,Orlando,FL,32819,Orange,28.472113,-81.492022,single_family,4.0,2.0,1914.0,19166.0,1986.0,Inactive,500000,2023-03-03T00:00:00.000Z,20,13.122365377402328
"5582-Brookline-Dr,-Orlando,-FL-32819","5582 Brookline Dr, Orlando, FL 32819",5582 Brookline Dr,,Orlando,FL,32819,Orange,28.469038,-81.506986,single_family,4.0,3.0,4703.0,18295.0,1989.0,Inactive,2395000,2023-01-05T00:00:00.000Z,76,14.6888942063636
"8967-Easterling-Dr,-Orlando,-FL-32819","8967 Easterling Dr, Orlando, FL 32819",8967 Easterling Dr,,Orlando,FL,32819,Orange,28.451511,-81.513631,single_family,5.0,4.0,5734.0,19166.0,2022.0,Inactive,2595000,2021-11-28T00:00:00.000Z,478,14.769097459938507
"5803-Cedar-Pine-Dr,-Orlando,-FL-32819","5803 Cedar Pine Dr, Orlando, FL 32819",5803 Cedar Pine Dr,,Orlando,FL,32819,Orange,28.478952,-81.491177,single_family,4.0,3.0,2273.0,14810.0,1985.0,Inactive,698999,2022-12-21T00:00:00.000Z,90,13.457406021215947
"8001-Old-Town-Dr,-Orlando,-FL-32819","8001 Old Town Dr, Orlando, FL 32819",8001 Old Town Dr,,Orlando,FL,32819,Orange,28.480921,-81.492862,single_family,4.0,3.0,2505.0,18295.0,1993.0,Inactive,650000,2023-03-16T00:00:00.000Z,5,13.384729180332174
"8220-Sugarbush-Ct,-Orlando,-FL-32819","8220 Sugarbush Ct, Orlando, FL 32819",8220 Sugarbush Ct,,Orlando,FL,32819,Orange,28.465393,-81.49534,single_family,3.0,2.0,2148.0,13939.0,1978.0,Inactive,530000,2023-03-17T00:00:00.000Z,4,13.180634172318978
"9111-Mid-Pines-Ct,-Orlando,-FL-32819","9111 Mid Pines Ct, Orlando, FL 32819",9111 Mid Pines Ct,,Orlando,FL,32819,Orange,28.466299,-81.51414,single_family,5.0,4.0,5315.0,21344.0,1989.0,Inactive,2100000,2023-03-02T00:00:00.000Z,17,14.557448378884015
"6657-Doubletrace-Ln,-Orlando,-FL-32819","6657 Doubletrace Ln, Orlando, FL 32819",6657 Doubletrace Ln,,Orlando,FL,32819,Orange,28.465077,-81.490762,single_family,2.0,2.0,1943.0,5891.0,1986.0,Inactive,525000,2023-03-03T00:00:00.000Z,15,13.171155446333852
"6188-Valerian-Blvd,-Orlando,-FL-32819","6188 Valerian Blvd, Orlando, FL 32819",6188 Valerian Blvd,,Orlando,FL,32819,Orange,28.461638,-81.498135,single_family,3.0,2.0,1926.0,12632.0,1973.0,Inactive,455000,2022-10-31T00:00:00.000Z,137,13.02805489573287
"6207-Peregrine-Ct,-Orlando,-FL-32819","6207 Peregrine Ct, Orlando, FL 32819",6207 Peregrine Ct,,Orlando,FL,32819,Orange,28.485247,-81.465633,townhouse,3.0,2.0,1507.0,2700.0,1989.0,Inactive,279900,2023-03-14T00:00:00.000Z,3,12.5421912482017
"6531-Moonshell-Ct,-Orlando,-FL-32819","6531 Moonshell Ct, Orlando, FL 32819",6531 Moonshell Ct,,Orlando,FL,32819,Orange,28.489119,-81.46843,single_family,4.0,2.0,1874.0,10890.0,1987.0,Inactive,525000,2023-02-22T00:00:00.000Z,22,13.171155446333852
"6007-Bimini-Twist-Loop,-Orlando,-FL-32819","6007 Bimini Twist Loop, Orlando, FL 32819",6007 Bimini Twist Loop,,Orlando,FL,32819,Orange,28.444739,-81.481435,single_family,5.0,4.0,3911.0,15682.0,2022.0,Inactive,1325000,2022-11-13T00:00:00.000Z,122,14.096923772119156
"8033-Landgrove-Ct,-Orlando,-FL-32819","8033 Landgrove Ct, Orlando, FL 32819",8033 Landgrove Ct,,Orlando,FL,32819,Orange,28.492384,-81.494586,single_family,4.0,3.0,2637.0,10890.0,1989.0,Inactive,630000,2023-03-10T00:00:00.000Z,5,13.353476685668044
"5519-Brookline-Dr,-Orlando,-FL-32819","5519 Brookline Dr, Orlando, FL 32819",5519 Brookline Dr,,Orlando,FL,32819,Orange,28.471711,-81.507658,single_family,3.0,2.0,2468.0,21344.0,1982.0,Inactive,779000,2023-02-17T00:00:00.000Z,25,13.565767608549109
"8424-Via-Vittoria-Way,-Orlando,-FL-32819","8424 Via Vittoria Way, Orlando, FL 32819",8424 Via Vittoria Way,,Orlando,FL,32819,Orange,28.452284,-81.494584,single_family,4.0,3.0,3866.0,6662.0,2017.0,Inactive,1695000,2023-03-08T00:00:00.000Z,3,14.343193888767015
"6165-Carrier-Dr,---1806,-Orlando,-FL-32819","6165 Carrier Dr, # 1806, Orlando, FL 32819",6165 Carrier Dr,# 1806,Orlando,FL,32819,Orange,28.456858,-81.467791,condo,2.0,2.0,583.0,583.0,1985.0,Inactive,215000,2022-11-04T00:00:00.000Z,126,12.278397958261774
"6233-Dowdy-Ct,-Orlando,-FL-32819","6233 Dowdy Ct, Orlando, FL 32819",6233 Dowdy Ct,,Orlando,FL,32819,Orange,28.47308,-81.487246,single_family,4.0,3.0,2304.0,14810.0,1986.0,Inactive,675000,2023-02-04T00:00:00.000Z,34,13.42246945133505
"8929-Crichton-Wood-Ct,-Orlando,-FL-32819","8929 Crichton Wood Ct, Orlando, FL 32819",8929 Crichton Wood Ct,,Orlando,FL,32819,Orange,28.451901,-81.51097,single_family,4.0,3.0,3363.0,20473.0,1972.0,Inactive,895000,2023-02-27T00:00:00.000Z,11,13.704580114574805
"5800-Windhover-Dr,---580,-Orlando,-FL-32819","5800 Windhover Dr, # 580, Orlando, FL 32819",5800 Windhover Dr,# 580,Orlando,FL,32819,Orange,28.484773,-81.461508,condo,2.0,2.0,1193.0,5567.0,1980.0,Inactive,229000,2023-02-27T00:00:00.000Z,10,12.34148164933907
"7517-Alpine-Butterfly-Ln,-Orlando,-FL-32819","7517 Alpine Butterfly Ln, Orlando, FL 32819",7517 Alpine Butterfly Ln,,Orlando,FL,32819,Orange,28.441855,-81.484497,single_family,3.0,3.0,2100.0,22216.0,2021.0,Inactive,1025000,2023-03-03T00:00:00.000Z,6,13.840204146163925
"6165-Carrier-Dr,---3412,-Orlando,-FL-32819","6165 Carrier Dr, # 3412, Orlando, FL 32819",6165 Carrier Dr,# 3412,Orlando,FL,32819,Orange,28.456927,-81.468843,condo,1.0,1.0,408.0,408.0,1986.0,Inactive,115000,2022-12-02T00:00:00.000Z,96,11.652696102959753
"4816-Cayview-Ave,---40511,-Orlando,-FL-32819","4816 Cayview Ave, # 40511, Orlando, FL 32819",4816 Cayview Ave,# 40511,Orlando,FL,32819,Orange,28.428059,-81.446975,condo,3.0,2.0,2001.0,2168.0,2007.0,Inactive,550000,2023-02-16T00:00:00.000Z,19,13.217675375388819
"6986-Phillips-Reserve-Ct,-Orlando,-FL-32819","6986 Phillips Reserve Ct, Orlando, FL 32819",6986 Phillips Reserve Ct,,Orlando,FL,32819,Orange,28.489292,-81.474887,single_family,5.0,4.0,3859.0,11761.0,2016.0,Inactive,949900,2023-02-24T00:00:00.000Z,11,13.764113047620114
"7381-Spring-Villas-Cir,-Orlando,-FL-32819","7381 Spring Villas Cir, Orlando, FL 32819",7381 Spring Villas Cir,,Orlando,FL,32819,Orange,28.458237,-81.481711,single_family,3.0,2.0,1436.0,5120.0,1986.0,Inactive,375000,2023-03-01T00:00:00.000Z,5,12.834683971615659
"7820-Pine-Marsh-Ct,-Orlando,-FL-32819","7820 Pine Marsh Ct, Orlando, FL 32819",7820 Pine Marsh Ct,,Orlando,FL,32819,Orange,28.480347,-81.491539,single_family,4.0,3.0,2390.0,12197.0,1986.0,Inactive,665000,2023-03-03T00:00:00.000Z,2,13.407543823396258
"6132-Indian-Meadow-St,-Orlando,-FL-32819","6132 Indian Meadow St, Orlando, FL 32819",6132 Indian Meadow St,,Orlando,FL,32819,Orange,28.456675,-81.502994,single_family,3.0,2.0,3086.0,14375.0,1983.0,Inactive,1298000,2022-12-14T00:00:00.000Z,80,14.0763359466619
"7121-Carrick-Bend-Ln,-Orlando,-FL-32819","7121 Carrick Bend Ln, Orlando, FL 32819",7121 Carrick Bend Ln,,Orlando,FL,32819,Orange,28.441818,-81.479022,townhouse,3.0,2.0,1626.0,3007.0,2019.0,Inactive,570000,2023-01-17T00:00:00.000Z,46,13.25339339419516
"6703-Pampus-Dr,-Orlando,-FL-32819","6703 Pampus Dr, Orlando, FL 32819",6703 Pampus Dr,,Orlando,FL,32819,Orange,28.464798,-81.497571,single_family,3.0,2.0,1629.0,11761.0,1979.0,Inactive,385000,2023-02-28T00:00:00.000Z,3,12.861001210669146
"5310-Faywood-Ct,-Orlando,-FL-32819","5310 Faywood Ct, Orlando, FL 32819",5310 Faywood Ct,,Orlando,FL,32819,Orange,28.480074,-81.507886,single_family,4.0,3.0,3706.0,27007.0,1986.0,Inactive,899950,2022-11-09T00:00:00.000Z,113,13.710095596379851
"6165-Carrier-Dr,---3603,-Orlando,-FL-32819","6165 Carrier Dr, # 3603, Orlando, FL 32819",6165 Carrier Dr,# 3603,Orlando,FL,32819,Orange,28.456927,-81.468843,condo,2.0,2.0,583.0,583.0,1986.0,Inactive,168000,2022-10-20T00:00:00.000Z,132,12.031725210748633
"6059-Windhover-Dr,---D09,-Orlando,-FL-32819","6059 Windhover Dr, # D09, Orlando, FL 32819",6059 Windhover Dr,# D09,Orlando,FL,32819,Orange,28.485081,-81.463843,condo,2.0,2.0,999.0,5300.0,1974.0,Inactive,204800,2023-01-10T00:00:00.000Z,50,12.22979405494807
"5309-Woodstead-Way,-Orlando,-FL-32819","5309 Woodstead Way, Orlando, FL 32819",5309 Woodstead Way,,Orlando,FL,32819,Orange,28.481878,-81.496094,single_family,5.0,4.0,3689.0,28750.0,1993.0,Inactive,970900,2022-12-14T00:00:00.000Z,76,13.785979785329896
"6955-Della-Dr,-Apt-42,-Orlando,-FL-32819","6955 Della Dr, Apt 42, Orlando, FL 32819",6955 Della Dr,Apt 42,Orlando,FL,32819,Orange,28.460196,-81.489661,condo,2.0,2.0,1182.0,5002.0,1997.0,Inactive,374900,2023-02-26T00:00:00.000Z,2,12.834417270098413
"7447-Spring-Villas-Cir,-Orlando,-FL-32819","7447 Spring Villas Cir, Orlando, FL 32819",7447 Spring Villas Cir,,Orlando,FL,32819,Orange,28.460422,-81.482035,single_family,3.0,2.0,1861.0,7485.0,1985.0,Inactive,415000,2023-02-21T00:00:00.000Z,5,12.936036208848487
"7685-Persian-Ct,-Orlando,-FL-32819","7685 Persian Ct, Orlando, FL 32819",7685 Persian Ct,,Orlando,FL,32819,Orange,28.465391,-81.489954,single_family,4.0,2.0,2312.0,11761.0,1976.0,Inactive,689000,2023-02-17T00:00:00.000Z,8,13.442998001373553
"5789-Craindale-Dr,-Orlando,-FL-32819","5789 Craindale Dr, Orlando, FL 32819",5789 Craindale Dr,,Orlando,FL,32819,Orange,28.479702,-81.493506,single_family,3.0,2.0,2351.0,13939.0,1993.0,Inactive,649900,2023-02-20T00:00:00.000Z,4,13.384575322579519
"9012-South-Bay-Dr,-Orlando,-FL-32819","9012 South Bay Dr, Orlando, FL 32819",9012 South Bay Dr,,Orlando,FL,32819,Orange,28.448923,-81.510742,single_family,5.0,4.0,4136.0,20909.0,1984.0,Inactive,1235000,2022-12-08T00:00:00.000Z,77,14.026582337760486
"5741-Bay-Side-Dr,-Orlando,-FL-32819","5741 Bay Side Dr, Orlando, FL 32819",5741 Bay Side Dr,,Orlando,FL,32819,Orange,28.471455,-81.514317,single_family,4.0,3.0,2582.0,18295.0,1999.0,Inactive,750000,2023-02-16T00:00:00.000Z,6,13.527829818844937
"5145-Pueblo-St,-Orlando,-FL-32819","5145 Pueblo St, Orlando, FL 32819",5145 Pueblo St,,Orlando,FL,32819,Orange,28.459926,-81.450222,single_family,3.0,2.0,1100.0,6424.0,1972.0,Inactive,247800,2023-02-18T00:00:00.000Z,4,12.420381283681547
"6091-Bimini-Twist-Loop,-Orlando,-FL-32819","6091 Bimini Twist Loop, Orlando, FL 32819",6091 Bimini Twist Loop,,Orlando,FL,32819,Orange,28.44338,-81.482021,single_family,5.0,4.0,3910.0,19602.0,2021.0,Inactive,1350000,2022-08-18T00:00:00.000Z,187,14.115615891155079
"5627-Masters-Blvd,-Orlando,-FL-32819","5627 Masters Blvd, Orlando, FL 32819",5627 Masters Blvd,,Orlando,FL,32819,Orange,28.473948,-81.510038,single_family,5.0,4.0,5168.0,18731.0,1987.0,Inactive,1200000,2022-12-11T00:00:00.000Z,72,13.997832948091215
"5816-Windhover-Dr,---5816,-Orlando,-FL-32819","5816 Windhover Dr, # 5816, Orlando, FL 32819",5816 Windhover Dr,# 5816,Orlando,FL,32819,Orange,28.484963,-81.461091,condo,2.0,2.0,1258.0,4981.0,1980.0,Inactive,225000,2023-02-17T00:00:00.000Z,4,12.323860125621126
"5728-Bay-Side-Dr,-Orlando,-FL-32819","5728 Bay Side Dr, Orlando, FL 32819",5728 Bay Side Dr,,Orlando,FL,32819,Orange,28.471688,-81.514853,single_family,4.0,3.0,2621.0,17860.0,1988.0,Inactive,819990,2023-01-24T00:00:00.000Z,25,13.617048643570447
"7211-Lake-Floy-Cir,-Orlando,-FL-32819","7211 Lake Floy Cir, Orlando, FL 32819",7211 Lake Floy Cir,,Orlando,FL,32819,Orange,28.4854,-81.48033,single_family,4.0,2.0,1906.0,11326.0,1973.0,Inactive,399900,2023-02-10T00:00:00.000Z,8,12.89897229545694
"6165-Carrier-Dr,---1303,-Orlando,-FL-32819","6165 Carrier Dr, # 1303, Orlando, FL 32819",6165 Carrier Dr,# 1303,Orlando,FL,32819,Orange,28.456858,-81.467791,condo,2.0,2.0,583.0,583.0,1985.0,Inactive,149950,2022-08-15T00:00:00.000Z,186,11.918063853044549
"4024-Breakview-Dr,---40604,-Orlando,-FL-32819","4024 Breakview Dr, # 40604, Orlando, FL 32819",4024 Breakview Dr,# 40604,Orlando,FL,32819,Orange,28.424566,-81.445356,condo,3.0,2.0,1247.0,1455.0,2008.0,Inactive,419000,2023-02-04T00:00:00.000Z,13,12.945628585536271
"5437-Baybrook-Ave,-Orlando,-FL-32819","5437 Baybrook Ave, Orlando, FL 32819",5437 Baybrook Ave,,Orlando,FL,32819,Orange,28.485237,-81.485649,single_family,3.0,2.0,1554.0,10890.0,1983.0,Inactive,415000,2022-12-26T00:00:00.000Z,52,12.936036208848487
"7601-Orange-Tree-Ln,-Orlando,-FL-32819","7601 Orange Tree Ln, Orlando, FL 32819",7601 Orange Tree Ln,,Orlando,FL,32819,Orange,28.466517,-81.487429,single_family,3.0,2.0,2082.0,13504.0,1980.0,Inactive,499000,2023-01-16T00:00:00.000Z,31,13.120363378739663
"6005-Windhover-Dr,---D03,-Orlando,-FL-32819","6005 Windhover Dr, # D03, Orlando, FL 32819",6005 Windhover Dr,# D03,Orlando,FL,32819,Orange,28.485611,-81.463326,condo,2.0,2.0,999.0,6377.0,1974.0,Inactive,197000,2022-12-09T00:00:00.000Z,68,12.190964083849375
"7731-Ferrara-Ave,-Orlando,-FL-32819","7731 Ferrara Ave, Orlando, FL 32819",7731 Ferrara Ave,,Orlando,FL,32819,Orange,28.452965,-81.444275,single_family,3.0,1.0,840.0,7142.0,1958.0,Inactive,245000,2023-01-14T00:00:00.000Z,32,12.409017571151187
"6165-Carrier-Dr,---3311,-Orlando,-FL-32819","6165 Carrier Dr, # 3311, Orlando, FL 32819",6165 Carrier Dr,# 3311,Orlando,FL,32819,Orange,28.456927,-81.468843,condo,1.0,1.0,408.0,408.0,1986.0,Inactive,110000,2023-02-08T00:00:00.000Z,7,11.608244735642321
"8903-Latrec-Ave,---3205,-Orlando,-FL-32819","8903 Latrec Ave, # 3205, Orlando, FL 32819",8903 Latrec Ave,# 3205,Orlando,FL,32819,Orange,28.436293,-81.478194,condo,2.0,2.0,1003.0,10019.0,1994.0,Inactive,285000,2022-07-28T00:00:00.000Z,201,12.560247968016562
"8556-Summerville-Pl,-Orlando,-FL-32819","8556 Summerville Pl, Orlando, FL 32819",8556 Summerville Pl,,Orlando,FL,32819,Orange,28.483374,-81.496914,single_family,4.0,3.0,3584.0,33106.0,1991.0,Inactive,1175000,2022-12-30T00:00:00.000Z,45,13.976779556623864
"7550-Hinson-St,-Apt-10B,-Orlando,-FL-32819","7550 Hinson St, Apt 10B, Orlando, FL 32819",7550 Hinson St,Apt 10B,Orlando,FL,32819,Orange,28.451628,-81.484633,condo,3.0,3.0,2610.0,13504.0,1985.0,Inactive,575000,2023-02-01T00:00:00.000Z,12,13.26212705890841
"4024-Breakview-Dr,---20704,-Orlando,-FL-32819","4024 Breakview Dr, # 20704, Orlando, FL 32819",4024 Breakview Dr,# 20704,Orlando,FL,32819,Orange,28.424464,-81.445345,condo,2.0,2.0,1112.0,1202.0,2008.0,Inactive,350000,2023-02-11T00:00:00.000Z,2,12.765691290604371
"7601-Canada-Ave,---310S,-Orlando,-FL-32819","7601 Canada Ave, # 310S, Orlando, FL 32819",7601 Canada Ave,# 310S,Orlando,FL,32819,Orange,28.452025,-81.467413,condo,1.0,1.0,542.0,542.0,1999.0,Inactive,125000,2022-09-21T00:00:00.000Z,143,11.736077016252437
"5110-Pueblo-St,-Orlando,-FL-32819","5110 Pueblo St, Orlando, FL 32819",5110 Pueblo St,,Orlando,FL,32819,Orange,28.459483,-81.449034,single_family,3.0,2.0,1611.0,7403.0,1963.0,Inactive,289900,2022-10-06T00:00:00.000Z,128,12.57729476436913
"4848-Oak-Promenade-Ln,-Orlando,-FL-32819","4848 Oak Promenade Ln, Orlando, FL 32819",4848 Oak Promenade Ln,,Orlando,FL,32819,Orange,28.491412,-81.474803,single_family,4.0,2.0,1940.0,6325.0,2000.0,Inactive,450000,2023-01-06T00:00:00.000Z,36,13.017005083966255
"5027-Tideview-Cir,---40,-Orlando,-FL-32819","5027 Tideview Cir, # 40, Orlando, FL 32819",5027 Tideview Cir,# 40,Orlando,FL,32819,Orange,28.430869,-81.450728,townhouse,2.0,2.0,1741.0,687.0,2005.0,Inactive,425000,2022-12-18T00:00:00.000Z,54,12.959846800844963
"7304-Pomelo-Dr,-Orlando,-FL-32819","7304 Pomelo Dr, Orlando, FL 32819",7304 Pomelo Dr,,Orlando,FL,32819,Orange,28.457241,-81.442415,single_family,3.0,2.0,1300.0,6063.0,1959.0,Inactive,305000,2022-12-01T00:00:00.000Z,70,12.628070334272698
"7383-Universal-Blvd,---608,-Orlando,-FL-32819","7383 Universal Blvd, # 608, Orlando, FL 32819",7383 Universal Blvd,# 608,Orlando,FL,32819,Orange,28.456616,-81.462615,condo,2.0,2.0,1056.0,1056.0,2008.0,Inactive,299000,2023-01-24T00:00:00.000Z,16,12.608202196848836
"4804-Cayview-Ave,---30412,-Orlando,-FL-32819","4804 Cayview Ave, # 30412, Orlando, FL 32819",4804 Cayview Ave,# 30412,Orlando,FL,32819,Orange,28.427532,-81.446058,condo,3.0,2.0,2097.0,2368.0,2007.0,Inactive,519900,2022-03-22T00:00:00.000Z,323,13.161393687816775
"6838-Sperone-St,-Orlando,-FL-32819","6838 Sperone St, Orlando, FL 32819",6838 Sperone St,,Orlando,FL,32819,Orange,28.462862,-81.479072,townhouse,3.0,2.0,1672.0,1800.0,2006.0,Inactive,450000,2023-01-12T00:00:00.000Z,27,13.017005083966255
"4114-Breakview-Dr,---107,-Orlando,-FL-32819","4114 Breakview Dr, # 107, Orlando, FL 32819",4114 Breakview Dr,# 107,Orlando,FL,32819,Orange,28.425704,-81.445705,condo,2.0,2.0,1112.0,7900.0,2007.0,Inactive,389000,2023-01-17T00:00:00.000Z,22,12.871337193291367
"6165-Carrier-Dr,---1702,-Orlando,-FL-32819","6165 Carrier Dr, # 1702, Orlando, FL 32819",6165 Carrier Dr,# 1702,Orlando,FL,32819,Orange,28.456858,-81.467791,condo,2.0,2.0,583.0,9168.0,1985.0,Inactive,169000,2022-11-16T00:00:00.000Z,83,12.037659911047468
"5131-Eaglesmere-Dr,---C08,-Orlando,-FL-32819","5131 Eaglesmere Dr, # C08, Orlando, FL 32819",5131 Eaglesmere Dr,# C08,Orlando,FL,32819,Orange,28.487832,-81.46224,condo,2.0,2.0,1139.0,3553.0,1974.0,Inactive,195000,2022-12-05T00:00:00.000Z,64,12.180759965737863
"7205-Lake-Marsha-Dr,-Orlando,-FL-32819","7205 Lake Marsha Dr, Orlando, FL 32819",7205 Lake Marsha Dr,,Orlando,FL,32819,Orange,28.483018,-81.479752,single_family,4.0,3.0,1468.0,8994.0,1960.0,Inactive,575000,2022-12-29T00:00:00.000Z,40,13.26212705890841
"7538-Bay-Port-Rd,---24,-Orlando,-FL-32819","7538 Bay Port Rd, # 24, Orlando, FL 32819",7538 Bay Port Rd,# 24,Orlando,FL,32819,Orange,28.459905,-81.485974,condo,3.0,2.0,1831.0,7900.0,1999.0,Inactive,399900,2023-02-05T00:00:00.000Z,2,12.89897229545694
"7005-Talbot-Dr,-Orlando,-FL-32819","7005 Talbot Dr, Orlando, FL 32819",7005 Talbot Dr,,Orlando,FL,32819,Orange,28.489074,-81.475469,single_family,3.0,2.0,1574.0,10454.0,1980.0,Inactive,418500,2022-08-11T00:00:00.000Z,178,12.944434558395074
"7903-Palmdale-Dr,-Orlando,-FL-32819","7903 Palmdale Dr, Orlando, FL 32819",7903 Palmdale Dr,,Orlando,FL,32819,Orange,28.489115,-81.488793,single_family,3.0,2.0,2776.0,2776.0,1988.0,Inactive,649000,2022-07-01T00:00:00.000Z,218,13.38318953651709
"7441-Sugar-Bend-Dr,---7441,-Orlando,-FL-32819","7441 Sugar Bend Dr, # 7441, Orlando, FL 32819",7441 Sugar Bend Dr,# 7441,Orlando,FL,32819,Orange,28.45695,-81.493016,condo,3.0,2.0,1169.0,7796.0,1996.0,Inactive,339000,2023-01-26T00:00:00.000Z,9,12.733758336210744
"4013-Breakview-Dr,---A206,-Orlando,-FL-32819","4013 Breakview Dr, # A206, Orlando, FL 32819",4013 Breakview Dr,# A206,Orlando,FL,32819,Orange,28.425166,-81.444468,condo,3.0,2.0,1185.0,1242.0,2020.0,Inactive,440000,2023-02-01T00:00:00.000Z,2,12.994532278619134
"7635-Bay-Port-Rd,---51,-Orlando,-FL-32819","7635 Bay Port Rd, # 51, Orlando, FL 32819",7635 Bay Port Rd,# 51,Orlando,FL,32819,Orange,28.460188,-81.485107,condo,2.0,2.0,1403.0,4999.0,2000.0,Inactive,335000,2023-01-26T00:00:00.000Z,7,12.721888795877375
"6165-Carrier-Dr,---3304,-Orlando,-FL-32819","6165 Carrier Dr, # 3304, Orlando, FL 32819",6165 Carrier Dr,# 3304,Orlando,FL,32819,Orange County,28.456927,-81.468843,condo,2.0,2.0,583.0,583.0,1986.0,Inactive,168000,2022-10-20T18:24:15.000Z,104,12.031725210748633
"5429-Split-Pine-Ct,-Orlando,-FL-32819","5429 Split Pine Ct, Orlando, FL 32819",5429 Split Pine Ct,,Orlando,FL,32819,Orange County,28.485559,-81.491292,single_family,4.0,3.0,2259.0,14375.0,1987.0,Inactive,699000,2022-11-10T11:23:02.000Z,83,13.457407451830088
"6165-Carrier-Dr,---1805,-Orlando,-FL-32819","6165 Carrier Dr, # 1805, Orlando, FL 32819",6165 Carrier Dr,# 1805,Orlando,FL,32819,Orange County,28.456858,-81.467791,condo,2.0,2.0,583.0,583.0,1985.0,Inactive,229000,2022-11-04T15:48:05.000Z,88,12.34148164933907
"5555-Pitch-Pine-Dr,-Orlando,-FL-32819","5555 Pitch Pine Dr, Orlando, FL 32819",5555 Pitch Pine Dr,,Orlando,FL,32819,Orange County,28.483583,-81.486734,single_family,3.0,2.0,1948.0,14375.0,1982.0,Inactive,505000,2022-11-15T03:23:45.000Z,77,13.132315688453556
"6253-Indian-Meadow-St,-Orlando,-FL-32819","6253 Indian Meadow St, Orlando, FL 32819",6253 Indian Meadow St,,Orlando,FL,32819,Orange County,28.453955,-81.505102,single_family,5.0,4.0,3686.0,20909.0,1984.0,Inactive,1250000,2022-11-24T16:29:11.000Z,67,14.038654909278163
"7014-Stonehedge-Dr,---150,-Orlando,-FL-32819","7014 Stonehedge Dr, # 150, Orlando, FL 32819",7014 Stonehedge Dr,# 150,Orlando,FL,32819,Orange County,28.45967,-81.484364,condo,3.0,2.0,1985.0,8079.0,2001.0,Inactive,445000,2022-08-04T19:42:11.000Z,182,13.005831808336863
"5012-Shoreway-Loop,---10807,-Orlando,-FL-32819","5012 Shoreway Loop, # 10807, Orlando, FL 32819",5012 Shoreway Loop,# 10807,Orlando,FL,32819,Orange County,28.428438,-81.449553,condo,3.0,2.0,2097.0,2419.0,2007.0,Inactive,529000,2022-12-14T16:11:31.000Z,50,13.178745601197818
"8825-Latrec-Ave,---6202,-Orlando,-FL-32819","8825 Latrec Ave, # 6202, Orlando, FL 32819",8825 Latrec Ave,# 6202,Orlando,FL,32819,Orange County,28.4379,-81.478644,condo,2.0,2.0,1003.0,10019.0,1994.0,Inactive,275000,2023-01-11T18:19:03.000Z,22,12.524530013005734
"7901-Tumblestone-Dr,-Orlando,-FL-32819","7901 Tumblestone Dr, Orlando, FL 32819",7901 Tumblestone Dr,,Orlando,FL,32819,Orange County,28.488518,-81.488299,single_family,4.0,3.0,2182.0,16117.0,1988.0,Inactive,589900,2023-01-12T14:07:19.000Z,21,13.287710005192306
"5049-Shoreway-Loop,---30201,-Orlando,-FL-32819","5049 Shoreway Loop, # 30201, Orlando, FL 32819",5049 Shoreway Loop,# 30201,Orlando,FL,32819,Orange County,28.429361,-81.45188,condo,3.0,2.0,2001.0,2100.0,2006.0,Inactive,519000,2023-01-15T02:11:02.000Z,18,13.159661088928443
"7532-Toscana-Blvd,-Apt-524,-Orlando,-FL-32819","7532 Toscana Blvd, Apt 524, Orlando, FL 32819",7532 Toscana Blvd,Apt 524,Orlando,FL,32819,Orange County,28.455803,-81.478419,condo,3.0,2.0,2085.0,8055.0,2006.0,Inactive,449000,2022-04-30T18:38:34.000Z,277,13.014780393893403
"8039-Bayside-View-Dr,-Orlando,-FL-32819","8039 Bayside View Dr, Orlando, FL 32819",8039 Bayside View Dr,,Orlando,FL,32819,Orange County,28.454693,-81.493474,townhouse,3.0,2.0,1758.0,3613.0,1988.0,Inactive,470000,2023-01-20T13:35:32.000Z,12,13.060490101343552
"10288-Turkey-Lake-Rd,-Apt-136,-Orlando,-FL-32819","10288 Turkey Lake Rd, Apt 136, Orlando, FL 32819",10288 Turkey Lake Rd,Apt 136,Orlando,FL,32819,Orange County,28.418722,-81.476522,condo,2.0,2.0,1124.0,653.0,1984.0,Inactive,195000,2023-01-20T19:07:00.000Z,12,12.180759965737863
"6549-Hidden-Beach-Cir,-Orlando,-FL-32819","6549 Hidden Beach Cir, Orlando, FL 32819",6549 Hidden Beach Cir,,Orlando,FL,32819,Orange County,28.48981,-81.467109,single_family,3.0,2.0,2126.0,16988.0,1986.0,Inactive,549000,2022-07-15T17:43:36.000Z,200,13.215855541983634
"5740-Cedar-Pine-Dr,-Orlando,-FL-32819","5740 Cedar Pine Dr, Orlando, FL 32819",5740 Cedar Pine Dr,,Orlando,FL,32819,Orange County,28.48013,-81.49069,single_family,4.0,3.0,2216.0,15682.0,1986.0,Inactive,665000,2022-06-22T20:46:01.000Z,223,13.407543823396258
"6078-Peregrine-Ave,---A13,-Orlando,-FL-32819","6078 Peregrine Ave, # A13, Orlando, FL 32819",6078 Peregrine Ave,# A13,Orlando,FL,32819,Orange County,28.486391,-81.464408,condo,1.0,1.0,600.0,6418.0,1974.0,Inactive,160000,2023-01-10T20:07:07.000Z,17,11.982935344196433
"7725-Carriage-Homes-Dr,-Apt-16,-Orlando,-FL-32819","7725 Carriage Homes Dr, Apt 16, Orlando, FL 32819",7725 Carriage Homes Dr,Apt 16,Orlando,FL,32819,Orange County,28.459906,-81.489632,condo,2.0,2.0,1312.0,4609.0,1990.0,Inactive,359900,2023-01-14T14:41:14.000Z,13,12.79358427261286
"4114-Breakview-Dr,---10702,-Orlando,-FL-32819","4114 Breakview Dr, # 10702, Orlando, FL 32819",4114 Breakview Dr,# 10702,Orlando,FL,32819,Orange County,28.425648,-81.445914,condo,2.0,2.0,1112.0,7900.0,2007.0,Inactive,389000,2023-01-17T18:17:38.000Z,10,12.871337193291367
"8027-Rural-Retreat-Ct,-Orlando,-FL-32819","8027 Rural Retreat Ct, Orlando, FL 32819",8027 Rural Retreat Ct,,Orlando,FL,32819,Orange County,28.481758,-81.494043,single_family,5.0,4.0,2948.0,11761.0,1994.0,Inactive,740000,2022-09-20T02:05:50.000Z,128,13.51440681653079
"7308-Alpine-Butterfly-Ln,-Orlando,-FL-32819","7308 Alpine Butterfly Ln, Orlando, FL 32819",7308 Alpine Butterfly Ln,,Orlando,FL,32819,Orange County,28.440937,-81.47833,single_family,5.0,4.0,3532.0,9288.0,2022.0,Inactive,1180000,2022-11-08T21:23:48.000Z,79,13.981025843899115
"8837-Latrec-Ave,---5301,-Orlando,-FL-32819","8837 Latrec Ave, # 5301, Orlando, FL 32819",8837 Latrec Ave,# 5301,Orlando,FL,32819,Orange County,28.437357,-81.478774,condo,2.0,2.0,1003.0,10019.0,1994.0,Inactive,219900,2023-01-11T18:19:03.000Z,15,12.300932724054114
"8208-Tansy-Dr,-Orlando,-FL-32819","8208 Tansy Dr, Orlando, FL 32819",8208 Tansy Dr,,Orlando,FL,32819,Orange County,28.465623,-81.494266,single_family,4.0,2.0,1937.0,11761.0,1978.0,Inactive,549000,2023-01-16T09:05:35.000Z,10,13.215855541983634
"4114-Breakview-Dr,---31002,-Orlando,-FL-32819","4114 Breakview Dr, # 31002, Orlando, FL 32819",4114 Breakview Dr,# 31002,Orlando,FL,32819,Orange County,28.425521,-81.445853,condo,3.0,2.0,1412.0,1455.0,2007.0,Inactive,449900,2023-01-13T16:29:50.000Z,12,13.016782837542953
"6215-Donegal-Dr,-Orlando,-FL-32819","6215 Donegal Dr, Orlando, FL 32819",6215 Donegal Dr,,Orlando,FL,32819,Orange County,28.455655,-81.505678,single_family,4.0,2.0,2193.0,23958.0,1970.0,Inactive,698500,2023-01-16T14:47:27.000Z,9,13.456691889317355
"6165-Carrier-Dr,---3607,-Orlando,-FL-32819","6165 Carrier Dr, # 3607, Orlando, FL 32819",6165 Carrier Dr,# 3607,Orlando,FL,32819,Orange County,28.456927,-81.468843,condo,1.0,1.0,408.0,408.0,1986.0,Inactive,149900,2022-09-27T11:11:01.000Z,120,11.917730355182513
"5203-Abelia-Dr,-Orlando,-FL-32819","5203 Abelia Dr, Orlando, FL 32819",5203 Abelia Dr,,Orlando,FL,32819,Orange County,28.48863,-81.485532,single_family,4.0,2.0,1950.0,27878.0,1983.0,Inactive,549000,2022-08-26T15:23:23.000Z,146,13.215855541983634
"8228-Breeze-Cove-Ln,-Orlando,-FL-32819","8228 Breeze Cove Ln, Orlando, FL 32819",8228 Breeze Cove Ln,,Orlando,FL,32819,Orange County,28.453951,-81.495809,townhouse,3.0,2.0,1850.0,2553.0,1989.0,Inactive,470000,2023-01-06T16:08:02.000Z,13,13.060490101343552
"4802-Cayview-Ave,---10314,-Orlando,-FL-32819","4802 Cayview Ave, # 10314, Orlando, FL 32819",4802 Cayview Ave,# 10314,Orlando,FL,32819,Orange County,28.428495,-81.445774,condo,3.0,2.0,1247.0,1472.0,2006.0,Inactive,399000,2022-10-09T23:47:17.000Z,100,12.896719202134523
"7226-Regina-Way,-Orlando,-FL-32819","7226 Regina Way, Orlando, FL 32819",7226 Regina Way,,Orlando,FL,32819,Orange County,28.459071,-81.477913,townhouse,3.0,2.0,2350.0,3591.0,2006.0,Inactive,529900,2022-12-29T22:06:08.000Z,19,13.180445475627591
"5048-Shoreway-Loop,---40604,-Orlando,-FL-32819","5048 Shoreway Loop, # 40604, Orlando, FL 32819",5048 Shoreway Loop,# 40604,Orlando,FL,32819,Orange County,28.428381,-81.451824,condo,3.0,2.0,2001.0,7900.0,2006.0,Inactive,489000,2022-12-18T00:09:47.000Z,29,13.100119813444692
"7630-Orange-Tree-Ln,-Orlando,-FL-32819","7630 Orange Tree Ln, Orlando, FL 32819",7630 Orange Tree Ln,,Orlando,FL,32819,Orange County,28.465213,-81.488404,single_family,3.0,2.0,2027.0,13068.0,1978.0,Inactive,545000,2022-11-13T00:09:03.000Z,63,13.208542908506082
"8144-Banyan-Blvd,-Orlando,-FL-32819","8144 Banyan Blvd, Orlando, FL 32819",8144 Banyan Blvd,,Orlando,FL,32819,Orange County,28.467422,-81.494749,single_family,3.0,2.0,1944.0,11761.0,1979.0,Inactive,475000,2023-01-06T20:24:23.000Z,8,13.07107218827772
"8430-Foxworth-Cir,-Orlando,-FL-32819","8430 Foxworth Cir, Orlando, FL 32819",8430 Foxworth Cir,,Orlando,FL,32819,Orange County,28.459482,-81.498881,single_family,3.0,2.0,2113.0,3759.0,1995.0,Inactive,579000,2022-10-20T15:10:32.000Z,85,13.269059483669357
"6643-Hidden-Beach-Cir,-Orlando,-FL-32819","6643 Hidden Beach Cir, Orlando, FL 32819",6643 Hidden Beach Cir,,Orlando,FL,32819,Orange County,28.487712,-81.470381,single_family,4.0,3.0,2906.0,34848.0,2000.0,Inactive,1350000,2022-11-04T17:41:54.000Z,68,14.115615891155079
"7751-Sugar-Bend-Dr,---7751,-Orlando,-FL-32819","7751 Sugar Bend Dr, # 7751, Orlando, FL 32819",7751 Sugar Bend Dr,# 7751,Orlando,FL,32819,Orange County,28.456319,-81.494435,condo,2.0,2.0,1077.0,7796.0,1996.0,Inactive,295000,2022-12-17T15:35:02.000Z,25,12.59473402514672
"7237-Woodville-Cres,-Orlando,-FL-32819","7237 Woodville Cres, Orlando, FL 32819",7237 Woodville Cres,,Orlando,FL,32819,Orange County,28.467374,-81.476659,single_family,4.0,2.0,2217.0,10890.0,1987.0,Inactive,499000,2022-07-21T04:40:43.000Z,175,13.120363378739663
"5086-Ernst-Ct,---35,-Orlando,-FL-32819","5086 Ernst Ct, # 35, Orlando, FL 32819",5086 Ernst Ct,# 35,Orlando,FL,32819,Orange County,28.487977,-81.463418,townhouse,2.0,2.0,1230.0,947.0,1985.0,Inactive,310000,2022-11-05T12:47:42.000Z,68,12.644330802262578
"7932-Tumblestone-Dr,-Orlando,-FL-32819","7932 Tumblestone Dr, Orlando, FL 32819",7932 Tumblestone Dr,,Orlando,FL,32819,Orange County,28.487391,-81.489229,single_family,3.0,2.0,1438.0,10454.0,1987.0,Inactive,425900,2022-12-14T20:06:37.000Z,28,12.961962203877555
"7602-Arezzo-Ave,-Orlando,-FL-32819","7602 Arezzo Ave, Orlando, FL 32819",7602 Arezzo Ave,,Orlando,FL,32819,Orange County,28.454771,-81.44894,single_family,3.0,2.0,936.0,7142.0,1959.0,Inactive,284900,2022-09-19T22:06:12.000Z,111,12.55989703048335
"7653-Clementine-Way,-Orlando,-FL-32819","7653 Clementine Way, Orlando, FL 32819",7653 Clementine Way,,Orlando,FL,32819,Orange County,28.463358,-81.487725,single_family,3.0,2.0,1856.0,20473.0,1977.0,Inactive,600000,2022-10-12T19:06:39.000Z,87,13.304686600863562
"7655-Toscana-Blvd,-Orlando,-FL-32819","7655 Toscana Blvd, Orlando, FL 32819",7655 Toscana Blvd,,Orlando,FL,32819,Orange County,28.453827,-81.477989,single_family,4.0,3.0,3481.0,3860.0,2018.0,Inactive,899000,2022-11-18T21:07:37.000Z,49,13.70903942580019
"7661-Persian-Ct,-Orlando,-FL-32819","7661 Persian Ct, Orlando, FL 32819",7661 Persian Ct,,Orlando,FL,32819,Orange County,28.466407,-81.489763,single_family,4.0,2.0,2077.0,12197.0,1979.0,Inactive,599000,2022-07-02T18:55:40.000Z,185,13.303018546545275
"9326-Bentley-Park-Cir,-Orlando,-FL-32819","9326 Bentley Park Cir, Orlando, FL 32819",9326 Bentley Park Cir,,Orlando,FL,32819,Orange County,28.447168,-81.514949,single_family,5.0,4.0,7100.0,57064.0,1997.0,Inactive,3650000,2022-11-11T21:17:42.000Z,53,15.11023799953124
"7201-Prato-Ave,-Orlando,-FL-32819","7201 Prato Ave, Orlando, FL 32819",7201 Prato Ave,,Orlando,FL,32819,Orange County,28.458278,-81.446817,single_family,6.0,4.0,2318.0,6303.0,1960.0,Inactive,374900,2022-11-18T17:29:45.000Z,42,12.834417270098413
"7395-Universal-Blvd,---704,-Orlando,-FL-32819","7395 Universal Blvd, # 704, Orlando, FL 32819",7395 Universal Blvd,# 704,Orlando,FL,32819,Orange County,28.456616,-81.462615,condo,1.0,1.0,671.0,671.0,2007.0,Inactive,209000,2022-11-23T18:35:27.000Z,36,12.250094315624496
"7225-Moss-Leaf-Ln,-Orlando,-FL-32819","7225 Moss Leaf Ln, Orlando, FL 32819",7225 Moss Leaf Ln,,Orlando,FL,32819,Orange County,28.471036,-81.479366,single_family,3.0,2.0,2005.0,12632.0,1987.0,Inactive,599000,2022-11-25T13:05:16.000Z,33,13.303018546545275
"5759-Craindale-Dr,-Orlando,-FL-32819","5759 Craindale Dr, Orlando, FL 32819",5759 Craindale Dr,,Orlando,FL,32819,Orange County,28.48007,-81.494804,single_family,4.0,3.0,2588.0,11326.0,1992.0,Inactive,650000,2022-11-06T21:23:16.000Z,49,13.384729180332174
"7826-Thicket-Ln,-Orlando,-FL-32819","7826 Thicket Ln, Orlando, FL 32819",7826 Thicket Ln,,Orlando,FL,32819,Orange County,28.491455,-81.490455,single_family,4.0,3.0,2505.0,14810.0,1985.0,Inactive,650000,2022-11-16T18:11:11.000Z,39,13.384729180332174
"6024-Lexington-Park,---68,-Orlando,-FL-32819","6024 Lexington Park, # 68, Orlando, FL 32819",6024 Lexington Park,# 68,Orlando,FL,32819,Orange County,28.462524,-81.504176,single_family,3.0,2.0,2454.0,7496.0,1984.0,Inactive,669500,2022-08-19T14:23:54.000Z,127,13.414287937764227
"7852-Sugar-View-Ct,---7852,-Orlando,-FL-32819","7852 Sugar View Ct, # 7852, Orlando, FL 32819",7852 Sugar View Ct,# 7852,Orlando,FL,32819,Orange County,28.455235,-81.492111,condo,3.0,2.0,1212.0,7796.0,1996.0,Inactive,334900,2022-06-27T16:22:34.000Z,178,12.721590244743798
"5621-Baybrook-Ave,-Orlando,-FL-32819","5621 Baybrook Ave, Orlando, FL 32819",5621 Baybrook Ave,,Orlando,FL,32819,Orange County,28.483174,-81.485627,single_family,4.0,2.0,2022.0,10890.0,1984.0,Inactive,499000,2022-11-05T02:06:14.000Z,47,13.120363378739663
"5225-Abelia-Dr,-Orlando,-FL-32819","5225 Abelia Dr, Orlando, FL 32819",5225 Abelia Dr,,Orlando,FL,32819,Orange County,28.488824,-81.486268,single_family,4.0,2.0,2659.0,15682.0,1983.0,Inactive,535000,2022-12-08T15:23:36.000Z,13,13.190023895035274
"6986-Edgeworth-Dr,-Orlando,-FL-32819","6986 Edgeworth Dr, Orlando, FL 32819",6986 Edgeworth Dr,,Orlando,FL,32819,Orange County,28.467467,-81.480037,single_family,4.0,3.0,2870.0,14810.0,1986.0,Inactive,725000,2022-10-04T01:06:10.000Z,78,13.493928313146206
"6920-Mandarin-Dr,-Orlando,-FL-32819","6920 Mandarin Dr, Orlando, FL 32819",6920 Mandarin Dr,,Orlando,FL,32819,Orange County,28.460099,-81.446516,single_family,3.0,2.0,1260.0,6305.0,1961.0,Inactive,275000,2022-10-25T19:41:51.000Z,56,12.524530013005734
"6310-Carrie-Ann-Ct,-Orlando,-FL-32819","6310 Carrie Ann Ct, Orlando, FL 32819",6310 Carrie Ann Ct,,Orlando,FL,32819,Orange County,28.484346,-81.467398,single_family,3.0,2.0,2356.0,11326.0,1995.0,Inactive,485999,2022-12-02T21:07:16.000Z,17,13.093963902882631
"8412-Via-Vittoria-Way,-Orlando,-FL-32819","8412 Via Vittoria Way, Orlando, FL 32819",8412 Via Vittoria Way,,Orlando,FL,32819,Orange County,28.452566,-81.494724,single_family,3.0,2.0,3213.0,7558.0,2017.0,Inactive,1499000,2022-10-04T22:17:41.000Z,74,14.22030944419592
"8643-Summerville-Pl,-Orlando,-FL-32819","8643 Summerville Pl, Orlando, FL 32819",8643 Summerville Pl,,Orlando,FL,32819,Orange County,28.486132,-81.500357,single_family,4.0,3.0,3044.0,22216.0,1989.0,Inactive,874999,2022-10-22T03:41:17.000Z,55,13.681979165339751
"7649-Sugar-Bend-Dr,---7649,-Orlando,-FL-32819","7649 Sugar Bend Dr, # 7649, Orlando, FL 32819",7649 Sugar Bend Dr,# 7649,Orlando,FL,32819,Orange County,28.455082,-81.493807,condo,3.0,2.0,1169.0,7796.0,1996.0,Inactive,317000,2022-12-08T03:47:32.000Z,8,12.666660207428574
"8624-Oldbridge-Ln,-Orlando,-FL-32819","8624 Oldbridge Ln, Orlando, FL 32819",8624 Oldbridge Ln,,Orlando,FL,32819,Orange County,28.482651,-81.499769,single_family,5.0,4.0,3905.0,30928.0,1994.0,Inactive,1125000,2022-08-31T18:42:06.000Z,105,13.933294482509151
"6428-Winder-Oaks-Blvd,-Orlando,-FL-32819","6428 Winder Oaks Blvd, Orlando, FL 32819",6428 Winder Oaks Blvd,,Orlando,FL,32819,Orange County,28.49133,-81.46913,single_family,3.0,2.0,1608.0,6325.0,1999.0,Inactive,509900,2022-10-28T21:29:51.000Z,47,13.141971868210181
"10302-Turkey-Lake-A-k-a-Rd,-Unit-124,-Orlando,-FL-32819","10302 Turkey Lake A/k/a Rd, Unit 124, Orlando, FL 32819",10302 Turkey Lake A/k/a Rd,Unit 124,Orlando,FL,32819,Orange County,28.418374,-81.47643,condo,1.0,1.0,745.0,403.0,1984.0,Inactive,210000,2022-11-29T16:17:58.000Z,15,12.25486757159303
"6814-Kara-Ct,-Orlando,-FL-32819","6814 Kara Ct, Orlando, FL 32819",6814 Kara Ct,,Orlando,FL,32819,Orange County,28.462782,-81.484395,single_family,3.0,2.0,1866.0,18295.0,1979.0,Inactive,525000,2022-12-01T06:11:47.000Z,14,13.171155446333852
"6165-Carrier-Dr,---2705,-Orlando,-FL-32819","6165 Carrier Dr, # 2705, Orlando, FL 32819",6165 Carrier Dr,# 2705,Orlando,FL,32819,Orange County,28.456566,-81.467035,condo,2.0,2.0,583.0,583.0,1986.0,Inactive,215000,2022-08-10T19:29:58.000Z,123,12.278397958261774
"6165-Carrier-Dr,---1401,-Orlando,-FL-32819","6165 Carrier Dr, # 1401, Orlando, FL 32819",6165 Carrier Dr,# 1401,Orlando,FL,32819,Orange County,28.456858,-81.467791,condo,2.0,2.0,578.0,578.0,1985.0,Inactive,215000,2022-08-17T00:40:53.000Z,117,12.278397958261774
"8484-Bay-Hill-Blvd,-Orlando,-FL-32819","8484 Bay Hill Blvd, Orlando, FL 32819",8484 Bay Hill Blvd,,Orlando,FL,32819,Orange County,28.458055,-81.502704,single_family,3.0,4.0,5940.0,20909.0,1985.0,Inactive,899000,2022-03-28T16:31:24.000Z,256,13.70903942580019
"5025-Shoreway-Loop,---10403,-Orlando,-FL-32819","5025 Shoreway Loop, # 10403, Orlando, FL 32819",5025 Shoreway Loop,# 10403,Orlando,FL,32819,Orange County,28.429409,-81.450441,condo,3.0,2.0,2097.0,2390.0,2006.0,Inactive,449400,2022-08-10T21:18:39.000Z,121,13.01567086392003
"8813-Latrec-Ave,---7308,-Orlando,-FL-32819","8813 Latrec Ave, # 7308, Orlando, FL 32819",8813 Latrec Ave,# 7308,Orlando,FL,32819,Orange County,28.43814,-81.478733,condo,1.0,1.0,671.0,7321.0,1994.0,Inactive,150000,2022-11-30T01:47:15.000Z,9,11.918397239722838
"7395-Universal-Blvd,---402,-Orlando,-FL-32819","7395 Universal Blvd, # 402, Orlando, FL 32819",7395 Universal Blvd,# 402,Orlando,FL,32819,Orange County,28.456616,-81.462615,condo,2.0,2.0,1056.0,9150.0,2007.0,Inactive,314999,2022-06-03T17:24:00.000Z,187,12.66032791780777
"6977-Dolce-St,-Orlando,-FL-32819","6977 Dolce St, Orlando, FL 32819",6977 Dolce St,,Orlando,FL,32819,Orange County,28.459833,-81.477866,single_family,4.0,3.0,2988.0,5741.0,2005.0,Inactive,699000,2022-08-24T00:35:19.000Z,106,13.457407451830088
"8001-Cool-Breeze-Dr,---119,-Orlando,-FL-32819","8001 Cool Breeze Dr, # 119, Orlando, FL 32819",8001 Cool Breeze Dr,# 119,Orlando,FL,32819,Orange County,28.429843,-81.450902,condo,3.0,2.0,1746.0,688.0,2005.0,Inactive,388000,2022-10-05T04:43:50.000Z,64,12.868763195921677
"7383-Universal-Blvd,---1010,-Orlando,-FL-32819","7383 Universal Blvd, # 1010, Orlando, FL 32819",7383 Universal Blvd,# 1010,Orlando,FL,32819,Orange County,28.456616,-81.462615,condo,1.0,1.0,671.0,671.0,2008.0,Inactive,165000,2022-11-23T18:47:41.000Z,14,12.013706813470414
"5017-Steyr-St,-Orlando,-FL-32819","5017 Steyr St, Orlando, FL 32819",5017 Steyr St,,Orlando,FL,32819,Orange County,28.452251,-81.447469,single_family,3.0,2.0,1370.0,6419.0,1958.0,Inactive,319900,2022-08-08T21:07:13.000Z,120,12.675766851909591
"5000-Cayview-Ave,---204,-Orlando,-FL-32819","5000 Cayview Ave, # 204, Orlando, FL 32819",5000 Cayview Ave,# 204,Orlando,FL,32819,Orange County,28.429205,-81.448959,condo,3.0,2.0,1447.0,1490.0,2006.0,Inactive,431000,2022-05-14T04:02:34.000Z,203,12.973865689268807
"6029-Windhover-Dr,---A02,-Orlando,-FL-32819","6029 Windhover Dr, # A02, Orlando, FL 32819",6029 Windhover Dr,# A02,Orlando,FL,32819,Orange County,28.485493,-81.463705,condo,1.0,1.0,591.0,3553.0,1974.0,Inactive,157500,2022-11-12T23:05:20.000Z,20,11.967187086434018
"7395-Universal-Blvd,---606,-Orlando,-FL-32819","7395 Universal Blvd, # 606, Orlando, FL 32819",7395 Universal Blvd,# 606,Orlando,FL,32819,Orange County,28.45652,-81.462502,condo,2.0,2.0,1056.0,1056.0,2007.0,Inactive,299900,2022-09-08T15:06:59.000Z,83,12.611207699176356
"7469-Alpine-Butterfly-Ln,-Orlando,-FL-32819","7469 Alpine Butterfly Ln, Orlando, FL 32819",7469 Alpine Butterfly Ln,,Orlando,FL,32819,Orange County,28.442264,-81.483238,single_family,4.0,3.0,2935.0,20473.0,2020.0,Inactive,1200000,2022-11-16T20:08:01.000Z,13,13.997832948091215
"8703-Bay-Ridge-Blvd,-Orlando,-FL-32819","8703 Bay Ridge Blvd, Orlando, FL 32819",8703 Bay Ridge Blvd,,Orlando,FL,32819,Orange County,28.482438,-81.50254,single_family,3.0,2.0,2804.0,43996.0,1985.0,Inactive,699900,2022-08-04T19:42:11.000Z,116,13.45869417545215
"7717-Apple-Tree-Cir,-Orlando,-FL-32819","7717 Apple Tree Cir, Orlando, FL 32819",7717 Apple Tree Cir,,Orlando,FL,32819,Orange County,28.47371,-81.490512,single_family,4.0,3.0,2544.0,10890.0,1989.0,Inactive,799000,2022-10-14T01:05:46.000Z,46,13.591117476312084
"7201-Greenville-Ct,-Orlando,-FL-32819","7201 Greenville Ct, Orlando, FL 32819",7201 Greenville Ct,,Orlando,FL,32819,Orange County,28.465383,-81.475767,single_family,4.0,3.0,2084.0,14375.0,1985.0,Inactive,619000,2022-10-14T15:08:17.000Z,42,13.335862167174314
"7038-Cadiz-Blvd,-Orlando,-FL-32819","7038 Cadiz Blvd, Orlando, FL 32819",7038 Cadiz Blvd,,Orlando,FL,32819,Orange County,28.463092,-81.479539,townhouse,3.0,2.0,1672.0,1804.0,2006.0,Inactive,429900,2022-11-07T17:08:18.000Z,17,12.971310228604022
"8640-Tansy-Dr-N,-Orlando,-FL-32819","8640 Tansy Dr N, Orlando, FL 32819",8640 Tansy Dr N,,Orlando,FL,32819,Orange County,28.466532,-81.501612,single_family,4.0,3.0,2940.0,12632.0,1973.0,Inactive,599000,2022-11-01T10:48:47.000Z,23,13.303018546545275
"6425-Wellington-Dr,-Orlando,-FL-32819","6425 Wellington Dr, Orlando, FL 32819",6425 Wellington Dr,,Orlando,FL,32819,Orange County,28.468594,-81.481485,single_family,2.0,2.0,1831.0,6144.0,1986.0,Inactive,533500,2022-11-03T18:23:52.000Z,18,13.187216224136433
"7739-Windbreak-Rd,-Orlando,-FL-32819","7739 Windbreak Rd, Orlando, FL 32819",7739 Windbreak Rd,,Orlando,FL,32819,Orange County,28.453478,-81.492868,townhouse,2.0,2.0,1580.0,2553.0,1988.0,Inactive,395000,2022-11-10T17:06:37.000Z,10,12.886643575525625
"6220-Masters-Blvd,-Apt-103,-Orlando,-FL-32819","6220 Masters Blvd, Apt 103, Orlando, FL 32819",6220 Masters Blvd,Apt 103,Orlando,FL,32819,Orange County,28.458114,-81.513202,condo,2.0,2.0,1498.0,9413.0,1971.0,Inactive,595000,2022-11-10T01:41:01.000Z,10,13.296318365198623
"4102-Breakview-Dr,---20103,-Orlando,-FL-32819","4102 Breakview Dr, # 20103, Orlando, FL 32819",4102 Breakview Dr,# 20103,Orlando,FL,32819,Orange County,28.424805,-81.445196,condo,3.0,2.0,1247.0,1472.0,2007.0,Inactive,405000,2022-11-08T21:35:35.000Z,8,12.91164481522143
"7635-Clementine-Way,-Orlando,-FL-32819","7635 Clementine Way, Orlando, FL 32819",7635 Clementine Way,,Orlando,FL,32819,Orange County,28.462635,-81.487436,single_family,3.0,2.0,2659.0,13068.0,1978.0,Inactive,529990,2022-06-21T16:12:32.000Z,146,13.180615304252049
"7601-Canada-Ave,---510,-Orlando,-FL-32819","7601 Canada Ave, # 510, Orlando, FL 32819",7601 Canada Ave,# 510,Orlando,FL,32819,Orange County,28.452108,-81.467375,condo,1.0,1.0,542.0,542.0,1999.0,Inactive,142000,2022-08-12T11:17:50.000Z,95,11.863589378812122
"9048-Shawn-Park-Pl,-Orlando,-FL-32819","9048 Shawn Park Pl, Orlando, FL 32819",9048 Shawn Park Pl,,Orlando,FL,32819,Orange County,28.451728,-81.508393,single_family,4.0,3.0,3037.0,11326.0,1988.0,Inactive,750000,2022-08-28T22:04:57.000Z,78,13.527829818844937
"6709-Spring-Rain-Dr,-Orlando,-FL-32819","6709 Spring Rain Dr, Orlando, FL 32819",6709 Spring Rain Dr,,Orlando,FL,32819,Orange County,28.464225,-81.482123,single_family,4.0,3.0,2389.0,19166.0,1987.0,Inactive,619900,2022-09-14T19:48:02.000Z,61,13.337315066852122
"8454-Via-Vittoria-Way,-Orlando,-FL-32819","8454 Via Vittoria Way, Orlando, FL 32819",8454 Via Vittoria Way,,Orlando,FL,32819,Orange County,28.451687,-81.494624,single_family,3.0,2.0,2906.0,7482.0,2017.0,Inactive,1225000,2022-10-21T17:08:53.000Z,23,14.018452218287162
"6358-Masters-Blvd,---P5,-Orlando,-FL-32819","6358 Masters Blvd, # P5, Orlando, FL 32819",6358 Masters Blvd,# P5,Orlando,FL,32819,Orange County,28.456698,-81.512071,condo,3.0,3.0,2760.0,5342.0,1985.0,Inactive,799000,2022-09-11T03:41:47.000Z,62,13.591117476312084
"7004-Stonehedge-Dr,---154,-Orlando,-FL-32819","7004 Stonehedge Dr, # 154, Orlando, FL 32819",7004 Stonehedge Dr,# 154,Orlando,FL,32819,Orange County,28.460067,-81.4844,condo,3.0,2.0,1985.0,8633.0,2000.0,Inactive,445000,2022-07-02T19:15:48.000Z,130,13.005831808336863
"6330-Masters-Blvd,---N,-Orlando,-FL-32819","6330 Masters Blvd, # N, Orlando, FL 32819",6330 Masters Blvd,# N,Orlando,FL,32819,Orange County,28.457183,-81.512394,condo,2.0,2.0,1984.0,5536.0,1985.0,Inactive,574900,2022-08-31T01:24:18.000Z,71,13.261953131042814
"6236-Masters-Blvd,---E103,-Orlando,-FL-32819","6236 Masters Blvd, # E103, Orlando, FL 32819",6236 Masters Blvd,# E103,Orlando,FL,32819,Orange County,28.457575,-81.51297,condo,3.0,2.0,1898.0,8307.0,1971.0,Inactive,585000,2022-10-27T20:07:05.000Z,13,13.279368835614243
"5025-Shoreway-Loop,---20403,-Orlando,-FL-32819","5025 Shoreway Loop, # 20403, Orlando, FL 32819",5025 Shoreway Loop,# 20403,Orlando,FL,32819,Orange County,28.42941,-81.450441,condo,3.0,2.0,2097.0,2546.0,2006.0,Inactive,495000,2022-08-04T19:42:11.000Z,95,13.112315061750808
"9100-Dollanger-Ct,-Orlando,-FL-32819","9100 Dollanger Ct, Orlando, FL 32819",9100 Dollanger Ct,,Orlando,FL,32819,Orange County,28.480088,-81.50941,single_family,4.0,3.0,2541.0,14810.0,1996.0,Inactive,779000,2022-08-27T21:07:12.000Z,72,13.565767608549109
"7307-Cypress-Grove-Rd,---80,-Orlando,-FL-32819","7307 Cypress Grove Rd, # 80, Orlando, FL 32819",7307 Cypress Grove Rd,# 80,Orlando,FL,32819,Orange County,28.460125,-81.48378,townhouse,3.0,2.0,2214.0,12197.0,2000.0,Inactive,535000,2022-09-01T15:48:10.000Z,65,13.190023895035274
"5811-Windhover-Dr,---3E06--2,-Orlando,-FL-32819","5811 Windhover Dr, # 3E06 -2, Orlando, FL 32819",5811 Windhover Dr,# 3E06 -2,Orlando,FL,32819,Orange County,28.485613,-81.461781,condo,3.0,2.0,1146.0,6331.0,1974.0,Inactive,235000,2022-05-17T16:36:05.000Z,171,12.367345048436391
"4801-Kensington-Park-Blvd,-Orlando,-FL-32819","4801 Kensington Park Blvd, Orlando, FL 32819",4801 Kensington Park Blvd,,Orlando,FL,32819,Orange County,28.49079,-81.501517,single_family,5.0,4.0,4012.0,15682.0,2001.0,Inactive,899900,2022-10-03T21:07:04.000Z,32,13.710040036256004
"5121-Eaglesmere-Dr,---C05,-Orlando,-FL-32819","5121 Eaglesmere Dr, # C05, Orlando, FL 32819",5121 Eaglesmere Dr,# C05,Orlando,FL,32819,Orange County,28.488162,-81.462257,condo,2.0,2.0,1139.0,5299.0,1974.0,Inactive,125000,2022-10-14T03:06:43.000Z,22,11.736077016252437
"7011-Somerton-Blvd,---33,-Orlando,-FL-32819","7011 Somerton Blvd, # 33, Orlando, FL 32819",7011 Somerton Blvd,# 33,Orlando,FL,32819,Orange County,28.460379,-81.497454,single_family,4.0,3.0,2339.0,4324.0,1995.0,Inactive,603900,2022-09-23T12:11:18.000Z,42,13.311165556197917
"7025-Cadiz-Blvd,-Orlando,-FL-32819","7025 Cadiz Blvd, Orlando, FL 32819",7025 Cadiz Blvd,,Orlando,FL,32819,Orange County,28.463479,-81.479196,townhouse,2.0,2.0,1540.0,1800.0,2006.0,Inactive,399900,2022-08-04T19:42:11.000Z,89,12.89897229545694
"8167-Bluestar-Cir,-Orlando,-FL-32819","8167 Bluestar Cir, Orlando, FL 32819",8167 Bluestar Cir,,Orlando,FL,32819,Orange County,28.470772,-81.492398,single_family,4.0,3.0,2512.0,10890.0,1987.0,Inactive,569000,2022-08-30T19:17:41.000Z,63,13.251637470576167
"5707-Clearview-Dr,-Orlando,-FL-32819","5707 Clearview Dr, Orlando, FL 32819",5707 Clearview Dr,,Orlando,FL,32819,Orange County,28.481235,-81.477448,single_family,4.0,3.0,1374.0,10454.0,1970.0,Inactive,405000,2022-08-12T04:43:20.000Z,81,12.91164481522143
"5931-Pitch-Pine-Dr,-Orlando,-FL-32819","5931 Pitch Pine Dr, Orlando, FL 32819",5931 Pitch Pine Dr,,Orlando,FL,32819,Orange County,28.477762,-81.488877,single_family,4.0,3.0,2083.0,11326.0,1985.0,Inactive,535000,2022-10-20T20:07:45.000Z,11,13.190023895035274
"8825-Latrec-Ave,---6105,-Orlando,-FL-32819","8825 Latrec Ave, # 6105, Orlando, FL 32819",8825 Latrec Ave,# 6105,Orlando,FL,32819,Orange County,28.437671,-81.478743,condo,2.0,2.0,1003.0,10019.0,1994.0,Inactive,219000,2022-10-10T16:41:24.000Z,16,12.296831574998258
"8009-Landgrove-Ct,-Orlando,-FL-32819","8009 Landgrove Ct, Orlando, FL 32819",8009 Landgrove Ct,,Orlando,FL,32819,Orange County,28.492411,-81.493484,single_family,4.0,4.0,3171.0,11761.0,1993.0,Inactive,875000,2022-06-09T19:39:38.000Z,138,13.681980308196241
"5832-Medinah-Way,-Orlando,-FL-32819","5832 Medinah Way, Orlando, FL 32819",5832 Medinah Way,,Orlando,FL,32819,Orange County,28.466108,-81.504849,single_family,4.0,3.0,2948.0,18731.0,1978.0,Inactive,948000,2022-09-09T21:08:01.000Z,46,13.762110836088922
"5024-Shoreway-Loop,---30806,-Orlando,-FL-32819","5024 Shoreway Loop, # 30806, Orlando, FL 32819",5024 Shoreway Loop,# 30806,Orlando,FL,32819,Orange County,28.428402,-81.450445,condo,3.0,2.0,2097.0,2419.0,2006.0,Inactive,519000,2022-09-14T21:07:21.000Z,41,13.159661088928443
"5233-Fieldview-Ct,-Orlando,-FL-32819","5233 Fieldview Ct, Orlando, FL 32819",5233 Fieldview Ct,,Orlando,FL,32819,Orange County,28.480985,-81.507122,single_family,3.0,2.0,2368.0,23087.0,1984.0,Inactive,599900,2022-09-23T11:23:08.000Z,32,13.304519920584285
"6165-Carrier-Dr,---1901,-Orlando,-FL-32819","6165 Carrier Dr, # 1901, Orlando, FL 32819",6165 Carrier Dr,# 1901,Orlando,FL,32819,Orange County,28.456858,-81.467791,condo,2.0,2.0,578.0,578.0,1985.0,Inactive,189000,2022-10-10T20:09:28.000Z,14,12.149507585033072
"7725-Carriage-Homes-Dr,-Apt-14,-Orlando,-FL-32819","7725 Carriage Homes Dr, Apt 14, Orlando, FL 32819",7725 Carriage Homes Dr,Apt 14,Orlando,FL,32819,Orange County,28.459906,-81.489632,condo,2.0,2.0,1298.0,4609.0,1990.0,Inactive,345900,2022-07-21T02:05:43.000Z,95,12.753907885930044
"7601-Canada-Ave,---318,-Orlando,-FL-32819","7601 Canada Ave, # 318, Orlando, FL 32819",7601 Canada Ave,# 318,Orlando,FL,32819,Orange County,28.452025,-81.467413,condo,1.0,1.0,542.0,542.0,1999.0,Inactive,119000,2022-08-23T14:05:47.000Z,58,11.686887175419702
"7516-Toscana-Blvd,-Apt-243,-Orlando,-FL-32819","7516 Toscana Blvd, Apt 243, Orlando, FL 32819",7516 Toscana Blvd,Apt 243,Orlando,FL,32819,Orange County,28.456482,-81.479067,condo,3.0,2.0,2030.0,8302.0,2007.0,Inactive,499000,2022-07-17T01:46:49.000Z,94,13.120363378739663
"7210-Della-Dr,-Orlando,-FL-32819","7210 Della Dr, Orlando, FL 32819",7210 Della Dr,,Orlando,FL,32819,Orange County,28.458001,-81.490413,townhouse,2.0,2.0,1270.0,2249.0,1986.0,Inactive,375000,2022-09-23T21:08:10.000Z,25,12.834683971615659
"8601-Banyan-Blvd,-Orlando,-FL-32819","8601 Banyan Blvd, Orlando, FL 32819",8601 Banyan Blvd,,Orlando,FL,32819,Orange County,28.46791,-81.503226,single_family,4.0,2.0,1937.0,13504.0,1980.0,Inactive,475000,2022-08-20T00:41:40.000Z,59,13.07107218827772
"7432-Sparkling-Lake-Rd,-Orlando,-FL-32819","7432 Sparkling Lake Rd, Orlando, FL 32819",7432 Sparkling Lake Rd,,Orlando,FL,32819,Orange County,28.473563,-81.480893,single_family,4.0,2.0,2131.0,16988.0,1987.0,Inactive,549900,2022-09-23T14:42:15.000Z,24,13.217493541006709
"8044-Sandpoint-Blvd,-Orlando,-FL-32819","8044 Sandpoint Blvd, Orlando, FL 32819",8044 Sandpoint Blvd,,Orlando,FL,32819,Orange County,28.45241,-81.493959,townhouse,3.0,2.0,1994.0,2553.0,1988.0,Inactive,408900,2022-09-01T16:25:14.000Z,40,12.921228351935461
"7365-Alpine-Butterfly-Ln,-Orlando,-FL-32819","7365 Alpine Butterfly Ln, Orlando, FL 32819",7365 Alpine Butterfly Ln,,Orlando,FL,32819,Orange County,28.441663,-81.479627,townhouse,3.0,2.0,1638.0,3000.0,2020.0,Inactive,568000,2022-09-15T02:29:30.000Z,27,13.249878458265119
"7500-Toscana-Blvd,-Apt-334,-Orlando,-FL-32819","7500 Toscana Blvd, Apt 334, Orlando, FL 32819",7500 Toscana Blvd,Apt 334,Orlando,FL,32819,Orange County,28.456395,-81.478628,condo,3.0,2.0,2085.0,8905.0,2006.0,Inactive,499900,2022-05-23T22:10:53.000Z,138,13.12216535779974
"7037-Delora-Dr,-Orlando,-FL-32819","7037 Delora Dr, Orlando, FL 32819",7037 Delora Dr,,Orlando,FL,32819,Orange County,28.487428,-81.477273,single_family,4.0,2.0,1933.0,10019.0,1972.0,Inactive,440000,2022-09-06T17:07:08.000Z,31,12.994532278619134
"7426-Green-Tree-Dr,---113,-Orlando,-FL-32819","7426 Green Tree Dr, # 113, Orlando, FL 32819",7426 Green Tree Dr,# 113,Orlando,FL,32819,Orange County,28.459392,-81.483321,condo,3.0,2.0,2384.0,7953.0,2000.0,Inactive,525000,2022-09-11T14:35:11.000Z,27,13.171155446333852
"7910-Southwind-Ct,-Orlando,-FL-32819","7910 Southwind Ct, Orlando, FL 32819",7910 Southwind Ct,,Orlando,FL,32819,Orange County,28.45037,-81.504458,single_family,4.0,3.0,2965.0,20038.0,1986.0,Inactive,1200000,2022-09-26T17:05:49.000Z,11,13.997832948091215
"6416-Winder-Oaks-Blvd,-Orlando,-FL-32819","6416 Winder Oaks Blvd, Orlando, FL 32819",6416 Winder Oaks Blvd,,Orlando,FL,32819,Orange County,28.491335,-81.468617,single_family,3.0,2.0,1559.0,6325.0,1999.0,Inactive,450000,2022-09-23T18:35:51.000Z,13,13.017005083966255
"5036-Shoreway-Loop,---30605,-Orlando,-FL-32819","5036 Shoreway Loop, # 30605, Orlando, FL 32819",5036 Shoreway Loop,# 30605,Orlando,FL,32819,Orange County,28.428388,-81.451059,condo,3.0,2.0,2001.0,2118.0,2006.0,Inactive,490000,2022-08-08T00:35:11.000Z,57,13.102162710901053
"6120-Bimini-Twist-Loop,-Orlando,-FL-32819","6120 Bimini Twist Loop, Orlando, FL 32819",6120 Bimini Twist Loop,,Orlando,FL,32819,Orange County,28.442766,-81.481267,townhouse,3.0,2.0,1810.0,2999.0,2020.0,Inactive,599000,2022-09-13T18:36:54.000Z,20,13.303018546545275
"6216-Indian-Meadow-St,-Orlando,-FL-32819","6216 Indian Meadow St, Orlando, FL 32819",6216 Indian Meadow St,,Orlando,FL,32819,Orange County,28.455295,-81.504188,single_family,4.0,3.0,2709.0,13939.0,1983.0,Inactive,849000,2022-09-19T13:05:44.000Z,15,13.651815643149092
"7383-Universal-Blvd,---110,-Orlando,-FL-32819","7383 Universal Blvd, # 110, Orlando, FL 32819",7383 Universal Blvd,# 110,Orlando,FL,32819,Orange County,28.456616,-81.462615,condo,1.0,1.0,671.0,671.0,2008.0,Inactive,189000,2022-07-29T22:06:28.000Z,65,12.149507585033072
"6777-Sorrento-St,-Orlando,-FL-32819","6777 Sorrento St, Orlando, FL 32819",6777 Sorrento St,,Orlando,FL,32819,Orange County,28.458337,-81.47599,townhouse,3.0,2.0,2232.0,3606.0,2006.0,Inactive,510000,2022-08-05T03:35:07.000Z,56,13.1421679654829
"6665-Lake-Cane-Dr,-Orlando,-FL-32819","6665 Lake Cane Dr, Orlando, FL 32819",6665 Lake Cane Dr,,Orlando,FL,32819,Orange County,28.482876,-81.475222,single_family,5.0,3.0,2900.0,54886.0,1963.0,Inactive,1300000,2022-03-04T19:54:56.000Z,206,14.077875591662238
"9107-Windjammer-Ln,-Orlando,-FL-32819","9107 Windjammer Ln, Orlando, FL 32819",9107 Windjammer Ln,,Orlando,FL,32819,Orange County,28.473737,-81.513236,single_family,3.0,2.0,2098.0,11761.0,1984.0,Inactive,700000,2022-06-20T16:04:04.000Z,98,13.45883704259595
"7500-Toscana-Blvd,-Apt-344,-Orlando,-FL-32819","7500 Toscana Blvd, Apt 344, Orlando, FL 32819",7500 Toscana Blvd,Apt 344,Orlando,FL,32819,Orange County,28.456395,-81.478628,condo,3.0,2.0,2085.0,8905.0,2006.0,Inactive,549000,2022-08-05T20:47:10.000Z,51,13.215855541983634
"5804-Ridgeway-Dr,-Orlando,-FL-32819","5804 Ridgeway Dr, Orlando, FL 32819",5804 Ridgeway Dr,,Orlando,FL,32819,Orange County,28.480578,-81.478956,single_family,3.0,2.0,1326.0,11326.0,1959.0,Inactive,250000,2022-07-31T14:06:01.000Z,55,12.429220196836383
"6049-Lady-Bet-Dr,-Orlando,-FL-32819","6049 Lady Bet Dr, Orlando, FL 32819",6049 Lady Bet Dr,,Orlando,FL,32819,Orange County,28.462706,-81.514985,single_family,5.0,6.0,5434.0,28750.0,1999.0,Inactive,3400000,2022-03-21T21:14:45.000Z,185,15.039286283703994
"6088-Green-One-Ct,-Orlando,-FL-32819","6088 Green One Ct, Orlando, FL 32819",6088 Green One Ct,,Orlando,FL,32819,Orange County,28.461667,-81.508929,single_family,5.0,4.0,5144.0,21344.0,2017.0,Inactive,3000000,2022-09-12T13:17:35.000Z,11,14.914123179965662
"5880-Windhover-Dr,-Orlando,-FL-32819","5880 Windhover Dr, Orlando, FL 32819",5880 Windhover Dr,,Orlando,FL,32819,Orange County,28.484432,-81.461901,condo,2.0,2.0,1258.0,5398.0,1980.0,Inactive,200000,2022-09-12T15:07:15.000Z,10,12.206077645517674
"7305-Alpine-Butterfly-Ln,-Orlando,-FL-32819","7305 Alpine Butterfly Ln, Orlando, FL 32819",7305 Alpine Butterfly Ln,,Orlando,FL,32819,Orange County,28.44143,-81.478295,townhouse,4.0,3.0,1945.0,2660.0,2020.0,Inactive,589900,2022-07-26T23:06:29.000Z,57,13.287710005192306
"7550-Hinson-St,-Apt-3C,-Orlando,-FL-32819","7550 Hinson St, Apt 3C, Orlando, FL 32819",7550 Hinson St,Apt 3C,Orlando,FL,32819,Orange County,28.451628,-81.484633,condo,3.0,3.0,2650.0,13504.0,1985.0,Inactive,495000,2022-07-05T15:19:10.000Z,77,13.112315061750808
"7601-Canada-Ave,---215S,-Orlando,-FL-32819","7601 Canada Ave, # 215S, Orlando, FL 32819",7601 Canada Ave,# 215S,Orlando,FL,32819,Orange County,28.452025,-81.467413,condo,1.0,1.0,542.0,542.0,1999.0,Inactive,130000,2022-08-25T14:07:49.000Z,27,11.775297421715827
"7313-Somerset-Shores-Ct,-Orlando,-FL-32819","7313 Somerset Shores Ct, Orlando, FL 32819",7313 Somerset Shores Ct,,Orlando,FL,32819,Orange County,28.455824,-81.487179,townhouse,3.0,2.0,2246.0,3307.0,1989.0,Inactive,669000,2022-07-01T19:36:52.000Z,80,13.41354083387756
"7627-Clubhouse-Estates-Dr,-Orlando,-FL-32819","7627 Clubhouse Estates Dr, Orlando, FL 32819",7627 Clubhouse Estates Dr,,Orlando,FL,32819,Orange County,28.456595,-81.497954,single_family,3.0,2.0,1630.0,10890.0,1980.0,Inactive,459900,2022-08-30T20:50:08.000Z,18,13.038766527911386
"6165-Carrier-Dr,---1312,-Orlando,-FL-32819","6165 Carrier Dr, # 1312, Orlando, FL 32819",6165 Carrier Dr,# 1312,Orlando,FL,32819,Orange County,28.456858,-81.467791,condo,1.0,1.0,408.0,9168.0,1986.0,Inactive,149000,2022-08-15T16:41:23.000Z,32,11.91170829631447
"6959-Sorrento-St,-Orlando,-FL-32819","6959 Sorrento St, Orlando, FL 32819",6959 Sorrento St,,Orlando,FL,32819,Orange County,28.45833,-81.477911,townhouse,3.0,2.0,2104.0,3597.0,2005.0,Inactive,500000,2022-08-25T18:06:29.000Z,22,13.122365377402328
"5100-Vanguard-St,-Orlando,-FL-32819","5100 Vanguard St, Orlando, FL 32819",5100 Vanguard St,,Orlando,FL,32819,Orange County,28.460927,-81.448409,single_family,3.0,2.0,1260.0,6503.0,1961.0,Inactive,289900,2022-08-28T01:17:04.000Z,18,12.57729476436913
"4802-Cayview-Ave,---40714,-Orlando,-FL-32819","4802 Cayview Ave, # 40714, Orlando, FL 32819",4802 Cayview Ave,# 40714,Orlando,FL,32819,Orange County,28.428244,-81.4454,condo,2.0,2.0,1112.0,1212.0,2006.0,Inactive,310000,2022-09-02T16:35:56.000Z,12,12.644330802262578
"7392-Alpine-Butterfly-Ln,-Orlando,-FL-32819","7392 Alpine Butterfly Ln, Orlando, FL 32819",7392 Alpine Butterfly Ln,,Orlando,FL,32819,Orange County,28.441128,-81.480687,single_family,5.0,4.0,3910.0,19166.0,2022.0,Inactive,1295000,2022-04-20T19:42:58.000Z,146,14.07402202531625
"6901-Della-Dr,-Apt-24,-Orlando,-FL-32819","6901 Della Dr, Apt 24, Orlando, FL 32819",6901 Della Dr,Apt 24,Orlando,FL,32819,Orange County,28.460129,-81.488834,condo,3.0,2.0,1340.0,4804.0,1997.0,Inactive,368999,2022-05-03T01:30:28.000Z,132,12.818551923022664
"6053-Lexington-Park,---92,-Orlando,-FL-32819","6053 Lexington Park, # 92, Orlando, FL 32819",6053 Lexington Park,# 92,Orlando,FL,32819,Orange County,28.462408,-81.50327,condo,3.0,2.0,2546.0,7492.0,1985.0,Inactive,699000,2022-06-30T13:39:39.000Z,73,13.457407451830088
"6023-Windhover-Dr,---B12,-Orlando,-FL-32819","6023 Windhover Dr, # B12, Orlando, FL 32819",6023 Windhover Dr,# B12,Orlando,FL,32819,Orange County,28.485611,-81.463326,condo,1.0,1.0,918.0,6377.0,1974.0,Inactive,180000,2022-08-30T22:17:48.000Z,10,12.100717685412471
"7212-Grace-Rd,-Orlando,-FL-32819","7212 Grace Rd, Orlando, FL 32819",7212 Grace Rd,,Orlando,FL,32819,Orange County,28.480131,-81.481204,single_family,4.0,3.0,2578.0,74488.0,1959.0,Inactive,795000,2022-06-25T20:33:13.000Z,75,13.586098651497313
"7500-Toscana-Blvd,-Apt-312,-Orlando,-FL-32819","7500 Toscana Blvd, Apt 312, Orlando, FL 32819",7500 Toscana Blvd,Apt 312,Orlando,FL,32819,Orange County,28.456309,-81.478486,condo,3.0,2.0,2030.0,8905.0,2006.0,Inactive,435000,2022-08-31T17:11:19.000Z,8,12.983103608918753
"6969-Edgeworth-Dr,-Orlando,-FL-32819","6969 Edgeworth Dr, Orlando, FL 32819",6969 Edgeworth Dr,,Orlando,FL,32819,Orange County,28.466589,-81.480312,single_family,5.0,4.0,2896.0,21344.0,1987.0,Inactive,1000000,2022-09-01T03:41:18.000Z,8,13.815511557963774
"7209-Lake-Marsha-Dr,-Orlando,-FL-32819","7209 Lake Marsha Dr, Orlando, FL 32819",7209 Lake Marsha Dr,,Orlando,FL,32819,Orange County,28.483017,-81.479985,single_family,3.0,2.0,1212.0,8994.0,1960.0,Inactive,439900,2022-07-30T12:06:12.000Z,40,12.994304980578146
"9339-Cypress-Cove-Dr,-Orlando,-FL-32819","9339 Cypress Cove Dr, Orlando, FL 32819",9339 Cypress Cove Dr,,Orlando,FL,32819,Orange County,28.448125,-81.513456,single_family,4.0,3.0,4059.0,17424.0,1986.0,Inactive,1550000,2022-08-25T13:48:13.000Z,14,14.253766134056512
"6118-Peregrine-Ave,---A01,-Orlando,-FL-32819","6118 Peregrine Ave, # A01, Orlando, FL 32819",6118 Peregrine Ave,# A01,Orlando,FL,32819,Orange County,28.485804,-81.464285,condo,1.0,1.0,591.0,3552.0,1974.0,Inactive,140000,2022-08-25T02:05:38.000Z,12,11.849404844423074
"8823-Bay-Hill-Blvd,-Orlando,-FL-32819","8823 Bay Hill Blvd, Orlando, FL 32819",8823 Bay Hill Blvd,,Orlando,FL,32819,Orange County,28.459385,-81.508846,single_family,5.0,4.0,4555.0,19166.0,1975.0,Inactive,1399000,2022-03-30T15:32:12.000Z,158,14.151268968443645
"6024-Peregrine-Ave,---F01,-Orlando,-FL-32819","6024 Peregrine Ave, # F01, Orlando, FL 32819",6024 Peregrine Ave,# F01,Orlando,FL,32819,Orange County,28.486854,-81.463276,condo,3.0,2.0,1258.0,6418.0,1974.0,Inactive,245000,2022-08-26T19:07:04.000Z,8,12.409017571151187
"4840-Cayview-Ave,---10110,-Orlando,-FL-32819","4840 Cayview Ave, # 10110, Orlando, FL 32819",4840 Cayview Ave,# 10110,Orlando,FL,32819,Orange County,28.428352,-81.4477,single_family,2.0,2.0,1823.0,5413.0,2007.0,Inactive,460000,2022-05-18T14:51:11.000Z,107,13.038983942375959
"6819-Spring-Rain-Dr,-Orlando,-FL-32819","6819 Spring Rain Dr, Orlando, FL 32819",6819 Spring Rain Dr,,Orlando,FL,32819,Orange County,28.462213,-81.482409,single_family,4.0,3.0,2188.0,13939.0,1987.0,Inactive,569499,2022-07-15T02:11:55.000Z,49,13.252514061869373
"5141-Pine-Top-Pl,-Orlando,-FL-32819","5141 Pine Top Pl, Orlando, FL 32819",5141 Pine Top Pl,,Orlando,FL,32819,Orange County,28.485144,-81.504729,single_family,4.0,3.0,2933.0,22216.0,1989.0,Inactive,900000,2022-05-19T19:28:09.000Z,103,13.710151153416941
"5510-Baybrook-Ave,-Orlando,-FL-32819","5510 Baybrook Ave, Orlando, FL 32819",5510 Baybrook Ave,,Orlando,FL,32819,Orange County,28.484531,-81.486267,single_family,4.0,2.0,1786.0,14810.0,1983.0,Inactive,411000,2022-06-19T16:38:38.000Z,72,12.926350926565435
"5860-Peregrine-Ave,---24E05,-Orlando,-FL-32819","5860 Peregrine Ave, # 24E05, Orlando, FL 32819",5860 Peregrine Ave,# 24E05,Orlando,FL,32819,Orange County,28.486908,-81.461203,condo,3.0,2.0,1146.0,6252.0,1974.0,Inactive,224900,2022-08-19T18:23:13.000Z,11,12.323415584358154
"4831-Tidecrest-Ave,---154,-Orlando,-FL-32819","4831 Tidecrest Ave, # 154, Orlando, FL 32819",4831 Tidecrest Ave,# 154,Orlando,FL,32819,Orange County,28.429308,-81.445495,townhouse,3.0,2.0,1741.0,707.0,2007.0,Inactive,399000,2022-06-06T15:15:51.000Z,83,12.896719202134523
"5036-Shoreway-Loop,---308,-Orlando,-FL-32819","5036 Shoreway Loop, # 308, Orlando, FL 32819",5036 Shoreway Loop,# 308,Orlando,FL,32819,Orange County,28.42865,-81.45099,condo,3.0,2.0,2097.0,2419.0,2006.0,Inactive,569950,2022-06-21T19:53:15.000Z,65,13.253305671203258
"7605-Pissarro-Dr,---13203,-Orlando,-FL-32819","7605 Pissarro Dr, # 13203, Orlando, FL 32819",7605 Pissarro Dr,# 13203,Orlando,FL,32819,Orange County,28.436263,-81.479811,condo,3.0,2.0,1193.0,12197.0,1994.0,Inactive,264999,2022-08-13T02:10:43.000Z,13,12.487485104968359
"8052-Oakland-Pl,-Orlando,-FL-32819","8052 Oakland Pl, Orlando, FL 32819",8052 Oakland Pl,,Orlando,FL,32819,Orange County,28.486978,-81.493029,single_family,6.0,6.0,5806.0,40511.0,1996.0,Inactive,1100000,2022-02-26T00:02:43.000Z,180,13.910821646859095
"7550-Hinson-St,-Apt-3B,-Orlando,-FL-32819","7550 Hinson St, Apt 3B, Orlando, FL 32819",7550 Hinson St,Apt 3B,Orlando,FL,32819,Orange County,28.451628,-81.484627,condo,3.0,3.0,2610.0,13504.0,1985.0,Inactive,595000,2022-07-06T19:28:03.000Z,47,13.296318365198623
"7685-Sundial-Ln,-Orlando,-FL-32819","7685 Sundial Ln, Orlando, FL 32819",7685 Sundial Ln,,Orlando,FL,32819,Orange County,28.454463,-81.493865,townhouse,2.0,2.0,1575.0,2557.0,1988.0,Inactive,375000,2022-08-06T18:07:06.000Z,16,12.834683971615659
"6165-Carrier-Dr,---1605,-Orlando,-FL-32819","6165 Carrier Dr, # 1605, Orlando, FL 32819",6165 Carrier Dr,# 1605,Orlando,FL,32819,Orange County,28.456858,-81.467791,condo,2.0,2.0,583.0,583.0,1985.0,Inactive,184900,2022-08-10T16:07:54.000Z,11,12.127575825689417
"7427-Somerset-Shores-Ct,-Orlando,-FL-32819","7427 Somerset Shores Ct, Orlando, FL 32819",7427 Somerset Shores Ct,,Orlando,FL,32819,Orange County,28.454445,-81.487126,townhouse,3.0,3.0,2741.0,3560.0,1990.0,Inactive,610000,2022-08-12T05:05:24.000Z,9,13.321215875492413
"8394-Via-Vittoria-Way,-Orlando,-FL-32819","8394 Via Vittoria Way, Orlando, FL 32819",8394 Via Vittoria Way,,Orlando,FL,32819,Orange County,28.452641,-81.4952,single_family,4.0,3.0,3851.0,4806.0,2017.0,Inactive,1200000,2022-05-24T13:22:59.000Z,88,13.997832948091215
"6165-Carrier-Dr,---3202,-Orlando,-FL-32819","6165 Carrier Dr, # 3202, Orlando, FL 32819",6165 Carrier Dr,# 3202,Orlando,FL,32819,Orange County,28.456927,-81.468843,condo,2.0,2.0,578.0,578.0,1986.0,Inactive,210000,2022-07-28T18:08:27.000Z,21,12.25486757159303
"6165-Carrier-Dr,---3804,-Orlando,-FL-32819","6165 Carrier Dr, # 3804, Orlando, FL 32819",6165 Carrier Dr,# 3804,Orlando,FL,32819,Orange County,28.456927,-81.468843,condo,2.0,2.0,583.0,9168.0,1986.0,Inactive,185000,2022-07-10T20:34:34.000Z,38,12.128116509451258
"10330-Turkey-Lake-A-6-A-k-a-Rd,-Unit-101,-Orlando,-FL-32819","10330 Turkey Lake A-6 A/k/a Rd, Unit 101, Orlando, FL 32819",10330 Turkey Lake A-6 A/k/a Rd,Unit 101,Orlando,FL,32819,Orange County,28.417796,-81.476599,condo,1.0,1.0,745.0,403.0,1984.0,Inactive,195000,2022-08-04T19:42:11.000Z,13,12.180759965737863
"10316-Turkey-Lake-A-7-A-k-a-Rd,-Unit-111,-Orlando,-FL-32819","10316 Turkey Lake A-7 A/k/a Rd, Unit 111, Orlando, FL 32819",10316 Turkey Lake A-7 A/k/a Rd,Unit 111,Orlando,FL,32819,Orange County,28.418086,-81.476396,condo,1.0,1.0,745.0,403.0,1984.0,Inactive,158000,2022-08-05T17:29:58.000Z,12,11.970356641102999
"7326-Lake-Floy-Cir,-Orlando,-FL-32819","7326 Lake Floy Cir, Orlando, FL 32819",7326 Lake Floy Cir,,Orlando,FL,32819,Orange County,28.485183,-81.482167,single_family,4.0,2.0,1389.0,28750.0,1973.0,Inactive,389000,2022-03-01T00:26:43.000Z,169,12.871337193291367
"8834-Great-Cove-Dr,-Orlando,-FL-32819","8834 Great Cove Dr, Orlando, FL 32819",8834 Great Cove Dr,,Orlando,FL,32819,Orange County,28.475578,-81.506781,single_family,5.0,4.0,3510.0,11326.0,1996.0,Inactive,1315000,2022-05-22T18:30:40.000Z,86,14.089347984049986
"9236-Bay-Point-Dr,-Orlando,-FL-32819","9236 Bay Point Dr, Orlando, FL 32819",9236 Bay Point Dr,,Orlando,FL,32819,Orange County,28.452385,-81.517026,single_family,5.0,4.0,9764.0,31799.0,2020.0,Inactive,6670000,2022-07-11T04:07:25.000Z,37,15.713130567816833
"6833-Piazza-St,-Orlando,-FL-32819","6833 Piazza St, Orlando, FL 32819",6833 Piazza St,,Orlando,FL,32819,Orange County,28.457593,-81.476584,townhouse,3.0,2.0,2077.0,3601.0,2006.0,Inactive,519000,2022-08-01T18:18:38.000Z,15,13.159661088928443
"8020-Sandpoint-Blvd,-Orlando,-FL-32819","8020 Sandpoint Blvd, Orlando, FL 32819",8020 Sandpoint Blvd,,Orlando,FL,32819,Orange County,28.452362,-81.493312,townhouse,3.0,2.0,1850.0,2553.0,1987.0,Inactive,459000,2022-08-04T19:42:11.000Z,11,13.036807667689546
"8334-Via-Vittoria-Way,-Orlando,-FL-32819","8334 Via Vittoria Way, Orlando, FL 32819",8334 Via Vittoria Way,,Orlando,FL,32819,Orange County,28.452085,-81.495999,single_family,4.0,3.0,3851.0,4800.0,2018.0,Inactive,1364000,2020-09-22T02:29:03.823Z,692,14.125932850523105
"8036-Cool-Breeze-Dr,---133,-Orlando,-FL-32819","8036 Cool Breeze Dr, # 133, Orlando, FL 32819",8036 Cool Breeze Dr,# 133,Orlando,FL,32819,Orange County,28.429342,-81.452417,townhouse,3.0,2.0,1777.0,688.0,2005.0,Inactive,385000,2022-07-15T14:45:12.471Z,31,12.861001210669146
"5543-Bay-Side-Dr,-Orlando,-FL-32819","5543 Bay Side Dr, Orlando, FL 32819",5543 Bay Side Dr,,Orlando,FL,32819,Orange County,28.475776,-81.514662,single_family,3.0,2.0,2366.0,12197.0,1986.0,Inactive,650000,2022-06-01T15:57:23.496Z,75,13.384729180332174
"7518-Mandarin-Dr,-Orlando,-FL-32819","7518 Mandarin Dr, Orlando, FL 32819",7518 Mandarin Dr,,Orlando,FL,32819,Orange County,28.45487,-81.446467,single_family,5.0,3.0,1716.0,6453.0,1959.0,Inactive,319000,2022-06-08T13:05:01.316Z,68,12.672949516558306
"5036-Shoreway-Loop,---30105,-Orlando,-FL-32819","5036 Shoreway Loop, # 30105, Orlando, FL 32819",5036 Shoreway Loop,# 30105,Orlando,FL,32819,Orange County,28.428555,-81.450875,condo,3.0,2.0,2001.0,2546.0,2006.0,Inactive,504900,2022-08-05T17:03:54.642Z,10,13.132117649435262
"6165-Carrier-Dr,---1609,-Orlando,-FL-32819","6165 Carrier Dr, # 1609, Orlando, FL 32819",6165 Carrier Dr,# 1609,Orlando,FL,32819,Orange County,28.456858,-81.467791,condo,1.0,1.0,408.0,408.0,1985.0,Inactive,179900,2022-08-05T16:40:04.672Z,10,12.100161978566867
"7501-Quail-Run-Ct,-Orlando,-FL-32819","7501 Quail Run Ct, Orlando, FL 32819",7501 Quail Run Ct,,Orlando,FL,32819,Orange County,28.492556,-81.483701,single_family,3.0,3.0,1913.0,11326.0,1985.0,Inactive,399000,2022-06-17T14:17:42.159Z,59,12.896719202134523
"7803-Sugar-Brook-Ct,---7803,-Orlando,-FL-32819","7803 Sugar Brook Ct, # 7803, Orlando, FL 32819",7803 Sugar Brook Ct,# 7803,Orlando,FL,32819,Orange County,28.458154,-81.491961,condo,3.0,2.0,1212.0,7796.0,1996.0,Inactive,319900,2022-08-05T16:40:04.634Z,10,12.675766851909591
"7550-Hinson-St,---10,-Orlando,-FL-32819","7550 Hinson St, # 10, Orlando, FL 32819",7550 Hinson St,# 10,Orlando,FL,32819,Orange County,28.451628,-81.484633,condo,3.0,3.0,2610.0,13504.0,1985.0,Inactive,545000,2022-08-05T16:33:28.711Z,10,13.208542908506082
"7618-Pissarro-Dr,---15307,-Orlando,-FL-32819","7618 Pissarro Dr, # 15307, Orlando, FL 32819",7618 Pissarro Dr,# 15307,Orlando,FL,32819,Orange County,28.435788,-81.48041,condo,2.0,2.0,1003.0,10019.0,1994.0,Inactive,229900,2022-07-13T11:50:31.802Z,33,12.345404060459082
"9160-Dollanger-Ct,-Orlando,-FL-32819","9160 Dollanger Ct, Orlando, FL 32819",9160 Dollanger Ct,,Orlando,FL,32819,Orange County,28.481967,-81.509537,single_family,4.0,3.0,2779.0,15246.0,1997.0,Inactive,825000,2022-06-22T16:56:58.566Z,54,13.623139877437296
"7728-Windbreak-Rd,-Orlando,-FL-32819","7728 Windbreak Rd, Orlando, FL 32819",7728 Windbreak Rd,,Orlando,FL,32819,Orange County,28.453647,-81.493375,townhouse,2.0,2.0,1222.0,2552.0,1988.0,Inactive,350000,2022-06-25T13:24:22.842Z,51,12.765691290604371
"8743-Summerville-Pl,-Orlando,-FL-32819","8743 Summerville Pl, Orlando, FL 32819",8743 Summerville Pl,,Orlando,FL,32819,Orange County,28.486092,-81.503519,single_family,5.0,4.0,3325.0,21780.0,1989.0,Inactive,999900,2022-06-28T16:33:12.964Z,48,13.81541155306345
"5505-Spring-Run-Ave,-Orlando,-FL-32819","5505 Spring Run Ave, Orlando, FL 32819",5505 Spring Run Ave,,Orlando,FL,32819,Orange County,28.484722,-81.484636,single_family,3.0,2.0,2155.0,11761.0,1983.0,Inactive,500000,2022-06-28T15:23:33.618Z,48,13.122365377402328
"6730-Edgeworth-Dr,-Orlando,-FL-32819","6730 Edgeworth Dr, Orlando, FL 32819",6730 Edgeworth Dr,,Orlando,FL,32819,Orange County,28.464879,-81.480508,single_family,4.0,2.0,2494.0,25265.0,1985.0,Inactive,725000,2022-06-29T16:06:24.126Z,47,13.493928313146206
"5710-Bay-Side-Dr,-Orlando,-FL-32819","5710 Bay Side Dr, Orlando, FL 32819",5710 Bay Side Dr,,Orlando,FL,32819,Orange County,28.472378,-81.51529,single_family,3.0,2.0,2965.0,10890.0,1988.0,Inactive,819900,2022-06-29T16:21:03.469Z,47,13.61693888024446
"8404-Shady-Glen-Dr,-Orlando,-FL-32819","8404 Shady Glen Dr, Orlando, FL 32819",8404 Shady Glen Dr,,Orlando,FL,32819,Orange County,28.475241,-81.501804,single_family,3.0,2.0,1666.0,10890.0,1984.0,Inactive,385000,2022-06-30T15:38:47.283Z,44,12.861001210669146
"7434-Green-Tree-Dr,---110,-Orlando,-FL-32819","7434 Green Tree Dr, # 110, Orlando, FL 32819",7434 Green Tree Dr,# 110,Orlando,FL,32819,Orange County,28.459391,-81.483862,townhouse,3.0,2.0,2214.0,7953.0,2000.0,Inactive,525000,2022-07-14T16:01:31.498Z,30,13.171155446333852
"6859-Slaven-Dr,-Orlando,-FL-32819","6859 Slaven Dr, Orlando, FL 32819",6859 Slaven Dr,,Orlando,FL,32819,Orange County,28.462698,-81.479618,townhouse,2.0,2.0,1540.0,1844.0,2006.0,Inactive,365000,2022-07-09T15:36:25.380Z,35,12.807655372286902
"9200-Country-Bay-Ct,-Orlando,-FL-32819","9200 Country Bay Ct, Orlando, FL 32819",9200 Country Bay Ct,,Orlando,FL,32819,Orange County,28.449498,-81.509907,single_family,4.0,4.0,3288.0,21344.0,1987.0,Inactive,925000,2022-07-12T17:06:24.016Z,32,13.73755009757506
"7647-Clementine-Way,-Orlando,-FL-32819","7647 Clementine Way, Orlando, FL 32819",7647 Clementine Way,,Orlando,FL,32819,Orange County,28.463134,-81.487626,single_family,4.0,2.0,1816.0,17860.0,1977.0,Inactive,629000,2022-07-16T16:45:39.235Z,28,13.351888125506433
"6422-Ridgeberry-Dr,-Orlando,-FL-32819","6422 Ridgeberry Dr, Orlando, FL 32819",6422 Ridgeberry Dr,,Orlando,FL,32819,Orange County,28.469306,-81.505444,single_family,5.0,3.0,3502.0,16117.0,1980.0,Inactive,580345,2022-01-22T10:47:27.433Z,204,13.271379756380494
"7805-Pine-Marsh-Ct,-Orlando,-FL-32819","7805 Pine Marsh Ct, Orlando, FL 32819",7805 Pine Marsh Ct,,Orlando,FL,32819,Orange County,28.480814,-81.490888,single_family,4.0,3.0,2310.0,17860.0,1987.0,Inactive,730000,2022-07-22T17:10:26.341Z,22,13.500801182986649
"7205-Dr-Phillips-Blvd,-Orlando,-FL-32819","7205 Dr Phillips Blvd, Orlando, FL 32819",7205 Dr Phillips Blvd,,Orlando,FL,32819,Orange County,28.457951,-81.491017,townhouse,3.0,2.0,1942.0,2427.0,1985.0,Inactive,395000,2022-07-22T15:16:40.533Z,23,12.886643575525625
"8732-Summerville-Pl,-Orlando,-FL-32819","8732 Summerville Pl, Orlando, FL 32819",8732 Summerville Pl,,Orlando,FL,32819,Orange County,28.485453,-81.502764,single_family,4.0,3.0,2907.0,22651.0,1990.0,Inactive,850000,2022-06-15T16:24:29.366Z,59,13.652992804936396
"8537-Tansy-Dr,-Orlando,-FL-32819","8537 Tansy Dr, Orlando, FL 32819",8537 Tansy Dr,,Orlando,FL,32819,Orange County,28.467049,-81.500341,single_family,4.0,2.0,1872.0,11326.0,1976.0,Inactive,524900,2022-08-05T10:54:23.240Z,9,13.170964952363363
"7845-Clubhouse-Estates-Dr,-Orlando,-FL-32819","7845 Clubhouse Estates Dr, Orlando, FL 32819",7845 Clubhouse Estates Dr,,Orlando,FL,32819,Orange County,28.452397,-81.498638,single_family,3.0,2.0,2303.0,10019.0,1980.0,Inactive,510000,2022-08-05T10:49:45.768Z,9,13.1421679654829
"7051-Nw-Phillips-Cove-Ct,-Orlando,-FL-32819","7051 Nw Phillips Cove Ct, Orlando, FL 32819",7051 Nw Phillips Cove Ct,,Orlando,FL,32819,Orange County,28.458476,-81.486982,single_family,5.0,6.0,6235.0,14810.0,2005.0,Inactive,1639000,2022-05-15T15:43:08.356Z,90,14.309597467853907
"8629-Oldbridge-Ln,-Orlando,-FL-32819","8629 Oldbridge Ln, Orlando, FL 32819",8629 Oldbridge Ln,,Orlando,FL,32819,Orange County,28.483246,-81.500333,single_family,5.0,4.0,3267.0,7900.0,1987.0,Inactive,950000,2022-07-16T17:03:51.942Z,22,13.76421831620775
"8029-Palm-Lake-Dr,-Orlando,-FL-32819","8029 Palm Lake Dr, Orlando, FL 32819",8029 Palm Lake Dr,,Orlando,FL,32819,Orange County,28.478327,-81.493019,single_family,2.0,2.0,3112.0,7900.0,1987.0,Inactive,845000,2022-06-10T16:04:48.362Z,58,13.647093089770562
"6053-Lexington-Park,-Unit-92,-Orlando,-FL-32819","6053 Lexington Park, Unit 92, Orlando, FL 32819",6053 Lexington Park,Unit 92,Orlando,FL,32819,Orange County,28.462408,-81.50327,condo,3.0,2.0,2546.0,7900.0,1987.0,Inactive,700000,2022-06-30T16:25:08.711Z,38,13.45883704259595
"5049-Shoreway-Loop,-Unit-40801,-Orlando,-FL-32819","5049 Shoreway Loop, Unit 40801, Orlando, FL 32819",5049 Shoreway Loop,Unit 40801,Orlando,FL,32819,Orange County,28.429378,-81.451553,condo,3.0,2.0,2097.0,7900.0,1987.0,Inactive,578900,2022-03-24T14:15:42.739Z,142,13.268886757479665
"5036-Shoreway-Loop,-Unit-308,-Orlando,-FL-32819","5036 Shoreway Loop, Unit 308, Orlando, FL 32819",5036 Shoreway Loop,Unit 308,Orlando,FL,32819,Orange County,28.42865,-81.45099,condo,3.0,2.0,2097.0,7900.0,1987.0,Inactive,569950,2022-06-22T16:37:15.219Z,52,13.253305671203258
"7302-Lake-Marsha-Dr,-Orlando,-FL-32819","7302 Lake Marsha Dr, Orlando, FL 32819",7302 Lake Marsha Dr,,Orlando,FL,32819,Orange County,28.482371,-81.48158,single_family,4.0,3.0,1928.0,7900.0,1987.0,Inactive,559900,2022-05-26T15:17:31.343Z,79,13.23551526136861
"5036-Shoreway-Loop,-Unit-10405,-Orlando,-FL-32819","5036 Shoreway Loop, Unit 10405, Orlando, FL 32819",5036 Shoreway Loop,Unit 10405,Orlando,FL,32819,Orange County,28.428382,-81.450733,condo,3.0,2.0,2097.0,7900.0,1987.0,Inactive,550000,2022-06-01T15:54:18.108Z,73,13.217675375388819
"7550-Hinson-St,-Unit-10,-Orlando,-FL-32819","7550 Hinson St, Unit 10, Orlando, FL 32819",7550 Hinson St,Unit 10,Orlando,FL,32819,Orange County,28.451628,-81.484633,condo,3.0,3.0,2610.0,7900.0,1987.0,Inactive,545000,2022-06-18T16:11:10.373Z,56,13.208542908506082
"7424-Green-Tree-Dr,-Unit-114,-Orlando,-FL-32819","7424 Green Tree Dr, Unit 114, Orlando, FL 32819",7424 Green Tree Dr,Unit 114,Orlando,FL,32819,Orange County,28.459392,-81.483321,condo,3.0,2.0,2214.0,7900.0,1987.0,Inactive,529000,2022-05-25T15:24:48.711Z,80,13.178745601197818
"5528-Spring-Run-Ave,-Orlando,-FL-32819","5528 Spring Run Ave, Orlando, FL 32819",5528 Spring Run Ave,,Orlando,FL,32819,Orange County,28.484059,-81.485237,single_family,3.0,2.0,1620.0,7900.0,1987.0,Inactive,519900,2021-05-12T16:23:06.931Z,458,13.161393687816775
"5036-Shoreway-Loop,-Unit-30105,-Orlando,-FL-32819","5036 Shoreway Loop, Unit 30105, Orlando, FL 32819",5036 Shoreway Loop,Unit 30105,Orlando,FL,32819,Orange County,28.428555,-81.450875,condo,3.0,2.0,2001.0,7900.0,1987.0,Inactive,504900,2022-06-14T15:31:17.052Z,60,13.132117649435262
"4840-Cayview-Ave,-Unit-10110,-Orlando,-FL-32819","4840 Cayview Ave, Unit 10110, Orlando, FL 32819",4840 Cayview Ave,Unit 10110,Orlando,FL,32819,Orange County,28.428352,-81.4477,condo,2.0,2.0,1823.0,7900.0,1987.0,Inactive,460000,2022-05-19T14:39:57.141Z,86,13.038983942375959
"8045-Sandberry-Blvd,-Orlando,-FL-32819","8045 Sandberry Blvd, Orlando, FL 32819",8045 Sandberry Blvd,,Orlando,FL,32819,Orange County,28.474359,-81.493693,single_family,3.0,2.0,1688.0,7900.0,1987.0,Inactive,439000,2020-09-29T15:53:43.099Z,683,12.992256969959042
"5000-Cayview-Ave,-Unit-204,-Orlando,-FL-32819","5000 Cayview Ave, Unit 204, Orlando, FL 32819",5000 Cayview Ave,Unit 204,Orlando,FL,32819,Orange County,28.429205,-81.448959,condo,3.0,2.0,1447.0,7900.0,1987.0,Inactive,431000,2022-05-14T14:06:44.687Z,91,12.973865689268807
"8244-Breeze-Cove-Ln,-Orlando,-FL-32819","8244 Breeze Cove Ln, Orlando, FL 32819",8244 Breeze Cove Ln,,Orlando,FL,32819,Orange County,28.453902,-81.496275,condo,3.0,2.0,1648.0,7900.0,1987.0,Inactive,425000,2022-06-03T14:56:05.153Z,71,12.959846800844963
"6955-Della-Dr,-Apt-43,-Orlando,-FL-32819","6955 Della Dr, Apt 43, Orlando, FL 32819",6955 Della Dr,Apt 43,Orlando,FL,32819,Orange County,28.460196,-81.489661,condo,3.0,2.0,1340.0,7900.0,1987.0,Inactive,380000,2022-06-23T16:44:37.472Z,51,12.847929163278053
"7852-Sugar-View-Ct,-Unit-7852,-Orlando,-FL-32819","7852 Sugar View Ct, Unit 7852, Orlando, FL 32819",7852 Sugar View Ct,Unit 7852,Orlando,FL,32819,Orange County,28.455235,-81.492111,condo,3.0,2.0,1212.0,7900.0,1987.0,Inactive,339900,2022-06-28T13:40:48.413Z,46,12.736409677721657
"7383-Universal-Blvd,-Unit-307,-Orlando,-FL-32819","7383 Universal Blvd, Unit 307, Orlando, FL 32819",7383 Universal Blvd,Unit 307,Orlando,FL,32819,Orange County,28.456616,-81.462615,condo,2.0,2.0,1056.0,7900.0,1987.0,Inactive,325000,2021-11-13T13:54:07.656Z,273,12.691583538230217
"7858-Sugar-View-Ct,---7858,-Orlando,-FL-32819","7858 Sugar View Ct, # 7858, Orlando, FL 32819",7858 Sugar View Ct,# 7858,Orlando,FL,32819,Orange County,28.455235,-81.492111,condo,2.0,2.0,1014.0,7900.0,1987.0,Inactive,295000,2022-07-16T13:39:48.075Z,28,12.59473402514672
"7769-Sugar-Bend-Dr,---7769,-Orlando,-FL-32819","7769 Sugar Bend Dr, # 7769, Orlando, FL 32819",7769 Sugar Bend Dr,# 7769,Orlando,FL,32819,Orange County,28.456637,-81.494663,condo,2.0,2.0,1075.0,7900.0,1987.0,Inactive,292500,2022-07-13T12:32:29.275Z,31,12.586223364451623
"7719-Aviano-Ave,-Orlando,-FL-32819","7719 Aviano Ave, Orlando, FL 32819",7719 Aviano Ave,,Orlando,FL,32819,Orange County,28.453269,-81.449242,single_family,4.0,2.0,1008.0,7900.0,1987.0,Inactive,275000,2022-06-20T13:31:13.162Z,54,12.524530013005734
"5811-Windhover-Dr,-Unit-3E06,-Orlando,-FL-32819","5811 Windhover Dr, Unit 3E06, Orlando, FL 32819",5811 Windhover Dr,Unit 3E06,Orlando,FL,32819,Orange County,28.485613,-81.461781,condo,3.0,2.0,1146.0,7900.0,1987.0,Inactive,274900,2022-05-18T12:14:30.145Z,87,12.524166311833152
"6006-Peregrine-Ave,-Unit-D10,-Orlando,-FL-32819","6006 Peregrine Ave, Unit D10, Orlando, FL 32819",6006 Peregrine Ave,Unit D10,Orlando,FL,32819,Orange County,28.486854,-81.463276,condo,2.0,2.0,999.0,7900.0,1987.0,Inactive,240000,2022-05-21T12:56:41.108Z,84,12.388398368982115
"5836-Peregrine-Ave,-Unit-E04,-Orlando,-FL-32819","5836 Peregrine Ave, Unit E04, Orlando, FL 32819",5836 Peregrine Ave,Unit E04,Orlando,FL,32819,Orange County,28.486533,-81.461517,condo,3.0,2.0,1146.0,7900.0,1987.0,Inactive,235000,2022-04-24T13:50:21.984Z,111,12.367345048436391
"6165-Carrier-Dr,-Unit-3104,-Orlando,-FL-32819","6165 Carrier Dr, Unit 3104, Orlando, FL 32819",6165 Carrier Dr,Unit 3104,Orlando,FL,32819,Orange County,28.456927,-81.468843,condo,2.0,2.0,583.0,7900.0,1987.0,Inactive,189990,2022-04-04T09:55:58.617Z,131,12.154731981599651
"6165-Carrier-Dr,-Unit-1609,-Orlando,-FL-32819","6165 Carrier Dr, Unit 1609, Orlando, FL 32819",6165 Carrier Dr,Unit 1609,Orlando,FL,32819,Orange County,28.456858,-81.467791,condo,1.0,1.0,408.0,7900.0,1987.0,Inactive,179900,2022-06-16T12:19:19.160Z,58,12.100161978566867
"6165-Carrier-Dr,-Unit-3512,-Orlando,-FL-32819","6165 Carrier Dr, Unit 3512, Orlando, FL 32819",6165 Carrier Dr,Unit 3512,Orlando,FL,32819,Orange County,28.456927,-81.468843,condo,1.0,1.0,408.0,7900.0,1987.0,Inactive,175000,2022-04-24T13:50:00.707Z,111,12.07254696717504
"6165-Carrier-Dr,-Unit-1208,-Orlando,-FL-32819","6165 Carrier Dr, Unit 1208, Orlando, FL 32819",6165 Carrier Dr,Unit 1208,Orlando,FL,32819,Orange County,28.456858,-81.467791,condo,1.0,1.0,408.0,7900.0,1987.0,Inactive,174900,2020-09-15T19:16:09.137Z,696,12.071975378543236
"7601-Canada-Ave,---612,-Orlando,-FL-32819","7601 Canada Ave, # 612, Orlando, FL 32819",7601 Canada Ave,# 612,Orlando,FL,32819,Orange County,28.452108,-81.467375,condo,1.0,1.0,542.0,7900.0,1987.0,Inactive,149900,2022-07-19T10:51:22.678Z,25,11.917730355182513
"6165-Carrier-Dr,-Unit-1209,-Orlando,-FL-32819","6165 Carrier Dr, Unit 1209, Orlando, FL 32819",6165 Carrier Dr,Unit 1209,Orlando,FL,32819,Orange County,28.456858,-81.467791,condo,1.0,1.0,408.0,7900.0,1987.0,Inactive,124900,2022-01-20T08:50:31.990Z,205,11.735276702486741
"4804-Cayview-Ave,-Unit-30412,-Orlando,-FL-32819","4804 Cayview Ave, Unit 30412, Orlando, FL 32819",4804 Cayview Ave,Unit 30412,Orlando,FL,32819,Orange County,28.427532,-81.446058,condo,3.0,2.0,2097.0,7900.0,1987.0,Inactive,579900,2022-03-22T13:37:51.942Z,144,13.270612678298292
"10330-Turkey-Lake-Rd,-Apt-108,-Orlando,-FL-32819","10330 Turkey Lake Rd, Apt 108, Orlando, FL 32819",10330 Turkey Lake Rd,Apt 108,Orlando,FL,32819,Orange County,28.417804,-81.47664,condo,1.0,1.0,745.0,7900.0,1987.0,Inactive,135000,2021-03-03T12:20:21.729Z,528,11.813037464800539
"4840-Cayview-Units-20810,-Orlando,-FL-32819","4840 Cayview Units 20810, Orlando, FL 32819",4840 Cayview Units 20810,,Orlando,FL,32819,Orange County,28.428447,-81.447546,condo,3.0,2.0,2079.0,7900.0,1987.0,Inactive,650000,2022-05-17T15:18:01.884Z,88,13.384729180332174
"7004-Stonehedge-Dr,-Unit-154,-Orlando,-FL-32819","7004 Stonehedge Dr, Unit 154, Orlando, FL 32819",7004 Stonehedge Dr,Unit 154,Orlando,FL,32819,Orange County,28.460067,-81.4844,condo,3.0,2.0,1985.0,7900.0,1987.0,Inactive,499900,2022-07-03T16:17:07.718Z,41,13.12216535779974
"7448-Sugar-Bend-Dr,---7448,-Orlando,-FL-32819","7448 Sugar Bend Dr, # 7448, Orlando, FL 32819",7448 Sugar Bend Dr,# 7448,Orlando,FL,32819,Orange County,28.457037,-81.49349,condo,2.0,2.0,1014.0,7900.0,1987.0,Inactive,300000,2022-07-25T15:15:56.876Z,19,12.611541086966115
"5436-Split-Pine-Ct,-Orlando,-FL-32819","5436 Split Pine Ct, Orlando, FL 32819",5436 Split Pine Ct,,Orlando,FL,32819,Orange County,28.485238,-81.490715,single_family,4.0,3.0,2376.0,7900.0,1987.0,Inactive,540000,2022-06-01T15:54:18.074Z,73,13.199326270390594
"7746-Sugar-Bend-Dr,-Unit-7746,-Orlando,-FL-32819","7746 Sugar Bend Dr, Unit 7746, Orlando, FL 32819",7746 Sugar Bend Dr,Unit 7746,Orlando,FL,32819,Orange County,28.456186,-81.493877,condo,2.0,2.0,1014.0,7900.0,1987.0,Inactive,315000,2022-06-21T14:22:40.524Z,53,12.660331092405906
"7448-Sugar-Bend-Dr,-Unit-7448,-Orlando,-FL-32819","7448 Sugar Bend Dr, Unit 7448, Orlando, FL 32819",7448 Sugar Bend Dr,Unit 7448,Orlando,FL,32819,Orange County,28.457037,-81.49349,condo,2.0,2.0,1014.0,7900.0,1987.0,Inactive,300000,2022-05-18T13:03:13.860Z,87,12.611541086966115
"5838-Windhover-Dr,-Unit-583,-Orlando,-FL-32819","5838 Windhover Dr, Unit 583, Orlando, FL 32819",5838 Windhover Dr,Unit 583,Orlando,FL,32819,Orange County,28.484583,-81.460913,condo,2.0,2.0,1193.0,7900.0,1987.0,Inactive,209000,2021-02-11T12:03:40.830Z,548,12.250094315624496
"10330-Turkey-Lake-Rd,---Ge,-Orlando,-FL-32819","10330 Turkey Lake Rd, # Ge, Orlando, FL 32819",10330 Turkey Lake Rd,# Ge,Orlando,FL,32819,Orange County,28.41773,-81.476875,condo,1.0,1.0,745.0,7900.0,1987.0,Inactive,135000,2022-07-23T11:45:27.824Z,21,11.813037464800539
"4814-Cayview-Ave,---10613,-Orlando,-FL-32819","4814 Cayview Ave, # 10613, Orlando, FL 32819",4814 Cayview Ave,# 10613,Orlando,FL,32819,Orange County,28.428387,-81.446075,condo,3.0,2.0,1247.0,7900.0,1987.0,Inactive,395800,2022-07-16T15:42:44.253Z,28,12.888666838675961
"7523-Seurat-St,-Unit-11304,-Orlando,-FL-32819","7523 Seurat St, Unit 11304, Orlando, FL 32819",7523 Seurat St,Unit 11304,Orlando,FL,32819,Orange County,28.435582,-81.478365,condo,3.0,2.0,1193.0,7900.0,1987.0,Inactive,298888,2020-09-21T20:22:00.080Z,690,12.607827545988945
"8431-Glen-View-Ct,-Orlando,-FL-32819","8431 Glen View Ct, Orlando, FL 32819",8431 Glen View Ct,,Orlando,FL,32819,Orange County,28.456032,-81.502585,single_family,4.0,3.0,2526.0,7900.0,1987.0,Inactive,824900,2022-06-22T16:56:58.558Z,52,13.623018658116242
"6861-Parson-Brown-Dr,-Orlando,-FL-32819","6861 Parson Brown Dr, Orlando, FL 32819",6861 Parson Brown Dr,,Orlando,FL,32819,Orange County,28.461369,-81.483437,single_family,3.0,2.0,2235.0,7900.0,1987.0,Inactive,685000,2022-06-10T15:42:42.416Z,64,13.437175577097312
"8903-Latrec-Ave,-Unit-3205,-Orlando,-FL-32819","8903 Latrec Ave, Unit 3205, Orlando, FL 32819",8903 Latrec Ave,Unit 3205,Orlando,FL,32819,Orange County,28.436293,-81.478194,condo,2.0,2.0,1003.0,7900.0,1987.0,Inactive,210000,2022-05-24T12:12:08.823Z,81,12.25486757159303
"5929-Windhover-Dr,-Unit-A02,-Orlando,-FL-32819","5929 Windhover Dr, Unit A02, Orlando, FL 32819",5929 Windhover Dr,Unit A02,Orlando,FL,32819,Orange County,28.486236,-81.46244,condo,1.0,1.0,591.0,7900.0,1987.0,Inactive,135900,2022-06-15T11:44:27.372Z,59,11.819681958463892
"7606-Pissarro-Dr,-Unit-14303,-Orlando,-FL-32819","7606 Pissarro Dr, Unit 14303, Orlando, FL 32819",7606 Pissarro Dr,Unit 14303,Orlando,FL,32819,Orange County,28.435741,-81.479779,condo,3.0,2.0,1193.0,7900.0,1987.0,Inactive,259900,2022-07-01T13:57:28.248Z,43,12.468056068255885
"6165-Carrier-Dr,---2501,-Orlando,-FL-32819","6165 Carrier Dr, # 2501, Orlando, FL 32819",6165 Carrier Dr,# 2501,Orlando,FL,32819,Orange County,28.456701,-81.468112,condo,2.0,2.0,578.0,7900.0,1987.0,Inactive,200000,2022-07-15T11:24:31.223Z,29,12.206077645517674
"7383-Universal-Blvd,-Unit-1109,-Orlando,-FL-32819","7383 Universal Blvd, Unit 1109, Orlando, FL 32819",7383 Universal Blvd,Unit 1109,Orlando,FL,32819,Orange County,28.456616,-81.462615,condo,1.0,1.0,671.0,7900.0,1987.0,Inactive,219999,2020-11-20T17:50:07.564Z,630,12.301382825334498
"6165-Carrier-Dr,-Unit-3302,-Orlando,-FL-32819","6165 Carrier Dr, Unit 3302, Orlando, FL 32819",6165 Carrier Dr,Unit 3302,Orlando,FL,32819,Orange County,28.456927,-81.468843,condo,2.0,2.0,578.0,7900.0,1987.0,Inactive,184000,2022-04-27T15:51:10.764Z,108,12.122696471358964
"7601-Canada-Ave,-Unit-612,-Orlando,-FL-32819","7601 Canada Ave, Unit 612, Orlando, FL 32819",7601 Canada Ave,Unit 612,Orlando,FL,32819,Orange County,28.452108,-81.467375,condo,1.0,1.0,542.0,7900.0,1987.0,Inactive,149900,2020-09-15T16:30:11.074Z,697,11.917730355182513
"7395-Universal-Blvd,-Unit-402,-Orlando,-FL-32819","7395 Universal Blvd, Unit 402, Orlando, FL 32819",7395 Universal Blvd,Unit 402,Orlando,FL,32819,Orange County,28.456616,-81.462615,condo,2.0,2.0,1056.0,7900.0,1987.0,Inactive,325000,2022-06-04T14:55:07.243Z,70,12.691583538230217
"7207-Ravenna-Ave,-Orlando,-FL-32819","7207 Ravenna Ave, Orlando, FL 32819",7207 Ravenna Ave,,Orlando,FL,32819,Orange County,28.458187,-81.44517,single_family,3.0,2.0,1325.0,7900.0,1987.0,Inactive,225000,2022-05-16T12:33:51.014Z,89,12.323860125621126
"4114-Breakview-Dr,-Unit-30402,-Orlando,-FL-32819","4114 Breakview Dr, Unit 30402, Orlando, FL 32819",4114 Breakview Dr,Unit 30402,Orlando,FL,32819,Orange County,28.425512,-81.445647,condo,3.0,2.0,1447.0,7900.0,1987.0,Inactive,399000,2022-05-22T14:12:52.569Z,83,12.896719202134523
"4814-Cayview-Ave,-Unit-10613,-Orlando,-FL-32819","4814 Cayview Ave, Unit 10613, Orlando, FL 32819",4814 Cayview Ave,Unit 10613,Orlando,FL,32819,Orange County,28.428387,-81.446075,condo,3.0,2.0,1247.0,7900.0,1987.0,Inactive,395800,2022-03-24T13:53:18.089Z,142,12.888666838675961
"7858-Sugar-View-Ct,-Unit-7858,-Orlando,-FL-32819","7858 Sugar View Ct, Unit 7858, Orlando, FL 32819",7858 Sugar View Ct,Unit 7858,Orlando,FL,32819,Orange County,28.455235,-81.492111,condo,2.0,2.0,1014.0,7900.0,1987.0,Inactive,295000,2022-06-11T13:20:37.671Z,63,12.59473402514672
"8593-Summerville-Pl,-Orlando,-FL-32819","8593 Summerville Pl, Orlando, FL 32819",8593 Summerville Pl,,Orlando,FL,32819,Orange County,28.48617,-81.497504,single_family,3.0,3.0,3130.0,7900.0,1987.0,Inactive,949000,2022-05-12T15:15:48.539Z,93,13.76316513133229
"7676-Clubhouse-Estates-Dr,-Orlando,-FL-32819","7676 Clubhouse Estates Dr, Orlando, FL 32819",7676 Clubhouse Estates Dr,,Orlando,FL,32819,Orange County,28.455692,-81.499338,single_family,3.0,3.0,1810.0,7900.0,1987.0,Inactive,495000,2022-04-25T15:48:49.923Z,110,13.112315061750808
"5822-Marlberry-Dr,-Orlando,-FL-32819","5822 Marlberry Dr, Orlando, FL 32819",5822 Marlberry Dr,,Orlando,FL,32819,Orange County,28.465924,-81.502264,single_family,3.0,2.0,1615.0,7900.0,1987.0,Inactive,449900,2022-04-24T16:12:04.164Z,111,13.016782837542953
"4831-Tidecrest-Ave,-Unit-154,-Orlando,-FL-32819","4831 Tidecrest Ave, Unit 154, Orlando, FL 32819",4831 Tidecrest Ave,Unit 154,Orlando,FL,32819,Orange County,28.429308,-81.445495,condo,3.0,2.0,1741.0,7900.0,1987.0,Inactive,429000,2022-06-06T15:19:13.387Z,68,12.969214528909768
"8036-Cool-Breeze-Dr,-Unit-133,-Orlando,-FL-32819","8036 Cool Breeze Dr, Unit 133, Orlando, FL 32819",8036 Cool Breeze Dr,Unit 133,Orlando,FL,32819,Orange County,28.429342,-81.452417,condo,3.0,2.0,1777.0,7900.0,1987.0,Inactive,385000,2022-05-12T14:18:57.907Z,93,12.861001210669146
"6165-Carrier-Dr,-Unit-2501,-Orlando,-FL-32819","6165 Carrier Dr, Unit 2501, Orlando, FL 32819",6165 Carrier Dr,Unit 2501,Orlando,FL,32819,Orange County,28.456701,-81.468112,condo,2.0,2.0,578.0,7900.0,1987.0,Inactive,200000,2021-10-12T12:58:37.290Z,305,12.206077645517674
"6165-Carrier-Dr,-Unit-2704,-Orlando,-FL-32819","6165 Carrier Dr, Unit 2704, Orlando, FL 32819",6165 Carrier Dr,Unit 2704,Orlando,FL,32819,Orange County,28.456566,-81.467035,condo,2.0,2.0,583.0,7900.0,1987.0,Inactive,199900,2022-01-28T11:43:21.781Z,197,12.20557752297723
"7011-Somerton-Blvd,-Unit-33,-Orlando,-FL-32819","7011 Somerton Blvd, Unit 33, Orlando, FL 32819",7011 Somerton Blvd,Unit 33,Orlando,FL,32819,Orange County,28.460379,-81.497454,single_family,4.0,3.0,2339.0,7900.0,1987.0,Inactive,658900,2022-06-21T16:23:11.178Z,53,13.398328574581743
"7434-Green-Tree-Dr,-Unit-110,-Orlando,-FL-32819","7434 Green Tree Dr, Unit 110, Orlando, FL 32819",7434 Green Tree Dr,Unit 110,Orlando,FL,32819,Orange County,28.459391,-81.483862,condo,3.0,2.0,2214.0,7900.0,1987.0,Inactive,525000,2021-02-11T14:36:27.659Z,548,13.171155446333852
"5064-Tideview-Cir,-Unit-84,-Orlando,-FL-32819","5064 Tideview Cir, Unit 84, Orlando, FL 32819",5064 Tideview Cir,Unit 84,Orlando,FL,32819,Orange County,28.430428,-81.451137,condo,3.0,2.0,1741.0,7900.0,1987.0,Inactive,399000,2022-06-03T14:52:47.860Z,71,12.896719202134523
"6329-Orange-Cove-Dr,-Orlando,-FL-32819","6329 Orange Cove Dr, Orlando, FL 32819",6329 Orange Cove Dr,,Orlando,FL,32819,Orange County,28.470406,-81.496496,single_family,3.0,3.0,2049.0,7900.0,1987.0,Inactive,480000,2022-06-10T15:01:27.661Z,64,13.081543466215237
"7822-Sugar-Bend-Dr,-Unit-7822,-Orlando,-FL-32819","7822 Sugar Bend Dr, Unit 7822, Orlando, FL 32819",7822 Sugar Bend Dr,Unit 7822,Orlando,FL,32819,Orange County,28.457289,-81.493971,condo,2.0,2.0,1075.0,7900.0,1987.0,Inactive,299000,2022-06-11T13:05:58.660Z,63,12.608202196848836
"7769-Sugar-Bend-Dr,-Unit-7769,-Orlando,-FL-32819","7769 Sugar Bend Dr, Unit 7769, Orlando, FL 32819",7769 Sugar Bend Dr,Unit 7769,Orlando,FL,32819,Orange County,28.456637,-81.494663,condo,2.0,2.0,1075.0,7900.0,1987.0,Inactive,292500,2022-06-15T13:51:28.328Z,59,12.586223364451623
"7618-Pissarro-Dr,-Unit-15307,-Orlando,-FL-32819","7618 Pissarro Dr, Unit 15307, Orlando, FL 32819",7618 Pissarro Dr,Unit 15307,Orlando,FL,32819,Orange County,28.435788,-81.48041,condo,2.0,2.0,1003.0,7900.0,1987.0,Inactive,229900,2022-06-19T12:24:55.627Z,55,12.345404060459082
"6165-Carrier-Dr,-Unit-3804,-Orlando,-FL-32819","6165 Carrier Dr, Unit 3804, Orlando, FL 32819",6165 Carrier Dr,Unit 3804,Orlando,FL,32819,Orange County,28.456927,-81.468843,condo,2.0,2.0,583.0,7900.0,1987.0,Inactive,185000,2020-11-02T13:06:15.035Z,649,12.128116509451258
"6565-Hidden-Beach-Cir,-Orlando,-FL-32819","6565 Hidden Beach Cir, Orlando, FL 32819",6565 Hidden Beach Cir,,Orlando,FL,32819,Orange County,28.488832,-81.46711,single_family,4.0,3.0,2825.0,7900.0,1987.0,Inactive,740000,2022-06-12T16:12:08.266Z,62,13.51440681653079
"7301-Mandarin-Dr,-Orlando,-FL-32819","7301 Mandarin Dr, Orlando, FL 32819",7301 Mandarin Dr,,Orlando,FL,32819,Orange County,28.457371,-81.445976,single_family,3.0,2.0,1152.0,7900.0,1987.0,Inactive,299000,2022-06-17T14:17:42.158Z,57,12.608202196848836
"9226-Hidden-Bay-Ln,-Orlando,-FL-32819","9226 Hidden Bay Ln, Orlando, FL 32819",9226 Hidden Bay Ln,,Orlando,FL,32819,Orange County,28.449409,-81.514599,single_family,3.0,2.0,3371.0,7900.0,1987.0,Inactive,1075000,2022-05-27T15:43:34.973Z,78,13.887832149776026
"9143-Windjammer-Ln,-Orlando,-FL-32819","9143 Windjammer Ln, Orlando, FL 32819",9143 Windjammer Ln,,Orlando,FL,32819,Orange County,28.472951,-81.514661,single_family,4.0,3.0,2564.0,7900.0,1987.0,Inactive,700000,2022-06-17T16:08:34.245Z,57,13.45883704259595
"6053-Silk-Oak-Dr,-Orlando,-FL-32819","6053 Silk Oak Dr, Orlando, FL 32819",6053 Silk Oak Dr,,Orlando,FL,32819,Orange County,28.474651,-81.4982,single_family,3.0,2.0,1912.0,7900.0,1987.0,Inactive,519900,2022-05-08T15:01:49.533Z,97,13.161393687816775
"5136-Vanguard-St,-Orlando,-FL-32819","5136 Vanguard St, Orlando, FL 32819",5136 Vanguard St,,Orlando,FL,32819,Orange County,28.46092,-81.449653,single_family,3.0,2.0,1000.0,7900.0,1987.0,Inactive,300000,2022-05-25T14:09:23.782Z,80,12.611541086966115
"4738-Kensington-Park-Blvd,-Orlando,-FL-32819","4738 Kensington Park Blvd, Orlando, FL 32819",4738 Kensington Park Blvd,,Orlando,FL,32819,Orange County,28.491674,-81.501957,single_family,6.0,5.0,3777.0,7900.0,1987.0,Inactive,899900,2021-04-18T15:13:56.425Z,482,13.710040036256004
"5932-Chesapeake-Park,-Unit-48,-Orlando,-FL-32819","5932 Chesapeake Park, Unit 48, Orlando, FL 32819",5932 Chesapeake Park,Unit 48,Orlando,FL,32819,Orange County,28.464998,-81.504085,single_family,3.0,2.0,2465.0,7900.0,1987.0,Inactive,675000,2022-05-27T15:34:26.602Z,78,13.42246945133505
"7408-Green-Tree-Dr,-Unit-1,-Orlando,-FL-32819","7408 Green Tree Dr, Unit 1, Orlando, FL 32819",7408 Green Tree Dr,Unit 1,Orlando,FL,32819,Orange County,28.459384,-81.482679,condo,3.0,2.0,1985.0,7900.0,1987.0,Inactive,480000,2021-05-12T16:16:32.913Z,458,13.081543466215237
"5773-Pitch-Pine-Dr,-Orlando,-FL-32819","5773 Pitch Pine Dr, Orlando, FL 32819",5773 Pitch Pine Dr,,Orlando,FL,32819,Orange County,28.480411,-81.486885,single_family,4.0,2.0,2285.0,7900.0,1987.0,Inactive,479800,2022-06-02T15:06:18.532Z,72,13.08112671358731
"4840-Cayview-Ave,-Unit-40310,-Orlando,-FL-32819","4840 Cayview Ave, Unit 40310, Orlando, FL 32819",4840 Cayview Ave,Unit 40310,Orlando,FL,32819,Orange County,28.428312,-81.447569,condo,3.0,2.0,2097.0,7900.0,1987.0,Inactive,469000,2022-06-14T15:19:33.791Z,60,13.058360179622305
"6357-Oak-Meadow-Bnd,-Orlando,-FL-32819","6357 Oak Meadow Bnd, Orlando, FL 32819",6357 Oak Meadow Bnd,,Orlando,FL,32819,Orange County,28.469419,-81.48273,single_family,4.0,3.0,2540.0,7900.0,1987.0,Inactive,769900,2022-05-13T15:23:52.732Z,92,13.55401721413528
"7626-Majestic-Pine-Ct,-Orlando,-FL-32819","7626 Majestic Pine Ct, Orlando, FL 32819",7626 Majestic Pine Ct,,Orlando,FL,32819,Orange County,28.475657,-81.488606,single_family,3.0,2.0,2103.0,7900.0,1987.0,Inactive,598000,2021-03-03T16:49:29.373Z,527,13.301347705172173
"5339-Abelia-Dr,-Orlando,-FL-32819","5339 Abelia Dr, Orlando, FL 32819",5339 Abelia Dr,,Orlando,FL,32819,Orange County,28.48699,-81.486774,single_family,3.0,2.0,2324.0,7900.0,1987.0,Inactive,550000,2022-05-09T14:35:40.042Z,96,13.217675375388819
"7606-Pissarro-Dr,-Unit-14106,-Orlando,-FL-32819","7606 Pissarro Dr, Unit 14106, Orlando, FL 32819",7606 Pissarro Dr,Unit 14106,Orlando,FL,32819,Orange County,28.435596,-81.479698,condo,3.0,2.0,1193.0,7900.0,1987.0,Inactive,245000,2022-06-11T12:01:59.844Z,63,12.409017571151187
"7665-Toscana-Blvd,-Orlando,-FL-32819","7665 Toscana Blvd, Orlando, FL 32819",7665 Toscana Blvd,,Orlando,FL,32819,Orange County,28.454313,-81.477995,single_family,4.0,3.0,3280.0,7900.0,1987.0,Inactive,892000,2020-10-28T17:31:35.311Z,653,13.70122253263775
"5760-Tamarack-Dr,-Orlando,-FL-32819","5760 Tamarack Dr, Orlando, FL 32819",5760 Tamarack Dr,,Orlando,FL,32819,Orange County,28.481924,-81.489305,single_family,3.0,2.0,2242.0,7900.0,1987.0,Inactive,524900,2022-06-10T15:11:27.083Z,64,13.170964952363363
"6313-Huntsville-St,-Orlando,-FL-32819","6313 Huntsville St, Orlando, FL 32819",6313 Huntsville St,,Orlando,FL,32819,Orange County,28.491934,-81.467859,single_family,3.0,2.0,1559.0,7900.0,1987.0,Inactive,449000,2022-06-10T14:49:09.613Z,64,13.014780393893403
"4126-Breakview-Dr,-Unit-10601,-Orlando,-FL-32819","4126 Breakview Dr, Unit 10601, Orlando, FL 32819",4126 Breakview Dr,Unit 10601,Orlando,FL,32819,Orange County,28.426148,-81.446376,condo,3.0,2.0,1247.0,7900.0,1987.0,Inactive,359000,2022-06-14T14:10:41.730Z,60,12.791080452981857
"7601-Canada-Ave,-Unit-510,-Orlando,-FL-32819","7601 Canada Ave, Unit 510, Orlando, FL 32819",7601 Canada Ave,Unit 510,Orlando,FL,32819,Orange County,28.452108,-81.467375,condo,1.0,1.0,542.0,7900.0,1987.0,Inactive,110000,2020-09-15T16:30:11.065Z,697,11.608244735642321
"7601-Canada-Ave,-Unit-610,-Orlando,-FL-32819","7601 Canada Ave, Unit 610, Orlando, FL 32819",7601 Canada Ave,Unit 610,Orlando,FL,32819,Orange County,28.452108,-81.467375,condo,1.0,1.0,542.0,7900.0,1987.0,Inactive,102900,2022-06-04T07:16:54.511Z,70,11.541522639947903
"8251-Caraway-Dr,-Orlando,-FL-32819","8251 Caraway Dr, Orlando, FL 32819",8251 Caraway Dr,,Orlando,FL,32819,Orange County,28.46361,-81.496887,single_family,4.0,3.0,2406.0,7900.0,1987.0,Inactive,549900,2022-05-13T15:09:57.822Z,92,13.217493541006709
"8558-Clover-Ct,-Orlando,-FL-32819","8558 Clover Ct, Orlando, FL 32819",8558 Clover Ct,,Orlando,FL,32819,Orange County,28.465927,-81.500299,single_family,5.0,3.0,1928.0,7900.0,1987.0,Inactive,499000,2022-06-08T15:01:53.276Z,66,13.120363378739663
"5064-Tideview-Cir,-Unit-83,-Orlando,-FL-32819","5064 Tideview Cir, Unit 83, Orlando, FL 32819",5064 Tideview Cir,Unit 83,Orlando,FL,32819,Orange County,28.430413,-81.451083,condo,3.0,2.0,1746.0,7900.0,1987.0,Inactive,410000,2022-05-26T14:35:36.251Z,79,12.923914877701906
"7803-Sugar-Brook-Ct,-Unit-7803,-Orlando,-FL-32819","7803 Sugar Brook Ct, Unit 7803, Orlando, FL 32819",7803 Sugar Brook Ct,Unit 7803,Orlando,FL,32819,Orange County,28.458154,-81.491961,condo,3.0,2.0,1212.0,7900.0,1987.0,Inactive,319900,2020-12-23T15:39:01.341Z,598,12.675766851909591
"5027-Tideview-Cir,-Unit-36,-Orlando,-FL-32819","5027 Tideview Cir, Unit 36, Orlando, FL 32819",5027 Tideview Cir,Unit 36,Orlando,FL,32819,Orange County,28.430785,-81.450524,condo,3.0,2.0,1741.0,7900.0,1987.0,Inactive,429000,2022-05-25T14:43:31.174Z,80,12.969214528909768
"7357-Alpine-Butterfly-Ln,-Orlando,-FL-32819","7357 Alpine Butterfly Ln, Orlando, FL 32819",7357 Alpine Butterfly Ln,,Orlando,FL,32819,Orange County,28.441609,-81.47949,condo,3.0,2.0,1789.0,7900.0,1987.0,Inactive,580000,2022-04-28T20:36:55.126Z,106,13.270785106659046
"5068-Ernst-Ct,-Unit-26,-Orlando,-FL-32819","5068 Ernst Ct, Unit 26, Orlando, FL 32819",5068 Ernst Ct,Unit 26,Orlando,FL,32819,Orange County,28.488894,-81.463427,condo,2.0,2.0,1230.0,7900.0,1987.0,Inactive,265000,2022-03-13T12:48:01.927Z,153,12.487488878546145
"8649-Crestgate-Cir,-Orlando,-FL-32819","8649 Crestgate Cir, Orlando, FL 32819",8649 Crestgate Cir,,Orlando,FL,32819,Orange County,28.478915,-81.501595,single_family,4.0,4.0,3775.0,7900.0,1987.0,Inactive,1300000,2022-05-08T15:28:25.147Z,97,14.077875591662238
"7310-Cypress-Grove-Rd,-Unit-66,-Orlando,-FL-32819","7310 Cypress Grove Rd, Unit 66, Orlando, FL 32819",7310 Cypress Grove Rd,Unit 66,Orlando,FL,32819,Orange County,28.460539,-81.483647,condo,3.0,2.0,2384.0,7900.0,1987.0,Inactive,469900,2022-05-27T15:13:42.906Z,78,13.060277313201007
"6969-Slaven-Dr,-Orlando,-FL-32819","6969 Slaven Dr, Orlando, FL 32819",6969 Slaven Dr,,Orlando,FL,32819,Orange County,28.46228,-81.479648,condo,3.0,2.0,1672.0,7900.0,1987.0,Inactive,405000,2022-05-21T14:35:00.946Z,84,12.91164481522143
"7700-Carriage-Homes-Dr,-Apt-2,-Orlando,-FL-32819","7700 Carriage Homes Dr, Apt 2, Orlando, FL 32819",7700 Carriage Homes Dr,Apt 2,Orlando,FL,32819,Orange County,28.459429,-81.488902,condo,2.0,2.0,1312.0,7900.0,1987.0,Inactive,379000,2022-05-08T14:31:51.209Z,97,12.84529412258351
"5036-Shoreway-Loop,-Unit-203,-Orlando,-FL-32819","5036 Shoreway Loop, Unit 203, Orlando, FL 32819",5036 Shoreway Loop,Unit 203,Orlando,FL,32819,Orange County,28.42861,-81.450979,condo,3.0,2.0,2097.0,7900.0,1987.0,Inactive,450000,2022-06-12T15:16:51.733Z,62,13.017005083966255
"7658-Clubhouse-Estates-Dr,-Orlando,-FL-32819","7658 Clubhouse Estates Dr, Orlando, FL 32819",7658 Clubhouse Estates Dr,,Orlando,FL,32819,Orange County,28.456366,-81.499118,single_family,3.0,2.0,1643.0,7900.0,1987.0,Inactive,420000,2022-05-20T14:20:01.404Z,85,12.948012371209098
"4012-Breakview-Dr,-Unit-B305,-Orlando,-FL-32819","4012 Breakview Dr, Unit B305, Orlando, FL 32819",4012 Breakview Dr,Unit B305,Orlando,FL,32819,Orange County,28.425689,-81.443429,condo,3.0,2.0,1185.0,7900.0,1987.0,Inactive,430000,2021-02-12T13:52:01.862Z,547,12.971542813248437
"7603-Clementine-Way,-Orlando,-FL-32819","7603 Clementine Way, Orlando, FL 32819",7603 Clementine Way,,Orlando,FL,32819,Orange County,28.461296,-81.487328,single_family,3.0,2.0,2207.0,7900.0,1987.0,Inactive,625000,2020-12-23T17:01:48.047Z,597,13.345508528717259
"6165-Carrier-Dr,-Unit-1801,-Orlando,-FL-32819","6165 Carrier Dr, Unit 1801, Orlando, FL 32819",6165 Carrier Dr,Unit 1801,Orlando,FL,32819,Orange County,28.456858,-81.467791,condo,2.0,2.0,578.0,7900.0,1987.0,Inactive,199000,2022-04-20T16:44:20.476Z,114,12.201065128819632
"5053-Eaglesmere-Dr,-Orlando,-FL-32819","5053 Eaglesmere Dr, Orlando, FL 32819",5053 Eaglesmere Dr,,Orlando,FL,32819,Orange County,28.489084,-81.462354,condo,3.0,2.0,1300.0,7900.0,1987.0,Inactive,212500,2022-05-12T12:55:03.466Z,93,12.26670197321789
"4840-Cayview-Ave-30310-Ave,-Unit-303,-Orlando,-FL-32819","4840 Cayview Ave 30310 Ave, Unit 303, Orlando, FL 32819",4840 Cayview Ave 30310 Ave,Unit 303,Orlando,FL,32819,Orange County,28.428312,-81.447569,condo,3.0,2.0,2097.0,7900.0,1987.0,Inactive,429000,2022-03-01T13:39:54.957Z,165,12.969214528909768
"7063-Archwood-Dr,-Orlando,-FL-32819","7063 Archwood Dr, Orlando, FL 32819",7063 Archwood Dr,,Orlando,FL,32819,Orange County,28.489914,-81.478625,single_family,3.0,2.0,1417.0,7900.0,1987.0,Inactive,410000,2022-05-13T14:16:38.761Z,92,12.923914877701906
"7114-Cane-Hills-Cir,-Orlando,-FL-32819","7114 Cane Hills Cir, Orlando, FL 32819",7114 Cane Hills Cir,,Orlando,FL,32819,Orange County,28.484808,-81.478244,single_family,3.0,2.0,1689.0,7900.0,1987.0,Inactive,507000,2022-05-03T15:11:57.455Z,102,13.136268254957963
"6214-Peregrine-Ct,-Orlando,-FL-32819","6214 Peregrine Ct, Orlando, FL 32819",6214 Peregrine Ct,,Orlando,FL,32819,Orange County,28.48471,-81.465674,condo,3.0,2.0,1348.0,7900.0,1987.0,Inactive,320000,2022-05-02T15:15:46.311Z,103,12.676079399771027
"7523-Seurat-St,-Unit-11202,-Orlando,-FL-32819","7523 Seurat St, Unit 11202, Orlando, FL 32819",7523 Seurat St,Unit 11202,Orlando,FL,32819,Orange County,28.43558,-81.478187,condo,4.0,2.0,1323.0,7900.0,1987.0,Inactive,272900,2022-05-07T15:31:28.828Z,98,12.51686437103563
"7383-Universal-Blvd,-Unit-110,-Orlando,-FL-32819","7383 Universal Blvd, Unit 110, Orlando, FL 32819",7383 Universal Blvd,Unit 110,Orlando,FL,32819,Orange County,28.456616,-81.462615,condo,1.0,1.0,671.0,7900.0,1987.0,Inactive,150000,2022-04-16T12:01:16.735Z,119,11.918397239722838
"6629-Winder-Oaks-Blvd,-Orlando,-FL-32819","6629 Winder Oaks Blvd, Orlando, FL 32819",6629 Winder Oaks Blvd,,Orlando,FL,32819,Orange County,28.492573,-81.472677,single_family,4.0,2.0,1928.0,7900.0,1987.0,Inactive,460000,2022-04-15T14:45:14.307Z,120,13.038983942375959
"7395-Universal-Blvd,-Unit-506,-Orlando,-FL-32819","7395 Universal Blvd, Unit 506, Orlando, FL 32819",7395 Universal Blvd,Unit 506,Orlando,FL,32819,Orange County,28.456616,-81.462615,condo,2.0,2.0,1056.0,7900.0,1987.0,Inactive,280000,2022-05-19T13:17:19.671Z,86,12.54254845357358
"7383-Universal-Blvd,-Unit-507,-Orlando,-FL-32819","7383 Universal Blvd, Unit 507, Orlando, FL 32819",7383 Universal Blvd,Unit 507,Orlando,FL,32819,Orange County,28.456616,-81.462615,condo,2.0,2.0,1056.0,7900.0,1987.0,Inactive,280000,2022-05-19T13:17:19.671Z,86,12.54254845357358
"7383-Universal-Blvd,-Unit-208,-Orlando,-FL-32819","7383 Universal Blvd, Unit 208, Orlando, FL 32819",7383 Universal Blvd,Unit 208,Orlando,FL,32819,Orange County,28.456616,-81.462615,condo,2.0,2.0,1056.0,7900.0,1987.0,Inactive,280000,2020-09-21T23:31:54.725Z,690,12.54254845357358
"7719-Cassino-Ave,-Orlando,-FL-32819","7719 Cassino Ave, Orlando, FL 32819",7719 Cassino Ave,,Orlando,FL,32819,Orange County,28.453229,-81.442634,single_family,3.0,1.0,840.0,7900.0,1987.0,Inactive,239000,2022-05-20T12:02:59.222Z,85,12.384223015005313
"6522-Hidden-Beach-Cir,-Orlando,-FL-32819","6522 Hidden Beach Cir, Orlando, FL 32819",6522 Hidden Beach Cir,,Orlando,FL,32819,Orange County,28.489441,-81.468949,single_family,4.0,3.0,2508.0,7900.0,1987.0,Inactive,595400,2022-04-15T14:59:15.831Z,120,13.296990407105566
"4929-Shoshone-St,-Orlando,-FL-32819","4929 Shoshone St, Orlando, FL 32819",4929 Shoshone St,,Orlando,FL,32819,Orange County,28.456682,-81.445714,single_family,3.0,2.0,1180.0,7900.0,1987.0,Inactive,265000,2022-04-30T13:01:32.271Z,105,12.487488878546145
"7325-Somerset-Shores-Ct,-Orlando,-FL-32819","7325 Somerset Shores Ct, Orlando, FL 32819",7325 Somerset Shores Ct,,Orlando,FL,32819,Orange County,28.455632,-81.487305,condo,2.0,2.0,2218.0,7900.0,1987.0,Inactive,650000,2022-05-14T15:01:49.637Z,91,13.384729180332174
"7500-Toscana-Blvd,-Apt-321,-Orlando,-FL-32819","7500 Toscana Blvd, Apt 321, Orlando, FL 32819",7500 Toscana Blvd,Apt 321,Orlando,FL,32819,Orange County,28.456266,-81.478415,condo,3.0,2.0,2085.0,7900.0,1987.0,Inactive,600000,2020-09-22T01:02:18.142Z,690,13.304686600863562
"8364-Via-Vittoria-Way,-Orlando,-FL-32819","8364 Via Vittoria Way, Orlando, FL 32819",8364 Via Vittoria Way,,Orlando,FL,32819,Orange County,28.452678,-81.495973,single_family,3.0,2.0,3519.0,7900.0,1987.0,Inactive,1484000,2022-05-13T15:41:44.289Z,92,14.210252376563684
"7002-Phillips-Cove-Ct,-Orlando,-FL-32819","7002 Phillips Cove Ct, Orlando, FL 32819",7002 Phillips Cove Ct,,Orlando,FL,32819,Orange County,28.459974,-81.486427,single_family,5.0,4.0,3652.0,7900.0,1987.0,Inactive,940000,2022-04-02T14:44:55.828Z,133,13.753636218075409
"7052-Archwood-Dr,-Orlando,-FL-32819","7052 Archwood Dr, Orlando, FL 32819",7052 Archwood Dr,,Orlando,FL,32819,Orange County,28.489409,-81.477519,single_family,4.0,2.0,1426.0,7900.0,1987.0,Inactive,459900,2022-03-12T14:05:03.808Z,154,13.038766527911386
"7675-Sugar-Bend-Dr,-Unit-7675,-Orlando,-FL-32819","7675 Sugar Bend Dr, Unit 7675, Orlando, FL 32819",7675 Sugar Bend Dr,Unit 7675,Orlando,FL,32819,Orange County,28.455081,-81.494221,condo,3.0,2.0,1212.0,7900.0,1987.0,Inactive,335000,2022-05-18T13:31:54.518Z,87,12.721888795877375
"7601-Canada-Ave,-Unit-308,-Orlando,-FL-32819","7601 Canada Ave, Unit 308, Orlando, FL 32819",7601 Canada Ave,Unit 308,Orlando,FL,32819,Orange County,28.452108,-81.467375,condo,1.0,1.0,542.0,7900.0,1987.0,Inactive,92500,2020-09-15T16:30:11.074Z,696,11.434974734252892
"7214-Della-Dr,-Orlando,-FL-32819","7214 Della Dr, Orlando, FL 32819",7214 Della Dr,,Orlando,FL,32819,Orange County,28.457988,-81.490499,condo,2.0,2.0,1262.0,7900.0,1987.0,Inactive,399000,2022-05-05T13:31:13.012Z,100,12.896719202134523
"6982-Dolce-St,-Orlando,-FL-32819","6982 Dolce St, Orlando, FL 32819",6982 Dolce St,,Orlando,FL,32819,Orange County,28.459385,-81.478162,single_family,4.0,3.0,3011.0,7900.0,1987.0,Inactive,676000,2022-04-22T17:07:43.829Z,112,13.423949834313948
"7550-Hinson-St,-Apt-6C,-Orlando,-FL-32819","7550 Hinson St, Apt 6C, Orlando, FL 32819",7550 Hinson St,Apt 6C,Orlando,FL,32819,Orange County,28.451628,-81.484627,condo,3.0,3.0,2650.0,7900.0,1987.0,Inactive,485000,2022-04-18T14:21:06.032Z,117,13.091906231773164
"6165-Carrier-Dr,-Unit-3802,-Orlando,-FL-32819","6165 Carrier Dr, Unit 3802, Orlando, FL 32819",6165 Carrier Dr,Unit 3802,Orlando,FL,32819,Orange County,28.456927,-81.468843,condo,2.0,2.0,578.0,7900.0,1987.0,Inactive,210000,2022-03-05T11:13:48.307Z,161,12.25486757159303
"7601-Canada-Ave,-Unit-309,-Orlando,-FL-32819","7601 Canada Ave, Unit 309, Orlando, FL 32819",7601 Canada Ave,Unit 309,Orlando,FL,32819,Orange County,28.452108,-81.467375,condo,1.0,1.0,542.0,7900.0,1987.0,Inactive,94995,2022-04-09T08:51:39.287Z,126,11.461590064433068
"6006-Masters-Blvd,-Orlando,-FL-32819","6006 Masters Blvd, Orlando, FL 32819",6006 Masters Blvd,,Orlando,FL,32819,Orange County,28.466123,-81.512644,single_family,3.0,2.0,3261.0,7900.0,1987.0,Inactive,1300000,2022-05-13T15:37:35.233Z,91,14.077875591662238
"6361-Huntsville-St,-Orlando,-FL-32819","6361 Huntsville St, Orlando, FL 32819",6361 Huntsville St,,Orlando,FL,32819,Orange County,28.492559,-81.468676,single_family,3.0,2.0,1674.0,7900.0,1987.0,Inactive,439900,2022-04-06T14:35:44.029Z,129,12.994304980578146
"5838-Peregrine-Ave,-Unit-E03-1,-Orlando,-FL-32819","5838 Peregrine Ave, Unit E03-1, Orlando, FL 32819",5838 Peregrine Ave,Unit E03-1,Orlando,FL,32819,Orange County,28.486535,-81.461524,condo,3.0,2.0,1146.0,7900.0,1987.0,Inactive,224900,2022-05-05T11:25:57.311Z,100,12.323415584358154
"6967-Sorrento-St,-Unit-82,-Orlando,-FL-32819","6967 Sorrento St, Unit 82, Orlando, FL 32819",6967 Sorrento St,Unit 82,Orlando,FL,32819,Orange County,28.458328,-81.478004,condo,3.0,2.0,2244.0,7900.0,1987.0,Inactive,524000,2022-04-06T14:45:33.795Z,129,13.169248871698304
"6071-Windhover-Dr,-Unit-C03,-Orlando,-FL-32819","6071 Windhover Dr, Unit C03, Orlando, FL 32819",6071 Windhover Dr,Unit C03,Orlando,FL,32819,Orange County,28.484898,-81.464131,condo,2.0,2.0,1139.0,7900.0,1987.0,Inactive,180000,2022-05-04T12:36:05.522Z,101,12.100717685412471
"7612-Orange-Tree-Ln,-Orlando,-FL-32819","7612 Orange Tree Ln, Orlando, FL 32819",7612 Orange Tree Ln,,Orlando,FL,32819,Orange County,28.465715,-81.487733,single_family,3.0,2.0,2139.0,7900.0,1987.0,Inactive,505000,2021-10-05T15:16:40.016Z,312,13.132315688453556
"7914-Sandpoint-Blvd,-Orlando,-FL-32819","7914 Sandpoint Blvd, Orlando, FL 32819",7914 Sandpoint Blvd,,Orlando,FL,32819,Orange County,28.452007,-81.491967,condo,3.0,3.0,1668.0,7900.0,1987.0,Inactive,395000,2022-05-05T13:31:10.610Z,100,12.886643575525625
"7332-Alpine-Butterfly-Ln,-Orlando,-FL-32819","7332 Alpine Butterfly Ln, Orlando, FL 32819",7332 Alpine Butterfly Ln,,Orlando,FL,32819,Orange County,28.440962,-81.479006,single_family,5.0,4.0,3532.0,7900.0,1987.0,Inactive,967686,2021-11-03T15:15:09.038Z,283,13.782663966863328
"7606-Orange-Tree-Ln,-Orlando,-FL-32819","7606 Orange Tree Ln, Orlando, FL 32819",7606 Orange Tree Ln,,Orlando,FL,32819,Orange County,28.465892,-81.487495,single_family,4.0,2.0,2081.0,7900.0,1987.0,Inactive,689999,2022-04-10T14:43:59.633Z,125,13.444446876573442
"5024-Shoreway-Loop,-Unit-20106,-Orlando,-FL-32819","5024 Shoreway Loop, Unit 20106, Orlando, FL 32819",5024 Shoreway Loop,Unit 20106,Orlando,FL,32819,Orange County,28.428582,-81.450123,condo,2.0,2.0,1823.0,7900.0,1987.0,Inactive,495000,2022-02-19T13:31:48.435Z,175,13.112315061750808
"4840-Cayview-Ave,-Unit-20510,-Orlando,-FL-32819","4840 Cayview Ave, Unit 20510, Orlando, FL 32819",4840 Cayview Ave,Unit 20510,Orlando,FL,32819,Orange County,28.428416,-81.447873,condo,2.0,2.0,1823.0,7900.0,1987.0,Inactive,419000,2022-05-11T14:01:22.571Z,94,12.945628585536271
"6165-Carrier-Dr,-Unit-2112,-Orlando,-FL-32819","6165 Carrier Dr, Unit 2112, Orlando, FL 32819",6165 Carrier Dr,Unit 2112,Orlando,FL,32819,Orange County,28.456566,-81.467035,condo,1.0,1.0,408.0,7900.0,1987.0,Inactive,149000,2020-09-15T19:16:09.132Z,696,11.91170829631447
"6165-Carrier-Dr,-Unit-2107,-Orlando,-FL-32819","6165 Carrier Dr, Unit 2107, Orlando, FL 32819",6165 Carrier Dr,Unit 2107,Orlando,FL,32819,Orange County,28.456566,-81.467035,condo,1.0,1.0,408.0,7900.0,1987.0,Inactive,134900,2022-04-21T12:59:37.923Z,114,11.812296455066814
"6759-Samara-Ct,-Orlando,-FL-32819","6759 Samara Ct, Orlando, FL 32819",6759 Samara Ct,,Orlando,FL,32819,Orange County,28.461126,-81.492589,single_family,3.0,2.0,1606.0,7900.0,1987.0,Inactive,410000,2022-03-31T14:01:55.767Z,135,12.923914877701906
"6870-Hochad-Dr,-Orlando,-FL-32819","6870 Hochad Dr, Orlando, FL 32819",6870 Hochad Dr,,Orlando,FL,32819,Orange County,28.462883,-81.480903,condo,3.0,2.0,1672.0,7900.0,1987.0,Inactive,390000,2022-03-17T13:44:00.654Z,149,12.873904582205107
"7601-Canada-Ave,-Unit-119,-Orlando,-FL-32819","7601 Canada Ave, Unit 119, Orlando, FL 32819",7601 Canada Ave,Unit 119,Orlando,FL,32819,Orange County,28.452108,-81.467375,condo,1.0,1.0,542.0,7900.0,1987.0,Inactive,98900,2022-03-17T09:40:07.746Z,149,11.501874628783144
"7601-Canada-Ave,-Unit-316,-Orlando,-FL-32819","7601 Canada Ave, Unit 316, Orlando, FL 32819",7601 Canada Ave,Unit 316,Orlando,FL,32819,Orange County,28.452108,-81.467375,condo,1.0,1.0,542.0,7900.0,1987.0,Inactive,98000,2022-03-25T07:17:32.916Z,141,11.49273296168228
"5367-Abelia-Dr,-Orlando,-FL-32819","5367 Abelia Dr, Orlando, FL 32819",5367 Abelia Dr,,Orlando,FL,32819,Orange County,28.486824,-81.485897,single_family,4.0,3.0,2074.0,7900.0,1987.0,Inactive,595000,2022-03-28T14:46:07.226Z,138,13.296318365198623
"6165-Carrier-Dr,-Unit-2905,-Orlando,-FL-32819","6165 Carrier Dr, Unit 2905, Orlando, FL 32819",6165 Carrier Dr,Unit 2905,Orlando,FL,32819,Orange County,28.456566,-81.467035,condo,1.0,1.0,425.0,7900.0,1987.0,Inactive,189900,2022-04-02T10:50:43.459Z,133,12.15425816271595
"6016-Pitch-Pine-Dr,-Orlando,-FL-32819","6016 Pitch Pine Dr, Orlando, FL 32819",6016 Pitch Pine Dr,,Orlando,FL,32819,Orange County,28.476677,-81.489248,single_family,4.0,3.0,2258.0,7900.0,1987.0,Inactive,599900,2022-04-12T17:59:52.453Z,122,13.304519920584285
"7618-Cassino-Ave,-Orlando,-FL-32819","7618 Cassino Ave, Orlando, FL 32819",7618 Cassino Ave,,Orlando,FL,32819,Orange County,28.454143,-81.443148,single_family,5.0,2.0,1638.0,7900.0,1987.0,Inactive,320000,2021-11-14T14:09:18.990Z,272,12.676079399771027
"6165-Carrier-Dr,-Unit-1502,-Orlando,-FL-32819","6165 Carrier Dr, Unit 1502, Orlando, FL 32819",6165 Carrier Dr,Unit 1502,Orlando,FL,32819,Orange County,28.456858,-81.467791,condo,2.0,2.0,578.0,7900.0,1987.0,Inactive,187000,2022-03-22T11:00:59.897Z,144,12.138869243416009
"6165-Carrier-Dr,-Unit-2504,-Orlando,-FL-32819","6165 Carrier Dr, Unit 2504, Orlando, FL 32819",6165 Carrier Dr,Unit 2504,Orlando,FL,32819,Orange County,28.456701,-81.468112,condo,2.0,2.0,583.0,7900.0,1987.0,Inactive,170000,2021-05-12T09:35:21.088Z,458,12.04355959836804
"7541-Somerset-Shores-Ct,-Orlando,-FL-32819","7541 Somerset Shores Ct, Orlando, FL 32819",7541 Somerset Shores Ct,,Orlando,FL,32819,Orange County,28.45279,-81.486617,condo,3.0,3.0,2704.0,7900.0,1987.0,Inactive,599900,2022-04-08T14:52:08.047Z,127,13.304519920584285
"6165-Carrier-Dr,-Unit-1101,-Orlando,-FL-32819","6165 Carrier Dr, Unit 1101, Orlando, FL 32819",6165 Carrier Dr,Unit 1101,Orlando,FL,32819,Orange County,28.456858,-81.467791,condo,2.0,2.0,578.0,7900.0,1987.0,Inactive,173000,2022-03-31T09:49:07.082Z,135,12.06105265381003
"5905-Cedar-Pine-Dr,-Orlando,-FL-32819","5905 Cedar Pine Dr, Orlando, FL 32819",5905 Cedar Pine Dr,,Orlando,FL,32819,Orange County,28.478372,-81.491171,single_family,4.0,2.0,2050.0,7900.0,1987.0,Inactive,589000,2021-09-30T14:57:09.357Z,316,13.286183160425152
"8980-Crichton-Wood-Dr,-Orlando,-FL-32819","8980 Crichton Wood Dr, Orlando, FL 32819",8980 Crichton Wood Dr,,Orlando,FL,32819,Orange County,28.452977,-81.51403,single_family,4.0,3.0,3841.0,7900.0,1987.0,Inactive,875000,2022-04-22T17:14:21.436Z,112,13.681980308196241
"5880-Windhover-Dr,-Unit-5880,-Orlando,-FL-32819","5880 Windhover Dr, Unit 5880, Orlando, FL 32819",5880 Windhover Dr,Unit 5880,Orlando,FL,32819,Orange County,28.484432,-81.461901,condo,2.0,2.0,1258.0,7900.0,1987.0,Inactive,200000,2022-03-10T10:40:14.288Z,155,12.206077645517674
"6999-Edgeworth-Dr,-Orlando,-FL-32819","6999 Edgeworth Dr, Orlando, FL 32819",6999 Edgeworth Dr,,Orlando,FL,32819,Orange County,28.467996,-81.48083,single_family,4.0,3.0,2449.0,7900.0,1987.0,Inactive,599000,2022-04-26T18:03:32.929Z,106,13.303018546545275
"5053-Eaglesmere-Dr,-Unit-E05,-Orlando,-FL-32819","5053 Eaglesmere Dr, Unit E05, Orlando, FL 32819",5053 Eaglesmere Dr,Unit E05,Orlando,FL,32819,Orange County,28.489076,-81.462351,condo,3.0,2.0,1300.0,7900.0,1987.0,Inactive,289000,2022-05-11T12:25:54.656Z,92,12.574185427296195
"5348-Bay-Side-Dr,-Orlando,-FL-32819","5348 Bay Side Dr, Orlando, FL 32819",5348 Bay Side Dr,,Orlando,FL,32819,Orange County,28.480207,-81.51084,single_family,4.0,3.0,2327.0,7900.0,1987.0,Inactive,698000,2022-03-26T14:37:08.699Z,138,13.455975814408239
"6404-Parson-Brown-Dr,-Orlando,-FL-32819","6404 Parson Brown Dr, Orlando, FL 32819",6404 Parson Brown Dr,,Orlando,FL,32819,Orange County,28.467983,-81.488905,single_family,2.0,2.0,1574.0,7900.0,1987.0,Inactive,435000,2022-04-13T16:28:55.058Z,120,12.983103608918753
"4862-Cayview-Ave,-Unit-30609,-Orlando,-FL-32819","4862 Cayview Ave, Unit 30609, Orlando, FL 32819",4862 Cayview Ave,Unit 30609,Orlando,FL,32819,Orange County,28.429061,-81.447873,condo,3.0,2.0,1247.0,7900.0,1987.0,Inactive,359900,2022-04-07T13:23:15.795Z,126,12.79358427261286
"8015-Landgrove-Ct,-Orlando,-FL-32819","8015 Landgrove Ct, Orlando, FL 32819",8015 Landgrove Ct,,Orlando,FL,32819,Orange County,28.492397,-81.493769,single_family,4.0,3.0,2420.0,7900.0,1987.0,Inactive,610000,2022-03-25T14:15:03.023Z,139,13.321215875492413
"7675-Clubhouse-Estates-Dr,-Orlando,-FL-32819","7675 Clubhouse Estates Dr, Orlando, FL 32819",7675 Clubhouse Estates Dr,,Orlando,FL,32819,Orange County,28.455682,-81.498765,single_family,3.0,2.0,1617.0,7900.0,1987.0,Inactive,429900,2022-04-08T14:31:31.978Z,125,12.971310228604022
"6165-Carrier-Dr,-Unit-2305,-Orlando,-FL-32819","6165 Carrier Dr, Unit 2305, Orlando, FL 32819",6165 Carrier Dr,Unit 2305,Orlando,FL,32819,Orange County,28.456566,-81.467035,condo,2.0,2.0,583.0,7900.0,1987.0,Inactive,185900,2022-03-24T12:27:13.601Z,140,12.132969552931216
"6609-Edgeworth-Dr,-Orlando,-FL-32819","6609 Edgeworth Dr, Orlando, FL 32819",6609 Edgeworth Dr,,Orlando,FL,32819,Orange County,28.466753,-81.481896,single_family,3.0,2.0,1538.0,7900.0,1987.0,Inactive,475000,2022-02-23T13:58:02.420Z,169,13.07107218827772
"6351-Orange-Bay-Ave,-Orlando,-FL-32819","6351 Orange Bay Ave, Orlando, FL 32819",6351 Orange Bay Ave,,Orlando,FL,32819,Orange County,28.469755,-81.495886,single_family,4.0,2.0,1668.0,7900.0,1987.0,Inactive,400000,2022-03-20T14:03:20.048Z,144,12.899222326086994
"6165-W-Carrier-Dr,-Unit-1701,-Orlando,-FL-32819","6165 W Carrier Dr, Unit 1701, Orlando, FL 32819",6165 W Carrier Dr,Unit 1701,Orlando,FL,32819,Orange County,28.456858,-81.467791,condo,2.0,2.0,578.0,7900.0,1987.0,Inactive,186000,2021-12-11T12:15:54.247Z,243,12.133507329024972
"5207-Timberview-Ter,-Orlando,-FL-32819","5207 Timberview Ter, Orlando, FL 32819",5207 Timberview Ter,,Orlando,FL,32819,Orange County,28.484925,-81.500219,single_family,4.0,3.0,3079.0,7900.0,1987.0,Inactive,699900,2022-03-26T14:37:08.708Z,138,13.45869417545215
"8051-Rural-Retreat-Ct,-Orlando,-FL-32819","8051 Rural Retreat Ct, Orlando, FL 32819",8051 Rural Retreat Ct,,Orlando,FL,32819,Orange County,28.481804,-81.495117,single_family,4.0,3.0,2821.0,7900.0,1987.0,Inactive,675000,2022-03-11T14:26:50.727Z,153,13.42246945133505
"6938-Piazza-St,-Orlando,-FL-32819","6938 Piazza St, Orlando, FL 32819",6938 Piazza St,,Orlando,FL,32819,Orange County,28.457175,-81.477752,condo,3.0,2.0,2489.0,7900.0,1987.0,Inactive,515000,2022-04-18T14:30:02.235Z,115,13.151924121391561
"7013-Delora-Dr,-Orlando,-FL-32819","7013 Delora Dr, Orlando, FL 32819",7013 Delora Dr,,Orlando,FL,32819,Orange County,28.487426,-81.476215,single_family,5.0,3.0,1953.0,7900.0,1987.0,Inactive,479999,2022-03-18T14:16:57.148Z,146,13.081541382884074
"6158-Crystal-View-Dr,-Orlando,-FL-32819","6158 Crystal View Dr, Orlando, FL 32819",6158 Crystal View Dr,,Orlando,FL,32819,Orange County,28.474641,-81.478253,single_family,4.0,3.0,2449.0,7900.0,1987.0,Inactive,674999,2021-04-18T14:56:47.215Z,480,13.422467969854667
"7322-Grace-Rd,-Orlando,-FL-32819","7322 Grace Rd, Orlando, FL 32819",7322 Grace Rd,,Orlando,FL,32819,Orange County,28.481252,-81.483418,single_family,3.0,2.0,2061.0,7900.0,1987.0,Inactive,850000,2022-03-29T14:40:11.999Z,135,13.652992804936396
"6165-Carrier-Dr,-Unit-2703,-Orlando,-FL-32819","6165 Carrier Dr, Unit 2703, Orlando, FL 32819",6165 Carrier Dr,Unit 2703,Orlando,FL,32819,Orange County,28.456566,-81.467035,condo,2.0,2.0,583.0,7900.0,1987.0,Inactive,189900,2022-04-02T10:59:11.078Z,131,12.15425816271595
"6165-Carrier-Dr,-Unit-1412,-Orlando,-FL-32819","6165 Carrier Dr, Unit 1412, Orlando, FL 32819",6165 Carrier Dr,Unit 1412,Orlando,FL,32819,Orange County,28.456858,-81.467791,condo,1.0,1.0,408.0,7900.0,1987.0,Inactive,140000,2022-04-14T10:32:45.687Z,119,11.849404844423074
"6165-Carrier-Dr,-Unit-1215,-Orlando,-FL-32819","6165 Carrier Dr, Unit 1215, Orlando, FL 32819",6165 Carrier Dr,Unit 1215,Orlando,FL,32819,Orange County,28.456858,-81.467791,condo,1.0,1.0,485.0,7900.0,1987.0,Inactive,138000,2022-04-14T10:32:45.684Z,119,11.835016210489899
"6165-Carrier-Dr,-Unit-1608,-Orlando,-FL-32819","6165 Carrier Dr, Unit 1608, Orlando, FL 32819",6165 Carrier Dr,Unit 1608,Orlando,FL,32819,Orange County,28.456858,-81.467791,condo,1.0,1.0,408.0,7900.0,1987.0,Inactive,138900,2022-03-18T10:09:42.367Z,146,11.841516728140565
"6165-Carrier-Dr,-Unit-1410,-Orlando,-FL-32819","6165 Carrier Dr, Unit 1410, Orlando, FL 32819",6165 Carrier Dr,Unit 1410,Orlando,FL,32819,Orange County,28.456858,-81.467791,condo,1.0,1.0,408.0,7900.0,1987.0,Inactive,134000,2022-03-30T09:44:36.664Z,134,11.80560254159177
"5049-Shoreway-Loop,-Unit-305,-Orlando,-FL-32819","5049 Shoreway Loop, Unit 305, Orlando, FL 32819",5049 Shoreway Loop,Unit 305,Orlando,FL,32819,Orange County,28.429324,-81.451867,condo,3.0,2.0,2001.0,7900.0,1987.0,Inactive,495000,2022-04-29T15:48:59.400Z,104,13.112315061750808
"6165-Carrier-Dr,-Unit-1211,-Orlando,-FL-32819","6165 Carrier Dr, Unit 1211, Orlando, FL 32819",6165 Carrier Dr,Unit 1211,Orlando,FL,32819,Orange County,28.456858,-81.467791,condo,1.0,1.0,408.0,7900.0,1987.0,Inactive,125000,2022-04-07T09:06:06.638Z,126,11.736077016252437
"8316-Via-Vittoria-Way,-Orlando,-FL-32819","8316 Via Vittoria Way, Orlando, FL 32819",8316 Via Vittoria Way,,Orlando,FL,32819,Orange County,28.451753,-81.495988,single_family,3.0,2.0,3372.0,7900.0,1987.0,Inactive,1050000,2022-02-04T13:59:06.315Z,188,13.864301674514206
"7001-Burnway-Dr,-Orlando,-FL-32819","7001 Burnway Dr, Orlando, FL 32819",7001 Burnway Dr,,Orlando,FL,32819,Orange County,28.460551,-81.495795,single_family,3.0,2.0,1567.0,7900.0,1987.0,Inactive,449900,2021-06-16T16:02:30.189Z,421,13.016782837542953
"6844-Sperone-St,-Orlando,-FL-32819","6844 Sperone St, Orlando, FL 32819",6844 Sperone St,,Orlando,FL,32819,Orange County,28.462805,-81.479075,condo,3.0,2.0,1668.0,7900.0,1987.0,Inactive,395000,2022-03-27T13:50:08.441Z,137,12.886643575525625
"8129-Caraway-Dr,-Orlando,-FL-32819","8129 Caraway Dr, Orlando, FL 32819",8129 Caraway Dr,,Orlando,FL,32819,Orange County,28.465253,-81.494615,single_family,4.0,2.0,1937.0,7900.0,1987.0,Inactive,439900,2022-03-25T13:21:10.901Z,139,12.994304980578146
"6975-Sorrento-St,-Orlando,-FL-32819","6975 Sorrento St, Orlando, FL 32819",6975 Sorrento St,,Orlando,FL,32819,Orange County,28.458329,-81.478098,condo,3.0,2.0,2357.0,7900.0,1987.0,Inactive,550000,2022-02-04T13:36:15.872Z,188,13.217675375388819
"5121-Timberview-Ter,-Orlando,-FL-32819","5121 Timberview Ter, Orlando, FL 32819",5121 Timberview Ter,,Orlando,FL,32819,Orange County,28.484977,-81.502971,single_family,4.0,3.0,3045.0,7900.0,1987.0,Inactive,845000,2022-03-24T14:34:45.159Z,140,13.647093089770562
"7109-Burnway-Dr,-Orlando,-FL-32819","7109 Burnway Dr, Orlando, FL 32819",7109 Burnway Dr,,Orlando,FL,32819,Orange County,28.458826,-81.496319,single_family,3.0,2.0,1521.0,7900.0,1987.0,Inactive,430000,2022-03-12T14:18:20.691Z,152,12.971542813248437
"4126-Breakview-Dr,-Unit-107,-Orlando,-FL-32819","4126 Breakview Dr, Unit 107, Orlando, FL 32819",4126 Breakview Dr,Unit 107,Orlando,FL,32819,Orange County,28.425977,-81.446298,condo,2.0,2.0,1112.0,7900.0,1987.0,Inactive,310000,2022-03-05T13:00:03.137Z,159,12.644330802262578
"5024-Shoreway-Loop,-Unit-20706,-Orlando,-FL-32819","5024 Shoreway Loop, Unit 20706, Orlando, FL 32819",5024 Shoreway Loop,Unit 20706,Orlando,FL,32819,Orange County,28.428582,-81.450451,condo,3.0,2.0,2097.0,7900.0,1987.0,Inactive,439000,2022-02-04T13:06:31.779Z,188,12.992256969959042
"8012-Cool-Breeze-Ave,-Unit-95,-Orlando,-FL-32819","8012 Cool Breeze Ave, Unit 95, Orlando, FL 32819",8012 Cool Breeze Ave,Unit 95,Orlando,FL,32819,Orange County,28.430263,-81.451644,condo,3.0,2.0,1777.0,7900.0,1987.0,Inactive,389000,2022-02-22T13:27:48.126Z,170,12.871337193291367
"6954-Della-Dr,-Apt-40,-Orlando,-FL-32819","6954 Della Dr, Apt 40, Orlando, FL 32819",6954 Della Dr,Apt 40,Orlando,FL,32819,Orange County,28.460579,-81.489797,condo,3.0,2.0,1486.0,7900.0,1987.0,Inactive,360000,2022-04-02T13:47:22.709Z,131,12.793862088206213
"7703-Twin-Pines-Ct,-Orlando,-FL-32819","7703 Twin Pines Ct, Orlando, FL 32819",7703 Twin Pines Ct,,Orlando,FL,32819,Orange County,28.480159,-81.48925,single_family,5.0,4.0,3007.0,7900.0,1987.0,Inactive,679900,2021-11-09T14:57:37.139Z,275,13.429702478318
"8209-Via-Vittoria-Way,-Orlando,-FL-32819","8209 Via Vittoria Way, Orlando, FL 32819",8209 Via Vittoria Way,,Orlando,FL,32819,Orange County,28.451954,-81.494103,single_family,4.0,3.0,3866.0,7900.0,1987.0,Inactive,1275000,2022-03-21T14:25:54.644Z,143,14.058457520888082
"8938-Turnberry-Ct,-Orlando,-FL-32819","8938 Turnberry Ct, Orlando, FL 32819",8938 Turnberry Ct,,Orlando,FL,32819,Orange County,28.473065,-81.50919,single_family,3.0,2.0,3065.0,7900.0,1987.0,Inactive,898000,2021-11-24T15:22:27.161Z,260,13.707926460869462
"4913-Caserta-St,-Orlando,-FL-32819","4913 Caserta St, Orlando, FL 32819",4913 Caserta St,,Orlando,FL,32819,Orange County,28.455204,-81.444921,single_family,3.0,2.0,1000.0,7900.0,1987.0,Inactive,299000,2022-03-17T13:07:51.217Z,147,12.608202196848836
"7601-Canada-Ave,-Unit-304,-Orlando,-FL-32819","7601 Canada Ave, Unit 304, Orlando, FL 32819",7601 Canada Ave,Unit 304,Orlando,FL,32819,Orange County,28.452108,-81.467375,condo,1.0,1.0,542.0,7900.0,1987.0,Inactive,102800,2020-09-15T16:30:11.061Z,694,11.540550359582348
"7002-Somerton-Blvd,-Unit-30,-Orlando,-FL-32819","7002 Somerton Blvd, Unit 30, Orlando, FL 32819",7002 Somerton Blvd,Unit 30,Orlando,FL,32819,Orange County,28.460617,-81.497834,single_family,4.0,3.0,2541.0,7900.0,1987.0,Inactive,670000,2022-03-15T14:11:23.892Z,149,13.415034483903348
"6256-Masters-Blvd,-Unit-C103,-Orlando,-FL-32819","6256 Masters Blvd, Unit C103, Orlando, FL 32819",6256 Masters Blvd,Unit C103,Orlando,FL,32819,Orange County,28.458067,-81.512427,condo,2.0,2.0,1498.0,7900.0,1987.0,Inactive,535000,2021-02-27T14:43:44.962Z,530,13.190023895035274
"8251-Tansy-Dr,-Orlando,-FL-32819","8251 Tansy Dr, Orlando, FL 32819",8251 Tansy Dr,,Orlando,FL,32819,Orange County,28.466979,-81.494437,single_family,5.0,3.0,2384.0,7900.0,1987.0,Inactive,525000,2022-04-07T14:04:17.109Z,126,13.171155446333852
"7617-Udine-Ave,-Orlando,-FL-32819","7617 Udine Ave, Orlando, FL 32819",7617 Udine Ave,,Orlando,FL,32819,Orange County,28.454273,-81.447609,single_family,3.0,2.0,936.0,7900.0,1987.0,Inactive,250000,2022-02-23T12:56:05.813Z,169,12.429220196836383
"8309-Tansy-Dr,-Orlando,-FL-32819","8309 Tansy Dr, Orlando, FL 32819",8309 Tansy Dr,,Orlando,FL,32819,Orange County,28.467061,-81.496444,single_family,4.0,2.0,1937.0,7900.0,1987.0,Inactive,510000,2022-02-15T14:18:08.870Z,177,13.1421679654829
"7395-Universal-Blvd,-Orlando,-FL-32819","7395 Universal Blvd, Orlando, FL 32819",7395 Universal Blvd,,Orlando,FL,32819,Orange County,28.456616,-81.462615,condo,2.0,2.0,1056.0,7900.0,1987.0,Inactive,420000,2022-01-22T14:02:11.225Z,201,12.948012371209098
"6013-Windhover-Dr,-Unit-C07,-Orlando,-FL-32819","6013 Windhover Dr, Unit C07, Orlando, FL 32819",6013 Windhover Dr,Unit C07,Orlando,FL,32819,Orange County,28.485611,-81.463326,condo,2.0,2.0,1139.0,7900.0,1987.0,Inactive,175000,2022-03-30T10:32:24.219Z,134,12.07254696717504
"8523-Summerville-Pl,-Orlando,-FL-32819","8523 Summerville Pl, Orlando, FL 32819",8523 Summerville Pl,,Orlando,FL,32819,Orange County,28.481238,-81.498093,single_family,5.0,3.0,2853.0,7900.0,1987.0,Inactive,794000,2022-03-11T14:30:03.617Z,153,13.584839999674324
"6165-Carrier-Dr,-Unit-1103,-Orlando,-FL-32819","6165 Carrier Dr, Unit 1103, Orlando, FL 32819",6165 Carrier Dr,Unit 1103,Orlando,FL,32819,Orange County,28.456858,-81.467791,condo,2.0,2.0,583.0,7900.0,1987.0,Inactive,174900,2022-02-14T10:55:53.113Z,178,12.071975378543236
"7383-Universal-Blvd,-Unit-109,-Orlando,-FL-32819","7383 Universal Blvd, Unit 109, Orlando, FL 32819",7383 Universal Blvd,Unit 109,Orlando,FL,32819,Orange County,28.456616,-81.462615,condo,1.0,1.0,671.0,7900.0,1987.0,Inactive,209900,2020-09-21T20:55:18.727Z,688,12.254391269970792
"7407-Cassino-Ave,-Orlando,-FL-32819","7407 Cassino Ave, Orlando, FL 32819",7407 Cassino Ave,,Orlando,FL,32819,Orange County,28.456307,-81.442749,single_family,4.0,3.0,1521.0,7900.0,1987.0,Inactive,130000,2020-09-15T19:45:41.615Z,694,11.775297421715827
"4915-Caspian-Ct,-Orlando,-FL-32819","4915 Caspian Ct, Orlando, FL 32819",4915 Caspian Ct,,Orlando,FL,32819,Orange County,28.493007,-81.486852,single_family,4.0,3.0,2224.0,7900.0,1987.0,Inactive,570000,2022-02-05T13:35:41.187Z,187,13.25339339419516
"6165-Carrier-Dr,-Unit-1407,-Orlando,-FL-32819","6165 Carrier Dr, Unit 1407, Orlando, FL 32819",6165 Carrier Dr,Unit 1407,Orlando,FL,32819,Orange County,28.456858,-81.467791,condo,1.0,1.0,408.0,7900.0,1987.0,Inactive,134950,2022-03-29T10:24:15.096Z,135,11.812667028570603
"6318-Oak-Meadow-Bnd,-Orlando,-FL-32819","6318 Oak Meadow Bnd, Orlando, FL 32819",6318 Oak Meadow Bnd,,Orlando,FL,32819,Orange County,28.470747,-81.483051,single_family,4.0,3.0,2479.0,7900.0,1987.0,Inactive,709000,2021-10-11T15:46:40.996Z,303,13.471612215950506
"8430-Foxworth-Cir,-Unit-45,-Orlando,-FL-32819","8430 Foxworth Cir, Unit 45, Orlando, FL 32819",8430 Foxworth Cir,Unit 45,Orlando,FL,32819,Orange County,28.459467,-81.498897,single_family,3.0,2.0,2113.0,7900.0,1987.0,Inactive,495000,2022-03-25T13:41:21.822Z,139,13.112315061750808
"6165-Carrier-Dr,-Unit-2901,-Orlando,-FL-32819","6165 Carrier Dr, Unit 2901, Orlando, FL 32819",6165 Carrier Dr,Unit 2901,Orlando,FL,32819,Orange County,28.456566,-81.467035,condo,2.0,2.0,578.0,7900.0,1987.0,Inactive,210000,2020-09-20T19:35:01.642Z,689,12.25486757159303
"6165-Carrier-Dr,-Unit-3213,-Orlando,-FL-32819","6165 Carrier Dr, Unit 3213, Orlando, FL 32819",6165 Carrier Dr,Unit 3213,Orlando,FL,32819,Orange County,28.456927,-81.468843,condo,1.0,1.0,485.0,7900.0,1987.0,Inactive,134900,2022-03-05T09:58:04.603Z,159,11.812296455066814
"7601-Canada-Ave,-Unit-303,-Orlando,-FL-32819","7601 Canada Ave, Unit 303, Orlando, FL 32819",7601 Canada Ave,Unit 303,Orlando,FL,32819,Orange County,28.452108,-81.467375,condo,1.0,1.0,542.0,7900.0,1987.0,Inactive,93000,2021-08-12T11:40:03.581Z,364,11.440365524765756
"7741-Sundial-Ln,-Orlando,-FL-32819","7741 Sundial Ln, Orlando, FL 32819",7741 Sundial Ln,,Orlando,FL,32819,Orange County,28.453212,-81.49386,condo,4.0,3.0,1850.0,7900.0,1987.0,Inactive,410000,2021-07-11T15:53:25.086Z,395,12.923914877701906
"8822-Great-Cove-Dr,-Orlando,-FL-32819","8822 Great Cove Dr, Orlando, FL 32819",8822 Great Cove Dr,,Orlando,FL,32819,Orange County,28.47558,-81.506252,single_family,4.0,3.0,2963.0,7900.0,1987.0,Inactive,725000,2022-03-25T14:22:03.815Z,139,13.493928313146206
"6289-Indian-Meadow-St,-Orlando,-FL-32819","6289 Indian Meadow St, Orlando, FL 32819",6289 Indian Meadow St,,Orlando,FL,32819,Orange County,28.454043,-81.507062,single_family,6.0,4.0,4996.0,7900.0,1987.0,Inactive,1400000,2022-02-18T14:28:45.000Z,174,14.151983508870947
"7470-Alpine-Butterfly-Ln,-Orlando,-FL-32819","7470 Alpine Butterfly Ln, Orlando, FL 32819",7470 Alpine Butterfly Ln,,Orlando,FL,32819,Orange County,28.441006,-81.482492,single_family,5.0,4.0,3926.0,7900.0,1987.0,Inactive,1250000,2022-01-11T14:21:00.669Z,212,14.038654909278163
"4804-Cayview-Ave,-Unit-20612,-Orlando,-FL-32819","4804 Cayview Ave, Unit 20612, Orlando, FL 32819",4804 Cayview Ave,Unit 20612,Orlando,FL,32819,Orange County,28.427652,-81.446356,condo,3.0,2.0,2001.0,7900.0,1987.0,Inactive,492000,2022-01-08T13:34:24.301Z,215,13.106236027992704
"4804-Cayview-Ave,-Unit-30212,-Orlando,-FL-32819","4804 Cayview Ave, Unit 30212, Orlando, FL 32819",4804 Cayview Ave,Unit 30212,Orlando,FL,32819,Orange County,28.427587,-81.446179,condo,3.0,2.0,2001.0,7900.0,1987.0,Inactive,484900,2022-02-22T13:54:14.820Z,170,13.0917000253722
"5000-Manduria-St,-Orlando,-FL-32819","5000 Manduria St, Orlando, FL 32819",5000 Manduria St,,Orlando,FL,32819,Orange County,28.452595,-81.4468,single_family,2.0,2.0,704.0,7900.0,1987.0,Inactive,149900,2021-12-21T10:34:23.598Z,233,11.917730355182513
"5712-Crescent-Heights-Rdg,-Orlando,-FL-32819","5712 Crescent Heights Rdg, Orlando, FL 32819",5712 Crescent Heights Rdg,,Orlando,FL,32819,Orange County,28.470773,-81.516959,single_family,5.0,4.0,5312.0,7900.0,1987.0,Inactive,1549000,2020-09-22T02:27:04.540Z,688,14.25312076497659
"5019-Caspian-Ct,-Orlando,-FL-32819","5019 Caspian Ct, Orlando, FL 32819",5019 Caspian Ct,,Orlando,FL,32819,Orange County,28.491385,-81.486842,single_family,5.0,3.0,2642.0,7900.0,1987.0,Inactive,599000,2022-02-07T14:10:35.630Z,185,13.303018546545275
"6220-Donegal-Dr,-Orlando,-FL-32819","6220 Donegal Dr, Orlando, FL 32819",6220 Donegal Dr,,Orlando,FL,32819,Orange County,28.455988,-81.506712,single_family,4.0,3.0,4694.0,7900.0,1987.0,Inactive,2389000,2021-12-12T14:59:38.514Z,242,14.68638584489304
"8998-Hubbard-Pl,-Orlando,-FL-32819","8998 Hubbard Pl, Orlando, FL 32819",8998 Hubbard Pl,,Orlando,FL,32819,Orange County,28.461159,-81.515484,single_family,4.0,3.0,5430.0,7900.0,1987.0,Inactive,3400000,2021-08-19T18:32:55.441Z,356,15.039286283703994
"5000-Cayview-Ave,-Unit-21008,-Orlando,-FL-32819","5000 Cayview Ave, Unit 21008, Orlando, FL 32819",5000 Cayview Ave,Unit 21008,Orlando,FL,32819,Orange County,28.429118,-81.448948,condo,3.0,2.0,1412.0,7900.0,1987.0,Inactive,399900,2020-09-21T23:28:14.502Z,688,12.89897229545694
"5049-Shoreway-20101-Loop,-Unit-201,-Orlando,-FL-32819","5049 Shoreway 20101 Loop, Unit 201, Orlando, FL 32819",5049 Shoreway 20101 Loop,Unit 201,Orlando,FL,32819,Orange County,28.429211,-81.451874,condo,2.0,2.0,1823.0,7900.0,1987.0,Inactive,385000,2022-03-01T13:21:34.858Z,163,12.861001210669146
"8565-Shady-Glen-Dr,-Orlando,-FL-32819","8565 Shady Glen Dr, Orlando, FL 32819",8565 Shady Glen Dr,,Orlando,FL,32819,Orange County,28.474168,-81.502924,single_family,4.0,3.0,2526.0,7900.0,1987.0,Inactive,375000,2022-01-20T13:09:30.733Z,203,12.834683971615659
"8825-Latrec-Ave,-Apt-208,-Orlando,-FL-32819","8825 Latrec Ave, Apt 208, Orlando, FL 32819",8825 Latrec Ave,Apt 208,Orlando,FL,32819,Orange County,28.43754,-81.478653,condo,2.0,2.0,1003.0,7900.0,1987.0,Inactive,209000,2022-02-23T12:34:47.256Z,169,12.250094315624496
"6468-Winder-Oaks-Blvd,-Orlando,-FL-32819","6468 Winder Oaks Blvd, Orlando, FL 32819",6468 Winder Oaks Blvd,,Orlando,FL,32819,Orange County,28.491546,-81.470834,single_family,3.0,2.0,1579.0,7900.0,1987.0,Inactive,485000,2022-03-19T14:22:26.581Z,145,13.091906231773164
"8001-Cool-Breeze-Ave,-Unit-121,-Orlando,-FL-32819","8001 Cool Breeze Ave, Unit 121, Orlando, FL 32819",8001 Cool Breeze Ave,Unit 121,Orlando,FL,32819,Orange County,28.429858,-81.451014,condo,3.0,2.0,1746.0,7900.0,1987.0,Inactive,375000,2022-03-22T12:55:17.058Z,142,12.834683971615659
"5038-Tideview-Cir,-Unit-21,-Orlando,-FL-32819","5038 Tideview Cir, Unit 21, Orlando, FL 32819",5038 Tideview Cir,Unit 21,Orlando,FL,32819,Orange County,28.430928,-81.449974,condo,3.0,2.0,1746.0,7900.0,1987.0,Inactive,369000,2022-03-15T13:13:08.397Z,149,12.818554633046093
"4802-Cayview-Ave,-Unit-40814,-Orlando,-FL-32819","4802 Cayview Ave, Unit 40814, Orlando, FL 32819",4802 Cayview Ave,Unit 40814,Orlando,FL,32819,Orange County,28.428336,-81.445348,condo,3.0,2.0,1247.0,7900.0,1987.0,Inactive,329000,2022-03-10T12:34:28.529Z,154,12.703816069256568
"7606-Pissarro-Dr,-Unit-14103,-Orlando,-FL-32819","7606 Pissarro Dr, Unit 14103, Orlando, FL 32819",7606 Pissarro Dr,Unit 14103,Orlando,FL,32819,Orange County,28.435741,-81.479779,condo,3.0,2.0,1193.0,7900.0,1987.0,Inactive,215900,2022-02-15T12:10:26.445Z,177,12.282575248266141
"5410-Bay-Side-Dr,-Orlando,-FL-32819","5410 Bay Side Dr, Orlando, FL 32819",5410 Bay Side Dr,,Orlando,FL,32819,Orange County,28.47844,-81.513313,single_family,6.0,4.0,3569.0,7900.0,1987.0,Inactive,2100000,2022-02-20T14:23:40.129Z,172,14.557448378884015
"6114-Bimini-Twist-Loop,-Orlando,-FL-32819","6114 Bimini Twist Loop, Orlando, FL 32819",6114 Bimini Twist Loop,,Orlando,FL,32819,Orange County,28.442826,-81.481237,condo,3.0,2.0,1636.0,7900.0,1987.0,Inactive,639900,2022-03-18T14:32:51.761Z,146,13.36906875587051
"7606-Pissarro-Dr,-Unit-14301,-Orlando,-FL-32819","7606 Pissarro Dr, Unit 14301, Orlando, FL 32819",7606 Pissarro Dr,Unit 14301,Orlando,FL,32819,Orange County,28.435893,-81.479778,condo,3.0,2.0,1193.0,7900.0,1987.0,Inactive,205000,2022-02-25T11:44:47.128Z,167,12.230770136157428
"9034-Crichton-Wood-Dr,-Orlando,-FL-32819","9034 Crichton Wood Dr, Orlando, FL 32819",9034 Crichton Wood Dr,,Orlando,FL,32819,Orange County,28.453541,-81.516293,single_family,4.0,3.0,3224.0,7900.0,1987.0,Inactive,1050000,2021-12-04T14:46:13.173Z,250,13.864301674514206
"8442-Cedar-Cove-Dr,-Orlando,-FL-32819","8442 Cedar Cove Dr, Orlando, FL 32819",8442 Cedar Cove Dr,,Orlando,FL,32819,Orange County,28.468248,-81.49968,single_family,3.0,2.0,2012.0,7900.0,1987.0,Inactive,490000,2021-02-11T14:24:59.050Z,546,13.102162710901053
"4861-Quiet-Oak-Ln,-Orlando,-FL-32819","4861 Quiet Oak Ln, Orlando, FL 32819",4861 Quiet Oak Ln,,Orlando,FL,32819,Orange County,28.491387,-81.471349,single_family,4.0,3.0,2328.0,7900.0,1987.0,Inactive,479900,2022-03-16T14:01:24.442Z,148,13.081335111611617
"6165-Carrier-Dr,-Unit-2706,-Orlando,-FL-32819","6165 Carrier Dr, Unit 2706, Orlando, FL 32819",6165 Carrier Dr,Unit 2706,Orlando,FL,32819,Orange County,28.456566,-81.467035,condo,2.0,2.0,583.0,7900.0,1987.0,Inactive,174900,2022-03-01T10:51:22.416Z,163,12.071975378543236
"5113-Lobo-Ct,-Orlando,-FL-32819","5113 Lobo Ct, Orlando, FL 32819",5113 Lobo Ct,,Orlando,FL,32819,Orange County,28.485554,-81.496171,single_family,4.0,3.0,3342.0,7900.0,1987.0,Inactive,898500,2022-02-14T14:18:41.404Z,178,13.708483098171186
"5049-Shoreway-Loop,-Unit-30101,-Orlando,-FL-32819","5049 Shoreway Loop, Unit 30101, Orlando, FL 32819",5049 Shoreway Loop,Unit 30101,Orlando,FL,32819,Orange County,28.429211,-81.451874,condo,2.0,2.0,2001.0,7900.0,1987.0,Inactive,449900,2022-02-01T13:06:55.728Z,191,13.016782837542953
"5000-Cayview-Ave,-Unit-40108,-Orlando,-FL-32819","5000 Cayview Ave, Unit 40108, Orlando, FL 32819",5000 Cayview Ave,Unit 40108,Orlando,FL,32819,Orange County,28.429433,-81.448995,condo,3.0,2.0,1247.0,7900.0,1987.0,Inactive,379900,2022-02-01T12:55:59.792Z,191,12.847665971443902
"6911-Lucca-St,-Orlando,-FL-32819","6911 Lucca St, Orlando, FL 32819",6911 Lucca St,,Orlando,FL,32819,Orange County,28.460608,-81.47738,single_family,4.0,3.0,2740.0,7900.0,1987.0,Inactive,420000,2021-10-17T15:21:27.730Z,297,12.948012371209098
"8227-Bluestar-Cir,-Orlando,-FL-32819","8227 Bluestar Cir, Orlando, FL 32819",8227 Bluestar Cir,,Orlando,FL,32819,Orange County,28.470193,-81.494961,single_family,4.0,2.0,1824.0,7900.0,1987.0,Inactive,405000,2021-11-30T14:01:44.902Z,254,12.91164481522143
"8801-Latrec-Ave,-Unit-8306,-Orlando,-FL-32819","8801 Latrec Ave, Unit 8306, Orlando, FL 32819",8801 Latrec Ave,Unit 8306,Orlando,FL,32819,Orange County,28.438373,-81.479345,condo,2.0,2.0,1003.0,7900.0,1987.0,Inactive,220000,2022-03-06T10:57:01.989Z,158,12.301387370778713
"6165-Carrier-Dr,-Unit-3414,-Orlando,-FL-32819","6165 Carrier Dr, Unit 3414, Orlando, FL 32819",6165 Carrier Dr,Unit 3414,Orlando,FL,32819,Orange County,28.456927,-81.468843,condo,1.0,1.0,485.0,7900.0,1987.0,Inactive,134900,2022-03-05T09:58:04.601Z,159,11.812296455066814
"8557-Summerville-Pl,-Orlando,-FL-32819","8557 Summerville Pl, Orlando, FL 32819",8557 Summerville Pl,,Orlando,FL,32819,Orange County,28.483343,-81.49617,single_family,5.0,3.0,3309.0,7900.0,1987.0,Inactive,795000,2021-04-18T15:13:54.450Z,479,13.586098651497313
"6828-Hochad-Dr,-Unit-6828,-Orlando,-FL-32819","6828 Hochad Dr, Unit 6828, Orlando, FL 32819",6828 Hochad Dr,Unit 6828,Orlando,FL,32819,Orange County,28.4633,-81.480905,condo,3.0,2.0,1672.0,7900.0,1987.0,Inactive,389000,2022-02-15T13:47:33.494Z,177,12.871337193291367
"4845-Tidecrest-Ave,-Unit-148,-Orlando,-FL-32819","4845 Tidecrest Ave, Unit 148, Orlando, FL 32819",4845 Tidecrest Ave,Unit 148,Orlando,FL,32819,Orange County,28.429543,-81.446106,condo,3.0,2.0,1771.0,7900.0,1987.0,Inactive,379000,2022-03-11T13:52:43.581Z,153,12.84529412258351
"10246-Turkey-Lake-Rd,-Apt-160,-Orlando,-FL-32819","10246 Turkey Lake Rd, Apt 160, Orlando, FL 32819",10246 Turkey Lake Rd,Apt 160,Orlando,FL,32819,Orange County,28.419626,-81.476871,condo,1.0,1.0,745.0,7900.0,1987.0,Inactive,149000,2022-02-19T09:54:46.321Z,173,11.91170829631447
"6165-Carrier-Dr,-Unit-2407,-Orlando,-FL-32819","6165 Carrier Dr, Unit 2407, Orlando, FL 32819",6165 Carrier Dr,Unit 2407,Orlando,FL,32819,Orange County,28.456566,-81.467035,condo,1.0,1.0,408.0,7900.0,1987.0,Inactive,134900,2022-02-19T09:54:46.301Z,173,11.812296455066814
"7300-Everleigh-Ct,-Orlando,-FL-32819","7300 Everleigh Ct, Orlando, FL 32819",7300 Everleigh Ct,,Orlando,FL,32819,Orange County,28.467358,-81.481573,single_family,2.0,2.0,1796.0,7900.0,1987.0,Inactive,479000,2022-02-10T13:50:58.468Z,182,13.079457964073546
"5038-Tideview-Cir,-Unit-24,-Orlando,-FL-32819","5038 Tideview Cir, Unit 24, Orlando, FL 32819",5038 Tideview Cir,Unit 24,Orlando,FL,32819,Orange County,28.430837,-81.449841,condo,3.0,2.0,1741.0,7900.0,1987.0,Inactive,349000,2022-02-01T12:37:02.281Z,191,12.762830066509972
"7014-Cadiz-Blvd,-Orlando,-FL-32819","7014 Cadiz Blvd, Orlando, FL 32819",7014 Cadiz Blvd,,Orlando,FL,32819,Orange County,28.463093,-81.479371,condo,3.0,2.0,1672.0,7900.0,1987.0,Inactive,369900,2022-03-04T13:22:47.127Z,160,12.820990681250251
"8191-Via-Vittoria-Way,-Orlando,-FL-32819","8191 Via Vittoria Way, Orlando, FL 32819",8191 Via Vittoria Way,,Orlando,FL,32819,Orange County,28.451974,-81.493729,single_family,4.0,3.0,3870.0,7900.0,1987.0,Inactive,1250000,2022-02-17T14:07:13.389Z,175,14.038654909278163
"5957-Chesapeake-Park,-Unit-60,-Orlando,-FL-32819","5957 Chesapeake Park, Unit 60, Orlando, FL 32819",5957 Chesapeake Park,Unit 60,Orlando,FL,32819,Orange County,28.464832,-81.503166,condo,3.0,2.0,2403.0,7900.0,1987.0,Inactive,660000,2022-02-12T14:28:49.339Z,180,13.399996629152975
"8571-Shady-Glen-Dr,-Orlando,-FL-32819","8571 Shady Glen Dr, Orlando, FL 32819",8571 Shady Glen Dr,,Orlando,FL,32819,Orange County,28.474402,-81.502927,single_family,3.0,2.0,1798.0,7900.0,1987.0,Inactive,489000,2021-12-24T13:44:28.147Z,230,13.100119813444692
"4816-Cayview-Ave,-Unit-102,-Orlando,-FL-32819","4816 Cayview Ave, Unit 102, Orlando, FL 32819",4816 Cayview Ave,Unit 102,Orlando,FL,32819,Orange County,28.428112,-81.44672,condo,2.0,2.0,1823.0,7900.0,1987.0,Inactive,395000,2022-01-25T13:45:39.747Z,198,12.886643575525625
"6028-Peregrine-Ave,-Unit-C07,-Orlando,-FL-32819","6028 Peregrine Ave, Unit C07, Orlando, FL 32819",6028 Peregrine Ave,Unit C07,Orlando,FL,32819,Orange County,28.486253,-81.463129,condo,2.0,2.0,1139.0,7900.0,1987.0,Inactive,165000,2022-02-14T10:55:53.098Z,177,12.013706813470414
"10316-Turkey-Lake-A08-Rd,-Unit-112,-Orlando,-FL-32819","10316 Turkey Lake A08 Rd, Unit 112, Orlando, FL 32819",10316 Turkey Lake A08 Rd,Unit 112,Orlando,FL,32819,Orange County,28.418114,-81.47643,condo,1.0,1.0,745.0,7900.0,1987.0,Inactive,145000,2022-01-18T10:27:09.519Z,204,11.884495917930655
"8731-South-Bay-Dr,-Orlando,-FL-32819","8731 South Bay Dr, Orlando, FL 32819",8731 South Bay Dr,,Orlando,FL,32819,Orange County,28.451151,-81.508018,single_family,4.0,3.0,4610.0,7900.0,1987.0,Inactive,925000,2022-03-05T14:22:47.805Z,158,13.73755009757506
"8436-Bermuda-Dunes-Dr,-Orlando,-FL-32819","8436 Bermuda Dunes Dr, Orlando, FL 32819",8436 Bermuda Dunes Dr,,Orlando,FL,32819,Orange County,28.453438,-81.498268,single_family,3.0,2.0,1632.0,7900.0,1987.0,Inactive,459000,2021-05-12T15:41:03.377Z,455,13.036807667689546
"5050-Hidden-Springs-Blvd,-Orlando,-FL-32819","5050 Hidden Springs Blvd, Orlando, FL 32819",5050 Hidden Springs Blvd,,Orlando,FL,32819,Orange County,28.490362,-81.48641,single_family,3.0,2.0,1946.0,7900.0,1987.0,Inactive,455000,2021-08-19T17:37:16.288Z,356,13.02805489573287
"7031-Delora-Dr,-Orlando,-FL-32819","7031 Delora Dr, Orlando, FL 32819",7031 Delora Dr,,Orlando,FL,32819,Orange County,28.487428,-81.477009,single_family,3.0,2.0,1552.0,7900.0,1987.0,Inactive,377000,2022-02-01T12:55:59.787Z,190,12.840003118946523
"7300-Udine-Ave,-Orlando,-FL-32819","7300 Udine Ave, Orlando, FL 32819",7300 Udine Ave,,Orlando,FL,32819,Orange County,28.457439,-81.448131,single_family,4.0,2.0,1131.0,7900.0,1987.0,Inactive,279900,2020-09-21T20:56:35.608Z,688,12.5421912482017
"5434-Osprey-Isle-Ln,-Orlando,-FL-32819","5434 Osprey Isle Ln, Orlando, FL 32819",5434 Osprey Isle Ln,,Orlando,FL,32819,Orange County,28.477161,-81.519495,single_family,5.0,4.0,10676.0,7900.0,1987.0,Inactive,5450000,2020-11-11T19:54:18.636Z,637,15.511126350125648
"6221-Donegal-Dr,-Orlando,-FL-32819","6221 Donegal Dr, Orlando, FL 32819",6221 Donegal Dr,,Orlando,FL,32819,Orange County,28.455383,-81.505894,single_family,4.0,3.0,2350.0,7900.0,1987.0,Inactive,730000,2022-02-05T13:49:13.198Z,186,13.500801182986649
"7342-Sparkling-Lake-Rd,-Orlando,-FL-32819","7342 Sparkling Lake Rd, Orlando, FL 32819",7342 Sparkling Lake Rd,,Orlando,FL,32819,Orange County,28.472538,-81.483085,single_family,4.0,2.0,2184.0,7900.0,1987.0,Inactive,649900,2022-02-04T13:49:20.917Z,187,13.384575322579519
"5504-Pine-Shade-Ct,-Orlando,-FL-32819","5504 Pine Shade Ct, Orlando, FL 32819",5504 Pine Shade Ct,,Orlando,FL,32819,Orange County,28.484472,-81.490803,single_family,4.0,2.0,2192.0,7900.0,1987.0,Inactive,535000,2022-02-19T13:56:59.512Z,172,13.190023895035274
"6714-Imperial-Oak-Ln,-Orlando,-FL-32819","6714 Imperial Oak Ln, Orlando, FL 32819",6714 Imperial Oak Ln,,Orlando,FL,32819,Orange County,28.491336,-81.473973,single_family,4.0,2.0,1928.0,7900.0,1987.0,Inactive,430000,2022-02-04T13:06:13.064Z,187,12.971542813248437
"6051-Windhover-Dr,-Unit-10C05,-Orlando,-FL-32819","6051 Windhover Dr, Unit 10C05, Orlando, FL 32819",6051 Windhover Dr,Unit 10C05,Orlando,FL,32819,Orange County,28.48508,-81.463843,condo,2.0,2.0,1139.0,7900.0,1987.0,Inactive,220000,2022-02-18T11:10:52.688Z,173,12.301387370778713
"5975-Windhover-Dr,-Orlando,-FL-32819","5975 Windhover Dr, Orlando, FL 32819",5975 Windhover Dr,,Orlando,FL,32819,Orange County,28.485466,-81.462276,condo,2.0,2.0,1139.0,7900.0,1987.0,Inactive,172360,2022-01-05T11:05:02.407Z,217,12.057346393523108
"9130-Bay-Side-Ct,-Orlando,-FL-32819","9130 Bay Side Ct, Orlando, FL 32819",9130 Bay Side Ct,,Orlando,FL,32819,Orange County,28.476987,-81.512493,single_family,4.0,3.0,2190.0,7900.0,1987.0,Inactive,563000,2022-02-07T14:10:23.718Z,184,13.241036683319184
"4840-Cayview-Ave,-Unit-104,-Orlando,-FL-32819","4840 Cayview Ave, Unit 104, Orlando, FL 32819",4840 Cayview Ave,Unit 104,Orlando,FL,32819,Orange County,28.428351,-81.4477,condo,3.0,2.0,2097.0,7900.0,1987.0,Inactive,485000,2022-01-06T13:01:55.898Z,216,13.091906231773164
"5026-Tideview-Cir,-Unit-13,-Orlando,-FL-32819","5026 Tideview Cir, Unit 13, Orlando, FL 32819",5026 Tideview Cir,Unit 13,Orlando,FL,32819,Orange County,28.431141,-81.450475,condo,3.0,2.0,1746.0,7900.0,1987.0,Inactive,379900,2022-03-02T13:03:27.894Z,161,12.847665971443902
"5175-Hidden-Springs-Blvd,-Orlando,-FL-32819","5175 Hidden Springs Blvd, Orlando, FL 32819",5175 Hidden Springs Blvd,,Orlando,FL,32819,Orange County,28.489382,-81.485735,single_family,4.0,2.0,2722.0,7900.0,1987.0,Inactive,525000,2022-02-16T14:19:56.250Z,175,13.171155446333852
"7580-Toscana-Blvd,-Apt-841,-Orlando,-FL-32819","7580 Toscana Blvd, Apt 841, Orlando, FL 32819",7580 Toscana Blvd,Apt 841,Orlando,FL,32819,Orange County,28.454583,-81.478043,condo,3.0,2.0,2085.0,7900.0,1987.0,Inactive,428888,2022-02-14T13:43:16.711Z,177,12.968953423172119
"7547-Sugar-Bend-Dr,-Unit-7547,-Orlando,-FL-32819","7547 Sugar Bend Dr, Unit 7547, Orlando, FL 32819",7547 Sugar Bend Dr,Unit 7547,Orlando,FL,32819,Orange County,28.455878,-81.492511,condo,3.0,2.0,1212.0,7900.0,1987.0,Inactive,340000,2022-01-19T13:21:31.924Z,203,12.73670383776449
"6092-Peregrine-Ave,-Unit-C06,-Orlando,-FL-32819","6092 Peregrine Ave, Unit C06, Orlando, FL 32819",6092 Peregrine Ave,Unit C06,Orlando,FL,32819,Orange County,28.486391,-81.464408,condo,2.0,2.0,1139.0,7900.0,1987.0,Inactive,175000,2022-03-09T11:11:32.444Z,154,12.07254696717504
"7601-Canada-Ave,-Unit-601,-Orlando,-FL-32819","7601 Canada Ave, Unit 601, Orlando, FL 32819",7601 Canada Ave,Unit 601,Orlando,FL,32819,Orange County,28.452108,-81.467375,condo,1.0,1.0,542.0,7900.0,1987.0,Inactive,96000,2022-02-19T09:05:29.606Z,172,11.472113887062386
"4949-Winwood-Way,-Orlando,-FL-32819","4949 Winwood Way, Orlando, FL 32819",4949 Winwood Way,,Orlando,FL,32819,Orange County,28.491761,-81.489184,single_family,4.0,3.0,2632.0,7900.0,1987.0,Inactive,658000,2022-02-03T14:03:12.915Z,188,13.396961730063138
"8941-Turnberry-Ct,-Orlando,-FL-32819","8941 Turnberry Ct, Orlando, FL 32819",8941 Turnberry Ct,,Orlando,FL,32819,Orange County,28.473392,-81.509891,single_family,4.0,3.0,3022.0,7900.0,1987.0,Inactive,935000,2021-06-16T16:25:50.713Z,420,13.74830287778897
"8953-Charleston-Park,-Orlando,-FL-32819","8953 Charleston Park, Orlando, FL 32819",8953 Charleston Park,,Orlando,FL,32819,Orange County,28.463932,-81.505871,single_family,3.0,2.0,2364.0,7900.0,1987.0,Inactive,750000,2021-12-04T14:39:05.467Z,249,13.527829818844937
"7067-Carrick-Bend-Ln,-Orlando,-FL-32819","7067 Carrick Bend Ln, Orlando, FL 32819",7067 Carrick Bend Ln,,Orlando,FL,32819,Orange County,28.442107,-81.479799,condo,3.0,2.0,1789.0,7900.0,1987.0,Inactive,540000,2022-02-13T14:06:04.896Z,178,13.199326270390594
"4102-Breakview-Dr,-Unit-10203,-Orlando,-FL-32819","4102 Breakview Dr, Unit 10203, Orlando, FL 32819",4102 Breakview Dr,Unit 10203,Orlando,FL,32819,Orange County,28.424813,-81.445313,condo,2.0,2.0,1112.0,7900.0,1987.0,Inactive,284900,2022-02-23T13:11:43.970Z,168,12.55989703048335
"8317-Via-Vittoria-Way,-Orlando,-FL-32819","8317 Via Vittoria Way, Orlando, FL 32819",8317 Via Vittoria Way,,Orlando,FL,32819,Orange County,28.451807,-81.495475,single_family,4.0,3.0,3042.0,7900.0,1987.0,Inactive,1002000,2022-02-09T14:30:43.453Z,182,13.81750955863044
"6814-Sorrento-St,-Orlando,-FL-32819","6814 Sorrento St, Orlando, FL 32819",6814 Sorrento St,,Orlando,FL,32819,Orange County,28.457924,-81.476493,condo,3.0,2.0,2316.0,7900.0,1987.0,Inactive,519999,2021-12-23T14:36:12.643Z,230,13.16158409055761
"6315-Marina-Dr,-Orlando,-FL-32819","6315 Marina Dr, Orlando, FL 32819",6315 Marina Dr,,Orlando,FL,32819,Orange County,28.456419,-81.511145,single_family,4.0,5.0,3416.0,7900.0,1987.0,Inactive,660000,2021-02-11T15:06:06.830Z,545,13.399996629152975
"6078-Lexington-Park,-Unit-82,-Orlando,-FL-32819","6078 Lexington Park, Unit 82, Orlando, FL 32819",6078 Lexington Park,Unit 82,Orlando,FL,32819,Orange County,28.461276,-81.502257,single_family,3.0,2.0,2517.0,7900.0,1987.0,Inactive,650000,2021-08-19T18:28:07.682Z,356,13.384729180332174
"7917-Bayside-View-Dr,-Orlando,-FL-32819","7917 Bayside View Dr, Orlando, FL 32819",7917 Bayside View Dr,,Orlando,FL,32819,Orange County,28.454701,-81.491958,condo,3.0,2.0,1669.0,7900.0,1987.0,Inactive,420000,2022-02-06T13:32:58.437Z,185,12.948012371209098
"7419-Green-Tree-Dr,-Unit-100,-Orlando,-FL-32819","7419 Green Tree Dr, Unit 100, Orlando, FL 32819",7419 Green Tree Dr,Unit 100,Orlando,FL,32819,Orange County,28.459792,-81.483117,condo,3.0,2.0,1985.0,7900.0,1987.0,Inactive,399950,2022-02-09T14:07:57.748Z,182,12.899097318586382
"6485-Winder-Oaks-Blvd,-Orlando,-FL-32819","6485 Winder Oaks Blvd, Orlando, FL 32819",6485 Winder Oaks Blvd,,Orlando,FL,32819,Orange County,28.49219,-81.470348,single_family,3.0,2.0,1608.0,7900.0,1987.0,Inactive,399000,2020-09-22T00:23:46.983Z,687,12.896719202134523
"7531-Sugar-Bend-Dr,-Unit-7531,-Orlando,-FL-32819","7531 Sugar Bend Dr, Unit 7531, Orlando, FL 32819",7531 Sugar Bend Dr,Unit 7531,Orlando,FL,32819,Orange County,28.456207,-81.492803,condo,3.0,2.0,1212.0,7900.0,1987.0,Inactive,300000,2022-01-20T12:34:46.049Z,202,12.611541086966115
"8477-Shady-Glen-Dr,-Orlando,-FL-32819","8477 Shady Glen Dr, Orlando, FL 32819",8477 Shady Glen Dr,,Orlando,FL,32819,Orange County,28.473306,-81.500939,single_family,3.0,2.0,1818.0,7900.0,1987.0,Inactive,490000,2022-02-07T14:07:41.844Z,184,13.102162710901053
"7395-Universal-Blvd,-Unit-704,-Orlando,-FL-32819","7395 Universal Blvd, Unit 704, Orlando, FL 32819",7395 Universal Blvd,Unit 704,Orlando,FL,32819,Orange County,28.456616,-81.462615,condo,1.0,1.0,671.0,7900.0,1987.0,Inactive,172000,2021-11-12T11:30:08.695Z,271,12.055255569732177
"7383-Universal-Blvd,-Unit-509,-Orlando,-FL-32819","7383 Universal Blvd, Unit 509, Orlando, FL 32819",7383 Universal Blvd,Unit 509,Orlando,FL,32819,Orange County,28.456616,-81.462615,condo,1.0,1.0,671.0,7900.0,1987.0,Inactive,169000,2020-09-15T21:47:22.426Z,693,12.037659911047468
"7601-Canada-Ave,-Unit-431,-Orlando,-FL-32819","7601 Canada Ave, Unit 431, Orlando, FL 32819",7601 Canada Ave,Unit 431,Orlando,FL,32819,Orange County,28.452108,-81.467375,condo,1.0,1.0,466.0,7900.0,1987.0,Inactive,84900,2022-02-16T09:29:37.024Z,175,11.349241150793087
"7395-Universal-Blvd,-Unit-805,-Orlando,-FL-32819","7395 Universal Blvd, Unit 805, Orlando, FL 32819",7395 Universal Blvd,Unit 805,Orlando,FL,32819,Orange County,28.456616,-81.462615,condo,2.0,2.0,1056.0,7900.0,1987.0,Inactive,319800,2020-09-22T00:38:43.380Z,687,12.675454206331448
"6025-Bimini-Twist-Loop,-Orlando,-FL-32819","6025 Bimini Twist Loop, Orlando, FL 32819",6025 Bimini Twist Loop,,Orlando,FL,32819,Orange County,28.444497,-81.481433,single_family,5.0,4.0,3871.0,7900.0,1987.0,Inactive,950990,2021-06-16T16:34:52.700Z,420,13.765259877760348
"7661-Toscana-Blvd,-Orlando,-FL-32819","7661 Toscana Blvd, Orlando, FL 32819",7661 Toscana Blvd,,Orlando,FL,32819,Orange County,28.454108,-81.477993,single_family,4.0,3.0,3481.0,7900.0,1987.0,Inactive,825000,2022-02-19T14:11:26.877Z,172,13.623139877437296
"9042-Shawn-Park-Pl,-Orlando,-FL-32819","9042 Shawn Park Pl, Orlando, FL 32819",9042 Shawn Park Pl,,Orlando,FL,32819,Orange County,28.451866,-81.508078,single_family,4.0,4.0,2501.0,7900.0,1987.0,Inactive,675000,2021-10-02T16:04:34.189Z,312,13.42246945133505
"7345-Alpine-Butterfly-Ln,-Orlando,-FL-32819","7345 Alpine Butterfly Ln, Orlando, FL 32819",7345 Alpine Butterfly Ln,,Orlando,FL,32819,Orange County,28.441498,-81.479173,condo,3.0,2.0,1810.0,7900.0,1987.0,Inactive,551888,2022-01-27T13:31:58.030Z,195,13.221102218082018
"6165-Carrier-Dr,-Unit-3314,-Orlando,-FL-32819","6165 Carrier Dr, Unit 3314, Orlando, FL 32819",6165 Carrier Dr,Unit 3314,Orlando,FL,32819,Orange County,28.456927,-81.468843,condo,1.0,1.0,485.0,7900.0,1987.0,Inactive,148000,2022-02-18T07:36:09.904Z,173,11.904974309480183
"4819-Wingrove-Blvd,-Orlando,-FL-32819","4819 Wingrove Blvd, Orlando, FL 32819",4819 Wingrove Blvd,,Orlando,FL,32819,Orange County,28.490723,-81.494554,single_family,4.0,3.0,2575.0,7900.0,1987.0,Inactive,608000,2022-01-28T13:59:13.169Z,194,13.317931805683793
"6027-Hardrock-Cir,-Orlando,-FL-32819","6027 Hardrock Cir, Orlando, FL 32819",6027 Hardrock Cir,,Orlando,FL,32819,Orange County,28.474712,-81.504854,single_family,3.0,2.0,1695.0,7900.0,1987.0,Inactive,430000,2022-01-29T13:51:43.881Z,193,12.971542813248437
"8001-Cool-Breeze-Ave,-Unit-123,-Orlando,-FL-32819","8001 Cool Breeze Ave, Unit 123, Orlando, FL 32819",8001 Cool Breeze Ave,Unit 123,Orlando,FL,32819,Orange County,28.42987,-81.451125,condo,3.0,2.0,1746.0,7900.0,1987.0,Inactive,365000,2022-01-28T13:16:35.961Z,194,12.807655372286902
"4930-Hidden-Springs-Blvd,-Orlando,-FL-32819","4930 Hidden Springs Blvd, Orlando, FL 32819",4930 Hidden Springs Blvd,,Orlando,FL,32819,Orange County,28.492722,-81.486438,single_family,3.0,2.0,2517.0,7900.0,1987.0,Inactive,549999,2022-01-28T13:53:29.957Z,194,13.217673557208654
"7756-Harlie-St,-Orlando,-FL-32819","7756 Harlie St, Orlando, FL 32819",7756 Harlie St,,Orlando,FL,32819,Orange County,28.458321,-81.490653,condo,3.0,2.0,1940.0,7900.0,1987.0,Inactive,419000,2022-01-27T13:18:57.596Z,195,12.945628585536271
"5706-Clearview-Dr,-Orlando,-FL-32819","5706 Clearview Dr, Orlando, FL 32819",5706 Clearview Dr,,Orlando,FL,32819,Orange County,28.481294,-81.478009,single_family,3.0,2.0,1283.0,7900.0,1987.0,Inactive,400000,2021-11-06T15:12:17.052Z,277,12.899222326086994
"7383-Universal-Blvd,-Unit-308,-Orlando,-FL-32819","7383 Universal Blvd, Unit 308, Orlando, FL 32819",7383 Universal Blvd,Unit 308,Orlando,FL,32819,Orange County,28.456616,-81.462615,condo,2.0,2.0,1056.0,7900.0,1987.0,Inactive,275000,2021-09-22T16:10:22.481Z,322,12.524530013005734
"5371-Brookline-Dr,-Orlando,-FL-32819","5371 Brookline Dr, Orlando, FL 32819",5371 Brookline Dr,,Orlando,FL,32819,Orange County,28.473692,-81.511853,single_family,5.0,4.0,4441.0,7900.0,1987.0,Inactive,850000,2021-06-19T15:41:27.987Z,417,13.652992804936396
"8800-Banyan-Blvd,-Orlando,-FL-32819","8800 Banyan Blvd, Orlando, FL 32819",8800 Banyan Blvd,,Orlando,FL,32819,Orange County,28.467218,-81.503411,single_family,4.0,2.0,1915.0,7900.0,1987.0,Inactive,415000,2021-08-19T17:37:16.304Z,356,12.936036208848487
"8370-Via-Vittoria-Way,-Orlando,-FL-32819","8370 Via Vittoria Way, Orlando, FL 32819",8370 Via Vittoria Way,,Orlando,FL,32819,Orange County,28.452652,-81.495712,single_family,3.0,2.0,2908.0,7900.0,1987.0,Inactive,1000000,2021-04-18T15:14:15.114Z,479,13.815511557963774
"9107-Brookline-Dr,-Orlando,-FL-32819","9107 Brookline Dr, Orlando, FL 32819",9107 Brookline Dr,,Orlando,FL,32819,Orange County,28.475944,-81.511598,single_family,4.0,2.0,2313.0,7900.0,1987.0,Inactive,545000,2021-08-19T18:26:46.530Z,356,13.208542908506082
"5024-Shoreway-Loop,-Unit-10606,-Orlando,-FL-32819","5024 Shoreway Loop, Unit 10606, Orlando, FL 32819",5024 Shoreway Loop,Unit 10606,Orlando,FL,32819,Orange County,28.428415,-81.450307,condo,2.0,2.0,1823.0,7900.0,1987.0,Inactive,449000,2021-11-29T14:33:45.383Z,254,13.014780393893403
"9186-Bay-Point-Dr,-Orlando,-FL-32819","9186 Bay Point Dr, Orlando, FL 32819",9186 Bay Point Dr,,Orlando,FL,32819,Orange County,28.454357,-81.517305,single_family,4.0,3.0,4167.0,7900.0,1987.0,Inactive,3490000,2022-01-04T14:07:13.216Z,218,15.06541258071152
"8449-Via-Vittoria-Way,-Orlando,-FL-32819","8449 Via Vittoria Way, Orlando, FL 32819",8449 Via Vittoria Way,,Orlando,FL,32819,Orange County,28.451814,-81.495129,single_family,3.0,2.0,3226.0,7900.0,1987.0,Inactive,1050000,2022-01-21T14:21:23.495Z,201,13.864301674514206
"8273-E-Wilson-Ter,-Orlando,-FL-32819","8273 E Wilson Ter, Orlando, FL 32819",8273 E Wilson Ter,,Orlando,FL,32819,Orange County,28.491417,-81.497092,single_family,4.0,3.0,4110.0,7900.0,1987.0,Inactive,725000,2021-08-19T18:29:53.531Z,356,13.493928313146206
"8992-Hubbard-Pl,-Orlando,-FL-32819","8992 Hubbard Pl, Orlando, FL 32819",8992 Hubbard Pl,,Orlando,FL,32819,Orange County,28.46156,-81.514019,single_family,3.0,2.0,2209.0,7900.0,1987.0,Inactive,675000,2022-01-22T14:25:08.387Z,200,13.42246945133505
"8998-Islesworth-Ct,-Orlando,-FL-32819","8998 Islesworth Ct, Orlando, FL 32819",8998 Islesworth Ct,,Orlando,FL,32819,Orange County,28.45306,-81.515806,single_family,4.0,3.0,2475.0,7900.0,1987.0,Inactive,650000,2022-02-06T13:54:24.675Z,185,13.384729180332174
"5761-Tamarack-Dr,-Orlando,-FL-32819","5761 Tamarack Dr, Orlando, FL 32819",5761 Tamarack Dr,,Orlando,FL,32819,Orange County,28.481977,-81.488724,single_family,4.0,3.0,2367.0,7900.0,1987.0,Inactive,600000,2022-01-20T13:34:48.835Z,202,13.304686600863562
"6941-Piazza-St,-Orlando,-FL-32819","6941 Piazza St, Orlando, FL 32819",6941 Piazza St,,Orlando,FL,32819,Orange County,28.457589,-81.477568,condo,3.0,2.0,2104.0,7900.0,1987.0,Inactive,480000,2020-09-22T00:42:20.649Z,687,13.081543466215237
"5049-Shoreway-Loop,-Unit-105,-Orlando,-FL-32819","5049 Shoreway Loop, Unit 105, Orlando, FL 32819",5049 Shoreway Loop,Unit 105,Orlando,FL,32819,Orange County,28.429324,-81.451866,condo,2.0,2.0,1823.0,7900.0,1987.0,Inactive,384950,2022-02-03T13:20:59.814Z,188,12.860871332442787
"4126-Breakview-Dr,-Unit-11001,-Orlando,-FL-32819","4126 Breakview Dr, Unit 11001, Orlando, FL 32819",4126 Breakview Dr,Unit 11001,Orlando,FL,32819,Orange County,28.425938,-81.44638,condo,3.0,2.0,1412.0,7900.0,1987.0,Inactive,349000,2021-11-29T13:27:09.541Z,254,12.762830066509972
"7856-Sugar-Bend-Dr,-Unit-7856,-Orlando,-FL-32819","7856 Sugar Bend Dr, Unit 7856, Orlando, FL 32819",7856 Sugar Bend Dr,Unit 7856,Orlando,FL,32819,Orange County,28.457677,-81.493253,condo,2.0,2.0,1014.0,7900.0,1987.0,Inactive,250000,2022-01-12T12:46:10.108Z,210,12.429220196836383
"6165-Carrier-Dr,-Unit-2101,-Orlando,-FL-32819","6165 Carrier Dr, Unit 2101, Orlando, FL 32819",6165 Carrier Dr,Unit 2101,Orlando,FL,32819,Orange County,28.456566,-81.467035,condo,2.0,2.0,578.0,7900.0,1987.0,Inactive,199900,2021-12-22T11:12:18.899Z,231,12.20557752297723
"6112-Orange-Hill-Ct,-Orlando,-FL-32819","6112 Orange Hill Ct, Orlando, FL 32819",6112 Orange Hill Ct,,Orlando,FL,32819,Orange County,28.459854,-81.501477,single_family,4.0,3.0,3640.0,7900.0,1987.0,Inactive,1600000,2022-01-13T14:12:13.616Z,209,14.285514812209815
"4831-Tidecrest-Ave,-Unit-149,-Orlando,-FL-32819","4831 Tidecrest Ave, Unit 149, Orlando, FL 32819",4831 Tidecrest Ave,Unit 149,Orlando,FL,32819,Orange County,28.429406,-81.445752,condo,3.0,2.0,1746.0,7900.0,1987.0,Inactive,355000,2022-02-15T13:25:27.701Z,176,12.779875885354993
"10246-Turkey-Lake-Rd,-Apt-169,-Orlando,-FL-32819","10246 Turkey Lake Rd, Apt 169, Orlando, FL 32819",10246 Turkey Lake Rd,Apt 169,Orlando,FL,32819,Orange County,28.419592,-81.476866,condo,1.0,1.0,745.0,7900.0,1987.0,Inactive,147000,2022-02-09T11:44:04.510Z,182,11.898194668458823
"5000-Cayview-Ave,-Unit-10708,-Orlando,-FL-32819","5000 Cayview Ave, Unit 10708, Orlando, FL 32819",5000 Cayview Ave,Unit 10708,Orlando,FL,32819,Orange County,28.429024,-81.449064,condo,2.0,2.0,1112.0,7900.0,1987.0,Inactive,275000,2022-02-05T11:58:41.473Z,186,12.524530013005734
"7524-Lake-Marsha-Dr,-Orlando,-FL-32819","7524 Lake Marsha Dr, Orlando, FL 32819",7524 Lake Marsha Dr,,Orlando,FL,32819,Orange County,28.477726,-81.487679,single_family,5.0,4.0,4721.0,7900.0,1987.0,Inactive,1695000,2021-11-12T15:31:23.554Z,271,14.343193888767015
"8813-Latrec-Ave,-Unit-7107,-Orlando,-FL-32819","8813 Latrec Ave, Unit 7107, Orlando, FL 32819",8813 Latrec Ave,Unit 7107,Orlando,FL,32819,Orange County,28.438081,-81.478791,condo,1.0,1.0,671.0,7900.0,1987.0,Inactive,132000,2020-10-29T11:44:05.721Z,650,11.790564777297387
"7601-Canada-Ave,-Unit-507,-Orlando,-FL-32819","7601 Canada Ave, Unit 507, Orlando, FL 32819",7601 Canada Ave,Unit 507,Orlando,FL,32819,Orange County,28.452108,-81.467375,condo,1.0,1.0,542.0,7900.0,1987.0,Inactive,90000,2021-10-29T09:32:16.269Z,285,11.407576060361786
"7601-Canada-Ave,-Unit-617,-Orlando,-FL-32819","7601 Canada Ave, Unit 617, Orlando, FL 32819",7601 Canada Ave,Unit 617,Orlando,FL,32819,Orange County,28.452108,-81.467375,condo,1.0,1.0,542.0,7900.0,1987.0,Inactive,89900,2021-10-26T08:42:00.019Z,288,11.40646434386837
"6206-Dartmoor-Ct,-Orlando,-FL-32819","6206 Dartmoor Ct, Orlando, FL 32819",6206 Dartmoor Ct,,Orlando,FL,32819,Orange County,28.457445,-81.50822,single_family,4.0,3.0,6183.0,7900.0,1987.0,Inactive,3499900,2021-10-28T15:37:55.123Z,286,15.068245240345307
"7523-Seurat-St,-Unit-11205,-Orlando,-FL-32819","7523 Seurat St, Unit 11205, Orlando, FL 32819",7523 Seurat St,Unit 11205,Orlando,FL,32819,Orange County,28.435655,-81.478529,condo,3.0,2.0,1193.0,7900.0,1987.0,Inactive,209000,2022-01-14T12:01:03.914Z,208,12.250094315624496
"6165-Carrier-Dr,-Unit-3706,-Orlando,-FL-32819","6165 Carrier Dr, Unit 3706, Orlando, FL 32819",6165 Carrier Dr,Unit 3706,Orlando,FL,32819,Orange County,28.456927,-81.468843,condo,2.0,2.0,583.0,7900.0,1987.0,Inactive,184900,2021-11-15T15:55:17.774Z,268,12.127575825689417
"6005-Shore-Line-Dr,-Orlando,-FL-32819","6005 Shore Line Dr, Orlando, FL 32819",6005 Shore Line Dr,,Orlando,FL,32819,Orange County,28.47752,-81.477452,single_family,4.0,3.0,2753.0,7900.0,1987.0,Inactive,625000,2021-10-01T15:39:34.993Z,313,13.345508528717259
"5049-Shoreway-Loop,-Unit-30201,-Orlando,-FL-32819","5049 Shoreway Loop, Unit 30201, Orlando, FL 32819",5049 Shoreway Loop,Unit 30201,Orlando,FL,32819,Orange County,28.429361,-81.45188,condo,3.0,2.0,2001.0,7900.0,1987.0,Inactive,459000,2021-11-29T14:40:46.202Z,254,13.036807667689546
"5049-Shoreway-Loop,-Unit-30601,-Orlando,-FL-32819","5049 Shoreway Loop, Unit 30601, Orlando, FL 32819",5049 Shoreway Loop,Unit 30601,Orlando,FL,32819,Orange County,28.429365,-81.451689,condo,3.0,2.0,2001.0,7900.0,1987.0,Inactive,459000,2021-11-29T14:40:46.203Z,254,13.036807667689546
"7276-Spring-Villas-Cir,-Orlando,-FL-32819","7276 Spring Villas Cir, Orlando, FL 32819",7276 Spring Villas Cir,,Orlando,FL,32819,Orange County,28.459363,-81.479734,single_family,3.0,2.0,1632.0,7900.0,1987.0,Inactive,417000,2021-06-16T15:45:33.680Z,420,12.940843898859598
"5014-Tideview-Cir,-Unit-10,-Orlando,-FL-32819","5014 Tideview Cir, Unit 10, Orlando, FL 32819",5014 Tideview Cir,Unit 10,Orlando,FL,32819,Orange County,28.431234,-81.450721,condo,3.0,2.0,1771.0,7900.0,1987.0,Inactive,339000,2021-07-19T16:32:37.300Z,387,12.733758336210744
"8415-Indian-Wells-Ct,-Orlando,-FL-32819","8415 Indian Wells Ct, Orlando, FL 32819",8415 Indian Wells Ct,,Orlando,FL,32819,Orange County,28.45287,-81.497475,single_family,3.0,2.0,1578.0,7900.0,1987.0,Inactive,380000,2022-01-05T13:33:51.472Z,217,12.847929163278053
"7601-Canada-Ave,-Unit-408,-Orlando,-FL-32819","7601 Canada Ave, Unit 408, Orlando, FL 32819",7601 Canada Ave,Unit 408,Orlando,FL,32819,Orange County,28.452108,-81.467375,condo,1.0,1.0,542.0,7900.0,1987.0,Inactive,85500,2021-08-31T08:20:57.605Z,344,11.356283350762888
"4012-Breakview-Dr,-Unit-B103,-Orlando,-FL-32819","4012 Breakview Dr, Unit B103, Orlando, FL 32819",4012 Breakview Dr,Unit B103,Orlando,FL,32819,Orange County,28.425689,-81.443429,condo,3.0,2.0,1100.0,7900.0,1987.0,Inactive,379000,2021-06-16T15:45:33.678Z,420,12.84529412258351
"7407-Green-Tree-Dr,-Unit-105,-Orlando,-FL-32819","7407 Green Tree Dr, Unit 105, Orlando, FL 32819",7407 Green Tree Dr,Unit 105,Orlando,FL,32819,Orange County,28.459813,-81.482577,condo,3.0,2.0,2333.0,7900.0,1987.0,Inactive,439900,2022-01-01T13:56:14.757Z,221,12.994304980578146
"8192-Bluestar-Cir,-Orlando,-FL-32819","8192 Bluestar Cir, Orlando, FL 32819",8192 Bluestar Cir,,Orlando,FL,32819,Orange County,28.47072,-81.493265,single_family,4.0,2.0,1824.0,7900.0,1987.0,Inactive,430000,2021-12-10T14:38:15.335Z,243,12.971542813248437
"5009-Glasgow-Ave,-Orlando,-FL-32819","5009 Glasgow Ave, Orlando, FL 32819",5009 Glasgow Ave,,Orlando,FL,32819,Orange County,28.483883,-81.481653,single_family,3.0,3.0,2079.0,7900.0,1987.0,Inactive,425000,2022-01-04T12:54:30.990Z,218,12.959846800844963
"8482-Caraway-Ct,-Orlando,-FL-32819","8482 Caraway Ct, Orlando, FL 32819",8482 Caraway Ct,,Orlando,FL,32819,Orange County,28.461286,-81.498406,single_family,3.0,2.0,1881.0,7900.0,1987.0,Inactive,420000,2022-01-02T13:21:45.317Z,220,12.948012371209098
"4814-Cayview-Ave,-Unit-306,-Orlando,-FL-32819","4814 Cayview Ave, Unit 306, Orlando, FL 32819",4814 Cayview Ave,Unit 306,Orlando,FL,32819,Orange County,28.428666,-81.446334,condo,3.0,2.0,1247.0,7900.0,1987.0,Inactive,359000,2021-12-09T13:46:46.890Z,244,12.791080452981857
"7605-Pissarro-Dr,-Unit-13306,-Orlando,-FL-32819","7605 Pissarro Dr, Unit 13306, Orlando, FL 32819",7605 Pissarro Dr,Unit 13306,Orlando,FL,32819,Orange County,28.436328,-81.479644,condo,3.0,2.0,1193.0,7900.0,1987.0,Inactive,225000,2021-12-03T11:32:38.585Z,250,12.323860125621126
"8915-Latrec-Ave,-Unit-2211,-Orlando,-FL-32819","8915 Latrec Ave, Unit 2211, Orlando, FL 32819",8915 Latrec Ave,Unit 2211,Orlando,FL,32819,Orange County,28.43613,-81.477396,condo,1.0,1.0,671.0,7900.0,1987.0,Inactive,135000,2022-01-02T08:15:17.228Z,220,11.813037464800539
"5162-Vistamere-Ct,-Orlando,-FL-32819","5162 Vistamere Ct, Orlando, FL 32819",5162 Vistamere Ct,,Orlando,FL,32819,Orange County,28.486321,-81.495528,single_family,4.0,3.0,4647.0,7900.0,1987.0,Inactive,1100000,2021-10-18T15:55:53.123Z,296,13.910821646859095
"6937-Dolce-St,-Orlando,-FL-32819","6937 Dolce St, Orlando, FL 32819",6937 Dolce St,,Orlando,FL,32819,Orange County,28.459835,-81.477555,single_family,5.0,3.0,2841.0,7900.0,1987.0,Inactive,560000,2020-09-22T02:06:59.985Z,687,13.235693848424024
"10260-Turkey-Lake-Rd,-Apt-152,-Orlando,-FL-32819","10260 Turkey Lake Rd, Apt 152, Orlando, FL 32819",10260 Turkey Lake Rd,Apt 152,Orlando,FL,32819,Orange County,28.419273,-81.476751,condo,1.0,1.0,745.0,7900.0,1987.0,Inactive,143000,2021-12-30T09:03:28.285Z,223,11.870606902224587
"6165-Carrier-Dr,-Unit-3511,-Orlando,-FL-32819","6165 Carrier Dr, Unit 3511, Orlando, FL 32819",6165 Carrier Dr,Unit 3511,Orlando,FL,32819,Orange County,28.456927,-81.468843,condo,1.0,1.0,408.0,7900.0,1987.0,Inactive,127500,2021-09-21T16:06:34.543Z,323,11.755879486687116
"9115-N-Bay-Blvd,-Orlando,-FL-32819","9115 N Bay Blvd, Orlando, FL 32819",9115 N Bay Blvd,,Orlando,FL,32819,Orange County,28.476647,-81.510762,single_family,4.0,3.0,2298.0,7900.0,1987.0,Inactive,585000,2021-06-23T15:40:23.393Z,413,13.279368835614243
"6105-Orange-Hill-Ct,-Orlando,-FL-32819","6105 Orange Hill Ct, Orlando, FL 32819",6105 Orange Hill Ct,,Orlando,FL,32819,Orange County,28.460293,-81.501067,single_family,3.0,2.0,2418.0,7900.0,1987.0,Inactive,595000,2021-11-20T15:11:01.704Z,263,13.296318365198623
"6327-Hidden-Valley-Ct,-Orlando,-FL-32819","6327 Hidden Valley Ct, Orlando, FL 32819",6327 Hidden Valley Ct,,Orlando,FL,32819,Orange County,28.470631,-81.50002,single_family,3.0,2.0,1622.0,7900.0,1987.0,Inactive,449000,2021-11-09T14:28:32.768Z,274,13.014780393893403
"5527-Pine-Shade-Ct,-Orlando,-FL-32819","5527 Pine Shade Ct, Orlando, FL 32819",5527 Pine Shade Ct,,Orlando,FL,32819,Orange County,28.483401,-81.491455,single_family,5.0,4.0,3112.0,7900.0,1987.0,Inactive,571000,2021-10-06T15:38:38.665Z,308,13.255146239950099
"8034-Landgrove-Ct,-Orlando,-FL-32819","8034 Landgrove Ct, Orlando, FL 32819",8034 Landgrove Ct,,Orlando,FL,32819,Orange County,28.4919,-81.494577,single_family,4.0,3.0,2596.0,7900.0,1987.0,Inactive,549900,2021-11-30T14:51:04.488Z,253,13.217493541006709
"6721-Tamarind-Cir,-Orlando,-FL-32819","6721 Tamarind Cir, Orlando, FL 32819",6721 Tamarind Cir,,Orlando,FL,32819,Orange County,28.463188,-81.491968,single_family,4.0,2.0,1937.0,7900.0,1987.0,Inactive,380000,2021-12-11T13:51:05.703Z,242,12.847929163278053
"7840-Sugar-Bend-Dr,-Unit-7840,-Orlando,-FL-32819","7840 Sugar Bend Dr, Unit 7840, Orlando, FL 32819",7840 Sugar Bend Dr,Unit 7840,Orlando,FL,32819,Orange County,28.457509,-81.493637,condo,2.0,2.0,1014.0,7900.0,1987.0,Inactive,259900,2021-02-11T13:21:10.012Z,545,12.468056068255885
"10260-Turkey-Lake-Rd,-Unit-B,-Orlando,-FL-32819","10260 Turkey Lake Rd, Unit B, Orlando, FL 32819",10260 Turkey Lake Rd,Unit B,Orlando,FL,32819,Orange County,28.419337,-81.476825,condo,2.0,2.0,1124.0,7900.0,1987.0,Inactive,213000,2021-09-12T11:30:23.711Z,332,12.269052139516223
"4804-Cayview-Ave,-Unit-30512,-Orlando,-FL-32819","4804 Cayview Ave, Unit 30512, Orlando, FL 32819",4804 Cayview Ave,Unit 30512,Orlando,FL,32819,Orange County,28.42779,-81.446289,condo,3.0,2.0,2001.0,7900.0,1987.0,Inactive,405000,2021-09-28T15:34:49.573Z,316,12.91164481522143
"6165-Carrier-Dr,-Unit-3208,-Orlando,-FL-32819","6165 Carrier Dr, Unit 3208, Orlando, FL 32819",6165 Carrier Dr,Unit 3208,Orlando,FL,32819,Orange County,28.456927,-81.468843,condo,1.0,1.0,408.0,7900.0,1987.0,Inactive,125000,2020-09-23T12:46:40.028Z,686,11.736077016252437
"7601-Canada-Ave,-Unit-301,-Orlando,-FL-32819","7601 Canada Ave, Unit 301, Orlando, FL 32819",7601 Canada Ave,Unit 301,Orlando,FL,32819,Orange County,28.452108,-81.467375,condo,1.0,1.0,542.0,7900.0,1987.0,Inactive,95000,2020-09-17T14:49:25.979Z,692,11.461642696843066
"7769-Apple-Tree-Cir,-Orlando,-FL-32819","7769 Apple Tree Cir, Orlando, FL 32819",7769 Apple Tree Cir,,Orlando,FL,32819,Orange County,28.472463,-81.489035,single_family,3.0,2.0,3443.0,7900.0,1987.0,Inactive,629000,2022-01-06T13:37:11.105Z,216,13.351888125506433
"5118-Glasgow-Ave,-Orlando,-FL-32819","5118 Glasgow Ave, Orlando, FL 32819",5118 Glasgow Ave,,Orlando,FL,32819,Orange County,28.484314,-81.483204,single_family,4.0,3.0,1881.0,7900.0,1987.0,Inactive,400000,2021-12-09T14:10:17.265Z,244,12.899222326086994
"8903-Latrec-Ave,-Apt-102,-Orlando,-FL-32819","8903 Latrec Ave, Apt 102, Orlando, FL 32819",8903 Latrec Ave,Apt 102,Orlando,FL,32819,Orange County,28.436336,-81.478249,condo,2.0,2.0,1003.0,7900.0,1987.0,Inactive,185000,2021-12-30T09:13:44.150Z,223,12.128116509451258
"7601-Canada-Ave,-Unit-633,-Orlando,-FL-32819","7601 Canada Ave, Unit 633, Orlando, FL 32819",7601 Canada Ave,Unit 633,Orlando,FL,32819,Orange County,28.452108,-81.467375,condo,2.0,2.0,795.0,7900.0,1987.0,Inactive,175000,2020-09-15T20:14:56.155Z,693,12.07254696717504
"6165-Carrier-Dr,-Unit-3509,-Orlando,-FL-32819","6165 Carrier Dr, Unit 3509, Orlando, FL 32819",6165 Carrier Dr,Unit 3509,Orlando,FL,32819,Orange County,28.456927,-81.468843,condo,1.0,1.0,408.0,7900.0,1987.0,Inactive,122900,2021-11-09T11:24:04.313Z,274,11.719134432217524
"7601-Canada-Ave,-Unit-605,-Orlando,-FL-32819","7601 Canada Ave, Unit 605, Orlando, FL 32819",7601 Canada Ave,Unit 605,Orlando,FL,32819,Orange County,28.452108,-81.467375,condo,1.0,1.0,542.0,7900.0,1987.0,Inactive,109000,2020-09-15T16:30:11.071Z,694,11.599112335481124
"8950-Royal-Birkdale-Ln,-Orlando,-FL-32819","8950 Royal Birkdale Ln, Orlando, FL 32819",8950 Royal Birkdale Ln,,Orlando,FL,32819,Orange County,28.464386,-81.506041,single_family,4.0,3.0,3668.0,7900.0,1987.0,Inactive,825000,2021-10-29T15:47:18.155Z,285,13.623139877437296
"6561-Hidden-Beach-Cir,-Orlando,-FL-32819","6561 Hidden Beach Cir, Orlando, FL 32819",6561 Hidden Beach Cir,,Orlando,FL,32819,Orange County,28.489066,-81.467111,single_family,3.0,2.0,2072.0,7900.0,1987.0,Inactive,449900,2021-11-12T14:59:01.971Z,271,13.016782837542953
"4840-Cayview-Ave,-Unit-107,-Orlando,-FL-32819","4840 Cayview Ave, Unit 107, Orlando, FL 32819",4840 Cayview Ave,Unit 107,Orlando,FL,32819,Orange County,28.429006,-81.447409,condo,3.0,2.0,2097.0,7900.0,1987.0,Inactive,419000,2021-09-15T18:29:34.478Z,329,12.945628585536271
"8801-Latrec-Ave,-Unit-8103,-Orlando,-FL-32819","8801 Latrec Ave, Unit 8103, Orlando, FL 32819",8801 Latrec Ave,Unit 8103,Orlando,FL,32819,Orange County,28.438305,-81.47947,condo,2.0,2.0,1003.0,7900.0,1987.0,Inactive,195000,2021-12-13T12:09:46.832Z,240,12.180759965737863
"6165-Carrier-Dr,-Unit-3407,-Orlando,-FL-32819","6165 Carrier Dr, Unit 3407, Orlando, FL 32819",6165 Carrier Dr,Unit 3407,Orlando,FL,32819,Orange County,28.456927,-81.468843,condo,1.0,1.0,408.0,7900.0,1987.0,Inactive,120000,2020-09-15T19:27:14.975Z,693,11.695255355062795
"4114-Breakview-Dr,-Unit-11002,-Orlando,-FL-32819","4114 Breakview Dr, Unit 11002, Orlando, FL 32819",4114 Breakview Dr,Unit 11002,Orlando,FL,32819,Orange County,28.425521,-81.445853,condo,3.0,2.0,1412.0,7900.0,1987.0,Inactive,349000,2021-11-29T13:27:09.538Z,254,12.762830066509972
"5480-Palm-Lake-Cir,-Orlando,-FL-32819","5480 Palm Lake Cir, Orlando, FL 32819",5480 Palm Lake Cir,,Orlando,FL,32819,Orange County,28.478175,-81.496021,single_family,5.0,4.0,4761.0,7900.0,1987.0,Inactive,2200000,2021-10-27T15:36:25.627Z,287,14.603968372873895
"8626-Shady-Glen-Dr,-Orlando,-FL-32819","8626 Shady Glen Dr, Orlando, FL 32819",8626 Shady Glen Dr,,Orlando,FL,32819,Orange County,28.474744,-81.503892,single_family,3.0,2.0,1742.0,7900.0,1987.0,Inactive,460000,2021-11-10T15:19:01.993Z,273,13.038983942375959
"6559-Doubletrace-Ln,-Orlando,-FL-32819","6559 Doubletrace Ln, Orlando, FL 32819",6559 Doubletrace Ln,,Orlando,FL,32819,Orange County,28.466562,-81.490855,single_family,2.0,2.0,2171.0,7900.0,1987.0,Inactive,444000,2021-10-27T14:38:38.987Z,287,13.003582093664077
"6087-Barrington-Ct,-Orlando,-FL-32819","6087 Barrington Ct, Orlando, FL 32819",6087 Barrington Ct,,Orlando,FL,32819,Orange County,28.463149,-81.507734,single_family,4.0,3.0,2827.0,7900.0,1987.0,Inactive,895000,2021-11-23T15:06:57.830Z,260,13.704580114574805
"8001-Cool-Breeze-Dr,-Unit-118,-Orlando,-FL-32819","8001 Cool Breeze Dr, Unit 118, Orlando, FL 32819",8001 Cool Breeze Dr,Unit 118,Orlando,FL,32819,Orange County,28.429861,-81.450935,condo,3.0,2.0,1741.0,7900.0,1987.0,Inactive,342999,2021-11-20T14:26:07.989Z,263,12.745485726148077
"5729-Bay-Side-Dr,-Orlando,-FL-32819","5729 Bay Side Dr, Orlando, FL 32819",5729 Bay Side Dr,,Orlando,FL,32819,Orange County,28.47196,-81.514352,single_family,4.0,3.0,3203.0,7900.0,1987.0,Inactive,800000,2021-10-30T15:22:51.932Z,284,13.592368256649284
"8024-Cool-Breeze-Dr,-Unit-130,-Orlando,-FL-32819","8024 Cool Breeze Dr, Unit 130, Orlando, FL 32819",8024 Cool Breeze Dr,Unit 130,Orlando,FL,32819,Orange County,28.429976,-81.452067,condo,3.0,2.0,1741.0,7900.0,1987.0,Inactive,335000,2021-05-12T15:17:01.382Z,455,12.721888795877375
"7151-Showcase-Ln,-Orlando,-FL-32819","7151 Showcase Ln, Orlando, FL 32819",7151 Showcase Ln,,Orlando,FL,32819,Orange County,28.462683,-81.480344,condo,2.0,2.0,1522.0,7900.0,1987.0,Inactive,330000,2021-10-16T14:23:30.760Z,298,12.706850963741102
"6808-Ravenna-Ave,-Orlando,-FL-32819","6808 Ravenna Ave, Orlando, FL 32819",6808 Ravenna Ave,,Orlando,FL,32819,Orange County,28.460764,-81.445698,single_family,4.0,2.0,1288.0,7900.0,1987.0,Inactive,295000,2021-08-31T12:58:43.556Z,344,12.59473402514672
"5058-Winwood-Way,-Orlando,-FL-32819","5058 Winwood Way, Orlando, FL 32819",5058 Winwood Way,,Orlando,FL,32819,Orange County,28.490866,-81.490354,single_family,3.0,2.0,2198.0,7900.0,1987.0,Inactive,549900,2021-11-14T15:37:06.957Z,269,13.217493541006709
"6148-Hardrock-Cir,-Orlando,-FL-32819","6148 Hardrock Cir, Orlando, FL 32819",6148 Hardrock Cir,,Orlando,FL,32819,Orange County,28.473729,-81.506843,single_family,3.0,2.0,1808.0,7900.0,1987.0,Inactive,449990,2021-10-23T14:13:15.838Z,291,13.0169828615465
"5075-Tideview-Cir,-Unit-60,-Orlando,-FL-32819","5075 Tideview Cir, Unit 60, Orlando, FL 32819",5075 Tideview Cir,Unit 60,Orlando,FL,32819,Orange County,28.430783,-81.45118,condo,2.0,2.0,1771.0,7900.0,1987.0,Inactive,379000,2021-11-29T13:31:39.944Z,254,12.84529412258351
"4830-Tidecrest-Ave,-Unit-183,-Orlando,-FL-32819","4830 Tidecrest Ave, Unit 183, Orlando, FL 32819",4830 Tidecrest Ave,Unit 183,Orlando,FL,32819,Orange County,28.429051,-81.445725,condo,3.0,2.0,1777.0,7900.0,1987.0,Inactive,349900,2021-09-09T14:58:48.215Z,335,12.765405536311112
"7395-Universal-Blvd,-Unit-801,-Orlando,-FL-32819","7395 Universal Blvd, Unit 801, Orlando, FL 32819",7395 Universal Blvd,Unit 801,Orlando,FL,32819,Orange County,28.456616,-81.462615,condo,2.0,2.0,1056.0,7900.0,1987.0,Inactive,300000,2021-09-08T14:41:26.724Z,336,12.611541086966115
"7395-Universal-Blvd,-Unit-301,-Orlando,-FL-32819","7395 Universal Blvd, Unit 301, Orlando, FL 32819",7395 Universal Blvd,Unit 301,Orlando,FL,32819,Orange County,28.456616,-81.462615,condo,2.0,2.0,1056.0,7900.0,1987.0,Inactive,300000,2021-12-15T13:33:20.772Z,238,12.611541086966115
"6068-Peregrine-Ave,-Unit-C05,-Orlando,-FL-32819","6068 Peregrine Ave, Unit C05, Orlando, FL 32819",6068 Peregrine Ave,Unit C05,Orlando,FL,32819,Orange County,28.486314,-81.463678,condo,2.0,2.0,1139.0,7900.0,1987.0,Inactive,170000,2021-06-19T12:24:34.202Z,417,12.04355959836804
"4804-Cayview-Ave,-Unit-402,-Orlando,-FL-32819","4804 Cayview Ave, Unit 402, Orlando, FL 32819",4804 Cayview Ave,Unit 402,Orlando,FL,32819,Orange County,28.427744,-81.446029,condo,3.0,2.0,2001.0,7900.0,1987.0,Inactive,424000,2021-11-03T14:23:42.615Z,280,12.95749109270188
"6918-Della-Dr,-Apt-27,-Orlando,-FL-32819","6918 Della Dr, Apt 27, Orlando, FL 32819",6918 Della Dr,Apt 27,Orlando,FL,32819,Orange County,28.46058,-81.489158,condo,3.0,2.0,1440.0,7900.0,1987.0,Inactive,354000,2021-09-10T15:26:30.087Z,334,12.777055016970678
"6165-Carrier-Dr,-Unit-1508,-Orlando,-FL-32819","6165 Carrier Dr, Unit 1508, Orlando, FL 32819",6165 Carrier Dr,Unit 1508,Orlando,FL,32819,Orange County,28.456858,-81.467791,condo,1.0,1.0,408.0,7900.0,1987.0,Inactive,123500,2020-09-23T12:46:40.013Z,686,11.724004532183379
"5107-Keeneland-Cir,-Orlando,-FL-32819","5107 Keeneland Cir, Orlando, FL 32819",5107 Keeneland Cir,,Orlando,FL,32819,Orange County,28.490241,-81.504138,single_family,5.0,4.0,3329.0,7900.0,1987.0,Inactive,795000,2021-12-11T14:47:37.368Z,242,13.586098651497313
"6435-Marlberry-Dr,-Orlando,-FL-32819","6435 Marlberry Dr, Orlando, FL 32819",6435 Marlberry Dr,,Orlando,FL,32819,Orange County,28.468436,-81.502676,single_family,3.0,2.0,1638.0,7900.0,1987.0,Inactive,390000,2021-11-27T14:01:51.626Z,256,12.873904582205107
"5064-Tideview-Cir,-Unit-82,-Orlando,-FL-32819","5064 Tideview Cir, Unit 82, Orlando, FL 32819",5064 Tideview Cir,Unit 82,Orlando,FL,32819,Orange County,28.430399,-81.451029,condo,3.0,2.0,1741.0,7900.0,1987.0,Inactive,345000,2021-10-22T14:33:37.975Z,292,12.75130259456002
"4914-Manduria-St,-Orlando,-FL-32819","4914 Manduria St, Orlando, FL 32819",4914 Manduria St,,Orlando,FL,32819,Orange County,28.452559,-81.444894,single_family,3.0,1.0,840.0,7900.0,1987.0,Inactive,234900,2021-07-19T15:17:12.127Z,387,12.366919427768636
"5021-Steyr-St,-Orlando,-FL-32819","5021 Steyr St, Orlando, FL 32819",5021 Steyr St,,Orlando,FL,32819,Orange County,28.452249,-81.447656,single_family,3.0,2.0,1132.0,7900.0,1987.0,Inactive,245000,2021-09-17T13:43:07.181Z,327,12.409017571151187
"8984-Houston-Pl,-Unit-103,-Orlando,-FL-32819","8984 Houston Pl, Unit 103, Orlando, FL 32819",8984 Houston Pl,Unit 103,Orlando,FL,32819,Orange County,28.458671,-81.513612,condo,2.0,2.0,2155.0,7900.0,1987.0,Inactive,769000,2021-07-19T17:16:40.814Z,387,13.552847548877052
"9101-Ivey-Hill-Ct,-Orlando,-FL-32819","9101 Ivey Hill Ct, Orlando, FL 32819",9101 Ivey Hill Ct,,Orlando,FL,32819,Orange County,28.479517,-81.509687,single_family,4.0,3.0,2327.0,7900.0,1987.0,Inactive,695000,2021-11-18T14:49:18.225Z,265,13.451668563394815
"6357-Parson-Brown-Dr,-Orlando,-FL-32819","6357 Parson Brown Dr, Orlando, FL 32819",6357 Parson Brown Dr,,Orlando,FL,32819,Orange County,28.468819,-81.489041,single_family,2.0,2.0,1207.0,7900.0,1987.0,Inactive,499000,2021-02-26T14:01:29.625Z,530,13.120363378739663
"5048-Shoreway-Loop,-Unit-30504,-Orlando,-FL-32819","5048 Shoreway Loop, Unit 30504, Orlando, FL 32819",5048 Shoreway Loop,Unit 30504,Orlando,FL,32819,Orange County,28.428543,-81.45183,condo,3.0,2.0,2001.0,7900.0,1987.0,Inactive,425000,2021-11-12T14:34:56.040Z,271,12.959846800844963
"8012-Sandpoint-Blvd,-Orlando,-FL-32819","8012 Sandpoint Blvd, Orlando, FL 32819",8012 Sandpoint Blvd,,Orlando,FL,32819,Orange County,28.452365,-81.493147,condo,2.0,2.0,1492.0,7900.0,1987.0,Inactive,395000,2021-11-09T14:14:40.795Z,274,12.886643575525625
"5049-Shoreway-Loop,-Unit-20301,-Orlando,-FL-32819","5049 Shoreway Loop, Unit 20301, Orlando, FL 32819",5049 Shoreway Loop,Unit 20301,Orlando,FL,32819,Orange County,28.429199,-81.452013,condo,3.0,2.0,2097.0,7900.0,1987.0,Inactive,379000,2021-12-01T14:11:27.694Z,252,12.84529412258351
"7619-Sugar-Bend-Dr,-Unit-7619,-Orlando,-FL-32819","7619 Sugar Bend Dr, Unit 7619, Orlando, FL 32819",7619 Sugar Bend Dr,Unit 7619,Orlando,FL,32819,Orange County,28.455148,-81.492948,condo,3.0,2.0,1212.0,7900.0,1987.0,Inactive,260000,2021-11-16T13:49:50.612Z,267,12.468440756144114
"6165-Carrier-Dr,-Unit-2106,-Orlando,-FL-32819","6165 Carrier Dr, Unit 2106, Orlando, FL 32819",6165 Carrier Dr,Unit 2106,Orlando,FL,32819,Orange County,28.456701,-81.468112,condo,2.0,2.0,583.0,7900.0,1987.0,Inactive,135000,2021-09-08T10:23:26.408Z,336,11.813037464800539
"6404-Winder-Oaks-Blvd,-Orlando,-FL-32819","6404 Winder Oaks Blvd, Orlando, FL 32819",6404 Winder Oaks Blvd,,Orlando,FL,32819,Orange County,28.491349,-81.468074,single_family,4.0,2.0,1868.0,7900.0,1987.0,Inactive,395000,2021-11-09T14:14:40.793Z,274,12.886643575525625
"8903-Latrec-Ave,-Unit-3103,-Orlando,-FL-32819","8903 Latrec Ave, Unit 3103, Orlando, FL 32819",8903 Latrec Ave,Unit 3103,Orlando,FL,32819,Orange County,28.436299,-81.47831,condo,2.0,2.0,1003.0,7900.0,1987.0,Inactive,192000,2021-11-04T12:31:46.676Z,279,12.165255859329688
"6045-Windhover-Dr,-Unit-A02-2,-Orlando,-FL-32819","6045 Windhover Dr, Unit A02-2, Orlando, FL 32819",6045 Windhover Dr,Unit A02-2,Orlando,FL,32819,Orange County,28.485219,-81.463924,condo,1.0,1.0,591.0,7900.0,1987.0,Inactive,140000,2021-11-20T11:53:27.591Z,263,11.849404844423074
"8143-Via-Vittoria-Way,-Orlando,-FL-32819","8143 Via Vittoria Way, Orlando, FL 32819",8143 Via Vittoria Way,,Orlando,FL,32819,Orange County,28.451921,-81.492689,single_family,3.0,2.0,3199.0,7900.0,1987.0,Inactive,1250000,2021-12-05T15:07:00.540Z,248,14.038654909278163
"4126-Breakview-Dr,-Unit-41001,-Orlando,-FL-32819","4126 Breakview Dr, Unit 41001, Orlando, FL 32819",4126 Breakview Dr,Unit 41001,Orlando,FL,32819,Orange County,28.425938,-81.44638,condo,3.0,2.0,1412.0,7900.0,1987.0,Inactive,350000,2021-12-04T13:38:35.930Z,249,12.765691290604371
"6165-Carrier-Dr,-Unit-1606,-Orlando,-FL-32819","6165 Carrier Dr, Unit 1606, Orlando, FL 32819",6165 Carrier Dr,Unit 1606,Orlando,FL,32819,Orange County,28.456858,-81.467791,condo,2.0,2.0,583.0,7900.0,1987.0,Inactive,157500,2021-09-08T11:40:43.714Z,336,11.967187086434018
"10274-Turkey-Lake-Rd,-Apt-141,-Orlando,-FL-32819","10274 Turkey Lake Rd, Apt 141, Orlando, FL 32819",10274 Turkey Lake Rd,Apt 141,Orlando,FL,32819,Orange County,28.418924,-81.47668,condo,1.0,1.0,745.0,7900.0,1987.0,Inactive,137000,2021-11-23T09:40:25.166Z,260,11.827743504053695
"8400-Bay-Springs-Dr,-Orlando,-FL-32819","8400 Bay Springs Dr, Orlando, FL 32819",8400 Bay Springs Dr,,Orlando,FL,32819,Orange County,28.460602,-81.500074,single_family,4.0,3.0,2126.0,7900.0,1987.0,Inactive,440000,2021-11-01T14:33:50.147Z,282,12.994532278619134
"7433-Megan-Elissa-Ln,-Orlando,-FL-32819","7433 Megan Elissa Ln, Orlando, FL 32819",7433 Megan Elissa Ln,,Orlando,FL,32819,Orange County,28.472731,-81.483515,single_family,4.0,3.0,2976.0,7900.0,1987.0,Inactive,555000,2021-11-02T15:09:59.701Z,281,13.22672519452875
"5212-Vistamere-Ct,-Orlando,-FL-32819","5212 Vistamere Ct, Orlando, FL 32819",5212 Vistamere Ct,,Orlando,FL,32819,Orange County,28.485691,-81.495702,single_family,4.0,4.0,4200.0,7900.0,1987.0,Inactive,947770,2021-11-12T15:28:45.878Z,271,13.761868190875123
"8538-Clematis-Ln,-Orlando,-FL-32819","8538 Clematis Ln, Orlando, FL 32819",8538 Clematis Ln,,Orlando,FL,32819,Orange County,28.465112,-81.499686,single_family,4.0,3.0,2240.0,7900.0,1987.0,Inactive,389000,2021-09-08T15:01:58.736Z,336,12.871337193291367
"7659-Pinemount-Dr,-Orlando,-FL-32819","7659 Pinemount Dr, Orlando, FL 32819",7659 Pinemount Dr,,Orlando,FL,32819,Orange County,28.470701,-81.48785,single_family,3.0,2.0,1852.0,7900.0,1987.0,Inactive,485000,2020-12-12T16:23:08.087Z,606,13.091906231773164
"4840-Cayview-Ave,-Unit-10410,-Orlando,-FL-32819","4840 Cayview Ave, Unit 10410, Orlando, FL 32819",4840 Cayview Ave,Unit 10410,Orlando,FL,32819,Orange County,28.428157,-81.447643,condo,3.0,2.0,2097.0,7900.0,1987.0,Inactive,495000,2021-11-12T15:07:01.550Z,271,13.112315061750808
"9054-Shawn-Park-Pl,-Orlando,-FL-32819","9054 Shawn Park Pl, Orlando, FL 32819",9054 Shawn Park Pl,,Orlando,FL,32819,Orange County,28.451535,-81.508559,single_family,4.0,3.0,3643.0,7900.0,1987.0,Inactive,975000,2021-09-24T21:09:55.752Z,319,13.790193775620484
"8588-Summerville-Pl,-Orlando,-FL-32819","8588 Summerville Pl, Orlando, FL 32819",8588 Summerville Pl,,Orlando,FL,32819,Orange County,28.485239,-81.497103,single_family,4.0,3.0,2934.0,7900.0,1987.0,Inactive,660000,2021-10-24T15:57:46.619Z,290,13.399996629152975
"7812-White-Ash-St,-Orlando,-FL-32819","7812 White Ash St, Orlando, FL 32819",7812 White Ash St,,Orlando,FL,32819,Orange County,28.480774,-81.488815,single_family,3.0,2.0,2184.0,7900.0,1987.0,Inactive,479999,2021-06-16T16:16:19.183Z,420,13.081541382884074
"6334-Ridgeberry-Dr,-Orlando,-FL-32819","6334 Ridgeberry Dr, Orlando, FL 32819",6334 Ridgeberry Dr,,Orlando,FL,32819,Orange County,28.470952,-81.506181,single_family,3.0,2.0,1680.0,7900.0,1987.0,Inactive,385000,2021-08-12T19:53:42.342Z,362,12.861001210669146
"5076-Tideview-Cir,-Unit-890,-Orlando,-FL-32819","5076 Tideview Cir, Unit 890, Orlando, FL 32819",5076 Tideview Cir,Unit 890,Orlando,FL,32819,Orange County,28.430584,-81.451664,condo,3.0,2.0,1746.0,7900.0,1987.0,Inactive,329950,2021-10-30T14:09:34.104Z,284,12.706699437569211
"5713-Argosy-Ct,-Orlando,-FL-32819","5713 Argosy Ct, Orlando, FL 32819",5713 Argosy Ct,,Orlando,FL,32819,Orange County,28.472378,-81.513472,single_family,4.0,2.0,2401.0,7900.0,1987.0,Inactive,549900,2021-10-31T15:11:29.354Z,283,13.217493541006709
"8431-Foxworth-Cir,-Unit-9,-Orlando,-FL-32819","8431 Foxworth Cir, Unit 9, Orlando, FL 32819",8431 Foxworth Cir,Unit 9,Orlando,FL,32819,Orange County,28.459438,-81.499293,single_family,3.0,2.0,2111.0,7900.0,1987.0,Inactive,439500,2020-09-29T17:07:29.292Z,680,12.993395271417636
"7601-Majestic-Pine-Ct,-Orlando,-FL-32819","7601 Majestic Pine Ct, Orlando, FL 32819",7601 Majestic Pine Ct,,Orlando,FL,32819,Orange County,28.476127,-81.487687,single_family,4.0,3.0,3099.0,7900.0,1987.0,Inactive,524900,2020-09-22T02:08:59.067Z,687,13.170964952363363
"7097-Cadiz-Blvd,-Orlando,-FL-32819","7097 Cadiz Blvd, Orlando, FL 32819",7097 Cadiz Blvd,,Orlando,FL,32819,Orange County,28.463513,-81.479729,condo,2.0,2.0,1540.0,7900.0,1987.0,Inactive,329000,2021-11-05T14:47:15.032Z,278,12.703816069256568
"8208-Banyan-Blvd,-Orlando,-FL-32819","8208 Banyan Blvd, Orlando, FL 32819",8208 Banyan Blvd,,Orlando,FL,32819,Orange County,28.467422,-81.495029,single_family,4.0,2.0,1970.0,7900.0,1987.0,Inactive,390000,2021-11-09T14:14:40.785Z,274,12.873904582205107
"5812-Pitch-Pine-Dr,-Orlando,-FL-32819","5812 Pitch Pine Dr, Orlando, FL 32819",5812 Pitch Pine Dr,,Orlando,FL,32819,Orange County,28.480098,-81.487847,single_family,4.0,3.0,2453.0,7900.0,1987.0,Inactive,540000,2021-10-11T15:39:21.382Z,303,13.199326270390594
"8406-Bay-Springs-Dr,-Orlando,-FL-32819","8406 Bay Springs Dr, Orlando, FL 32819",8406 Bay Springs Dr,,Orlando,FL,32819,Orange County,28.460607,-81.500247,single_family,4.0,3.0,1878.0,7900.0,1987.0,Inactive,469000,2021-11-13T14:51:10.408Z,270,13.058360179622305
"6067-Windhover-Dr,-Unit-F01,-Orlando,-FL-32819","6067 Windhover Dr, Unit F01, Orlando, FL 32819",6067 Windhover Dr,Unit F01,Orlando,FL,32819,Orange County,28.484898,-81.464131,condo,3.0,2.0,1258.0,7900.0,1987.0,Inactive,179900,2021-11-03T11:31:36.626Z,280,12.100161978566867
"10274-Turkey-Lake-Unit-A-28-A-k-a-Rd,-Unit-140,-Orlando,-FL-32819","10274 Turkey Lake Unit A-28 A/k/a Rd, Unit 140, Orlando, FL 32819",10274 Turkey Lake Unit A-28 A/k/a Rd,Unit 140,Orlando,FL,32819,Orange County,28.418924,-81.47668,condo,1.0,1.0,745.0,7900.0,1987.0,Inactive,135000,2021-11-30T10:49:07.592Z,253,11.813037464800539
"6626-Parson-Brown-Ct,-Orlando,-FL-32819","6626 Parson Brown Ct, Orlando, FL 32819",6626 Parson Brown Ct,,Orlando,FL,32819,Orange County,28.464597,-81.485308,single_family,4.0,2.0,2357.0,7900.0,1987.0,Inactive,574000,2021-07-19T17:06:19.599Z,387,13.260386417460465
"8322-Crosswicks-Dr,-Orlando,-FL-32819","8322 Crosswicks Dr, Orlando, FL 32819",8322 Crosswicks Dr,,Orlando,FL,32819,Orange County,28.468263,-81.497213,single_family,4.0,2.0,2067.0,7900.0,1987.0,Inactive,450000,2021-11-22T14:54:55.741Z,261,13.017005083966255
"8837-Latrec-Ave,-Unit-5305,-Orlando,-FL-32819","8837 Latrec Ave, Unit 5305, Orlando, FL 32819",8837 Latrec Ave,Unit 5305,Orlando,FL,32819,Orange County,28.437127,-81.478812,condo,2.0,2.0,1003.0,7900.0,1987.0,Inactive,190000,2021-11-02T11:47:12.287Z,281,12.154784614286667
"8403-Foxworth-Cir,-Unit-16,-Orlando,-FL-32819","8403 Foxworth Cir, Unit 16, Orlando, FL 32819",8403 Foxworth Cir,Unit 16,Orlando,FL,32819,Orange County,28.460206,-81.499315,single_family,3.0,2.0,1795.0,7900.0,1987.0,Inactive,429000,2021-10-08T15:04:06.172Z,306,12.969214528909768
"5815-Briar-Dr,-Orlando,-FL-32819","5815 Briar Dr, Orlando, FL 32819",5815 Briar Dr,,Orlando,FL,32819,Orange County,28.480047,-81.476404,single_family,4.0,3.0,2160.0,7900.0,1987.0,Inactive,419900,2021-09-23T17:52:17.170Z,321,12.947774248188859
"8987-Crichton-Wood-Dr,-Orlando,-FL-32819","8987 Crichton Wood Dr, Orlando, FL 32819",8987 Crichton Wood Dr,,Orlando,FL,32819,Orange County,28.454234,-81.513746,land,4.0,3.0,5000.0,7900.0,1987.0,Inactive,1799000,2020-09-22T02:43:38.136Z,687,14.402742068796885
"9221-Bayway-Dr,-Orlando,-FL-32819","9221 Bayway Dr, Orlando, FL 32819",9221 Bayway Dr,,Orlando,FL,32819,Orange County,28.469542,-81.517182,single_family,6.0,5.0,5322.0,7900.0,1987.0,Inactive,1800000,2021-10-01T15:57:55.123Z,313,14.403297778421795
"8953-Charleston-Park,-Unit-18,-Orlando,-FL-32819","8953 Charleston Park, Unit 18, Orlando, FL 32819",8953 Charleston Park,Unit 18,Orlando,FL,32819,Orange County,28.463933,-81.505872,single_family,3.0,2.0,2364.0,7900.0,1987.0,Inactive,750000,2021-11-21T15:21:35.337Z,262,13.527829818844937
"5717-Bay-Side-Dr,-Orlando,-FL-32819","5717 Bay Side Dr, Orlando, FL 32819",5717 Bay Side Dr,,Orlando,FL,32819,Orange County,28.472404,-81.514667,single_family,4.0,3.0,2185.0,7900.0,1987.0,Inactive,595000,2021-04-18T15:03:15.058Z,479,13.296318365198623
"4862-Cayview-Ave,-Unit-102,-Orlando,-FL-32819","4862 Cayview Ave, Unit 102, Orlando, FL 32819",4862 Cayview Ave,Unit 102,Orlando,FL,32819,Orange County,28.429081,-81.447748,condo,2.0,2.0,1112.0,7900.0,1987.0,Inactive,285000,2021-09-11T15:16:54.955Z,333,12.560247968016562
"5547-Masters-Blvd,-Orlando,-FL-32819","5547 Masters Blvd, Orlando, FL 32819",5547 Masters Blvd,,Orlando,FL,32819,Orange County,28.475059,-81.508532,single_family,3.0,2.0,2456.0,7900.0,1987.0,Inactive,652000,2021-08-19T18:28:07.720Z,355,13.387801374649944
"4126-Breakview-Dr,-Unit-10101,-Orlando,-FL-32819","4126 Breakview Dr, Unit 10101, Orlando, FL 32819",4126 Breakview Dr,Unit 10101,Orlando,FL,32819,Orange County,28.425878,-81.446025,condo,3.0,2.0,1247.0,7900.0,1987.0,Inactive,318000,2021-06-16T15:45:18.715Z,420,12.669809806411457
"7315-Everleigh-Ct,-Orlando,-FL-32819","7315 Everleigh Ct, Orlando, FL 32819",7315 Everleigh Ct,,Orlando,FL,32819,Orange County,28.466998,-81.481575,single_family,2.0,2.0,1892.0,7900.0,1987.0,Inactive,489900,2021-10-07T15:43:35.027Z,307,13.101958608857487
"7300-Cassino-Ave,-Orlando,-FL-32819","7300 Cassino Ave, Orlando, FL 32819",7300 Cassino Ave,,Orlando,FL,32819,Orange County,28.457395,-81.443231,single_family,4.0,2.0,975.0,7900.0,1987.0,Inactive,229000,2021-10-31T12:49:42.450Z,283,12.34148164933907
"5858-Windhover-Dr,-Unit-5858,-Orlando,-FL-32819","5858 Windhover Dr, Unit 5858, Orlando, FL 32819",5858 Windhover Dr,Unit 5858,Orlando,FL,32819,Orange County,28.484382,-81.461327,condo,2.0,2.0,1193.0,7900.0,1987.0,Inactive,198500,2021-08-19T14:26:32.476Z,356,12.198549416880068
"6165-Carrier-Dr,-Unit-3406,-Orlando,-FL-32819","6165 Carrier Dr, Unit 3406, Orlando, FL 32819",6165 Carrier Dr,Unit 3406,Orlando,FL,32819,Orange County,28.456927,-81.468843,condo,2.0,2.0,583.0,7900.0,1987.0,Inactive,185000,2021-11-26T14:30:56.730Z,257,12.128116509451258
"5640-Masters-Blvd,-Orlando,-FL-32819","5640 Masters Blvd, Orlando, FL 32819",5640 Masters Blvd,,Orlando,FL,32819,Orange County,28.47387,-81.51128,single_family,4.0,3.0,3740.0,7900.0,1987.0,Inactive,1200000,2021-08-31T17:28:36.799Z,344,13.997832948091215
"7027-Phillips-Cove-Ct,-Unit-22,-Orlando,-FL-32819","7027 Phillips Cove Ct, Unit 22, Orlando, FL 32819",7027 Phillips Cove Ct,Unit 22,Orlando,FL,32819,Orange County,28.45937,-81.486755,single_family,3.0,2.0,2502.0,7900.0,1987.0,Inactive,775000,2021-09-18T16:10:52.475Z,326,13.560619598657233
"4800-Tidecrest-Ave,-Unit-169,-Orlando,-FL-32819","4800 Tidecrest Ave, Unit 169, Orlando, FL 32819",4800 Tidecrest Ave,Unit 169,Orlando,FL,32819,Orange County,28.428657,-81.444897,condo,3.0,2.0,1746.0,7900.0,1987.0,Inactive,339000,2021-09-30T14:26:23.454Z,314,12.733758336210744
"5075-Tideview-Cir,-Unit-56,-Orlando,-FL-32819","5075 Tideview Cir, Unit 56, Orlando, FL 32819",5075 Tideview Cir,Unit 56,Orlando,FL,32819,Orange County,28.430828,-81.451397,condo,3.0,2.0,1741.0,7900.0,1987.0,Inactive,344900,2021-09-19T15:23:10.290Z,325,12.751012698311857
"7615-Sugar-Bend-Dr,-Unit-7615,-Orlando,-FL-32819","7615 Sugar Bend Dr, Unit 7615, Orlando, FL 32819",7615 Sugar Bend Dr,Unit 7615,Orlando,FL,32819,Orange County,28.455148,-81.492948,condo,2.0,2.0,1075.0,7900.0,1987.0,Inactive,249000,2021-09-29T13:42:55.695Z,315,12.425212191503038
"10274-Turkey-Lake-Rd,-Apt-140,-Orlando,-FL-32819","10274 Turkey Lake Rd, Apt 140, Orlando, FL 32819",10274 Turkey Lake Rd,Apt 140,Orlando,FL,32819,Orange County,28.418924,-81.47668,condo,1.0,1.0,745.0,7900.0,1987.0,Inactive,135000,2021-10-27T11:03:10.587Z,287,11.813037464800539
"6165-Carrier-Dr,-Unit-1413,-Orlando,-FL-32819","6165 Carrier Dr, Unit 1413, Orlando, FL 32819",6165 Carrier Dr,Unit 1413,Orlando,FL,32819,Orange County,28.456858,-81.467791,condo,1.0,1.0,485.0,7900.0,1987.0,Inactive,115000,2021-11-18T09:25:58.756Z,265,11.652696102959753
"8146-Oak-Park-Rd,-Orlando,-FL-32819","8146 Oak Park Rd, Orlando, FL 32819",8146 Oak Park Rd,,Orlando,FL,32819,Orange County,28.488697,-81.495166,single_family,4.0,3.0,3032.0,7900.0,1987.0,Inactive,1089000,2021-04-18T15:19:25.639Z,479,13.900771320188321
"7914-Summer-Ridge-Pl,-Orlando,-FL-32819","7914 Summer Ridge Pl, Orlando, FL 32819",7914 Summer Ridge Pl,,Orlando,FL,32819,Orange County,28.450405,-81.505643,single_family,5.0,4.0,4001.0,7900.0,1987.0,Inactive,994900,2021-08-31T17:22:04.759Z,344,13.81039851370309
"8346-Via-Vittoria-Way,-Orlando,-FL-32819","8346 Via Vittoria Way, Orlando, FL 32819",8346 Via Vittoria Way,,Orlando,FL,32819,Orange County,28.452305,-81.496008,single_family,3.0,2.0,3225.0,7900.0,1987.0,Inactive,900000,2021-09-13T16:30:09.539Z,331,13.710151153416941
"8990-Houston-Pl,-Unit-104,-Orlando,-FL-32819","8990 Houston Pl, Unit 104, Orlando, FL 32819",8990 Houston Pl,Unit 104,Orlando,FL,32819,Orange County,28.458671,-81.513612,condo,3.0,3.0,2300.0,7900.0,1987.0,Inactive,708800,2021-04-18T15:13:54.410Z,479,13.471330089107228
"7046-Delora-Dr,-Orlando,-FL-32819","7046 Delora Dr, Orlando, FL 32819",7046 Delora Dr,,Orlando,FL,32819,Orange County,28.486921,-81.477685,single_family,3.0,2.0,1738.0,7900.0,1987.0,Inactive,399000,2021-10-18T15:12:54.676Z,296,12.896719202134523
"7601-Cassino-Ave,-Orlando,-FL-32819","7601 Cassino Ave, Orlando, FL 32819",7601 Cassino Ave,,Orlando,FL,32819,Orange County,28.454933,-81.442638,single_family,3.0,2.0,1000.0,7900.0,1987.0,Inactive,200000,2021-10-19T12:09:31.761Z,295,12.206077645517674
"7265-Dr-Phillips-Blvd,-Orlando,-FL-32819","7265 Dr Phillips Blvd, Orlando, FL 32819",7265 Dr Phillips Blvd,,Orlando,FL,32819,Orange County,28.456609,-81.490987,condo,2.0,2.0,1604.0,7900.0,1987.0,Inactive,340000,2021-09-09T14:58:27.114Z,335,12.73670383776449
"7402-Pomelo-Dr,-Orlando,-FL-32819","7402 Pomelo Dr, Orlando, FL 32819",7402 Pomelo Dr,,Orlando,FL,32819,Orange County,28.456581,-81.442408,single_family,3.0,2.0,1252.0,7900.0,1987.0,Inactive,245000,2021-10-12T13:53:51.914Z,302,12.409017571151187
"6165-Carrier-Dr,-Unit-1403,-Orlando,-FL-32819","6165 Carrier Dr, Unit 1403, Orlando, FL 32819",6165 Carrier Dr,Unit 1403,Orlando,FL,32819,Orange County,28.456858,-81.467791,condo,2.0,2.0,583.0,7900.0,1987.0,Inactive,159900,2021-09-24T17:45:18.045Z,319,11.982310152711182
"6165-Carrier-Dr,-Unit-2604,-Orlando,-FL-32819","6165 Carrier Dr, Unit 2604, Orlando, FL 32819",6165 Carrier Dr,Unit 2604,Orlando,FL,32819,Orange County,28.456701,-81.468112,condo,2.0,2.0,583.0,7900.0,1987.0,Inactive,149000,2021-10-27T11:14:29.797Z,287,11.91170829631447
"6165-Carrier-Dr,-Unit-3805,-Orlando,-FL-32819","6165 Carrier Dr, Unit 3805, Orlando, FL 32819",6165 Carrier Dr,Unit 3805,Orlando,FL,32819,Orange County,28.456927,-81.468843,condo,2.0,2.0,583.0,7900.0,1987.0,Inactive,164900,2021-10-27T11:26:47.687Z,287,12.013100572810686
"7532-Bay-Port-Rd,-Unit-18,-Orlando,-FL-32819","7532 Bay Port Rd, Unit 18, Orlando, FL 32819",7532 Bay Port Rd,Unit 18,Orlando,FL,32819,Orange County,28.460196,-81.485972,condo,3.0,2.0,1808.0,7900.0,1987.0,Inactive,350000,2021-09-19T15:23:17.474Z,325,12.765691290604371
"4871-Spring-Run-Ave,-Orlando,-FL-32819","4871 Spring Run Ave, Orlando, FL 32819",4871 Spring Run Ave,,Orlando,FL,32819,Orange County,28.492876,-81.484264,single_family,3.0,2.0,1588.0,7900.0,1987.0,Inactive,395000,2021-09-14T17:40:21.825Z,329,12.886643575525625
"6831-Hochad-Dr,-Orlando,-FL-32819","6831 Hochad Dr, Orlando, FL 32819",6831 Hochad Dr,,Orlando,FL,32819,Orange County,28.463138,-81.480468,condo,2.0,2.0,1540.0,7900.0,1987.0,Inactive,324900,2021-10-10T13:20:19.681Z,304,12.691275799522568
"6165-Carrier-Dr,-Unit-2304,-Orlando,-FL-32819","6165 Carrier Dr, Unit 2304, Orlando, FL 32819",6165 Carrier Dr,Unit 2304,Orlando,FL,32819,Orange County,28.456566,-81.467035,condo,2.0,2.0,578.0,7900.0,1987.0,Inactive,149000,2021-10-08T08:53:38.569Z,306,11.91170829631447
"6165-Carrier-Dr,-Unit-2104,-Orlando,-FL-32819","6165 Carrier Dr, Unit 2104, Orlando, FL 32819",6165 Carrier Dr,Unit 2104,Orlando,FL,32819,Orange County,28.456566,-81.467035,condo,2.0,2.0,583.0,7900.0,1987.0,Inactive,140000,2020-09-20T17:14:39.472Z,689,11.849404844423074
"4892-Keeneland-Cir,-Orlando,-FL-32819","4892 Keeneland Cir, Orlando, FL 32819",4892 Keeneland Cir,,Orlando,FL,32819,Orange County,28.488271,-81.501045,single_family,5.0,4.0,3433.0,7900.0,1987.0,Inactive,895000,2021-10-05T15:30:55.523Z,309,13.704580114574805
"6011-Tarawood-Dr,-Orlando,-FL-32819","6011 Tarawood Dr, Orlando, FL 32819",6011 Tarawood Dr,,Orlando,FL,32819,Orange County,28.465094,-81.507664,single_family,4.0,3.0,3300.0,7900.0,1987.0,Inactive,865000,2021-08-19T18:28:59.529Z,355,13.670485941982712
"5036-Shoreway-Loop,-Unit-40305,-Orlando,-FL-32819","5036 Shoreway Loop, Unit 40305, Orlando, FL 32819",5036 Shoreway Loop,Unit 40305,Orlando,FL,32819,Orange County,28.428564,-81.45074,condo,3.0,2.0,2100.0,7900.0,1987.0,Inactive,425000,2021-07-19T16:48:57.296Z,387,12.959846800844963
"7708-Chapelhill-Dr,-Orlando,-FL-32819","7708 Chapelhill Dr, Orlando, FL 32819",7708 Chapelhill Dr,,Orlando,FL,32819,Orange County,28.455103,-81.497086,condo,2.0,2.0,1147.0,7900.0,1987.0,Inactive,299900,2021-10-27T13:48:16.291Z,287,12.611207699176356
"6712-Nina-Rosa-Dr,-Orlando,-FL-32819","6712 Nina Rosa Dr, Orlando, FL 32819",6712 Nina Rosa Dr,,Orlando,FL,32819,Orange County,28.487477,-81.474085,single_family,4.0,3.0,1997.0,7900.0,1987.0,Inactive,659900,2021-04-18T15:13:54.413Z,479,13.399845102751483
"7438-Cypress-Grove-Rd,-Unit-139,-Orlando,-FL-32819","7438 Cypress Grove Rd, Unit 139, Orlando, FL 32819",7438 Cypress Grove Rd,Unit 139,Orlando,FL,32819,Orange County,28.458657,-81.483795,condo,3.0,2.0,2214.0,7900.0,1987.0,Inactive,485000,2021-08-19T18:26:46.530Z,355,13.091906231773164
"5049-Shoreway-Loop,-Unit-40601,-Orlando,-FL-32819","5049 Shoreway Loop, Unit 40601, Orlando, FL 32819",5049 Shoreway Loop,Unit 40601,Orlando,FL,32819,Orange County,28.429365,-81.451689,condo,3.0,2.0,2001.0,7900.0,1987.0,Inactive,459000,2021-10-21T15:10:54.894Z,293,13.036807667689546
"7420-Cypress-Grove-Rd,-Unit-132,-Orlando,-FL-32819","7420 Cypress Grove Rd, Unit 132, Orlando, FL 32819",7420 Cypress Grove Rd,Unit 132,Orlando,FL,32819,Orange County,28.4586,-81.482953,condo,3.0,2.0,2000.0,7900.0,1987.0,Inactive,505000,2020-09-22T01:51:28.785Z,687,13.132315688453556
"7383-Universal-Blvd,-Unit-311,-Orlando,-FL-32819","7383 Universal Blvd, Unit 311, Orlando, FL 32819",7383 Universal Blvd,Unit 311,Orlando,FL,32819,Orange County,28.456616,-81.462615,condo,2.0,2.0,1056.0,7900.0,1987.0,Inactive,269900,2021-09-24T18:42:55.871Z,319,12.505810504075185
"6337-Cheryl-St,-Orlando,-FL-32819","6337 Cheryl St, Orlando, FL 32819",6337 Cheryl St,,Orlando,FL,32819,Orange County,28.483148,-81.469728,single_family,3.0,2.0,1954.0,7900.0,1987.0,Inactive,749000,2021-10-01T15:51:53.192Z,313,13.52649559761195
"6148-Peregrine-Ave,-Unit-C02,-Orlando,-FL-32819","6148 Peregrine Ave, Unit C02, Orlando, FL 32819",6148 Peregrine Ave,Unit C02,Orlando,FL,32819,Orange County,28.485348,-81.464743,condo,2.0,2.0,1139.0,7900.0,1987.0,Inactive,193000,2020-09-15T19:45:41.617Z,693,12.170450649220749
"7003-Della-Dr,-Apt-45,-Orlando,-FL-32819","7003 Della Dr, Apt 45, Orlando, FL 32819",7003 Della Dr,Apt 45,Orlando,FL,32819,Orange County,28.459509,-81.4897,condo,2.0,2.0,1312.0,7900.0,1987.0,Inactive,284900,2021-10-18T14:11:21.668Z,296,12.55989703048335
"4916-Keeneland-Cir,-Orlando,-FL-32819","4916 Keeneland Cir, Orlando, FL 32819",4916 Keeneland Cir,,Orlando,FL,32819,Orange County,28.487249,-81.501029,single_family,4.0,3.0,4540.0,7900.0,1987.0,Inactive,880000,2021-05-12T16:38:28.930Z,455,13.68767832281738
"8167-Via-Vittoria-Way,-Orlando,-FL-32819","8167 Via Vittoria Way, Orlando, FL 32819",8167 Via Vittoria Way,,Orlando,FL,32819,Orange County,28.451983,-81.493231,single_family,3.0,2.0,3549.0,7900.0,1987.0,Inactive,885000,2020-09-22T02:27:04.524Z,687,13.69334405393293
"7314-Glasgow-Ave,-Orlando,-FL-32819","7314 Glasgow Ave, Orlando, FL 32819",7314 Glasgow Ave,,Orlando,FL,32819,Orange County,28.485911,-81.482178,single_family,3.0,2.0,1378.0,7900.0,1987.0,Inactive,359800,2021-09-21T17:58:25.809Z,322,12.793306379816553
"5980-Chesapeake-Park,-Unit-42,-Orlando,-FL-32819","5980 Chesapeake Park, Unit 42, Orlando, FL 32819",5980 Chesapeake Park,Unit 42,Orlando,FL,32819,Orange County,28.464186,-81.50328,single_family,3.0,2.0,2533.0,7900.0,1987.0,Inactive,595000,2021-08-19T18:26:55.932Z,355,13.296318365198623
"7548-Bay-Port-Rd,-Unit-26,-Orlando,-FL-32819","7548 Bay Port Rd, Unit 26, Orlando, FL 32819",7548 Bay Port Rd,Unit 26,Orlando,FL,32819,Orange County,28.459628,-81.48594,condo,3.0,2.0,1808.0,7900.0,1987.0,Inactive,329900,2021-07-01T13:40:45.830Z,405,12.706547888433661
"7823-Sugar-Bend-Dr,-Unit-7823,-Orlando,-FL-32819","7823 Sugar Bend Dr, Unit 7823, Orlando, FL 32819",7823 Sugar Bend Dr,Unit 7823,Orlando,FL,32819,Orange County,28.457609,-81.494274,condo,2.0,2.0,1075.0,7900.0,1987.0,Inactive,250000,2021-07-19T15:30:27.549Z,387,12.429220196836383
"10302-Turkey-Lake-Rd,-Unit-A16,-Orlando,-FL-32819","10302 Turkey Lake Rd, Unit A16, Orlando, FL 32819",10302 Turkey Lake Rd,Unit A16,Orlando,FL,32819,Orange County,28.418369,-81.476321,condo,1.0,1.0,745.0,7900.0,1987.0,Inactive,135000,2021-09-08T11:09:37.849Z,336,11.813037464800539
"6078-Peregrine-Ave,-Orlando,-FL-32819","6078 Peregrine Ave, Orlando, FL 32819",6078 Peregrine Ave,,Orlando,FL,32819,Orange County,28.486259,-81.464108,condo,1.0,1.0,591.0,7900.0,1987.0,Inactive,135000,2021-09-21T16:06:34.557Z,323,11.813037464800539
"9107-Galleon-Ct,-Orlando,-FL-32819","9107 Galleon Ct, Orlando, FL 32819",9107 Galleon Ct,,Orlando,FL,32819,Orange County,28.47588,-81.512995,single_family,4.0,3.0,2196.0,7900.0,1987.0,Inactive,699500,2021-09-21T18:53:54.880Z,322,13.458122502679217
"6212-Sandcrest-Cir,-Orlando,-FL-32819","6212 Sandcrest Cir, Orlando, FL 32819",6212 Sandcrest Cir,,Orlando,FL,32819,Orange County,28.483753,-81.466422,condo,3.0,2.0,1460.0,7900.0,1987.0,Inactive,300000,2021-09-28T14:03:44.532Z,316,12.611541086966115
"7720-Shadow-Box-Ct,-Orlando,-FL-32819","7720 Shadow Box Ct, Orlando, FL 32819",7720 Shadow Box Ct,,Orlando,FL,32819,Orange County,28.453618,-81.502989,single_family,5.0,5.0,3615.0,7900.0,1987.0,Inactive,795000,2021-07-02T15:22:16.050Z,404,13.586098651497313
"8760-Summerville-Pl,-Unit-1,-Orlando,-FL-32819","8760 Summerville Pl, Unit 1, Orlando, FL 32819",8760 Summerville Pl,Unit 1,Orlando,FL,32819,Orange County,28.48566,-81.504528,single_family,4.0,3.0,2582.0,7900.0,1987.0,Inactive,539900,2020-12-22T15:41:58.821Z,596,13.199141068399515
"8591-Shady-Glen-Dr,-Orlando,-FL-32819","8591 Shady Glen Dr, Orlando, FL 32819",8591 Shady Glen Dr,,Orlando,FL,32819,Orange County,28.475248,-81.50329,single_family,3.0,2.0,1690.0,7900.0,1987.0,Inactive,385000,2021-06-26T16:26:45.530Z,410,12.861001210669146
"5000-Cayview-Ave,-Unit-40608,-Orlando,-FL-32819","5000 Cayview Ave, Unit 40608, Orlando, FL 32819",5000 Cayview Ave,Unit 40608,Orlando,FL,32819,Orange County,28.429055,-81.449176,condo,3.0,2.0,1247.0,7900.0,1987.0,Inactive,305000,2021-10-13T13:20:10.742Z,301,12.628070334272698
"7383-Universal-Blvd,-Unit-309,-Orlando,-FL-32819","7383 Universal Blvd, Unit 309, Orlando, FL 32819",7383 Universal Blvd,Unit 309,Orlando,FL,32819,Orange County,28.456616,-81.462615,condo,1.0,1.0,671.0,7900.0,1987.0,Inactive,139900,2020-12-16T11:36:34.626Z,602,11.848690308590857
"8715-Fernwicke-Ct,-Orlando,-FL-32819","8715 Fernwicke Ct, Orlando, FL 32819",8715 Fernwicke Ct,,Orlando,FL,32819,Orange County,28.480271,-81.502105,single_family,4.0,3.0,2752.0,7900.0,1987.0,Inactive,599900,2021-08-19T18:28:07.683Z,355,13.304519920584285
"7718-Twin-Pines-Ct,-Orlando,-FL-32819","7718 Twin Pines Ct, Orlando, FL 32819",7718 Twin Pines Ct,,Orlando,FL,32819,Orange County,28.479931,-81.490328,single_family,4.0,2.0,2325.0,7900.0,1987.0,Inactive,555000,2021-06-16T16:05:28.477Z,420,13.22672519452875
"6433-Winder-Oaks-Blvd,-Orlando,-FL-32819","6433 Winder Oaks Blvd, Orlando, FL 32819",6433 Winder Oaks Blvd,,Orlando,FL,32819,Orange County,28.491782,-81.469357,single_family,3.0,2.0,1579.0,7900.0,1987.0,Inactive,450000,2021-08-31T16:40:32.999Z,344,13.017005083966255
"7500-Toscana-Blvd,-Apt-342,-Orlando,-FL-32819","7500 Toscana Blvd, Apt 342, Orlando, FL 32819",7500 Toscana Blvd,Apt 342,Orlando,FL,32819,Orange County,28.456309,-81.478486,condo,2.0,2.0,2030.0,7900.0,1987.0,Inactive,395000,2020-09-21T23:52:12.986Z,687,12.886643575525625
"8311-Via-Vittoria-Way,-Orlando,-FL-32819","8311 Via Vittoria Way, Orlando, FL 32819",8311 Via Vittoria Way,,Orlando,FL,32819,Orange County,28.451697,-81.495471,single_family,4.0,3.0,3246.0,7900.0,1987.0,Inactive,1100000,2021-09-24T21:10:00.602Z,319,13.910821646859095
"7524-Alpine-Butterfly-Ln,-Orlando,-FL-32819","7524 Alpine Butterfly Ln, Orlando, FL 32819",7524 Alpine Butterfly Ln,,Orlando,FL,32819,Orange County,28.440376,-81.483768,single_family,3.0,2.0,2482.0,7900.0,1987.0,Inactive,1088000,2021-09-08T15:58:25.717Z,336,13.89985262551525
"6111-Tarawood-Dr,-Orlando,-FL-32819","6111 Tarawood Dr, Orlando, FL 32819",6111 Tarawood Dr,,Orlando,FL,32819,Orange County,28.461652,-81.506766,single_family,4.0,3.0,2775.0,7900.0,1987.0,Inactive,850000,2021-08-19T18:28:59.520Z,355,13.652992804936396
"7750-Apple-Tree-Cir,-Orlando,-FL-32819","7750 Apple Tree Cir, Orlando, FL 32819",7750 Apple Tree Cir,,Orlando,FL,32819,Orange County,28.471987,-81.490445,single_family,4.0,3.0,2650.0,7900.0,1987.0,Inactive,599900,2021-10-07T15:56:42.787Z,307,13.304519920584285
"5203-Springside-Ct,-Orlando,-FL-32819","5203 Springside Ct, Orlando, FL 32819",5203 Springside Ct,,Orlando,FL,32819,Orange County,28.489705,-81.484092,single_family,3.0,2.0,2111.0,7900.0,1987.0,Inactive,399000,2021-10-01T15:20:44.428Z,313,12.896719202134523
"7234-Della-Dr,-Orlando,-FL-32819","7234 Della Dr, Orlando, FL 32819",7234 Della Dr,,Orlando,FL,32819,Orange County,28.457471,-81.490456,condo,2.0,2.0,1346.0,7900.0,1987.0,Inactive,320000,2021-10-03T15:02:38.195Z,311,12.676079399771027
"5825-Windhover-Dr,-Unit-B13,-Orlando,-FL-32819","5825 Windhover Dr, Unit B13, Orlando, FL 32819",5825 Windhover Dr,Unit B13,Orlando,FL,32819,Orange County,28.485637,-81.461723,condo,1.0,1.0,918.0,7900.0,1987.0,Inactive,147000,2021-09-10T11:50:09.946Z,334,11.898194668458823
"9030-Ogilvie-Dr,-Orlando,-FL-32819","9030 Ogilvie Dr, Orlando, FL 32819",9030 Ogilvie Dr,,Orlando,FL,32819,Orange County,28.438331,-81.481599,single_family,3.0,2.0,2192.0,7900.0,1987.0,Inactive,2250000,2021-05-12T16:46:09.411Z,454,14.626441218624949
"6256-Masters-Blvd,-Unit-C301,-Orlando,-FL-32819","6256 Masters Blvd, Unit C301, Orlando, FL 32819",6256 Masters Blvd,Unit C301,Orlando,FL,32819,Orange County,28.458067,-81.512427,condo,3.0,2.0,1700.0,7900.0,1987.0,Inactive,519000,2021-07-11T16:31:19.888Z,395,13.159661088928443
"7550-Hinson-St,-Apt-9C,-Orlando,-FL-32819","7550 Hinson St, Apt 9C, Orlando, FL 32819",7550 Hinson St,Apt 9C,Orlando,FL,32819,Orange County,28.451628,-81.484627,condo,3.0,2.0,2650.0,7900.0,1987.0,Inactive,399000,2021-08-31T16:25:53.035Z,344,12.896719202134523
"8800-E-Latrec-Ave,-Unit-9108,-Orlando,-FL-32819","8800 E Latrec Ave, Unit 9108, Orlando, FL 32819",8800 E Latrec Ave,Unit 9108,Orlando,FL,32819,Orange County,28.437501,-81.47966,condo,2.0,2.0,1003.0,7900.0,1987.0,Inactive,165000,2021-10-10T10:33:00.018Z,304,12.013706813470414
"5623-Spring-Run-Ave,-Orlando,-FL-32819","5623 Spring Run Ave, Orlando, FL 32819",5623 Spring Run Ave,,Orlando,FL,32819,Orange County,28.483108,-81.484635,single_family,4.0,3.0,1968.0,7900.0,1987.0,Inactive,435000,2021-09-24T20:49:10.723Z,319,12.983103608918753
"7720-Perugia-Ave,-Orlando,-FL-32819","7720 Perugia Ave, Orlando, FL 32819",7720 Perugia Ave,,Orlando,FL,32819,Orange County,28.453312,-81.443961,single_family,3.0,1.0,1172.0,7900.0,1987.0,Inactive,205000,2021-09-11T13:18:22.013Z,333,12.230770136157428
"5048-Shoreway-Loop,-Unit-30604,-Orlando,-FL-32819","5048 Shoreway Loop, Unit 30604, Orlando, FL 32819",5048 Shoreway Loop,Unit 30604,Orlando,FL,32819,Orange County,28.428381,-81.451824,condo,3.0,2.0,2001.0,7900.0,1987.0,Inactive,449000,2020-09-22T01:18:31.312Z,687,13.014780393893403
"10274-Turkey-Lake-Unit-A-Rd,-Unit-140,-Orlando,-FL-32819","10274 Turkey Lake Unit A Rd, Unit 140, Orlando, FL 32819",10274 Turkey Lake Unit A Rd,Unit 140,Orlando,FL,32819,Orange County,28.418924,-81.47668,condo,1.0,1.0,745.0,7900.0,1987.0,Inactive,135000,2021-10-23T08:45:44.151Z,291,11.813037464800539
"6808-Edgeworth-Dr,-Orlando,-FL-32819","6808 Edgeworth Dr, Orlando, FL 32819",6808 Edgeworth Dr,,Orlando,FL,32819,Orange County,28.466289,-81.477008,single_family,5.0,3.0,2710.0,7900.0,1987.0,Inactive,650000,2021-09-10T15:51:13.172Z,334,13.384729180332174
"7250-Regina-Way,-Orlando,-FL-32819","7250 Regina Way, Orlando, FL 32819",7250 Regina Way,,Orlando,FL,32819,Orange County,28.458724,-81.478591,condo,3.0,2.0,2350.0,7900.0,1987.0,Inactive,465000,2021-09-20T18:00:17.344Z,323,13.049794835104816
"4802-Cayview-Ave,-Unit-10214,-Orlando,-FL-32819","4802 Cayview Ave, Unit 10214, Orlando, FL 32819",4802 Cayview Ave,Unit 10214,Orlando,FL,32819,Orange County,28.428397,-81.44581,condo,2.0,2.0,1112.0,7900.0,1987.0,Inactive,262000,2021-02-21T13:48:41.861Z,535,12.476103599529843
"5101-Caserta-St,-Orlando,-FL-32819","5101 Caserta St, Orlando, FL 32819",5101 Caserta St,,Orlando,FL,32819,Orange County,28.455176,-81.448485,single_family,3.0,2.0,936.0,7900.0,1987.0,Inactive,219000,2021-06-19T13:28:39.522Z,417,12.296831574998258
"9151-N-Bay-Blvd,-Orlando,-FL-32819","9151 N Bay Blvd, Orlando, FL 32819",9151 N Bay Blvd,,Orlando,FL,32819,Orange County,28.478132,-81.511128,single_family,5.0,2.0,2468.0,7900.0,1987.0,Inactive,624000,2021-09-08T15:34:27.147Z,336,13.343907249914384
"6747-Sugarbush-Dr,-Orlando,-FL-32819","6747 Sugarbush Dr, Orlando, FL 32819",6747 Sugarbush Dr,,Orlando,FL,32819,Orange County,28.462187,-81.493321,single_family,4.0,2.0,1923.0,7900.0,1987.0,Inactive,412000,2021-09-12T15:02:41.832Z,332,12.928781055513184
"8020-Winpine-Ct,-Orlando,-FL-32819","8020 Winpine Ct, Orlando, FL 32819",8020 Winpine Ct,,Orlando,FL,32819,Orange County,28.492739,-81.494052,single_family,4.0,3.0,2795.0,7900.0,1987.0,Inactive,539900,2021-09-08T15:28:13.349Z,336,13.199141068399515
"6221-Silver-Glen-Ct,-Orlando,-FL-32819","6221 Silver Glen Ct, Orlando, FL 32819",6221 Silver Glen Ct,,Orlando,FL,32819,Orange County,28.472518,-81.496981,single_family,3.0,2.0,1650.0,7900.0,1987.0,Inactive,410000,2021-09-16T16:52:37.912Z,327,12.923914877701906
"8525-Sunny-Hollow-Ct,-Orlando,-FL-32819","8525 Sunny Hollow Ct, Orlando, FL 32819",8525 Sunny Hollow Ct,,Orlando,FL,32819,Orange County,28.471562,-81.501822,single_family,3.0,2.0,1668.0,7900.0,1987.0,Inactive,395500,2021-09-08T15:06:43.057Z,336,12.887908594631655
"7758-Apple-Tree-Cir,-Orlando,-FL-32819","7758 Apple Tree Cir, Orlando, FL 32819",7758 Apple Tree Cir,,Orlando,FL,32819,Orange County,28.471989,-81.489885,single_family,4.0,3.0,2729.0,7900.0,1987.0,Inactive,729000,2021-08-19T18:28:51.971Z,355,13.499430382731967
"5614-Craindale-Dr,-Orlando,-FL-32819","5614 Craindale Dr, Orlando, FL 32819",5614 Craindale Dr,,Orlando,FL,32819,Orange County,28.482659,-81.493718,single_family,4.0,3.0,2739.0,7900.0,1987.0,Inactive,576000,2021-09-22T17:39:05.059Z,321,13.263864675787632
"7426-Green-Tree-Dr,-Unit-113,-Orlando,-FL-32819","7426 Green Tree Dr, Unit 113, Orlando, FL 32819",7426 Green Tree Dr,Unit 113,Orlando,FL,32819,Orange County,28.459392,-81.483321,condo,3.0,2.0,2384.0,7900.0,1987.0,Inactive,475000,2021-10-09T15:09:54.916Z,305,13.07107218827772
"6165-Carrier-Dr,-Unit-2509,-Orlando,-FL-32819","6165 Carrier Dr, Unit 2509, Orlando, FL 32819",6165 Carrier Dr,Unit 2509,Orlando,FL,32819,Orange County,28.456701,-81.468112,condo,1.0,1.0,408.0,7900.0,1987.0,Inactive,127500,2021-10-04T11:01:00.893Z,310,11.755879486687116
"8024-Cool-Breeze-Dr,-Unit-126,-Orlando,-FL-32819","8024 Cool Breeze Dr, Unit 126, Orlando, FL 32819",8024 Cool Breeze Dr,Unit 126,Orlando,FL,32819,Orange County,28.429796,-81.452165,condo,3.0,2.0,1741.0,7900.0,1987.0,Inactive,338950,2021-09-22T16:50:53.845Z,321,12.733610833142412
"5093-Eaglesmere-Dr,-Unit-E07,-Orlando,-FL-32819","5093 Eaglesmere Dr, Unit E07, Orlando, FL 32819",5093 Eaglesmere Dr,Unit E07,Orlando,FL,32819,Orange County,28.488371,-81.461768,condo,3.0,2.0,1146.0,7900.0,1987.0,Inactive,199000,2021-09-10T13:19:10.377Z,334,12.201065128819632
"7051-Phillips-Cove-Ct,-Orlando,-FL-32819","7051 Phillips Cove Ct, Orlando, FL 32819",7051 Phillips Cove Ct,,Orlando,FL,32819,Orange County,28.458476,-81.486982,single_family,5.0,4.0,6235.0,7900.0,1987.0,Inactive,1499000,2021-05-12T16:46:05.582Z,454,14.22030944419592
"6308-Edge-O-Grove-Cir,-Orlando,-FL-32819","6308 Edge O Grove Cir, Orlando, FL 32819",6308 Edge O Grove Cir,,Orlando,FL,32819,Orange County,28.471131,-81.49703,single_family,3.0,2.0,1966.0,7900.0,1987.0,Inactive,435000,2021-08-19T17:37:16.713Z,355,12.983103608918753
"6127-Tarawood-Dr,-Orlando,-FL-32819","6127 Tarawood Dr, Orlando, FL 32819",6127 Tarawood Dr,,Orlando,FL,32819,Orange County,28.460516,-81.506286,single_family,4.0,3.0,5405.0,7900.0,1987.0,Inactive,2200000,2020-09-22T02:41:46.937Z,687,14.603968372873895
"8226-Via-Vittoria-Way,-Orlando,-FL-32819","8226 Via Vittoria Way, Orlando, FL 32819",8226 Via Vittoria Way,,Orlando,FL,32819,Orange County,28.451329,-81.49442,single_family,4.0,3.0,3246.0,7900.0,1987.0,Inactive,1250000,2021-02-11T15:12:46.678Z,545,14.038654909278163
"7003-Della-Dr,-Unit-2,-Orlando,-FL-32819","7003 Della Dr, Unit 2, Orlando, FL 32819",7003 Della Dr,Unit 2,Orlando,FL,32819,Orange County,28.45951,-81.489698,condo,2.0,2.0,1312.0,7900.0,1987.0,Inactive,284900,2021-10-16T13:28:40.137Z,298,12.55989703048335
"5122-Anzio-St,-Orlando,-FL-32819","5122 Anzio St, Orlando, FL 32819",5122 Anzio St,,Orlando,FL,32819,Orange County,28.455455,-81.44944,single_family,3.0,2.0,936.0,7900.0,1987.0,Inactive,229900,2021-05-12T10:58:46.509Z,455,12.345404060459082
"8939-Latrec-Ave,-Unit-1308,-Orlando,-FL-32819","8939 Latrec Ave, Unit 1308, Orlando, FL 32819",8939 Latrec Ave,Unit 1308,Orlando,FL,32819,Orange County,28.435763,-81.476412,condo,1.0,1.0,558.0,7900.0,1987.0,Inactive,145000,2021-09-08T11:09:37.856Z,336,11.884495917930655
"7458-Somerset-Shores-Ct,-Orlando,-FL-32819","7458 Somerset Shores Ct, Orlando, FL 32819",7458 Somerset Shores Ct,,Orlando,FL,32819,Orange County,28.453781,-81.487338,condo,3.0,2.0,1741.0,7900.0,1987.0,Inactive,434900,2021-09-11T16:08:07.326Z,332,12.982873697962253
"5501-Bay-Side-Dr,-Orlando,-FL-32819","5501 Bay Side Dr, Orlando, FL 32819",5501 Bay Side Dr,,Orlando,FL,32819,Orange County,28.476703,-81.51299,single_family,4.0,3.0,4242.0,7900.0,1987.0,Inactive,1100000,2021-09-16T17:20:28.392Z,327,13.910821646859095
"8322-Oak-Park-Rd,-Orlando,-FL-32819","8322 Oak Park Rd, Orlando, FL 32819",8322 Oak Park Rd,,Orlando,FL,32819,Orange County,28.488838,-81.497809,single_family,4.0,3.0,2515.0,7900.0,1987.0,Inactive,624900,2021-06-16T16:23:40.964Z,419,13.345348516171933
"5105-Ernst-Ct,-Unit-51,-Orlando,-FL-32819","5105 Ernst Ct, Unit 51, Orlando, FL 32819",5105 Ernst Ct,Unit 51,Orlando,FL,32819,Orange County,28.487525,-81.462975,condo,2.0,2.0,1230.0,7900.0,1987.0,Inactive,217900,2021-09-08T13:27:19.945Z,336,12.29179611018331
"8800-Latrec-Ave,-Unit-9208,-Orlando,-FL-32819","8800 Latrec Ave, Unit 9208, Orlando, FL 32819",8800 Latrec Ave,Unit 9208,Orlando,FL,32819,Orange County,28.437501,-81.47966,condo,2.0,2.0,1003.0,7900.0,1987.0,Inactive,162000,2021-09-17T10:17:03.272Z,327,11.995357787034976
"7609-Toscana-Blvd,-Orlando,-FL-32819","7609 Toscana Blvd, Orlando, FL 32819",7609 Toscana Blvd,,Orlando,FL,32819,Orange County,28.455518,-81.479017,single_family,4.0,3.0,4276.0,7900.0,1987.0,Inactive,1250000,2021-09-08T15:58:25.719Z,335,14.038654909278163
"8727-Lost-Cove-Dr,-Orlando,-FL-32819","8727 Lost Cove Dr, Orlando, FL 32819",8727 Lost Cove Dr,,Orlando,FL,32819,Orange County,28.453337,-81.504219,single_family,5.0,4.0,4033.0,7900.0,1987.0,Inactive,1199000,2020-09-22T02:08:59.065Z,687,13.99699926803766
"4924-Winwood-Way,-Orlando,-FL-32819","4924 Winwood Way, Orlando, FL 32819",4924 Winwood Way,,Orlando,FL,32819,Orange County,28.492563,-81.489724,single_family,3.0,2.0,2063.0,7900.0,1987.0,Inactive,474500,2021-08-19T18:20:47.550Z,355,13.070019004511458
"7325-Alpine-Butterfly-Ln,-Orlando,-FL-32819","7325 Alpine Butterfly Ln, Orlando, FL 32819",7325 Alpine Butterfly Ln,,Orlando,FL,32819,Orange County,28.441445,-81.478728,condo,3.0,2.0,1945.0,7900.0,1987.0,Inactive,550000,2021-07-11T16:31:20.296Z,394,13.217675375388819
"5542-Brookline-Dr,-Orlando,-FL-32819","5542 Brookline Dr, Orlando, FL 32819",5542 Brookline Dr,,Orlando,FL,32819,Orange County,28.470535,-81.507829,single_family,4.0,3.0,3725.0,7900.0,1987.0,Inactive,1549000,2021-08-31T17:30:20.565Z,343,14.25312076497659
"5255-Timberview-Ter,-Orlando,-FL-32819","5255 Timberview Ter, Orlando, FL 32819",5255 Timberview Ter,,Orlando,FL,32819,Orange County,28.483034,-81.497426,single_family,4.0,3.0,3046.0,7900.0,1987.0,Inactive,745000,2021-05-12T16:36:38.399Z,454,13.521140839642674
"6306-Masters-Blvd,-Unit-N1,-Orlando,-FL-32819","6306 Masters Blvd, Unit N1, Orlando, FL 32819",6306 Masters Blvd,Unit N1,Orlando,FL,32819,Orange County,28.457183,-81.512394,condo,2.0,2.0,1984.0,7900.0,1987.0,Inactive,563000,2021-08-19T18:26:46.488Z,355,13.241036683319184
"4840-Cayview-Ave,-Unit-408,-Orlando,-FL-32819","4840 Cayview Ave, Unit 408, Orlando, FL 32819",4840 Cayview Ave,Unit 408,Orlando,FL,32819,Orange County,28.428475,-81.447583,condo,3.0,2.0,2097.0,7900.0,1987.0,Inactive,459950,2021-09-16T16:59:54.235Z,327,13.038875241052304
"7719-Clubhouse-Estates-Dr,-Orlando,-FL-32819","7719 Clubhouse Estates Dr, Orlando, FL 32819",7719 Clubhouse Estates Dr,,Orlando,FL,32819,Orange County,28.454777,-81.498759,single_family,3.0,2.0,1576.0,7900.0,1987.0,Inactive,385000,2021-09-08T15:01:58.735Z,336,12.861001210669146
"4862-Cayview-Ave,-Unit-304,-Orlando,-FL-32819","4862 Cayview Ave, Unit 304, Orlando, FL 32819",4862 Cayview Ave,Unit 304,Orlando,FL,32819,Orange County,28.428865,-81.447875,condo,3.0,2.0,1447.0,7900.0,1987.0,Inactive,284950,2021-09-15T17:25:35.504Z,328,12.560072514644599
"8720-South-Bay-Dr,-Orlando,-FL-32819","8720 South Bay Dr, Orlando, FL 32819",8720 South Bay Dr,,Orlando,FL,32819,Orange County,28.451008,-81.507234,single_family,4.0,3.0,3603.0,7900.0,1987.0,Inactive,919900,2021-07-19T17:18:02.324Z,386,13.73202133453934
"7417-Green-Tree-Dr,-Unit-101,-Orlando,-FL-32819","7417 Green Tree Dr, Unit 101, Orlando, FL 32819",7417 Green Tree Dr,Unit 101,Orlando,FL,32819,Orange County,28.459792,-81.483117,condo,3.0,2.0,2214.0,7900.0,1987.0,Inactive,419000,2021-08-19T17:37:16.293Z,355,12.945628585536271
"8340-Via-Vittoria-Way,-Orlando,-FL-32819","8340 Via Vittoria Way, Orlando, FL 32819",8340 Via Vittoria Way,,Orlando,FL,32819,Orange County,28.452196,-81.496001,single_family,4.0,3.0,3851.0,7900.0,1987.0,Inactive,939900,2020-09-22T02:29:03.807Z,687,13.7535298295508
"9102-N-Bay-Blvd,-Orlando,-FL-32819","9102 N Bay Blvd, Orlando, FL 32819",9102 N Bay Blvd,,Orlando,FL,32819,Orange County,28.47595,-81.511049,single_family,4.0,3.0,2613.0,7900.0,1987.0,Inactive,614000,2021-06-24T15:28:27.367Z,412,13.327751835792448
"6709-Bittersweet-Ln,-Orlando,-FL-32819","6709 Bittersweet Ln, Orlando, FL 32819",6709 Bittersweet Ln,,Orlando,FL,32819,Orange County,28.464192,-81.486183,single_family,3.0,2.0,2312.0,7900.0,1987.0,Inactive,499900,2021-06-16T16:21:39.216Z,419,13.12216535779974
"5059-Ernst-Ct,-Unit-12,-Orlando,-FL-32819","5059 Ernst Ct, Unit 12, Orlando, FL 32819",5059 Ernst Ct,Unit 12,Orlando,FL,32819,Orange County,28.489294,-81.463024,condo,2.0,2.0,1230.0,7900.0,1987.0,Inactive,225000,2021-09-08T13:44:50.248Z,336,12.323860125621126
"7611-Toscana-Blvd,-Orlando,-FL-32819","7611 Toscana Blvd, Orlando, FL 32819",7611 Toscana Blvd,,Orlando,FL,32819,Orange County,28.455413,-81.478928,single_family,4.0,3.0,4276.0,7900.0,1987.0,Inactive,1160480,2021-04-18T15:19:25.635Z,479,13.964345132309264
"5712-Cedar-Pine-Dr,-Orlando,-FL-32819","5712 Cedar Pine Dr, Orlando, FL 32819",5712 Cedar Pine Dr,,Orlando,FL,32819,Orange County,28.480781,-81.489971,single_family,4.0,3.0,2614.0,7900.0,1987.0,Inactive,495000,2021-06-19T15:34:06.836Z,416,13.112315061750808
"6158-Masters-Blvd,-Orlando,-FL-32819","6158 Masters Blvd, Orlando, FL 32819",6158 Masters Blvd,,Orlando,FL,32819,Orange County,28.459647,-81.513941,single_family,4.0,3.0,2482.0,7900.0,1987.0,Inactive,699000,2021-08-19T18:28:42.695Z,355,13.457407451830088
"4024-Breakview-Dr,-Unit-31004,-Orlando,-FL-32819","4024 Breakview Dr, Unit 31004, Orlando, FL 32819",4024 Breakview Dr,Unit 31004,Orlando,FL,32819,Orange County,28.424405,-81.445203,condo,3.0,2.0,1412.0,7900.0,1987.0,Inactive,289000,2021-08-19T16:43:40.799Z,355,12.574185427296195
"7734-Sugar-Bend-Dr,-Unit-7734,-Orlando,-FL-32819","7734 Sugar Bend Dr, Unit 7734, Orlando, FL 32819",7734 Sugar Bend Dr,Unit 7734,Orlando,FL,32819,Orange County,28.455535,-81.494455,condo,3.0,2.0,1169.0,7900.0,1987.0,Inactive,244000,2021-08-31T15:03:25.576Z,344,12.404927602627597
"7511-Seurat-St,-Unit-10203,-Orlando,-FL-32819","7511 Seurat St, Unit 10203, Orlando, FL 32819",7511 Seurat St,Unit 10203,Orlando,FL,32819,Orange County,28.435574,-81.477724,condo,2.0,2.0,1003.0,7900.0,1987.0,Inactive,165000,2021-09-10T12:18:29.755Z,334,12.013706813470414
"6165-Carrier-Dr,-Unit-2211,-Orlando,-FL-32819","6165 Carrier Dr, Unit 2211, Orlando, FL 32819",6165 Carrier Dr,Unit 2211,Orlando,FL,32819,Orange County,28.456701,-81.468112,condo,1.0,1.0,408.0,7900.0,1987.0,Inactive,110000,2021-09-19T11:15:30.193Z,325,11.608244735642321
"6303-Piney-Glen-Ln,-Orlando,-FL-32819","6303 Piney Glen Ln, Orlando, FL 32819",6303 Piney Glen Ln,,Orlando,FL,32819,Orange County,28.471113,-81.484796,single_family,4.0,3.0,2916.0,7900.0,1987.0,Inactive,579000,2021-07-19T17:06:19.542Z,386,13.269059483669357
"5349-Greenside-Ct,-Orlando,-FL-32819","5349 Greenside Ct, Orlando, FL 32819",5349 Greenside Ct,,Orlando,FL,32819,Orange County,28.480069,-81.50379,single_family,4.0,3.0,3130.0,7900.0,1987.0,Inactive,575000,2021-06-19T15:35:21.501Z,416,13.26212705890841
"7582-Megan-Elissa-Ln,-Orlando,-FL-32819","7582 Megan Elissa Ln, Orlando, FL 32819",7582 Megan Elissa Ln,,Orlando,FL,32819,Orange County,28.473916,-81.485574,single_family,4.0,3.0,2324.0,7900.0,1987.0,Inactive,475000,2021-08-19T17:57:38.564Z,355,13.07107218827772
"8419-Foxworth-Cir,-Unit-12,-Orlando,-FL-32819","8419 Foxworth Cir, Unit 12, Orlando, FL 32819",8419 Foxworth Cir,Unit 12,Orlando,FL,32819,Orange County,28.459768,-81.499295,single_family,4.0,3.0,2564.0,7900.0,1987.0,Inactive,465000,2021-07-11T16:31:32.397Z,394,13.049794835104816
"6972-Brescia-Way,-Orlando,-FL-32819","6972 Brescia Way, Orlando, FL 32819",6972 Brescia Way,,Orlando,FL,32819,Orange County,28.461366,-81.478234,single_family,3.0,2.0,2822.0,7900.0,1987.0,Inactive,569000,2021-08-19T18:26:46.506Z,355,13.251637470576167
"8519-Bay-Springs-Dr,-Orlando,-FL-32819","8519 Bay Springs Dr, Orlando, FL 32819",8519 Bay Springs Dr,,Orlando,FL,32819,Orange County,28.461121,-81.501171,single_family,4.0,2.0,1936.0,7900.0,1987.0,Inactive,435000,2021-06-16T16:15:50.527Z,419,12.983103608918753
"7606-Pissarro-Dr,-Apt-104,-Orlando,-FL-32819","7606 Pissarro Dr, Apt 104, Orlando, FL 32819",7606 Pissarro Dr,Apt 104,Orlando,FL,32819,Orange County,28.435741,-81.479697,condo,3.0,2.0,1193.0,7900.0,1987.0,Inactive,214000,2021-08-08T13:57:31.767Z,367,12.273735966890268
"7204-Grace-Rd,-Orlando,-FL-32819","7204 Grace Rd, Orlando, FL 32819",7204 Grace Rd,,Orlando,FL,32819,Orange County,28.479852,-81.480595,single_family,4.0,3.0,2864.0,7900.0,1987.0,Inactive,799000,2021-07-11T16:40:15.821Z,394,13.591117476312084
"4114-Breakview-Dr,-Unit-203,-Orlando,-FL-32819","4114 Breakview Dr, Unit 203, Orlando, FL 32819",4114 Breakview Dr,Unit 203,Orlando,FL,32819,Orange County,28.425694,-81.445698,condo,3.0,2.0,1247.0,7900.0,1987.0,Inactive,299000,2020-12-21T15:25:23.076Z,596,12.608202196848836
"5088-Ernst-Ct,-Unit-36,-Orlando,-FL-32819","5088 Ernst Ct, Unit 36, Orlando, FL 32819",5088 Ernst Ct,Unit 36,Orlando,FL,32819,Orange County,28.487934,-81.463427,condo,2.0,2.0,1230.0,7900.0,1987.0,Inactive,219900,2021-08-08T13:57:31.787Z,367,12.300932724054114
"8849-Latrec-Ave,-Unit-4308,-Orlando,-FL-32819","8849 Latrec Ave, Unit 4308, Orlando, FL 32819",8849 Latrec Ave,Unit 4308,Orlando,FL,32819,Orange County,28.436573,-81.478701,condo,1.0,1.0,671.0,7900.0,1987.0,Inactive,135000,2021-08-08T12:44:45.326Z,367,11.813037464800539
"6165-Carrier-Dr,-Unit-3507,-Orlando,-FL-32819","6165 Carrier Dr, Unit 3507, Orlando, FL 32819",6165 Carrier Dr,Unit 3507,Orlando,FL,32819,Orange County,28.456927,-81.468843,condo,1.0,1.0,408.0,7900.0,1987.0,Inactive,105000,2020-11-11T13:01:01.445Z,637,11.561725152903833
"4925-Winwood-Way,-Orlando,-FL-32819","4925 Winwood Way, Orlando, FL 32819",4925 Winwood Way,,Orlando,FL,32819,Orange County,28.492526,-81.489198,single_family,4.0,3.0,2373.0,7900.0,1987.0,Inactive,535000,2021-08-19T18:23:44.756Z,355,13.190023895035274
"5417-Cedar-Pine-Ct,-Orlando,-FL-32819","5417 Cedar Pine Ct, Orlando, FL 32819",5417 Cedar Pine Ct,,Orlando,FL,32819,Orange County,28.485812,-81.490319,single_family,4.0,3.0,2599.0,7900.0,1987.0,Inactive,529000,2021-08-19T18:23:44.743Z,355,13.178745601197818
"8337-Foxworth-Cir,-Unit-19,-Orlando,-FL-32819","8337 Foxworth Cir, Unit 19, Orlando, FL 32819",8337 Foxworth Cir,Unit 19,Orlando,FL,32819,Orange County,28.460554,-81.4992,single_family,3.0,2.0,2041.0,7900.0,1987.0,Inactive,435000,2021-07-19T16:59:58.353Z,386,12.983103608918753
"8915-Latrec-Ave,-Unit-2301,-Orlando,-FL-32819","8915 Latrec Ave, Unit 2301, Orlando, FL 32819",8915 Latrec Ave,Unit 2301,Orlando,FL,32819,Orange County,28.436299,-81.47782,condo,1.0,1.0,671.0,7900.0,1987.0,Inactive,131000,2021-08-19T12:45:28.279Z,356,11.782960235741939
"6043-Jamestown-Park,-Unit-117,-Orlando,-FL-32819","6043 Jamestown Park, Unit 117, Orlando, FL 32819",6043 Jamestown Park,Unit 117,Orlando,FL,32819,Orange County,28.46366,-81.501699,single_family,3.0,2.0,2652.0,7900.0,1987.0,Inactive,605000,2021-03-03T16:54:07.079Z,524,13.312985389904174
"8137-Sandpoint-Blvd,-Orlando,-FL-32819","8137 Sandpoint Blvd, Orlando, FL 32819",8137 Sandpoint Blvd,,Orlando,FL,32819,Orange County,28.453555,-81.495026,condo,3.0,2.0,1598.0,7900.0,1987.0,Inactive,395000,2021-08-12T19:53:42.350Z,362,12.886643575525625
"6165-Carrier-Dr,-Unit-1113,-Orlando,-FL-32819","6165 Carrier Dr, Unit 1113, Orlando, FL 32819",6165 Carrier Dr,Unit 1113,Orlando,FL,32819,Orange County,28.456858,-81.467791,condo,1.0,1.0,485.0,7900.0,1987.0,Inactive,119900,2021-09-11T10:51:18.624Z,333,11.694421681264394
"6165-Carrier-Dr,-Unit-1408,-Orlando,-FL-32819","6165 Carrier Dr, Unit 1408, Orlando, FL 32819",6165 Carrier Dr,Unit 1408,Orlando,FL,32819,Orange County,28.456701,-81.468112,condo,1.0,1.0,408.0,7900.0,1987.0,Inactive,99000,2021-09-09T09:32:09.776Z,335,11.502885230075814
"5514-Meadow-Pine-Ct,-Orlando,-FL-32819","5514 Meadow Pine Ct, Orlando, FL 32819",5514 Meadow Pine Ct,,Orlando,FL,32819,Orange County,28.483875,-81.488752,single_family,4.0,3.0,2662.0,7900.0,1987.0,Inactive,530000,2021-08-19T18:23:44.749Z,355,13.180634172318978
"7523-Seurat-St,-Unit-11201,-Orlando,-FL-32819","7523 Seurat St, Unit 11201, Orlando, FL 32819",7523 Seurat St,Unit 11201,Orlando,FL,32819,Orange County,28.435656,-81.478187,condo,4.0,2.0,1323.0,7900.0,1987.0,Inactive,195000,2021-08-31T13:27:00.065Z,344,12.180759965737863
"7511-Seurat-St,-Unit-10107,-Orlando,-FL-32819","7511 Seurat St, Unit 10107, Orlando, FL 32819",7511 Seurat St,Unit 10107,Orlando,FL,32819,Orange County,28.435572,-81.477462,condo,2.0,2.0,1003.0,7900.0,1987.0,Inactive,170000,2021-08-31T12:43:13.558Z,344,12.04355959836804
"8406-Glen-View-Ct,-Orlando,-FL-32819","8406 Glen View Ct, Orlando, FL 32819",8406 Glen View Ct,,Orlando,FL,32819,Orange County,28.455634,-81.501788,single_family,4.0,3.0,3140.0,7900.0,1987.0,Inactive,752345,2021-06-16T16:30:33.035Z,419,13.53095160349847
"7207-Greenville-Ct,-Orlando,-FL-32819","7207 Greenville Ct, Orlando, FL 32819",7207 Greenville Ct,,Orlando,FL,32819,Orange County,28.465682,-81.475896,single_family,4.0,2.0,2226.0,7900.0,1987.0,Inactive,469900,2021-07-19T17:03:12.851Z,386,13.060277313201007
"7374-Spring-Villas-Cir,-Orlando,-FL-32819","7374 Spring Villas Cir, Orlando, FL 32819",7374 Spring Villas Cir,,Orlando,FL,32819,Orange County,28.458544,-81.480981,single_family,3.0,2.0,1465.0,7900.0,1987.0,Inactive,344900,2021-08-12T19:34:46.599Z,362,12.751012698311857
"5783-Peregrine-Ave,-Unit-C07,-Orlando,-FL-32819","5783 Peregrine Ave, Unit C07, Orlando, FL 32819",5783 Peregrine Ave,Unit C07,Orlando,FL,32819,Orange County,28.487803,-81.460901,condo,2.0,2.0,1139.0,7900.0,1987.0,Inactive,180000,2021-08-19T13:42:30.546Z,355,12.100717685412471
"7080-Edgeworth-Dr,-Orlando,-FL-32819","7080 Edgeworth Dr, Orlando, FL 32819",7080 Edgeworth Dr,,Orlando,FL,32819,Orange County,28.470137,-81.480567,single_family,5.0,3.0,3240.0,7900.0,1987.0,Inactive,665000,2021-07-19T17:08:29.550Z,386,13.407543823396258
"5260-Abelia-Dr,-Orlando,-FL-32819","5260 Abelia Dr, Orlando, FL 32819",5260 Abelia Dr,,Orlando,FL,32819,Orange County,28.488986,-81.487381,single_family,4.0,3.0,2451.0,7900.0,1987.0,Inactive,415000,2021-06-20T15:56:17.848Z,415,12.936036208848487
"8047-Golden-Glen-Ct,-Orlando,-FL-32819","8047 Golden Glen Ct, Orlando, FL 32819",8047 Golden Glen Ct,,Orlando,FL,32819,Orange County,28.473286,-81.494037,single_family,4.0,2.0,1861.0,7900.0,1987.0,Inactive,394900,2021-08-12T19:53:42.334Z,361,12.88639037955819
"7725-Sundial-Ln,-Orlando,-FL-32819","7725 Sundial Ln, Orlando, FL 32819",7725 Sundial Ln,,Orlando,FL,32819,Orange County,28.453518,-81.493861,condo,3.0,2.0,1758.0,7900.0,1987.0,Inactive,350000,2021-08-12T19:38:11.377Z,362,12.765691290604371
"5003-Tideview-Cir,-Unit-47,-Orlando,-FL-32819","5003 Tideview Cir, Unit 47, Orlando, FL 32819",5003 Tideview Cir,Unit 47,Orlando,FL,32819,Orange County,28.431018,-81.451253,condo,3.0,2.0,1777.0,7900.0,1987.0,Inactive,349900,2021-08-12T19:34:46.617Z,362,12.765405536311112
"6669-Sugarbush-Dr,-Orlando,-FL-32819","6669 Sugarbush Dr, Orlando, FL 32819",6669 Sugarbush Dr,,Orlando,FL,32819,Orange County,28.464616,-81.492702,single_family,4.0,2.0,2357.0,7900.0,1987.0,Inactive,469990,2021-08-31T16:46:29.828Z,343,13.060468824566728
"8813-Latrec-Ave,-Unit-7307,-Orlando,-FL-32819","8813 Latrec Ave, Unit 7307, Orlando, FL 32819",8813 Latrec Ave,Unit 7307,Orlando,FL,32819,Orange County,28.438081,-81.478791,condo,1.0,1.0,671.0,7900.0,1987.0,Inactive,134000,2021-08-12T12:48:23.069Z,362,11.80560254159177
"6165-Carrier-Dr,-Unit-1610,-Orlando,-FL-32819","6165 Carrier Dr, Unit 1610, Orlando, FL 32819",6165 Carrier Dr,Unit 1610,Orlando,FL,32819,Orange County,28.456858,-81.467791,condo,1.0,1.0,408.0,7900.0,1987.0,Inactive,125000,2021-08-08T12:44:45.289Z,366,11.736077016252437
"7463-Alpine-Butterfly-Ln,-Orlando,-FL-32819","7463 Alpine Butterfly Ln, Orlando, FL 32819",7463 Alpine Butterfly Ln,,Orlando,FL,32819,Orange County,28.442272,-81.483083,single_family,3.0,2.0,2080.0,7900.0,1987.0,Inactive,928142,2021-07-11T16:40:20.576Z,394,13.740941094724535
"5092-Ernst-Ct,-Unit-38,-Orlando,-FL-32819","5092 Ernst Ct, Unit 38, Orlando, FL 32819",5092 Ernst Ct,Unit 38,Orlando,FL,32819,Orange County,28.487828,-81.463404,condo,2.0,2.0,1230.0,7900.0,1987.0,Inactive,249990,2020-09-15T21:47:22.426Z,692,12.429180196196368
"4775-Lincoln-Ave,-Orlando,-FL-32819","4775 Lincoln Ave, Orlando, FL 32819",4775 Lincoln Ave,,Orlando,FL,32819,Orange County,28.491878,-81.499585,single_family,4.0,3.0,2461.0,7900.0,1987.0,Inactive,845000,2021-04-18T15:08:08.507Z,478,13.647093089770562
"6508-Moonshell-Ct,-Orlando,-FL-32819","6508 Moonshell Ct, Orlando, FL 32819",6508 Moonshell Ct,,Orlando,FL,32819,Orange County,28.488631,-81.46761,single_family,5.0,4.0,2841.0,7900.0,1987.0,Inactive,485000,2021-06-16T16:16:19.198Z,419,13.091906231773164
"7494-Alpine-Butterfly-Ln,-Orlando,-FL-32819","7494 Alpine Butterfly Ln, Orlando, FL 32819",7494 Alpine Butterfly Ln,,Orlando,FL,32819,Orange County,28.440998,-81.483158,single_family,5.0,4.0,3694.0,7900.0,1987.0,Inactive,1500000,2021-06-22T15:35:25.644Z,413,14.220976332738882
"5334-Faywood-Ct,-Orlando,-FL-32819","5334 Faywood Ct, Orlando, FL 32819",5334 Faywood Ct,,Orlando,FL,32819,Orange County,28.479393,-81.507348,single_family,5.0,3.0,3333.0,7900.0,1987.0,Inactive,825000,2021-08-19T18:28:52.016Z,355,13.623139877437296
"7689-Toscana-Blvd,-Orlando,-FL-32819","7689 Toscana Blvd, Orlando, FL 32819",7689 Toscana Blvd,,Orlando,FL,32819,Orange County,28.455297,-81.478474,single_family,5.0,4.0,3301.0,7900.0,1987.0,Inactive,779000,2021-04-18T15:13:56.427Z,478,13.565767608549109
"6333-Cheryl-St,-Orlando,-FL-32819","6333 Cheryl St, Orlando, FL 32819",6333 Cheryl St,,Orlando,FL,32819,Orange County,28.48334,-81.46927,single_family,4.0,3.0,2562.0,7900.0,1987.0,Inactive,725000,2021-08-19T18:28:42.724Z,355,13.493928313146206
"6969-Phillips-Reserve-Ct,-Orlando,-FL-32819","6969 Phillips Reserve Ct, Orlando, FL 32819",6969 Phillips Reserve Ct,,Orlando,FL,32819,Orange County,28.489843,-81.474346,single_family,4.0,3.0,2942.0,7900.0,1987.0,Inactive,609900,2021-08-19T18:26:55.949Z,355,13.321051927896255
"6840-Parson-Brown-Dr,-Orlando,-FL-32819","6840 Parson Brown Dr, Orlando, FL 32819",6840 Parson Brown Dr,,Orlando,FL,32819,Orange County,28.462185,-81.484009,single_family,3.0,2.0,2289.0,7900.0,1987.0,Inactive,560000,2021-05-12T16:16:32.912Z,454,13.235693848424024
"5601-Craindale-Dr,-Orlando,-FL-32819","5601 Craindale Dr, Orlando, FL 32819",5601 Craindale Dr,,Orlando,FL,32819,Orange County,28.482144,-81.493197,single_family,4.0,3.0,2713.0,7900.0,1987.0,Inactive,549900,2021-06-16T16:21:39.216Z,419,13.217493541006709
"6409-Wellington-Dr,-Orlando,-FL-32819","6409 Wellington Dr, Orlando, FL 32819",6409 Wellington Dr,,Orlando,FL,32819,Orange County,28.468938,-81.481373,single_family,3.0,2.0,1831.0,7900.0,1987.0,Inactive,440000,2021-07-19T16:52:45.283Z,386,12.994532278619134
"6421-Orange-Cove-Dr,-Orlando,-FL-32819","6421 Orange Cove Dr, Orlando, FL 32819",6421 Orange Cove Dr,,Orlando,FL,32819,Orange County,28.469146,-81.497937,single_family,3.0,2.0,1834.0,7900.0,1987.0,Inactive,425000,2021-07-11T16:09:56.158Z,394,12.959846800844963
"6783-Sorrento-St,-Orlando,-FL-32819","6783 Sorrento St, Orlando, FL 32819",6783 Sorrento St,,Orlando,FL,32819,Orange County,28.458337,-81.476083,condo,3.0,2.0,2357.0,7900.0,1987.0,Inactive,425000,2021-08-19T17:37:07.757Z,355,12.959846800844963
"6834-Piazza-St,-Orlando,-FL-32819","6834 Piazza St, Orlando, FL 32819",6834 Piazza St,,Orlando,FL,32819,Orange County,28.457593,-81.476118,condo,4.0,3.0,2362.0,7900.0,1987.0,Inactive,423000,2021-06-16T16:05:28.471Z,419,12.955129822091815
"5112-Glasgow-Ave,-Orlando,-FL-32819","5112 Glasgow Ave, Orlando, FL 32819",5112 Glasgow Ave,,Orlando,FL,32819,Orange County,28.484102,-81.483197,single_family,4.0,2.0,1378.0,7900.0,1987.0,Inactive,359000,2021-02-11T13:47:52.883Z,544,12.791080452981857
"7631-Bay-Port-Rd,-Unit-56,-Orlando,-FL-32819","7631 Bay Port Rd, Unit 56, Orlando, FL 32819",7631 Bay Port Rd,Unit 56,Orlando,FL,32819,Orange County,28.459881,-81.485108,condo,3.0,2.0,1831.0,7900.0,1987.0,Inactive,335000,2021-08-12T19:34:35.783Z,361,12.721888795877375
"7508-Toscana-Blvd,-Apt-112,-Orlando,-FL-32819","7508 Toscana Blvd, Apt 112, Orlando, FL 32819",7508 Toscana Blvd,Apt 112,Orlando,FL,32819,Orange County,28.456897,-81.479183,condo,2.0,2.0,2030.0,7900.0,1987.0,Inactive,330000,2021-06-19T14:43:12.804Z,416,12.706850963741102
"7518-Pomelo-Dr,-Orlando,-FL-32819","7518 Pomelo Dr, Orlando, FL 32819",7518 Pomelo Dr,,Orlando,FL,32819,Orange County,28.454903,-81.442331,single_family,3.0,2.0,1219.0,7900.0,1987.0,Inactive,250000,2021-05-12T13:12:05.861Z,454,12.429220196836383
"4919-Steyr-St,-Orlando,-FL-32819","4919 Steyr St, Orlando, FL 32819",4919 Steyr St,,Orlando,FL,32819,Orange County,28.452269,-81.445077,single_family,3.0,2.0,1219.0,7900.0,1987.0,Inactive,250000,2021-05-12T13:12:05.852Z,454,12.429220196836383
"5026-Shoshone-St,-Orlando,-FL-32819","5026 Shoshone St, Orlando, FL 32819",5026 Shoshone St,,Orlando,FL,32819,Orange County,28.456212,-81.447657,single_family,3.0,2.0,1718.0,7900.0,1987.0,Inactive,197500,2021-08-08T13:07:39.285Z,366,12.193498926601634
"6165-Carrier-Dr,-Unit-3201,-Orlando,-FL-32819","6165 Carrier Dr, Unit 3201, Orlando, FL 32819",6165 Carrier Dr,Unit 3201,Orlando,FL,32819,Orange County,28.456927,-81.468843,condo,2.0,2.0,578.0,7900.0,1987.0,Inactive,115000,2020-11-06T12:46:56.876Z,641,11.652696102959753
"6165-Carrier-Dr,-Unit-2108,-Orlando,-FL-32819","6165 Carrier Dr, Unit 2108, Orlando, FL 32819",6165 Carrier Dr,Unit 2108,Orlando,FL,32819,Orange County,28.456566,-81.467035,condo,1.0,1.0,408.0,7900.0,1987.0,Inactive,95000,2020-09-15T19:16:09.125Z,693,11.461642696843066
"5632-Bay-Side-Dr,-Orlando,-FL-32819","5632 Bay Side Dr, Orlando, FL 32819",5632 Bay Side Dr,,Orlando,FL,32819,Orange County,28.47438,-81.515863,single_family,5.0,4.0,5372.0,7900.0,1987.0,Inactive,2100000,2021-06-16T16:37:00.730Z,419,14.557448378884015
"8137-Via-Vittoria-Way,-Orlando,-FL-32819","8137 Via Vittoria Way, Orlando, FL 32819",8137 Via Vittoria Way,,Orlando,FL,32819,Orange County,28.45186,-81.492572,single_family,4.0,3.0,3859.0,7900.0,1987.0,Inactive,863000,2020-09-22T02:27:04.523Z,686,13.668171128813444
"9106-Mid-Pines-Ct,-Orlando,-FL-32819","9106 Mid Pines Ct, Orlando, FL 32819",9106 Mid Pines Ct,,Orlando,FL,32819,Orange County,28.465533,-81.514312,single_family,4.0,3.0,3390.0,7900.0,1987.0,Inactive,795000,2021-06-24T15:36:57.569Z,411,13.586098651497313
"9182-Bay-Hill-Blvd,-Orlando,-FL-32819","9182 Bay Hill Blvd, Orlando, FL 32819",9182 Bay Hill Blvd,,Orlando,FL,32819,Orange County,28.450792,-81.513001,single_family,4.0,3.0,2710.0,7900.0,1987.0,Inactive,550000,2021-07-11T16:31:20.302Z,394,13.217675375388819
"6269-Silver-Glen-Ct,-Orlando,-FL-32819","6269 Silver Glen Ct, Orlando, FL 32819",6269 Silver Glen Ct,,Orlando,FL,32819,Orange County,28.471905,-81.498248,single_family,4.0,2.0,1951.0,7900.0,1987.0,Inactive,450000,2021-06-23T15:22:17.358Z,412,13.017005083966255
"7108-Skylane-Dr,-Orlando,-FL-32819","7108 Skylane Dr, Orlando, FL 32819",7108 Skylane Dr,,Orlando,FL,32819,Orange County,28.486106,-81.478142,single_family,3.0,2.0,1820.0,7900.0,1987.0,Inactive,425000,2021-02-11T14:27:15.526Z,544,12.959846800844963
"7629-Fenwick-Cove-Ln,-Orlando,-FL-32819","7629 Fenwick Cove Ln, Orlando, FL 32819",7629 Fenwick Cove Ln,,Orlando,FL,32819,Orange County,28.455261,-81.495006,condo,3.0,2.0,1462.0,7900.0,1987.0,Inactive,369900,2021-07-19T16:38:19.820Z,386,12.820990681250251
"4814-Cayview-Ave,-Unit-10313,-Orlando,-FL-32819","4814 Cayview Ave, Unit 10313, Orlando, FL 32819",4814 Cayview Ave,Unit 10313,Orlando,FL,32819,Orange County,28.428734,-81.446413,condo,3.0,2.0,1247.0,7900.0,1987.0,Inactive,309000,2021-08-12T19:19:01.119Z,361,12.6410997921206
"7395-Universal-Blvd,-Unit-201,-Orlando,-FL-32819","7395 Universal Blvd, Unit 201, Orlando, FL 32819",7395 Universal Blvd,Unit 201,Orlando,FL,32819,Orange County,28.456616,-81.462615,condo,2.0,2.0,1056.0,7900.0,1987.0,Inactive,278000,2021-02-27T14:16:27.038Z,528,12.535379989788607
"7463-Sugar-Bend-Dr,-Unit-7463,-Orlando,-FL-32819","7463 Sugar Bend Dr, Unit 7463, Orlando, FL 32819",7463 Sugar Bend Dr,Unit 7463,Orlando,FL,32819,Orange County,28.456588,-81.492993,condo,2.0,2.0,1075.0,7900.0,1987.0,Inactive,249900,2021-07-11T14:12:03.542Z,394,12.428820118415677
"7625-Udine-Ave,-Orlando,-FL-32819","7625 Udine Ave, Orlando, FL 32819",7625 Udine Ave,,Orlando,FL,32819,Orange County,28.453943,-81.447605,single_family,3.0,2.0,960.0,7900.0,1987.0,Inactive,224900,2020-09-15T20:43:54.506Z,692,12.323415584358154
"5945-Windhover-Dr,-Unit-C10,-Orlando,-FL-32819","5945 Windhover Dr, Unit C10, Orlando, FL 32819",5945 Windhover Dr,Unit C10,Orlando,FL,32819,Orange County,28.486236,-81.46244,condo,2.0,2.0,1139.0,7900.0,1987.0,Inactive,189900,2021-08-08T13:07:39.254Z,366,12.15425816271595
"5953-Windhover-Dr,-Unit-C01,-Orlando,-FL-32819","5953 Windhover Dr, Unit C01, Orlando, FL 32819",5953 Windhover Dr,Unit C01,Orlando,FL,32819,Orange County,28.48588,-81.462524,condo,2.0,2.0,1139.0,7900.0,1987.0,Inactive,169900,2021-08-08T12:59:07.214Z,366,12.042971193457888
"8801-Latrec-Ave,-Unit-8105,-Orlando,-FL-32819","8801 Latrec Ave, Unit 8105, Orlando, FL 32819",8801 Latrec Ave,Unit 8105,Orlando,FL,32819,Orange County,28.438294,-81.479355,condo,2.0,2.0,1003.0,7900.0,1987.0,Inactive,163000,2021-07-19T12:57:31.871Z,386,12.001511614739405
"7395-Universal-Blvd,-Unit-203,-Orlando,-FL-32819","7395 Universal Blvd, Unit 203, Orlando, FL 32819",7395 Universal Blvd,Unit 203,Orlando,FL,32819,Orange County,28.456616,-81.462615,condo,1.0,1.0,671.0,7900.0,1987.0,Inactive,159900,2020-11-20T17:49:55.762Z,627,11.982310152711182
"6165-Carrier-Dr,-Unit-1306,-Orlando,-FL-32819","6165 Carrier Dr, Unit 1306, Orlando, FL 32819",6165 Carrier Dr,Unit 1306,Orlando,FL,32819,Orange County,28.456858,-81.467791,condo,2.0,2.0,583.0,7900.0,1987.0,Inactive,155000,2020-10-08T14:45:59.832Z,670,11.951186847493476
"6165-Carrier-Dr,-Unit-3204,-Orlando,-FL-32819","6165 Carrier Dr, Unit 3204, Orlando, FL 32819",6165 Carrier Dr,Unit 3204,Orlando,FL,32819,Orange County,28.456927,-81.468843,condo,2.0,2.0,583.0,7900.0,1987.0,Inactive,123000,2021-08-08T12:44:45.286Z,366,11.719947764402807
"5024-Shoreway-Loop,-Unit-30106,-Orlando,-FL-32819","5024 Shoreway Loop, Unit 30106, Orlando, FL 32819",5024 Shoreway Loop,Unit 30106,Orlando,FL,32819,Orange County,28.428582,-81.450123,condo,3.0,2.0,2001.0,7900.0,1987.0,Inactive,389000,2021-06-24T15:03:30.086Z,411,12.871337193291367
"7700-Carriage-Homes-Dr,-Apt-1,-Orlando,-FL-32819","7700 Carriage Homes Dr, Apt 1, Orlando, FL 32819",7700 Carriage Homes Dr,Apt 1,Orlando,FL,32819,Orange County,28.459429,-81.488902,condo,2.0,2.0,1182.0,7900.0,1987.0,Inactive,250000,2021-07-11T14:12:03.548Z,394,12.429220196836383
"6211-Peregrine-Ct,-Orlando,-FL-32819","6211 Peregrine Ct, Orlando, FL 32819",6211 Peregrine Ct,,Orlando,FL,32819,Orange County,28.485247,-81.465757,condo,3.0,2.0,1507.0,7900.0,1987.0,Inactive,239995,2021-02-19T14:43:02.123Z,536,12.388377535518572
"5077-Ernst-Ct,-Unit-3,-Orlando,-FL-32819","5077 Ernst Ct, Unit 3, Orlando, FL 32819",5077 Ernst Ct,Unit 3,Orlando,FL,32819,Orange County,28.48865,-81.462995,condo,2.0,2.0,1230.0,7900.0,1987.0,Inactive,210000,2021-06-16T14:07:02.471Z,419,12.25486757159303
"7630-Pissarro-Dr,-Unit-16201,-Orlando,-FL-32819","7630 Pissarro Dr, Unit 16201, Orlando, FL 32819",7630 Pissarro Dr,Unit 16201,Orlando,FL,32819,Orange County,28.435958,-81.480411,condo,1.0,1.0,671.0,7900.0,1987.0,Inactive,135000,2021-07-19T12:24:42.565Z,386,11.813037464800539
"8939-Latrec-Ave,-Unit-1307,-Orlando,-FL-32819","8939 Latrec Ave, Unit 1307, Orlando, FL 32819",8939 Latrec Ave,Unit 1307,Orlando,FL,32819,Orange County,28.435699,-81.476405,condo,1.0,1.0,558.0,7900.0,1987.0,Inactive,129000,2020-09-15T19:27:14.997Z,692,11.767575435251748
"7608-Udine-Ave,-Orlando,-FL-32819","7608 Udine Ave, Orlando, FL 32819",7608 Udine Ave,,Orlando,FL,32819,Orange County,28.454599,-81.448117,single_family,3.0,2.0,1203.0,7900.0,1987.0,Inactive,219000,2021-06-26T14:47:59.359Z,409,12.296831574998258
"6023-Windhover-Dr,-Unit-B12,-Orlando,-FL-32819","6023 Windhover Dr, Unit B12, Orlando, FL 32819",6023 Windhover Dr,Unit B12,Orlando,FL,32819,Orange County,28.485611,-81.463326,condo,1.0,1.0,918.0,7900.0,1987.0,Inactive,140000,2021-08-08T12:46:06.234Z,366,11.849404844423074
"10246-Turkey-Lake-Rd,-Unit-A36161,-Orlando,-FL-32819","10246 Turkey Lake Rd, Unit A36161, Orlando, FL 32819",10246 Turkey Lake Rd,Unit A36161,Orlando,FL,32819,Orange County,28.419592,-81.476866,condo,1.0,1.0,745.0,7900.0,1987.0,Inactive,118000,2021-02-05T11:47:09.357Z,550,11.678448377988165
"7336-Grace-Rd,-Orlando,-FL-32819","7336 Grace Rd, Orlando, FL 32819",7336 Grace Rd,,Orlando,FL,32819,Orange County,28.481543,-81.483762,single_family,4.0,3.0,3580.0,7900.0,1987.0,Inactive,1550000,2021-06-16T16:36:39.209Z,417,14.253766134056512
"5532-Emerson-Pointe-Way,-Orlando,-FL-32819","5532 Emerson Pointe Way, Orlando, FL 32819",5532 Emerson Pointe Way,,Orlando,FL,32819,Orange County,28.47195,-81.516597,single_family,5.0,4.0,5119.0,7900.0,1987.0,Inactive,1250000,2021-05-12T16:45:55.182Z,452,14.038654909278163
"6007-Pine-Valley-Dr,-Orlando,-FL-32819","6007 Pine Valley Dr, Orlando, FL 32819",6007 Pine Valley Dr,,Orlando,FL,32819,Orange County,28.46598,-81.513063,single_family,3.0,2.0,3261.0,7900.0,1987.0,Inactive,1249995,2021-02-11T15:12:46.706Z,542,14.038650909273365
"7613-Toscana-Blvd,-Orlando,-FL-32819","7613 Toscana Blvd, Orlando, FL 32819",7613 Toscana Blvd,,Orlando,FL,32819,Orange County,28.455239,-81.478943,single_family,4.0,3.0,4198.0,7900.0,1987.0,Inactive,1240000,2021-04-18T15:19:30.376Z,476,14.030622744032508
"7523-Alpine-Butterfly-Ln,-Orlando,-FL-32819","7523 Alpine Butterfly Ln, Orlando, FL 32819",7523 Alpine Butterfly Ln,,Orlando,FL,32819,Orange County,28.441825,-81.484653,single_family,5.0,4.0,3871.0,7900.0,1987.0,Inactive,1102954,2020-10-01T17:31:36.795Z,675,13.913503499579269
"5724-Crescent-Heights-Rdg,-Orlando,-FL-32819","5724 Crescent Heights Rdg, Orlando, FL 32819",5724 Crescent Heights Rdg,,Orlando,FL,32819,Orange County,28.47051,-81.516453,single_family,5.0,4.0,4084.0,7900.0,1987.0,Inactive,998800,2021-06-19T15:42:48.071Z,414,13.814310838588696
"5729-Masters-Ct,-Orlando,-FL-32819","5729 Masters Ct, Orlando, FL 32819",5729 Masters Ct,,Orlando,FL,32819,Orange County,28.471117,-81.511256,single_family,3.0,2.0,2710.0,7900.0,1987.0,Inactive,990000,2021-05-12T16:45:09.421Z,452,13.805461232211272
"7069-Phillips-Cove-Ct,-Orlando,-FL-32819","7069 Phillips Cove Ct, Orlando, FL 32819",7069 Phillips Cove Ct,,Orlando,FL,32819,Orange County,28.458432,-81.487704,single_family,5.0,4.0,4650.0,7900.0,1987.0,Inactive,899000,2021-06-16T16:33:00.194Z,417,13.70903942580019
"7671-Toscana-Blvd,-Orlando,-FL-32819","7671 Toscana Blvd, Orlando, FL 32819",7671 Toscana Blvd,,Orlando,FL,32819,Orange County,28.454428,-81.478542,single_family,4.0,3.0,3440.0,7900.0,1987.0,Inactive,880590,2021-04-18T15:14:15.116Z,476,13.688348551947225
"9220-Bay-Hill-Blvd,-Orlando,-FL-32819","9220 Bay Hill Blvd, Orlando, FL 32819",9220 Bay Hill Blvd,,Orlando,FL,32819,Orange County,28.448774,-81.513306,single_family,4.0,4.0,3442.0,7900.0,1987.0,Inactive,875000,2021-06-21T15:56:10.817Z,412,13.681980308196241
"4802-Kensington-Park-Blvd,-Orlando,-FL-32819","4802 Kensington Park Blvd, Orlando, FL 32819",4802 Kensington Park Blvd,,Orlando,FL,32819,Orange County,28.490885,-81.502094,single_family,5.0,4.0,3319.0,7900.0,1987.0,Inactive,769000,2021-06-16T16:30:33.173Z,417,13.552847548877052
"4773-Washington-Ave,-Orlando,-FL-32819","4773 Washington Ave, Orlando, FL 32819",4773 Washington Ave,,Orlando,FL,32819,Orange County,28.491908,-81.497576,single_family,5.0,3.0,3300.0,7900.0,1987.0,Inactive,699900,2021-07-06T16:29:32.022Z,397,13.45869417545215
"6419-Vineland-Rd,-Orlando,-FL-32819","6419 Vineland Rd, Orlando, FL 32819",6419 Vineland Rd,,Orlando,FL,32819,Orange County,28.482588,-81.470378,single_family,3.0,2.0,1800.0,7900.0,1987.0,Inactive,675000,2021-04-18T15:08:08.535Z,476,13.42246945133505
"6048-Shore-Line-Dr,-Orlando,-FL-32819","6048 Shore Line Dr, Orlando, FL 32819",6048 Shore Line Dr,,Orlando,FL,32819,Orange County,28.475831,-81.47819,single_family,4.0,3.0,2449.0,7900.0,1987.0,Inactive,659000,2021-03-03T16:54:51.512Z,522,13.398480330934175
"7332-Pinemount-Dr,-Orlando,-FL-32819","7332 Pinemount Dr, Orlando, FL 32819",7332 Pinemount Dr,,Orlando,FL,32819,Orange County,28.470179,-81.482231,single_family,4.0,3.0,2300.0,7900.0,1987.0,Inactive,650000,2021-06-23T15:40:34.880Z,410,13.384729180332174
"8937-Easterling-Dr,-Orlando,-FL-32819","8937 Easterling Dr, Orlando, FL 32819",8937 Easterling Dr,,Orlando,FL,32819,Orange County,28.451228,-81.511877,single_family,3.0,2.0,2790.0,7900.0,1987.0,Inactive,615000,2021-06-16T16:23:40.955Z,417,13.329379172803593
"6306-Masters-Blvd,-Unit-N,-Orlando,-FL-32819","6306 Masters Blvd, Unit N, Orlando, FL 32819",6306 Masters Blvd,Unit N,Orlando,FL,32819,Orange County,28.457167,-81.512386,condo,2.0,2.0,1984.0,7900.0,1987.0,Inactive,609900,2021-07-02T15:08:18.671Z,401,13.321051927896255
"7643-Pinemount-Dr,-Orlando,-FL-32819","7643 Pinemount Dr, Orlando, FL 32819",7643 Pinemount Dr,,Orlando,FL,32819,Orange County,28.471221,-81.487893,single_family,4.0,4.0,2500.0,7900.0,1987.0,Inactive,595000,2021-06-16T16:23:40.965Z,417,13.296318365198623
"7550-Hinson-St,-Unit-15,-Orlando,-FL-32819","7550 Hinson St, Unit 15, Orlando, FL 32819",7550 Hinson St,Unit 15,Orlando,FL,32819,Orange County,28.451628,-81.484633,condo,2.0,2.0,1870.0,7900.0,1987.0,Inactive,570000,2020-09-22T02:09:16.553Z,684,13.25339339419516
"8268-Carolina-Dr,-Orlando,-FL-32819","8268 Carolina Dr, Orlando, FL 32819",8268 Carolina Dr,,Orlando,FL,32819,Orange County,28.49241,-81.497039,single_family,4.0,3.0,2325.0,7900.0,1987.0,Inactive,575000,2021-06-16T16:21:47.435Z,417,13.26212705890841
"7667-Apple-Tree-Cir,-Orlando,-FL-32819","7667 Apple Tree Cir, Orlando, FL 32819",7667 Apple Tree Cir,,Orlando,FL,32819,Orange County,28.474697,-81.489704,single_family,4.0,3.0,2535.0,7900.0,1987.0,Inactive,500000,2021-05-12T16:26:49.126Z,452,13.122365377402328
"6312-Piney-Glen-Ln,-Orlando,-FL-32819","6312 Piney Glen Ln, Orlando, FL 32819",6312 Piney Glen Ln,,Orlando,FL,32819,Orange County,28.470842,-81.485392,single_family,4.0,3.0,2261.0,7900.0,1987.0,Inactive,489900,2020-11-24T16:50:49.763Z,621,13.101958608857487
"6248-Dowdy-Ct,-Orlando,-FL-32819","6248 Dowdy Ct, Orlando, FL 32819",6248 Dowdy Ct,,Orlando,FL,32819,Orange County,28.472355,-81.486589,single_family,4.0,3.0,2344.0,7900.0,1987.0,Inactive,475000,2021-07-11T16:25:18.584Z,392,13.07107218827772
"6311-Orange-Cove-Dr,-Orlando,-FL-32819","6311 Orange Cove Dr, Orlando, FL 32819",6311 Orange Cove Dr,,Orlando,FL,32819,Orange County,28.471391,-81.495947,single_family,3.0,3.0,2337.0,7900.0,1987.0,Inactive,449900,2021-06-16T16:15:42.923Z,417,13.016782837542953
"8374-Sandberry-Blvd,-Orlando,-FL-32819","8374 Sandberry Blvd, Orlando, FL 32819",8374 Sandberry Blvd,,Orlando,FL,32819,Orange County,28.472039,-81.498997,single_family,4.0,2.0,1976.0,7900.0,1987.0,Inactive,435900,2021-06-16T16:15:35.789Z,417,12.985170432328005
"7132-Cane-Hills-Cir,-Orlando,-FL-32819","7132 Cane Hills Cir, Orlando, FL 32819",7132 Cane Hills Cir,,Orlando,FL,32819,Orange County,28.484349,-81.47793,single_family,5.0,2.0,2172.0,7900.0,1987.0,Inactive,429990,2021-06-16T16:13:26.476Z,417,12.971519557218146
"7047-Somerton-Blvd,-Orlando,-FL-32819","7047 Somerton Blvd, Orlando, FL 32819",7047 Somerton Blvd,,Orlando,FL,32819,Orange County,28.459196,-81.498387,single_family,3.0,2.0,1636.0,7900.0,1987.0,Inactive,425000,2021-06-16T16:13:26.430Z,417,12.959846800844963
"7402-Green-Tree-Dr,-Unit-1,-Orlando,-FL-32819","7402 Green Tree Dr, Unit 1, Orlando, FL 32819",7402 Green Tree Dr,Unit 1,Orlando,FL,32819,Orange County,28.459384,-81.482679,condo,4.0,3.0,2333.0,7900.0,1987.0,Inactive,419900,2021-06-16T16:05:35.769Z,417,12.947774248188859
"7452-Somerset-Shores-Ct,-Orlando,-FL-32819","7452 Somerset Shores Ct, Orlando, FL 32819",7452 Somerset Shores Ct,,Orlando,FL,32819,Orange County,28.453894,-81.487372,condo,3.0,2.0,1738.0,7900.0,1987.0,Inactive,415000,2021-05-12T16:19:23.378Z,452,12.936036208848487
"7317-Cypress-Grove-Rd,-Unit-84,-Orlando,-FL-32819","7317 Cypress Grove Rd, Unit 84, Orlando, FL 32819",7317 Cypress Grove Rd,Unit 84,Orlando,FL,32819,Orange County,28.460116,-81.483147,condo,3.0,2.0,2214.0,7900.0,1987.0,Inactive,412000,2021-06-16T16:05:35.760Z,417,12.928781055513184
"6253-Silver-Glen-Ct,-Orlando,-FL-32819","6253 Silver Glen Ct, Orlando, FL 32819",6253 Silver Glen Ct,,Orlando,FL,32819,Orange County,28.471919,-81.497702,single_family,4.0,2.0,1928.0,7900.0,1987.0,Inactive,399999,2021-07-11T15:58:39.817Z,392,12.89921982609012
"6782-Sorrento-St,-Orlando,-FL-32819","6782 Sorrento St, Orlando, FL 32819",6782 Sorrento St,,Orlando,FL,32819,Orange County,28.45792,-81.476215,condo,3.0,2.0,2350.0,7900.0,1987.0,Inactive,399000,2021-06-16T16:05:28.459Z,417,12.896719202134523
"4701-High-Oak-Ct,-Orlando,-FL-32819","4701 High Oak Ct, Orlando, FL 32819",4701 High Oak Ct,,Orlando,FL,32819,Orange County,28.493386,-81.471591,single_family,4.0,2.0,2125.0,7900.0,1987.0,Inactive,380000,2021-06-16T15:48:02.965Z,417,12.847929163278053
"7550-Hinson-St,-Apt-11B,-Orlando,-FL-32819","7550 Hinson St, Apt 11B, Orlando, FL 32819",7550 Hinson St,Apt 11B,Orlando,FL,32819,Orange County,28.45338,-81.48465,condo,3.0,3.0,2610.0,7900.0,1987.0,Inactive,378900,2021-04-18T14:30:20.343Z,476,12.845030236222001
"7301-Wethersfield-Dr,-Orlando,-FL-32819","7301 Wethersfield Dr, Orlando, FL 32819",7301 Wethersfield Dr,,Orlando,FL,32819,Orange County,28.458522,-81.497677,single_family,4.0,2.0,2163.0,7900.0,1987.0,Inactive,365000,2020-09-22T00:55:42.198Z,684,12.807655372286902
"7290-Della-Dr,-Orlando,-FL-32819","7290 Della Dr, Orlando, FL 32819",7290 Della Dr,,Orlando,FL,32819,Orange County,28.456631,-81.490272,condo,3.0,2.0,1827.0,7900.0,1987.0,Inactive,349950,2021-06-27T15:54:31.898Z,406,12.765548423664681
"8129-Breeze-Cove-Ln,-Orlando,-FL-32819","8129 Breeze Cove Ln, Orlando, FL 32819",8129 Breeze Cove Ln,,Orlando,FL,32819,Orange County,28.454686,-81.494841,condo,3.0,2.0,1850.0,7900.0,1987.0,Inactive,349900,2021-06-16T15:45:25.976Z,417,12.765405536311112
"7638-Spring-Bay-Cv,-Unit-2,-Orlando,-FL-32819","7638 Spring Bay Cv, Unit 2, Orlando, FL 32819",7638 Spring Bay Cv,Unit 2,Orlando,FL,32819,Orange County,28.458716,-81.485687,condo,2.0,2.0,1650.0,7900.0,1987.0,Inactive,335000,2021-06-16T15:36:50.285Z,417,12.721888795877375
"7513-Bay-Port-Rd,-Orlando,-FL-32819","7513 Bay Port Rd, Orlando, FL 32819",7513 Bay Port Rd,,Orlando,FL,32819,Orange County,28.460569,-81.485344,condo,3.0,2.0,1808.0,7900.0,1987.0,Inactive,320000,2021-05-12T15:24:28.835Z,452,12.676079399771027
"5027-Tideview-Cir,-Unit-41,-Orlando,-FL-32819","5027 Tideview Cir, Unit 41, Orlando, FL 32819",5027 Tideview Cir,Unit 41,Orlando,FL,32819,Orange County,28.430889,-81.450779,condo,3.0,2.0,1746.0,7900.0,1987.0,Inactive,315000,2021-06-29T14:46:04.950Z,404,12.660331092405906
"4114-Breakview-Dr,-Unit-10402,-Orlando,-FL-32819","4114 Breakview Dr, Unit 10402, Orlando, FL 32819",4114 Breakview Dr,Unit 10402,Orlando,FL,32819,Orange County,28.425512,-81.445647,condo,3.0,2.0,1391.0,7900.0,1987.0,Inactive,310000,2021-06-16T15:22:36.218Z,417,12.644330802262578
"4814-Cayview-Ave,-Unit-20413,-Orlando,-FL-32819","4814 Cayview Ave, Unit 20413, Orlando, FL 32819",4814 Cayview Ave,Unit 20413,Orlando,FL,32819,Orange County,28.428533,-81.446342,condo,3.0,2.0,1447.0,7900.0,1987.0,Inactive,260000,2021-07-01T12:53:36.067Z,402,12.468440756144114
"7731-Sugar-Bend-Dr,-Orlando,-FL-32819","7731 Sugar Bend Dr, Orlando, FL 32819",7731 Sugar Bend Dr,,Orlando,FL,32819,Orange County,28.455914,-81.4944,condo,2.0,2.0,1075.0,7900.0,1987.0,Inactive,240000,2021-06-16T14:12:45.982Z,417,12.388398368982115
"7612-Pomelo-Dr,-Orlando,-FL-32819","7612 Pomelo Dr, Orlando, FL 32819",7612 Pomelo Dr,,Orlando,FL,32819,Orange County,28.454243,-81.442324,single_family,3.0,2.0,1350.0,7900.0,1987.0,Inactive,224900,2021-06-16T14:12:38.693Z,417,12.323415584358154
"7524-Seurat-St,-Unit-12308,-Orlando,-FL-32819","7524 Seurat St, Unit 12308, Orlando, FL 32819",7524 Seurat St,Unit 12308,Orlando,FL,32819,Orange County,28.435461,-81.479187,condo,4.0,2.0,1323.0,7900.0,1987.0,Inactive,209000,2021-05-12T11:57:59.744Z,452,12.250094315624496
"7601-Arezzo-Ave,-Orlando,-FL-32819","7601 Arezzo Ave, Orlando, FL 32819",7601 Arezzo Ave,,Orlando,FL,32819,Orange County,28.454775,-81.448436,single_family,3.0,2.0,1048.0,7900.0,1987.0,Inactive,190000,2021-05-12T11:31:35.002Z,452,12.154784614286667
"6165-Carrier-Dr,-Unit-2805,-Orlando,-FL-32819","6165 Carrier Dr, Unit 2805, Orlando, FL 32819",6165 Carrier Dr,Unit 2805,Orlando,FL,32819,Orange County,28.456566,-81.467035,condo,2.0,2.0,585.0,7900.0,1987.0,Inactive,169900,2020-09-21T20:55:18.722Z,684,12.042971193457888
"5858-Peregrine-Ave,-Orlando,-FL-32819","5858 Peregrine Ave, Orlando, FL 32819",5858 Peregrine Ave,,Orlando,FL,32819,Orange County,28.486908,-81.461203,condo,3.0,2.0,1146.0,7900.0,1987.0,Inactive,164900,2020-09-26T18:39:55.654Z,680,12.013100572810686
"5765-Peregrine-Ave,-Unit-D06,-Orlando,-FL-32819","5765 Peregrine Ave, Unit D06, Orlando, FL 32819",5765 Peregrine Ave,Unit D06,Orlando,FL,32819,Orange County,28.487263,-81.460309,condo,2.0,2.0,1000.0,7900.0,1987.0,Inactive,160000,2021-07-11T10:49:28.854Z,392,11.982935344196433
"6165-Carrier-Dr,-Unit-1601,-Orlando,-FL-32819","6165 Carrier Dr, Unit 1601, Orlando, FL 32819",6165 Carrier Dr,Unit 1601,Orlando,FL,32819,Orange County,28.456858,-81.467791,condo,2.0,2.0,578.0,7900.0,1987.0,Inactive,153000,2020-09-15T20:14:56.110Z,691,11.938199736300925
"7395-Universal-Blvd,-Unit-204,-Orlando,-FL-32819","7395 Universal Blvd, Unit 204, Orlando, FL 32819",7395 Universal Blvd,Unit 204,Orlando,FL,32819,Orange County,28.456616,-81.462615,condo,1.0,1.0,671.0,7900.0,1987.0,Inactive,135000,2020-09-21T21:20:38.125Z,684,11.813037464800539
"6165-Carrier-Dr,-Unit-1106,-Orlando,-FL-32819","6165 Carrier Dr, Unit 1106, Orlando, FL 32819",6165 Carrier Dr,Unit 1106,Orlando,FL,32819,Orange County,28.456858,-81.467791,condo,2.0,2.0,583.0,7900.0,1987.0,Inactive,110000,2020-10-21T11:44:51.471Z,655,11.608244735642321
"5771-Peregrine-Ave,-Unit-A01,-Orlando,-FL-32819","5771 Peregrine Ave, Unit A01, Orlando, FL 32819",5771 Peregrine Ave,Unit A01,Orlando,FL,32819,Orange County,28.487803,-81.460901,condo,1.0,1.0,591.0,7900.0,1987.0,Inactive,109900,2021-07-03T11:34:31.923Z,400,11.60733523953139
"6165-Carrier-Dr,-Unit-1309,-Orlando,-FL-32819","6165 Carrier Dr, Unit 1309, Orlando, FL 32819",6165 Carrier Dr,Unit 1309,Orlando,FL,32819,Orange County,28.456858,-81.467791,condo,1.0,1.0,408.0,7900.0,1987.0,Inactive,102000,2020-09-15T19:16:09.131Z,691,11.532737896139919
"9000-Easterling-Dr,-Orlando,-FL-32819","9000 Easterling Dr, Orlando, FL 32819",9000 Easterling Dr,,Orlando,FL,32819,Orange County,28.451091,-81.51563,single_family,6.0,4.0,6289.0,7900.0,1987.0,Inactive,1999000,2021-04-18T15:21:25.898Z,476,14.508158113732536
"9027-Classic-Ct,-Orlando,-FL-32819","9027 Classic Ct, Orlando, FL 32819",9027 Classic Ct,,Orlando,FL,32819,Orange County,28.470709,-81.511917,single_family,5.0,4.0,3292.0,7900.0,1987.0,Inactive,1100000,2021-04-18T15:19:25.634Z,476,13.910821646859095
"5144-Keeneland-Cir,-Orlando,-FL-32819","5144 Keeneland Cir, Orlando, FL 32819",5144 Keeneland Cir,,Orlando,FL,32819,Orange County,28.49122,-81.50295,single_family,5.0,5.0,4183.0,7900.0,1987.0,Inactive,875000,2021-06-16T16:33:00.201Z,417,13.681980308196241
"8414-Glen-View-Ct,-Orlando,-FL-32819","8414 Glen View Ct, Orlando, FL 32819",8414 Glen View Ct,,Orlando,FL,32819,Orange County,28.455292,-81.501995,single_family,4.0,3.0,3215.0,7900.0,1987.0,Inactive,825000,2021-06-16T16:32:05.738Z,417,13.623139877437296
"5962-Masters-Blvd,-Orlando,-FL-32819","5962 Masters Blvd, Orlando, FL 32819",5962 Masters Blvd,,Orlando,FL,32819,Orange County,28.466693,-81.513769,single_family,5.0,4.0,3890.0,7900.0,1987.0,Inactive,795000,2021-06-16T16:32:05.746Z,417,13.586098651497313
"4854-Keeneland-Cir,-Orlando,-FL-32819","4854 Keeneland Cir, Orlando, FL 32819",4854 Keeneland Cir,,Orlando,FL,32819,Orange County,28.489769,-81.501078,single_family,4.0,4.0,3326.0,7900.0,1987.0,Inactive,739900,2021-06-16T16:30:33.042Z,417,13.51427167244672
"7343-Somerset-Shores-Ct,-Orlando,-FL-32819","7343 Somerset Shores Ct, Orlando, FL 32819",7343 Somerset Shores Ct,,Orlando,FL,32819,Orange County,28.455273,-81.487349,condo,3.0,2.0,2413.0,7900.0,1987.0,Inactive,575000,2021-04-20T15:20:34.005Z,474,13.26212705890841
"5435-Split-Pine-Ct,-Orlando,-FL-32819","5435 Split Pine Ct, Orlando, FL 32819",5435 Split Pine Ct,,Orlando,FL,32819,Orange County,28.485283,-81.491294,single_family,5.0,2.0,3123.0,7900.0,1987.0,Inactive,515000,2021-06-16T16:19:18.211Z,417,13.151924121391561
"5026-Hidden-Springs-Blvd,-Orlando,-FL-32819","5026 Hidden Springs Blvd, Orlando, FL 32819",5026 Hidden Springs Blvd,,Orlando,FL,32819,Orange County,28.4911,-81.486409,single_family,3.0,2.0,2032.0,7900.0,1987.0,Inactive,439900,2021-06-16T16:15:35.790Z,417,12.994304980578146
"7550-Hinson-St,-Apt-4C,-Orlando,-FL-32819","7550 Hinson St, Apt 4C, Orlando, FL 32819",7550 Hinson St,Apt 4C,Orlando,FL,32819,Orange County,28.451628,-81.484633,condo,3.0,3.0,2650.0,7900.0,1987.0,Inactive,439000,2020-11-07T16:34:40.886Z,638,12.992256969959042
"6758-Sorrento-St,-Orlando,-FL-32819","6758 Sorrento St, Orlando, FL 32819",6758 Sorrento St,,Orlando,FL,32819,Orange County,28.45792,-81.475934,condo,3.0,3.0,2489.0,7900.0,1987.0,Inactive,429900,2021-06-26T16:28:03.122Z,407,12.971310228604022
"5338-Bay-Lagoon-Cir,-Orlando,-FL-32819","5338 Bay Lagoon Cir, Orlando, FL 32819",5338 Bay Lagoon Cir,,Orlando,FL,32819,Orange County,28.486596,-81.484236,single_family,3.0,2.0,1906.0,7900.0,1987.0,Inactive,419900,2021-06-16T16:05:35.775Z,417,12.947774248188859
"7300-Cypress-Grove-Rd,-Unit-61,-Orlando,-FL-32819","7300 Cypress Grove Rd, Unit 61, Orlando, FL 32819",7300 Cypress Grove Rd,Unit 61,Orlando,FL,32819,Orange County,28.460539,-81.483647,condo,3.0,2.0,2333.0,7900.0,1987.0,Inactive,396400,2021-05-12T16:16:32.884Z,452,12.890181604139126
"5037-Shoreway-Loop,-Unit-10402,-Orlando,-FL-32819","5037 Shoreway Loop, Unit 10402, Orlando, FL 32819",5037 Shoreway Loop,Unit 10402,Orlando,FL,32819,Orange County,28.429385,-81.451253,condo,3.0,2.0,2097.0,7900.0,1987.0,Inactive,368000,2021-02-11T14:27:15.529Z,542,12.81584093453868
"5012-Shoreway-Loop,-Unit-10107,-Orlando,-FL-32819","5012 Shoreway Loop, Unit 10107, Orlando, FL 32819",5012 Shoreway Loop,Unit 10107,Orlando,FL,32819,Orange County,28.428752,-81.449414,condo,2.0,2.0,1823.0,7900.0,1987.0,Inactive,329900,2021-06-19T14:43:12.797Z,414,12.706547888433661
"4802-Cayview-Ave,-Unit-405,-Orlando,-FL-32819","4802 Cayview Ave, Unit 405, Orlando, FL 32819",4802 Cayview Ave,Unit 405,Orlando,FL,32819,Orange County,28.428346,-81.445505,condo,3.0,2.0,1412.0,7900.0,1987.0,Inactive,279000,2021-05-12T14:59:20.110Z,452,12.53897064502647
"5000-Cayview-St,-Unit-202,-Orlando,-FL-32819","5000 Cayview St, Unit 202, Orlando, FL 32819",5000 Cayview St,Unit 202,Orlando,FL,32819,Orange County,28.429385,-81.448891,condo,2.0,2.0,1112.0,7900.0,1987.0,Inactive,264900,2020-09-21T22:39:06.646Z,685,12.487111450262473
"7511-Seurat-St,-Unit-10207,-Orlando,-FL-32819","7511 Seurat St, Unit 10207, Orlando, FL 32819",7511 Seurat St,Unit 10207,Orlando,FL,32819,Orange County,28.435572,-81.477462,condo,2.0,2.0,1003.0,7900.0,1987.0,Inactive,165000,2021-06-19T12:20:46.460Z,414,12.013706813470414
"5830-Windhover-Dr,-Unit-830,-Orlando,-FL-32819","5830 Windhover Dr, Unit 830, Orlando, FL 32819",5830 Windhover Dr,Unit 830,Orlando,FL,32819,Orange County,28.484954,-81.461092,condo,2.0,2.0,1258.0,7900.0,1987.0,Inactive,156000,2021-05-12T10:58:46.513Z,452,11.957617696467539
"10330-Turkey-Lake-Rd,-Unit-Ge,-Orlando,-FL-32819","10330 Turkey Lake Rd, Unit Ge, Orlando, FL 32819",10330 Turkey Lake Rd,Unit Ge,Orlando,FL,32819,Orange County,28.41773,-81.476875,condo,1.0,1.0,745.0,7900.0,1987.0,Inactive,150000,2021-03-04T13:29:53.011Z,521,11.918397239722838
"7057-Phillips-Cove-Ct,-Unit-17,-Orlando,-FL-32819","7057 Phillips Cove Ct, Unit 17, Orlando, FL 32819",7057 Phillips Cove Ct,Unit 17,Orlando,FL,32819,Orange County,28.458359,-81.487175,single_family,5.0,5.0,4372.0,7900.0,1987.0,Inactive,939900,2021-06-16T16:33:00.206Z,417,13.7535298295508
"8504-Bridel-Ct,-Orlando,-FL-32819","8504 Bridel Ct, Orlando, FL 32819",8504 Bridel Ct,,Orlando,FL,32819,Orange County,28.453866,-81.503571,single_family,3.0,3.0,3102.0,7900.0,1987.0,Inactive,694000,2021-06-16T16:28:51.943Z,417,13.450228680410094
"5626-Craindale-Dr,-Orlando,-FL-32819","5626 Craindale Dr, Orlando, FL 32819",5626 Craindale Dr,,Orlando,FL,32819,Orange County,28.48266,-81.494247,single_family,4.0,3.0,2717.0,7900.0,1987.0,Inactive,535000,2020-10-19T17:27:17.953Z,657,13.190023895035274
"5000-Cayview-Ave,-Unit-306,-Orlando,-FL-32819","5000 Cayview Ave, Unit 306, Orlando, FL 32819",5000 Cayview Ave,Unit 306,Orlando,FL,32819,Orange County,28.42937,-81.449183,condo,3.0,2.0,1247.0,7900.0,1987.0,Inactive,279000,2020-09-21T22:57:25.899Z,685,12.53897064502647
"4024-Breakview-Dr,-Unit-402,-Orlando,-FL-32819","4024 Breakview Dr, Unit 402, Orlando, FL 32819",4024 Breakview Dr,Unit 402,Orlando,FL,32819,Orange County,28.424492,-81.445106,condo,2.0,2.0,1112.0,7900.0,1987.0,Inactive,240000,2021-05-12T12:55:39.066Z,453,12.388398368982115
"7524-Seurat-St,-Unit-12105,-Orlando,-FL-32819","7524 Seurat St, Unit 12105, Orlando, FL 32819",7524 Seurat St,Unit 12105,Orlando,FL,32819,Orange County,28.435618,-81.47927,condo,3.0,2.0,1193.0,7900.0,1987.0,Inactive,214900,2020-11-13T13:24:48.783Z,633,12.277932735946903
"7601-Canada-Ave,-Unit-121,-Orlando,-FL-32819","7601 Canada Ave, Unit 121, Orlando, FL 32819",7601 Canada Ave,Unit 121,Orlando,FL,32819,Orange County,28.452108,-81.467375,condo,1.0,1.0,542.0,7900.0,1987.0,Inactive,89000,2020-09-15T16:30:11.063Z,691,11.39640288460621
"6150-Peregrine-Ave,-Unit-C01,-Orlando,-FL-32819","6150 Peregrine Ave, Unit C01, Orlando, FL 32819",6150 Peregrine Ave,Unit C01,Orlando,FL,32819,Orange County,28.485348,-81.464743,condo,2.0,2.0,1139.0,7900.0,1987.0,Inactive,154900,2021-03-02T11:28:33.987Z,524,11.950541482162043
"6120-Orange-Hill-Ct,-Orlando,-FL-32819","6120 Orange Hill Ct, Orlando, FL 32819",6120 Orange Hill Ct,,Orlando,FL,32819,Orange County,28.459602,-81.501227,single_family,4.0,3.0,3551.0,7900.0,1987.0,Inactive,789900,2021-05-12T16:36:38.341Z,452,13.579662900134744
"8997-Levalley-Ct,-Orlando,-FL-32819","8997 Levalley Ct, Orlando, FL 32819",8997 Levalley Ct,,Orlando,FL,32819,Orange County,28.464145,-81.508014,single_family,3.0,4.0,2706.0,7900.0,1987.0,Inactive,635000,2021-06-16T16:25:50.696Z,417,13.361381852676738
"7511-Somerset-Shores-Ct,-Orlando,-FL-32819","7511 Somerset Shores Ct, Orlando, FL 32819",7511 Somerset Shores Ct,,Orlando,FL,32819,Orange County,28.453343,-81.486923,condo,2.0,2.0,2200.0,7900.0,1987.0,Inactive,565000,2021-06-16T16:21:39.234Z,417,13.244582780038517
"4024-Breakview-Dr,-Unit-40104,-Orlando,-FL-32819","4024 Breakview Dr, Unit 40104, Orlando, FL 32819",4024 Breakview Dr,Unit 40104,Orlando,FL,32819,Orange County,28.424566,-81.444891,condo,3.0,2.0,1247.0,7900.0,1987.0,Inactive,289000,2021-06-16T15:22:00.288Z,417,12.574185427296195
"7601-Canada-Ave,-Unit-611,-Orlando,-FL-32819","7601 Canada Ave, Unit 611, Orlando, FL 32819",7601 Canada Ave,Unit 611,Orlando,FL,32819,Orange County,28.452108,-81.467375,condo,1.0,1.0,542.0,7900.0,1987.0,Inactive,75000,2021-01-15T09:04:47.106Z,570,11.225256725762893
"4972-Keeneland-Cir,-Orlando,-FL-32819","4972 Keeneland Cir, Orlando, FL 32819",4972 Keeneland Cir,,Orlando,FL,32819,Orange County,28.487419,-81.502697,single_family,5.0,4.0,3591.0,7900.0,1987.0,Inactive,765000,2021-02-11T15:10:46.807Z,543,13.547632419997361
"5224-Fieldview-Ct,-Orlando,-FL-32819","5224 Fieldview Ct, Orlando, FL 32819",5224 Fieldview Ct,,Orlando,FL,32819,Orange County,28.481298,-81.507933,single_family,4.0,3.0,3676.0,7900.0,1987.0,Inactive,740000,2020-09-22T02:09:44.563Z,685,13.51440681653079
"4012-Breakview-Dr,-Unit-B308,-Orlando,-FL-32819","4012 Breakview Dr, Unit B308, Orlando, FL 32819",4012 Breakview Dr,Unit B308,Orlando,FL,32819,Orange County,28.425689,-81.443429,condo,3.0,2.0,1035.0,7900.0,1987.0,Inactive,329000,2021-06-16T15:36:50.267Z,417,12.703816069256568
"8012-Cool-Breeze-Dr,-Unit-102,-Orlando,-FL-32819","8012 Cool Breeze Dr, Unit 102, Orlando, FL 32819",8012 Cool Breeze Dr,Unit 102,Orlando,FL,32819,Orange County,28.430251,-81.451502,condo,3.0,2.0,1771.0,7900.0,1987.0,Inactive,275000,2021-06-19T14:22:08.111Z,415,12.524530013005734
"5962-Peregrine-Ave,-Unit-E03,-Orlando,-FL-32819","5962 Peregrine Ave, Unit E03, Orlando, FL 32819",5962 Peregrine Ave,Unit E03,Orlando,FL,32819,Orange County,28.486862,-81.462675,condo,3.0,2.0,1146.0,7900.0,1987.0,Inactive,165900,2021-06-19T12:20:46.466Z,415,12.019146503887916
"5795-Peregrine-Ave,-Unit-B13,-Orlando,-FL-32819","5795 Peregrine Ave, Unit B13, Orlando, FL 32819",5795 Peregrine Ave,Unit B13,Orlando,FL,32819,Orange County,28.487803,-81.460901,condo,1.0,1.0,918.0,7900.0,1987.0,Inactive,125900,2021-05-12T09:35:21.056Z,453,11.74325116281265
"6165-Carrier-Dr,-Unit-3102,-Orlando,-FL-32819","6165 Carrier Dr, Unit 3102, Orlando, FL 32819",6165 Carrier Dr,Unit 3102,Orlando,FL,32819,Orange County,28.456927,-81.468843,condo,2.0,2.0,578.0,7900.0,1987.0,Inactive,118000,2020-11-03T11:29:11.341Z,643,11.678448377988165
"7601-Canada-Ave,-Unit-418,-Orlando,-FL-32819","7601 Canada Ave, Unit 418, Orlando, FL 32819",7601 Canada Ave,Unit 418,Orlando,FL,32819,Orange County,28.452108,-81.467375,condo,1.0,1.0,542.0,7900.0,1987.0,Inactive,79000,2021-01-15T09:04:47.111Z,570,11.277215789596893
"7601-Canada-Ave,-Unit-618,-Orlando,-FL-32819","7601 Canada Ave, Unit 618, Orlando, FL 32819",7601 Canada Ave,Unit 618,Orlando,FL,32819,Orange County,28.452108,-81.467375,condo,1.0,1.0,542.0,7900.0,1987.0,Inactive,79500,2021-01-15T09:04:47.111Z,570,11.283524879179666
"6212-Masters-Blvd,-Unit-301,-Orlando,-FL-32819","6212 Masters Blvd, Unit 301, Orlando, FL 32819",6212 Masters Blvd,Unit 301,Orlando,FL,32819,Orange County,28.458671,-81.513612,condo,3.0,2.0,1900.0,7900.0,1987.0,Inactive,899000,2021-06-16T16:33:00.202Z,417,13.70903942580019
"7675-Toscana-Blvd,-Orlando,-FL-32819","7675 Toscana Blvd, Orlando, FL 32819",7675 Toscana Blvd,,Orlando,FL,32819,Orange County,28.454611,-81.478618,single_family,4.0,3.0,3440.0,7900.0,1987.0,Inactive,879700,2021-05-12T16:42:31.847Z,452,13.687337355991286
"8644-Sandberry-Blvd,-Orlando,-FL-32819","8644 Sandberry Blvd, Orlando, FL 32819",8644 Sandberry Blvd,,Orlando,FL,32819,Orange County,28.47313,-81.505043,single_family,3.0,2.0,1620.0,7900.0,1987.0,Inactive,425000,2021-06-16T16:13:26.436Z,417,12.959846800844963
"6625-Edgeworth-Dr,-Orlando,-FL-32819","6625 Edgeworth Dr, Orlando, FL 32819",6625 Edgeworth Dr,,Orlando,FL,32819,Orange County,28.466745,-81.481446,single_family,3.0,3.0,1796.0,7900.0,1987.0,Inactive,410000,2021-06-16T16:05:35.756Z,417,12.923914877701906
"7139-Foxworth-Ct,-Unit-71,-Orlando,-FL-32819","7139 Foxworth Ct, Unit 71, Orlando, FL 32819",7139 Foxworth Ct,Unit 71,Orlando,FL,32819,Orange County,28.457953,-81.498797,condo,2.0,2.0,1772.0,7900.0,1987.0,Inactive,409000,2021-04-18T14:45:35.289Z,477,12.921472880009725
"5033-Keeneland-Cir,-Orlando,-FL-32819","5033 Keeneland Cir, Orlando, FL 32819",5033 Keeneland Cir,,Orlando,FL,32819,Orange County,28.489252,-81.504119,single_family,5.0,4.0,4378.0,7900.0,1987.0,Inactive,840000,2021-06-16T16:32:05.737Z,417,13.641158361294979
"7307-Grace-Rd,-Orlando,-FL-32819","7307 Grace Rd, Orlando, FL 32819",7307 Grace Rd,,Orlando,FL,32819,Orange County,28.481855,-81.481811,single_family,3.0,2.0,1747.0,7900.0,1987.0,Inactive,389000,2021-06-16T16:02:30.204Z,417,12.871337193291367
"6019-Jamestown-Park,-Orlando,-FL-32819","6019 Jamestown Park, Orlando, FL 32819",6019 Jamestown Park,,Orlando,FL,32819,Orange County,28.46394,-81.502065,single_family,3.0,2.0,2475.0,7900.0,1987.0,Inactive,580000,2021-05-12T16:27:45.385Z,452,13.270785106659046
"4126-Breakview-Dr,-Unit-10701,-Orlando,-FL-32819","4126 Breakview Dr, Unit 10701, Orlando, FL 32819",4126 Breakview Dr,Unit 10701,Orlando,FL,32819,Orange County,28.426065,-81.446444,condo,2.0,2.0,1112.0,7900.0,1987.0,Inactive,265000,2020-11-12T16:44:22.328Z,633,12.487488878546145
"8939-Latrec-Ave,-Unit-1309,-Orlando,-FL-32819","8939 Latrec Ave, Unit 1309, Orlando, FL 32819",8939 Latrec Ave,Unit 1309,Orlando,FL,32819,Orange County,28.435707,-81.476316,condo,1.0,1.0,558.0,7900.0,1987.0,Inactive,129000,2021-05-12T09:35:21.042Z,453,11.767575435251748
"6530-Hidden-Beach-Cir,-Orlando,-FL-32819","6530 Hidden Beach Cir, Orlando, FL 32819",6530 Hidden Beach Cir,,Orlando,FL,32819,Orange County,28.489442,-81.468419,single_family,4.0,3.0,2243.0,7900.0,1987.0,Inactive,436900,2021-06-16T16:15:35.790Z,417,12.987461903790193
"4846-Tidecrest-Ave,-Unit-193,-Orlando,-FL-32819","4846 Tidecrest Ave, Unit 193, Orlando, FL 32819",4846 Tidecrest Ave,Unit 193,Orlando,FL,32819,Orange County,28.429267,-81.446302,condo,3.0,2.0,1746.0,7900.0,1987.0,Inactive,295000,2020-09-21T23:34:25.323Z,685,12.59473402514672
"8213-Banyan-Blvd,-Orlando,-FL-32819","8213 Banyan Blvd, Orlando, FL 32819",8213 Banyan Blvd,,Orlando,FL,32819,Orange County,28.467928,-81.495177,single_family,3.0,2.0,1695.0,7900.0,1987.0,Inactive,350000,2021-06-16T15:45:25.976Z,418,12.765691290604371
"7800-Sugar-Brook-Ct,-Orlando,-FL-32819","7800 Sugar Brook Ct, Orlando, FL 32819",7800 Sugar Brook Ct,,Orlando,FL,32819,Orange County,28.45775,-81.491965,condo,3.0,2.0,1169.0,7900.0,1987.0,Inactive,249000,2020-09-21T21:29:02.063Z,685,12.425212191503038
"5422-Sago-Palm-Ct,-Orlando,-FL-32819","5422 Sago Palm Ct, Orlando, FL 32819",5422 Sago Palm Ct,,Orlando,FL,32819,Orange County,28.485504,-81.488354,single_family,4.0,3.0,3549.0,7900.0,1987.0,Inactive,699900,2021-06-16T16:28:51.952Z,417,13.45869417545215
"7422-Cypress-Grove-Rd,-Unit-133,-Orlando,-FL-32819","7422 Cypress Grove Rd, Unit 133, Orlando, FL 32819",7422 Cypress Grove Rd,Unit 133,Orlando,FL,32819,Orange County,28.4586,-81.482953,condo,3.0,2.0,2214.0,7900.0,1987.0,Inactive,459000,2021-05-12T16:23:06.919Z,453,13.036807667689546
"4804-Cayview-Ave,-Unit-10112,-Orlando,-FL-32819","4804 Cayview Ave, Unit 10112, Orlando, FL 32819",4804 Cayview Ave,Unit 10112,Orlando,FL,32819,Orange County,28.427726,-81.446116,condo,2.0,2.0,1823.0,7900.0,1987.0,Inactive,339800,2021-02-11T14:21:06.279Z,543,12.736115431123231
"6428-Edge-O-Grove-Cir,-Orlando,-FL-32819","6428 Edge O Grove Cir, Orlando, FL 32819",6428 Edge O Grove Cir,,Orlando,FL,32819,Orange County,28.46965,-81.499625,single_family,3.0,2.0,2190.0,7900.0,1987.0,Inactive,435000,2021-06-16T16:15:35.789Z,418,12.983103608918753
"7615-Bay-Port-Rd,-Unit-36,-Orlando,-FL-32819","7615 Bay Port Rd, Unit 36, Orlando, FL 32819",7615 Bay Port Rd,Unit 36,Orlando,FL,32819,Orange County,28.459256,-81.485667,condo,3.0,2.0,1520.0,7900.0,1987.0,Inactive,369900,2020-09-22T02:02:19.919Z,685,12.820990681250251
"8005-Oakland-Pl,-Orlando,-FL-32819","8005 Oakland Pl, Orlando, FL 32819",8005 Oakland Pl,,Orlando,FL,32819,Orange County,28.487879,-81.492124,single_family,6.0,6.0,5700.0,7900.0,1987.0,Inactive,1320000,2021-05-12T16:46:05.564Z,453,14.093143052138025
"8519-Rustic-Gate-Ct,-Orlando,-FL-32819","8519 Rustic Gate Ct, Orlando, FL 32819",8519 Rustic Gate Ct,,Orlando,FL,32819,Orange County,28.456418,-81.503831,single_family,4.0,3.0,3357.0,7900.0,1987.0,Inactive,724999,2020-09-22T02:09:44.564Z,685,13.493926933836812
"5518-Cedar-Pine-Dr,-Orlando,-FL-32819","5518 Cedar Pine Dr, Orlando, FL 32819",5518 Cedar Pine Dr,,Orlando,FL,32819,Orange County,28.483591,-81.48974,single_family,4.0,3.0,2264.0,7900.0,1987.0,Inactive,435000,2021-04-18T14:51:53.141Z,477,12.983103608918753
"5001-Hidden-Springs-Blvd,-Orlando,-FL-32819","5001 Hidden Springs Blvd, Orlando, FL 32819",5001 Hidden Springs Blvd,,Orlando,FL,32819,Orange County,28.491689,-81.485803,single_family,3.0,2.0,2222.0,7900.0,1987.0,Inactive,430000,2021-04-18T14:46:57.112Z,477,12.971542813248437
"4024-Breakview-Dr,-Unit-110,-Orlando,-FL-32819","4024 Breakview Dr, Unit 110, Orlando, FL 32819",4024 Breakview Dr,Unit 110,Orlando,FL,32819,Orange County,28.424492,-81.445106,condo,3.0,2.0,1412.0,7900.0,1987.0,Inactive,260000,2021-03-05T13:26:55.625Z,521,12.468440756144114
"4102-Breakview-Dr,-Unit-30403,-Orlando,-FL-32819","4102 Breakview Dr, Unit 30403, Orlando, FL 32819",4102 Breakview Dr,Unit 30403,Orlando,FL,32819,Orange County,28.42494,-81.445249,condo,3.0,2.0,1447.0,7900.0,1987.0,Inactive,259000,2020-09-21T23:28:00.164Z,685,12.464587201678082
"5028-Anzio-St,-Orlando,-FL-32819","5028 Anzio St, Orlando, FL 32819",5028 Anzio St,,Orlando,FL,32819,Orange County,28.45547,-81.44769,single_family,3.0,2.0,1160.0,7900.0,1987.0,Inactive,199000,2021-05-12T11:31:35.019Z,453,12.201065128819632
"5097-Eaglesmere-Dr,-Unit-33,-Orlando,-FL-32819","5097 Eaglesmere Dr, Unit 33, Orlando, FL 32819",5097 Eaglesmere Dr,Unit 33,Orlando,FL,32819,Orange County,28.488371,-81.461768,condo,2.0,2.0,1139.0,7900.0,1987.0,Inactive,154900,2021-04-18T11:25:42.353Z,477,11.950541482162043
"7702-Arezzo-Ave,-Orlando,-FL-32819","7702 Arezzo Ave, Orlando, FL 32819",7702 Arezzo Ave,,Orlando,FL,32819,Orange County,28.453767,-81.44893,single_family,3.0,1.0,1747.0,7900.0,1987.0,Inactive,210000,2021-03-04T14:40:52.410Z,522,12.25486757159303
"5112-Vanguard-St,-Orlando,-FL-32819","5112 Vanguard St, Orlando, FL 32819",5112 Vanguard St,,Orlando,FL,32819,Orange County,28.460924,-81.448814,single_family,3.0,2.0,1260.0,7900.0,1987.0,Inactive,198000,2021-05-12T11:31:35.010Z,453,12.19602736016897
"5053-Ernst-Ct,-Orlando,-FL-32819","5053 Ernst Ct, Orlando, FL 32819",5053 Ernst Ct,,Orlando,FL,32819,Orange County,28.48945,-81.463051,condo,2.0,2.0,1230.0,7900.0,1987.0,Inactive,198900,2021-05-12T11:31:35.019Z,453,12.200562492481511
"4809-Steyr-St,-Orlando,-FL-32819","4809 Steyr St, Orlando, FL 32819",4809 Steyr St,,Orlando,FL,32819,Orange County,28.452286,-81.442954,single_family,3.0,1.0,840.0,7900.0,1987.0,Inactive,189995,2021-02-11T12:38:02.131Z,543,12.154758298289435
"7524-Seurat-St,-Unit-12203,-Orlando,-FL-32819","7524 Seurat St, Unit 12203, Orlando, FL 32819",7524 Seurat St,Unit 12203,Orlando,FL,32819,Orange County,28.435764,-81.479269,condo,3.0,2.0,1193.0,7900.0,1987.0,Inactive,188400,2021-03-03T15:27:30.123Z,523,12.14632794896594
"5822-Windhover-Dr,-Unit-5822,-Orlando,-FL-32819","5822 Windhover Dr, Unit 5822, Orlando, FL 32819",5822 Windhover Dr,Unit 5822,Orlando,FL,32819,Orange County,28.484963,-81.461091,condo,2.0,2.0,1193.0,7900.0,1987.0,Inactive,169900,2021-02-11T12:08:13.426Z,543,12.042971193457888
"6158-Peregrine-Ave,-Unit-6158,-Orlando,-FL-32819","6158 Peregrine Ave, Unit 6158, Orlando, FL 32819",6158 Peregrine Ave,Unit 6158,Orlando,FL,32819,Orange County,28.484915,-81.464462,condo,2.0,2.0,999.0,7900.0,1987.0,Inactive,164900,2021-04-18T11:28:19.780Z,477,12.013100572810686
"6012-Peregrine-Ave,-Unit-C07,-Orlando,-FL-32819","6012 Peregrine Ave, Unit C07, Orlando, FL 32819",6012 Peregrine Ave,Unit C07,Orlando,FL,32819,Orange County,28.486854,-81.463276,condo,2.0,2.0,1139.0,7900.0,1987.0,Inactive,154900,2021-05-12T10:52:04.794Z,453,11.950541482162043
"7395-Universal-Blvd,-Unit-1204,-Orlando,-FL-32819","7395 Universal Blvd, Unit 1204, Orlando, FL 32819",7395 Universal Blvd,Unit 1204,Orlando,FL,32819,Orange County,28.456616,-81.462615,condo,1.0,1.0,671.0,7900.0,1987.0,Inactive,149900,2020-09-15T21:10:02.818Z,691,11.917730355182513
"10274-Turkey-Lake-Rd,-Unit-B,-Orlando,-FL-32819","10274 Turkey Lake Rd, Unit B, Orlando, FL 32819",10274 Turkey Lake Rd,Unit B,Orlando,FL,32819,Orange County,28.418924,-81.47668,condo,2.0,2.0,1124.0,7900.0,1987.0,Inactive,145000,2021-04-18T11:16:08.738Z,477,11.884495917930655
"7601-Canada-Ave,-Units-433-&-435,-Orlando,-FL-32819","7601 Canada Ave, Units 433 & 435, Orlando, FL 32819",7601 Canada Ave,Units 433 & 435,Orlando,FL,32819,Orange County,28.452024,-81.467413,condo,2.0,2.0,795.0,7900.0,1987.0,Inactive,130000,2021-02-11T11:14:37.999Z,543,11.775297421715827
"8939-Latrec-Ave,-Unit-1311,-Orlando,-FL-32819","8939 Latrec Ave, Unit 1311, Orlando, FL 32819",8939 Latrec Ave,Unit 1311,Orlando,FL,32819,Orange County,28.435716,-81.47622,condo,1.0,1.0,558.0,7900.0,1987.0,Inactive,129900,2020-09-15T19:45:41.613Z,691,11.774527900858468
"5787-Peregrine-Ave,-Unit-C09,-Orlando,-FL-32819","5787 Peregrine Ave, Unit C09, Orlando, FL 32819",5787 Peregrine Ave,Unit C09,Orlando,FL,32819,Orange County,28.487803,-81.460901,condo,2.0,2.0,1139.0,7900.0,1987.0,Inactive,132000,2021-03-26T11:24:36.210Z,500,11.790564777297387
"8915-Latrec-Ave,-Unit-2104,-Orlando,-FL-32819","8915 Latrec Ave, Unit 2104, Orlando, FL 32819",8915 Latrec Ave,Unit 2104,Orlando,FL,32819,Orange County,28.436333,-81.477689,condo,1.0,1.0,671.0,7900.0,1987.0,Inactive,129500,2021-05-12T09:35:21.088Z,453,11.771443882099637
"5101-Eaglesmere-Dr,-Unit-B03,-Orlando,-FL-32819","5101 Eaglesmere Dr, Unit B03, Orlando, FL 32819",5101 Eaglesmere Dr,Unit B03,Orlando,FL,32819,Orange County,28.488371,-81.461768,condo,1.0,1.0,918.0,7900.0,1987.0,Inactive,128500,2021-03-26T11:24:31.820Z,500,11.763691965388299
"8939-Latrec-Ave,-Unit-1301,-Orlando,-FL-32819","8939 Latrec Ave, Unit 1301, Orlando, FL 32819",8939 Latrec Ave,Unit 1301,Orlando,FL,32819,Orange County,28.435674,-81.476686,condo,1.0,1.0,558.0,7900.0,1987.0,Inactive,120000,2021-04-09T11:26:44.691Z,486,11.695255355062795
"6165-Carrier-Dr,-Unit-1105,-Orlando,-FL-32819","6165 Carrier Dr, Unit 1105, Orlando, FL 32819",6165 Carrier Dr,Unit 1105,Orlando,FL,32819,Orange County,28.456858,-81.467791,condo,2.0,2.0,583.0,7900.0,1987.0,Inactive,110000,2020-10-21T11:47:45.399Z,656,11.608244735642321
"6165-Carrier-Dr,-Unit-3101,-Orlando,-FL-32819","6165 Carrier Dr, Unit 3101, Orlando, FL 32819",6165 Carrier Dr,Unit 3101,Orlando,FL,32819,Orange County,28.456927,-81.468843,condo,2.0,2.0,578.0,7900.0,1987.0,Inactive,117990,2021-01-15T11:53:50.809Z,570,11.678363629352566
"6020-Peregrine-Ave,-Unit-B03,-Orlando,-FL-32819","6020 Peregrine Ave, Unit B03, Orlando, FL 32819",6020 Peregrine Ave,Unit B03,Orlando,FL,32819,Orange County,28.486854,-81.463276,condo,1.0,1.0,918.0,7900.0,1987.0,Inactive,109900,2021-05-12T09:31:25.075Z,453,11.60733523953139
"6165-Carrier-Dr,-Unit-1308,-Orlando,-FL-32819","6165 Carrier Dr, Unit 1308, Orlando, FL 32819",6165 Carrier Dr,Unit 1308,Orlando,FL,32819,Orange County,28.456858,-81.467791,condo,1.0,1.0,408.0,7900.0,1987.0,Inactive,94000,2021-02-19T09:46:14.845Z,535,11.451060699493427
"4909-Anzio-St,-Orlando,-FL-32819","4909 Anzio St, Orlando, FL 32819",4909 Anzio St,,Orlando,FL,32819,Orange County,28.455949,-81.444775,single_family,2.0,2.0,975.0,7900.0,1987.0,Inactive,97000,2021-05-12T09:15:52.020Z,453,11.48247656671073
"9173-Bay-Point-Dr,-Orlando,-FL-32819","9173 Bay Point Dr, Orlando, FL 32819",9173 Bay Point Dr,,Orlando,FL,32819,Orange County,28.455048,-81.516329,single_family,6.0,5.0,5133.0,7900.0,1987.0,Inactive,2600000,2021-04-18T15:23:13.735Z,477,14.77102238760702
"5404-Bay-Side-Dr,-Orlando,-FL-32819","5404 Bay Side Dr, Orlando, FL 32819",5404 Bay Side Dr,,Orlando,FL,32819,Orange County,28.478678,-81.513167,single_family,5.0,4.0,5062.0,7900.0,1987.0,Inactive,2195000,2021-04-18T15:23:13.721Z,477,14.60169306007217
"5520-Emerson-Pointe-Way,-Orlando,-FL-32819","5520 Emerson Pointe Way, Orlando, FL 32819",5520 Emerson Pointe Way,,Orlando,FL,32819,Orange County,28.471556,-81.516262,single_family,5.0,4.0,4024.0,7900.0,1987.0,Inactive,1425000,2021-02-11T15:13:47.894Z,543,14.169683073439028
"8715-Lost-Cove-Dr,-Orlando,-FL-32819","8715 Lost Cove Dr, Orlando, FL 32819",8715 Lost Cove Dr,,Orlando,FL,32819,Orange County,28.453251,-81.503507,single_family,4.0,3.0,4091.0,7900.0,1987.0,Inactive,1199000,2021-04-18T15:19:25.639Z,477,13.99699926803766
"7607-Toscana-Blvd,-Orlando,-FL-32819","7607 Toscana Blvd, Orlando, FL 32819",7607 Toscana Blvd,,Orlando,FL,32819,Orange County,28.455592,-81.479081,single_family,4.0,3.0,4198.0,7900.0,1987.0,Inactive,1150000,2021-02-11T15:12:46.692Z,543,13.955273369904273
"8232-Via-Vittoria-Way,-Orlando,-FL-32819","8232 Via Vittoria Way, Orlando, FL 32819",8232 Via Vittoria Way,,Orlando,FL,32819,Orange County,28.451283,-81.494542,single_family,3.0,2.0,3213.0,7900.0,1987.0,Inactive,1097000,2020-09-22T02:29:03.829Z,685,13.90809065083398
"7667-Toscana-Blvd,-Orlando,-FL-32819","7667 Toscana Blvd, Orlando, FL 32819",7667 Toscana Blvd,,Orlando,FL,32819,Orange County,28.454232,-81.478416,single_family,4.0,3.0,3440.0,7900.0,1987.0,Inactive,973510,2020-10-30T17:16:49.027Z,647,13.788664403165582
"9050-Classic-Ct,-Orlando,-FL-32819","9050 Classic Ct, Orlando, FL 32819",9050 Classic Ct,,Orlando,FL,32819,Orange County,28.470759,-81.513528,single_family,4.0,4.0,3524.0,7900.0,1987.0,Inactive,898000,2021-04-18T15:14:15.122Z,477,13.707926460869462
"8813-South-Bay-Dr,-Orlando,-FL-32819","8813 South Bay Dr, Orlando, FL 32819",8813 South Bay Dr,,Orlando,FL,32819,Orange County,28.450118,-81.508416,single_family,4.0,3.0,4084.0,7900.0,1987.0,Inactive,879900,2021-02-26T14:44:04.868Z,528,13.68756468012579
"7603-Toscana-Blvd,-Orlando,-FL-32819","7603 Toscana Blvd, Orlando, FL 32819",7603 Toscana Blvd,,Orlando,FL,32819,Orange County,28.455745,-81.479204,single_family,6.0,6.0,4276.0,7900.0,1987.0,Inactive,895000,2020-09-22T02:29:03.810Z,685,13.704580114574805
"7673-Toscana-Blvd,-Orlando,-FL-32819","7673 Toscana Blvd, Orlando, FL 32819",7673 Toscana Blvd,,Orlando,FL,32819,Orange County,28.454507,-81.478599,single_family,4.0,3.0,3440.0,7900.0,1987.0,Inactive,911050,2021-04-18T15:14:15.120Z,477,13.72235415711202
"8619-Crestgate-Cir,-Orlando,-FL-32819","8619 Crestgate Cir, Orlando, FL 32819",8619 Crestgate Cir,,Orlando,FL,32819,Orange County,28.477536,-81.501834,single_family,4.0,6.0,4125.0,7900.0,1987.0,Inactive,804000,2020-10-27T17:47:31.732Z,650,13.597355791941425
"6300-Marina-Dr,-Orlando,-FL-32819","6300 Marina Dr, Orlando, FL 32819",6300 Marina Dr,,Orlando,FL,32819,Orange County,28.457128,-81.511113,single_family,4.0,3.0,2897.0,7900.0,1987.0,Inactive,635000,2021-04-18T15:08:08.509Z,477,13.361381852676738
"9143-Galleon-Ct,-Orlando,-FL-32819","9143 Galleon Ct, Orlando, FL 32819",9143 Galleon Ct,,Orlando,FL,32819,Orange County,28.475164,-81.514372,single_family,4.0,3.0,2196.0,7900.0,1987.0,Inactive,629000,2020-11-03T18:34:27.660Z,643,13.351888125506433
"8509-Bridel-Ct,-Orlando,-FL-32819","8509 Bridel Ct, Orlando, FL 32819",8509 Bridel Ct,,Orlando,FL,32819,Orange County,28.454464,-81.503562,single_family,4.0,3.0,2684.0,7900.0,1987.0,Inactive,615000,2021-04-18T15:05:38.265Z,477,13.329379172803593
"6956-Phillips-Reserve-Ct,-Orlando,-FL-32819","6956 Phillips Reserve Ct, Orlando, FL 32819",6956 Phillips Reserve Ct,,Orlando,FL,32819,Orange County,28.489255,-81.473943,single_family,4.0,3.0,3959.0,7900.0,1987.0,Inactive,609900,2021-04-18T15:05:38.262Z,477,13.321051927896255
"5003-Winwood-Way,-Orlando,-FL-32819","5003 Winwood Way, Orlando, FL 32819",5003 Winwood Way,,Orlando,FL,32819,Orange County,28.491251,-81.489175,single_family,4.0,2.0,2434.0,7900.0,1987.0,Inactive,519000,2021-04-18T14:56:51.761Z,477,13.159661088928443
"5424-Split-Pine-Ct,-Orlando,-FL-32819","5424 Split Pine Ct, Orlando, FL 32819",5424 Split Pine Ct,,Orlando,FL,32819,Orange County,28.485815,-81.490726,single_family,4.0,3.0,2644.0,7900.0,1987.0,Inactive,500000,2021-04-18T14:56:51.753Z,477,13.122365377402328
"7788-Snowberry-Cir,-Orlando,-FL-32819","7788 Snowberry Cir, Orlando, FL 32819",7788 Snowberry Cir,,Orlando,FL,32819,Orange County,28.48866,-81.491094,single_family,4.0,3.0,2516.0,7900.0,1987.0,Inactive,495000,2021-04-20T15:18:12.943Z,475,13.112315061750808
"6135-Sand-Pines-Estates-Blvd,-Orlando,-FL-32819","6135 Sand Pines Estates Blvd, Orlando, FL 32819",6135 Sand Pines Estates Blvd,,Orlando,FL,32819,Orange County,28.474405,-81.485388,single_family,4.0,3.0,2677.0,7900.0,1987.0,Inactive,475000,2021-05-12T16:23:19.886Z,453,13.07107218827772
"5025-Shoreway-Loop,-Unit-40303,-Orlando,-FL-32819","5025 Shoreway Loop, Unit 40303, Orlando, FL 32819",5025 Shoreway Loop,Unit 40303,Orlando,FL,32819,Orange County,28.429241,-81.450437,condo,3.0,2.0,2097.0,7900.0,1987.0,Inactive,401000,2021-05-12T16:19:15.120Z,453,12.901719200051183
"6604-Sugarbush-Dr,-Orlando,-FL-32819","6604 Sugarbush Dr, Orlando, FL 32819",6604 Sugarbush Dr,,Orlando,FL,32819,Orange County,28.466136,-81.493308,single_family,3.0,2.0,1944.0,7900.0,1987.0,Inactive,399000,2021-04-18T14:30:25.339Z,477,12.896719202134523
"7054-Villa-Estelle-Dr,-Orlando,-FL-32819","7054 Villa Estelle Dr, Orlando, FL 32819",7054 Villa Estelle Dr,,Orlando,FL,32819,Orange County,28.459128,-81.481069,single_family,3.0,2.0,1501.0,7900.0,1987.0,Inactive,387250,2021-02-11T14:33:10.157Z,544,12.866828340586949
"6454-Edgeworth-Dr,-Orlando,-FL-32819","6454 Edgeworth Dr, Orlando, FL 32819",6454 Edgeworth Dr,,Orlando,FL,32819,Orange County,28.468267,-81.483626,single_family,2.0,2.0,1280.0,7900.0,1987.0,Inactive,389900,2021-02-11T14:36:27.664Z,544,12.873648139727594
"6766-Sorrento-St,-Orlando,-FL-32819","6766 Sorrento St, Orlando, FL 32819",6766 Sorrento St,,Orlando,FL,32819,Orange County,28.45792,-81.476028,condo,3.0,2.0,2232.0,7900.0,1987.0,Inactive,379900,2021-04-18T14:30:20.346Z,478,12.847665971443902
"7095-Villa-Estelle-Dr,-Orlando,-FL-32819","7095 Villa Estelle Dr, Orlando, FL 32819",7095 Villa Estelle Dr,,Orlando,FL,32819,Orange County,28.458336,-81.480038,single_family,3.0,2.0,1465.0,7900.0,1987.0,Inactive,379900,2021-05-12T15:51:27.103Z,454,12.847665971443902
"6434-Ridgeberry-Dr,-Orlando,-FL-32819","6434 Ridgeberry Dr, Orlando, FL 32819",6434 Ridgeberry Dr,,Orlando,FL,32819,Orange County,28.469178,-81.504866,single_family,3.0,2.0,1619.0,7900.0,1987.0,Inactive,379000,2021-05-12T15:51:27.097Z,454,12.84529412258351
"7267-Regina-Way,-Orlando,-FL-32819","7267 Regina Way, Orlando, FL 32819",7267 Regina Way,,Orlando,FL,32819,Orange County,28.458659,-81.478005,condo,3.0,2.0,2104.0,7900.0,1987.0,Inactive,378000,2021-04-18T14:30:20.341Z,478,12.84265212010087
"5048-Shoreway-Loop,-Unit-107,-Orlando,-FL-32819","5048 Shoreway Loop, Unit 107, Orlando, FL 32819",5048 Shoreway Loop,Unit 107,Orlando,FL,32819,Orange County,28.428738,-81.452374,condo,3.0,2.0,2097.0,7900.0,1987.0,Inactive,379000,2021-05-12T15:51:27.096Z,454,12.84529412258351
"5517-E-Bay-Lagoon-Cir,-Orlando,-FL-32819","5517 E Bay Lagoon Cir, Orlando, FL 32819",5517 E Bay Lagoon Cir,,Orlando,FL,32819,Orange County,28.484497,-81.483622,single_family,4.0,3.0,1860.0,7900.0,1987.0,Inactive,375000,2021-04-18T14:30:25.340Z,478,12.834683971615659
"7929-Glen-Abbey-Cir,-Orlando,-FL-32819","7929 Glen Abbey Cir, Orlando, FL 32819",7929 Glen Abbey Cir,,Orlando,FL,32819,Orange County,28.451131,-81.498812,single_family,3.0,2.0,1752.0,7900.0,1987.0,Inactive,369000,2021-04-18T14:21:45.633Z,478,12.818554633046093
"8211-Ambrose-Cove-Way,-Orlando,-FL-32819","8211 Ambrose Cove Way, Orlando, FL 32819",8211 Ambrose Cove Way,,Orlando,FL,32819,Orange County,28.455259,-81.495532,condo,3.0,2.0,1760.0,7900.0,1987.0,Inactive,349500,2021-04-18T14:21:40.765Z,478,12.764261701882237
"7926-Sandpoint-Blvd,-Orlando,-FL-32819","7926 Sandpoint Blvd, Orlando, FL 32819",7926 Sandpoint Blvd,,Orlando,FL,32819,Orange County,28.452155,-81.492287,condo,3.0,2.0,1644.0,7900.0,1987.0,Inactive,340000,2021-05-12T15:27:08.429Z,454,12.73670383776449
"8013-Cool-Breeze-Dr,-Unit-115,-Orlando,-FL-32819","8013 Cool Breeze Dr, Unit 115, Orlando, FL 32819",8013 Cool Breeze Dr,Unit 115,Orlando,FL,32819,Orange County,28.42994,-81.451648,condo,3.0,2.0,1746.0,7900.0,1987.0,Inactive,339000,2021-02-11T13:55:21.844Z,544,12.733758336210744
"4012-Breakview-Dr,-Unit-103,-Orlando,-FL-32819","4012 Breakview Dr, Unit 103, Orlando, FL 32819",4012 Breakview Dr,Unit 103,Orlando,FL,32819,Orange County,28.425689,-81.443429,condo,3.0,2.0,1035.0,7900.0,1987.0,Inactive,329000,2021-04-18T14:14:26.210Z,478,12.703816069256568
"7937-Bayside-View-Dr,-Orlando,-FL-32819","7937 Bayside View Dr, Orlando, FL 32819",7937 Bayside View Dr,,Orlando,FL,32819,Orange County,28.454698,-81.492501,condo,3.0,2.0,2084.0,7900.0,1987.0,Inactive,320000,2020-10-28T16:42:53.363Z,650,12.676079399771027
"6905-Cadiz-Blvd,-Orlando,-FL-32819","6905 Cadiz Blvd, Orlando, FL 32819",6905 Cadiz Blvd,,Orlando,FL,32819,Orange County,28.46348,-81.478547,condo,3.0,2.0,1668.0,7900.0,1987.0,Inactive,319900,2021-05-12T15:24:28.852Z,454,12.675766851909591
"7550-Hinson-St,-Apt-3D,-Orlando,-FL-32819","7550 Hinson St, Apt 3D, Orlando, FL 32819",7550 Hinson St,Apt 3D,Orlando,FL,32819,Orange County,28.451628,-81.484627,condo,2.0,2.0,1870.0,7900.0,1987.0,Inactive,289000,2020-09-22T01:17:45.704Z,686,12.574185427296195
"4114-Breakview-Dr,-Unit-303,-Orlando,-FL-32819","4114 Breakview Dr, Unit 303, Orlando, FL 32819",4114 Breakview Dr,Unit 303,Orlando,FL,32819,Orange County,28.425694,-81.445698,condo,3.0,2.0,1247.0,7900.0,1987.0,Inactive,279000,2021-05-12T14:59:20.112Z,454,12.53897064502647
"4024-Breakview-Dr,-Unit-210,-Orlando,-FL-32819","4024 Breakview Dr, Unit 210, Orlando, FL 32819",4024 Breakview Dr,Unit 210,Orlando,FL,32819,Orange County,28.42446,-81.445133,condo,3.0,2.0,1412.0,7900.0,1987.0,Inactive,279000,2020-12-28T15:41:08.400Z,589,12.53897064502647
"8036-Cool-Breeze-Dr,-Unit-137,-Orlando,-FL-32819","8036 Cool Breeze Dr, Unit 137, Orlando, FL 32819",8036 Cool Breeze Dr,Unit 137,Orlando,FL,32819,Orange County,28.42952,-81.452316,condo,3.0,2.0,1746.0,7900.0,1987.0,Inactive,279000,2021-04-18T13:35:23.077Z,478,12.53897064502647
"4126-Breakview-Dr,-Unit-201,-Orlando,-FL-32819","4126 Breakview Dr, Unit 201, Orlando, FL 32819",4126 Breakview Dr,Unit 201,Orlando,FL,32819,Orange County,28.425998,-81.446309,condo,3.0,2.0,1247.0,7900.0,1987.0,Inactive,265000,2021-05-12T14:30:18.634Z,454,12.487488878546145
"7700-Carriage-Homes-Dr,-Apt-3,-Orlando,-FL-32819","7700 Carriage Homes Dr, Apt 3, Orlando, FL 32819",7700 Carriage Homes Dr,Apt 3,Orlando,FL,32819,Orange County,28.459429,-81.488902,condo,2.0,2.0,1337.0,7900.0,1987.0,Inactive,259900,2021-05-12T13:28:43.399Z,454,12.468056068255885
"7859-Sugar-Bend-Dr,-Unit-7859,-Orlando,-FL-32819","7859 Sugar Bend Dr, Unit 7859, Orlando, FL 32819",7859 Sugar Bend Dr,Unit 7859,Orlando,FL,32819,Orange County,28.458023,-81.493575,condo,2.0,2.0,1075.0,7900.0,1987.0,Inactive,245000,2021-04-18T13:12:58.190Z,478,12.409017571151187
"7649-Sugar-Bend-Dr,-Unit-7649,-Orlando,-FL-32819","7649 Sugar Bend Dr, Unit 7649, Orlando, FL 32819",7649 Sugar Bend Dr,Unit 7649,Orlando,FL,32819,Orange County,28.455082,-81.493807,condo,3.0,2.0,1169.0,7900.0,1987.0,Inactive,239000,2021-05-12T12:55:39.065Z,454,12.384223015005313
"7524-Seurat-St,-Unit-12202,-Orlando,-FL-32819","7524 Seurat St, Unit 12202, Orlando, FL 32819",7524 Seurat St,Unit 12202,Orlando,FL,32819,Orange County,28.43592,-81.479184,condo,4.0,2.0,1323.0,7900.0,1987.0,Inactive,225000,2020-09-21T20:57:14.216Z,686,12.323860125621126
"7409-Sugar-Bend-Dr,-Unit-7409,-Orlando,-FL-32819","7409 Sugar Bend Dr, Unit 7409, Orlando, FL 32819",7409 Sugar Bend Dr,Unit 7409,Orlando,FL,32819,Orange County,28.457595,-81.492516,condo,2.0,2.0,1014.0,7900.0,1987.0,Inactive,227000,2021-04-18T12:59:12.987Z,478,12.33270970174018
"8849-Latrec-Ave,-Unit-4307,-Orlando,-FL-32819","8849 Latrec Ave, Unit 4307, Orlando, FL 32819",8849 Latrec Ave,Unit 4307,Orlando,FL,32819,Orange County,28.436559,-81.47879,condo,1.0,1.0,671.0,7900.0,1987.0,Inactive,110000,2021-04-18T10:38:55.685Z,478,11.608244735642321
"6312-Donegal-Dr,-Orlando,-FL-32819","6312 Donegal Dr, Orlando, FL 32819",6312 Donegal Dr,,Orlando,FL,32819,Orange County,28.454025,-81.508161,single_family,4.0,4.0,4662.0,7900.0,1987.0,Inactive,1925000,2021-03-04T16:50:11.532Z,523,14.470437045184406
"5414-Brookline-Dr,-Orlando,-FL-32819","5414 Brookline Dr, Orlando, FL 32819",5414 Brookline Dr,,Orlando,FL,32819,Orange County,28.472524,-81.51053,single_family,4.0,3.0,3270.0,7900.0,1987.0,Inactive,1250000,2021-02-26T14:47:33.955Z,529,14.038654909278163
"4886-Keeneland-Cir,-Orlando,-FL-32819","4886 Keeneland Cir, Orlando, FL 32819",4886 Keeneland Cir,,Orlando,FL,32819,Orange County,28.488518,-81.501051,single_family,6.0,5.0,4246.0,7900.0,1987.0,Inactive,839900,2020-11-04T16:55:25.301Z,643,13.64103930673094
"4939-Kensington-Park-Blvd,-Orlando,-FL-32819","4939 Kensington Park Blvd, Orlando, FL 32819",4939 Kensington Park Blvd,,Orlando,FL,32819,Orange County,28.487521,-81.501449,single_family,5.0,4.0,3420.0,7900.0,1987.0,Inactive,679900,2021-04-18T15:08:11.143Z,478,13.429702478318
"5330-Foxshire-Ct,-Orlando,-FL-32819","5330 Foxshire Ct, Orlando, FL 32819",5330 Foxshire Ct,,Orlando,FL,32819,Orange County,28.479641,-81.505523,single_family,4.0,3.0,2582.0,7900.0,1987.0,Inactive,579900,2021-04-18T15:05:28.680Z,478,13.270612678298292
"6728-Parson-Brown-Dr,-Orlando,-FL-32819","6728 Parson Brown Dr, Orlando, FL 32819",6728 Parson Brown Dr,,Orlando,FL,32819,Orange County,28.463565,-81.484021,single_family,4.0,3.0,2877.0,7900.0,1987.0,Inactive,534900,2021-03-04T16:32:29.167Z,523,13.189836962025913
"8060-Citron-Ct,-Orlando,-FL-32819","8060 Citron Ct, Orlando, FL 32819",8060 Citron Ct,,Orlando,FL,32819,Orange County,28.491055,-81.495388,single_family,3.0,2.0,2552.0,7900.0,1987.0,Inactive,519000,2021-03-03T16:53:57.207Z,524,13.159661088928443
"6310-Oak-Meadow-Bnd,-Orlando,-FL-32819","6310 Oak Meadow Bnd, Orlando, FL 32819",6310 Oak Meadow Bnd,,Orlando,FL,32819,Orange County,28.470841,-81.482742,single_family,4.0,2.0,2226.0,7900.0,1987.0,Inactive,510000,2021-04-18T14:56:51.756Z,478,13.1421679654829
"8960-Savannah-Park,-Unit-37,-Orlando,-FL-32819","8960 Savannah Park, Unit 37, Orlando, FL 32819",8960 Savannah Park,Unit 37,Orlando,FL,32819,Orange County,28.462837,-81.504389,single_family,3.0,2.0,2050.0,7900.0,1987.0,Inactive,475000,2020-11-03T18:45:42.287Z,643,13.07107218827772
"7808-Pine-Haven-Ct,-Orlando,-FL-32819","7808 Pine Haven Ct, Orlando, FL 32819",7808 Pine Haven Ct,,Orlando,FL,32819,Orange County,28.482578,-81.490623,single_family,4.0,3.0,2635.0,7900.0,1987.0,Inactive,464900,2021-03-04T16:27:07.291Z,523,13.049579758676577
"7416-Elsworth-Ct,-Orlando,-FL-32819","7416 Elsworth Ct, Orlando, FL 32819",7416 Elsworth Ct,,Orlando,FL,32819,Orange County,28.468907,-81.48345,single_family,2.0,2.0,1831.0,7900.0,1987.0,Inactive,444000,2021-02-16T14:33:05.747Z,539,13.003582093664077
"7424-Elsworth-Ct,-Orlando,-FL-32819","7424 Elsworth Ct, Orlando, FL 32819",7424 Elsworth Ct,,Orlando,FL,32819,Orange County,28.468637,-81.483454,single_family,3.0,2.0,1800.0,7900.0,1987.0,Inactive,439000,2021-04-18T14:46:57.117Z,478,12.992256969959042
"6434-Edge-O-Grove-Cir,-Orlando,-FL-32819","6434 Edge O Grove Cir, Orlando, FL 32819",6434 Edge O Grove Cir,,Orlando,FL,32819,Orange County,28.469381,-81.499645,single_family,3.0,2.0,1914.0,7900.0,1987.0,Inactive,429900,2021-04-18T14:46:57.107Z,478,12.971310228604022
"8019-Bayside-View-Dr,-Orlando,-FL-32819","8019 Bayside View Dr, Orlando, FL 32819",8019 Bayside View Dr,,Orlando,FL,32819,Orange County,28.454695,-81.493028,condo,3.0,2.0,1598.0,7900.0,1987.0,Inactive,389900,2021-04-18T14:30:22.693Z,478,12.873648139727594
"5037-Shoreway-Loop,-Unit-40802,-Orlando,-FL-32819","5037 Shoreway Loop, Unit 40802, Orlando, FL 32819",5037 Shoreway Loop,Unit 40802,Orlando,FL,32819,Orange County,28.429394,-81.450789,condo,3.0,2.0,2097.0,7900.0,1987.0,Inactive,379900,2020-09-22T01:18:31.312Z,686,12.847665971443902
"7702-Sundial-Ln,-Orlando,-FL-32819","7702 Sundial Ln, Orlando, FL 32819",7702 Sundial Ln,,Orlando,FL,32819,Orange County,28.453888,-81.494288,condo,3.0,2.0,1766.0,7900.0,1987.0,Inactive,375000,2021-03-06T14:25:10.257Z,521,12.834683971615659
"6608-Winder-Lynne-Ln,-Orlando,-FL-32819","6608 Winder Lynne Ln, Orlando, FL 32819",6608 Winder Lynne Ln,,Orlando,FL,32819,Orange County,28.490241,-81.471735,single_family,4.0,3.0,2251.0,7900.0,1987.0,Inactive,360000,2021-04-18T14:21:43.212Z,478,12.793862088206213
"6852-Hochad-Dr,-Orlando,-FL-32819","6852 Hochad Dr, Orlando, FL 32819",6852 Hochad Dr,,Orlando,FL,32819,Orange County,28.463038,-81.480907,condo,3.0,2.0,1668.0,7900.0,1987.0,Inactive,319900,2021-04-18T14:06:38.312Z,478,12.675766851909591
"7201-Dr-Phillips-Blvd,-Orlando,-FL-32819","7201 Dr Phillips Blvd, Orlando, FL 32819",7201 Dr Phillips Blvd,,Orlando,FL,32819,Orange County,28.458035,-81.49104,condo,3.0,2.0,1842.0,7900.0,1987.0,Inactive,319000,2021-04-18T14:06:38.307Z,478,12.672949516558306
"5075-Tideview-Cir,-Unit-57,-Orlando,-FL-32819","5075 Tideview Cir, Unit 57, Orlando, FL 32819",5075 Tideview Cir,Unit 57,Orlando,FL,32819,Orange County,28.430817,-81.451344,condo,3.0,2.0,1746.0,7900.0,1987.0,Inactive,299000,2021-02-20T14:01:41.371Z,535,12.608202196848836
"8001-Cool-Breeze-Dr,-Unit-117,-Orlando,-FL-32819","8001 Cool Breeze Dr, Unit 117, Orlando, FL 32819",8001 Cool Breeze Dr,Unit 117,Orlando,FL,32819,Orange County,28.429829,-81.450791,condo,3.0,2.0,1777.0,7900.0,1987.0,Inactive,299000,2021-02-20T14:01:41.372Z,535,12.608202196848836
"5000-Cayview-Ave,-Unit-10808,-Orlando,-FL-32819","5000 Cayview Ave, Unit 10808, Orlando, FL 32819",5000 Cayview Ave,Unit 10808,Orlando,FL,32819,Orange County,28.428976,-81.44896,condo,3.0,2.0,1247.0,7900.0,1987.0,Inactive,275000,2020-09-21T23:28:00.152Z,686,12.524530013005734
"4126-Breakview-Dr,-Unit-30901,-Orlando,-FL-32819","4126 Breakview Dr, Unit 30901, Orlando, FL 32819",4126 Breakview Dr,Unit 30901,Orlando,FL,32819,Orange County,28.426025,-81.446294,condo,3.0,2.0,1447.0,7900.0,1987.0,Inactive,268900,2021-02-11T13:51:22.119Z,544,12.502098561104633
"4862-Cayview-Ave,-Unit-40209,-Orlando,-FL-32819","4862 Cayview Ave, Unit 40209, Orlando, FL 32819",4862 Cayview Ave,Unit 40209,Orlando,FL,32819,Orange County,28.428731,-81.448158,condo,2.0,2.0,1112.0,7900.0,1987.0,Inactive,265000,2021-04-18T13:21:30.576Z,478,12.487488878546145
"7726-Arezzo-Ave,-Orlando,-FL-32819","7726 Arezzo Ave, Orlando, FL 32819",7726 Arezzo Ave,,Orlando,FL,32819,Orange County,28.453107,-81.448922,single_family,2.0,1.0,704.0,7900.0,1987.0,Inactive,258000,2020-09-15T21:10:02.826Z,692,12.460718739865236
"4024-Breakview-Dr,-Unit-40204,-Orlando,-FL-32819","4024 Breakview Dr, Unit 40204, Orlando, FL 32819",4024 Breakview Dr,Unit 40204,Orlando,FL,32819,Orange County,28.424463,-81.444901,condo,2.0,2.0,1112.0,7900.0,1987.0,Inactive,240000,2021-02-11T13:36:33.635Z,544,12.388398368982115
"7651-Sugar-Bend-Dr,-Unit-7651,-Orlando,-FL-32819","7651 Sugar Bend Dr, Unit 7651, Orlando, FL 32819",7651 Sugar Bend Dr,Unit 7651,Orlando,FL,32819,Orange County,28.455082,-81.493807,condo,3.0,2.0,1212.0,7900.0,1987.0,Inactive,240000,2021-04-18T13:02:51.784Z,478,12.388398368982115
"7219-Prato-Ave,-Orlando,-FL-32819","7219 Prato Ave, Orlando, FL 32819",7219 Prato Ave,,Orlando,FL,32819,Orange County,28.457748,-81.446811,single_family,3.0,2.0,1000.0,7900.0,1987.0,Inactive,225000,2020-09-24T15:06:09.916Z,684,12.323860125621126
"7719-Ferrara-Ave,-Orlando,-FL-32819","7719 Ferrara Ave, Orlando, FL 32819",7719 Ferrara Ave,,Orlando,FL,32819,Orange County,28.453309,-81.444279,single_family,3.0,2.0,1080.0,7900.0,1987.0,Inactive,225000,2020-10-11T14:15:35.625Z,667,12.323860125621126
"6954-Della-Dr,-Apt-38,-Orlando,-FL-32819","6954 Della Dr, Apt 38, Orlando, FL 32819",6954 Della Dr,Apt 38,Orlando,FL,32819,Orange County,28.460579,-81.489799,condo,2.0,2.0,1182.0,7900.0,1987.0,Inactive,224995,2021-04-18T12:56:54.249Z,478,12.323837903250753
"5011-Anzio-St,-Orlando,-FL-32819","5011 Anzio St, Orlando, FL 32819",5011 Anzio St,,Orlando,FL,32819,Orange County,28.455932,-81.446834,single_family,3.0,2.0,975.0,7900.0,1987.0,Inactive,211000,2021-02-25T13:52:52.772Z,530,12.259618151783465
"8837-Latrec-Ave,-Unit-5307,-Orlando,-FL-32819","8837 Latrec Ave, Unit 5307, Orlando, FL 32819",8837 Latrec Ave,Unit 5307,Orlando,FL,32819,Orange County,28.437,-81.478833,condo,2.0,2.0,1003.0,7900.0,1987.0,Inactive,169000,2021-04-18T11:28:19.786Z,478,12.037659911047468
"6053-Windhover-Dr,-Unit-C06,-Orlando,-FL-32819","6053 Windhover Dr, Unit C06, Orlando, FL 32819",6053 Windhover Dr,Unit C06,Orlando,FL,32819,Orange County,28.485081,-81.463843,condo,2.0,2.0,1139.0,7900.0,1987.0,Inactive,139950,2021-02-17T11:19:08.764Z,538,11.849047640327147
"8939-Latrec-Ave,-Unit-1303,-Orlando,-FL-32819","8939 Latrec Ave, Unit 1303, Orlando, FL 32819",8939 Latrec Ave,Unit 1303,Orlando,FL,32819,Orange County,28.435682,-81.47659,condo,1.0,1.0,558.0,7900.0,1987.0,Inactive,129900,2021-02-26T10:23:05.997Z,529,11.774527900858468
"7601-Canada-Ave,-Units-333-&-335,-Orlando,-FL-32819","7601 Canada Ave, Units 333 & 335, Orlando, FL 32819",7601 Canada Ave,Units 333 & 335,Orlando,FL,32819,Orange County,28.452024,-81.467413,condo,2.0,2.0,795.0,7900.0,1987.0,Inactive,130000,2021-02-11T11:14:38.013Z,544,11.775297421715827
"6165-Carrier-Dr,-Unit-3106,-Orlando,-FL-32819","6165 Carrier Dr, Unit 3106, Orlando, FL 32819",6165 Carrier Dr,Unit 3106,Orlando,FL,32819,Orange County,28.456927,-81.468843,condo,2.0,2.0,583.0,7900.0,1987.0,Inactive,128900,2020-09-20T17:14:39.480Z,688,11.766799946849087
"8939-Latrec-Ave,-Unit-1204,-Orlando,-FL-32819","8939 Latrec Ave, Unit 1204, Orlando, FL 32819",8939 Latrec Ave,Unit 1204,Orlando,FL,32819,Orange County,28.435746,-81.476597,condo,1.0,1.0,558.0,7900.0,1987.0,Inactive,125000,2021-02-19T11:53:42.786Z,536,11.736077016252437
"6165-Carrier-Dr,-Unit-3113,-Orlando,-FL-32819","6165 Carrier Dr, Unit 3113, Orlando, FL 32819",6165 Carrier Dr,Unit 3113,Orlando,FL,32819,Orange County,28.456927,-81.468843,condo,1.0,1.0,485.0,7900.0,1987.0,Inactive,86000,2020-09-15T19:16:09.130Z,692,11.362114203075018
"7166-Regina-Way,-Orlando,-FL-32819","7166 Regina Way, Orlando, FL 32819",7166 Regina Way,,Orlando,FL,32819,Orange County,28.459078,-81.476339,condo,4.0,3.0,2357.0,7900.0,1987.0,Inactive,365000,2020-11-02T17:52:07.775Z,644,12.807655372286902
"5801-Windhover-Dr,-Unit-A01,-Orlando,-FL-32819","5801 Windhover Dr, Unit A01, Orlando, FL 32819",5801 Windhover Dr,Unit A01,Orlando,FL,32819,Orange County,28.485637,-81.461723,condo,1.0,1.0,591.0,7900.0,1987.0,Inactive,100000,2021-03-02T09:11:46.510Z,525,11.51293546492023
"7601-Canada-Ave,-Unit-502,-Orlando,-FL-32819","7601 Canada Ave, Unit 502, Orlando, FL 32819",7601 Canada Ave,Unit 502,Orlando,FL,32819,Orange County,28.452108,-81.467375,condo,1.0,1.0,542.0,7900.0,1987.0,Inactive,75000,2020-09-15T16:30:11.053Z,693,11.225256725762893
"6061-Windhover-Dr,-Unit-D10,-Orlando,-FL-32819","6061 Windhover Dr, Unit D10, Orlando, FL 32819",6061 Windhover Dr,Unit D10,Orlando,FL,32819,Orange County,28.485081,-81.463843,condo,2.0,2.0,999.0,7900.0,1987.0,Inactive,136900,2020-09-15T19:57:36.290Z,692,11.827013315851762
"6165-Carrier-Dr,-Unit-2303,-Orlando,-FL-32819","6165 Carrier Dr, Unit 2303, Orlando, FL 32819",6165 Carrier Dr,Unit 2303,Orlando,FL,32819,Orange County,28.456566,-81.467035,condo,2.0,2.0,583.0,7900.0,1987.0,Inactive,128000,2021-02-11T10:56:22.636Z,544,11.759793355371237
"6022-Peregrine-Ave,-Unit-B02,-Orlando,-FL-32819","6022 Peregrine Ave, Unit B02, Orlando, FL 32819",6022 Peregrine Ave,Unit B02,Orlando,FL,32819,Orange County,28.486854,-81.463276,condo,1.0,1.0,918.0,7900.0,1987.0,Inactive,118888,2020-09-15T19:27:14.976Z,692,11.685945563680873
"6165-Carrier-Dr,-Unit-2315,-Orlando,-FL-32819","6165 Carrier Dr, Unit 2315, Orlando, FL 32819",6165 Carrier Dr,Unit 2315,Orlando,FL,32819,Orange County,28.456701,-81.468112,condo,1.0,1.0,485.0,7900.0,1987.0,Inactive,99000,2021-03-06T09:25:04.948Z,521,11.502885230075814
"7611-Bay-Port-Rd,-Unit-35,-Orlando,-FL-32819","7611 Bay Port Rd, Unit 35, Orlando, FL 32819",7611 Bay Port Rd,Unit 35,Orlando,FL,32819,Orange County,28.459256,-81.485667,condo,2.0,2.0,1403.0,7900.0,1987.0,Inactive,280000,2021-02-11T13:55:28.914Z,544,12.54254845357358
"5000-Cayview-Ave,-Unit-310,-Orlando,-FL-32819","5000 Cayview Ave, Unit 310, Orlando, FL 32819",5000 Cayview Ave,Unit 310,Orlando,FL,32819,Orange County,28.429378,-81.449179,condo,3.0,2.0,1412.0,7900.0,1987.0,Inactive,279000,2021-02-11T13:55:21.843Z,544,12.53897064502647
"7542-Bay-Port-Rd,-Unit-27,-Orlando,-FL-32819","7542 Bay Port Rd, Unit 27, Orlando, FL 32819",7542 Bay Port Rd,Unit 27,Orlando,FL,32819,Orange County,28.459628,-81.48594,condo,2.0,2.0,1403.0,7900.0,1987.0,Inactive,277000,2020-12-04T03:28:30.302Z,613,12.531776395271262
"4846-Tidecrest-Ave,-Unit-190,-Orlando,-FL-32819","4846 Tidecrest Ave, Unit 190, Orlando, FL 32819",4846 Tidecrest Ave,Unit 190,Orlando,FL,32819,Orange County,28.429211,-81.446146,condo,3.0,2.0,1741.0,7900.0,1987.0,Inactive,275000,2020-10-13T16:32:37.238Z,665,12.524530013005734
"8000-Cool-Breeze-Dr,-Unit-104,-Orlando,-FL-32819","8000 Cool Breeze Dr, Unit 104, Orlando, FL 32819",8000 Cool Breeze Dr,Unit 104,Orlando,FL,32819,Orange County,28.430223,-81.451312,condo,3.0,2.0,1741.0,7900.0,1987.0,Inactive,275000,2021-02-17T13:51:05.777Z,538,12.524530013005734
"7515-Bay-Port-Rd,-Unit-6,-Orlando,-FL-32819","7515 Bay Port Rd, Unit 6, Orlando, FL 32819",7515 Bay Port Rd,Unit 6,Orlando,FL,32819,Orange County,28.46057,-81.485348,condo,3.0,2.0,1831.0,7900.0,1987.0,Inactive,270000,2020-09-21T23:28:14.488Z,686,12.506180941677357
"4102-Breakview-Dr,-Unit-404,-Null,-FL-32819","4102 Breakview Dr, Unit 404, Null, FL 32819",4102 Breakview Dr,Unit 404,Null,FL,32819,Orange County,28.425214,-81.445431,condo,3.0,2.0,1447.0,7900.0,1987.0,Inactive,260000,2021-02-11T13:47:52.892Z,544,12.468440756144114
"4114-Breakview-Dr,-Unit-306,-Orlando,-FL-32819","4114 Breakview Dr, Unit 306, Orlando, FL 32819",4114 Breakview Dr,Unit 306,Orlando,FL,32819,Orange County,28.425694,-81.445698,condo,3.0,2.0,1247.0,7900.0,1987.0,Inactive,250000,2021-03-05T13:26:53.335Z,522,12.429220196836383
"4802-Cayview-Ave,-Unit-403,-Orlando,-FL-32819","4802 Cayview Ave, Unit 403, Orlando, FL 32819",4802 Cayview Ave,Unit 403,Orlando,FL,32819,Orange County,28.428355,-81.445503,condo,3.0,2.0,1247.0,7900.0,1987.0,Inactive,249900,2021-02-11T13:47:52.875Z,544,12.428820118415677
"7707-Aviano-Ave,-Orlando,-FL-32819","7707 Aviano Ave, Orlando, FL 32819",7707 Aviano Ave,,Orlando,FL,32819,Orange County,28.453599,-81.449245,single_family,3.0,2.0,1401.0,7900.0,1987.0,Inactive,245000,2021-02-11T13:36:33.659Z,544,12.409017571151187
"7859-Sugar-View-Ct,-Unit-7859,-Orlando,-FL-32819","7859 Sugar View Ct, Unit 7859, Orlando, FL 32819",7859 Sugar View Ct,Unit 7859,Orlando,FL,32819,Orange County,28.455646,-81.49214,condo,2.0,2.0,1075.0,7900.0,1987.0,Inactive,227500,2020-10-15T17:01:49.676Z,662,12.334909912967877
"5020-Vanguard-St,-Orlando,-FL-32819","5020 Vanguard St, Orlando, FL 32819",5020 Vanguard St,,Orlando,FL,32819,Orange County,28.460934,-81.447195,single_family,3.0,2.0,1000.0,7900.0,1987.0,Inactive,193000,2020-09-20T19:35:01.638Z,687,12.170450649220749
"6165-Carrier-Dr,-Unit-2205,-Orlando,-FL-32819","6165 Carrier Dr, Unit 2205, Orlando, FL 32819",6165 Carrier Dr,Unit 2205,Orlando,FL,32819,Orange County,28.456566,-81.467035,condo,2.0,2.0,583.0,7900.0,1987.0,Inactive,189900,2020-10-03T15:31:31.442Z,675,12.15425816271595
"6076-Peregrine-Ave,-Unit-F01,-Orlando,-FL-32819","6076 Peregrine Ave, Unit F01, Orlando, FL 32819",6076 Peregrine Ave,Unit F01,Orlando,FL,32819,Orange County,28.486314,-81.463678,condo,3.0,2.0,1258.0,7900.0,1987.0,Inactive,169500,2020-11-24T13:51:05.937Z,623,12.040614105490253
"5139-Eaglesmere-Dr,-Orlando,-FL-32819","5139 Eaglesmere Dr, Orlando, FL 32819",5139 Eaglesmere Dr,,Orlando,FL,32819,Orange County,28.487832,-81.46224,condo,2.0,2.0,999.0,7900.0,1987.0,Inactive,145900,2021-03-05T10:53:17.452Z,522,11.890683588496984
"6165-Carrier-Dr,-Unit-1505,-Orlando,-FL-32819","6165 Carrier Dr, Unit 1505, Orlando, FL 32819",6165 Carrier Dr,Unit 1505,Orlando,FL,32819,Orange County,28.456858,-81.467791,condo,2.0,2.0,583.0,7900.0,1987.0,Inactive,129950,2021-02-26T10:23:05.976Z,529,11.774912735307439
"6165-Carrier-Dr,-Unit-3606,-Orlando,-FL-32819","6165 Carrier Dr, Unit 3606, Orlando, FL 32819",6165 Carrier Dr,Unit 3606,Orlando,FL,32819,Orange County,28.456927,-81.468843,condo,2.0,2.0,583.0,7900.0,1987.0,Inactive,119000,2021-02-25T12:10:30.683Z,530,11.686887175419702
"8939-Latrec-Ave,-Unit-1103,-Orlando,-FL-32819","8939 Latrec Ave, Unit 1103, Orlando, FL 32819",8939 Latrec Ave,Unit 1103,Orlando,FL,32819,Orange County,28.435682,-81.47659,condo,1.0,1.0,558.0,7900.0,1987.0,Inactive,125000,2020-09-15T19:27:14.986Z,692,11.736077016252437
"7601-Canada-Ave,-Unit-314,-Orlando,-FL-32819","7601 Canada Ave, Unit 314, Orlando, FL 32819",7601 Canada Ave,Unit 314,Orlando,FL,32819,Orange County,28.452108,-81.467375,condo,1.0,1.0,542.0,7900.0,1987.0,Inactive,70000,2020-09-15T16:30:11.063Z,693,11.156264806643742
"8837-Latrec-Ave,-Unit-5104,-Orlando,-FL-32819","8837 Latrec Ave, Unit 5104, Orlando, FL 32819",8837 Latrec Ave,Unit 5104,Orlando,FL,32819,Orange County,28.437217,-81.478706,condo,2.0,2.0,1003.0,7900.0,1987.0,Inactive,150000,2020-12-17T13:20:35.673Z,600,11.918397239722838
"6044-Pine-Valley-Dr,-Orlando,-FL-32819","6044 Pine Valley Dr, Orlando, FL 32819",6044 Pine Valley Dr,,Orlando,FL,32819,Orange County,28.464623,-81.515374,single_family,6.0,4.0,4371.0,7900.0,1987.0,Inactive,1650000,2020-09-22T02:41:46.930Z,686,14.316286451937186
"7957-S-Park-Pl,-Orlando,-FL-32819","7957 S Park Pl, Orlando, FL 32819",7957 S Park Pl,,Orlando,FL,32819,Orange County,28.449137,-81.50748,single_family,5.0,4.0,5281.0,7900.0,1987.0,Inactive,1499000,2020-11-24T17:15:30.805Z,622,14.22030944419592
"5574-Brookline-Dr,-Orlando,-FL-32819","5574 Brookline Dr, Orlando, FL 32819",5574 Brookline Dr,,Orlando,FL,32819,Orange County,28.46933,-81.507168,single_family,4.0,3.0,4585.0,7900.0,1987.0,Inactive,1345000,2020-09-28T17:28:43.090Z,679,14.111905314512224
"8430-Via-Vittoria-Way,-Orlando,-FL-32819","8430 Via Vittoria Way, Orlando, FL 32819",8430 Via Vittoria Way,,Orlando,FL,32819,Orange County,28.452161,-81.494599,single_family,4.0,3.0,3890.0,7900.0,1987.0,Inactive,1064000,2020-09-22T02:30:20.454Z,686,13.877546888732908
"9208-Country-Bay-Ct,-Orlando,-FL-32819","9208 Country Bay Ct, Orlando, FL 32819",9208 Country Bay Ct,,Orlando,FL,32819,Orange County,28.449834,-81.509927,single_family,5.0,4.0,6522.0,7900.0,1987.0,Inactive,1150000,2020-09-22T02:30:20.462Z,686,13.955273369904273
"7505-Alpine-Butterfly-Ln,-Orlando,-FL-32819","7505 Alpine Butterfly Ln, Orlando, FL 32819",7505 Alpine Butterfly Ln,,Orlando,FL,32819,Orange County,28.441958,-81.484207,single_family,4.0,3.0,2928.0,7900.0,1987.0,Inactive,959889,2020-09-22T02:29:03.810Z,686,13.774573973545515
"8202-Via-Vittoria-Way,-Orlando,-FL-32819","8202 Via Vittoria Way, Orlando, FL 32819",8202 Via Vittoria Way,,Orlando,FL,32819,Orange County,28.451511,-81.493925,single_family,3.0,2.0,3204.0,7900.0,1987.0,Inactive,899000,2021-02-11T15:12:27.598Z,544,13.70903942580019
"8322-Via-Vittoria-Way,-Orlando,-FL-32819","8322 Via Vittoria Way, Orlando, FL 32819",8322 Via Vittoria Way,,Orlando,FL,32819,Orange County,28.451865,-81.495993,single_family,4.0,3.0,3372.0,7900.0,1987.0,Inactive,859900,2020-09-22T02:27:04.522Z,686,13.664572545324233
"6151-Masters-Blvd,-Orlando,-FL-32819","6151 Masters Blvd, Orlando, FL 32819",6151 Masters Blvd,,Orlando,FL,32819,Orange County,28.459974,-81.513305,single_family,3.0,3.0,2624.0,7900.0,1987.0,Inactive,850000,2021-02-24T15:07:52.435Z,531,13.652992804936396
"4991-Keeneland-Cir,-Orlando,-FL-32819","4991 Keeneland Cir, Orlando, FL 32819",4991 Keeneland Cir,,Orlando,FL,32819,Orange County,28.487496,-81.503796,single_family,6.0,5.0,4400.0,7900.0,1987.0,Inactive,835000,2021-02-11T15:10:49.436Z,544,13.635188201437066
"6124-Cheshire-Ln,-Orlando,-FL-32819","6124 Cheshire Ln, Orlando, FL 32819",6124 Cheshire Ln,,Orlando,FL,32819,Orange County,28.456981,-81.505661,single_family,4.0,3.0,2992.0,7900.0,1987.0,Inactive,829900,2021-02-19T16:01:09.027Z,536,13.629061695550266
"7063-Phillips-Cove-Ct,-Unit-16,-Orlando,-FL-32819","7063 Phillips Cove Ct, Unit 16, Orlando, FL 32819",7063 Phillips Cove Ct,Unit 16,Orlando,FL,32819,Orange County,28.458354,-81.487455,single_family,5.0,4.0,3858.0,7900.0,1987.0,Inactive,809000,2020-09-22T02:27:04.534Z,686,13.603555432133808
"7669-Toscana-Blvd,-Orlando,-FL-32819","7669 Toscana Blvd, Orlando, FL 32819",7669 Toscana Blvd,,Orlando,FL,32819,Orange County,28.454349,-81.478485,single_family,5.0,4.0,3272.0,7900.0,1987.0,Inactive,785190,2020-09-22T02:25:33.344Z,686,13.573682279270868
"4713-Kensington-Park-Blvd,-Orlando,-FL-32819","4713 Kensington Park Blvd, Orlando, FL 32819",4713 Kensington Park Blvd,,Orlando,FL,32819,Orange County,28.492573,-81.501399,single_family,5.0,4.0,3734.0,7900.0,1987.0,Inactive,777000,2021-03-05T15:14:07.276Z,522,13.563196916350243
"4973-Keeneland-Cir,-Orlando,-FL-32819","4973 Keeneland Cir, Orlando, FL 32819",4973 Keeneland Cir,,Orlando,FL,32819,Orange County,28.487042,-81.5031,single_family,4.0,3.0,3665.0,7900.0,1987.0,Inactive,750000,2021-02-11T15:10:46.800Z,544,13.527829818844937
"8927-Savannah-Park,-Unit-4,-Orlando,-FL-32819","8927 Savannah Park, Unit 4, Orlando, FL 32819",8927 Savannah Park,Unit 4,Orlando,FL,32819,Orange County,28.464147,-81.503873,single_family,3.0,2.0,2442.0,7900.0,1987.0,Inactive,650000,2021-02-11T15:06:06.825Z,544,13.384729180332174
"8750-Torey-Pines-Ter,-Orlando,-FL-32819","8750 Torey Pines Ter, Orlando, FL 32819",8750 Torey Pines Ter,,Orlando,FL,32819,Orange County,28.484697,-81.503582,single_family,3.0,2.0,2970.0,7900.0,1987.0,Inactive,649000,2021-02-26T14:39:11.203Z,529,13.38318953651709
"5115-Timberview-Ter,-Orlando,-FL-32819","5115 Timberview Ter, Orlando, FL 32819",5115 Timberview Ter,,Orlando,FL,32819,Orange County,28.485226,-81.503258,single_family,4.0,3.0,2925.0,7900.0,1987.0,Inactive,639000,2021-02-17T14:42:13.644Z,538,13.367661298303675
"6118-Donegal-Dr,-Orlando,-FL-32819","6118 Donegal Dr, Orlando, FL 32819",6118 Donegal Dr,,Orlando,FL,32819,Orange County,28.457454,-81.504255,single_family,3.0,3.0,2810.0,7900.0,1987.0,Inactive,634000,2021-02-11T15:06:06.812Z,544,13.359805810705184
"8413-Lyric-Ct,-Orlando,-FL-32819","8413 Lyric Ct, Orlando, FL 32819",8413 Lyric Ct,,Orlando,FL,32819,Orange County,28.457998,-81.501225,single_family,4.0,3.0,2984.0,7900.0,1987.0,Inactive,625000,2021-02-11T15:06:06.813Z,544,13.345508528717259
"5329-Foxshire-Ct,-Orlando,-FL-32819","5329 Foxshire Ct, Orlando, FL 32819",5329 Foxshire Ct,,Orlando,FL,32819,Orange County,28.479798,-81.504408,single_family,4.0,3.0,3180.0,7900.0,1987.0,Inactive,599000,2020-09-22T02:09:44.563Z,686,13.303018546545275
"6209-Wynfield-Ct,-Orlando,-FL-32819","6209 Wynfield Ct, Orlando, FL 32819",6209 Wynfield Ct,,Orlando,FL,32819,Orange County,28.455853,-81.504272,single_family,4.0,3.0,2594.0,7900.0,1987.0,Inactive,595000,2021-02-24T15:00:50.750Z,531,13.296318365198623
"6208-Masters-Blvd,-Unit-101,-Orlando,-FL-32819","6208 Masters Blvd, Unit 101, Orlando, FL 32819",6208 Masters Blvd,Unit 101,Orlando,FL,32819,Orange County,28.458671,-81.513612,condo,2.0,2.0,1657.0,7900.0,1987.0,Inactive,595000,2021-02-11T15:06:02.244Z,544,13.296318365198623
"7418-Lake-Marsha-Dr,-Orlando,-FL-32819","7418 Lake Marsha Dr, Orlando, FL 32819",7418 Lake Marsha Dr,,Orlando,FL,32819,Orange County,28.48202,-81.484483,single_family,3.0,2.0,1765.0,7900.0,1987.0,Inactive,574900,2020-11-20T20:59:27.383Z,626,13.261953131042814
"9102-Brookline-Ct,-Orlando,-FL-32819","9102 Brookline Ct, Orlando, FL 32819",9102 Brookline Ct,,Orlando,FL,32819,Orange County,28.474952,-81.511061,single_family,4.0,3.0,2898.0,7900.0,1987.0,Inactive,565000,2020-10-04T17:03:23.082Z,673,13.244582780038517
"8031-Winpine-Ct,-Orlando,-FL-32819","8031 Winpine Ct, Orlando, FL 32819",8031 Winpine Ct,,Orlando,FL,32819,Orange County,28.493251,-81.494523,single_family,3.0,4.0,2934.0,7900.0,1987.0,Inactive,550000,2021-02-11T15:01:15.902Z,544,13.217675375388819
"8945-Charleston-Park,-Orlando,-FL-32819","8945 Charleston Park, Orlando, FL 32819",8945 Charleston Park,,Orlando,FL,32819,Orange County,28.464141,-81.505602,single_family,3.0,2.0,2033.0,7900.0,1987.0,Inactive,540000,2020-09-22T02:09:16.548Z,686,13.199326270390594
"6011-Jamestown-Park,-Unit-121,-Orlando,-FL-32819","6011 Jamestown Park, Unit 121, Orlando, FL 32819",6011 Jamestown Park,Unit 121,Orlando,FL,32819,Orange County,28.464072,-81.502178,single_family,3.0,2.0,2676.0,7900.0,1987.0,Inactive,529000,2020-10-22T17:05:01.603Z,655,13.178745601197818
"5500-Turkey-Lake-Rd,-Orlando,-FL-32819","5500 Turkey Lake Rd, Orlando, FL 32819",5500 Turkey Lake Rd,,Orlando,FL,32819,Orange County,28.483731,-81.477171,single_family,4.0,3.0,2388.0,7900.0,1987.0,Inactive,521000,2021-02-11T14:57:44.213Z,544,13.163507240119458
"6993-Edgeworth-Dr,-Orlando,-FL-32819","6993 Edgeworth Dr, Orlando, FL 32819",6993 Edgeworth Dr,,Orlando,FL,32819,Orange County,28.467619,-81.480838,single_family,4.0,2.0,2255.0,7900.0,1987.0,Inactive,512500,2020-09-22T02:09:09.623Z,686,13.147057941212308
"5527-Brookline-Dr,-Orlando,-FL-32819","5527 Brookline Dr, Orlando, FL 32819",5527 Brookline Dr,,Orlando,FL,32819,Orange County,28.471387,-81.507498,single_family,4.0,2.0,2475.0,7900.0,1987.0,Inactive,519500,2020-11-11T19:27:35.787Z,635,13.160624014447382
"6124-Saint-Ives-Blvd,-Orlando,-FL-32819","6124 Saint Ives Blvd, Orlando, FL 32819",6124 Saint Ives Blvd,,Orlando,FL,32819,Orange County,28.4737,-81.490055,single_family,5.0,3.0,2759.0,7900.0,1987.0,Inactive,495000,2020-10-06T18:00:10.166Z,671,13.112315061750808
"5208-Patricia-Dr,-Orlando,-FL-32819","5208 Patricia Dr, Orlando, FL 32819",5208 Patricia Dr,,Orlando,FL,32819,Orange County,28.484783,-81.467454,single_family,5.0,4.0,2912.0,7900.0,1987.0,Inactive,485000,2020-12-10T16:30:09.556Z,606,13.091906231773164
"7218-Green-Pine-Ct,-Orlando,-FL-32819","7218 Green Pine Ct, Orlando, FL 32819",7218 Green Pine Ct,,Orlando,FL,32819,Orange County,28.472079,-81.480172,single_family,4.0,3.0,2496.0,7900.0,1987.0,Inactive,475000,2020-09-22T00:38:43.397Z,686,13.07107218827772
"6852-Lucca-St,-Orlando,-FL-32819","6852 Lucca St, Orlando, FL 32819",6852 Lucca St,,Orlando,FL,32819,Orange County,28.460153,-81.476176,single_family,4.0,3.0,2941.0,7900.0,1987.0,Inactive,475000,2020-12-08T16:02:06.419Z,609,13.07107218827772
"7200-Moss-Leaf-Ln,-Orlando,-FL-32819","7200 Moss Leaf Ln, Orlando, FL 32819",7200 Moss Leaf Ln,,Orlando,FL,32819,Orange County,28.470528,-81.480391,single_family,4.0,3.0,2602.0,7900.0,1987.0,Inactive,465600,2021-02-19T15:46:55.826Z,536,13.051084323163382
"6412-Parson-Brown-Dr,-Orlando,-FL-32819","6412 Parson Brown Dr, Orlando, FL 32819",6412 Parson Brown Dr,,Orlando,FL,32819,Orange County,28.467907,-81.488739,single_family,3.0,2.0,1828.0,7900.0,1987.0,Inactive,449000,2021-02-26T14:18:41.647Z,529,13.014780393893403
"5802-Bimini-Twist-Ln,-Orlando,-FL-32819","5802 Bimini Twist Ln, Orlando, FL 32819",5802 Bimini Twist Ln,,Orlando,FL,32819,Orange County,28.442214,-81.481119,condo,3.0,2.0,1810.0,7900.0,1987.0,Inactive,441590,2020-10-30T16:56:47.582Z,647,12.998139393302557
"6944-Edgeworth-Dr,-Orlando,-FL-32819","6944 Edgeworth Dr, Orlando, FL 32819",6944 Edgeworth Dr,,Orlando,FL,32819,Orange County,28.467022,-81.478688,single_family,4.0,2.0,2274.0,7900.0,1987.0,Inactive,440000,2021-02-11T14:50:52.631Z,544,12.994532278619134
"8458-Shady-Glen-Dr,-Orlando,-FL-32819","8458 Shady Glen Dr, Orlando, FL 32819",8458 Shady Glen Dr,,Orlando,FL,32819,Orange County,28.473136,-81.499676,single_family,4.0,2.0,1951.0,7900.0,1987.0,Inactive,440000,2021-03-06T14:33:42.948Z,521,12.994532278619134
"6321-Hidden-Valley-Ct,-Orlando,-FL-32819","6321 Hidden Valley Ct, Orlando, FL 32819",6321 Hidden Valley Ct,,Orlando,FL,32819,Orange County,28.470865,-81.500021,single_family,4.0,2.0,1943.0,7900.0,1987.0,Inactive,439900,2021-02-11T14:46:48.063Z,544,12.994304980578146
"7921-Palmdale-Dr,-Orlando,-FL-32819","7921 Palmdale Dr, Orlando, FL 32819",7921 Palmdale Dr,,Orlando,FL,32819,Orange County,28.488985,-81.489713,single_family,4.0,3.0,2176.0,7900.0,1987.0,Inactive,429000,2021-02-11T14:46:43.301Z,544,12.969214528909768
"7633-Orange-Tree-Ln,-Orlando,-FL-32819","7633 Orange Tree Ln, Orlando, FL 32819",7633 Orange Tree Ln,,Orlando,FL,32819,Orange County,28.465458,-81.489007,single_family,4.0,3.0,2193.0,7900.0,1987.0,Inactive,429000,2020-09-22T01:45:49.609Z,686,12.969214528909768
"6429-Doubletrace-Ln,-Orlando,-FL-32819","6429 Doubletrace Ln, Orlando, FL 32819",6429 Doubletrace Ln,,Orlando,FL,32819,Orange County,28.46805,-81.490732,single_family,2.0,2.0,1491.0,7900.0,1987.0,Inactive,405000,2020-09-22T01:55:40.942Z,686,12.91164481522143
"6165-Sandcrest-Cir,-Orlando,-FL-32819","6165 Sandcrest Cir, Orlando, FL 32819",6165 Sandcrest Cir,,Orlando,FL,32819,Orange County,28.483633,-81.46558,single_family,6.0,4.0,2387.0,7900.0,1987.0,Inactive,400000,2020-12-17T16:09:38.592Z,600,12.899222326086994
"7580-Toscana-Blvd,-Apt-843,-Orlando,-FL-32819","7580 Toscana Blvd, Apt 843, Orlando, FL 32819",7580 Toscana Blvd,Apt 843,Orlando,FL,32819,Orange County,28.454734,-81.478044,condo,3.0,2.0,2030.0,7900.0,1987.0,Inactive,400000,2021-02-11T14:41:14.253Z,544,12.899222326086994
"6022-Marlberry-Dr,-Orlando,-FL-32819","6022 Marlberry Dr, Orlando, FL 32819",6022 Marlberry Dr,,Orlando,FL,32819,Orange County,28.464344,-81.500914,single_family,4.0,2.0,1947.0,7900.0,1987.0,Inactive,399995,2021-02-11T14:41:14.251Z,544,12.899209826040119
"5025-Shoreway-Loop,-Unit-30803,-Orlando,-FL-32819","5025 Shoreway Loop, Unit 30803, Orlando, FL 32819",5025 Shoreway Loop,Unit 30803,Orlando,FL,32819,Orange County,28.429418,-81.449977,condo,3.0,2.0,2097.0,7900.0,1987.0,Inactive,399000,2020-09-22T01:18:31.310Z,686,12.896719202134523
"6414-Edgeworth-Dr,-Orlando,-FL-32819","6414 Edgeworth Dr, Orlando, FL 32819",6414 Edgeworth Dr,,Orlando,FL,32819,Orange County,28.468798,-81.48432,condo,2.0,2.0,1496.0,7900.0,1987.0,Inactive,399000,2021-02-11T14:36:27.674Z,544,12.896719202134523
"7308-Burnway-Dr,-Orlando,-FL-32819","7308 Burnway Dr, Orlando, FL 32819",7308 Burnway Dr,,Orlando,FL,32819,Orange County,28.458097,-81.49837,single_family,3.0,2.0,1710.0,7900.0,1987.0,Inactive,374900,2021-02-11T14:27:15.537Z,544,12.834417270098413
"8331-Banyan-Blvd,-Orlando,-FL-32819","8331 Banyan Blvd, Orlando, FL 32819",8331 Banyan Blvd,,Orlando,FL,32819,Orange County,28.467922,-81.497559,single_family,4.0,3.0,2053.0,7900.0,1987.0,Inactive,359900,2021-03-02T14:15:17.439Z,525,12.79358427261286
"6620-Winder-Lynne-Ln,-Orlando,-FL-32819","6620 Winder Lynne Ln, Orlando, FL 32819",6620 Winder Lynne Ln,,Orlando,FL,32819,Orange County,28.490251,-81.472259,single_family,4.0,3.0,2056.0,7900.0,1987.0,Inactive,351000,2021-02-11T14:23:59.988Z,544,12.768544351446794
"7550-Hinson-St,-Apt-6A,-Orlando,-FL-32819","7550 Hinson St, Apt 6A, Orlando, FL 32819",7550 Hinson St,Apt 6A,Orlando,FL,32819,Orange County,28.451628,-81.484633,condo,2.0,2.0,1870.0,7900.0,1987.0,Inactive,334400,2020-09-22T00:05:03.280Z,686,12.720096150618835
"5142-Greenway-Dr,-Orlando,-FL-32819","5142 Greenway Dr, Orlando, FL 32819",5142 Greenway Dr,,Orlando,FL,32819,Orange County,28.4882,-81.478058,single_family,3.0,2.0,1440.0,7900.0,1987.0,Inactive,329900,2021-03-05T14:09:40.382Z,522,12.706547888433661
"4013-Breakview-Dr,-Unit-405,-Orlando,-FL-32819","4013 Breakview Dr, Unit 405, Orlando, FL 32819",4013 Breakview Dr,Unit 405,Orlando,FL,32819,Orange County,28.425301,-81.444655,condo,3.0,2.0,1256.0,7900.0,1987.0,Inactive,325000,2021-02-11T14:20:56.567Z,544,12.691583538230217
"8036-Cool-Breeze-Dr,-Unit-139,-Orlando,-FL-32819","8036 Cool Breeze Dr, Unit 139, Orlando, FL 32819",8036 Cool Breeze Dr,Unit 139,Orlando,FL,32819,Orange County,28.42961,-81.452269,condo,3.0,2.0,1746.0,7900.0,1987.0,Inactive,320000,2020-10-30T16:20:39.976Z,648,12.676079399771027
"8212-Breeze-Cove-Ln,-Orlando,-FL-32819","8212 Breeze Cove Ln, Orlando, FL 32819",8212 Breeze Cove Ln,,Orlando,FL,32819,Orange County,28.454049,-81.495498,condo,3.0,2.0,1850.0,7900.0,1987.0,Inactive,315000,2021-02-19T15:14:08.086Z,536,12.660331092405906
"6948-Hochad-Dr,-Orlando,-FL-32819","6948 Hochad Dr, Orlando, FL 32819",6948 Hochad Dr,,Orlando,FL,32819,Orange County,28.462201,-81.480899,condo,3.0,2.0,1656.0,7900.0,1987.0,Inactive,314900,2021-02-11T14:15:22.950Z,544,12.66001358269538
"6826-Sperone-St,-Orlando,-FL-32819","6826 Sperone St, Orlando, FL 32819",6826 Sperone St,,Orlando,FL,32819,Orange County,28.462961,-81.479072,condo,3.0,2.0,1672.0,7900.0,1987.0,Inactive,305000,2021-02-11T14:15:22.934Z,544,12.628070334272698
"4814-Cayview-Ave,-Unit-30913,-Orlando,-FL-32819","4814 Cayview Ave, Unit 30913, Orlando, FL 32819",4814 Cayview Ave,Unit 30913,Orlando,FL,32819,Orange County,28.42848,-81.446196,condo,3.0,2.0,1447.0,7900.0,1987.0,Inactive,299900,2021-02-25T14:52:11.296Z,530,12.611207699176356
"5622-Clearview-Dr,-Orlando,-FL-32819","5622 Clearview Dr, Orlando, FL 32819",5622 Clearview Dr,,Orlando,FL,32819,Orange County,28.48177,-81.478009,single_family,3.0,2.0,1479.0,7900.0,1987.0,Inactive,279000,2020-12-08T14:38:27.978Z,609,12.53897064502647
"4102-Breakview-Dr,-Unit-30303,-Orlando,-FL-32819","4102 Breakview Dr, Unit 30303, Orlando, FL 32819",4102 Breakview Dr,Unit 30303,Orlando,FL,32819,Orange County,28.424803,-81.445429,condo,3.0,2.0,1247.0,7900.0,1987.0,Inactive,260000,2020-09-21T21:40:35.395Z,686,12.468440756144114
"4114-Breakview-Dr,-Unit-40602,-Orlando,-FL-32819","4114 Breakview Dr, Unit 40602, Orlando, FL 32819",4114 Breakview Dr,Unit 40602,Orlando,FL,32819,Orange County,28.425731,-81.445844,condo,3.0,2.0,1247.0,7900.0,1987.0,Inactive,256300,2021-02-11T13:47:52.883Z,544,12.454107814022272
"7732-Prato-Ave,-Orlando,-FL-32819","7732 Prato Ave, Orlando, FL 32819",7732 Prato Ave,,Orlando,FL,32819,Orange County,28.452943,-81.44728,single_family,2.0,1.0,840.0,7900.0,1987.0,Inactive,175000,2020-12-21T14:19:26.575Z,596,12.07254696717504
"5533-Emerson-Pointe-Way,-Orlando,-FL-32819","5533 Emerson Pointe Way, Orlando, FL 32819",5533 Emerson Pointe Way,,Orlando,FL,32819,Orange County,28.472304,-81.516147,single_family,4.0,4.0,4192.0,7900.0,1987.0,Inactive,975000,2020-10-03T18:00:18.858Z,674,13.790193775620484
"5946-Peregrine-Ave,-Unit-B03,-Orlando,-FL-32819","5946 Peregrine Ave, Unit B03, Orlando, FL 32819",5946 Peregrine Ave,Unit B03,Orlando,FL,32819,Orange County,28.486842,-81.462078,condo,1.0,1.0,918.0,7900.0,1987.0,Inactive,125000,2021-02-05T11:47:09.352Z,550,11.736077016252437
"6165-Carrier-Dr,-Unit-1706,-Orlando,-FL-32819","6165 Carrier Dr, Unit 1706, Orlando, FL 32819",6165 Carrier Dr,Unit 1706,Orlando,FL,32819,Orange County,28.456858,-81.467791,condo,2.0,2.0,583.0,7900.0,1987.0,Inactive,119000,2021-02-11T10:56:15.790Z,544,11.686887175419702
"9123-Brookline-Dr,-Orlando,-FL-32819","9123 Brookline Dr, Orlando, FL 32819",9123 Brookline Dr,,Orlando,FL,32819,Orange County,28.476559,-81.512272,single_family,4.0,3.0,2394.0,7900.0,1987.0,Inactive,489900,2021-02-11T14:56:03.134Z,544,13.101958608857487
"7755-Windbreak-Rd,-Orlando,-FL-32819","7755 Windbreak Rd, Orlando, FL 32819",7755 Windbreak Rd,,Orlando,FL,32819,Orange County,28.453194,-81.492737,condo,3.0,2.0,1760.0,7900.0,1987.0,Inactive,319900,2020-12-23T16:21:38.587Z,593,12.675766851909591
"7428-Somerset-Shores-Ct,-Orlando,-FL-32819","7428 Somerset Shores Ct, Orlando, FL 32819",7428 Somerset Shores Ct,,Orlando,FL,32819,Orange County,28.454426,-81.487494,condo,3.0,2.0,1738.0,7900.0,1987.0,Inactive,399900,2021-02-11T14:41:14.247Z,544,12.89897229545694
"5036-Shoreway-Loop,-Unit-202,-Orlando,-FL-32819","5036 Shoreway Loop, Unit 202, Orlando, FL 32819",5036 Shoreway Loop,Unit 202,Orlando,FL,32819,Orange County,28.428649,-81.450989,condo,3.0,2.0,2001.0,7900.0,1987.0,Inactive,374999,2020-10-28T16:51:09.620Z,649,12.834681304952548
"8235-Ambrose-Cove-Way,-Orlando,-FL-32819","8235 Ambrose Cove Way, Orlando, FL 32819",8235 Ambrose Cove Way,,Orlando,FL,32819,Orange County,28.455251,-81.496027,condo,3.0,2.0,1850.0,7900.0,1987.0,Inactive,306000,2020-09-21T23:40:32.696Z,686,12.631343648903034
"6165-Carrier-Dr,-Unit-2702,-Orlando,-FL-32819","6165 Carrier Dr, Unit 2702, Orlando, FL 32819",6165 Carrier Dr,Unit 2702,Orlando,FL,32819,Orange County,28.456566,-81.467035,condo,2.0,2.0,578.0,7900.0,1987.0,Inactive,174900,2020-09-20T19:16:03.709Z,687,12.071975378543236
"6068-Masters-Blvd,-Orlando,-FL-32819","6068 Masters Blvd, Orlando, FL 32819",6068 Masters Blvd,,Orlando,FL,32819,Orange County,28.464744,-81.512528,single_family,5.0,4.0,4112.0,7900.0,1987.0,Inactive,670000,2020-12-16T15:46:23.902Z,601,13.415034483903348
"6165-Carrier-Dr,-Unit-2404,-Orlando,-FL-32819","6165 Carrier Dr, Unit 2404, Orlando, FL 32819",6165 Carrier Dr,Unit 2404,Orlando,FL,32819,Orange County,28.456656,-81.467136,condo,2.0,2.0,583.0,7900.0,1987.0,Inactive,169800,2020-09-20T19:16:03.703Z,687,12.04238244212355
"9156-N-Bay-Blvd,-Orlando,-FL-32819","9156 N Bay Blvd, Orlando, FL 32819",9156 N Bay Blvd,,Orlando,FL,32819,Orange County,28.477812,-81.511703,single_family,4.0,3.0,2990.0,7900.0,1987.0,Inactive,555000,2021-02-11T15:01:15.873Z,544,13.22672519452875
"5838-Bimini-Twist-Loop,-Orlando,-FL-32819","5838 Bimini Twist Loop, Orlando, FL 32819",5838 Bimini Twist Loop,,Orlando,FL,32819,Orange County,28.442626,-81.480911,single_family,3.0,2.0,1810.0,7900.0,1987.0,Inactive,449720,2020-09-22T01:45:49.612Z,686,13.016382669467022
"6845-Tamarind-Cir,-Orlando,-FL-32819","6845 Tamarind Cir, Orlando, FL 32819",6845 Tamarind Cir,,Orlando,FL,32819,Orange County,28.462407,-81.496908,single_family,3.0,2.0,1861.0,7900.0,1987.0,Inactive,379000,2020-12-05T16:11:21.832Z,611,12.84529412258351
"7310-Cypress-Grove-Rd,-Unit-65,-Orlando,-FL-32819","7310 Cypress Grove Rd, Unit 65, Orlando, FL 32819",7310 Cypress Grove Rd,Unit 65,Orlando,FL,32819,Orange County,28.460538,-81.483646,condo,3.0,2.0,2384.0,7900.0,1987.0,Inactive,343999,2020-12-18T17:41:11.200Z,598,12.748396936355535
"6857-Piazza-St,-Unit-1,-Orlando,-FL-32819","6857 Piazza St, Unit 1, Orlando, FL 32819",6857 Piazza St,Unit 1,Orlando,FL,32819,Orange County,28.457592,-81.476771,condo,3.0,2.0,2116.0,7900.0,1987.0,Inactive,339000,2021-02-11T14:21:06.277Z,544,12.733758336210744
"5037-Shoreway-Loop,-Unit-205,-Orlando,-FL-32819","5037 Shoreway Loop, Unit 205, Orlando, FL 32819",5037 Shoreway Loop,Unit 205,Orlando,FL,32819,Orange County,28.429341,-81.451005,condo,2.0,2.0,1823.0,7900.0,1987.0,Inactive,270000,2020-11-02T16:47:14.626Z,644,12.506180941677357
"5107-Caserta-St,-Orlando,-FL-32819","5107 Caserta St, Orlando, FL 32819",5107 Caserta St,,Orlando,FL,32819,Orange County,28.455174,-81.448689,single_family,3.0,2.0,1000.0,7900.0,1987.0,Inactive,210000,2021-02-11T13:18:58.391Z,544,12.25486757159303
"8925-Charleston-Park,-Orlando,-FL-32819","8925 Charleston Park, Orlando, FL 32819",8925 Charleston Park,,Orlando,FL,32819,Orange County,28.465008,-81.504613,single_family,2.0,2.0,2381.0,7900.0,1987.0,Inactive,530000,2021-02-11T15:01:01.281Z,544,13.180634172318978
"7692-Apple-Tree-Cir,-Orlando,-FL-32819","7692 Apple Tree Cir, Orlando, FL 32819",7692 Apple Tree Cir,,Orlando,FL,32819,Orange County,28.475227,-81.491112,single_family,4.0,3.0,2983.0,7900.0,1987.0,Inactive,479999,2020-09-28T17:10:48.388Z,679,13.081541382884074
"9134-Brookline-Dr,-Orlando,-FL-32819","9134 Brookline Dr, Orlando, FL 32819",9134 Brookline Dr,,Orlando,FL,32819,Orange County,28.47621,-81.513081,single_family,3.0,2.0,1790.0,7900.0,1987.0,Inactive,469900,2020-11-11T19:25:16.771Z,635,13.060277313201007
"5502-Meadow-Pine-Ct,-Orlando,-FL-32819","5502 Meadow Pine Ct, Orlando, FL 32819",5502 Meadow Pine Ct,,Orlando,FL,32819,Orange County,28.484461,-81.488755,single_family,4.0,3.0,2825.0,7900.0,1987.0,Inactive,449900,2020-11-13T16:19:53.165Z,633,13.016782837542953
"5840-Windhover-Dr,-Unit-584,-Orlando,-FL-32819","5840 Windhover Dr, Unit 584, Orlando, FL 32819",5840 Windhover Dr,Unit 584,Orlando,FL,32819,Orange County,28.484583,-81.460913,condo,2.0,2.0,1193.0,7900.0,1987.0,Inactive,155900,2021-02-11T12:03:40.856Z,544,11.956976469393481
"8161-Oakland-Pl,-Orlando,-FL-32819","8161 Oakland Pl, Orlando, FL 32819",8161 Oakland Pl,,Orlando,FL,32819,Orange County,28.487809,-81.495625,single_family,5.0,4.0,2935.0,7900.0,1987.0,Inactive,695000,2020-10-13T17:35:08.747Z,664,13.451668563394815
"6820-Lucca-St,-Orlando,-FL-32819","6820 Lucca St, Orlando, FL 32819",6820 Lucca St,,Orlando,FL,32819,Orange County,28.460151,-81.475532,single_family,4.0,3.0,2809.0,7900.0,1987.0,Inactive,440000,2020-09-22T01:55:47.946Z,686,12.994532278619134
"8138-Bluestar-Cir,-Orlando,-FL-32819","8138 Bluestar Cir, Orlando, FL 32819",8138 Bluestar Cir,,Orlando,FL,32819,Orange County,28.471064,-81.493266,single_family,4.0,2.0,1887.0,7900.0,1987.0,Inactive,340000,2020-09-22T00:42:02.977Z,686,12.73670383776449
"8915-Latrec-Ave,-Unit-2101,-Orlando,-FL-32819","8915 Latrec Ave, Unit 2101, Orlando, FL 32819",8915 Latrec Ave,Unit 2101,Orlando,FL,32819,Orange County,28.436298,-81.477821,condo,1.0,1.0,671.0,7900.0,1987.0,Inactive,124000,2020-09-15T19:27:14.997Z,692,11.728044909070785
"7617-Toscana-Blvd,-Orlando,-FL-32819","7617 Toscana Blvd, Orlando, FL 32819",7617 Toscana Blvd,,Orlando,FL,32819,Orange County,28.455065,-81.479103,single_family,4.0,3.0,4278.0,7900.0,1987.0,Inactive,990990,2020-09-22T02:30:20.462Z,686,13.806460731535266
"7452-Alpine-Butterfly-Ln,-Orlando,-FL-32819","7452 Alpine Butterfly Ln, Orlando, FL 32819",7452 Alpine Butterfly Ln,,Orlando,FL,32819,Orange County,28.441373,-81.482081,single_family,5.0,4.0,3871.0,7900.0,1987.0,Inactive,1064637,2020-09-22T02:30:20.456Z,686,13.878145393241203
"5000-Cayview-Ave,-Unit-20408,-Orlando,-FL-32819","5000 Cayview Ave, Unit 20408, Orlando, FL 32819",5000 Cayview Ave,Unit 20408,Orlando,FL,32819,Orange County,28.429292,-81.449007,condo,3.0,2.0,1447.0,7900.0,1987.0,Inactive,285000,2020-09-21T23:28:14.492Z,686,12.560247968016562
"8041-Palm-Lake-Dr,-Orlando,-FL-32819","8041 Palm Lake Dr, Orlando, FL 32819",8041 Palm Lake Dr,,Orlando,FL,32819,Orange County,28.477862,-81.493545,single_family,3.0,3.0,1865.0,7900.0,1987.0,Inactive,449000,2020-09-22T01:55:47.934Z,686,13.014780393893403
"5301-Bay-Lagoon-Cir,-Orlando,-FL-32819","5301 Bay Lagoon Cir, Orlando, FL 32819",5301 Bay Lagoon Cir,,Orlando,FL,32819,Orange County,28.487293,-81.484638,single_family,4.0,2.0,1867.0,7900.0,1987.0,Inactive,359900,2021-02-11T14:24:59.040Z,544,12.79358427261286
"7673-Sugar-Bend-Dr,-Orlando,-FL-32819","7673 Sugar Bend Dr, Orlando, FL 32819",7673 Sugar Bend Dr,,Orlando,FL,32819,Orange County,28.455081,-81.494221,condo,3.0,2.0,1169.0,7900.0,1987.0,Inactive,236000,2020-09-21T21:20:38.128Z,686,12.371591321286905
"6261-Silver-Glen-Ct,-Orlando,-FL-32819","6261 Silver Glen Ct, Orlando, FL 32819",6261 Silver Glen Ct,,Orlando,FL,32819,Orange County,28.471919,-81.497967,single_family,4.0,2.0,1671.0,7900.0,1987.0,Inactive,319000,2020-11-07T16:02:40.698Z,639,12.672949516558306
"7033-Crestlake-Dr,-Orlando,-FL-32819","7033 Crestlake Dr, Orlando, FL 32819",7033 Crestlake Dr,,Orlando,FL,32819,Orange County,28.488252,-81.476774,single_family,3.0,2.0,1581.0,7900.0,1987.0,Inactive,325000,2021-02-11T14:20:56.571Z,544,12.691583538230217
"6114-Cedar-Pine-Dr,-Orlando,-FL-32819","6114 Cedar Pine Dr, Orlando, FL 32819",6114 Cedar Pine Dr,,Orlando,FL,32819,Orange County,28.476183,-81.49058,single_family,4.0,2.0,2004.0,7900.0,1987.0,Inactive,425000,2021-02-11T14:46:43.293Z,544,12.959846800844963
"7541-Clementine-Way,-Orlando,-FL-32819","7541 Clementine Way, Orlando, FL 32819",7541 Clementine Way,,Orlando,FL,32819,Orange County,28.461354,-81.486659,single_family,3.0,2.0,1830.0,7900.0,1987.0,Inactive,400000,2021-02-11T14:41:14.252Z,544,12.899222326086994
"5025-Shoreway-Loop,-Unit-40603,-Orlando,-FL-32819","5025 Shoreway Loop, Unit 40603, Orlando, FL 32819",5025 Shoreway Loop,Unit 40603,Orlando,FL,32819,Orange County,28.429407,-81.450115,condo,3.0,2.0,2001.0,7900.0,1987.0,Inactive,351000,2020-12-04T04:49:02.885Z,613,12.768544351446794
"7320-Burnway-Dr,-Orlando,-FL-32819","7320 Burnway Dr, Orlando, FL 32819",7320 Burnway Dr,,Orlando,FL,32819,Orange County,28.457674,-81.498487,single_family,4.0,2.0,1819.0,7900.0,1987.0,Inactive,375000,2021-02-11T14:29:15.065Z,544,12.834683971615659
"8236-Tansy-Dr,-Orlando,-FL-32819","8236 Tansy Dr, Orlando, FL 32819",8236 Tansy Dr,,Orlando,FL,32819,Orange County,28.466328,-81.494441,single_family,3.0,2.0,1638.0,7900.0,1987.0,Inactive,349000,2020-12-11T16:34:25.038Z,605,12.762830066509972
"8849-Latrec-Ave,-Unit-4303,-Orlando,-FL-32819","8849 Latrec Ave, Unit 4303, Orlando, FL 32819",8849 Latrec Ave,Unit 4303,Orlando,FL,32819,Orange County,28.436716,-81.478822,condo,1.0,1.0,671.0,7900.0,1987.0,Inactive,122000,2020-11-22T12:04:45.280Z,625,11.711784520403112
"6708-Bittersweet-Ln,-Orlando,-FL-32819","6708 Bittersweet Ln, Orlando, FL 32819",6708 Bittersweet Ln,,Orlando,FL,32819,Orange County,28.464069,-81.486803,single_family,4.0,3.0,2346.0,7900.0,1987.0,Inactive,445000,2020-12-04T05:00:10.760Z,613,13.005831808336863
"4760-High-Oak-Ct,-Orlando,-FL-32819","4760 High Oak Ct, Orlando, FL 32819",4760 High Oak Ct,,Orlando,FL,32819,Orange County,28.492514,-81.471896,single_family,4.0,3.0,2332.0,7900.0,1987.0,Inactive,352800,2020-09-22T00:42:02.968Z,686,12.773659437577876
"6165-Carrier-Dr,-Unit-2111,-Orlando,-FL-32819","6165 Carrier Dr, Unit 2111, Orlando, FL 32819",6165 Carrier Dr,Unit 2111,Orlando,FL,32819,Orange County,28.456566,-81.467035,condo,1.0,1.0,408.0,7900.0,1987.0,Inactive,84900,2020-09-15T19:16:09.129Z,692,11.349241150793087
"9326-Cypress-Cove-Dr,-Orlando,-FL-32819","9326 Cypress Cove Dr, Orlando, FL 32819",9326 Cypress Cove Dr,,Orlando,FL,32819,Orange County,28.447939,-81.514907,single_family,4.0,3.0,4086.0,7900.0,1987.0,Inactive,1600000,2020-09-22T02:39:58.458Z,686,14.285514812209815
"6043-Pine-Valley-Dr,-Orlando,-FL-32819","6043 Pine Valley Dr, Orlando, FL 32819",6043 Pine Valley Dr,,Orlando,FL,32819,Orange County,28.464589,-81.514332,single_family,5.0,4.0,4308.0,7900.0,1987.0,Inactive,950000,2020-10-16T17:53:25.077Z,661,13.76421831620775
"7615-Toscana-Blvd,-Orlando,-FL-32819","7615 Toscana Blvd, Orlando, FL 32819",7615 Toscana Blvd,,Orlando,FL,32819,Orange County,28.455145,-81.479047,single_family,6.0,6.0,4241.0,7900.0,1987.0,Inactive,925000,2020-09-22T02:29:03.812Z,686,13.73755009757506
"6113-Masters-Blvd,-Orlando,-FL-32819","6113 Masters Blvd, Orlando, FL 32819",6113 Masters Blvd,,Orlando,FL,32819,Orange County,28.461416,-81.513281,single_family,4.0,4.0,4820.0,7900.0,1987.0,Inactive,925000,2020-09-22T02:29:03.822Z,686,13.73755009757506
"9241-Hidden-Bay-Ln,-Orlando,-FL-32819","9241 Hidden Bay Ln, Orlando, FL 32819",9241 Hidden Bay Ln,,Orlando,FL,32819,Orange County,28.448958,-81.514203,single_family,5.0,4.0,4995.0,7900.0,1987.0,Inactive,909000,2020-12-04T05:18:18.772Z,613,13.720101473269022
"9136-Bay-Hill-Blvd,-Orlando,-FL-32819","9136 Bay Hill Blvd, Orlando, FL 32819",9136 Bay Hill Blvd,,Orlando,FL,32819,Orange County,28.45298,-81.512374,single_family,6.0,5.0,5073.0,7900.0,1987.0,Inactive,825000,2020-09-22T02:27:04.525Z,686,13.623139877437296
"8401-Lyric-Ct,-Orlando,-FL-32819","8401 Lyric Ct, Orlando, FL 32819",8401 Lyric Ct,,Orlando,FL,32819,Orange County,28.457654,-81.500799,single_family,4.0,3.0,3598.0,7900.0,1987.0,Inactive,799000,2020-10-09T17:44:33.826Z,668,13.591117476312084
"8420-Lyric-Ct,-Orlando,-FL-32819","8420 Lyric Ct, Orlando, FL 32819",8420 Lyric Ct,,Orlando,FL,32819,Orange County,28.457367,-81.501751,single_family,3.0,2.0,3187.0,7900.0,1987.0,Inactive,750000,2020-09-22T02:25:26.733Z,686,13.527829818844937
"9208-Hidden-Bay-Ln,-Orlando,-FL-32819","9208 Hidden Bay Ln, Orlando, FL 32819",9208 Hidden Bay Ln,,Orlando,FL,32819,Orange County,28.450119,-81.514523,single_family,4.0,4.0,3972.0,7900.0,1987.0,Inactive,750000,2020-10-21T17:39:22.818Z,656,13.527829818844937
"5719-Liberty-Garden-Ct,-Orlando,-FL-32819","5719 Liberty Garden Ct, Orlando, FL 32819",5719 Liberty Garden Ct,,Orlando,FL,32819,Orange County,28.479523,-81.492251,single_family,4.0,3.0,4401.0,7900.0,1987.0,Inactive,724900,2020-09-22T02:24:02.344Z,686,13.493790372788638
"9117-Brookline-Dr,-Orlando,-FL-32819","9117 Brookline Dr, Orlando, FL 32819",9117 Brookline Dr,,Orlando,FL,32819,Orange County,28.476396,-81.51195,single_family,4.0,3.0,3488.0,7900.0,1987.0,Inactive,599900,2020-09-26T22:30:32.942Z,681,13.304519920584285
"6903-Phillips-Reserve-Ct,-Orlando,-FL-32819","6903 Phillips Reserve Ct, Orlando, FL 32819",6903 Phillips Reserve Ct,,Orlando,FL,32819,Orange County,28.489907,-81.472265,single_family,4.0,3.0,3989.0,7900.0,1987.0,Inactive,609000,2020-10-19T17:30:42.305Z,658,13.31957518872681
"6141-Donegal-Dr,-Orlando,-FL-32819","6141 Donegal Dr, Orlando, FL 32819",6141 Donegal Dr,,Orlando,FL,32819,Orange County,28.456575,-81.50484,single_family,3.0,2.0,2312.0,7900.0,1987.0,Inactive,599900,2020-12-05T16:31:06.665Z,611,13.304519920584285
"5981-Chesapeake-Park,-Orlando,-FL-32819","5981 Chesapeake Park, Orlando, FL 32819",5981 Chesapeake Park,,Orlando,FL,32819,Orange County,28.464692,-81.502705,single_family,3.0,2.0,2634.0,7900.0,1987.0,Inactive,535000,2020-10-29T17:20:51.928Z,648,13.190023895035274
"5027-Winwood-Way,-Orlando,-FL-32819","5027 Winwood Way, Orlando, FL 32819",5027 Winwood Way,,Orlando,FL,32819,Orange County,28.490485,-81.489185,single_family,4.0,2.0,2411.0,7900.0,1987.0,Inactive,499900,2020-11-12T18:10:54.970Z,634,13.12216535779974
"5528-Pine-Shade-Ct,-Orlando,-FL-32819","5528 Pine Shade Ct, Orlando, FL 32819",5528 Pine Shade Ct,,Orlando,FL,32819,Orange County,28.483397,-81.490865,single_family,4.0,3.0,2629.0,7900.0,1987.0,Inactive,444000,2020-09-22T01:55:40.948Z,686,13.003582093664077
"7554-Somerset-Shores-Ct,-Orlando,-FL-32819","7554 Somerset Shores Ct, Orlando, FL 32819",7554 Somerset Shores Ct,,Orlando,FL,32819,Orange County,28.45239,-81.4867,condo,3.0,2.0,1841.0,7900.0,1987.0,Inactive,414900,2020-09-22T01:45:49.614Z,686,12.935795216537384
"8225-Breeze-Cove-Ln,-Orlando,-FL-32819","8225 Breeze Cove Ln, Orlando, FL 32819",8225 Breeze Cove Ln,,Orlando,FL,32819,Orange County,28.454448,-81.495865,condo,3.0,2.0,1826.0,7900.0,1987.0,Inactive,398000,2020-12-11T16:55:50.820Z,605,12.894209796826232
"6406-Edgeworth-Dr,-Orlando,-FL-32819","6406 Edgeworth Dr, Orlando, FL 32819",6406 Edgeworth Dr,,Orlando,FL,32819,Orange County,28.468982,-81.484329,single_family,3.0,2.0,1633.0,7900.0,1987.0,Inactive,394500,2020-12-12T16:12:19.331Z,604,12.8853769541191
"5012-Shoreway-Loop,-Unit-20807,-Orlando,-FL-32819","5012 Shoreway Loop, Unit 20807, Orlando, FL 32819",5012 Shoreway Loop,Unit 20807,Orlando,FL,32819,Orange County,28.428438,-81.449553,condo,3.0,2.0,2097.0,7900.0,1987.0,Inactive,389000,2020-11-13T16:07:40.071Z,633,12.871337193291367
"5025-Shoreway-Loop,-Unit-20303,-Orlando,-FL-32819","5025 Shoreway Loop, Unit 20303, Orlando, FL 32819",5025 Shoreway Loop,Unit 20303,Orlando,FL,32819,Orange County,28.429241,-81.450437,condo,3.0,2.0,2097.0,7900.0,1987.0,Inactive,379900,2020-09-22T01:17:07.161Z,686,12.847665971443902
"5717-Sago-Palm-Dr,-Orlando,-FL-32819","5717 Sago Palm Dr, Orlando, FL 32819",5717 Sago Palm Dr,,Orlando,FL,32819,Orange County,28.482037,-81.487738,single_family,3.0,2.0,1905.0,7900.0,1987.0,Inactive,375000,2020-11-27T16:23:29.182Z,619,12.834683971615659
"7066-Villa-Estelle-Dr,-Orlando,-FL-32819","7066 Villa Estelle Dr, Orlando, FL 32819",7066 Villa Estelle Dr,,Orlando,FL,32819,Orange County,28.458758,-81.480764,single_family,3.0,2.0,1450.0,7900.0,1987.0,Inactive,369988,2020-12-10T16:01:00.036Z,606,12.82122855444874
"4816-Cayview-Ave,-Unit-20311,-Orlando,-FL-32819","4816 Cayview Ave, Unit 20311, Orlando, FL 32819",4816 Cayview Ave,Unit 20311,Orlando,FL,32819,Orange County,28.427926,-81.446685,condo,3.0,2.0,2097.0,7900.0,1987.0,Inactive,369000,2020-09-22T00:55:42.188Z,686,12.818554633046093
"7019-Burnway-Dr,-Orlando,-FL-32819","7019 Burnway Dr, Orlando, FL 32819",7019 Burnway Dr,,Orlando,FL,32819,Orange County,28.459878,-81.495794,single_family,4.0,2.0,1950.0,7900.0,1987.0,Inactive,355000,2020-12-10T15:53:31.068Z,606,12.779875885354993
"4752-Windsor-Ave,-Orlando,-FL-32819","4752 Windsor Ave, Orlando, FL 32819",4752 Windsor Ave,,Orlando,FL,32819,Orange County,28.492779,-81.47001,single_family,3.0,2.0,1579.0,7900.0,1987.0,Inactive,349900,2020-10-11T17:14:13.534Z,666,12.765405536311112
"4816-Cayview-Ave,-Unit-30311,-Orlando,-FL-32819","4816 Cayview Ave, Unit 30311, Orlando, FL 32819",4816 Cayview Ave,Unit 30311,Orlando,FL,32819,Orange County,28.427926,-81.446685,condo,3.0,2.0,2097.0,7900.0,1987.0,Inactive,349500,2020-11-04T16:01:26.200Z,642,12.764261701882237
"7652-Clubhouse-Estates-Dr,-Orlando,-FL-32819","7652 Clubhouse Estates Dr, Orlando, FL 32819",7652 Clubhouse Estates Dr,,Orlando,FL,32819,Orange County,28.456563,-81.498975,single_family,3.0,2.0,1895.0,7900.0,1987.0,Inactive,339900,2020-12-08T15:23:31.299Z,608,12.736409677721657
"4804-Cayview-Ave,-Unit-307,-Orlando,-FL-32819","4804 Cayview Ave, Unit 307, Orlando, FL 32819",4804 Cayview Ave,Unit 307,Orlando,FL,32819,Orange County,28.427726,-81.446116,condo,3.0,2.0,2097.0,7900.0,1987.0,Inactive,339000,2020-09-22T00:23:43.442Z,686,12.733758336210744
"7532-Toscana-Blvd,-Apt-512,-Orlando,-FL-32819","7532 Toscana Blvd, Apt 512, Orlando, FL 32819",7532 Toscana Blvd,Apt 512,Orlando,FL,32819,Orange County,28.455715,-81.478559,condo,2.0,2.0,2030.0,7900.0,1987.0,Inactive,320000,2020-09-21T23:49:39.044Z,686,12.676079399771027
"7550-Hinson-St,-Unit-4,-Orlando,-FL-32819","7550 Hinson St, Unit 4, Orlando, FL 32819",7550 Hinson St,Unit 4,Orlando,FL,32819,Orange County,28.451628,-81.484633,condo,2.0,2.0,1870.0,7900.0,1987.0,Inactive,319000,2020-10-09T16:36:42.773Z,668,12.672949516558306
"8035-Bayside-View-Dr,-Orlando,-FL-32819","8035 Bayside View Dr, Orlando, FL 32819",8035 Bayside View Dr,,Orlando,FL,32819,Orange County,28.454694,-81.493375,condo,3.0,2.0,1648.0,7900.0,1987.0,Inactive,315000,2020-09-21T23:52:12.987Z,686,12.660331092405906
"7736-Windbreak-Rd,-Orlando,-FL-32819","7736 Windbreak Rd, Orlando, FL 32819",7736 Windbreak Rd,,Orlando,FL,32819,Orange County,28.453501,-81.493374,condo,3.0,2.0,1670.0,7900.0,1987.0,Inactive,315000,2020-09-21T23:40:32.694Z,686,12.660331092405906
"8517-Cedar-Cove-Ct,-Orlando,-FL-32819","8517 Cedar Cove Ct, Orlando, FL 32819",8517 Cedar Cove Ct,,Orlando,FL,32819,Orange County,28.469704,-81.501714,single_family,3.0,2.0,1594.0,7900.0,1987.0,Inactive,314900,2020-12-04T03:56:49.697Z,613,12.66001358269538
"7727-High-Pine-Rd,-Orlando,-FL-32819","7727 High Pine Rd, Orlando, FL 32819",7727 High Pine Rd,,Orlando,FL,32819,Orange County,28.453046,-81.491851,condo,3.0,2.0,1653.0,7900.0,1987.0,Inactive,309900,2020-09-21T23:49:35.409Z,686,12.644008170618003
"8223-Ambrose-Cove-Way,-Orlando,-FL-32819","8223 Ambrose Cove Way, Orlando, FL 32819",8223 Ambrose Cove Way,,Orlando,FL,32819,Orange County,28.455255,-81.49578,condo,3.0,2.0,1648.0,7900.0,1987.0,Inactive,309900,2020-09-21T23:40:32.687Z,686,12.644008170618003
"4013-Breakview-Dr,-Unit-209,-Orlando,-FL-32819","4013 Breakview Dr, Unit 209, Orlando, FL 32819",4013 Breakview Dr,Unit 209,Orlando,FL,32819,Orange County,28.425301,-81.444655,condo,2.0,2.0,1300.0,7900.0,1987.0,Inactive,308000,2020-09-21T23:37:48.115Z,686,12.637858308703688
"6804-Hochad-Dr,-Orlando,-FL-32819","6804 Hochad Dr, Orlando, FL 32819",6804 Hochad Dr,,Orlando,FL,32819,Orange County,28.463506,-81.480906,condo,3.0,2.0,1668.0,7900.0,1987.0,Inactive,300000,2020-11-10T15:35:58.608Z,636,12.611541086966115
"8498-Caraway-Ct,-Orlando,-FL-32819","8498 Caraway Ct, Orlando, FL 32819",8498 Caraway Ct,,Orlando,FL,32819,Orange County,28.461069,-81.498607,single_family,3.0,2.0,1761.0,7900.0,1987.0,Inactive,299500,2020-11-09T15:37:17.758Z,637,12.60987303543023
"5311-Ridgeway-Dr,-Orlando,-FL-32819","5311 Ridgeway Dr, Orlando, FL 32819",5311 Ridgeway Dr,,Orlando,FL,32819,Orange County,28.485843,-81.478342,single_family,3.0,2.0,1420.0,7900.0,1987.0,Inactive,294900,2020-12-11T15:38:00.332Z,605,12.594394985777612
"7638-Bay-Port-Rd,-Unit-46,-Orlando,-FL-32819","7638 Bay Port Rd, Unit 46, Orlando, FL 32819",7638 Bay Port Rd,Unit 46,Orlando,FL,32819,Orange County,28.460203,-81.485534,condo,3.0,2.0,1831.0,7900.0,1987.0,Inactive,287000,2020-11-20T19:53:03.610Z,626,12.567240979056246
"8012-Cool-Breeze-Dr,-Unit-97,-Orlando,-FL-32819","8012 Cool Breeze Dr, Unit 97, Orlando, FL 32819",8012 Cool Breeze Dr,Unit 97,Orlando,FL,32819,Orange County,28.430283,-81.451781,condo,3.0,2.0,1746.0,7900.0,1987.0,Inactive,275000,2020-09-21T23:28:14.491Z,686,12.524530013005734
"5064-Tideview-Cir,-Unit-81,-Orlando,-FL-32819","5064 Tideview Cir, Unit 81, Orlando, FL 32819",5064 Tideview Cir,Unit 81,Orlando,FL,32819,Orange County,28.430383,-81.450976,condo,3.0,2.0,1777.0,7900.0,1987.0,Inactive,276900,2020-09-21T23:28:14.502Z,686,12.531415320564594
"4126-Breakview-Dr,-Unit-40901,-Orlando,-FL-32819","4126 Breakview Dr, Unit 40901, Orlando, FL 32819",4126 Breakview Dr,Unit 40901,Orlando,FL,32819,Orange County,28.426025,-81.446294,condo,3.0,2.0,1447.0,7900.0,1987.0,Inactive,274900,2020-09-21T22:57:25.887Z,686,12.524166311833152
"5075-Tideview-Cir,-Unit-55,-Orlando,-FL-32819","5075 Tideview Cir, Unit 55, Orlando, FL 32819",5075 Tideview Cir,Unit 55,Orlando,FL,32819,Orange County,28.430842,-81.451452,condo,3.0,2.0,1746.0,7900.0,1987.0,Inactive,269900,2020-09-21T22:39:06.641Z,686,12.505810504075185
"8000-Cool-Breeze-Dr,-Unit-108,-Orlando,-FL-32819","8000 Cool Breeze Dr, Unit 108, Orlando, FL 32819",8000 Cool Breeze Dr,Unit 108,Orlando,FL,32819,Orange County,28.430197,-81.451088,condo,3.0,2.0,1771.0,7900.0,1987.0,Inactive,268000,2020-09-21T23:34:25.322Z,686,12.498745990829315
"6276-Sandcrest-Cir,-Orlando,-FL-32819","6276 Sandcrest Cir, Orlando, FL 32819",6276 Sandcrest Cir,,Orlando,FL,32819,Orange County,28.484377,-81.465299,condo,3.0,2.0,1091.0,7900.0,1987.0,Inactive,249900,2020-10-24T15:30:05.951Z,653,12.428820118415677
"6274-Sandcrest-Cir,-Orlando,-FL-32819","6274 Sandcrest Cir, Orlando, FL 32819",6274 Sandcrest Cir,,Orlando,FL,32819,Orange County,28.484376,-81.465416,condo,3.0,2.0,1091.0,7900.0,1987.0,Inactive,249900,2020-10-24T15:27:21.654Z,653,12.428820118415677
"7866-Sugar-Bend-Dr,-Unit-7866,-Orlando,-FL-32819","7866 Sugar Bend Dr, Unit 7866, Orlando, FL 32819",7866 Sugar Bend Dr,Unit 7866,Orlando,FL,32819,Orange County,28.457677,-81.493253,condo,3.0,2.0,1212.0,7900.0,1987.0,Inactive,230000,2020-10-01T13:07:46.383Z,676,12.345838935721968
"7605-Pissarro-Dr,-Unit-13107,-Orlando,-FL-32819","7605 Pissarro Dr, Unit 13107, Orlando, FL 32819",7605 Pissarro Dr,Unit 13107,Orlando,FL,32819,Orange County,28.436248,-81.47947,condo,4.0,2.0,1323.0,7900.0,1987.0,Inactive,219000,2020-09-21T20:55:22.313Z,686,12.296831574998258
"4920-Shoshone-St,-Orlando,-FL-32819","4920 Shoshone St, Orlando, FL 32819",4920 Shoshone St,,Orlando,FL,32819,Orange County,28.456231,-81.445395,single_family,3.0,2.0,1370.0,7900.0,1987.0,Inactive,219000,2020-09-21T20:55:22.312Z,686,12.296831574998258
"7844-Sugar-Bend-Dr,-Unit-7844,-Orlando,-FL-32819","7844 Sugar Bend Dr, Unit 7844, Orlando, FL 32819",7844 Sugar Bend Dr,Unit 7844,Orlando,FL,32819,Orange County,28.457509,-81.493637,condo,2.0,2.0,1014.0,7900.0,1987.0,Inactive,218500,2020-10-16T16:25:04.707Z,661,12.294545870166347
"7750-Sugar-Bend-Dr,-Unit-7750,-Orlando,-FL-32819","7750 Sugar Bend Dr, Unit 7750, Orlando, FL 32819",7750 Sugar Bend Dr,Unit 7750,Orlando,FL,32819,Orange County,28.456186,-81.493877,condo,2.0,2.0,1014.0,7900.0,1987.0,Inactive,214900,2020-10-23T14:20:54.442Z,654,12.277932735946903
"7606-Pissarro-Dr,-Unit-14204,-Orlando,-FL-32819","7606 Pissarro Dr, Unit 14204, Orlando, FL 32819",7606 Pissarro Dr,Unit 14204,Orlando,FL,32819,Orange County,28.435741,-81.479697,condo,3.0,2.0,1193.0,7900.0,1987.0,Inactive,198000,2020-09-21T20:55:22.306Z,686,12.19602736016897
"7718-Cassino-Ave,-Orlando,-FL-32819","7718 Cassino Ave, Orlando, FL 32819",7718 Cassino Ave,,Orlando,FL,32819,Orange County,28.453318,-81.443139,single_family,3.0,1.0,840.0,7900.0,1987.0,Inactive,175000,2020-12-04T02:40:02.621Z,612,12.07254696717504
"5119-Caserta-St,-Orlando,-FL-32819","5119 Caserta St, Orlando, FL 32819",5119 Caserta St,,Orlando,FL,32819,Orange County,28.45517,-81.44925,single_family,4.0,2.0,1840.0,7900.0,1987.0,Inactive,173000,2020-12-07T13:43:00.135Z,609,12.06105265381003
"7312-Udine-Ave,-Orlando,-FL-32819","7312 Udine Ave, Orlando, FL 32819",7312 Udine Ave,,Orlando,FL,32819,Orange County,28.456944,-81.448126,single_family,3.0,1.0,1188.0,7900.0,1987.0,Inactive,162000,2020-10-21T15:14:20.145Z,656,11.995357787034976
"7601-Canada-Ave,-Unit-433,-Orlando,-FL-32819","7601 Canada Ave, Unit 433, Orlando, FL 32819",7601 Canada Ave,Unit 433,Orlando,FL,32819,Orange County,28.452108,-81.467375,condo,2.0,2.0,795.0,7900.0,1987.0,Inactive,149000,2020-09-15T20:14:56.120Z,692,11.91170829631447
"8903-Latrec-Ave,-Unit-3202,-Orlando,-FL-32819","8903 Latrec Ave, Unit 3202, Orlando, FL 32819",8903 Latrec Ave,Unit 3202,Orlando,FL,32819,Orange County,28.436386,-81.478451,condo,2.0,2.0,1003.0,7900.0,1987.0,Inactive,149900,2020-12-04T02:00:40.420Z,612,11.917730355182513
"7601-Canada-Ave,-Unit-333,-Orlando,-FL-32819","7601 Canada Ave, Unit 333, Orlando, FL 32819",7601 Canada Ave,Unit 333,Orlando,FL,32819,Orange County,28.452108,-81.467375,condo,2.0,2.0,795.0,7900.0,1987.0,Inactive,149000,2020-09-15T20:14:56.143Z,692,11.91170829631447
"5864-Peregrine-Ave,-Unit-D03,-Orlando,-FL-32819","5864 Peregrine Ave, Unit D03, Orlando, FL 32819",5864 Peregrine Ave,Unit D03,Orlando,FL,32819,Orange County,28.486955,-81.461281,condo,2.0,2.0,999.0,7900.0,1987.0,Inactive,136000,2020-10-01T09:52:17.178Z,676,11.820417517632333
"7662-Sugar-Bend-Dr,-Unit-7662,-Orlando,-FL-32819","7662 Sugar Bend Dr, Unit 7662, Orlando, FL 32819",7662 Sugar Bend Dr,Unit 7662,Orlando,FL,32819,Orange County,28.455487,-81.49366,condo,2.0,2.0,1075.0,7900.0,1987.0,Inactive,199997,2020-09-21T20:55:18.730Z,686,12.206062645480174
"6222-Masters-Blvd,-Unit-B103,-Orlando,-FL-32819","6222 Masters Blvd, Unit B103, Orlando, FL 32819",6222 Masters Blvd,Unit B103,Orlando,FL,32819,Orange County,28.458404,-81.512894,condo,2.0,2.0,1498.0,7900.0,1987.0,Inactive,364750,2020-09-22T00:42:20.643Z,685,12.806970207985112
"7906-Sandpoint-Blvd,-Orlando,-FL-32819","7906 Sandpoint Blvd, Orlando, FL 32819",7906 Sandpoint Blvd,,Orlando,FL,32819,Orange County,28.451933,-81.491806,condo,3.0,2.0,1844.0,7900.0,1987.0,Inactive,299500,2020-09-24T20:46:56.593Z,683,12.60987303543023
"7588-Toscana-Blvd,-Apt-422,-Orlando,-FL-32819","7588 Toscana Blvd, Apt 422, Orlando, FL 32819",7588 Toscana Blvd,Apt 422,Orlando,FL,32819,Orange County,28.455296,-81.478051,condo,2.0,2.0,2030.0,7900.0,1987.0,Inactive,279900,2020-11-18T15:42:11.163Z,628,12.5421912482017
"7726-Sundial-Ln,-Orlando,-FL-32819","7726 Sundial Ln, Orlando, FL 32819",7726 Sundial Ln,,Orlando,FL,32819,Orange County,28.453436,-81.494286,condo,2.0,2.0,1575.0,7900.0,1987.0,Inactive,275000,2020-11-15T14:55:25.201Z,631,12.524530013005734
"6747-Edgeworth-Dr,-Orlando,-FL-32819","6747 Edgeworth Dr, Orlando, FL 32819",6747 Edgeworth Dr,,Orlando,FL,32819,Orange County,28.465609,-81.479132,single_family,3.0,2.0,1959.0,7900.0,1987.0,Inactive,414900,2020-09-22T01:27:30.310Z,685,12.935795216537384
"4114-Breakview-Dr,-Unit-40302,-Orlando,-FL-32819","4114 Breakview Dr, Unit 40302, Orlando, FL 32819",4114 Breakview Dr,Unit 40302,Orlando,FL,32819,Orange County,28.425302,-81.445655,condo,3.0,2.0,1247.0,7900.0,1987.0,Inactive,263000,2020-09-21T22:57:25.898Z,686,12.479913113434042
"4905-Shoshone-St,-Orlando,-FL-32819","4905 Shoshone St, Orlando, FL 32819",4905 Shoshone St,,Orlando,FL,32819,Orange County,28.456691,-81.444593,single_family,3.0,2.0,1170.0,7900.0,1987.0,Inactive,194900,2020-09-20T19:35:01.640Z,687,12.180247016318816
"6066-Peregrine-Ave,-Unit-C06,-Orlando,-FL-32819","6066 Peregrine Ave, Unit C06, Orlando, FL 32819",6066 Peregrine Ave,Unit C06,Orlando,FL,32819,Orange County,28.486314,-81.463678,condo,2.0,2.0,1139.0,7900.0,1987.0,Inactive,144000,2020-09-15T20:43:54.509Z,692,11.87757552297847
"7657-Apple-Tree-Cir,-Orlando,-FL-32819","7657 Apple Tree Cir, Orlando, FL 32819",7657 Apple Tree Cir,,Orlando,FL,32819,Orange County,28.474165,-81.489218,single_family,4.0,3.0,3053.0,7900.0,1987.0,Inactive,569900,2020-11-24T16:59:26.850Z,622,13.253217940515357
"4001-Breakview-Dr,-Unit-106,-Orlando,-FL-32819","4001 Breakview Dr, Unit 106, Orlando, FL 32819",4001 Breakview Dr,Unit 106,Orlando,FL,32819,Orange County,28.425262,-81.443519,condo,2.0,2.0,1044.0,7900.0,1987.0,Inactive,289000,2020-09-21T23:28:14.504Z,685,12.574185427296195
"5894-Peregrine-Ave,-Unit-C02,-Orlando,-FL-32819","5894 Peregrine Ave, Unit C02, Orlando, FL 32819",5894 Peregrine Ave,Unit C02,Orlando,FL,32819,Orange County,28.487213,-81.461908,condo,2.0,2.0,1139.0,7900.0,1987.0,Inactive,135000,2020-10-14T13:29:24.667Z,663,11.813037464800539
"7749-Sundial-Ln,-Orlando,-FL-32819","7749 Sundial Ln, Orlando, FL 32819",7749 Sundial Ln,,Orlando,FL,32819,Orange County,28.453066,-81.493859,condo,2.0,2.0,1235.0,7900.0,1987.0,Inactive,254900,2020-10-08T16:21:23.177Z,669,12.448630513463613
"6332-Masters-Blvd,-Unit-O3,-Orlando,-FL-32819","6332 Masters Blvd, Unit O3, Orlando, FL 32819",6332 Masters Blvd,Unit O3,Orlando,FL,32819,Orange County,28.456698,-81.512071,condo,2.0,2.0,1984.0,7900.0,1987.0,Inactive,575000,2020-09-22T02:09:16.545Z,685,13.26212705890841
"6334-Masters-Blvd,-Unit-O4,-Orlando,-FL-32819","6334 Masters Blvd, Unit O4, Orlando, FL 32819",6334 Masters Blvd,Unit O4,Orlando,FL,32819,Orange County,28.456698,-81.512071,condo,2.0,2.0,1984.0,7900.0,1987.0,Inactive,575000,2020-09-22T02:09:16.545Z,685,13.26212705890841
"5785-Tamarack-Dr,-Orlando,-FL-32819","5785 Tamarack Dr, Orlando, FL 32819",5785 Tamarack Dr,,Orlando,FL,32819,Orange County,28.481463,-81.488758,single_family,3.0,2.0,1832.0,7900.0,1987.0,Inactive,364900,2020-10-22T16:19:18.427Z,655,12.807381362897626
"4712-Wingrove-Blvd,-Orlando,-FL-32819","4712 Wingrove Blvd, Orlando, FL 32819",4712 Wingrove Blvd,,Orlando,FL,32819,Orange County,28.492578,-81.495903,single_family,4.0,3.0,2849.0,7900.0,1987.0,Inactive,599000,2020-09-22T02:09:16.556Z,685,13.303018546545275
"5934-Crystal-View-Dr,-Orlando,-FL-32819","5934 Crystal View Dr, Orlando, FL 32819",5934 Crystal View Dr,,Orlando,FL,32819,Orange County,28.477749,-81.478147,single_family,5.0,4.0,2654.0,7900.0,1987.0,Inactive,735000,2020-10-14T17:54:01.573Z,663,13.507627138738266
"5607-Spring-Run-Ave,-Unit-2,-Orlando,-FL-32819","5607 Spring Run Ave, Unit 2, Orlando, FL 32819",5607 Spring Run Ave,Unit 2,Orlando,FL,32819,Orange County,28.483591,-81.484641,single_family,4.0,3.0,2091.0,7900.0,1987.0,Inactive,424900,2020-12-15T15:50:10.748Z,601,12.959611479595074
"5000-Cayview-Ave,-Unit-41008,-Orlando,-FL-32819","5000 Cayview Ave, Unit 41008, Orlando, FL 32819",5000 Cayview Ave,Unit 41008,Orlando,FL,32819,Orange County,28.429118,-81.448948,condo,3.0,2.0,1412.0,7900.0,1987.0,Inactive,279900,2020-11-06T16:07:54.522Z,640,12.5421912482017
"6722-Dancy-Ct,-Orlando,-FL-32819","6722 Dancy Ct, Orlando, FL 32819",6722 Dancy Ct,,Orlando,FL,32819,Orange County,28.4635,-81.484455,single_family,5.0,4.0,3511.0,7900.0,1987.0,Inactive,699900,2020-09-22T02:24:02.326Z,685,13.45869417545215
"6849-Sorrento-St,-Orlando,-FL-32819","6849 Sorrento St, Orlando, FL 32819",6849 Sorrento St,,Orlando,FL,32819,Orange County,28.458335,-81.47668,condo,3.0,2.0,2350.0,7900.0,1987.0,Inactive,364900,2020-10-30T16:32:06.578Z,647,12.807381362897626
"6244-Masters-Blvd,-Unit-D101,-Orlando,-FL-32819","6244 Masters Blvd, Unit D101, Orlando, FL 32819",6244 Masters Blvd,Unit D101,Orlando,FL,32819,Orange County,28.457766,-81.512679,condo,2.0,2.0,1772.0,7900.0,1987.0,Inactive,315000,2020-11-14T15:46:45.106Z,632,12.660331092405906
"7818-Sugar-Bend-Dr,-Unit-7818,-Orlando,-FL-32819","7818 Sugar Bend Dr, Unit 7818, Orlando, FL 32819",7818 Sugar Bend Dr,Unit 7818,Orlando,FL,32819,Orange County,28.457289,-81.493971,condo,3.0,2.0,1212.0,7900.0,1987.0,Inactive,235000,2020-09-30T15:37:37.410Z,677,12.367345048436391
"6951-Brescia-Way,-Unit-1,-Orlando,-FL-32819","6951 Brescia Way, Unit 1, Orlando, FL 32819",6951 Brescia Way,Unit 1,Orlando,FL,32819,Orange County,28.460919,-81.477381,single_family,4.0,3.0,2810.0,7900.0,1987.0,Inactive,475000,2020-09-22T01:51:28.773Z,685,13.07107218827772
"7726-Clementine-Way,-Orlando,-FL-32819","7726 Clementine Way, Orlando, FL 32819",7726 Clementine Way,,Orlando,FL,32819,Orange County,28.462677,-81.489695,single_family,3.0,2.0,2150.0,7900.0,1987.0,Inactive,439000,2020-10-28T17:07:20.286Z,649,12.992256969959042
"8520-Rustic-Gate-Ct,-Orlando,-FL-32819","8520 Rustic Gate Ct, Orlando, FL 32819",8520 Rustic Gate Ct,,Orlando,FL,32819,Orange County,28.456126,-81.50398,single_family,4.0,3.0,2628.0,7900.0,1987.0,Inactive,649000,2020-10-25T17:37:39.984Z,652,13.38318953651709
"7640-Apple-Tree-Cir,-Orlando,-FL-32819","7640 Apple Tree Cir, Orlando, FL 32819",7640 Apple Tree Cir,,Orlando,FL,32819,Orange County,28.473774,-81.487976,single_family,5.0,3.0,2922.0,7900.0,1987.0,Inactive,609500,2020-10-27T17:41:24.692Z,650,13.320395868591207
"7313-Cassino-Ave,-Orlando,-FL-32819","7313 Cassino Ave, Orlando, FL 32819",7313 Cassino Ave,,Orlando,FL,32819,Orange County,28.456909,-81.442726,single_family,3.0,2.0,1480.0,7900.0,1987.0,Inactive,198000,2020-09-21T20:22:00.090Z,686,12.19602736016897
"6165-Carrier-Dr,-Unit-1604,-Orlando,-FL-32819","6165 Carrier Dr, Unit 1604, Orlando, FL 32819",6165 Carrier Dr,Unit 1604,Orlando,FL,32819,Orange County,28.456858,-81.467791,condo,2.0,2.0,578.0,7900.0,1987.0,Inactive,119000,2020-11-04T08:12:04.938Z,642,11.686887175419702
"7111-Cadiz-Blvd,-Orlando,-FL-32819","7111 Cadiz Blvd, Orlando, FL 32819",7111 Cadiz Blvd,,Orlando,FL,32819,Orange County,28.463533,-81.479838,condo,3.0,2.0,1672.0,7900.0,1987.0,Inactive,294000,2020-09-21T23:31:54.727Z,685,12.591338447675579
"6874-Sperone-St,-Orlando,-FL-32819","6874 Sperone St, Orlando, FL 32819",6874 Sperone St,,Orlando,FL,32819,Orange County,28.462494,-81.479071,condo,3.0,2.0,1672.0,7900.0,1987.0,Inactive,289500,2020-09-21T23:31:54.723Z,685,12.575914030220655
"7601-Canada-Ave,-Unit-208,-Orlando,-FL-32819","7601 Canada Ave, Unit 208, Orlando, FL 32819",7601 Canada Ave,Unit 208,Orlando,FL,32819,Orange County,28.452108,-81.467375,condo,1.0,1.0,542.0,7900.0,1987.0,Inactive,87900,2020-09-15T16:30:11.059Z,692,11.383966460172834
"7027-Villa-Estelle-Dr,-Orlando,-FL-32819","7027 Villa Estelle Dr, Orlando, FL 32819",7027 Villa Estelle Dr,,Orlando,FL,32819,Orange County,28.459475,-81.480623,single_family,2.0,2.0,1601.0,7900.0,1987.0,Inactive,339900,2020-10-31T15:51:48.611Z,646,12.736409677721657
"5151-Lincoln-Ave,-Orlando,-FL-32819","5151 Lincoln Ave, Orlando, FL 32819",5151 Lincoln Ave,,Orlando,FL,32819,Orange County,28.486641,-81.499582,single_family,6.0,5.0,4300.0,7900.0,1987.0,Inactive,1375000,2020-10-14T18:00:48.986Z,663,14.13396501635527
"6031-Pine-Valley-Dr,-Orlando,-FL-32819","6031 Pine Valley Dr, Orlando, FL 32819",6031 Pine Valley Dr,,Orlando,FL,32819,Orange County,28.465058,-81.513895,single_family,3.0,2.0,3400.0,7900.0,1987.0,Inactive,700000,2020-09-22T02:24:02.339Z,685,13.45883704259595
"4909-Kensington-Park-Blvd,-Orlando,-FL-32819","4909 Kensington Park Blvd, Orlando, FL 32819",4909 Kensington Park Blvd,,Orlando,FL,32819,Orange County,28.488758,-81.501476,single_family,5.0,4.0,3453.0,7900.0,1987.0,Inactive,619000,2020-09-22T02:09:44.563Z,685,13.335862167174314
"6608-Parson-Brown-Dr,-Orlando,-FL-32819","6608 Parson Brown Dr, Orlando, FL 32819",6608 Parson Brown Dr,,Orlando,FL,32819,Orange County,28.465305,-81.485567,single_family,4.0,3.0,2738.0,7900.0,1987.0,Inactive,574000,2020-09-22T02:09:16.544Z,685,13.260386417460465
"6948-Brescia-Way,-Orlando,-FL-32819","6948 Brescia Way, Orlando, FL 32819",6948 Brescia Way,,Orlando,FL,32819,Orange County,28.461391,-81.476976,single_family,4.0,3.0,3018.0,7900.0,1987.0,Inactive,515000,2020-10-27T17:36:35.767Z,650,13.151924121391561
"6836-Lucca-St,-Orlando,-FL-32819","6836 Lucca St, Orlando, FL 32819",6836 Lucca St,,Orlando,FL,32819,Orange County,28.460153,-81.475865,single_family,4.0,3.0,2988.0,7900.0,1987.0,Inactive,447900,2020-09-22T01:55:40.948Z,685,13.012327504834113
"8320-Green-Bay-Ct,-Orlando,-FL-32819","8320 Green Bay Ct, Orlando, FL 32819",8320 Green Bay Ct,,Orlando,FL,32819,Orange County,28.469118,-81.496943,single_family,4.0,3.0,2379.0,7900.0,1987.0,Inactive,409450,2020-10-21T17:14:34.576Z,656,12.922572516995999
"6401-Wellington-Dr,-Orlando,-FL-32819","6401 Wellington Dr, Orlando, FL 32819",6401 Wellington Dr,,Orlando,FL,32819,Orange County,28.469156,-81.481374,single_family,3.0,2.0,2073.0,7900.0,1987.0,Inactive,384900,2020-09-22T01:17:07.181Z,685,12.860741437345885
"8426-Banyan-Blvd,-Orlando,-FL-32819","8426 Banyan Blvd, Orlando, FL 32819",8426 Banyan Blvd,,Orlando,FL,32819,Orange County,28.467409,-81.499307,single_family,4.0,3.0,1951.0,7900.0,1987.0,Inactive,374900,2020-09-22T01:17:45.703Z,685,12.834417270098413
"7779-Sugar-Bend-Dr,-Unit-7779,-Orlando,-FL-32819","7779 Sugar Bend Dr, Unit 7779, Orlando, FL 32819",7779 Sugar Bend Dr,Unit 7779,Orlando,FL,32819,Orange County,28.457025,-81.494844,condo,3.0,2.0,1169.0,7900.0,1987.0,Inactive,239000,2020-11-05T14:17:58.871Z,641,12.384223015005313
"8414-Foxworth-Cir,-Unit-41,-Orlando,-FL-32819","8414 Foxworth Cir, Unit 41, Orlando, FL 32819",8414 Foxworth Cir,Unit 41,Orlando,FL,32819,Orange County,28.459914,-81.49889,single_family,3.0,2.0,2251.0,7900.0,1987.0,Inactive,399999,2020-09-23T22:08:57.091Z,684,12.89921982609012
"7721-Sundial-Ln,-Orlando,-FL-32819","7721 Sundial Ln, Orlando, FL 32819",7721 Sundial Ln,,Orlando,FL,32819,Orange County,28.453677,-81.493862,condo,3.0,2.0,1606.0,7900.0,1987.0,Inactive,379000,2020-09-22T01:18:31.306Z,685,12.84529412258351
"8572-Banyan-Blvd,-Orlando,-FL-32819","8572 Banyan Blvd, Orlando, FL 32819",8572 Banyan Blvd,,Orlando,FL,32819,Orange County,28.46741,-81.502138,single_family,3.0,2.0,1638.0,7900.0,1987.0,Inactive,340000,2020-10-02T16:42:11.184Z,675,12.73670383776449
"6818-Slaven-Dr,-Orlando,-FL-32819","6818 Slaven Dr, Orlando, FL 32819",6818 Slaven Dr,,Orlando,FL,32819,Orange County,28.463246,-81.480086,condo,3.0,2.0,1668.0,7900.0,1987.0,Inactive,304990,2020-10-10T16:26:40.678Z,667,12.628037546957453
"7021-Della-Dr,-Unit-2,-Orlando,-FL-32819","7021 Della Dr, Unit 2, Orlando, FL 32819",7021 Della Dr,Unit 2,Orlando,FL,32819,Orange County,28.459227,-81.489603,condo,2.0,2.0,1312.0,7900.0,1987.0,Inactive,249900,2020-10-30T14:39:16.711Z,647,12.428820118415677
"7653-Sugar-Bend-Dr,-Unit-7653,-Orlando,-FL-32819","7653 Sugar Bend Dr, Unit 7653, Orlando, FL 32819",7653 Sugar Bend Dr,Unit 7653,Orlando,FL,32819,Orange County,28.455082,-81.493807,condo,2.0,2.0,1014.0,7900.0,1987.0,Inactive,219000,2020-09-21T20:57:14.218Z,686,12.296831574998258
"7505-Nectar-Dr,-Orlando,-FL-32819","7505 Nectar Dr, Orlando, FL 32819",7505 Nectar Dr,,Orlando,FL,32819,Orange County,28.455336,-81.450092,single_family,3.0,2.0,1176.0,7900.0,1987.0,Inactive,210000,2020-09-20T19:35:01.644Z,687,12.25486757159303
"7677-Sugar-Bend-Dr,-Unit-7677,-Orlando,-FL-32819","7677 Sugar Bend Dr, Unit 7677, Orlando, FL 32819",7677 Sugar Bend Dr,Unit 7677,Orlando,FL,32819,Orange County,28.455081,-81.494221,condo,2.0,2.0,1014.0,7900.0,1987.0,Inactive,195000,2020-09-21T20:55:22.302Z,686,12.180759965737863
"7601-Canada-Ave,-Unit-223,-Orlando,-FL-32819","7601 Canada Ave, Unit 223, Orlando, FL 32819",7601 Canada Ave,Unit 223,Orlando,FL,32819,Orange County,28.452108,-81.467375,condo,1.0,1.0,542.0,7900.0,1987.0,Inactive,89999,2020-09-15T16:30:11.062Z,692,11.407564949312402
"9223-Hidden-Bay-Ln,-Orlando,-FL-32819","9223 Hidden Bay Ln, Orlando, FL 32819",9223 Hidden Bay Ln,,Orlando,FL,32819,Orange County,28.449632,-81.513811,single_family,4.0,4.0,4174.0,7900.0,1987.0,Inactive,829000,2020-09-27T17:29:52.985Z,680,13.627976640389322
"7743-Windbreak-Rd,-Orlando,-FL-32819","7743 Windbreak Rd, Orlando, FL 32819",7743 Windbreak Rd,,Orlando,FL,32819,Orange County,28.45341,-81.492837,condo,3.0,2.0,1850.0,7900.0,1987.0,Inactive,320000,2020-09-21T23:49:39.049Z,685,12.676079399771027
"4917-Winwood-Way,-Orlando,-FL-32819","4917 Winwood Way, Orlando, FL 32819",4917 Winwood Way,,Orlando,FL,32819,Orange County,28.49278,-81.489203,single_family,3.0,2.0,2086.0,7900.0,1987.0,Inactive,449000,2020-10-16T17:30:27.871Z,661,13.014780393893403
"7618-Persian-Ct,-Orlando,-FL-32819","7618 Persian Ct, Orlando, FL 32819",7618 Persian Ct,,Orlando,FL,32819,Orange County,28.466183,-81.488553,single_family,3.0,2.0,1869.0,7900.0,1987.0,Inactive,369900,2020-09-22T01:17:07.162Z,685,12.820990681250251
"7580-Toscana-Blvd,-Apt-842,-Orlando,-FL-32819","7580 Toscana Blvd, Apt 842, Orlando, FL 32819",7580 Toscana Blvd,Apt 842,Orlando,FL,32819,Orange County,28.454659,-81.478044,condo,2.0,2.0,2030.0,7900.0,1987.0,Inactive,315000,2020-10-03T17:06:55.019Z,674,12.660331092405906
"6059-Windhover-Dr,-Unit-D09,-Orlando,-FL-32819","6059 Windhover Dr, Unit D09, Orlando, FL 32819",6059 Windhover Dr,Unit D09,Orlando,FL,32819,Orange County,28.485081,-81.463843,condo,2.0,2.0,999.0,7900.0,1987.0,Inactive,132500,2020-09-15T19:45:41.627Z,692,11.794345471549745
"7434-Alpine-Butterfly-Ln,-Orlando,-FL-32819","7434 Alpine Butterfly Ln, Orlando, FL 32819",7434 Alpine Butterfly Ln,,Orlando,FL,32819,Orange County,28.441464,-81.483523,single_family,5.0,4.0,3860.0,7900.0,1987.0,Inactive,1090618,2020-10-22T17:19:21.980Z,655,13.902255982925132
"5513-Palm-Lake-Cir,-Orlando,-FL-32819","5513 Palm Lake Cir, Orlando, FL 32819",5513 Palm Lake Cir,,Orlando,FL,32819,Orange County,28.48041,-81.498978,single_family,5.0,4.0,4264.0,7900.0,1987.0,Inactive,899000,2020-10-09T17:44:50.208Z,668,13.70903942580019
"7687-Toscana-Blvd,-Orlando,-FL-32819","7687 Toscana Blvd, Orlando, FL 32819",7687 Toscana Blvd,,Orlando,FL,32819,Orange County,28.455177,-81.47845,single_family,5.0,4.0,4358.0,7900.0,1987.0,Inactive,930000,2020-10-22T17:14:18.707Z,655,13.742940940397677
"8029-Sandberry-Blvd,-Orlando,-FL-32819","8029 Sandberry Blvd, Orlando, FL 32819",8029 Sandberry Blvd,,Orlando,FL,32819,Orange County,28.474402,-81.493137,single_family,3.0,2.0,1688.0,7900.0,1987.0,Inactive,319900,2020-09-21T23:49:35.411Z,685,12.675766851909591
"5820-Bimini-Twist-Loop,-Orlando,-FL-32819","5820 Bimini Twist Loop, Orlando, FL 32819",5820 Bimini Twist Loop,,Orlando,FL,32819,Orange County,28.459203,-81.472312,condo,3.0,2.0,1810.0,7900.0,1987.0,Inactive,435910,2020-09-22T01:51:28.770Z,685,12.98519337305376
"8024-Citron-Ct,-Orlando,-FL-32819","8024 Citron Ct, Orlando, FL 32819",8024 Citron Ct,,Orlando,FL,32819,Orange County,28.491082,-81.493786,single_family,4.0,3.0,2683.0,7900.0,1987.0,Inactive,480000,2020-10-05T17:27:58.668Z,672,13.081543466215237
"7559-Somerset-Shores-Ct,-Orlando,-FL-32819","7559 Somerset Shores Ct, Orlando, FL 32819",7559 Somerset Shores Ct,,Orlando,FL,32819,Orange County,28.452501,-81.486286,condo,3.0,2.0,2197.0,7900.0,1987.0,Inactive,549990,2020-10-21T17:33:25.382Z,656,13.217657193438404
"6213-Silver-Glen-Ct,-Orlando,-FL-32819","6213 Silver Glen Ct, Orlando, FL 32819",6213 Silver Glen Ct,,Orlando,FL,32819,Orange County,28.472756,-81.497059,single_family,4.0,3.0,2425.0,7900.0,1987.0,Inactive,385000,2020-10-14T17:17:00.538Z,663,12.861001210669146
"7493-Alpine-Butterfly-Ln,-Orlando,-FL-32819","7493 Alpine Butterfly Ln, Orlando, FL 32819",7493 Alpine Butterfly Ln,,Orlando,FL,32819,Orange County,28.441507,-81.483891,single_family,5.0,4.0,3871.0,7900.0,1987.0,Inactive,1028465,2020-09-22T02:30:20.451Z,685,13.843578929677486
"8203-Via-Vittoria-Way,-Orlando,-FL-32819","8203 Via Vittoria Way, Orlando, FL 32819",8203 Via Vittoria Way,,Orlando,FL,32819,Orange County,28.451965,-81.493979,single_family,3.0,2.0,3201.0,7900.0,1987.0,Inactive,775000,2020-09-22T02:25:26.734Z,685,13.560619598657233
"5933-Chesapeake-Park,-Unit-55,-Orlando,-FL-32819","5933 Chesapeake Park, Unit 55, Orlando, FL 32819",5933 Chesapeake Park,Unit 55,Orlando,FL,32819,Orange County,28.465416,-81.503323,single_family,3.0,2.0,2754.0,7900.0,1987.0,Inactive,599000,2020-09-22T02:09:44.583Z,685,13.303018546545275
"8709-Crestgate-Cir,-Orlando,-FL-32819","8709 Crestgate Cir, Orlando, FL 32819",8709 Crestgate Cir,,Orlando,FL,32819,Orange County,28.478905,-81.503722,single_family,5.0,4.0,3712.0,7900.0,1987.0,Inactive,849000,2020-09-26T22:40:42.101Z,680,13.651815643149092
"6844-Lucca-St,-Unit-2,-Orlando,-FL-32819","6844 Lucca St, Unit 2, Orlando, FL 32819",6844 Lucca St,Unit 2,Orlando,FL,32819,Orange County,28.460153,-81.47602,single_family,4.0,3.0,3015.0,7900.0,1987.0,Inactive,446900,2020-09-22T01:55:40.947Z,685,13.010092372556095
"8013-Cool-Breeze-Dr,-Unit-111,-Orlando,-FL-32819","8013 Cool Breeze Dr, Unit 111, Orlando, FL 32819",8013 Cool Breeze Dr,Unit 111,Orlando,FL,32819,Orange County,28.429922,-81.451477,condo,3.0,2.0,1746.0,7900.0,1987.0,Inactive,275000,2020-09-21T22:57:25.914Z,685,12.524530013005734
"7725-Carriage-Homes-Dr,-Apt-13,-Orlando,-FL-32819","7725 Carriage Homes Dr, Apt 13, Orlando, FL 32819",7725 Carriage Homes Dr,Apt 13,Orlando,FL,32819,Orange County,28.459906,-81.489632,condo,2.0,2.0,1312.0,7900.0,1987.0,Inactive,249900,2020-09-21T21:29:02.070Z,686,12.428820118415677
"7630-Pissarro-Dr,-Unit-16110,-Orlando,-FL-32819","7630 Pissarro Dr, Unit 16110, Orlando, FL 32819",7630 Pissarro Dr,Unit 16110,Orlando,FL,32819,Orange County,28.436277,-81.4805,condo,1.0,1.0,671.0,7900.0,1987.0,Inactive,129900,2020-09-15T19:45:41.612Z,692,11.774527900858468
"6276-Indian-Meadow-St,-Orlando,-FL-32819","6276 Indian Meadow St, Orlando, FL 32819",6276 Indian Meadow St,,Orlando,FL,32819,Orange County,28.454864,-81.506188,single_family,5.0,4.0,5543.0,7900.0,1987.0,Inactive,780000,2020-10-16T17:49:49.032Z,661,13.567050480716235
"6153-Orange-Hill-Ct,-Orlando,-FL-32819","6153 Orange Hill Ct, Orlando, FL 32819",6153 Orange Hill Ct,,Orlando,FL,32819,Orange County,28.459272,-81.500114,single_family,4.0,3.0,2812.0,7900.0,1987.0,Inactive,665000,2020-09-26T22:30:56.470Z,680,13.407543823396258
"8013-Cool-Breeze-Dr,-Unit-116,-Orlando,-FL-32819","8013 Cool Breeze Dr, Unit 116, Orlando, FL 32819",8013 Cool Breeze Dr,Unit 116,Orlando,FL,32819,Orange County,28.429945,-81.451704,condo,3.0,2.0,1771.0,7900.0,1987.0,Inactive,280000,2020-09-21T23:28:00.153Z,685,12.54254845357358
"7500-Toscana-Blvd,-Apt-343,-Orlando,-FL-32819","7500 Toscana Blvd, Apt 343, Orlando, FL 32819",7500 Toscana Blvd,Apt 343,Orlando,FL,32819,Orange County,28.456352,-81.478556,condo,3.0,2.0,2030.0,7900.0,1987.0,Inactive,279900,2020-09-21T23:36:03.428Z,685,12.5421912482017
"8960-Savannah-Park,-Orlando,-FL-32819","8960 Savannah Park, Orlando, FL 32819",8960 Savannah Park,,Orlando,FL,32819,Orange County,28.462837,-81.504389,single_family,3.0,2.0,2050.0,7900.0,1987.0,Inactive,520000,2020-11-14T17:01:20.582Z,632,13.161586013632684
"7321-Alpine-Butterfly-Ln,-Orlando,-FL-32819","7321 Alpine Butterfly Ln, Orlando, FL 32819",7321 Alpine Butterfly Ln,,Orlando,FL,32819,Orange County,28.441436,-81.483534,condo,3.0,2.0,1810.0,7900.0,1987.0,Inactive,432990,2020-09-22T01:45:49.608Z,685,12.978472221549211
"7937-Tumblestone-Dr,-Orlando,-FL-32819","7937 Tumblestone Dr, Orlando, FL 32819",7937 Tumblestone Dr,,Orlando,FL,32819,Orange County,28.487698,-81.489661,single_family,4.0,3.0,2134.0,7900.0,1987.0,Inactive,389900,2020-10-07T17:42:37.135Z,670,12.873648139727594
"7103-Carrick-Bend-Ln,-Orlando,-FL-32819","7103 Carrick Bend Ln, Orlando, FL 32819",7103 Carrick Bend Ln,,Orlando,FL,32819,Orange County,28.44225,-81.479044,condo,3.0,2.0,1810.0,7900.0,1987.0,Inactive,430810,2020-09-22T01:31:21.046Z,685,12.973424757828823
"6103-Tarawood-Dr,-Orlando,-FL-32819","6103 Tarawood Dr, Orlando, FL 32819",6103 Tarawood Dr,,Orlando,FL,32819,Orange County,28.462131,-81.507132,single_family,4.0,3.0,3791.0,7900.0,1987.0,Inactive,959000,2020-09-22T02:29:03.822Z,685,13.7736473966179
"5206-Overview-Ct,-Orlando,-FL-32819","5206 Overview Ct, Orlando, FL 32819",5206 Overview Ct,,Orlando,FL,32819,Orange County,28.483928,-81.503131,single_family,5.0,4.0,3603.0,7900.0,1987.0,Inactive,735000,2020-09-24T21:59:35.429Z,683,13.507627138738266
"8556-Lost-Cove-Dr,-Orlando,-FL-32819","8556 Lost Cove Dr, Orlando, FL 32819",8556 Lost Cove Dr,,Orlando,FL,32819,Orange County,28.452084,-81.501602,single_family,4.0,3.0,2530.0,7900.0,1987.0,Inactive,539000,2020-09-22T02:08:59.065Z,685,13.197472705176983
"6063-Tarawood-Dr,-Orlando,-FL-32819","6063 Tarawood Dr, Orlando, FL 32819",6063 Tarawood Dr,,Orlando,FL,32819,Orange County,28.464558,-81.508044,single_family,3.0,2.0,3218.0,7900.0,1987.0,Inactive,459900,2020-09-22T01:55:47.948Z,685,13.038766527911386
"7049-Carrick-Bend-Ln,-Orlando,-FL-32819","7049 Carrick Bend Ln, Orlando, FL 32819",7049 Carrick Bend Ln,,Orlando,FL,32819,Orange County,28.442081,-81.479194,condo,3.0,2.0,1810.0,7900.0,1987.0,Inactive,410980,2020-10-22T16:38:23.214Z,655,12.926302263699329
"6331-Carrie-Ann-Ct,-Orlando,-FL-32819","6331 Carrie Ann Ct, Orlando, FL 32819",6331 Carrie Ann Ct,,Orlando,FL,32819,Orange County,28.484779,-81.467818,single_family,3.0,2.0,2299.0,7900.0,1987.0,Inactive,399900,2020-09-22T01:22:08.024Z,685,12.89897229545694
"4772-Windsor-Ave,-Orlando,-FL-32819","4772 Windsor Ave, Orlando, FL 32819",4772 Windsor Ave,,Orlando,FL,32819,Orange County,28.491708,-81.469976,single_family,4.0,3.0,2196.0,7900.0,1987.0,Inactive,349000,2020-10-09T16:54:51.574Z,668,12.762830066509972
"8915-Latrec-Ave,-Unit-2305,-Orlando,-FL-32819","8915 Latrec Ave, Unit 2305, Orlando, FL 32819",8915 Latrec Ave,Unit 2305,Orlando,FL,32819,Orange County,28.436234,-81.477656,condo,1.0,1.0,671.0,7900.0,1987.0,Inactive,129000,2020-09-15T19:45:41.607Z,692,11.767575435251748
"7324-Regina-Way,-Orlando,-FL-32819","7324 Regina Way, Orlando, FL 32819",7324 Regina Way,,Orlando,FL,32819,Orange County,28.457949,-81.478585,condo,3.0,2.0,2489.0,7900.0,1987.0,Inactive,400000,2020-09-22T01:27:30.308Z,685,12.899222326086994
"7383-Universal-Blvd,-Unit-209,-Orlando,-FL-32819","7383 Universal Blvd, Unit 209, Orlando, FL 32819",7383 Universal Blvd,Unit 209,Orlando,FL,32819,Orange County,28.456616,-81.462615,condo,1.0,1.0,671.0,7900.0,1987.0,Inactive,139900,2020-09-15T21:10:02.826Z,692,11.848690308590857
"4997-Keeneland-Cir,-Orlando,-FL-32819","4997 Keeneland Cir, Orlando, FL 32819",4997 Keeneland Cir,,Orlando,FL,32819,Orange County,28.487703,-81.504034,single_family,5.0,4.0,3403.0,7900.0,1987.0,Inactive,629900,2020-09-22T02:12:22.097Z,685,13.35331794316234
"6005-Lexington-Park,-Unit-104,-Orlando,-FL-32819","6005 Lexington Park, Unit 104, Orlando, FL 32819",6005 Lexington Park,Unit 104,Orlando,FL,32819,Orange County,28.463406,-81.502942,single_family,3.0,2.0,2460.0,7900.0,1987.0,Inactive,599000,2020-09-22T02:09:16.554Z,685,13.303018546545275
"5229-Spring-Run-Ave,-Orlando,-FL-32819","5229 Spring Run Ave, Orlando, FL 32819",5229 Spring Run Ave,,Orlando,FL,32819,Orange County,28.488299,-81.484556,single_family,3.0,2.0,2086.0,7900.0,1987.0,Inactive,370000,2020-09-22T00:55:42.181Z,685,12.821260987319457
"7633-Toscana-Blvd,-Orlando,-FL-32819","7633 Toscana Blvd, Orlando, FL 32819",7633 Toscana Blvd,,Orlando,FL,32819,Orange County,28.454367,-81.479121,single_family,4.0,3.0,4276.0,7900.0,1987.0,Inactive,895000,2020-09-22T02:27:04.539Z,685,13.704580114574805
"7713-Apple-Tree-Cir,-Orlando,-FL-32819","7713 Apple Tree Cir, Orlando, FL 32819",7713 Apple Tree Cir,,Orlando,FL,32819,Orange County,28.473969,-81.490561,single_family,4.0,3.0,2611.0,7900.0,1987.0,Inactive,485000,2020-10-06T17:57:42.886Z,671,13.091906231773164
"8201-Sandpoint-Blvd,-Orlando,-FL-32819","8201 Sandpoint Blvd, Orlando, FL 32819",8201 Sandpoint Blvd,,Orlando,FL,32819,Orange County,28.453619,-81.49523,condo,3.0,2.0,1598.0,7900.0,1987.0,Inactive,329000,2020-09-24T20:49:06.794Z,683,12.703816069256568
"4814-Cayview-Ave,-Unit-301,-Orlando,-FL-32819","4814 Cayview Ave, Unit 301, Orlando, FL 32819",4814 Cayview Ave,Unit 301,Orlando,FL,32819,Orange County,28.428666,-81.446334,condo,3.0,2.0,1247.0,7900.0,1987.0,Inactive,265000,2020-09-21T21:59:08.460Z,685,12.487488878546145
"6107-Tarawood-Dr,-Orlando,-FL-32819","6107 Tarawood Dr, Orlando, FL 32819",6107 Tarawood Dr,,Orlando,FL,32819,Orange County,28.461891,-81.506949,single_family,4.0,3.0,3004.0,7900.0,1987.0,Inactive,779900,2020-09-22T02:25:26.739Z,685,13.566922267533435
"6334-Oak-Meadow-Bnd,-Orlando,-FL-32819","6334 Oak Meadow Bnd, Orlando, FL 32819",6334 Oak Meadow Bnd,,Orlando,FL,32819,Orange County,28.470232,-81.483242,single_family,4.0,2.0,2291.0,7900.0,1987.0,Inactive,459000,2020-10-23T17:24:27.045Z,654,13.036807667689546
"8037-Sandberry-Blvd,-Orlando,-FL-32819","8037 Sandberry Blvd, Orlando, FL 32819",8037 Sandberry Blvd,,Orlando,FL,32819,Orange County,28.474394,-81.493411,single_family,4.0,3.0,2481.0,7900.0,1987.0,Inactive,330000,2020-09-22T00:05:03.273Z,685,12.706850963741102
"6919-Della-Dr,-Unit-1,-Orlando,-FL-32819","6919 Della Dr, Unit 1, Orlando, FL 32819",6919 Della Dr,Unit 1,Orlando,FL,32819,Orange County,28.460135,-81.489268,condo,3.0,2.0,1312.0,7900.0,1987.0,Inactive,247000,2020-09-21T21:29:02.056Z,686,12.417147664184915
"8124-Laurel-Tree-Dr,-Orlando,-FL-32819","8124 Laurel Tree Dr, Orlando, FL 32819",8124 Laurel Tree Dr,,Orlando,FL,32819,Orange County,28.474406,-81.494767,single_family,4.0,3.0,2481.0,7900.0,1987.0,Inactive,359900,2020-10-06T17:33:55.140Z,671,12.79358427261286
"7450-Cypress-Grove-Rd,-Unit-144,-Orlando,-FL-32819","7450 Cypress Grove Rd, Unit 144, Orlando, FL 32819",7450 Cypress Grove Rd,Unit 144,Orlando,FL,32819,Orange County,28.458641,-81.484324,condo,3.0,2.0,2333.0,7900.0,1987.0,Inactive,469000,2020-09-22T02:00:59.474Z,685,13.058360179622305
"7378-Sparkling-Lake-Rd,-Orlando,-FL-32819","7378 Sparkling Lake Rd, Orlando, FL 32819",7378 Sparkling Lake Rd,,Orlando,FL,32819,Orange County,28.474067,-81.482512,single_family,4.0,2.0,2255.0,7900.0,1987.0,Inactive,449000,2020-09-22T01:55:40.949Z,685,13.014780393893403
"6464-Winder-Oaks-Blvd,-Orlando,-FL-32819","6464 Winder Oaks Blvd, Orlando, FL 32819",6464 Winder Oaks Blvd,,Orlando,FL,32819,Orange County,28.49135,-81.470814,single_family,3.0,2.0,1629.0,7900.0,1987.0,Inactive,355000,2020-09-22T00:38:43.397Z,685,12.779875885354993
"7138-Showcase-Ln,-Orlando,-FL-32819","7138 Showcase Ln, Orlando, FL 32819",7138 Showcase Ln,,Orlando,FL,32819,Orange County,28.462298,-81.480314,condo,3.0,2.0,1672.0,7900.0,1987.0,Inactive,289900,2020-09-21T23:31:54.722Z,685,12.57729476436913
"7730-Aviano-Ave,-Orlando,-FL-32819","7730 Aviano Ave, Orlando, FL 32819",7730 Aviano Ave,,Orlando,FL,32819,Orange County,28.45281,-81.449755,single_family,3.0,1.0,840.0,7900.0,1987.0,Inactive,189999,2020-09-20T19:35:01.638Z,687,12.154779351142624
"7334-Cypress-Grove-Rd,-Unit-76,-Orlando,-FL-32819","7334 Cypress Grove Rd, Unit 76, Orlando, FL 32819",7334 Cypress Grove Rd,Unit 76,Orlando,FL,32819,Orange County,28.460543,-81.482452,condo,3.0,2.0,2384.0,7900.0,1987.0,Inactive,334500,2020-09-22T00:23:46.988Z,685,12.720395148082574
"4910-Manduria-St,-Orlando,-FL-32819","4910 Manduria St, Orlando, FL 32819",4910 Manduria St,,Orlando,FL,32819,Orange County,28.45256,-81.444707,single_family,3.0,2.0,1401.0,7900.0,1987.0,Inactive,239900,2020-09-24T19:18:55.397Z,683,12.3879816172226
"4809-Kensington-Park-Blvd,-Orlando,-FL-32819","4809 Kensington Park Blvd, Orlando, FL 32819",4809 Kensington Park Blvd,,Orlando,FL,32819,Orange County,28.490505,-81.501514,single_family,5.0,5.0,3912.0,7900.0,1987.0,Inactive,759900,2020-09-22T02:25:26.710Z,685,13.540943440619637
"7438-Sparkling-Lake-Rd,-Orlando,-FL-32819","7438 Sparkling Lake Rd, Orlando, FL 32819",7438 Sparkling Lake Rd,,Orlando,FL,32819,Orange County,28.473327,-81.481074,single_family,4.0,2.0,2605.0,7900.0,1987.0,Inactive,499000,2020-10-03T17:47:46.490Z,674,13.120363378739663
"6778-Edgeworth-Dr,-Orlando,-FL-32819","6778 Edgeworth Dr, Orlando, FL 32819",6778 Edgeworth Dr,,Orlando,FL,32819,Orange County,28.465402,-81.478193,single_family,4.0,2.0,2226.0,7900.0,1987.0,Inactive,499000,2020-09-22T02:04:29.693Z,685,13.120363378739663
"8280-Via-Vittoria-Way,-Orlando,-FL-32819","8280 Via Vittoria Way, Orlando, FL 32819",8280 Via Vittoria Way,,Orlando,FL,32819,Orange County,28.451139,-81.495568,single_family,3.0,2.0,3200.0,7900.0,1987.0,Inactive,909190,2020-09-22T02:29:03.808Z,685,13.720310472099388
"7685-Toscana-Blvd,-Orlando,-FL-32819","7685 Toscana Blvd, Orlando, FL 32819",7685 Toscana Blvd,,Orlando,FL,32819,Orange County,28.455062,-81.478459,single_family,4.0,3.0,3440.0,7900.0,1987.0,Inactive,749990,2020-09-22T02:25:26.705Z,685,13.527816485440493
"7789-Sugar-Bend-Dr,-Unit-7789,-Orlando,-FL-32819","7789 Sugar Bend Dr, Unit 7789, Orlando, FL 32819",7789 Sugar Bend Dr,Unit 7789,Orlando,FL,32819,Orange County,28.457025,-81.494844,condo,2.0,2.0,1075.0,7900.0,1987.0,Inactive,239000,2020-09-21T21:20:34.705Z,686,12.384223015005313
"6031-Windhover-Dr-SE,-Unit-D03,-Orlando,-FL-32819","6031 Windhover Dr SE, Unit D03, Orlando, FL 32819",6031 Windhover Dr SE,Unit D03,Orlando,FL,32819,Orange County,28.485493,-81.463705,condo,2.0,2.0,999.0,7900.0,1987.0,Inactive,136500,2020-09-15T19:57:36.279Z,692,11.824087219587643
"5981-Chesapeake-Park,-Unit-610,-Orlando,-FL-32819","5981 Chesapeake Park, Unit 610, Orlando, FL 32819",5981 Chesapeake Park,Unit 610,Orlando,FL,32819,Orange County,28.464691,-81.502704,single_family,3.0,2.0,2634.0,7900.0,1987.0,Inactive,535000,2020-09-22T02:09:16.552Z,685,13.190023895035274
"5416-Turkey-Lake-Rd,-Orlando,-FL-32819","5416 Turkey Lake Rd, Orlando, FL 32819",5416 Turkey Lake Rd,,Orlando,FL,32819,Orange County,28.484468,-81.477169,single_family,3.0,2.0,1656.0,7900.0,1987.0,Inactive,490000,2020-09-22T02:02:19.924Z,685,13.102162710901053
"9327-Cypress-Cove-Dr,-Orlando,-FL-32819","9327 Cypress Cove Dr, Orlando, FL 32819",9327 Cypress Cove Dr,,Orlando,FL,32819,Orange County,28.448354,-81.513697,single_family,4.0,3.0,3293.0,7900.0,1987.0,Inactive,635000,2020-09-22T02:12:22.088Z,685,13.361381852676738
"7637-Sugar-Bend-Dr,-Unit-7637,-Orlando,-FL-32819","7637 Sugar Bend Dr, Unit 7637, Orlando, FL 32819",7637 Sugar Bend Dr,Unit 7637,Orlando,FL,32819,Orange County,28.455086,-81.493391,condo,2.0,2.0,1014.0,7900.0,1987.0,Inactive,215900,2020-09-21T20:55:22.305Z,686,12.282575248266141
"8450-Oak-Park-Rd,-Orlando,-FL-32819","8450 Oak Park Rd, Orlando, FL 32819",8450 Oak Park Rd,,Orlando,FL,32819,Orange County,28.488587,-81.499809,single_family,6.0,4.0,5374.0,7900.0,1987.0,Inactive,949900,2020-09-22T02:29:03.829Z,685,13.764113047620114
"8701-South-Bay-Dr,-Orlando,-FL-32819","8701 South Bay Dr, Orlando, FL 32819",8701 South Bay Dr,,Orlando,FL,32819,Orange County,28.451679,-81.506368,single_family,5.0,4.0,3744.0,7900.0,1987.0,Inactive,849900,2020-09-22T02:27:04.522Z,685,13.652875151095039
"9169-N-Bay-Blvd,-Orlando,-FL-32819","9169 N Bay Blvd, Orlando, FL 32819",9169 N Bay Blvd,,Orlando,FL,32819,Orange County,28.478479,-81.511969,single_family,4.0,3.0,2351.0,7900.0,1987.0,Inactive,470000,2020-10-06T17:55:20.407Z,671,13.060490101343552
"5036-Shoreway-Loop,-Unit-205,-Orlando,-FL-32819","5036 Shoreway Loop, Unit 205, Orlando, FL 32819",5036 Shoreway Loop,Unit 205,Orlando,FL,32819,Orange County,28.428383,-81.45087,condo,3.0,2.0,2001.0,7900.0,1987.0,Inactive,389999,2020-09-22T01:17:45.709Z,685,12.873902018105829
"6165-Carrier-Dr,-Unit-1104,-Orlando,-FL-32819","6165 Carrier Dr, Unit 1104, Orlando, FL 32819",6165 Carrier Dr,Unit 1104,Orlando,FL,32819,Orange County,28.456858,-81.467791,condo,2.0,2.0,583.0,7900.0,1987.0,Inactive,144000,2020-09-15T20:14:56.112Z,692,11.87757552297847
"6130-Cedar-Pine-Dr,-Unit-5,-Orlando,-FL-32819","6130 Cedar Pine Dr, Unit 5, Orlando, FL 32819",6130 Cedar Pine Dr,Unit 5,Orlando,FL,32819,Orange County,28.476175,-81.489999,single_family,4.0,3.0,2361.0,7900.0,1987.0,Inactive,439000,2020-09-22T01:51:28.776Z,685,12.992256969959042
"9036-Shawn-Park-Pl,-Orlando,-FL-32819","9036 Shawn Park Pl, Orlando, FL 32819",9036 Shawn Park Pl,,Orlando,FL,32819,Orange County,28.452013,-81.508281,single_family,4.0,3.0,3254.0,7900.0,1987.0,Inactive,619000,2020-09-22T02:09:44.574Z,685,13.335862167174314
"8422-Foxworth-Cir,-Unit-43,-Orlando,-FL-32819","8422 Foxworth Cir, Unit 43, Orlando, FL 32819",8422 Foxworth Cir,Unit 43,Orlando,FL,32819,Orange County,28.459687,-81.4989,condo,4.0,3.0,2499.0,7900.0,1987.0,Inactive,459900,2020-09-22T01:55:47.955Z,685,13.038766527911386
"4862-Cayview-Ave,-Unit-10809,-Orlando,-FL-32819","4862 Cayview Ave, Unit 10809, Orlando, FL 32819",4862 Cayview Ave,Unit 10809,Orlando,FL,32819,Orange County,28.42914,-81.448088,condo,3.0,2.0,1247.0,7900.0,1987.0,Inactive,264000,2020-09-21T21:59:08.456Z,685,12.483708170000067
"6705-Cactus-Ct,-Orlando,-FL-32819","6705 Cactus Ct, Orlando, FL 32819",6705 Cactus Ct,,Orlando,FL,32819,Orange County,28.46436,-81.491933,single_family,3.0,2.0,2334.0,7900.0,1987.0,Inactive,379900,2020-09-22T01:02:18.144Z,685,12.847665971443902
"5012-Anzio-St,-Orlando,-FL-32819","5012 Anzio St, Orlando, FL 32819",5012 Anzio St,,Orlando,FL,32819,Orange County,28.455476,-81.446943,single_family,3.0,2.0,1468.0,7900.0,1987.0,Inactive,205500,2020-09-21T20:55:18.724Z,686,12.233206179086634
"7643-Wethersfield-Dr,-Orlando,-FL-32819","7643 Wethersfield Dr, Orlando, FL 32819",7643 Wethersfield Dr,,Orlando,FL,32819,Orange County,28.455829,-81.497913,single_family,3.0,2.0,1982.0,7900.0,1987.0,Inactive,339900,2020-09-22T00:23:43.447Z,685,12.736409677721657
"7410-Lake-Marsha-Dr,-Orlando,-FL-32819","7410 Lake Marsha Dr, Orlando, FL 32819",7410 Lake Marsha Dr,,Orlando,FL,32819,Orange County,28.482191,-81.484115,single_family,3.0,2.0,1797.0,7900.0,1987.0,Inactive,529900,2020-09-22T02:08:59.066Z,685,13.180445475627591
"7528-Fenwick-Cove-Ln,-Orlando,-FL-32819","7528 Fenwick Cove Ln, Orlando, FL 32819",7528 Fenwick Cove Ln,,Orlando,FL,32819,Orange County,28.455949,-81.495671,condo,3.0,2.0,1648.0,7900.0,1987.0,Inactive,299000,2020-09-21T23:34:25.326Z,685,12.608202196848836
"7776-Chapelhill-Dr,-Orlando,-FL-32819","7776 Chapelhill Dr, Orlando, FL 32819",7776 Chapelhill Dr,,Orlando,FL,32819,Orange County,28.453517,-81.497057,condo,2.0,2.0,1147.0,7900.0,1987.0,Inactive,235000,2020-09-21T21:20:34.704Z,685,12.367345048436391
"5925-Masters-Blvd,-Orlando,-FL-32819","5925 Masters Blvd, Orlando, FL 32819",5925 Masters Blvd,,Orlando,FL,32819,Orange County,28.468387,-81.514609,single_family,5.0,4.0,5340.0,7900.0,1987.0,Inactive,950000,2020-09-22T02:29:03.822Z,685,13.76421831620775
"7419-Spring-Villas-Cir,-Orlando,-FL-32819","7419 Spring Villas Cir, Orlando, FL 32819",7419 Spring Villas Cir,,Orlando,FL,32819,Orange County,28.45941,-81.482027,single_family,3.0,2.0,1582.0,7900.0,1987.0,Inactive,334900,2020-09-22T00:05:03.278Z,685,12.721590244743798
"7031-Edgeworth-Dr,-Orlando,-FL-32819","7031 Edgeworth Dr, Orlando, FL 32819",7031 Edgeworth Dr,,Orlando,FL,32819,Orange County,28.468898,-81.479986,single_family,4.0,2.0,2244.0,7900.0,1987.0,Inactive,389900,2020-09-22T01:17:45.702Z,685,12.873648139727594
"7003-Della-Dr,-Apt-48,-Orlando,-FL-32819","7003 Della Dr, Apt 48, Orlando, FL 32819",7003 Della Dr,Apt 48,Orlando,FL,32819,Orange County,28.45951,-81.489698,condo,3.0,2.0,1486.0,7900.0,1987.0,Inactive,262900,2020-09-21T21:59:08.452Z,685,12.479532814438391
"6822-Hochad-Dr,-Orlando,-FL-32819","6822 Hochad Dr, Orlando, FL 32819",6822 Hochad Dr,,Orlando,FL,32819,Orange County,28.46335,-81.480905,condo,3.0,2.0,1672.0,7900.0,1987.0,Inactive,292500,2020-09-21T23:31:54.727Z,685,12.586223364451623
"6288-Indian-Meadow-St,-Orlando,-FL-32819","6288 Indian Meadow St, Orlando, FL 32819",6288 Indian Meadow St,,Orlando,FL,32819,Orange County,28.454927,-81.506808,single_family,5.0,5.0,4419.0,7900.0,1987.0,Inactive,770000,2020-09-22T02:25:26.722Z,685,13.554147092530322
"6422-Edge-O-Grove-Cir,-Orlando,-FL-32819","6422 Edge O Grove Cir, Orlando, FL 32819",6422 Edge O Grove Cir,,Orlando,FL,32819,Orange County,28.469884,-81.499626,single_family,3.0,2.0,1536.0,7900.0,1987.0,Inactive,325000,2020-09-21T23:52:12.987Z,685,12.691583538230217
"7619-Persian-Ct,-Orlando,-FL-32819","7619 Persian Ct, Orlando, FL 32819",7619 Persian Ct,,Orlando,FL,32819,Orange County,28.466639,-81.488242,single_family,3.0,2.0,1700.0,7900.0,1987.0,Inactive,405000,2020-09-22T01:22:08.035Z,685,12.91164481522143
"7143-Showcase-Ln,-Orlando,-FL-32819","7143 Showcase Ln, Orlando, FL 32819",7143 Showcase Ln,,Orlando,FL,32819,Orange County,28.462683,-81.480288,condo,3.0,2.0,1667.0,7900.0,1987.0,Inactive,289000,2020-09-21T23:31:54.715Z,685,12.574185427296195
"7523-Seurat-St,-Unit-11107,-Orlando,-FL-32819","7523 Seurat St, Unit 11107, Orlando, FL 32819",7523 Seurat St,Unit 11107,Orlando,FL,32819,Orange County,28.435657,-81.478706,condo,4.0,2.0,1323.0,7900.0,1987.0,Inactive,220000,2020-09-21T20:56:35.607Z,685,12.301387370778713
"5611-Brookline-Dr,-Orlando,-FL-32819","5611 Brookline Dr, Orlando, FL 32819",5611 Brookline Dr,,Orlando,FL,32819,Orange County,28.468768,-81.506041,single_family,3.0,3.0,2349.0,7900.0,1987.0,Inactive,469000,2020-09-22T02:00:59.472Z,685,13.058360179622305
"4114-Breakview-Dr,-Unit-20302,-Orlando,-FL-32819","4114 Breakview Dr, Unit 20302, Orlando, FL 32819",4114 Breakview Dr,Unit 20302,Orlando,FL,32819,Orange County,28.425302,-81.445655,condo,3.0,2.0,1247.0,7900.0,1987.0,Inactive,259000,2020-09-21T21:40:35.391Z,685,12.464587201678082
"9355-Cypress-Cove-Dr,-Orlando,-FL-32819","9355 Cypress Cove Dr, Orlando, FL 32819",9355 Cypress Cove Dr,,Orlando,FL,32819,Orange County,28.447909,-81.513223,single_family,4.0,3.0,4506.0,7900.0,1987.0,Inactive,1125000,2020-09-22T02:30:20.459Z,685,13.933294482509151
"6327-Hidden-Dale-Ave,-Orlando,-FL-32819","6327 Hidden Dale Ave, Orlando, FL 32819",6327 Hidden Dale Ave,,Orlando,FL,32819,Orange County,28.470581,-81.501381,single_family,4.0,2.0,1943.0,7900.0,1987.0,Inactive,319800,2020-09-21T23:49:35.410Z,685,12.675454206331448
"5230-Ridgeway-Dr,-Orlando,-FL-32819","5230 Ridgeway Dr, Orlando, FL 32819",5230 Ridgeway Dr,,Orlando,FL,32819,Orange County,28.486701,-81.478981,single_family,3.0,2.0,1553.0,7900.0,1987.0,Inactive,315000,2020-09-21T23:40:32.694Z,685,12.660331092405906
"5074-Ernst-Ct,-Unit-29,-Orlando,-FL-32819","5074 Ernst Ct, Unit 29, Orlando, FL 32819",5074 Ernst Ct,Unit 29,Orlando,FL,32819,Orange County,28.488649,-81.463439,condo,2.0,2.0,1230.0,7900.0,1987.0,Inactive,180000,2020-09-20T19:16:03.695Z,687,12.100717685412471
"6165-Carrier-Dr,-Unit-2806,-Orlando,-FL-32819","6165 Carrier Dr, Unit 2806, Orlando, FL 32819",6165 Carrier Dr,Unit 2806,Orlando,FL,32819,Orange County,28.456566,-81.467035,condo,2.0,2.0,583.0,7900.0,1987.0,Inactive,169900,2020-09-15T21:47:22.434Z,691,12.042971193457888
"8849-Latrec-Ave,-Unit-4107,-Orlando,-FL-32819","8849 Latrec Ave, Unit 4107, Orlando, FL 32819",8849 Latrec Ave,Unit 4107,Orlando,FL,32819,Orange County,28.436559,-81.47879,condo,1.0,1.0,671.0,7900.0,1987.0,Inactive,130000,2020-09-15T19:45:41.613Z,692,11.775297421715827
"8316-Wilson-Ter,-Orlando,-FL-32819","8316 Wilson Ter, Orlando, FL 32819",8316 Wilson Ter,,Orlando,FL,32819,Orange County,28.490492,-81.4978,single_family,4.0,3.0,2481.0,7900.0,1987.0,Inactive,535000,2020-09-22T02:08:59.065Z,685,13.190023895035274
"7462-Sparkling-Lake-Rd,-Orlando,-FL-32819","7462 Sparkling Lake Rd, Orlando, FL 32819",7462 Sparkling Lake Rd,,Orlando,FL,32819,Orange County,28.472384,-81.481455,single_family,4.0,3.0,2449.0,7900.0,1987.0,Inactive,529000,2020-09-22T02:08:59.066Z,685,13.178745601197818
"7024-Skylane-Dr,-Orlando,-FL-32819","7024 Skylane Dr, Orlando, FL 32819",7024 Skylane Dr,,Orlando,FL,32819,Orange County,28.486098,-81.477613,single_family,4.0,2.0,1645.0,7900.0,1987.0,Inactive,349900,2020-09-22T00:28:41.121Z,685,12.765405536311112
"5520-Meadow-Pine-Ct,-Orlando,-FL-32819","5520 Meadow Pine Ct, Orlando, FL 32819",5520 Meadow Pine Ct,,Orlando,FL,32819,Orange County,28.483585,-81.488749,single_family,4.0,3.0,2450.0,7900.0,1987.0,Inactive,425680,2020-09-22T01:45:49.607Z,685,12.961445518449976
"5796-Valerian-Blvd,-Orlando,-FL-32819","5796 Valerian Blvd, Orlando, FL 32819",5796 Valerian Blvd,,Orlando,FL,32819,Orange County,28.465985,-81.49864,single_family,4.0,2.0,2450.0,7900.0,1987.0,Inactive,340900,2020-09-22T00:23:46.986Z,685,12.739347391533249
"7225-Dr-Phillips-Blvd,-Orlando,-FL-32819","7225 Dr Phillips Blvd, Orlando, FL 32819",7225 Dr Phillips Blvd,,Orlando,FL,32819,Orange County,28.457466,-81.49098,condo,3.0,2.0,1855.0,7900.0,1987.0,Inactive,329000,2020-09-21T23:52:12.990Z,685,12.703816069256568
"5453-Pitch-Pine-Dr,-Orlando,-FL-32819","5453 Pitch Pine Dr, Orlando, FL 32819",5453 Pitch Pine Dr,,Orlando,FL,32819,Orange County,28.485069,-81.48675,single_family,3.0,2.0,1941.0,7900.0,1987.0,Inactive,399900,2020-09-22T01:22:08.020Z,685,12.89897229545694
"7011-Villa-Estelle-Dr,-Orlando,-FL-32819","7011 Villa Estelle Dr, Orlando, FL 32819",7011 Villa Estelle Dr,,Orlando,FL,32819,Orange County,28.459486,-81.479968,single_family,3.0,2.0,1500.0,7900.0,1987.0,Inactive,339000,2020-09-22T00:23:43.442Z,685,12.733758336210744
"6165-Carrier-Dr,-Unit-1305,-Orlando,-FL-32819","6165 Carrier Dr, Unit 1305, Orlando, FL 32819",6165 Carrier Dr,Unit 1305,Orlando,FL,32819,Orange County,28.456858,-81.467791,condo,2.0,2.0,583.0,7900.0,1987.0,Inactive,128000,2020-09-15T19:27:14.991Z,692,11.759793355371237
"6165-Carrier-Dr,-Unit-3215,-Orlando,-FL-32819","6165 Carrier Dr, Unit 3215, Orlando, FL 32819",6165 Carrier Dr,Unit 3215,Orlando,FL,32819,Orange County,28.456927,-81.468843,condo,1.0,1.0,485.0,7900.0,1987.0,Inactive,95000,2020-09-15T18:37:16.712Z,692,11.461642696843066
"7456-Sparkling-Lake-Rd,-Orlando,-FL-32819","7456 Sparkling Lake Rd, Orlando, FL 32819",7456 Sparkling Lake Rd,,Orlando,FL,32819,Orange County,28.472612,-81.481352,single_family,4.0,3.0,2496.0,7900.0,1987.0,Inactive,427900,2020-09-22T01:45:49.608Z,685,12.966647139396802
"4114-Breakview-Dr,-Unit-210,-Orlando,-FL-32819","4114 Breakview Dr, Unit 210, Orlando, FL 32819",4114 Breakview Dr,Unit 210,Orlando,FL,32819,Orange County,28.425694,-81.445698,condo,3.0,2.0,1412.0,7900.0,1987.0,Inactive,280000,2020-09-21T23:28:00.160Z,685,12.54254845357358
"7612-Perugia-Ave,-Orlando,-FL-32819","7612 Perugia Ave, Orlando, FL 32819",7612 Perugia Ave,,Orlando,FL,32819,Orange County,28.454302,-81.443972,single_family,3.0,2.0,1324.0,7900.0,1987.0,Inactive,189900,2020-09-20T19:16:03.705Z,687,12.15425816271595
"8056-Sandpoint-Blvd,-Orlando,-FL-32819","8056 Sandpoint Blvd, Orlando, FL 32819",8056 Sandpoint Blvd,,Orlando,FL,32819,Orange County,28.452571,-81.494151,condo,3.0,2.0,1598.0,7900.0,1987.0,Inactive,315000,2020-09-21T23:49:35.404Z,685,12.660331092405906
"5775-Peregrine-Ave,-Unit-D03,-Orlando,-FL-32819","5775 Peregrine Ave, Unit D03, Orlando, FL 32819",5775 Peregrine Ave,Unit D03,Orlando,FL,32819,Orange County,28.487803,-81.460901,condo,2.0,2.0,999.0,7900.0,1987.0,Inactive,131900,2020-09-15T19:45:41.622Z,692,11.789806920177805
"6165-Carrier-Dr,-Unit-1313,-Orlando,-FL-32819","6165 Carrier Dr, Unit 1313, Orlando, FL 32819",6165 Carrier Dr,Unit 1313,Orlando,FL,32819,Orange County,28.456858,-81.467791,condo,1.0,1.0,485.0,7900.0,1987.0,Inactive,90000,2020-09-15T16:30:11.062Z,692,11.407576060361786
"6165-Carrier-Dr,-Unit-1514,-Orlando,-FL-32819","6165 Carrier Dr, Unit 1514, Orlando, FL 32819",6165 Carrier Dr,Unit 1514,Orlando,FL,32819,Orange County,28.456701,-81.468112,condo,1.0,1.0,485.0,7900.0,1987.0,Inactive,90000,2020-09-15T16:30:11.069Z,692,11.407576060361786
