id,formattedaddress,addressline1,addressline2,city,state,zipcode,county,latitude,longitude,propertytype,bedrooms,bathrooms,squarefootage,lotsize,yearbuilt,status,price,listeddate,daysonmarket,log_price
"4500-S-Hiawassee-Rd,-Orlando,-FL-32835","4500 S Hiawassee Rd, Orlando, FL 32835",4500 S Hiawassee Rd,,Orlando,FL,32835,Orange,28.496617,-81.485463,single_family,5.0,2.0,2730.0,169884.0,1967.0,Active,1850000,2017-11-20T00:00:00.000Z,2714,14.430696737594902
"6119-Metrowest-Blvd,-Unit-106,-Orlando,-FL-32835","6119 Metrowest Blvd, Unit 106, Orlando, FL 32835",6119 Metrowest Blvd,Unit 106,Orlando,FL,32835,Orange,28.515942,-81.464044,condo,2.0,2.0,1361.0,469.0,2004.0,Active,299000,2024-01-05T00:00:00.000Z,477,12.608202196848836
"6462-Cantua-Ln,-Unit-107,-Orlando,-FL-32835","6462 Cantua Ln, Unit 107, Orlando, FL 32835",6462 Cantua Ln,Unit 107,Orlando,FL,32835,Orange,28.514364,-81.470389,condo,2.0,2.0,1438.0,1021.0,2005.0,Active,329000,2023-11-21T00:00:00.000Z,522,12.703816069256568
"1027-S-Hiawassee-Rd,-Apt-2313,-Orlando,-FL-32835","1027 S Hiawassee Rd, Apt 2313, Orlando, FL 32835",1027 S Hiawassee Rd,Apt 2313,Orlando,FL,32835,Orange,28.528803,-81.473225,condo,2.0,2.0,829.0,3610.0,1989.0,Active,169000,2023-09-26T00:00:00.000Z,578,12.037659911047468
"3338-Robert-Trent-Jones-Dr,---20904,-Orlando,-FL-32835","3338 Robert Trent Jones Dr, # 20904, Orlando, FL 32835",3338 Robert Trent Jones Dr,# 20904,Orlando,FL,32835,Orange,28.505799,-81.471162,condo,3.0,2.0,1391.0,16117.0,2009.0,Active,245000,2023-12-11T00:00:00.000Z,502,12.409017571151187
"5957-Westgate-Dr,-Apt-1914,-Orlando,-FL-32835","5957 Westgate Dr, Apt 1914, Orlando, FL 32835",5957 Westgate Dr,Apt 1914,Orlando,FL,32835,Orange,28.532594,-81.464151,condo,2.0,2.0,1077.0,4759.0,1999.0,Active,225000,2024-03-12T00:00:00.000Z,410,12.323860125621126
"4627-Woodlot-Ct,-Orlando,-FL-32835","4627 Woodlot Ct, Orlando, FL 32835",4627 Woodlot Ct,,Orlando,FL,32835,Orange,28.494054,-81.479601,single_family,4.0,2.5,3265.0,22216.0,1979.0,Active,1145000,2024-03-12T00:00:00.000Z,410,13.95091606833254
"6016-Westgate-Dr,-Apt-301,-Orlando,-FL-32835","6016 Westgate Dr, Apt 301, Orlando, FL 32835",6016 Westgate Dr,Apt 301,Orlando,FL,32835,Orange,28.531223,-81.465371,condo,2.0,2.0,1515.0,5936.0,1988.0,Active,220000,2024-04-23T00:00:00.000Z,368,12.301387370778713
"3480-Soho-St,-Apt-307,-Orlando,-FL-32835","3480 Soho St, Apt 307, Orlando, FL 32835",3480 Soho St,Apt 307,Orlando,FL,32835,Orange,28.506079,-81.472405,condo,2.0,2.0,1107.0,11761.0,2000.0,Active,207000,2024-05-10T00:00:00.000Z,351,12.240478903153711
"3446-Soho-St,-Apt-304,-Orlando,-FL-32835","3446 Soho St, Apt 304, Orlando, FL 32835",3446 Soho St,Apt 304,Orlando,FL,32835,Orange,28.506746,-81.47344,condo,2.0,2.0,1233.0,11761.0,2000.0,Active,200000,2024-05-13T00:00:00.000Z,348,12.206077645517674
"1059-S-Hiawassee-Rd,-Apt-1824,-Orlando,-FL-32835","1059 S Hiawassee Rd, Apt 1824, Orlando, FL 32835",1059 S Hiawassee Rd,Apt 1824,Orlando,FL,32835,Orange,28.528904,-81.472246,condo,2.0,2.0,836.0,3784.0,1989.0,Active,200000,2024-06-27T00:00:00.000Z,303,12.206077645517674
"3480-Soho-St,-Apt-101,-Orlando,-FL-32835","3480 Soho St, Apt 101, Orlando, FL 32835",3480 Soho St,Apt 101,Orlando,FL,32835,Orange,28.506079,-81.472405,condo,3.0,2.0,1260.0,11761.0,2000.0,Active,278000,2024-06-17T00:00:00.000Z,313,12.535379989788607
"6682-Time-Square-Ave,-Apt-101,-Orlando,-FL-32835","6682 Time Square Ave, Apt 101, Orlando, FL 32835",6682 Time Square Ave,Apt 101,Orlando,FL,32835,Orange,28.507511,-81.473658,condo,3.0,2.5,1634.0,3674.0,2000.0,Active,265000,2024-06-03T00:00:00.000Z,327,12.487488878546145
"6100-Stevenson-Dr,-Unit-207,-Orlando,-FL-32835","6100 Stevenson Dr, Unit 207, Orlando, FL 32835",6100 Stevenson Dr,Unit 207,Orlando,FL,32835,Orange,28.508575,-81.464783,condo,2.0,2.0,1050.0,15246.0,2003.0,Active,209000,2024-06-12T00:00:00.000Z,318,12.250094315624496
"6312-Buford-St,-Apt-303,-Orlando,-FL-32835","6312 Buford St, Apt 303, Orlando, FL 32835",6312 Buford St,Apt 303,Orlando,FL,32835,Orange,28.505541,-81.466655,condo,3.0,2.5,2260.0,20473.0,2005.0,Active,425000,2024-06-12T00:00:00.000Z,318,12.959846800844963
"6214-Stevenson-Dr,-Unit-201,-Orlando,-FL-32835","6214 Stevenson Dr, Unit 201, Orlando, FL 32835",6214 Stevenson Dr,Unit 201,Orlando,FL,32835,Orange,28.508604,-81.466102,condo,3.0,2.0,1206.0,15246.0,2002.0,Active,229900,2024-05-29T00:00:00.000Z,332,12.345404060459082
"3432-Westchester-Square-Blvd,-Apt-205,-Orlando,-FL-32835","3432 Westchester Square Blvd, Apt 205, Orlando, FL 32835",3432 Westchester Square Blvd,Apt 205,Orlando,FL,32835,Orange,28.506839,-81.472664,condo,1.0,1.0,658.0,6122.0,2000.0,Active,149900,2024-07-10T00:00:00.000Z,290,11.917730355182513
"1013-Nin-St,-Orlando,-FL-32835","1013 Nin St, Orlando, FL 32835",1013 Nin St,,Orlando,FL,32835,Orange,28.532978,-81.487343,single_family,3.0,2.0,2152.0,8147.0,1986.0,Active,440000,2024-07-27T00:00:00.000Z,273,12.994532278619134
"1073-S-Hiawassee-Rd,-Apt-1018,-Orlando,-FL-32835","1073 S Hiawassee Rd, Apt 1018, Orlando, FL 32835",1073 S Hiawassee Rd,Apt 1018,Orlando,FL,32835,Orange,28.52886,-81.471522,condo,2.0,2.0,829.0,7034.0,1989.0,Active,174900,2024-08-08T00:00:00.000Z,261,12.071975378543236
"3383-Westchester-Square-Blvd,-Apt-204,-Orlando,-FL-32835","3383 Westchester Square Blvd, Apt 204, Orlando, FL 32835",3383 Westchester Square Blvd,Apt 204,Orlando,FL,32835,Orange,28.507432,-81.472533,condo,2.0,2.0,1256.0,5637.0,2000.0,Active,179900,2024-07-31T00:00:00.000Z,269,12.100161978566867
"1065-S-Hiawassee-Rd,-Apt-1427,-Orlando,-FL-32835","1065 S Hiawassee Rd, Apt 1427, Orlando, FL 32835",1065 S Hiawassee Rd,Apt 1427,Orlando,FL,32835,Orange,28.52957,-81.471037,condo,2.0,2.0,934.0,8756.0,1989.0,Active,199000,2024-07-30T00:00:00.000Z,270,12.201065128819632
"6413-Astor-Village-Ave,-Apt-303,-Orlando,-FL-32835","6413 Astor Village Ave, Apt 303, Orlando, FL 32835",6413 Astor Village Ave,Apt 303,Orlando,FL,32835,Orange,28.508923,-81.470715,condo,1.0,1.0,945.0,22651.0,2000.0,Active,179900,2024-08-08T00:00:00.000Z,261,12.100161978566867
"6451-Old-Park-Ln,-Unit-110,-Orlando,-FL-32835","6451 Old Park Ln, Unit 110, Orlando, FL 32835",6451 Old Park Ln,Unit 110,Orlando,FL,32835,Orange,28.514808,-81.468556,condo,3.0,2.0,1412.0,1890.0,2005.0,Active,254555,2024-08-01T00:00:00.000Z,268,12.44727613006035
"3392-Westchester-Square-Blvd,-Apt-101,-Orlando,-FL-32835","3392 Westchester Square Blvd, Apt 101, Orlando, FL 32835",3392 Westchester Square Blvd,Apt 101,Orlando,FL,32835,Orange,28.507123,-81.472916,condo,2.0,2.0,1160.0,6122.0,2000.0,Active,199900,2024-08-08T00:00:00.000Z,261,12.20557752297723
"6320-Raleigh-St,-Apt-604,-Orlando,-FL-32835","6320 Raleigh St, Apt 604, Orlando, FL 32835",6320 Raleigh St,Apt 604,Orlando,FL,32835,Orange,28.526501,-81.468474,condo,1.0,1.0,794.0,4790.0,1997.0,Active,163500,2024-08-19T00:00:00.000Z,250,12.004574385508691
"7801-Belvoir-Dr,-Orlando,-FL-32835","7801 Belvoir Dr, Orlando, FL 32835",7801 Belvoir Dr,,Orlando,FL,32835,Orange,28.522542,-81.501019,single_family,5.0,3.0,3336.0,8389.0,1996.0,Active,695000,2024-08-19T00:00:00.000Z,250,13.451668563394815
"3478-Westchester-Square-Blvd,-Apt-202,-Orlando,-FL-32835","3478 Westchester Square Blvd, Apt 202, Orlando, FL 32835",3478 Westchester Square Blvd,Apt 202,Orlando,FL,32835,Orange,28.506621,-81.472369,condo,3.0,2.0,1600.0,6122.0,2000.0,Active,249900,2024-08-19T00:00:00.000Z,250,12.428820118415677
"1069-S-Hiawassee-Rd,-Apt-1336,-Orlando,-FL-32835","1069 S Hiawassee Rd, Apt 1336, Orlando, FL 32835",1069 S Hiawassee Rd,Apt 1336,Orlando,FL,32835,Orange,28.52906,-81.470927,condo,1.0,1.0,673.0,9202.0,1989.0,Active,155000,2024-08-22T00:00:00.000Z,247,11.951186847493476
"4614-Woodlot-Ct,-Orlando,-FL-32835","4614 Woodlot Ct, Orlando, FL 32835",4614 Woodlot Ct,,Orlando,FL,32835,Orange,28.494526,-81.480302,single_family,4.0,2.5,2643.0,21780.0,1979.0,Active,700000,2024-08-29T00:00:00.000Z,240,13.45883704259595
"836-Rosemere-Cir,-Orlando,-FL-32835","836 Rosemere Cir, Orlando, FL 32835",836 Rosemere Cir,,Orlando,FL,32835,Orange,28.534215,-81.50781,single_family,6.0,3.0,2100.0,10890.0,1987.0,Active,490000,2024-09-16T00:00:00.000Z,222,13.102162710901053
"3433-Soho-St,-Apt-202,-Orlando,-FL-32835","3433 Soho St, Apt 202, Orlando, FL 32835",3433 Soho St,Apt 202,Orlando,FL,32835,Orange,28.507244,-81.473404,condo,3.0,2.0,1435.0,6122.0,2000.0,Active,250000,2024-09-02T00:00:00.000Z,236,12.429220196836383
"117-N-Observatory-Dr,-Orlando,-FL-32835","117 N Observatory Dr, Orlando, FL 32835",117 N Observatory Dr,,Orlando,FL,32835,Orange,28.543336,-81.46788,single_family,2.0,1.0,987.0,5358.0,1989.0,Active,275000,2024-09-11T00:00:00.000Z,227,12.524530013005734
"6624-Time-Square-Ave,-Apt-104,-Orlando,-FL-32835","6624 Time Square Ave, Apt 104, Orlando, FL 32835",6624 Time Square Ave,Apt 104,Orlando,FL,32835,Orange,28.508143,-81.472672,condo,2.0,2.5,1548.0,3674.0,2000.0,Active,239000,2024-09-06T00:00:00.000Z,232,12.384223015005313
"6673-Time-Square-Ave,-Apt-102,-Orlando,-FL-32835","6673 Time Square Ave, Apt 102, Orlando, FL 32835",6673 Time Square Ave,Apt 102,Orlando,FL,32835,Orange,28.507736,-81.47384,townhouse,2.0,2.5,1548.0,3674.0,2000.0,Active,269000,2024-09-18T00:00:00.000Z,220,12.502470376049185
"6312-Raleigh-St,-Apt-513,-Orlando,-FL-32835","6312 Raleigh St, Apt 513, Orlando, FL 32835",6312 Raleigh St,Apt 513,Orlando,FL,32835,Orange,28.527214,-81.468547,condo,1.0,1.0,499.0,5594.0,1997.0,Active,159000,2024-09-18T00:00:00.000Z,220,11.976665770490767
"8208-Vineland-Oaks-Blvd,-Orlando,-FL-32835","8208 Vineland Oaks Blvd, Orlando, FL 32835",8208 Vineland Oaks Blvd,,Orlando,FL,32835,Orange,28.533911,-81.49828,single_family,4.0,3.0,2416.0,10890.0,1994.0,Active,685000,2024-09-15T00:00:00.000Z,223,13.437175577097312
"6316-Miramonte-Dr,-Unit-106,-Orlando,-FL-32835","6316 Miramonte Dr, Unit 106, Orlando, FL 32835",6316 Miramonte Dr,Unit 106,Orlando,FL,32835,Orange,28.509607,-81.468468,condo,4.0,2.5,2369.0,1766.0,2005.0,Active,595000,2024-09-24T00:00:00.000Z,214,13.296318365198623
"6088-Westgate-Dr,-Apt-203,-Orlando,-FL-32835","6088 Westgate Dr, Apt 203, Orlando, FL 32835",6088 Westgate Dr,Apt 203,Orlando,FL,32835,Orange,28.532112,-81.466103,condo,2.0,1.0,1342.0,4445.0,1988.0,Active,189500,2024-09-22T00:00:00.000Z,216,12.15214958053555
"6627-Queens-Borough-Ave,-Apt-101,-Orlando,-FL-32835","6627 Queens Borough Ave, Apt 101, Orlando, FL 32835",6627 Queens Borough Ave,Apt 101,Orlando,FL,32835,Orange,28.508911,-81.473589,condo,3.0,2.0,1260.0,8756.0,2000.0,Active,209900,2024-09-25T00:00:00.000Z,213,12.254391269970792
"3384-Corona-Village-Way,-Apt-108,-Orlando,-FL-32835","3384 Corona Village Way, Apt 108, Orlando, FL 32835",3384 Corona Village Way,Apt 108,Orlando,FL,32835,Orange,28.507612,-81.474911,condo,2.0,2.0,1107.0,12197.0,2000.0,Active,273000,2024-10-16T00:00:00.000Z,192,12.51723073716405
"3478-Westchester-Square-Blvd,-Apt-204,-Orlando,-FL-32835","3478 Westchester Square Blvd, Apt 204, Orlando, FL 32835",3478 Westchester Square Blvd,Apt 204,Orlando,FL,32835,Orange,28.506621,-81.472369,condo,3.0,2.0,1600.0,6122.0,2000.0,Active,235000,2024-10-18T00:00:00.000Z,190,12.367345048436391
"6312-Buford-St,-Apt-304,-Orlando,-FL-32835","6312 Buford St, Apt 304, Orlando, FL 32835",6312 Buford St,Apt 304,Orlando,FL,32835,Orange,28.505541,-81.466655,condo,3.0,2.0,1775.0,20473.0,2005.0,Active,315000,2024-10-22T00:00:00.000Z,186,12.660331092405906
"1069-S-Hiawassee-Rd,-Apt-1327,-Orlando,-FL-32835","1069 S Hiawassee Rd, Apt 1327, Orlando, FL 32835",1069 S Hiawassee Rd,Apt 1327,Orlando,FL,32835,Orange,28.52906,-81.470927,condo,2.0,2.0,934.0,9202.0,1989.0,Active,204900,2024-10-24T00:00:00.000Z,184,12.230282214644559
"2484-San-Tecla-St,-Unit-303,-Orlando,-FL-32835","2484 San Tecla St, Unit 303, Orlando, FL 32835",2484 San Tecla St,Unit 303,Orlando,FL,32835,Orange,28.514337,-81.468423,condo,3.0,2.0,1247.0,8756.0,2005.0,Active,255000,2024-10-28T00:00:00.000Z,180,12.449022745701502
"16-N-Lancelot-Ave,-Orlando,-FL-32835","16 N Lancelot Ave, Orlando, FL 32835",16 N Lancelot Ave,,Orlando,FL,32835,Orange,28.54187,-81.471488,single_family,4.0,2.0,1637.0,10454.0,1979.0,Active,350000,2024-10-30T00:00:00.000Z,178,12.765691290604371
"4-S-Hudson-St,-Orlando,-FL-32835","4 S Hudson St, Orlando, FL 32835",4 S Hudson St,,Orlando,FL,32835,Orange,28.541214,-81.461672,single_family,3.0,2.0,1015.0,6752.0,1930.0,Active,275000,2024-10-28T00:00:00.000Z,180,12.524530013005734
"6332-Raleigh-St,-Apt-903,-Orlando,-FL-32835","6332 Raleigh St, Apt 903, Orlando, FL 32835",6332 Raleigh St,Apt 903,Orlando,FL,32835,Orange,28.526976,-81.469272,condo,2.0,2.0,1051.0,4453.0,1997.0,Active,199950,2024-11-02T00:00:00.000Z,175,12.20582761551277
"3468-Soho-St,-Apt-107,-Orlando,-FL-32835","3468 Soho St, Apt 107, Orlando, FL 32835",3468 Soho St,Apt 107,Orlando,FL,32835,Orange,28.5064,-81.472882,condo,3.0,2.0,1260.0,11761.0,2000.0,Active,255000,2024-11-05T00:00:00.000Z,172,12.449022745701502
"125-Grand-Junction-Blvd,-Orlando,-FL-32835","125 Grand Junction Blvd, Orlando, FL 32835",125 Grand Junction Blvd,,Orlando,FL,32835,Orange,28.54299,-81.471925,single_family,2.0,1.0,968.0,7050.0,1987.0,Active,269000,2024-11-04T00:00:00.000Z,173,12.502470376049185
"3356-Robert-Trent-Jones-Dr,-Unit-101,-Orlando,-FL-32835","3356 Robert Trent Jones Dr, Unit 101, Orlando, FL 32835",3356 Robert Trent Jones Dr,Unit 101,Orlando,FL,32835,Orange,28.505618,-81.47209,condo,2.0,2.0,1962.0,20909.0,2007.0,Active,342990,2024-11-02T00:00:00.000Z,175,12.745459486736772
"325-Sonoma-Valley-Cir,-Orlando,-FL-32835","325 Sonoma Valley Cir, Orlando, FL 32835",325 Sonoma Valley Cir,,Orlando,FL,32835,Orange,28.536279,-81.482937,single_family,4.0,2.5,1668.0,5678.0,1989.0,Active,449000,2024-11-11T00:00:00.000Z,166,13.014780393893403
"6214-Stevenson-Dr,-Unit-303,-Orlando,-FL-32835","6214 Stevenson Dr, Unit 303, Orlando, FL 32835",6214 Stevenson Dr,Unit 303,Orlando,FL,32835,Orange,28.508604,-81.466102,condo,3.0,2.0,1206.0,15246.0,2002.0,Active,279900,2024-11-16T00:00:00.000Z,161,12.5421912482017
"3468-Soho-St,-Apt-307,-Orlando,-FL-32835","3468 Soho St, Apt 307, Orlando, FL 32835",3468 Soho St,Apt 307,Orlando,FL,32835,Orange,28.5064,-81.472882,condo,3.0,2.0,1260.0,11761.0,2000.0,Active,218000,2024-11-11T00:00:00.000Z,166,12.292254928916668
"2624-Robert-Trent-Jones-Dr,-Apt-623,-Orlando,-FL-32835","2624 Robert Trent Jones Dr, Apt 623, Orlando, FL 32835",2624 Robert Trent Jones Dr,Apt 623,Orlando,FL,32835,Orange,28.514935,-81.471635,condo,2.0,1.0,933.0,8756.0,1995.0,Active,179999,2024-11-07T00:00:00.000Z,170,12.100712129872347
"6462-Cantua-Ln,-Unit-105,-Orlando,-FL-32835","6462 Cantua Ln, Unit 105, Orlando, FL 32835",6462 Cantua Ln,Unit 105,Orlando,FL,32835,Orange,28.514316,-81.470298,condo,3.0,2.0,1857.0,1039.0,2005.0,Active,330000,2024-11-11T00:00:00.000Z,166,12.706850963741102
"2801-Ripton-Ct,-Orlando,-FL-32835","2801 Ripton Ct, Orlando, FL 32835",2801 Ripton Ct,,Orlando,FL,32835,Orange,28.51255,-81.48952,single_family,3.0,2.0,1898.0,8710.0,1990.0,Active,479999,2024-11-13T00:00:00.000Z,164,13.081541382884074
"6141-Metrowest-Blvd,-Unit-307,-Orlando,-FL-32835","6141 Metrowest Blvd, Unit 307, Orlando, FL 32835",6141 Metrowest Blvd,Unit 307,Orlando,FL,32835,Orange,28.517033,-81.465586,condo,4.0,2.0,1417.0,10454.0,2004.0,Active,269000,2024-11-25T00:00:00.000Z,152,12.502470376049185
"1023-S-Hiawassee-Rd,-Apt-4022,-Orlando,-FL-32835","1023 S Hiawassee Rd, Apt 4022, Orlando, FL 32835",1023 S Hiawassee Rd,Apt 4022,Orlando,FL,32835,Orange,28.528533,-81.473946,condo,2.0,2.0,934.0,7485.0,1989.0,Active,149000,2024-11-27T00:00:00.000Z,150,11.91170829631447
"1035-S-Hiawassee-Rd,-Apt-2722,-Orlando,-FL-32835","1035 S Hiawassee Rd, Apt 2722, Orlando, FL 32835",1035 S Hiawassee Rd,Apt 2722,Orlando,FL,32835,Orange,28.529611,-81.471903,condo,2.0,2.0,836.0,3836.0,1989.0,Active,168800,2024-11-21T00:00:00.000Z,156,12.036475785297062
"7135-Yacht-Basin-Ave,-Apt-237,-Orlando,-FL-32835","7135 Yacht Basin Ave, Apt 237, Orlando, FL 32835",7135 Yacht Basin Ave,Apt 237,Orlando,FL,32835,Orange,28.512789,-81.484833,condo,3.0,2.0,1206.0,8756.0,1997.0,Active,259900,2024-11-25T00:00:00.000Z,152,12.468056068255885
"6106-Westgate-Dr,-Apt-102,-Orlando,-FL-32835","6106 Westgate Dr, Apt 102, Orlando, FL 32835",6106 Westgate Dr,Apt 102,Orlando,FL,32835,Orange,28.532126,-81.467053,condo,2.0,2.0,943.0,5936.0,1988.0,Active,210000,2024-11-21T00:00:00.000Z,156,12.25486757159303
"1065-S-Hiawassee-Rd,-Apt-1428,-Orlando,-FL-32835","1065 S Hiawassee Rd, Apt 1428, Orlando, FL 32835",1065 S Hiawassee Rd,Apt 1428,Orlando,FL,32835,Orange,28.52957,-81.471037,condo,2.0,2.0,934.0,8292.0,1989.0,Active,229900,2024-11-18T00:00:00.000Z,159,12.345404060459082
"6141-Metrowest-Blvd,-Unit-102,-Orlando,-FL-32835","6141 Metrowest Blvd, Unit 102, Orlando, FL 32835",6141 Metrowest Blvd,Unit 102,Orlando,FL,32835,Orange,28.517033,-81.465586,condo,4.0,2.0,1417.0,10454.0,2004.0,Active,274990,2024-11-22T00:00:00.000Z,155,12.524493648840432
"1037-S-Hiawassee-Rd,-Apt-2815,-Orlando,-FL-32835","1037 S Hiawassee Rd, Apt 2815, Orlando, FL 32835",1037 S Hiawassee Rd,Apt 2815,Orlando,FL,32835,Orange,28.529984,-81.471604,condo,1.0,1.0,673.0,8637.0,1989.0,Active,167500,2024-11-22T00:00:00.000Z,155,12.02874460037869
"3344-Robert-Trent-Jones-Dr,---40305,-Orlando,-FL-32835","3344 Robert Trent Jones Dr, # 40305, Orlando, FL 32835",3344 Robert Trent Jones Dr,# 40305,Orlando,FL,32835,Orange,28.506386,-81.471405,condo,3.0,2.0,1247.0,16117.0,2008.0,Active,249000,2024-11-28T00:00:00.000Z,149,12.425212191503038
"3190-Dante-Dr,-Unit-304,-Orlando,-FL-32835","3190 Dante Dr, Unit 304, Orlando, FL 32835",3190 Dante Dr,Unit 304,Orlando,FL,32835,Orange,28.509208,-81.466884,condo,3.0,2.0,1408.0,15246.0,2002.0,Active,244990,2024-12-02T00:00:00.000Z,145,12.408976754158251
"7270-Westpointe-Blvd,-Apt-914,-Orlando,-FL-32835","7270 Westpointe Blvd, Apt 914, Orlando, FL 32835",7270 Westpointe Blvd,Apt 914,Orlando,FL,32835,Orange,28.515979,-81.488602,condo,2.0,1.0,1021.0,8756.0,1994.0,Active,219000,2024-12-05T00:00:00.000Z,142,12.296831574998258
"6412-Queens-Borough-Ave,-Apt-202,-Orlando,-FL-32835","6412 Queens Borough Ave, Apt 202, Orlando, FL 32835",6412 Queens Borough Ave,Apt 202,Orlando,FL,32835,Orange,28.509746,-81.47139,condo,3.0,2.0,1278.0,23087.0,2000.0,Active,259000,2024-12-11T00:00:00.000Z,136,12.464587201678082
"3383-Westchester-Square-Blvd,-Apt-202,-Orlando,-FL-32835","3383 Westchester Square Blvd, Apt 202, Orlando, FL 32835",3383 Westchester Square Blvd,Apt 202,Orlando,FL,32835,Orange,28.507432,-81.472533,condo,2.0,2.0,1256.0,5637.0,2000.0,Active,252900,2024-12-12T00:00:00.000Z,135,12.440753386782307
"8048-Canyon-Lake-Cir,-Orlando,-FL-32835","8048 Canyon Lake Cir, Orlando, FL 32835",8048 Canyon Lake Cir,,Orlando,FL,32835,Orange,28.527914,-81.495014,single_family,4.0,2.5,2365.0,12632.0,1992.0,Active,689000,2024-12-23T00:00:00.000Z,124,13.442998001373553
"6141-Metrowest-Blvd,-Unit-206,-Orlando,-FL-32835","6141 Metrowest Blvd, Unit 206, Orlando, FL 32835",6141 Metrowest Blvd,Unit 206,Orlando,FL,32835,Orange,28.517033,-81.465586,condo,3.0,2.0,1285.0,8756.0,2004.0,Active,259900,2024-12-17T00:00:00.000Z,130,12.468056068255885
"6129-Metrowest-Blvd,-Unit-106,-Orlando,-FL-32835","6129 Metrowest Blvd, Unit 106, Orlando, FL 32835",6129 Metrowest Blvd,Unit 106,Orlando,FL,32835,Orange,28.516862,-81.463892,condo,2.0,2.0,1386.0,518.0,2004.0,Active,295000,2024-12-17T00:00:00.000Z,130,12.59473402514672
"6169-Metrowest-Blvd,-Unit-104,-Orlando,-FL-32835","6169 Metrowest Blvd, Unit 104, Orlando, FL 32835",6169 Metrowest Blvd,Unit 104,Orlando,FL,32835,Orange,28.515821,-81.466843,condo,3.0,2.0,1285.0,8756.0,2004.0,Active,257000,2024-12-18T00:00:00.000Z,129,12.456835254920371
"1029-S-Hiawassee-Rd,-Apt-2421,-Orlando,-FL-32835","1029 S Hiawassee Rd, Apt 2421, Orlando, FL 32835",1029 S Hiawassee Rd,Apt 2421,Orlando,FL,32835,Orange,28.52896,-81.472939,condo,2.0,2.0,836.0,3665.0,1989.0,Active,165000,2024-12-18T00:00:00.000Z,129,12.013706813470414
"5980-Westgate-Dr,-Apt-103,-Orlando,-FL-32835","5980 Westgate Dr, Apt 103, Orlando, FL 32835",5980 Westgate Dr,Apt 103,Orlando,FL,32835,Orange,28.530585,-81.463836,condo,2.0,2.0,991.0,5936.0,1988.0,Active,184500,2024-12-26T00:00:00.000Z,121,12.12541016250223
"117-Red-Rose-Cir,-Orlando,-FL-32835","117 Red Rose Cir, Orlando, FL 32835",117 Red Rose Cir,,Orlando,FL,32835,Orange,28.539484,-81.498814,single_family,3.0,2.0,1877.0,10019.0,1987.0,Active,410000,2024-12-27T00:00:00.000Z,120,12.923914877701906
"7924-Bridgestone-Dr,-Orlando,-FL-32835","7924 Bridgestone Dr, Orlando, FL 32835",7924 Bridgestone Dr,,Orlando,FL,32835,Orange,28.525798,-81.49222,single_family,4.0,3.0,2476.0,10019.0,1996.0,Active,639000,2024-12-27T00:00:00.000Z,120,13.367661298303675
"2598-Robert-Trent-Jones-Dr,-Apt-1010,-Orlando,-FL-32835","2598 Robert Trent Jones Dr, Apt 1010, Orlando, FL 32835",2598 Robert Trent Jones Dr,Apt 1010,Orlando,FL,32835,Orange,28.514212,-81.472753,condo,2.0,2.0,1150.0,10890.0,1995.0,Active,214990,2025-01-03T00:00:00.000Z,113,12.278351445768509
"2572-Robert-Trent-Jones-Dr,-Apt-1231,-Orlando,-FL-32835","2572 Robert Trent Jones Dr, Apt 1231, Orlando, FL 32835",2572 Robert Trent Jones Dr,Apt 1231,Orlando,FL,32835,Orange,28.515234,-81.472975,condo,2.0,2.0,1014.0,9178.0,1995.0,Active,185000,2025-01-07T00:00:00.000Z,109,12.128116509451258
"2652-Robert-Trent-Jones-Dr,-Apt-533,-Orlando,-FL-32835","2652 Robert Trent Jones Dr, Apt 533, Orlando, FL 32835",2652 Robert Trent Jones Dr,Apt 533,Orlando,FL,32835,Orange,28.514176,-81.471853,condo,1.0,1.0,674.0,1200.0,1995.0,Active,158000,2025-01-06T00:00:00.000Z,110,11.970356641102999
"6413-Astor-Village-Ave,-Apt-314,-Orlando,-FL-32835","6413 Astor Village Ave, Apt 314, Orlando, FL 32835",6413 Astor Village Ave,Apt 314,Orlando,FL,32835,Orange,28.508923,-81.470715,condo,3.0,2.0,1327.0,22651.0,2000.0,Active,204990,2025-01-06T00:00:00.000Z,110,12.230721354717781
"7350-Westpointe-Blvd,-Apt-224,-Orlando,-FL-32835","7350 Westpointe Blvd, Apt 224, Orlando, FL 32835",7350 Westpointe Blvd,Apt 224,Orlando,FL,32835,Orange,28.516534,-81.4892,condo,2.0,1.0,1021.0,6033.0,1994.0,Active,187000,2025-01-07T00:00:00.000Z,109,12.138869243416009
"6348-Raleigh-St,-Apt-1311,-Orlando,-FL-32835","6348 Raleigh St, Apt 1311, Orlando, FL 32835",6348 Raleigh St,Apt 1311,Orlando,FL,32835,Orange,28.526294,-81.468897,condo,2.0,2.0,1062.0,5832.0,1997.0,Active,210000,2025-01-08T00:00:00.000Z,108,12.25486757159303
"3315-Parkchester-Square-Blvd,-Apt-102,-Orlando,-FL-32835","3315 Parkchester Square Blvd, Apt 102, Orlando, FL 32835",3315 Parkchester Square Blvd,Apt 102,Orlando,FL,32835,Orange,28.508553,-81.471408,condo,4.0,2.0,1489.0,11761.0,2000.0,Active,300000,2025-01-08T00:00:00.000Z,108,12.611541086966115
"3433-Soho-St,-Apt-204,-Orlando,-FL-32835","3433 Soho St, Apt 204, Orlando, FL 32835",3433 Soho St,Apt 204,Orlando,FL,32835,Orange,28.507244,-81.473404,condo,3.0,2.0,1435.0,6122.0,2000.0,Active,291000,2025-01-08T00:00:00.000Z,108,12.581081982573842
"1075-S-Hiawassee-Rd,-Apt-912,-Orlando,-FL-32835","1075 S Hiawassee Rd, Apt 912, Orlando, FL 32835",1075 S Hiawassee Rd,Apt 912,Orlando,FL,32835,Orange,28.528618,-81.471892,condo,2.0,2.0,829.0,7451.0,1989.0,Active,195000,2025-01-13T00:00:00.000Z,103,12.180759965737863
"6356-Raleigh-St,-Apt-1503,-Orlando,-FL-32835","6356 Raleigh St, Apt 1503, Orlando, FL 32835",6356 Raleigh St,Apt 1503,Orlando,FL,32835,Orange,28.525925,-81.468956,condo,2.0,2.0,1051.0,4883.0,1997.0,Active,210000,2025-01-13T00:00:00.000Z,103,12.25486757159303
"3209-Parkchester-Square-Blvd,-Apt-306,-Orlando,-FL-32835","3209 Parkchester Square Blvd, Apt 306, Orlando, FL 32835",3209 Parkchester Square Blvd,Apt 306,Orlando,FL,32835,Orange,28.509246,-81.471975,condo,2.0,2.0,1233.0,10454.0,2000.0,Active,190000,2025-01-17T00:00:00.000Z,99,12.154784614286667
"2558-Robert-Trent-Jones-Dr,-Apt-1427,-Orlando,-FL-32835","2558 Robert Trent Jones Dr, Apt 1427, Orlando, FL 32835",2558 Robert Trent Jones Dr,Apt 1427,Orlando,FL,32835,Orange,28.516302,-81.47287,condo,2.0,2.0,1150.0,10890.0,1995.0,Active,199000,2025-01-16T00:00:00.000Z,100,12.201065128819632
"3362-Robert-Trent-Jones-Dr,---30307,-Orlando,-FL-32835","3362 Robert Trent Jones Dr, # 30307, Orlando, FL 32835",3362 Robert Trent Jones Dr,# 30307,Orlando,FL,32835,Orange,28.505047,-81.471515,condo,3.0,2.0,2129.0,16117.0,2007.0,Active,359990,2025-01-16T00:00:00.000Z,100,12.793834310119788
"6149-Metrowest-Blvd,-Unit-106,-Orlando,-FL-32835","6149 Metrowest Blvd, Unit 106, Orlando, FL 32835",6149 Metrowest Blvd,Unit 106,Orlando,FL,32835,Orange,28.516427,-81.465746,condo,2.0,2.0,1124.0,8845.0,2004.0,Active,239900,2025-01-17T00:00:00.000Z,99,12.3879816172226
"2579-San-Tecla-St,-Unit-105,-Orlando,-FL-32835","2579 San Tecla St, Unit 105, Orlando, FL 32835",2579 San Tecla St,Unit 105,Orlando,FL,32835,Orange,28.513102,-81.468677,townhouse,3.0,2.0,1857.0,1028.0,2005.0,Active,350000,2025-01-18T00:00:00.000Z,98,12.765691290604371
"3384-Corona-Village-Way,-Apt-102,-Orlando,-FL-32835","3384 Corona Village Way, Apt 102, Orlando, FL 32835",3384 Corona Village Way,Apt 102,Orlando,FL,32835,Orange,28.507612,-81.474911,condo,3.0,2.0,1387.0,12197.0,2000.0,Active,250000,2025-01-17T00:00:00.000Z,99,12.429220196836383
"6413-Astor-Village-Ave,-Apt-210,-Orlando,-FL-32835","6413 Astor Village Ave, Apt 210, Orlando, FL 32835",6413 Astor Village Ave,Apt 210,Orlando,FL,32835,Orange,28.508923,-81.470715,condo,2.0,1.0,1035.0,8756.0,2000.0,Active,169000,2025-01-20T00:00:00.000Z,96,12.037659911047468
"3401-Shallot-Dr,-Unit-103,-Orlando,-FL-32835","3401 Shallot Dr, Unit 103, Orlando, FL 32835",3401 Shallot Dr,Unit 103,Orlando,FL,32835,Orange,28.507359,-81.468363,condo,2.0,2.5,1546.0,974.0,2004.0,Active,310000,2025-01-20T00:00:00.000Z,96,12.644330802262578
"2624-Robert-Trent-Jones-Dr,-Apt-615,-Orlando,-FL-32835","2624 Robert Trent Jones Dr, Apt 615, Orlando, FL 32835",2624 Robert Trent Jones Dr,Apt 615,Orlando,FL,32835,Orange,28.514935,-81.471635,condo,2.0,1.0,933.0,11761.0,1995.0,Active,185000,2025-01-21T00:00:00.000Z,95,12.128116509451258
"1079-S-Hiawassee-Rd,-Apt-1127,-Orlando,-FL-32835","1079 S Hiawassee Rd, Apt 1127, Orlando, FL 32835",1079 S Hiawassee Rd,Apt 1127,Orlando,FL,32835,Orange,28.528107,-81.471054,condo,2.0,2.0,934.0,8580.0,1989.0,Active,169900,2025-01-23T00:00:00.000Z,93,12.042971193457888
"7895-Saint-Giles-Pl,-Orlando,-FL-32835","7895 Saint Giles Pl, Orlando, FL 32835",7895 Saint Giles Pl,,Orlando,FL,32835,Orange,28.519639,-81.502079,single_family,4.0,3.0,2500.0,8019.0,1995.0,Active,560000,2025-01-23T00:00:00.000Z,93,13.235693848424024
"2225-Kettle-Dr,-Orlando,-FL-32835","2225 Kettle Dr, Orlando, FL 32835",2225 Kettle Dr,,Orlando,FL,32835,Orange,28.516894,-81.496419,single_family,4.0,3.5,3345.0,13504.0,1999.0,Active,919000,2025-01-22T00:00:00.000Z,94,13.731042489476513
"3344-Robert-Trent-Jones-Dr,---30505,-Orlando,-FL-32835","3344 Robert Trent Jones Dr, # 30505, Orlando, FL 32835",3344 Robert Trent Jones Dr,# 30505,Orlando,FL,32835,Orange,28.506385,-81.471408,condo,3.0,2.0,1412.0,16117.0,2008.0,Active,243300,2025-01-23T00:00:00.000Z,93,12.402054638915242
"7123-Yacht-Basin-Ave,---3,-Orlando,-FL-32835","7123 Yacht Basin Ave, # 3, Orlando, FL 32835",7123 Yacht Basin Ave,# 3,Orlando,FL,32835,Orange,28.513277,-81.484112,condo,3.0,2.0,1206.0,16553.0,1997.0,Active,259990,2025-01-27T00:00:00.000Z,89,12.468402294013924
"6413-Astor-Village-Ave,-Apt-313,-Orlando,-FL-32835","6413 Astor Village Ave, Apt 313, Orlando, FL 32835",6413 Astor Village Ave,Apt 313,Orlando,FL,32835,Orange,28.508923,-81.470715,condo,2.0,2.0,1233.0,22651.0,2000.0,Active,215000,2025-01-28T00:00:00.000Z,88,12.278397958261774
"2705-Grantham-Ct,-Orlando,-FL-32835","2705 Grantham Ct, Orlando, FL 32835",2705 Grantham Ct,,Orlando,FL,32835,Orange,28.514346,-81.491123,single_family,4.0,2.5,2128.0,9299.0,1990.0,Active,499999,2025-01-25T00:00:00.000Z,91,13.122363377404328
"1071-S-Hiawassee-Rd,-Apt-1213,-Orlando,-FL-32835","1071 S Hiawassee Rd, Apt 1213, Orlando, FL 32835",1071 S Hiawassee Rd,Apt 1213,Orlando,FL,32835,Orange,28.528576,-81.470972,condo,1.0,1.0,673.0,8609.0,1989.0,Active,139000,2025-01-25T00:00:00.000Z,91,11.842236406331555
"3250-Corona-Village-Way,-Apt-302,-Orlando,-FL-32835","3250 Corona Village Way, Apt 302, Orlando, FL 32835",3250 Corona Village Way,Apt 302,Orlando,FL,32835,Orange,28.508603,-81.475713,condo,2.0,2.0,1107.0,11761.0,2000.0,Active,239000,2025-01-28T00:00:00.000Z,88,12.384223015005313
"6663-Queens-Borough-Ave,-Apt-108,-Orlando,-FL-32835","6663 Queens Borough Ave, Apt 108, Orlando, FL 32835",6663 Queens Borough Ave,Apt 108,Orlando,FL,32835,Orange,28.508904,-81.474223,condo,2.0,2.0,1107.0,11326.0,2000.0,Active,195000,2025-01-29T00:00:00.000Z,87,12.180759965737863
"6413-Astor-Village-Ave,-Apt-305,-Orlando,-FL-32835","6413 Astor Village Ave, Apt 305, Orlando, FL 32835",6413 Astor Village Ave,Apt 305,Orlando,FL,32835,Orange,28.508923,-81.470715,condo,2.0,2.0,1233.0,22651.0,2000.0,Active,198000,2025-01-29T00:00:00.000Z,87,12.19602736016897
"3332-Robert-Trent-Jones-Dr,---30303,-Orlando,-FL-32835","3332 Robert Trent Jones Dr, # 30303, Orlando, FL 32835",3332 Robert Trent Jones Dr,# 30303,Orlando,FL,32835,Orange,28.505907,-81.470596,condo,3.0,2.0,1247.0,16117.0,2006.0,Active,250000,2025-01-31T00:00:00.000Z,85,12.429220196836383
"5961-Westgate-Dr,-Apt-2034,-Orlando,-FL-32835","5961 Westgate Dr, Apt 2034, Orlando, FL 32835",5961 Westgate Dr,Apt 2034,Orlando,FL,32835,Orange,28.532841,-81.464348,condo,1.0,1.0,713.0,8369.0,1999.0,Active,171900,2025-01-30T00:00:00.000Z,86,12.05467400868968
"5979-Westgate-Dr,-Apt-1021,-Orlando,-FL-32835","5979 Westgate Dr, Apt 1021, Orlando, FL 32835",5979 Westgate Dr,Apt 1021,Orlando,FL,32835,Orange,28.533846,-81.464324,condo,3.0,2.0,1308.0,435.0,1999.0,Active,235000,2025-01-31T00:00:00.000Z,85,12.367345048436391
"6088-Westgate-Dr,-Apt-103,-Orlando,-FL-32835","6088 Westgate Dr, Apt 103, Orlando, FL 32835",6088 Westgate Dr,Apt 103,Orlando,FL,32835,Orange,28.532112,-81.466103,condo,2.0,1.0,864.0,8756.0,1988.0,Active,168000,2025-02-01T00:00:00.000Z,84,12.031725210748633
"7250-Oak-Meadows-Cir,-Orlando,-FL-32835","7250 Oak Meadows Cir, Orlando, FL 32835",7250 Oak Meadows Cir,,Orlando,FL,32835,Orange,28.540006,-81.480785,multi-family,2.0,2.0,948.0,6230.0,1985.0,Active,273000,2025-02-07T00:00:00.000Z,78,12.51723073716405
"3401-Shallot-Dr,-Unit-107,-Orlando,-FL-32835","3401 Shallot Dr, Unit 107, Orlando, FL 32835",3401 Shallot Dr,Unit 107,Orlando,FL,32835,Orange,28.507333,-81.468586,condo,3.0,2.5,1682.0,979.0,2004.0,Active,375000,2025-02-08T00:00:00.000Z,77,12.834683971615659
"6109-Metrowest-Blvd,-Unit-105,-Orlando,-FL-32835","6109 Metrowest Blvd, Unit 105, Orlando, FL 32835",6109 Metrowest Blvd,Unit 105,Orlando,FL,32835,Orange,28.514814,-81.464408,condo,3.0,2.5,1678.0,601.0,2004.0,Active,299000,2025-02-10T00:00:00.000Z,75,12.608202196848836
"7670-Milano-Dr,-Orlando,-FL-32835","7670 Milano Dr, Orlando, FL 32835",7670 Milano Dr,,Orlando,FL,32835,Orange,28.520294,-81.496793,single_family,4.0,3.5,2823.0,8177.0,1996.0,Active,789600,2025-02-11T00:00:00.000Z,74,13.57928303356464
"3257-Villa-Strada-Way,-Orlando,-FL-32835","3257 Villa Strada Way, Orlando, FL 32835",3257 Villa Strada Way,,Orlando,FL,32835,Orange,28.510667,-81.461109,townhouse,3.0,2.5,1607.0,1890.0,2006.0,Active,342000,2025-02-10T00:00:00.000Z,75,12.742568940017076
"3480-Soho-St,-Apt-206,-Orlando,-FL-32835","3480 Soho St, Apt 206, Orlando, FL 32835",3480 Soho St,Apt 206,Orlando,FL,32835,Orange,28.506079,-81.472405,condo,1.0,1.0,816.0,11761.0,2000.0,Active,169000,2025-02-10T00:00:00.000Z,75,12.037659911047468
"6412-Queens-Borough-Ave,-Apt-109,-Orlando,-FL-32835","6412 Queens Borough Ave, Apt 109, Orlando, FL 32835",6412 Queens Borough Ave,Apt 109,Orlando,FL,32835,Orange,28.509746,-81.47139,condo,2.0,2.0,1107.0,23087.0,2000.0,Active,175000,2025-02-11T00:00:00.000Z,74,12.07254696717504
"2511-Metro-Sevilla-Dr,-Unit-101,-Orlando,-FL-32835","2511 Metro Sevilla Dr, Unit 101, Orlando, FL 32835",2511 Metro Sevilla Dr,Unit 101,Orlando,FL,32835,Orange,28.514485,-81.469407,condo,3.0,2.0,1797.0,1165.0,2005.0,Active,334900,2025-02-11T00:00:00.000Z,74,12.721590244743798
"3338-Robert-Trent-Jones-Dr,---20804,-Orlando,-FL-32835","3338 Robert Trent Jones Dr, # 20804, Orlando, FL 32835",3338 Robert Trent Jones Dr,# 20804,Orlando,FL,32835,Orange,28.505799,-81.471162,condo,3.0,2.0,1247.0,8756.0,2009.0,Active,215000,2025-02-12T00:00:00.000Z,73,12.278397958261774
"6157-Metrowest-Blvd,-Unit-106,-Orlando,-FL-32835","6157 Metrowest Blvd, Unit 106, Orlando, FL 32835",6157 Metrowest Blvd,Unit 106,Orlando,FL,32835,Orange,28.514948,-81.465374,condo,2.0,2.0,1079.0,8919.0,2004.0,Active,229400,2025-02-12T00:00:00.000Z,73,12.343226842865814
"6593-Queens-Borough-Ave,-Apt-202,-Orlando,-FL-32835","6593 Queens Borough Ave, Apt 202, Orlando, FL 32835",6593 Queens Borough Ave,Apt 202,Orlando,FL,32835,Orange,28.509252,-81.473085,condo,3.0,2.0,1600.0,6244.0,2000.0,Active,307000,2025-02-13T00:00:00.000Z,72,12.634606283893019
"1043-S-Hiawassee-Rd,-Apt-3125,-Orlando,-FL-32835","1043 S Hiawassee Rd, Apt 3125, Orlando, FL 32835",1043 S Hiawassee Rd,Apt 3125,Orlando,FL,32835,Orange,28.530036,-81.472678,condo,1.0,1.0,627.0,8756.0,1989.0,Active,135000,2025-02-12T00:00:00.000Z,73,11.813037464800539
"8076-Aspencrest-Ct,-Orlando,-FL-32835","8076 Aspencrest Ct, Orlando, FL 32835",8076 Aspencrest Ct,,Orlando,FL,32835,Orange,28.546951,-81.496143,single_family,4.0,3.0,1722.0,8527.0,1994.0,Active,540000,2025-02-13T00:00:00.000Z,72,13.199326270390594
"6356-Raleigh-St,-Apt-1512,-Orlando,-FL-32835","6356 Raleigh St, Apt 1512, Orlando, FL 32835",6356 Raleigh St,Apt 1512,Orlando,FL,32835,Orange,28.525925,-81.468956,condo,2.0,2.0,1062.0,4883.0,1997.0,Active,194999,2025-02-15T00:00:00.000Z,70,12.180754837545884
"6142-Westgate-Dr,-Apt-102,-Orlando,-FL-32835","6142 Westgate Dr, Apt 102, Orlando, FL 32835",6142 Westgate Dr,Apt 102,Orlando,FL,32835,Orange,28.531003,-81.46586,condo,2.0,2.0,943.0,5936.0,1988.0,Active,170000,2025-02-14T00:00:00.000Z,71,12.04355959836804
"1015-S-Hiawassee-Rd,-Apt-3514,-Orlando,-FL-32835","1015 S Hiawassee Rd, Apt 3514, Orlando, FL 32835",1015 S Hiawassee Rd,Apt 3514,Orlando,FL,32835,Orange,28.529863,-81.473527,condo,1.0,1.0,627.0,7193.0,1989.0,Active,145000,2025-02-14T00:00:00.000Z,71,11.884495917930655
"6013-Westgate-Dr,-Apt-2421,-Orlando,-FL-32835","6013 Westgate Dr, Apt 2421, Orlando, FL 32835",6013 Westgate Dr,Apt 2421,Orlando,FL,32835,Orange,28.533536,-81.464617,condo,1.0,1.0,631.0,1793.0,1999.0,Active,160000,2025-02-14T00:00:00.000Z,71,11.982935344196433
"6178-Westgate-Dr,-Apt-304,-Orlando,-FL-32835","6178 Westgate Dr, Apt 304, Orlando, FL 32835",6178 Westgate Dr,Apt 304,Orlando,FL,32835,Orange,28.530947,-81.467239,condo,1.0,1.0,1228.0,4445.0,1988.0,Active,190000,2025-02-19T00:00:00.000Z,66,12.154784614286667
"410-S-Hudson-St,-Orlando,-FL-32835","410 S Hudson St, Orlando, FL 32835",410 S Hudson St,,Orlando,FL,32835,Orange,28.535522,-81.461597,single_family,3.0,2.5,1818.0,10890.0,2015.0,Active,430000,2025-02-18T00:00:00.000Z,67,12.971542813248437
"3569-Bellington-Dr,-Orlando,-FL-32835","3569 Bellington Dr, Orlando, FL 32835",3569 Bellington Dr,,Orlando,FL,32835,Orange,28.501046,-81.493539,single_family,5.0,4.0,3398.0,13068.0,1998.0,Active,974990,2025-02-18T00:00:00.000Z,67,13.79018351916815
"7123-Yacht-Basin-Ave,-Apt-328,-Orlando,-FL-32835","7123 Yacht Basin Ave, Apt 328, Orlando, FL 32835",7123 Yacht Basin Ave,Apt 328,Orlando,FL,32835,Orange,28.513275,-81.484116,condo,2.0,2.0,1050.0,16553.0,1997.0,Active,224900,2025-02-18T00:00:00.000Z,67,12.323415584358154
"3307-Greenwich-Village-Blvd,-Apt-205,-Orlando,-FL-32835","3307 Greenwich Village Blvd, Apt 205, Orlando, FL 32835",3307 Greenwich Village Blvd,Apt 205,Orlando,FL,32835,Orange,28.508145,-81.472073,condo,1.0,1.0,658.0,6122.0,2000.0,Active,164500,2025-02-18T00:00:00.000Z,67,12.010671928196443
"2313-Roat-Dr,-Orlando,-FL-32835","2313 Roat Dr, Orlando, FL 32835",2313 Roat Dr,,Orlando,FL,32835,Orange,28.516319,-81.494141,single_family,4.0,4.5,3632.0,13939.0,1995.0,Active,1199990,2025-02-19T00:00:00.000Z,66,13.997824614730103
"7147-Yacht-Basin-Ave,-Apt-115,-Orlando,-FL-32835","7147 Yacht Basin Ave, Apt 115, Orlando, FL 32835",7147 Yacht Basin Ave,Apt 115,Orlando,FL,32835,Orange,28.513266,-81.485008,condo,3.0,2.0,1408.0,16553.0,1997.0,Active,259500,2025-02-20T00:00:00.000Z,65,12.466515835145202
"2851-Polvadero-Ln,-Unit-107,-Orlando,-FL-32835","2851 Polvadero Ln, Unit 107, Orlando, FL 32835",2851 Polvadero Ln,Unit 107,Orlando,FL,32835,Orange,28.512731,-81.467048,condo,3.0,2.5,1682.0,1080.0,2005.0,Active,343000,2025-02-20T00:00:00.000Z,65,12.745488641595722
"3417-Westchester-Square-Blvd,-Apt-204,-Orlando,-FL-32835","3417 Westchester Square Blvd, Apt 204, Orlando, FL 32835",3417 Westchester Square Blvd,Apt 204,Orlando,FL,32835,Orange,28.507181,-81.472304,condo,1.0,1.0,1092.0,4997.0,2000.0,Active,179000,2025-02-21T00:00:00.000Z,64,12.095146671399466
"7730-Pineapple-Dr,-Orlando,-FL-32835","7730 Pineapple Dr, Orlando, FL 32835",7730 Pineapple Dr,,Orlando,FL,32835,Orange,28.534765,-81.488857,single_family,3.0,2.0,1914.0,9774.0,1985.0,Active,449000,2025-02-24T00:00:00.000Z,61,13.014780393893403
"6100-Westgate-Dr,-Apt-203,-Orlando,-FL-32835","6100 Westgate Dr, Apt 203, Orlando, FL 32835",6100 Westgate Dr,Apt 203,Orlando,FL,32835,Orange,28.532334,-81.46686,condo,1.0,1.0,1228.0,4429.0,1988.0,Active,184999,2025-02-25T00:00:00.000Z,60,12.128111104060462
"3406-Soho-St,-Apt-201,-Orlando,-FL-32835","3406 Soho St, Apt 201, Orlando, FL 32835",3406 Soho St,Apt 201,Orlando,FL,32835,Orange,28.507702,-81.474406,condo,3.0,2.0,1260.0,12197.0,2000.0,Active,270000,2025-02-25T00:00:00.000Z,60,12.506180941677357
"7741-Bardmoor-Hill-Cir,-Orlando,-FL-32835","7741 Bardmoor Hill Cir, Orlando, FL 32835",7741 Bardmoor Hill Cir,,Orlando,FL,32835,Orange,28.520124,-81.499215,single_family,4.0,2.0,2497.0,8462.0,1994.0,Active,720000,2025-02-25T00:00:00.000Z,60,13.487007879880162
"2558-Robert-Trent-Jones-Dr,-Apt-1412,-Orlando,-FL-32835","2558 Robert Trent Jones Dr, Apt 1412, Orlando, FL 32835",2558 Robert Trent Jones Dr,Apt 1412,Orlando,FL,32835,Orange,28.516302,-81.47287,condo,1.0,1.0,854.0,10890.0,1995.0,Active,168000,2025-02-26T00:00:00.000Z,59,12.031725210748633
"3368-Parkchester-Square-Blvd,-Apt-104,-Orlando,-FL-32835","3368 Parkchester Square Blvd, Apt 104, Orlando, FL 32835",3368 Parkchester Square Blvd,Apt 104,Orlando,FL,32835,Orange,28.508048,-81.47159,condo,2.0,2.0,1235.0,6122.0,2000.0,Active,224999,2025-02-27T00:00:00.000Z,58,12.323855681186558
"424-Crabtree-Ave,-Orlando,-FL-32835","424 Crabtree Ave, Orlando, FL 32835",424 Crabtree Ave,,Orlando,FL,32835,Orange,28.53458,-81.474199,single_family,3.0,2.0,1369.0,6064.0,2022.0,Active,364999,2025-02-27T00:00:00.000Z,58,12.80765263256463
"6153-Metrowest-Blvd,-Unit-103,-Orlando,-FL-32835","6153 Metrowest Blvd, Unit 103, Orlando, FL 32835",6153 Metrowest Blvd,Unit 103,Orlando,FL,32835,Orange,28.515707,-81.46557,condo,3.0,2.0,1285.0,10454.0,2004.0,Active,254000,2025-02-27T00:00:00.000Z,58,12.445093483000798
"1055-S-Hiawassee-Rd,-Apt-2027,-Orlando,-FL-32835","1055 S Hiawassee Rd, Apt 2027, Orlando, FL 32835",1055 S Hiawassee Rd,Apt 2027,Orlando,FL,32835,Orange,28.528561,-81.472736,condo,2.0,2.0,934.0,7535.0,1989.0,Active,150000,2025-02-28T00:00:00.000Z,57,11.918397239722838
"6336-Buford-St,-Apt-706,-Orlando,-FL-32835","6336 Buford St, Apt 706, Orlando, FL 32835",6336 Buford St,Apt 706,Orlando,FL,32835,Orange,28.505532,-81.467713,condo,3.0,2.0,1775.0,20473.0,2005.0,Active,374990,2025-02-28T00:00:00.000Z,57,12.834657304664542
"1029-S-Hiawassee-Rd,-Apt-2414,-Orlando,-FL-32835","1029 S Hiawassee Rd, Apt 2414, Orlando, FL 32835",1029 S Hiawassee Rd,Apt 2414,Orlando,FL,32835,Orange,28.52896,-81.472939,condo,2.0,2.0,829.0,3665.0,1989.0,Active,185000,2025-03-01T00:00:00.000Z,56,12.128116509451258
"3403-Greenwich-Village-Blvd,-Apt-104,-Orlando,-FL-32835","3403 Greenwich Village Blvd, Apt 104, Orlando, FL 32835",3403 Greenwich Village Blvd,Apt 104,Orlando,FL,32835,Orange,28.507575,-81.471532,condo,2.0,2.0,1235.0,6122.0,2000.0,Active,225000,2025-03-05T00:00:00.000Z,52,12.323860125621126
"1083-S-Hiawassee-Rd,-Apt-635,-Orlando,-FL-32835","1083 S Hiawassee Rd, Apt 635, Orlando, FL 32835",1083 S Hiawassee Rd,Apt 635,Orlando,FL,32835,Orange,28.528185,-81.472109,condo,1.0,1.0,673.0,8347.0,1989.0,Active,139495,2025-03-05T00:00:00.000Z,52,11.84579120599733
"5968-Westgate-Dr,-Apt-101,-Orlando,-FL-32835","5968 Westgate Dr, Apt 101, Orlando, FL 32835",5968 Westgate Dr,Apt 101,Orlando,FL,32835,Orange,28.531186,-81.463524,condo,2.0,2.0,991.0,5936.0,1988.0,Active,214900,2025-03-03T00:00:00.000Z,54,12.277932735946903
"6340-Raleigh-St,-Apt-1002,-Orlando,-FL-32835","6340 Raleigh St, Apt 1002, Orlando, FL 32835",6340 Raleigh St,Apt 1002,Orlando,FL,32835,Orange,28.526735,-81.469707,condo,2.0,2.0,1051.0,4453.0,1997.0,Active,205000,2025-03-04T00:00:00.000Z,53,12.230770136157428
"1013-S-Hiawassee-Rd,-Apt-3626,-Orlando,-FL-32835","1013 S Hiawassee Rd, Apt 3626, Orlando, FL 32835",1013 S Hiawassee Rd,Apt 3626,Orlando,FL,32835,Orange,28.529934,-81.474017,condo,1.0,1.0,673.0,8753.0,1989.0,Active,139495,2025-03-05T00:00:00.000Z,52,11.84579120599733
"2624-Robert-Trent-Jones-Dr,-Apt-633,-Orlando,-FL-32835","2624 Robert Trent Jones Dr, Apt 633, Orlando, FL 32835",2624 Robert Trent Jones Dr,Apt 633,Orlando,FL,32835,Orange,28.514935,-81.471635,condo,2.0,1.0,933.0,8756.0,1996.0,Active,189000,2025-03-05T00:00:00.000Z,52,12.149507585033072
"6372-Raleigh-St,-Apt-1911,-Orlando,-FL-32835","6372 Raleigh St, Apt 1911, Orlando, FL 32835",6372 Raleigh St,Apt 1911,Orlando,FL,32835,Orange,28.525065,-81.469062,condo,2.0,2.0,1062.0,5998.0,1997.0,Active,210000,2025-03-05T00:00:00.000Z,52,12.25486757159303
"3332-Robert-Trent-Jones-Dr,---10703,-Orlando,-FL-32835","3332 Robert Trent Jones Dr, # 10703, Orlando, FL 32835",3332 Robert Trent Jones Dr,# 10703,Orlando,FL,32835,Orange,28.505907,-81.470596,condo,2.0,2.0,1112.0,8756.0,2006.0,Active,220000,2025-03-06T00:00:00.000Z,51,12.301387370778713
"2600-Robert-Trent-Jones-Dr,-Apt-934,-Orlando,-FL-32835","2600 Robert Trent Jones Dr, Apt 934, Orlando, FL 32835",2600 Robert Trent Jones Dr,Apt 934,Orlando,FL,32835,Orange,28.513759,-81.472853,condo,1.0,1.0,854.0,8756.0,1995.0,Active,149000,2025-03-06T00:00:00.000Z,51,11.91170829631447
"3428-Soho-St,-Apt-308,-Orlando,-FL-32835","3428 Soho St, Apt 308, Orlando, FL 32835",3428 Soho St,Apt 308,Orlando,FL,32835,Orange,28.507157,-81.473957,condo,3.0,2.0,1387.0,12197.0,2000.0,Active,269900,2025-03-06T00:00:00.000Z,51,12.505810504075185
"1021-S-Hiawassee-Rd,-Apt-3922,-Orlando,-FL-32835","1021 S Hiawassee Rd, Apt 3922, Orlando, FL 32835",1021 S Hiawassee Rd,Apt 3922,Orlando,FL,32835,Orange,28.528951,-81.47423,condo,2.0,2.0,934.0,8504.0,1989.0,Active,184500,2025-03-07T00:00:00.000Z,50,12.12541016250223
"2207-Cairns-Ct,-Orlando,-FL-32835","2207 Cairns Ct, Orlando, FL 32835",2207 Cairns Ct,,Orlando,FL,32835,Orange,28.51739,-81.493226,single_family,5.0,3.5,3478.0,22651.0,1994.0,Active,1400000,2025-03-07T00:00:00.000Z,50,14.151983508870947
"1049-Summer-Lakes-Dr,-Orlando,-FL-32835","1049 Summer Lakes Dr, Orlando, FL 32835",1049 Summer Lakes Dr,,Orlando,FL,32835,Orange,28.533192,-81.4861,single_family,3.0,2.5,1390.0,6795.0,1989.0,Active,469999,2025-03-08T00:00:00.000Z,49,13.060487973686241
"824-Palm-Cove-Dr,-Orlando,-FL-32835","824 Palm Cove Dr, Orlando, FL 32835",824 Palm Cove Dr,,Orlando,FL,32835,Orange,28.528068,-81.505642,single_family,3.0,2.0,1956.0,11326.0,1994.0,Active,629000,2025-03-10T00:00:00.000Z,47,13.351888125506433
"6028-Westgate-Dr,-Apt-104,-Orlando,-FL-32835","6028 Westgate Dr, Apt 104, Orlando, FL 32835",6028 Westgate Dr,Apt 104,Orlando,FL,32835,Orange,28.531564,-81.465216,condo,1.0,1.0,686.0,4445.0,1988.0,Active,160000,2025-03-10T00:00:00.000Z,47,11.982935344196433
"3332-Robert-Trent-Jones-Dr,---20703,-Orlando,-FL-32835","3332 Robert Trent Jones Dr, # 20703, Orlando, FL 32835",3332 Robert Trent Jones Dr,# 20703,Orlando,FL,32835,Orange,28.505907,-81.470596,condo,2.0,2.5,1112.0,16117.0,2006.0,Active,200000,2025-03-10T00:00:00.000Z,47,12.206077645517674
"2679-Metro-Sevilla-Dr,-Unit-101,-Orlando,-FL-32835","2679 Metro Sevilla Dr, Unit 101, Orlando, FL 32835",2679 Metro Sevilla Dr,Unit 101,Orlando,FL,32835,Orange,28.513487,-81.469729,condo,3.0,2.0,1797.0,1174.0,2005.0,Active,329000,2025-03-11T00:00:00.000Z,46,12.703816069256568
"7250-Westpointe-Blvd,-Apt-1035,-Orlando,-FL-32835","7250 Westpointe Blvd, Apt 1035, Orlando, FL 32835",7250 Westpointe Blvd,Apt 1035,Orlando,FL,32835,Orange,28.516239,-81.487606,condo,1.0,1.0,842.0,6033.0,1994.0,Active,169900,2025-03-12T00:00:00.000Z,45,12.042971193457888
"6121-Metrowest-Blvd,-Unit-103,-Orlando,-FL-32835","6121 Metrowest Blvd, Unit 103, Orlando, FL 32835",6121 Metrowest Blvd,Unit 103,Orlando,FL,32835,Orange,28.516174,-81.46481,condo,3.0,2.5,1678.0,601.0,2004.0,Active,315000,2025-03-12T00:00:00.000Z,45,12.660331092405906
"7240-Westpointe-Blvd,-Apt-1122,-Orlando,-FL-32835","7240 Westpointe Blvd, Apt 1122, Orlando, FL 32835",7240 Westpointe Blvd,Apt 1122,Orlando,FL,32835,Orange,28.517178,-81.487184,condo,1.0,1.0,842.0,8756.0,1994.0,Active,175000,2025-03-14T00:00:00.000Z,43,12.07254696717504
"2864-Polana-St,-Unit-104,-Orlando,-FL-32835","2864 Polana St, Unit 104, Orlando, FL 32835",2864 Polana St,Unit 104,Orlando,FL,32835,Orange,28.512317,-81.466701,townhouse,3.0,2.5,1682.0,1092.0,2005.0,Active,358000,2025-03-13T00:00:00.000Z,44,12.788291058675025
"6466-Cava-Alta-Dr,-Unit-205,-Orlando,-FL-32835","6466 Cava Alta Dr, Unit 205, Orlando, FL 32835",6466 Cava Alta Dr,Unit 205,Orlando,FL,32835,Orange,28.515081,-81.469181,condo,3.0,2.0,1412.0,1917.0,2005.0,Active,223000,2025-03-13T00:00:00.000Z,44,12.314931534737134
"4208-Winderlakes-Dr,-Orlando,-FL-32835","4208 Winderlakes Dr, Orlando, FL 32835",4208 Winderlakes Dr,,Orlando,FL,32835,Orange,28.500189,-81.491813,single_family,4.0,2.0,2124.0,14375.0,1981.0,Active,499995,2025-03-13T00:00:00.000Z,44,13.122355377372328
"6145-Froggatt-St,-Orlando,-FL-32835","6145 Froggatt St, Orlando, FL 32835",6145 Froggatt St,,Orlando,FL,32835,Orange,28.506964,-81.466804,single_family,3.0,2.0,2039.0,5746.0,2004.0,Active,485000,2025-03-13T00:00:00.000Z,44,13.091906231773164
"3291-Westchester-Square-Blvd,-Apt-203,-Orlando,-FL-32835","3291 Westchester Square Blvd, Apt 203, Orlando, FL 32835",3291 Westchester Square Blvd,Apt 203,Orlando,FL,32835,Orange,28.508445,-81.473376,condo,2.0,2.0,1181.0,5987.0,2000.0,Active,179000,2025-03-14T00:00:00.000Z,43,12.095146671399466
"7717-Pineapple-Dr,-Orlando,-FL-32835","7717 Pineapple Dr, Orlando, FL 32835",7717 Pineapple Dr,,Orlando,FL,32835,Orange,28.53546,-81.48902,single_family,3.0,2.0,1427.0,9570.0,1984.0,Active,329995,2025-03-14T00:00:00.000Z,43,12.70683581215708
"3398-Greenwich-Village-Blvd,-Apt-104,-Orlando,-FL-32835","3398 Greenwich Village Blvd, Apt 104, Orlando, FL 32835",3398 Greenwich Village Blvd,Apt 104,Orlando,FL,32835,Orange,28.507391,-81.472051,condo,1.0,1.0,883.0,4997.0,2000.0,Active,164900,2025-03-14T00:00:00.000Z,43,12.013100572810686
"6593-Queens-Borough-Ave,-Apt-201,-Orlando,-FL-32835","6593 Queens Borough Ave, Apt 201, Orlando, FL 32835",6593 Queens Borough Ave,Apt 201,Orlando,FL,32835,Orange,28.509252,-81.473085,condo,1.0,1.0,930.0,6244.0,2000.0,Active,162000,2025-03-17T00:00:00.000Z,40,11.995357787034976
"1033-S-Hiawassee-Rd,-Apt-2628,-Orlando,-FL-32835","1033 S Hiawassee Rd, Apt 2628, Orlando, FL 32835",1033 S Hiawassee Rd,Apt 2628,Orlando,FL,32835,Orange,28.529489,-81.472466,condo,2.0,2.0,836.0,6877.0,1989.0,Active,190000,2025-03-15T00:00:00.000Z,42,12.154784614286667
"6336-Buford-St,-Apt-602,-Orlando,-FL-32835","6336 Buford St, Apt 602, Orlando, FL 32835",6336 Buford St,Apt 602,Orlando,FL,32835,Orange,28.505532,-81.467713,condo,3.0,2.5,2345.0,20473.0,2005.0,Active,438500,2025-03-15T00:00:00.000Z,42,12.991117371293484
"5959-Westgate-Dr,-Apt-1526,-Orlando,-FL-32835","5959 Westgate Dr, Apt 1526, Orlando, FL 32835",5959 Westgate Dr,Apt 1526,Orlando,FL,32835,Orange,28.533216,-81.463711,condo,1.0,1.0,713.0,8369.0,1999.0,Active,170000,2025-03-17T00:00:00.000Z,40,12.04355959836804
"6412-Queens-Borough-Ave,-Apt-215,-Orlando,-FL-32835","6412 Queens Borough Ave, Apt 215, Orlando, FL 32835",6412 Queens Borough Ave,Apt 215,Orlando,FL,32835,Orange,28.509742,-81.471395,condo,3.0,2.0,1260.0,23087.0,2000.0,Active,214999,2025-03-18T00:00:00.000Z,39,12.2783933071098
"6336-Buford-St,-Apt-508,-Orlando,-FL-32835","6336 Buford St, Apt 508, Orlando, FL 32835",6336 Buford St,Apt 508,Orlando,FL,32835,Orange,28.505532,-81.467713,condo,3.0,2.5,2345.0,8756.0,2005.0,Active,449900,2025-03-18T00:00:00.000Z,39,13.016782837542953
"6142-Westgate-Dr,-Apt-304,-Orlando,-FL-32835","6142 Westgate Dr, Apt 304, Orlando, FL 32835",6142 Westgate Dr,Apt 304,Orlando,FL,32835,Orange,28.531003,-81.46586,condo,2.0,2.0,1422.0,5936.0,1988.0,Active,195000,2025-03-20T00:00:00.000Z,37,12.180759965737863
"402-S-Hudson-St,-Orlando,-FL-32835","402 S Hudson St, Orlando, FL 32835",402 S Hudson St,,Orlando,FL,32835,Orange,28.535722,-81.461605,single_family,5.0,2.0,1878.0,13939.0,2018.0,Active,574900,2025-03-20T00:00:00.000Z,37,13.261953131042814
"6451-Old-Park-Ln,-Unit-302,-Orlando,-FL-32835","6451 Old Park Ln, Unit 302, Orlando, FL 32835",6451 Old Park Ln,Unit 302,Orlando,FL,32835,Orange,28.51492,-81.468841,condo,2.0,2.0,1112.0,1095.0,2005.0,Active,209900,2025-03-19T00:00:00.000Z,38,12.254391269970792
"1017-S-Hiawassee-Rd,-Apt-3718,-Orlando,-FL-32835","1017 S Hiawassee Rd, Apt 3718, Orlando, FL 32835",1017 S Hiawassee Rd,Apt 3718,Orlando,FL,32835,Orange,28.529433,-81.474107,condo,2.0,2.0,934.0,7883.0,1989.0,Active,162500,2025-03-20T00:00:00.000Z,37,11.998439434579149
"2804-Polvadero-Ln,-Unit-107,-Orlando,-FL-32835","2804 Polvadero Ln, Unit 107, Orlando, FL 32835",2804 Polvadero Ln,Unit 107,Orlando,FL,32835,Orange,28.513522,-81.467805,townhouse,3.0,2.5,1682.0,1080.0,2005.0,Active,328000,2025-03-20T00:00:00.000Z,37,12.700771936142122
"2612-Robert-Trent-Jones-Dr,-Apt-710,-Orlando,-FL-32835","2612 Robert Trent Jones Dr, Apt 710, Orlando, FL 32835",2612 Robert Trent Jones Dr,Apt 710,Orlando,FL,32835,Orange,28.515099,-81.472217,condo,2.0,2.0,1014.0,9239.0,1995.0,Active,190000,2025-03-20T00:00:00.000Z,37,12.154784614286667
"936-Summer-Lakes-Dr,-Orlando,-FL-32835","936 Summer Lakes Dr, Orlando, FL 32835",936 Summer Lakes Dr,,Orlando,FL,32835,Orange,28.530483,-81.487881,single_family,3.0,2.5,1821.0,11326.0,1987.0,Active,490000,2025-03-21T00:00:00.000Z,36,13.102162710901053
"6659-Time-Square-Ave,-Orlando,-FL-32835","6659 Time Square Ave, Orlando, FL 32835",6659 Time Square Ave,,Orlando,FL,32835,Orange,28.507934,-81.473531,condo,2.0,2.5,1548.0,3674.0,2000.0,Active,319300,2025-03-21T00:00:00.000Z,36,12.673889510548893
"1017-S-Hiawassee-Rd,-Apt-3735,-Orlando,-FL-32835","1017 S Hiawassee Rd, Apt 3735, Orlando, FL 32835",1017 S Hiawassee Rd,Apt 3735,Orlando,FL,32835,Orange,28.529433,-81.474107,condo,1.0,1.0,673.0,7883.0,1989.0,Active,155000,2025-03-22T00:00:00.000Z,35,11.951186847493476
"3384-Corona-Village-Way,-Apt-202,-Orlando,-FL-32835","3384 Corona Village Way, Apt 202, Orlando, FL 32835",3384 Corona Village Way,Apt 202,Orlando,FL,32835,Orange,28.507612,-81.474911,condo,3.0,2.0,1387.0,12197.0,2000.0,Active,260000,2025-03-22T00:00:00.000Z,35,12.468440756144114
"6148-Westgate-Dr,-Apt-302,-Orlando,-FL-32835","6148 Westgate Dr, Apt 302, Orlando, FL 32835",6148 Westgate Dr,Apt 302,Orlando,FL,32835,Orange,28.530583,-81.465877,condo,2.0,2.0,1422.0,5936.0,1988.0,Active,210000,2025-03-21T00:00:00.000Z,36,12.25486757159303
"6575-Time-Square-Ave,-Apt-101,-Orlando,-FL-32835","6575 Time Square Ave, Apt 101, Orlando, FL 32835",6575 Time Square Ave,Apt 101,Orlando,FL,32835,Orange,28.508594,-81.472485,townhouse,3.0,2.5,1634.0,3674.0,2000.0,Active,265000,2025-03-23T00:00:00.000Z,34,12.487488878546145
"1212-S-Hiawassee-Rd,-Apt-515,-Orlando,-FL-32835","1212 S Hiawassee Rd, Apt 515, Orlando, FL 32835",1212 S Hiawassee Rd,Apt 515,Orlando,FL,32835,Orange,28.524296,-81.473187,condo,3.0,2.0,1408.0,15682.0,1998.0,Active,249900,2025-03-26T00:00:00.000Z,31,12.428820118415677
"2328-Warren-Woods-Dr,-Orlando,-FL-32835","2328 Warren Woods Dr, Orlando, FL 32835",2328 Warren Woods Dr,,Orlando,FL,32835,Orange,28.506186,-81.502281,single_family,4.0,3.0,2887.0,12632.0,2000.0,Active,839000,2025-03-25T00:00:00.000Z,32,13.639967177343745
"3433-Soho-St,-Apt-101,-Orlando,-FL-32835","3433 Soho St, Apt 101, Orlando, FL 32835",3433 Soho St,Apt 101,Orlando,FL,32835,Orange,28.507244,-81.473404,condo,1.0,1.0,885.0,6122.0,2000.0,Active,155000,2025-03-24T00:00:00.000Z,33,11.951186847493476
"6169-Metrowest-Blvd,-Unit-102,-Orlando,-FL-32835","6169 Metrowest Blvd, Unit 102, Orlando, FL 32835",6169 Metrowest Blvd,Unit 102,Orlando,FL,32835,Orange,28.515821,-81.466843,condo,3.0,2.0,1369.0,10454.0,2004.0,Active,245000,2025-03-25T00:00:00.000Z,32,12.409017571151187
"641-Rosegate-Ln,-Orlando,-FL-32835","641 Rosegate Ln, Orlando, FL 32835",641 Rosegate Ln,,Orlando,FL,32835,Orange,28.532469,-81.50708,single_family,3.0,2.0,1536.0,10890.0,1985.0,Active,449900,2025-03-26T00:00:00.000Z,31,13.016782837542953
"1013-S-Hiawassee-Rd,-Apt-3628,-Orlando,-FL-32835","1013 S Hiawassee Rd, Apt 3628, Orlando, FL 32835",1013 S Hiawassee Rd,Apt 3628,Orlando,FL,32835,Orange,28.529934,-81.474017,condo,2.0,2.0,934.0,8753.0,1989.0,Active,169500,2025-03-26T00:00:00.000Z,31,12.040614105490253
"6031-W-Ridgewood-Ave,-Orlando,-FL-32835","6031 W Ridgewood Ave, Orlando, FL 32835",6031 W Ridgewood Ave,,Orlando,FL,32835,Orange,28.54592,-81.464758,single_family,3.0,1.5,1032.0,6496.0,1961.0,Active,315000,2025-03-26T00:00:00.000Z,31,12.660331092405906
"509-S-Hudson-St,-Orlando,-FL-32835","509 S Hudson St, Orlando, FL 32835",509 S Hudson St,,Orlando,FL,32835,Orange,28.533792,-81.460917,single_family,4.0,2.5,2392.0,20909.0,1930.0,Active,399000,2025-03-26T00:00:00.000Z,31,12.896719202134523
"3344-Corona-Village-Way,-Apt-B4,-Orlando,-FL-32835","3344 Corona Village Way, Apt B4, Orlando, FL 32835",3344 Corona Village Way,Apt B4,Orlando,FL,32835,Orange,28.507911,-81.475448,condo,1.0,1.0,816.0,11761.0,2000.0,Active,165000,2025-03-27T00:00:00.000Z,30,12.013706813470414
"1043-S-Hiawassee-Rd,-Apt-3127,-Orlando,-FL-32835","1043 S Hiawassee Rd, Apt 3127, Orlando, FL 32835",1043 S Hiawassee Rd,Apt 3127,Orlando,FL,32835,Orange,28.530036,-81.472678,condo,2.0,2.0,836.0,7273.0,1989.0,Active,179000,2025-03-27T00:00:00.000Z,30,12.095146671399466
"307-S-Hiawassee-Rd,-Orlando,-FL-32835","307 S Hiawassee Rd, Orlando, FL 32835",307 S Hiawassee Rd,,Orlando,FL,32835,Orange,28.536154,-81.475473,single_family,4.0,1.5,1689.0,10454.0,1950.0,Active,425000,2025-03-27T00:00:00.000Z,30,12.959846800844963
"1021-S-Hiawassee-Rd,-Apt-3927,-Orlando,-FL-32835","1021 S Hiawassee Rd, Apt 3927, Orlando, FL 32835",1021 S Hiawassee Rd,Apt 3927,Orlando,FL,32835,Orange,28.528951,-81.47423,condo,2.0,2.0,934.0,8504.0,1989.0,Active,195000,2025-03-27T00:00:00.000Z,30,12.180759965737863
"3542-Shallot-Dr,-Unit-101,-Orlando,-FL-32835","3542 Shallot Dr, Unit 101, Orlando, FL 32835",3542 Shallot Dr,Unit 101,Orlando,FL,32835,Orange,28.50715,-81.470227,townhouse,3.0,2.5,1665.0,1094.0,2004.0,Active,330000,2025-03-27T00:00:00.000Z,30,12.706850963741102
"3344-Corona-Village-Way,-Apt-308,-Orlando,-FL-32835","3344 Corona Village Way, Apt 308, Orlando, FL 32835",3344 Corona Village Way,Apt 308,Orlando,FL,32835,Orange,28.507911,-81.475448,condo,2.0,2.0,1107.0,11761.0,2000.0,Active,220000,2025-03-31T00:00:00.000Z,26,12.301387370778713
"7766-Bardmoor-Hill-Cir,-Orlando,-FL-32835","7766 Bardmoor Hill Cir, Orlando, FL 32835",7766 Bardmoor Hill Cir,,Orlando,FL,32835,Orange,28.519943,-81.499819,single_family,5.0,3.0,3315.0,9951.0,1994.0,Active,875000,2025-03-31T00:00:00.000Z,26,13.681980308196241
"2532-Robert-Trent-Jones-Dr,-Apt-1527,-Orlando,-FL-32835","2532 Robert Trent Jones Dr, Apt 1527, Orlando, FL 32835",2532 Robert Trent Jones Dr,Apt 1527,Orlando,FL,32835,Orange,28.515755,-81.471688,condo,3.0,2.0,1295.0,11326.0,1995.0,Active,248500,2025-03-31T00:00:00.000Z,26,12.423202148655593
"3428-Soho-St,-Apt-301,-Orlando,-FL-32835","3428 Soho St, Apt 301, Orlando, FL 32835",3428 Soho St,Apt 301,Orlando,FL,32835,Orange,28.507157,-81.473957,condo,2.0,2.0,1107.0,12197.0,2000.0,Active,185000,2025-03-31T00:00:00.000Z,26,12.128116509451258
"7637-Saint-Stephens-Ct,-Orlando,-FL-32835","7637 Saint Stephens Ct, Orlando, FL 32835",7637 Saint Stephens Ct,,Orlando,FL,32835,Orange,28.511899,-81.493059,single_family,5.0,4.0,3877.0,13068.0,2003.0,Active,1095000,2025-03-31T00:00:00.000Z,26,13.90626583447433
"6685-Queens-Borough-Ave,-Apt-104,-Orlando,-FL-32835","6685 Queens Borough Ave, Apt 104, Orlando, FL 32835",6685 Queens Borough Ave,Apt 104,Orlando,FL,32835,Orange,28.508898,-81.474849,condo,2.0,2.0,1233.0,11326.0,2000.0,Active,199000,2025-04-02T00:00:00.000Z,24,12.201065128819632
"3368-Robert-Trent-Jones-Dr,---40808,-Orlando,-FL-32835","3368 Robert Trent Jones Dr, # 40808, Orlando, FL 32835",3368 Robert Trent Jones Dr,# 40808,Orlando,FL,32835,Orange,28.505045,-81.470331,condo,3.0,2.0,2129.0,16117.0,2007.0,Active,405000,2025-04-03T00:00:00.000Z,23,12.91164481522143
"6240-Miramonte-Dr,-Unit-102,-Orlando,-FL-32835","6240 Miramonte Dr, Unit 102, Orlando, FL 32835",6240 Miramonte Dr,Unit 102,Orlando,FL,32835,Orange,28.510809,-81.467981,townhouse,3.0,2.5,2010.0,1423.0,2005.0,Active,420000,2025-04-03T00:00:00.000Z,23,12.948012371209098
"1701-Knotting-Hill-Dr,-Orlando,-FL-32835","1701 Knotting Hill Dr, Orlando, FL 32835",1701 Knotting Hill Dr,,Orlando,FL,32835,Orange,28.522113,-81.500632,single_family,4.0,3.0,2400.0,9417.0,1995.0,Active,615000,2025-04-03T00:00:00.000Z,23,13.329379172803593
"6453-Alcalde-Ct,-Unit-104,-Orlando,-FL-32835","6453 Alcalde Ct, Unit 104, Orlando, FL 32835",6453 Alcalde Ct,Unit 104,Orlando,FL,32835,Orange,28.514009,-81.470561,condo,3.0,3.0,1857.0,1857.0,2005.0,Active,282000,2025-04-04T00:00:00.000Z,22,12.549665896013254
"5962-Westgate-Dr,-Apt-101,-Orlando,-FL-32835","5962 Westgate Dr, Apt 101, Orlando, FL 32835",5962 Westgate Dr,Apt 101,Orlando,FL,32835,Orange,28.531201,-81.464027,condo,1.0,1.0,566.0,5936.0,1988.0,Active,152000,2025-04-04T00:00:00.000Z,22,11.931642378754141
"6685-Queens-Borough-Ave,-Apt-202,-Orlando,-FL-32835","6685 Queens Borough Ave, Apt 202, Orlando, FL 32835",6685 Queens Borough Ave,Apt 202,Orlando,FL,32835,Orange,28.508898,-81.474849,condo,4.0,2.0,1489.0,11326.0,2000.0,Active,307000,2025-04-05T00:00:00.000Z,21,12.634606283893019
"6190-Westgate-Dr,-Apt-101,-Orlando,-FL-32835","6190 Westgate Dr, Apt 101, Orlando, FL 32835",6190 Westgate Dr,Apt 101,Orlando,FL,32835,Orange,28.53138,-81.466746,condo,2.0,2.0,943.0,4698.0,1988.0,Active,185000,2025-04-06T00:00:00.000Z,20,12.128116509451258
"3314-Robert-Trent-Jones-Dr,-Unit-308,-Orlando,-FL-32835","3314 Robert Trent Jones Dr, Unit 308, Orlando, FL 32835",3314 Robert Trent Jones Dr,Unit 308,Orlando,FL,32835,Orange,28.509216,-81.470214,condo,3.0,2.0,1247.0,16117.0,2007.0,Active,245000,2025-04-07T00:00:00.000Z,19,12.409017571151187
"1039-S-Hiawassee-Rd,-Apt-2922,-Orlando,-FL-32835","1039 S Hiawassee Rd, Apt 2922, Orlando, FL 32835",1039 S Hiawassee Rd,Apt 2922,Orlando,FL,32835,Orange,28.53024,-81.472055,condo,2.0,2.0,934.0,8756.0,1989.0,Active,180000,2025-04-07T00:00:00.000Z,19,12.100717685412471
"551-Wheatstone-Pl,-Orlando,-FL-32835","551 Wheatstone Pl, Orlando, FL 32835",551 Wheatstone Pl,,Orlando,FL,32835,Orange,28.535618,-81.499326,single_family,4.0,2.5,2436.0,20473.0,1992.0,Active,745000,2025-04-08T00:00:00.000Z,18,13.521140839642674
"3428-Soho-St,-Apt-307,-Orlando,-FL-32835","3428 Soho St, Apt 307, Orlando, FL 32835",3428 Soho St,Apt 307,Orlando,FL,32835,Orange,28.507157,-81.473957,condo,3.0,2.0,1260.0,12197.0,2000.0,Active,199000,2025-04-08T00:00:00.000Z,18,12.201065128819632
"7187-Harbor-Heights-Cir,-Orlando,-FL-32835","7187 Harbor Heights Cir, Orlando, FL 32835",7187 Harbor Heights Cir,,Orlando,FL,32835,Orange,28.53892,-81.477357,single_family,3.0,3.0,1513.0,5882.0,1983.0,Active,378000,2025-04-07T00:00:00.000Z,19,12.84265212010087
"1075-S-Hiawassee-Rd,-Apt-916,-Orlando,-FL-32835","1075 S Hiawassee Rd, Apt 916, Orlando, FL 32835",1075 S Hiawassee Rd,Apt 916,Orlando,FL,32835,Orange,28.528618,-81.471892,condo,1.0,1.0,627.0,7451.0,1989.0,Active,140000,2025-04-08T00:00:00.000Z,18,11.849404844423074
"1051-S-Hiawassee-Rd,-Apt-2127,-Orlando,-FL-32835","1051 S Hiawassee Rd, Apt 2127, Orlando, FL 32835",1051 S Hiawassee Rd,Apt 2127,Orlando,FL,32835,Orange,28.52821,-81.473406,condo,2.0,2.0,934.0,7401.0,1989.0,Active,158900,2025-04-08T00:00:00.000Z,18,11.97603664577121
"1089-S-Hiawassee-Rd,-Apt-314,-Orlando,-FL-32835","1089 S Hiawassee Rd, Apt 314, Orlando, FL 32835",1089 S Hiawassee Rd,Apt 314,Orlando,FL,32835,Orange,28.527302,-81.472552,condo,2.0,2.0,934.0,934.0,1989.0,Active,150000,2025-04-08T00:00:00.000Z,18,11.918397239722838
"2237-Baesel-View-Dr,-Orlando,-FL-32835","2237 Baesel View Dr, Orlando, FL 32835",2237 Baesel View Dr,,Orlando,FL,32835,Orange,28.517008,-81.495125,single_family,4.0,4.0,3603.0,11761.0,1998.0,Active,1100000,2025-04-10T00:00:00.000Z,16,13.910821646859095
"3362-Robert-Trent-Jones-Dr,---40107,-Orlando,-FL-32835","3362 Robert Trent Jones Dr, # 40107, Orlando, FL 32835",3362 Robert Trent Jones Dr,# 40107,Orlando,FL,32835,Orange,28.505047,-81.471515,condo,3.0,2.0,1962.0,16117.0,2008.0,Active,389900,2025-04-10T00:00:00.000Z,16,12.873648139727594
"238-Sonoma-Valley-Cir,-Orlando,-FL-32835","238 Sonoma Valley Cir, Orlando, FL 32835",238 Sonoma Valley Cir,,Orlando,FL,32835,Orange,28.538082,-81.484001,single_family,3.0,2.0,1287.0,10890.0,1990.0,Active,370000,2025-04-09T00:00:00.000Z,17,12.821260987319457
"485-Sandpiper-Ridge-Dr,-Orlando,-FL-32835","485 Sandpiper Ridge Dr, Orlando, FL 32835",485 Sandpiper Ridge Dr,,Orlando,FL,32835,Orange,28.547148,-81.488569,single_family,3.0,2.0,1359.0,29621.0,1988.0,Active,389900,2025-04-10T00:00:00.000Z,16,12.873648139727594
"2931-Metro-Sevilla-Dr,-Unit-102,-Orlando,-FL-32835","2931 Metro Sevilla Dr, Unit 102, Orlando, FL 32835",2931 Metro Sevilla Dr,Unit 102,Orlando,FL,32835,Orange,28.511333,-81.468954,townhouse,3.0,2.5,2010.0,1402.0,2005.0,Active,400000,2025-04-10T00:00:00.000Z,16,12.899222326086994
"2586-Robert-Trent-Jones-Dr,-Apt-1116,-Orlando,-FL-32835","2586 Robert Trent Jones Dr, Apt 1116, Orlando, FL 32835",2586 Robert Trent Jones Dr,Apt 1116,Orlando,FL,32835,Orange,28.514707,-81.472877,condo,2.0,2.0,1150.0,8756.0,1995.0,Active,179000,2025-04-10T00:00:00.000Z,16,12.095146671399466
"2652-Robert-Trent-Jones-Dr,-Apt-531,-Orlando,-FL-32835","2652 Robert Trent Jones Dr, Apt 531, Orlando, FL 32835",2652 Robert Trent Jones Dr,Apt 531,Orlando,FL,32835,Orange,28.514176,-81.471853,condo,2.0,2.0,1014.0,9109.0,1995.0,Active,205500,2025-04-11T00:00:00.000Z,15,12.233206179086634
"1055-S-Hiawassee-Rd,-Apt-2018,-Orlando,-FL-32835","1055 S Hiawassee Rd, Apt 2018, Orlando, FL 32835",1055 S Hiawassee Rd,Apt 2018,Orlando,FL,32835,Orange,28.528561,-81.472736,condo,2.0,2.0,934.0,7535.0,1989.0,Active,170000,2025-04-11T00:00:00.000Z,15,12.04355959836804
"7264-Hawksnest-Blvd,-Orlando,-FL-32835","7264 Hawksnest Blvd, Orlando, FL 32835",7264 Hawksnest Blvd,,Orlando,FL,32835,Orange,28.520251,-81.486633,single_family,4.0,2.0,2015.0,8895.0,1994.0,Active,519900,2025-04-11T00:00:00.000Z,15,13.161393687816775
"13-N-Observatory-Dr,-Orlando,-FL-32835","13 N Observatory Dr, Orlando, FL 32835",13 N Observatory Dr,,Orlando,FL,32835,Orange,28.541686,-81.467874,single_family,3.0,2.0,1252.0,5369.0,1999.0,Active,325000,2025-04-11T00:00:00.000Z,15,12.691583538230217
"2528-Robert-Trent-Jones-Dr,-Apt-1617,-Orlando,-FL-32835","2528 Robert Trent Jones Dr, Apt 1617, Orlando, FL 32835",2528 Robert Trent Jones Dr,Apt 1617,Orlando,FL,32835,Orange,28.515577,-81.470811,condo,3.0,2.0,1295.0,11761.0,1995.0,Active,240000,2025-04-11T00:00:00.000Z,15,12.388398368982115
"1039-S-Hiawassee-Rd,-Apt-2912,-Orlando,-FL-32835","1039 S Hiawassee Rd, Apt 2912, Orlando, FL 32835",1039 S Hiawassee Rd,Apt 2912,Orlando,FL,32835,Orange,28.53024,-81.472055,condo,2.0,2.0,934.0,8154.0,1989.0,Active,225000,2025-04-12T00:00:00.000Z,14,12.323860125621126
"2484-San-Tecla-St,-Unit-106,-Orlando,-FL-32835","2484 San Tecla St, Unit 106, Orlando, FL 32835",2484 San Tecla St,Unit 106,Orlando,FL,32835,Orange,28.51457,-81.467991,condo,3.0,2.0,1247.0,1259.0,2005.0,Active,250000,2025-04-11T00:00:00.000Z,15,12.429220196836383
"3344-Robert-Trent-Jones-Dr,-Unit-110,-Orlando,-FL-32835","3344 Robert Trent Jones Dr, Unit 110, Orlando, FL 32835",3344 Robert Trent Jones Dr,Unit 110,Orlando,FL,32835,Orange,28.506386,-81.471405,condo,3.0,2.0,1412.0,16117.0,2008.0,Active,259990,2025-04-11T00:00:00.000Z,15,12.468402294013924
"8453-Firefox-Cv,-Orlando,-FL-32835","8453 Firefox Cv, Orlando, FL 32835",8453 Firefox Cv,,Orlando,FL,32835,Orange,28.537184,-81.500538,single_family,4.0,3.0,2440.0,16553.0,1990.0,Active,749900,2025-04-14T00:00:00.000Z,12,13.527696476799726
"443-S-Observatory-Dr,-Orlando,-FL-32835","443 S Observatory Dr, Orlando, FL 32835",443 S Observatory Dr,,Orlando,FL,32835,Orange,28.535162,-81.467776,single_family,3.0,2.0,1281.0,6909.0,2002.0,Active,350000,2025-04-16T00:00:00.000Z,10,12.765691290604371
"1324-Saddleridge-Dr,-Orlando,-FL-32835","1324 Saddleridge Dr, Orlando, FL 32835",1324 Saddleridge Dr,,Orlando,FL,32835,Orange,28.52542,-81.49202,single_family,4.0,3.0,2067.0,14226.0,1997.0,Active,655000,2025-04-14T00:00:00.000Z,12,13.39239204133378
"7218-Alston-Ct,-Orlando,-FL-32835","7218 Alston Ct, Orlando, FL 32835",7218 Alston Ct,,Orlando,FL,32835,Orange,28.546778,-81.482242,multi-family,2.0,2.0,1009.0,6130.0,1988.0,Active,265000,2025-04-15T00:00:00.000Z,11,12.487488878546145
"6364-Raleigh-St,-Apt-1615,-Orlando,-FL-32835","6364 Raleigh St, Apt 1615, Orlando, FL 32835",6364 Raleigh St,Apt 1615,Orlando,FL,32835,Orange,28.525625,-81.468903,condo,1.0,1.0,499.0,4841.0,1998.0,Active,159950,2025-04-15T00:00:00.000Z,11,11.982622797311857
"6312-Buford-St,-Apt-505,-Orlando,-FL-32835","6312 Buford St, Apt 505, Orlando, FL 32835",6312 Buford St,Apt 505,Orlando,FL,32835,Orange,28.505541,-81.466655,condo,3.0,2.0,1810.0,8756.0,2005.0,Active,349900,2025-04-16T00:00:00.000Z,10,12.765405536311112
"6434-Cava-Alta-Dr,-Unit-303,-Orlando,-FL-32835","6434 Cava Alta Dr, Unit 303, Orlando, FL 32835",6434 Cava Alta Dr,Unit 303,Orlando,FL,32835,Orange,28.515177,-81.46861,condo,3.0,2.0,1247.0,1291.0,2005.0,Active,199900,2025-04-16T00:00:00.000Z,10,12.20557752297723
"6685-Queens-Borough-Ave,-Apt-304,-Orlando,-FL-32835","6685 Queens Borough Ave, Apt 304, Orlando, FL 32835",6685 Queens Borough Ave,Apt 304,Orlando,FL,32835,Orange,28.508898,-81.474849,condo,2.0,2.0,1233.0,11326.0,2000.0,Active,195000,2025-04-16T00:00:00.000Z,10,12.180759965737863
"7314-Seena-Ct,-Orlando,-FL-32835","7314 Seena Ct, Orlando, FL 32835",7314 Seena Ct,,Orlando,FL,32835,Orange,28.544986,-81.483113,single_family,3.0,2.0,1411.0,5117.0,2002.0,Active,345000,2025-04-16T00:00:00.000Z,10,12.75130259456002
"6178-Westgate-Dr,-Apt-101,-Orlando,-FL-32835","6178 Westgate Dr, Apt 101, Orlando, FL 32835",6178 Westgate Dr,Apt 101,Orlando,FL,32835,Orange,28.530947,-81.467239,condo,1.0,1.0,722.0,8369.0,1988.0,Active,166000,2025-04-17T00:00:00.000Z,9,12.019749091416921
"1063-S-Hiawassee-Rd,-Apt-1615,-Orlando,-FL-32835","1063 S Hiawassee Rd, Apt 1615, Orlando, FL 32835",1063 S Hiawassee Rd,Apt 1615,Orlando,FL,32835,Orange,28.529251,-81.471498,condo,1.0,1.0,627.0,6827.0,1989.0,Active,132900,2025-04-17T00:00:00.000Z,9,11.797359769127505
"6142-Westgate-Dr,-Apt-204,-Orlando,-FL-32835","6142 Westgate Dr, Apt 204, Orlando, FL 32835",6142 Westgate Dr,Apt 204,Orlando,FL,32835,Orange,28.531003,-81.46586,condo,2.0,2.0,943.0,5936.0,1988.0,Active,225000,2025-04-18T00:00:00.000Z,8,12.323860125621126
"3344-Corona-Village-Way,-Apt-205,-Orlando,-FL-32835","3344 Corona Village Way, Apt 205, Orlando, FL 32835",3344 Corona Village Way,Apt 205,Orlando,FL,32835,Orange,28.507911,-81.475448,condo,2.0,2.0,1233.0,11761.0,2000.0,Active,170000,2025-04-18T00:00:00.000Z,8,12.04355959836804
"6177-Metrowest-Blvd,-Unit-303,-Orlando,-FL-32835","6177 Metrowest Blvd, Unit 303, Orlando, FL 32835",6177 Metrowest Blvd,Unit 303,Orlando,FL,32835,Orange,28.517363,-81.466222,condo,2.0,2.0,1079.0,8919.0,2004.0,Active,225000,2025-04-18T00:00:00.000Z,8,12.323860125621126
"435-N-Observatory-Dr,-Orlando,-FL-32835","435 N Observatory Dr, Orlando, FL 32835",435 N Observatory Dr,,Orlando,FL,32835,Orange,28.548381,-81.468199,single_family,4.0,1.5,1664.0,10454.0,1959.0,Active,328000,2025-04-19T00:00:00.000Z,7,12.700771936142122
"3364-Westchester-Square-Blvd,-Apt-204,-Orlando,-FL-32835","3364 Westchester Square Blvd, Apt 204, Orlando, FL 32835",3364 Westchester Square Blvd,Apt 204,Orlando,FL,32835,Orange,28.507417,-81.473138,condo,2.0,2.0,1256.0,6122.0,2000.0,Active,185000,2025-04-21T00:00:00.000Z,5,12.128116509451258
"6159-Metrowest-Blvd,-Unit-105,-Orlando,-FL-32835","6159 Metrowest Blvd, Unit 105, Orlando, FL 32835",6159 Metrowest Blvd,Unit 105,Orlando,FL,32835,Orange,28.515223,-81.466228,condo,2.0,2.0,1124.0,8845.0,2004.0,Active,249990,2025-04-20T00:00:00.000Z,6,12.429180196196368
"2532-Robert-Trent-Jones-Dr,-Apt-1514,-Orlando,-FL-32835","2532 Robert Trent Jones Dr, Apt 1514, Orlando, FL 32835",2532 Robert Trent Jones Dr,Apt 1514,Orlando,FL,32835,Orange,28.515755,-81.471688,condo,2.0,1.0,933.0,11326.0,1995.0,Active,175000,2025-04-21T00:00:00.000Z,5,12.07254696717504
"7230-Westpointe-Blvd,-Apt-1222,-Orlando,-FL-32835","7230 Westpointe Blvd, Apt 1222, Orlando, FL 32835",7230 Westpointe Blvd,Apt 1222,Orlando,FL,32835,Orange,28.517002,-81.48663,condo,1.0,1.0,842.0,6033.0,1994.0,Active,225000,2025-04-21T00:00:00.000Z,5,12.323860125621126
"7109-Yacht-Basin-Ave,-Apt-430,-Orlando,-FL-32835","7109 Yacht Basin Ave, Apt 430, Orlando, FL 32835",7109 Yacht Basin Ave,Apt 430,Orlando,FL,32835,Orange,28.512537,-81.484102,condo,3.0,2.0,1206.0,16553.0,1997.0,Active,219999,2025-04-22T00:00:00.000Z,4,12.301382825334498
"7033-Tallowtree-Ln,-Orlando,-FL-32835","7033 Tallowtree Ln, Orlando, FL 32835",7033 Tallowtree Ln,,Orlando,FL,32835,Orange,28.544634,-81.477321,single_family,3.0,2.0,1558.0,11326.0,1977.0,Active,230000,2025-04-22T00:00:00.000Z,4,12.345838935721968
"150-Dempsey-Way,-Orlando,-FL-32835","150 Dempsey Way, Orlando, FL 32835",150 Dempsey Way,,Orlando,FL,32835,Orange,28.539819,-81.493253,single_family,3.0,2.0,1461.0,13068.0,1987.0,Active,455000,2025-04-22T00:00:00.000Z,4,13.02805489573287
"7867-Horse-Ferry-Rd,-Orlando,-FL-32835","7867 Horse Ferry Rd, Orlando, FL 32835",7867 Horse Ferry Rd,,Orlando,FL,32835,Orange,28.505435,-81.497903,single_family,5.0,5.0,3308.0,13504.0,2000.0,Active,835000,2025-04-22T00:00:00.000Z,4,13.635188201437066
"3542-Shallot-Dr,-Unit-108,-Orlando,-FL-32835","3542 Shallot Dr, Unit 108, Orlando, FL 32835",3542 Shallot Dr,Unit 108,Orlando,FL,32835,Orange,28.507493,-81.470328,townhouse,3.0,2.5,1665.0,980.0,2004.0,Active,335000,2025-04-23T00:00:00.000Z,3,12.721888795877375
"3344-Corona-Village-Building-53-Way,-Unit-207,-Orlando,-FL-32835","3344 Corona Village Building 53 Way, Unit 207, Orlando, FL 32835",3344 Corona Village Building 53 Way,Unit 207,Orlando,FL,32835,Orange,28.507904,-81.475451,condo,2.0,2.0,1107.0,11761.0,2000.0,Active,205000,2025-04-23T00:00:00.000Z,3,12.230770136157428
"1224-S-Hiawassee-Rd,-Apt-638,-Orlando,-FL-32835","1224 S Hiawassee Rd, Apt 638, Orlando, FL 32835",1224 S Hiawassee Rd,Apt 638,Orlando,FL,32835,Orange,28.523547,-81.473035,condo,2.0,2.0,1050.0,15682.0,1998.0,Active,230000,2025-04-23T00:00:00.000Z,3,12.345838935721968
"3344-Corona-Village-Unit-Building-53-Way,-Unit-207,-Orlando,-FL-32835","3344 Corona Village Unit Building 53 Way, Unit 207, Orlando, FL 32835",3344 Corona Village Unit Building 53 Way,Unit 207,Orlando,FL,32835,Orange,28.507904,-81.475451,condo,2.0,2.0,1107.0,11761.0,2000.0,Active,205000,2025-04-23T00:00:00.000Z,3,12.230770136157428
"6651-Crenshaw-Dr,-Orlando,-FL-32835","6651 Crenshaw Dr, Orlando, FL 32835",6651 Crenshaw Dr,,Orlando,FL,32835,Orange,28.52388,-81.476742,single_family,4.0,3.0,2901.0,13068.0,1989.0,Active,750000,2025-04-24T00:00:00.000Z,2,13.527829818844937
"32-Sweetbay-Ln,-Orlando,-FL-32835","32 Sweetbay Ln, Orlando, FL 32835",32 Sweetbay Ln,,Orlando,FL,32835,Orange,28.541798,-81.479763,single_family,3.0,2.0,1564.0,10454.0,1978.0,Active,383000,2025-04-24T00:00:00.000Z,2,12.855792879125431
"235-Crabtree-Ave,-Orlando,-FL-32835","235 Crabtree Ave, Orlando, FL 32835",235 Crabtree Ave,,Orlando,FL,32835,Orange,28.536507,-81.473683,single_family,3.0,1.0,1192.0,9081.0,1981.0,Active,295000,2025-04-24T00:00:00.000Z,2,12.59473402514672
"3337-Soho-St,-Apt-205,-Orlando,-FL-32835","3337 Soho St, Apt 205, Orlando, FL 32835",3337 Soho St,Apt 205,Orlando,FL,32835,Orange,28.508008,-81.47404,condo,1.0,1.0,658.0,5987.0,2000.0,Active,160000,2025-04-25T00:00:00.000Z,1,11.982935344196433
"7816-Murcott-Cir,-Orlando,-FL-32835","7816 Murcott Cir, Orlando, FL 32835",7816 Murcott Cir,,Orlando,FL,32835,Orange,28.538074,-81.489036,single_family,3.0,2.0,1465.0,14375.0,1986.0,Active,357000,2025-04-25T00:00:00.000Z,1,12.785493861878301
"1069-S-Hiawassee-Rd,-Apt-1317,-Orlando,-FL-32835","1069 S Hiawassee Rd, Apt 1317, Orlando, FL 32835",1069 S Hiawassee Rd,Apt 1317,Orlando,FL,32835,Orange,28.52906,-81.470927,condo,2.0,2.0,934.0,9202.0,1989.0,Active,194750,2023-10-25T00:00:00.000Z,548,12.179477098508002
"6107-Metrowest-Blvd,-Unit-104,-Orlando,-FL-32835","6107 Metrowest Blvd, Unit 104, Orlando, FL 32835",6107 Metrowest Blvd,Unit 104,Orlando,FL,32835,Orange,28.514717,-81.464804,townhouse,2.0,2.0,1386.0,478.0,2004.0,Active,290000,2024-10-31T00:00:00.000Z,176,12.577639650232573
"6081-Twain-St,-Unit-104,-Orlando,-FL-32835","6081 Twain St, Unit 104, Orlando, FL 32835",6081 Twain St,Unit 104,Orlando,FL,32835,Orange,28.510128,-81.464945,townhouse,3.0,2.5,1682.0,1157.0,2003.0,Active,345000,2024-10-31T00:00:00.000Z,176,12.75130259456002
"7672-Torino-Ct,-Orlando,-FL-32835","7672 Torino Ct, Orlando, FL 32835",7672 Torino Ct,,Orlando,FL,32835,Orange,28.519289,-81.496715,single_family,3.0,2.0,2166.0,9002.0,1995.0,Active,625000,2025-04-04T00:00:00.000Z,21,13.345508528717259
"731-Rosemere-Cir,-Orlando,-FL-32835","731 Rosemere Cir, Orlando, FL 32835",731 Rosemere Cir,,Orlando,FL,32835,Orange,28.531972,-81.506587,single_family,4.0,2.0,1700.0,13939.0,1984.0,Active,525000,2025-04-16T00:00:00.000Z,9,13.171155446333852
"1831-Abbots-Hill-Dr,-Orlando,-FL-32835","1831 Abbots Hill Dr, Orlando, FL 32835",1831 Abbots Hill Dr,,Orlando,FL,32835,Orange,28.520785,-81.499969,single_family,3.0,2.5,2580.0,9398.0,1994.0,Active,560000,2025-04-18T00:00:00.000Z,7,13.235693848424024
"1015-S-Hiawassee-Rd,-Apt-3522,-Orlando,-FL-32835","1015 S Hiawassee Rd, Apt 3522, Orlando, FL 32835",1015 S Hiawassee Rd,Apt 3522,Orlando,FL,32835,Orange,28.529863,-81.473527,condo,2.0,2.0,836.0,7193.0,1989.0,Active,158000,2025-01-23T00:00:00.000Z,91,11.970356641102999
"2763-Metro-Sevilla-Dr,-Unit-108,-Orlando,-FL-32835","2763 Metro Sevilla Dr, Unit 108, Orlando, FL 32835",2763 Metro Sevilla Dr,Unit 108,Orlando,FL,32835,Orange,28.512678,-81.469346,townhouse,3.0,2.0,1857.0,1049.0,2005.0,Active,340000,2025-02-18T00:00:00.000Z,65,12.73670383776449
"1817-Baillie-Glass-Ln,-Orlando,-FL-32835","1817 Baillie Glass Ln, Orlando, FL 32835",1817 Baillie Glass Ln,,Orlando,FL,32835,Orange,28.520247,-81.483154,single_family,3.0,2.5,2331.0,13068.0,1993.0,Inactive,524900,2024-07-18T00:00:00.000Z,279,13.170964952363363
"1081-S-Hiawassee-Rd,-Apt-723,-Orlando,-FL-32835","1081 S Hiawassee Rd, Apt 723, Orlando, FL 32835",1081 S Hiawassee Rd,Apt 723,Orlando,FL,32835,Orange,28.528025,-81.471523,condo,1.0,1.0,627.0,7434.0,1989.0,Inactive,144995,2025-03-05T00:00:00.000Z,49,11.884461434815309
"6648-Time-Square-Ave,-Apt-104,-Orlando,-FL-32835","6648 Time Square Ave, Apt 104, Orlando, FL 32835",6648 Time Square Ave,Apt 104,Orlando,FL,32835,Orange,28.507947,-81.472981,townhouse,2.0,2.5,1548.0,3674.0,2000.0,Inactive,229000,2025-01-02T00:00:00.000Z,110,12.34148164933907
"1017-S-Hiawassee-Rd,-Apt-3717,-Orlando,-FL-32835","1017 S Hiawassee Rd, Apt 3717, Orlando, FL 32835",1017 S Hiawassee Rd,Apt 3717,Orlando,FL,32835,Orange,28.529433,-81.474107,condo,2.0,2.0,934.0,7883.0,1989.0,Inactive,164900,2025-02-04T00:00:00.000Z,77,12.013100572810686
"4537-Woodlands-Village-Dr,-Orlando,-FL-32835","4537 Woodlands Village Dr, Orlando, FL 32835",4537 Woodlands Village Dr,,Orlando,FL,32835,Orange,28.496547,-81.47771,single_family,4.0,2.0,2561.0,19602.0,1987.0,Inactive,615000,2025-02-28T00:00:00.000Z,53,13.329379172803593
"4560-Woodlands-Village-Dr,-Orlando,-FL-32835","4560 Woodlands Village Dr, Orlando, FL 32835",4560 Woodlands Village Dr,,Orlando,FL,32835,Orange,28.497144,-81.478909,single_family,4.0,2.5,2231.0,29621.0,1993.0,Inactive,679900,2025-04-10T00:00:00.000Z,12,13.429702478318
"3406-Soho-St,-Apt-102,-Orlando,-FL-32835","3406 Soho St, Apt 102, Orlando, FL 32835",3406 Soho St,Apt 102,Orlando,FL,32835,Orange,28.507702,-81.474406,condo,3.0,2.0,1260.0,12197.0,2000.0,Inactive,295000,2024-11-14T00:00:00.000Z,158,12.59473402514672
"6336-Buford-St,-Apt-705,-Orlando,-FL-32835","6336 Buford St, Apt 705, Orlando, FL 32835",6336 Buford St,Apt 705,Orlando,FL,32835,Orange,28.505532,-81.467713,condo,3.0,2.0,1810.0,20473.0,2005.0,Inactive,437990,2024-12-20T00:00:00.000Z,122,12.989953641202266
"6106-Westgate-Dr,-Apt-103,-Orlando,-FL-32835","6106 Westgate Dr, Apt 103, Orlando, FL 32835",6106 Westgate Dr,Apt 103,Orlando,FL,32835,Orange,28.532126,-81.467053,condo,2.0,2.0,943.0,5936.0,1988.0,Inactive,180000,2025-01-13T00:00:00.000Z,96,12.100717685412471
"6034-Westgate-Dr,-Apt-202,-Orlando,-FL-32835","6034 Westgate Dr, Apt 202, Orlando, FL 32835",6034 Westgate Dr,Apt 202,Orlando,FL,32835,Orange,28.531763,-81.464917,condo,1.0,1.0,1184.0,4445.0,1988.0,Inactive,139000,2025-01-23T00:00:00.000Z,86,11.842236406331555
"304-N-Hastings-St,-Orlando,-FL-32835","304 N Hastings St, Orlando, FL 32835",304 N Hastings St,,Orlando,FL,32835,Orange,28.546192,-81.459689,single_family,3.0,2.0,1232.0,8756.0,2001.0,Inactive,330000,2025-03-21T00:00:00.000Z,29,12.706850963741102
"6727-Fairway-Cove-Dr,-Orlando,-FL-32835","6727 Fairway Cove Dr, Orlando, FL 32835",6727 Fairway Cove Dr,,Orlando,FL,32835,Orange,28.524954,-81.478739,single_family,4.0,3.0,2789.0,71003.0,1989.0,Inactive,775000,2025-04-12T00:00:00.000Z,7,13.560619598657233
"305-S-Candler-Ave,-Orlando,-FL-32835","305 S Candler Ave, Orlando, FL 32835",305 S Candler Ave,,Orlando,FL,32835,Orange,28.536237,-81.47277,single_family,4.0,2.0,1464.0,6056.0,1981.0,Inactive,289900,2025-02-01T00:00:00.000Z,76,12.57729476436913
"3384-Corona-Village-Way,-Apt-B8,-Orlando,-FL-32835","3384 Corona Village Way, Apt B8, Orlando, FL 32835",3384 Corona Village Way,Apt B8,Orlando,FL,32835,Orange,28.507612,-81.474911,condo,2.0,2.0,1107.0,12197.0,2000.0,Inactive,249900,2025-03-19T00:00:00.000Z,30,12.428820118415677
"501-N-Normandale-Ave,-Orlando,-FL-32835","501 N Normandale Ave, Orlando, FL 32835",501 N Normandale Ave,,Orlando,FL,32835,Orange,28.549097,-81.460084,single_family,3.0,2.0,1171.0,6991.0,1984.0,Inactive,310000,2024-07-25T00:00:00.000Z,266,12.644330802262578
"5959-Westgate-Dr,-Apt-1516,-Orlando,-FL-32835","5959 Westgate Dr, Apt 1516, Orlando, FL 32835",5959 Westgate Dr,Apt 1516,Orlando,FL,32835,Orange,28.533216,-81.463711,condo,1.0,1.0,713.0,8369.0,1999.0,Inactive,155000,2025-04-04T00:00:00.000Z,13,11.951186847493476
"7744-Blue-Quail-Ln,-Orlando,-FL-32835","7744 Blue Quail Ln, Orlando, FL 32835",7744 Blue Quail Ln,,Orlando,FL,32835,Orange,28.513636,-81.504374,single_family,5.0,4.5,4963.0,11761.0,2019.0,Inactive,1990000,2025-04-11T00:00:00.000Z,6,14.503645699213111
"7043-Carlene-Dr,-Orlando,-FL-32835","7043 Carlene Dr, Orlando, FL 32835",7043 Carlene Dr,,Orlando,FL,32835,Orange,28.532891,-81.477653,single_family,3.0,2.0,1922.0,13068.0,1968.0,Inactive,325000,2025-02-01T00:00:00.000Z,74,12.691583538230217
"2679-Metro-Sevilla-Dr,-Unit-110,-Orlando,-FL-32835","2679 Metro Sevilla Dr, Unit 110, Orlando, FL 32835",2679 Metro Sevilla Dr,Unit 110,Orlando,FL,32835,Orange,28.513103,-81.469536,condo,3.0,2.0,1797.0,1159.0,2005.0,Inactive,320000,2025-04-07T00:00:00.000Z,9,12.676079399771027
"8227-Vineland-Oaks-Blvd,-Orlando,-FL-32835","8227 Vineland Oaks Blvd, Orlando, FL 32835",8227 Vineland Oaks Blvd,,Orlando,FL,32835,Orange,28.534378,-81.498883,single_family,4.0,3.0,1996.0,10890.0,2017.0,Inactive,530000,2024-11-26T00:00:00.000Z,140,13.180634172318978
"1075-S-Hiawassee-Rd,-Apt-911,-Orlando,-FL-32835","1075 S Hiawassee Rd, Apt 911, Orlando, FL 32835",1075 S Hiawassee Rd,Apt 911,Orlando,FL,32835,Orange,28.528618,-81.471892,condo,2.0,2.0,829.0,7451.0,1989.0,Inactive,174480,2025-01-17T00:00:00.000Z,88,12.069571132174996
"7220-Westpointe-Blvd,-Apt-1421,-Orlando,-FL-32835","7220 Westpointe Blvd, Apt 1421, Orlando, FL 32835",7220 Westpointe Blvd,Apt 1421,Orlando,FL,32835,Orange,28.516182,-81.486927,condo,2.0,2.0,1080.0,8756.0,1994.0,Inactive,199000,2025-02-02T00:00:00.000Z,72,12.201065128819632
"8208-Westminster-Abbey-Blvd,-Orlando,-FL-32835","8208 Westminster Abbey Blvd, Orlando, FL 32835",8208 Westminster Abbey Blvd,,Orlando,FL,32835,Orange,28.507464,-81.506165,single_family,5.0,4.0,3741.0,14810.0,2000.0,Inactive,925000,2025-04-10T00:00:00.000Z,3,13.73755009757506
"6003-W-Harwood-Ave,-Orlando,-FL-32835","6003 W Harwood Ave, Orlando, FL 32835",6003 W Harwood Ave,,Orlando,FL,32835,Orange,28.548088,-81.463715,single_family,3.0,2.0,1584.0,8315.0,1959.0,Inactive,318000,2025-03-20T00:00:00.000Z,23,12.669809806411457
"6137-Metrowest-Blvd,---20-104,-Orlando,-FL-32835","6137 Metrowest Blvd, # 20-104, Orlando, FL 32835",6137 Metrowest Blvd,# 20-104,Orlando,FL,32835,Orange,28.517227,-81.465218,condo,1.0,1.0,641.0,8756.0,2004.0,Inactive,174900,2025-03-25T00:00:00.000Z,18,12.071975378543236
"7429-Villas-Oak-Ct,-Orlando,-FL-32835","7429 Villas Oak Ct, Orlando, FL 32835",7429 Villas Oak Ct,,Orlando,FL,32835,Orange,28.541674,-81.483964,multi-family,2.0,2.0,832.0,6503.0,1984.0,Inactive,249000,2025-01-16T00:00:00.000Z,85,12.425212191503038
"1051-S-Hiawassee-Rd,-Apt-2112,-Orlando,-FL-32835","1051 S Hiawassee Rd, Apt 2112, Orlando, FL 32835",1051 S Hiawassee Rd,Apt 2112,Orlando,FL,32835,Orange,28.52821,-81.473406,condo,2.0,2.0,934.0,7401.0,1989.0,Inactive,145000,2025-01-17T00:00:00.000Z,84,11.884495917930655
"1043-S-Hiawassee-Rd,-Apt-3111,-Orlando,-FL-32835","1043 S Hiawassee Rd, Apt 3111, Orlando, FL 32835",1043 S Hiawassee Rd,Apt 3111,Orlando,FL,32835,Orange,28.530036,-81.472678,condo,2.0,2.0,829.0,7273.0,1989.0,Inactive,155000,2025-02-20T00:00:00.000Z,50,11.951186847493476
"2847-Metro-Sevilla-Dr,-Unit-103,-Orlando,-FL-32835","2847 Metro Sevilla Dr, Unit 103, Orlando, FL 32835",2847 Metro Sevilla Dr,Unit 103,Orlando,FL,32835,Orange,28.512389,-81.469189,condo,3.0,2.0,1438.0,1017.0,2005.0,Inactive,289000,2025-03-11T00:00:00.000Z,31,12.574185427296195
"6466-Cava-Alta-Dr,-Unit-404,-Orlando,-FL-32835","6466 Cava Alta Dr, Unit 404, Orlando, FL 32835",6466 Cava Alta Dr,Unit 404,Orlando,FL,32835,Orange,28.515119,-81.469286,condo,3.0,2.0,1447.0,1916.0,2005.0,Inactive,248500,2024-09-25T00:00:00.000Z,197,12.423202148655593
"6434-Cava-Alta-Dr,-Unit-410,-Orlando,-FL-32835","6434 Cava Alta Dr, Unit 410, Orlando, FL 32835",6434 Cava Alta Dr,Unit 410,Orlando,FL,32835,Orange,28.515373,-81.468841,condo,3.0,2.0,1412.0,1916.0,2005.0,Inactive,214997,2024-11-14T00:00:00.000Z,147,12.278384004740952
"1073-S-Hiawassee-Rd,-Apt-1011,-Orlando,-FL-32835","1073 S Hiawassee Rd, Apt 1011, Orlando, FL 32835",1073 S Hiawassee Rd,Apt 1011,Orlando,FL,32835,Orange,28.52886,-81.471522,condo,2.0,2.0,829.0,7034.0,1989.0,Inactive,185000,2025-02-20T00:00:00.000Z,49,12.128116509451258
"3356-Bellington-Dr,-Orlando,-FL-32835","3356 Bellington Dr, Orlando, FL 32835",3356 Bellington Dr,,Orlando,FL,32835,Orange,28.502955,-81.494258,single_family,4.0,3.5,3446.0,16988.0,1997.0,Inactive,1000000,2025-04-08T00:00:00.000Z,2,13.815511557963774
"2624-Robert-Trent-Jones-Dr,-Apt-614,-Orlando,-FL-32835","2624 Robert Trent Jones Dr, Apt 614, Orlando, FL 32835",2624 Robert Trent Jones Dr,Apt 614,Orlando,FL,32835,Orange,28.514935,-81.471635,condo,2.0,1.0,933.0,11761.0,1995.0,Inactive,174999,2024-10-03T00:00:00.000Z,188,12.072541252905651
"1051-S-Hiawassee-Rd,-Apt-2128,-Orlando,-FL-32835","1051 S Hiawassee Rd, Apt 2128, Orlando, FL 32835",1051 S Hiawassee Rd,Apt 2128,Orlando,FL,32835,Orange,28.52821,-81.473406,condo,2.0,2.0,934.0,7401.0,1989.0,Inactive,153900,2025-01-08T00:00:00.000Z,91,11.944064817531656
"6071-Westgate-Dr,-Apt-312,-Orlando,-FL-32835","6071 Westgate Dr, Apt 312, Orlando, FL 32835",6071 Westgate Dr,Apt 312,Orlando,FL,32835,Orange,28.533764,-81.466682,condo,2.0,2.0,1077.0,8756.0,1999.0,Inactive,214000,2025-02-27T00:00:00.000Z,41,12.273735966890268
"1137-Palm-Cove-Dr,-Orlando,-FL-32835","1137 Palm Cove Dr, Orlando, FL 32835",1137 Palm Cove Dr,,Orlando,FL,32835,Orange,28.526122,-81.502417,single_family,3.0,2.0,1816.0,10454.0,1993.0,Inactive,619000,2025-04-02T00:00:00.000Z,7,13.335862167174314
"7755-Bay-Cedar-Dr,-Orlando,-FL-32835","7755 Bay Cedar Dr, Orlando, FL 32835",7755 Bay Cedar Dr,,Orlando,FL,32835,Orange,28.531774,-81.489408,single_family,3.0,2.0,1513.0,10454.0,1986.0,Inactive,90000,2025-04-04T00:00:00.000Z,5,11.407576060361786
"1013-S-Hiawassee-Rd,-Apt-3627,-Orlando,-FL-32835","1013 S Hiawassee Rd, Apt 3627, Orlando, FL 32835",1013 S Hiawassee Rd,Apt 3627,Orlando,FL,32835,Orange,28.529934,-81.474017,condo,2.0,2.0,934.0,8753.0,1989.0,Inactive,204900,2024-10-17T00:00:00.000Z,173,12.230282214644559
"1081-S-Hiawassee-Rd,-Apt-717,-Orlando,-FL-32835","1081 S Hiawassee Rd, Apt 717, Orlando, FL 32835",1081 S Hiawassee Rd,Apt 717,Orlando,FL,32835,Orange,28.528025,-81.471523,condo,2.0,2.0,829.0,7434.0,1989.0,Inactive,176000,2024-10-28T00:00:00.000Z,162,12.07824495582233
"7578-Blue-Quail-Ln,-Orlando,-FL-32835","7578 Blue Quail Ln, Orlando, FL 32835",7578 Blue Quail Ln,,Orlando,FL,32835,Orange,28.515079,-81.507095,single_family,5.0,4.5,4969.0,11326.0,2017.0,Inactive,1925000,2025-04-02T00:00:00.000Z,5,14.470437045184406
"3246-Villa-Strada-Way,-Orlando,-FL-32835","3246 Villa Strada Way, Orlando, FL 32835",3246 Villa Strada Way,,Orlando,FL,32835,Orange,28.510059,-81.461013,townhouse,3.0,2.5,1756.0,2994.0,2006.0,Inactive,349999,2024-01-24T00:00:00.000Z,438,12.765688433465597
"907-Almond-Tree-Cir,-Orlando,-FL-32835","907 Almond Tree Cir, Orlando, FL 32835",907 Almond Tree Cir,,Orlando,FL,32835,Orange,28.525857,-81.508464,single_family,4.0,3.0,2213.0,13068.0,1988.0,Inactive,625000,2025-03-14T00:00:00.000Z,23,13.345508528717259
"4016-Salmon-Dr,-Orlando,-FL-32835","4016 Salmon Dr, Orlando, FL 32835",4016 Salmon Dr,,Orlando,FL,32835,Orange,28.503989,-81.488753,single_family,3.0,2.5,2207.0,14375.0,1984.0,Inactive,610000,2024-07-31T00:00:00.000Z,248,13.321215875492413
"6292-Twain-St,-Unit-101,-Orlando,-FL-32835","6292 Twain St, Unit 101, Orlando, FL 32835",6292 Twain St,Unit 101,Orlando,FL,32835,Orange,28.509441,-81.467606,townhouse,3.0,2.5,1665.0,12632.0,2002.0,Inactive,319900,2024-12-30T00:00:00.000Z,96,12.675766851909591
"3332-Robert-Trent-Jones-Dr,---10603,-Orlando,-FL-32835","3332 Robert Trent Jones Dr, # 10603, Orlando, FL 32835",3332 Robert Trent Jones Dr,# 10603,Orlando,FL,32835,Orange,28.505907,-81.470596,condo,3.0,2.0,1247.0,16117.0,2006.0,Inactive,218000,2024-11-22T00:00:00.000Z,133,12.292254928916668
"6029-Westgate-Dr,-Apt-723,-Orlando,-FL-32835","6029 Westgate Dr, Apt 723, Orlando, FL 32835",6029 Westgate Dr,Apt 723,Orlando,FL,32835,Orange,28.533833,-81.465412,condo,1.0,1.0,713.0,8756.0,1999.0,Inactive,162500,2025-03-05T00:00:00.000Z,30,11.998439434579149
"2624-Robert-Trent-Jones-Dr,-Apt-610,-Orlando,-FL-32835","2624 Robert Trent Jones Dr, Apt 610, Orlando, FL 32835",2624 Robert Trent Jones Dr,Apt 610,Orlando,FL,32835,Orange,28.514935,-81.471635,condo,3.0,2.0,1295.0,11761.0,1995.0,Inactive,224000,2025-03-21T00:00:00.000Z,14,12.319405795112926
"1043-S-Hiawassee-Rd,-Apt-3113,-Orlando,-FL-32835","1043 S Hiawassee Rd, Apt 3113, Orlando, FL 32835",1043 S Hiawassee Rd,Apt 3113,Orlando,FL,32835,Orange,28.530036,-81.472678,condo,1.0,1.0,627.0,7273.0,1989.0,Inactive,172000,2025-04-01T00:00:00.000Z,3,12.055255569732177
"3480-Soho-St,-Apt-201,-Orlando,-FL-32835","3480 Soho St, Apt 201, Orlando, FL 32835",3480 Soho St,Apt 201,Orlando,FL,32835,Orange,28.506079,-81.472405,condo,3.0,2.0,1260.0,11761.0,2000.0,Inactive,220000,2024-08-19T00:00:00.000Z,227,12.301387370778713
"1025-S-Hiawassee-Rd,-Apt-2216,-Orlando,-FL-32835","1025 S Hiawassee Rd, Apt 2216, Orlando, FL 32835",1025 S Hiawassee Rd,Apt 2216,Orlando,FL,32835,Orange,28.528756,-81.47356,condo,1.0,1.0,627.0,7175.0,1989.0,Inactive,155000,2024-11-14T00:00:00.000Z,140,11.951186847493476
"1057-S-Hiawassee-Rd,-Apt-1911,-Orlando,-FL-32835","1057 S Hiawassee Rd, Apt 1911, Orlando, FL 32835",1057 S Hiawassee Rd,Apt 1911,Orlando,FL,32835,Orange,28.528483,-81.472235,condo,2.0,2.0,829.0,7101.0,1989.0,Inactive,187000,2025-01-16T00:00:00.000Z,77,12.138869243416009
"825-Rosemere-Cir,-Orlando,-FL-32835","825 Rosemere Cir, Orlando, FL 32835",825 Rosemere Cir,,Orlando,FL,32835,Orange,28.533617,-81.50711,single_family,3.0,2.0,1696.0,13068.0,1987.0,Inactive,460000,2025-02-28T00:00:00.000Z,34,13.038983942375959
"330-S-Buena-Vista-Ave,-Orlando,-FL-32835","330 S Buena Vista Ave, Orlando, FL 32835",330 S Buena Vista Ave,,Orlando,FL,32835,Orange,28.536942,-81.469416,single_family,3.0,2.0,810.0,7005.0,1950.0,Inactive,115000,2025-03-29T00:00:00.000Z,4,11.652696102959753
"2624-Robert-Trent-Jones-Dr,-Apt-634,-Orlando,-FL-32835","2624 Robert Trent Jones Dr, Apt 634, Orlando, FL 32835",2624 Robert Trent Jones Dr,Apt 634,Orlando,FL,32835,Orange,28.514935,-81.471635,condo,2.0,1.0,933.0,11761.0,1995.0,Inactive,169900,2025-02-10T00:00:00.000Z,50,12.042971193457888
"6659-Time-Square-Ave,-Apt-104,-Orlando,-FL-32835","6659 Time Square Ave, Apt 104, Orlando, FL 32835",6659 Time Square Ave,Apt 104,Orlando,FL,32835,Orange,28.507934,-81.473531,condo,2.0,2.5,1548.0,3674.0,2000.0,Inactive,237900,2024-05-30T00:00:00.000Z,305,12.379609899729042
"3224-Dante-Dr,-Unit-108,-Orlando,-FL-32835","3224 Dante Dr, Unit 108, Orlando, FL 32835",3224 Dante Dr,Unit 108,Orlando,FL,32835,Orange,28.508624,-81.466881,condo,3.0,2.0,1206.0,15246.0,2003.0,Inactive,242500,2024-08-07T00:00:00.000Z,236,12.398761113062513
"120-Lake-Dr,-Orlando,-FL-32835","120 Lake Dr, Orlando, FL 32835",120 Lake Dr,,Orlando,FL,32835,Orange,28.541463,-81.498371,single_family,3.0,2.0,1078.0,7625.0,1984.0,Inactive,315000,2024-08-20T00:00:00.000Z,223,12.660331092405906
"1029-S-Hiawassee-Rd,-Apt-2424,-Orlando,-FL-32835","1029 S Hiawassee Rd, Apt 2424, Orlando, FL 32835",1029 S Hiawassee Rd,Apt 2424,Orlando,FL,32835,Orange,28.52896,-81.472939,condo,2.0,2.0,836.0,3665.0,1989.0,Inactive,175000,2024-10-21T00:00:00.000Z,161,12.07254696717504
"3314-Robert-Trent-Jones-Dr,---30801,-Orlando,-FL-32835","3314 Robert Trent Jones Dr, # 30801, Orlando, FL 32835",3314 Robert Trent Jones Dr,# 30801,Orlando,FL,32835,Orange,28.506976,-81.470942,condo,3.0,2.0,1247.0,16117.0,2007.0,Inactive,249900,2024-12-03T00:00:00.000Z,118,12.428820118415677
"4034-Winderlakes-Dr,-Orlando,-FL-32835","4034 Winderlakes Dr, Orlando, FL 32835",4034 Winderlakes Dr,,Orlando,FL,32835,Orange,28.502906,-81.491851,single_family,4.0,2.0,2374.0,16553.0,1982.0,Inactive,588000,2025-01-05T00:00:00.000Z,84,13.28448392755959
"7852-Murcott-Cir,-Orlando,-FL-32835","7852 Murcott Cir, Orlando, FL 32835",7852 Murcott Cir,,Orlando,FL,32835,Orange,28.538028,-81.490421,single_family,5.0,3.0,2256.0,9893.0,1986.0,Inactive,463999,2025-01-25T00:00:00.000Z,64,13.047639831208393
"6071-Westgate-Dr,-Apt-324,-Orlando,-FL-32835","6071 Westgate Dr, Apt 324, Orlando, FL 32835",6071 Westgate Dr,Apt 324,Orlando,FL,32835,Orange,28.533764,-81.466682,condo,1.0,1.0,713.0,8369.0,1999.0,Inactive,169900,2025-03-17T00:00:00.000Z,12,12.042971193457888
"6630-Crenshaw-Dr,-Orlando,-FL-32835","6630 Crenshaw Dr, Orlando, FL 32835",6630 Crenshaw Dr,,Orlando,FL,32835,Orange,28.524407,-81.475175,single_family,4.0,2.5,2582.0,13068.0,1991.0,Inactive,650000,2024-12-28T00:00:00.000Z,90,13.384729180332174
"4010-Winderlakes-Dr,-Orlando,-FL-32835","4010 Winderlakes Dr, Orlando, FL 32835",4010 Winderlakes Dr,,Orlando,FL,32835,Orange,28.503793,-81.491797,single_family,3.0,2.0,2498.0,20038.0,1981.0,Inactive,639900,2025-01-22T00:00:00.000Z,65,13.36906875587051
"7807-Rollingridge-Ct,-Orlando,-FL-32835","7807 Rollingridge Ct, Orlando, FL 32835",7807 Rollingridge Ct,,Orlando,FL,32835,Orange,28.52364,-81.490084,single_family,4.0,2.0,1999.0,10019.0,1989.0,Inactive,450000,2025-01-22T00:00:00.000Z,65,13.017005083966255
"424-S-Observatory-Dr,-Orlando,-FL-32835","424 S Observatory Dr, Orlando, FL 32835",424 S Observatory Dr,,Orlando,FL,32835,Orange,28.535572,-81.46837,single_family,3.0,1.0,1446.0,7002.0,1948.0,Inactive,270000,2025-02-07T00:00:00.000Z,49,12.506180941677357
"7655-Debeaubien-Dr,-Orlando,-FL-32835","7655 Debeaubien Dr, Orlando, FL 32835",7655 Debeaubien Dr,,Orlando,FL,32835,Orange,28.518497,-81.496804,single_family,4.0,4.0,4608.0,20038.0,1995.0,Inactive,919900,2025-02-13T00:00:00.000Z,43,13.73202133453934
"210-Sonoma-Valley-Cir,-Orlando,-FL-32835","210 Sonoma Valley Cir, Orlando, FL 32835",210 Sonoma Valley Cir,,Orlando,FL,32835,Orange,28.538611,-81.485179,single_family,3.0,2.0,1252.0,11326.0,1989.0,Inactive,339900,2025-02-14T00:00:00.000Z,42,12.736409677721657
"6559-Grosvenor-Ln,-Orlando,-FL-32835","6559 Grosvenor Ln, Orlando, FL 32835",6559 Grosvenor Ln,,Orlando,FL,32835,Orange,28.533748,-81.473985,single_family,3.0,2.0,1509.0,6468.0,1988.0,Inactive,360000,2025-03-24T00:00:00.000Z,4,12.793862088206213
"6451-Old-Park-Ln,-Unit-406,-Orlando,-FL-32835","6451 Old Park Ln, Unit 406, Orlando, FL 32835",6451 Old Park Ln,Unit 406,Orlando,FL,32835,Orange,28.514626,-81.468523,condo,3.0,2.0,1247.0,1291.0,2005.0,Inactive,254900,2024-06-27T00:00:00.000Z,273,12.448630513463613
"6141-Metrowest-Blvd-E,-Unit-303,-Orlando,-FL-32835","6141 Metrowest Blvd E, Unit 303, Orlando, FL 32835",6141 Metrowest Blvd E,Unit 303,Orlando,FL,32835,Orange,28.517033,-81.465586,condo,3.0,2.0,1285.0,10454.0,2004.0,Inactive,254000,2024-06-26T00:00:00.000Z,273,12.445093483000798
"3406-Soho-St,-Apt-B6,-Orlando,-FL-32835","3406 Soho St, Apt B6, Orlando, FL 32835",3406 Soho St,Apt B6,Orlando,FL,32835,Orange,28.507702,-81.474406,condo,2.0,2.0,1233.0,12197.0,2000.0,Inactive,199000,2025-01-13T00:00:00.000Z,72,12.201065128819632
"1805-Baillie-Glass-Ln,-Orlando,-FL-32835","1805 Baillie Glass Ln, Orlando, FL 32835",1805 Baillie Glass Ln,,Orlando,FL,32835,Orange,28.520933,-81.482641,single_family,3.0,2.0,1844.0,53579.0,1995.0,Inactive,460000,2025-01-24T00:00:00.000Z,61,13.038983942375959
"3326-Robert-Trent-Jones-Dr,-Unit-10102,-Orlando,-FL-32835","3326 Robert Trent Jones Dr, Unit 10102, Orlando, FL 32835",3326 Robert Trent Jones Dr,Unit 10102,Orlando,FL,32835,Orange,28.506491,-81.470589,condo,3.0,2.0,1247.0,16117.0,2006.0,Inactive,250000,2025-02-05T00:00:00.000Z,49,12.429220196836383
"6292-Twain-St,-Unit-108,-Orlando,-FL-32835","6292 Twain St, Unit 108, Orlando, FL 32835",6292 Twain St,Unit 108,Orlando,FL,32835,Orange,28.509439,-81.468001,condo,3.0,2.5,1665.0,1095.0,2002.0,Inactive,322500,2025-02-17T00:00:00.000Z,37,12.683861515988351
"3326-Robert-Trent-Jones-Dr,---10102,-Orlando,-FL-32835","3326 Robert Trent Jones Dr, # 10102, Orlando, FL 32835",3326 Robert Trent Jones Dr,# 10102,Orlando,FL,32835,Orange,28.506491,-81.470589,condo,3.0,2.0,1247.0,16117.0,2006.0,Inactive,250000,2025-02-04T00:00:00.000Z,49,12.429220196836383
"6166-Westgate-Dr,-Apt-302,-Orlando,-FL-32835","6166 Westgate Dr, Apt 302, Orlando, FL 32835",6166 Westgate Dr,Apt 302,Orlando,FL,32835,Orange,28.530545,-81.466907,condo,2.0,2.0,1422.0,5936.0,1988.0,Inactive,185000,2025-02-20T00:00:00.000Z,33,12.128116509451258
"7762-Debeaubien-Dr,-Orlando,-FL-32835","7762 Debeaubien Dr, Orlando, FL 32835",7762 Debeaubien Dr,,Orlando,FL,32835,Orange,28.516842,-81.498814,single_family,4.0,3.0,2678.0,12197.0,1999.0,Inactive,709999,2024-10-24T00:00:00.000Z,150,13.473020249017498
"2648-Robert-Trent-Jones-Dr,-Apt-212,-Orlando,-FL-32835","2648 Robert Trent Jones Dr, Apt 212, Orlando, FL 32835",2648 Robert Trent Jones Dr,Apt 212,Orlando,FL,32835,Orange,28.514259,-81.471211,condo,2.0,1.0,933.0,11326.0,1995.0,Inactive,190000,2024-03-21T00:00:00.000Z,366,12.154784614286667
"6105-Metrowest-Blvd,-Unit-103,-Orlando,-FL-32835","6105 Metrowest Blvd, Unit 103, Orlando, FL 32835",6105 Metrowest Blvd,Unit 103,Orlando,FL,32835,Orange,28.51477,-81.465076,townhouse,3.0,2.5,1678.0,519.0,2004.0,Inactive,290000,2024-09-26T00:00:00.000Z,177,12.577639650232573
"2525-San-Tecla-St,-Unit-101,-Orlando,-FL-32835","2525 San Tecla St, Unit 101, Orlando, FL 32835",2525 San Tecla St,Unit 101,Orlando,FL,32835,Orange,28.513771,-81.468122,townhouse,3.0,2.0,1797.0,1177.0,2005.0,Inactive,319000,2024-12-20T00:00:00.000Z,92,12.672949516558306
"1071-S-Hiawassee-Rd,-Apt-1228,-Orlando,-FL-32835","1071 S Hiawassee Rd, Apt 1228, Orlando, FL 32835",1071 S Hiawassee Rd,Apt 1228,Orlando,FL,32835,Orange,28.528576,-81.470972,condo,2.0,2.0,934.0,8609.0,1989.0,Inactive,175000,2025-01-13T00:00:00.000Z,68,12.07254696717504
"1091-S-Hiawassee-Rd,-Apt-216,-Orlando,-FL-32835","1091 S Hiawassee Rd, Apt 216, Orlando, FL 32835",1091 S Hiawassee Rd,Apt 216,Orlando,FL,32835,Orange,28.527641,-81.472805,condo,1.0,1.0,627.0,7289.0,1989.0,Inactive,129950,2025-02-24T00:00:00.000Z,26,11.774912735307439
"8151-Canyon-Lake-Cir,-Orlando,-FL-32835","8151 Canyon Lake Cir, Orlando, FL 32835",8151 Canyon Lake Cir,,Orlando,FL,32835,Orange,28.528676,-81.48893,single_family,4.0,2.0,2588.0,13068.0,1991.0,Inactive,624000,2024-09-20T00:00:00.000Z,182,13.343907249914384
"3326-Robert-Trent-Jones-Dr,-Unit-401,-Orlando,-FL-32835","3326 Robert Trent Jones Dr, Unit 401, Orlando, FL 32835",3326 Robert Trent Jones Dr,Unit 401,Orlando,FL,32835,Orange,28.50653,-81.470442,condo,3.0,2.0,1247.0,16117.0,2006.0,Inactive,269000,2024-11-19T00:00:00.000Z,122,12.502470376049185
"7240-Westpointe-Blvd,-Apt-1115,-Orlando,-FL-32835","7240 Westpointe Blvd, Apt 1115, Orlando, FL 32835",7240 Westpointe Blvd,Apt 1115,Orlando,FL,32835,Orange,28.517178,-81.487184,condo,1.0,1.0,842.0,8756.0,1994.0,Inactive,179000,2025-01-09T00:00:00.000Z,71,12.095146671399466
"410-Hudson-St,-Orlando,-FL-32835","410 Hudson St, Orlando, FL 32835",410 Hudson St,,Orlando,FL,32835,Orange,28.535522,-81.461296,single_family,3.0,2.5,1818.0,10897.0,2015.0,Inactive,450000,2025-02-18T00:00:00.000Z,31,13.017005083966255
"6214-Stevenson-Dr,-Unit-103,-Orlando,-FL-32835","6214 Stevenson Dr, Unit 103, Orlando, FL 32835",6214 Stevenson Dr,Unit 103,Orlando,FL,32835,Orange,28.508604,-81.466102,condo,3.0,2.0,1206.0,15246.0,2002.0,Inactive,270000,2024-10-03T00:00:00.000Z,168,12.506180941677357
"7817-Satsuma-Ct,-Orlando,-FL-32835","7817 Satsuma Ct, Orlando, FL 32835",7817 Satsuma Ct,,Orlando,FL,32835,Orange,28.53562,-81.489985,single_family,3.0,2.0,1554.0,11761.0,1985.0,Inactive,359900,2024-09-04T00:00:00.000Z,196,12.79358427261286
"6100-Stevenson-Dr,-Unit-105,-Orlando,-FL-32835","6100 Stevenson Dr, Unit 105, Orlando, FL 32835",6100 Stevenson Dr,Unit 105,Orlando,FL,32835,Orange,28.508575,-81.464783,condo,3.0,2.0,1408.0,15246.0,2003.0,Inactive,252000,2025-01-27T00:00:00.000Z,51,12.437188334739655
"1065-S-Hiawassee-Rd,-Apt-1416,-Orlando,-FL-32835","1065 S Hiawassee Rd, Apt 1416, Orlando, FL 32835",1065 S Hiawassee Rd,Apt 1416,Orlando,FL,32835,Orange,28.52957,-81.471037,condo,1.0,1.0,673.0,8292.0,1989.0,Inactive,114999,2025-02-04T00:00:00.000Z,42,11.652687407345388
"1031-S-Hiawassee-Rd,-Apt-2524,-Orlando,-FL-32835","1031 S Hiawassee Rd, Apt 2524, Orlando, FL 32835",1031 S Hiawassee Rd,Apt 2524,Orlando,FL,32835,Orange,28.529272,-81.473066,condo,1.0,1.0,627.0,7361.0,1989.0,Inactive,112999,2025-02-04T00:00:00.000Z,42,11.635143097694478
"1049-S-Hiawassee-Rd,-Apt-3412,-Orlando,-FL-32835","1049 S Hiawassee Rd, Apt 3412, Orlando, FL 32835",1049 S Hiawassee Rd,Apt 3412,Orlando,FL,32835,Orange,28.529728,-81.473025,condo,2.0,2.0,829.0,7235.0,1989.0,Inactive,119999,2025-02-04T00:00:00.000Z,42,11.695247021764184
"6340-Raleigh-St,-Apt-1013,-Orlando,-FL-32835","6340 Raleigh St, Apt 1013, Orlando, FL 32835",6340 Raleigh St,Apt 1013,Orlando,FL,32835,Orange,28.526735,-81.469707,condo,2.0,2.0,1248.0,4453.0,1997.0,Inactive,239000,2025-02-26T00:00:00.000Z,20,12.384223015005313
"1367-Saddleridge-Dr,-Orlando,-FL-32835","1367 Saddleridge Dr, Orlando, FL 32835",1367 Saddleridge Dr,,Orlando,FL,32835,Orange,28.523934,-81.491751,single_family,3.0,2.0,1962.0,10019.0,1990.0,Inactive,538800,2025-03-11T00:00:00.000Z,7,13.197101579492868
"214-Lucile-Way,-Orlando,-FL-32835","214 Lucile Way, Orlando, FL 32835",214 Lucile Way,,Orlando,FL,32835,Orange,28.536775,-81.475129,single_family,4.0,2.0,1122.0,6052.0,1959.0,Inactive,279000,2025-03-14T00:00:00.000Z,4,12.53897064502647
"2532-Robert-Trent-Jones-Dr,-Apt-1512,-Orlando,-FL-32835","2532 Robert Trent Jones Dr, Apt 1512, Orlando, FL 32835",2532 Robert Trent Jones Dr,Apt 1512,Orlando,FL,32835,Orange,28.515755,-81.471688,condo,2.0,1.0,933.0,11326.0,1995.0,Inactive,185000,2024-08-26T00:00:00.000Z,201,12.128116509451258
"3356-Robert-Trent-Jones-Dr,-Unit-103,-Orlando,-FL-32835","3356 Robert Trent Jones Dr, Unit 103, Orlando, FL 32835",3356 Robert Trent Jones Dr,Unit 103,Orlando,FL,32835,Orange,28.505535,-81.472183,condo,3.0,2.0,2129.0,20909.0,2008.0,Inactive,334900,2024-05-01T00:00:00.000Z,317,12.721590244743798
"7135-Yacht-Basin-Ave,-Apt-228,-Orlando,-FL-32835","7135 Yacht Basin Ave, Apt 228, Orlando, FL 32835",7135 Yacht Basin Ave,Apt 228,Orlando,FL,32835,Orange,28.512783,-81.484826,condo,2.0,2.0,1050.0,16553.0,1997.0,Inactive,223999,2025-01-17T00:00:00.000Z,56,12.319401330837177
"8019-Langhurst-Ct,-Orlando,-FL-32835","8019 Langhurst Ct, Orlando, FL 32835",8019 Langhurst Ct,,Orlando,FL,32835,Orange,28.502798,-81.494633,single_family,4.0,4.0,3483.0,16988.0,1997.0,Inactive,1100000,2025-01-20T00:00:00.000Z,53,13.910821646859095
"7102-Harbor-Heights-Cir,-Orlando,-FL-32835","7102 Harbor Heights Cir, Orlando, FL 32835",7102 Harbor Heights Cir,,Orlando,FL,32835,Orange,28.538187,-81.477997,multi-family,3.0,2.0,1192.0,4895.0,1983.0,Inactive,276000,2025-03-03T00:00:00.000Z,11,12.52815976788113
"1306-Pleasantridge-Pl,-Orlando,-FL-32835","1306 Pleasantridge Pl, Orlando, FL 32835",1306 Pleasantridge Pl,,Orlando,FL,32835,Orange,28.525365,-81.493422,single_family,3.0,2.0,2045.0,15682.0,1993.0,Inactive,365000,2025-03-11T00:00:00.000Z,3,12.807655372286902
"7657-Mount-Carmel-Dr,-Orlando,-FL-32835","7657 Mount Carmel Dr, Orlando, FL 32835",7657 Mount Carmel Dr,,Orlando,FL,32835,Orange,28.521522,-81.496538,single_family,4.0,3.0,2458.0,8762.0,1994.0,Inactive,765000,2024-12-05T00:00:00.000Z,98,13.547632419997361
"4412-Conroy-Club-Dr,-Orlando,-FL-32835","4412 Conroy Club Dr, Orlando, FL 32835",4412 Conroy Club Dr,,Orlando,FL,32835,Orange,28.497587,-81.476432,single_family,4.0,3.0,2563.0,13939.0,2002.0,Inactive,899000,2025-02-27T00:00:00.000Z,14,13.70903942580019
"7507-Pacific-Heights-Cir,-Orlando,-FL-32835","7507 Pacific Heights Cir, Orlando, FL 32835",7507 Pacific Heights Cir,,Orlando,FL,32835,Orange,28.539768,-81.486191,single_family,3.0,2.0,1221.0,5500.0,1989.0,Inactive,338500,2025-03-07T00:00:00.000Z,5,12.732282325539853
"5968-Westgate-Dr,-Apt-202,-Orlando,-FL-32835","5968 Westgate Dr, Apt 202, Orlando, FL 32835",5968 Westgate Dr,Apt 202,Orlando,FL,32835,Orange,28.531186,-81.463524,condo,2.0,2.0,991.0,5936.0,1988.0,Inactive,185000,2024-11-15T00:00:00.000Z,116,12.128116509451258
"410-E-Hudson-St,-Orlando,-FL-32835","410 E Hudson St, Orlando, FL 32835",410 E Hudson St,,Orlando,FL,32835,Orange,28.535522,-81.461296,single_family,3.0,2.5,1818.0,10890.0,2015.0,Inactive,450000,2025-02-18T00:00:00.000Z,21,13.017005083966255
"6-N-Hudson-St,-Orlando,-FL-32835","6 N Hudson St, Orlando, FL 32835",6 N Hudson St,,Orlando,FL,32835,Orange,28.541626,-81.461673,manufactured,4.0,2.0,1288.0,6752.0,1973.0,Inactive,195000,2024-08-22T00:00:00.000Z,200,12.180759965737863
"6412-Raleigh-St,-Apt-2511,-Orlando,-FL-32835","6412 Raleigh St, Apt 2511, Orlando, FL 32835",6412 Raleigh St,Apt 2511,Orlando,FL,32835,Orange,28.5262,-81.468518,condo,1.0,1.0,991.0,4617.0,1997.0,Inactive,199900,2024-09-26T00:00:00.000Z,165,12.20557752297723
"6412-Queens-Borough-Ave,-Apt-205,-Orlando,-FL-32835","6412 Queens Borough Ave, Apt 205, Orlando, FL 32835",6412 Queens Borough Ave,Apt 205,Orlando,FL,32835,Orange,28.509746,-81.47139,condo,1.0,1.0,945.0,23087.0,2000.0,Inactive,179900,2024-09-30T00:00:00.000Z,161,12.100161978566867
"424-N-Powers-Dr,-Orlando,-FL-32835","424 N Powers Dr, Orlando, FL 32835",424 N Powers Dr,,Orlando,FL,32835,Orange,28.548005,-81.467874,single_family,3.0,1.0,1185.0,6566.0,1959.0,Inactive,265000,2025-03-06T00:00:00.000Z,4,12.487488878546145
"3368-Parkchester-Square-Blvd,-Apt-204,-Orlando,-FL-32835","3368 Parkchester Square Blvd, Apt 204, Orlando, FL 32835",3368 Parkchester Square Blvd,Apt 204,Orlando,FL,32835,Orange,28.508048,-81.47159,condo,2.0,2.0,1430.0,6122.0,2000.0,Inactive,196000,2024-09-05T00:00:00.000Z,185,12.185875040240456
"1330-Shelter-Rock-Rd,-Orlando,-FL-32835","1330 Shelter Rock Rd, Orlando, FL 32835",1330 Shelter Rock Rd,,Orlando,FL,32835,Orange,28.526932,-81.500322,single_family,5.0,4.0,3224.0,27878.0,1993.0,Inactive,749000,2025-02-25T00:00:00.000Z,11,13.52649559761195
"7839-Murcott-Cir,-Orlando,-FL-32835","7839 Murcott Cir, Orlando, FL 32835",7839 Murcott Cir,,Orlando,FL,32835,Orange,28.537582,-81.489697,single_family,3.0,2.0,1120.0,9201.0,1985.0,Inactive,319000,2025-02-27T00:00:00.000Z,9,12.672949516558306
"6336-Buford-St,-Apt-203,-Orlando,-FL-32835","6336 Buford St, Apt 203, Orlando, FL 32835",6336 Buford St,Apt 203,Orlando,FL,32835,Orange,28.505532,-81.467713,condo,3.0,2.5,2260.0,20473.0,2005.0,Inactive,429900,2024-12-03T00:00:00.000Z,94,12.971310228604022
"6142-Westgate-Dr,-Apt-104,-Orlando,-FL-32835","6142 Westgate Dr, Apt 104, Orlando, FL 32835",6142 Westgate Dr,Apt 104,Orlando,FL,32835,Orange,28.531003,-81.46586,condo,2.0,2.0,943.0,5936.0,1988.0,Inactive,195000,2024-12-09T00:00:00.000Z,88,12.180759965737863
"7860-Kensingham-Ct,-Orlando,-FL-32835","7860 Kensingham Ct, Orlando, FL 32835",7860 Kensingham Ct,,Orlando,FL,32835,Orange,28.546286,-81.492195,single_family,3.0,2.0,1374.0,10019.0,1990.0,Inactive,450000,2025-02-23T00:00:00.000Z,12,13.017005083966255
"6313-Chantry-St,---2,-Orlando,-FL-32835","6313 Chantry St, # 2, Orlando, FL 32835",6313 Chantry St,# 2,Orlando,FL,32835,Orange,28.544653,-81.468353,multi-family,4.0,4.0,1680.0,14810.0,1982.0,Inactive,469900,2025-01-17T00:00:00.000Z,48,13.060277313201007
"7344-Woodglen-Ct,-Orlando,-FL-32835","7344 Woodglen Ct, Orlando, FL 32835",7344 Woodglen Ct,,Orlando,FL,32835,Orange,28.495743,-81.482308,single_family,4.0,3.0,2547.0,21780.0,1980.0,Inactive,615000,2025-02-19T00:00:00.000Z,15,13.329379172803593
"2204-Kettle-Dr,-Orlando,-FL-32835","2204 Kettle Dr, Orlando, FL 32835",2204 Kettle Dr,,Orlando,FL,32835,Orange,28.517506,-81.496359,single_family,4.0,2.5,2892.0,13504.0,1990.0,Inactive,749000,2025-03-04T00:00:00.000Z,2,13.52649559761195
"1041-S-Hiawassee-Rd,-Apt-3012,-Orlando,-FL-32835","1041 S Hiawassee Rd, Apt 3012, Orlando, FL 32835",1041 S Hiawassee Rd,Apt 3012,Orlando,FL,32835,Orange,28.52991,-81.472313,condo,2.0,2.0,829.0,3781.0,1989.0,Inactive,175000,2024-11-18T00:00:00.000Z,107,12.07254696717504
"28-S-Hastings-St,-Orlando,-FL-32835","28 S Hastings St, Orlando, FL 32835",28 S Hastings St,,Orlando,FL,32835,Orange,28.54032,-81.459496,single_family,3.0,1.0,848.0,7142.0,1960.0,Inactive,225000,2025-01-29T00:00:00.000Z,35,12.323860125621126
"3356-Robert-Trent-Jones-Dr,---40706,-Orlando,-FL-32835","3356 Robert Trent Jones Dr, # 40706, Orlando, FL 32835",3356 Robert Trent Jones Dr,# 40706,Orlando,FL,32835,Orange,28.505545,-81.472183,condo,3.0,2.0,2129.0,20909.0,2008.0,Inactive,200000,2025-02-22T00:00:00.000Z,11,12.206077645517674
"89-Winter-Ridge-Cir,-Orlando,-FL-32835","89 Winter Ridge Cir, Orlando, FL 32835",89 Winter Ridge Cir,,Orlando,FL,32835,Orange,28.54048,-81.478124,single_family,3.0,2.0,1113.0,6978.0,1985.0,Inactive,285000,2025-02-25T00:00:00.000Z,8,12.560247968016562
"1212-S-Hiawassee-Rd,-Apt-514,-Orlando,-FL-32835","1212 S Hiawassee Rd, Apt 514, Orlando, FL 32835",1212 S Hiawassee Rd,Apt 514,Orlando,FL,32835,Orange,28.524296,-81.473187,condo,3.0,2.0,1408.0,15557.0,1998.0,Inactive,265000,2024-11-11T00:00:00.000Z,113,12.487488878546145
"2579-San-Tecla-St,-Unit-109,-Orlando,-FL-32835","2579 San Tecla St, Unit 109, Orlando, FL 32835",2579 San Tecla St,Unit 109,Orlando,FL,32835,Orange,28.51326,-81.468563,condo,3.0,2.0,1536.0,1021.0,2005.0,Inactive,290000,2025-01-09T00:00:00.000Z,54,12.577639650232573
"109-Grand-Junction-Blvd,-Orlando,-FL-32835","109 Grand Junction Blvd, Orlando, FL 32835",109 Grand Junction Blvd,,Orlando,FL,32835,Orange,28.542298,-81.471924,single_family,3.0,2.0,1239.0,6964.0,1987.0,Inactive,331900,2025-01-24T00:00:00.000Z,39,12.712592010659236
"3364-Westchester-Square-Blvd,-Apt-104,-Orlando,-FL-32835","3364 Westchester Square Blvd, Apt 104, Orlando, FL 32835",3364 Westchester Square Blvd,Apt 104,Orlando,FL,32835,Orange,28.507417,-81.473138,condo,2.0,2.0,1235.0,6122.0,2000.0,Inactive,235000,2025-02-11T00:00:00.000Z,21,12.367345048436391
"3280-Soho-St,-Apt-102,-Orlando,-FL-32835","3280 Soho St, Apt 102, Orlando, FL 32835",3280 Soho St,Apt 102,Orlando,FL,32835,Orange,28.508366,-81.475085,condo,2.0,2.0,1107.0,11761.0,2000.0,Inactive,199900,2024-11-14T00:00:00.000Z,109,12.20557752297723
"6100-Stevenson-Dr,-Unit-107,-Orlando,-FL-32835","6100 Stevenson Dr, Unit 107, Orlando, FL 32835",6100 Stevenson Dr,Unit 107,Orlando,FL,32835,Orange,28.508575,-81.464783,condo,2.0,2.0,1050.0,15246.0,2003.0,Inactive,240000,2024-05-10T00:00:00.000Z,296,12.388398368982115
"132-N-Hastings-St,-Orlando,-FL-32835","132 N Hastings St, Orlando, FL 32835",132 N Hastings St,,Orlando,FL,32835,Orange,28.54405,-81.459615,single_family,3.0,1.0,1196.0,13939.0,1955.0,Inactive,365000,2024-09-13T00:00:00.000Z,170,12.807655372286902
"2674-Robert-Trent-Jones-Dr,-Apt-321,-Orlando,-FL-32835","2674 Robert Trent Jones Dr, Apt 321, Orlando, FL 32835",2674 Robert Trent Jones Dr,Apt 321,Orlando,FL,32835,Orange,28.513331,-81.47124,condo,2.0,2.0,1014.0,9127.0,1995.0,Inactive,215000,2025-02-17T00:00:00.000Z,13,12.278397958261774
"2624-Robert-Trent-Jones-Dr,-Apt-616,-Orlando,-FL-32835","2624 Robert Trent Jones Dr, Apt 616, Orlando, FL 32835",2624 Robert Trent Jones Dr,Apt 616,Orlando,FL,32835,Orange,28.514935,-81.471635,condo,3.0,2.0,1295.0,11761.0,1995.0,Inactive,210000,2024-05-09T00:00:00.000Z,296,12.25486757159303
"6304-Raleigh-St,-Apt-204,-Orlando,-FL-32835","6304 Raleigh St, Apt 204, Orlando, FL 32835",6304 Raleigh St,Apt 204,Orlando,FL,32835,Orange,28.527386,-81.468256,condo,1.0,1.0,794.0,4835.0,1997.0,Inactive,169900,2024-09-05T00:00:00.000Z,177,12.042971193457888
"5831-W-Amelia-St,-Orlando,-FL-32835","5831 W Amelia St, Orlando, FL 32835",5831 W Amelia St,,Orlando,FL,32835,Orange,28.548874,-81.46058,multi-family,4.0,2.0,1325.0,8629.0,1980.0,Inactive,250000,2024-12-23T00:00:00.000Z,68,12.429220196836383
"5835-W-Amelia-St,-Orlando,-FL-32835","5835 W Amelia St, Orlando, FL 32835",5835 W Amelia St,,Orlando,FL,32835,Orange,28.54887,-81.460821,multi-family,4.0,2.0,1325.0,8090.0,1980.0,Inactive,245000,2024-12-23T00:00:00.000Z,68,12.409017571151187
"7779-Murcott-Cir,-Orlando,-FL-32835","7779 Murcott Cir, Orlando, FL 32835",7779 Murcott Cir,,Orlando,FL,32835,Orange,28.538942,-81.488529,single_family,2.0,2.0,1290.0,9202.0,1986.0,Inactive,379000,2025-01-29T00:00:00.000Z,31,12.84529412258351
"1017-S-Hiawassee-Rd,-Apt-3727,-Orlando,-FL-32835","1017 S Hiawassee Rd, Apt 3727, Orlando, FL 32835",1017 S Hiawassee Rd,Apt 3727,Orlando,FL,32835,Orange,28.529433,-81.474107,condo,2.0,2.0,934.0,7883.0,1989.0,Inactive,199900,2024-09-27T00:00:00.000Z,154,12.20557752297723
"3337-Soho-St,-Apt-204,-Orlando,-FL-32835","3337 Soho St, Apt 204, Orlando, FL 32835",3337 Soho St,Apt 204,Orlando,FL,32835,Orange,28.508008,-81.47404,condo,3.0,2.0,1435.0,5987.0,2000.0,Inactive,235900,2024-11-09T00:00:00.000Z,111,12.371167504471138
"8534-Lansmere-Ln,-Orlando,-FL-32835","8534 Lansmere Ln, Orlando, FL 32835",8534 Lansmere Ln,,Orlando,FL,32835,Orange,28.495077,-81.500732,single_family,5.0,4.5,4636.0,48787.0,2025.0,Inactive,1400000,2024-12-13T00:00:00.000Z,77,14.151983508870947
"6408-Raleigh-St,-Apt-2402,-Orlando,-FL-32835","6408 Raleigh St, Apt 2402, Orlando, FL 32835",6408 Raleigh St,Apt 2402,Orlando,FL,32835,Orange,28.525878,-81.468588,condo,2.0,2.0,1051.0,4627.0,1997.0,Inactive,188500,2025-02-10T00:00:00.000Z,18,12.146858590895919
"7147-Yacht-Basin-Ave,-Apt-119,-Orlando,-FL-32835","7147 Yacht Basin Ave, Apt 119, Orlando, FL 32835",7147 Yacht Basin Ave,Apt 119,Orlando,FL,32835,Orange,28.513266,-81.485008,condo,3.0,2.0,1206.0,16553.0,1997.0,Inactive,154900,2024-10-02T00:00:00.000Z,148,11.950541482162043
"2847-Metro-Sevilla-Dr,-Unit-105,-Orlando,-FL-32835","2847 Metro Sevilla Dr, Unit 105, Orlando, FL 32835",2847 Metro Sevilla Dr,Unit 105,Orlando,FL,32835,Orange,28.512299,-81.469173,condo,3.0,2.0,1857.0,1036.0,2005.0,Inactive,339000,2024-11-21T00:00:00.000Z,98,12.733758336210744
"984-Summer-Lakes-Dr,-Orlando,-FL-32835","984 Summer Lakes Dr, Orlando, FL 32835",984 Summer Lakes Dr,,Orlando,FL,32835,Orange,28.530906,-81.485481,single_family,4.0,2.5,2265.0,11326.0,1987.0,Inactive,799000,2025-01-10T00:00:00.000Z,48,13.591117476312084
"7244-Somersworth-Dr,-Orlando,-FL-32835","7244 Somersworth Dr, Orlando, FL 32835",7244 Somersworth Dr,,Orlando,FL,32835,Orange,28.511388,-81.490466,single_family,3.0,2.0,1676.0,6478.0,1990.0,Inactive,435000,2025-02-18T00:00:00.000Z,9,12.983103608918753
"3338-Robert-Trent-Jones-Dr,---10704,-Orlando,-FL-32835","3338 Robert Trent Jones Dr, # 10704, Orlando, FL 32835",3338 Robert Trent Jones Dr,# 10704,Orlando,FL,32835,Orange,28.505799,-81.471162,condo,2.0,2.0,1112.0,16117.0,2009.0,Inactive,197000,2024-08-04T00:00:00.000Z,206,12.190964083849375
"6142-Westgate-Dr,-Apt-101,-Orlando,-FL-32835","6142 Westgate Dr, Apt 101, Orlando, FL 32835",6142 Westgate Dr,Apt 101,Orlando,FL,32835,Orange,28.531003,-81.46586,condo,2.0,2.0,943.0,5936.0,1988.0,Inactive,185000,2024-11-11T00:00:00.000Z,106,12.128116509451258
"6451-Old-Park-Ln,-Unit-404,-Orlando,-FL-32835","6451 Old Park Ln, Unit 404, Orlando, FL 32835",6451 Old Park Ln,Unit 404,Orlando,FL,32835,Orange,28.514824,-81.468753,condo,3.0,2.0,1447.0,1916.0,2005.0,Inactive,253800,2025-01-18T00:00:00.000Z,38,12.444305774364985
"3151-Sinclair-St,-Unit-104,-Orlando,-FL-32835","3151 Sinclair St, Unit 104, Orlando, FL 32835",3151 Sinclair St,Unit 104,Orlando,FL,32835,Orange,28.509938,-81.466763,townhouse,3.0,2.5,1682.0,1023.0,2002.0,Inactive,325000,2024-12-03T00:00:00.000Z,83,12.691583538230217
"137-N-Nowell-St,-Orlando,-FL-32835","137 N Nowell St, Orlando, FL 32835",137 N Nowell St,,Orlando,FL,32835,Orange,28.544228,-81.463155,single_family,3.0,1.5,1167.0,11326.0,1982.0,Inactive,300000,2025-01-11T00:00:00.000Z,43,12.611541086966115
"12-Winter-Ridge-Cir,-Orlando,-FL-32835","12 Winter Ridge Cir, Orlando, FL 32835",12 Winter Ridge Cir,,Orlando,FL,32835,Orange,28.539727,-81.478298,multi-family,2.0,2.0,868.0,6708.0,1984.0,Inactive,275999,2025-02-08T00:00:00.000Z,15,12.528156144699286
"6413-Astor-Village-Ave,-Apt-209,-Orlando,-FL-32835","6413 Astor Village Ave, Apt 209, Orlando, FL 32835",6413 Astor Village Ave,Apt 209,Orlando,FL,32835,Orange,28.508923,-81.470715,condo,1.0,1.0,816.0,22651.0,2000.0,Inactive,166900,2024-08-26T00:00:00.000Z,179,12.02515610124372
"3368-Robert-Trent-Jones-Dr,-Unit-206,-Orlando,-FL-32835","3368 Robert Trent Jones Dr, Unit 206, Orlando, FL 32835",3368 Robert Trent Jones Dr,Unit 206,Orlando,FL,32835,Orange,28.505074,-81.470072,condo,3.0,2.0,1962.0,16117.0,2008.0,Inactive,388900,2024-11-21T00:00:00.000Z,92,12.871080091495637
"3396-Parkchester-Square-Blvd,-Apt-103,-Orlando,-FL-32835","3396 Parkchester Square Blvd, Apt 103, Orlando, FL 32835",3396 Parkchester Square Blvd,Apt 103,Orlando,FL,32835,Orange,28.507805,-81.471303,condo,1.0,1.0,866.0,5647.0,2000.0,Inactive,172000,2025-02-04T00:00:00.000Z,17,12.055255569732177
"3362-Greenwich-Village-Blvd,-Apt-103,-Orlando,-FL-32835","3362 Greenwich Village Blvd, Apt 103, Orlando, FL 32835",3362 Greenwich Village Blvd,Apt 103,Orlando,FL,32835,Orange,28.507613,-81.472267,condo,1.0,1.0,885.0,4877.0,2000.0,Inactive,164990,2024-10-12T00:00:00.000Z,131,12.013646205940514
"7063-Harbor-Point-Blvd,-Orlando,-FL-32835","7063 Harbor Point Blvd, Orlando, FL 32835",7063 Harbor Point Blvd,,Orlando,FL,32835,Orange,28.535458,-81.477683,single_family,3.0,2.0,1720.0,10019.0,1983.0,Inactive,342000,2024-12-12T00:00:00.000Z,70,12.742568940017076
"7133-Tallowtree-Ln,-Orlando,-FL-32835","7133 Tallowtree Ln, Orlando, FL 32835",7133 Tallowtree Ln,,Orlando,FL,32835,Orange,28.544623,-81.479003,single_family,4.0,3.0,2760.0,11326.0,1979.0,Inactive,240000,2025-02-11T00:00:00.000Z,9,12.388398368982115
"6148-Westgate-Dr,-Apt-301,-Orlando,-FL-32835","6148 Westgate Dr, Apt 301, Orlando, FL 32835",6148 Westgate Dr,Apt 301,Orlando,FL,32835,Orange,28.530583,-81.465877,condo,2.0,2.0,1422.0,5936.0,1988.0,Inactive,214900,2025-01-07T00:00:00.000Z,43,12.277932735946903
"1141-Edgewood-Ranch-Rd,-Orlando,-FL-32835","1141 Edgewood Ranch Rd, Orlando, FL 32835",1141 Edgewood Ranch Rd,,Orlando,FL,32835,Orange,28.528494,-81.486751,single_family,3.0,3.0,2558.0,20038.0,1983.0,Inactive,720000,2025-01-13T00:00:00.000Z,37,13.487007879880162
"4124-Winderlakes-Dr,-Orlando,-FL-32835","4124 Winderlakes Dr, Orlando, FL 32835",4124 Winderlakes Dr,,Orlando,FL,32835,Orange,28.501812,-81.491693,single_family,3.0,2.0,2135.0,20473.0,1983.0,Inactive,600000,2025-02-13T00:00:00.000Z,6,13.304686600863562
"6501-Abercrombie-Ct,-Orlando,-FL-32835","6501 Abercrombie Ct, Orlando, FL 32835",6501 Abercrombie Ct,,Orlando,FL,32835,Orange,28.532384,-81.473388,single_family,3.0,2.0,1545.0,8837.0,1989.0,Inactive,415000,2025-02-13T00:00:00.000Z,6,12.936036208848487
"6177-Metrowest-Blvd,-Unit-107,-Orlando,-FL-32835","6177 Metrowest Blvd, Unit 107, Orlando, FL 32835",6177 Metrowest Blvd,Unit 107,Orlando,FL,32835,Orange,28.517363,-81.466222,condo,2.0,2.0,1138.0,8919.0,2004.0,Inactive,229000,2024-12-06T00:00:00.000Z,73,12.34148164933907
"6450-Alcalde-Ct,-Unit-110,-Orlando,-FL-32835","6450 Alcalde Ct, Unit 110, Orlando, FL 32835",6450 Alcalde Ct,Unit 110,Orlando,FL,32835,Orange,28.513603,-81.470688,townhouse,3.0,2.0,1797.0,1165.0,2005.0,Inactive,319900,2025-01-16T00:00:00.000Z,31,12.675766851909591
"7808-Rollingridge-Ct,-Orlando,-FL-32835","7808 Rollingridge Ct, Orlando, FL 32835",7808 Rollingridge Ct,,Orlando,FL,32835,Orange,28.523134,-81.490107,single_family,3.0,2.0,1667.0,10019.0,1989.0,Inactive,450000,2025-01-23T00:00:00.000Z,24,13.017005083966255
"1212-S-Hiawassee-Rd,-Apt-526,-Orlando,-FL-32835","1212 S Hiawassee Rd, Apt 526, Orlando, FL 32835",1212 S Hiawassee Rd,Apt 526,Orlando,FL,32835,Orange,28.524296,-81.473187,condo,3.0,2.0,1408.0,15682.0,1998.0,Inactive,254990,2024-06-14T00:00:00.000Z,246,12.448983529400063
"6224-W-Amelia-St,-Orlando,-FL-32835","6224 W Amelia St, Orlando, FL 32835",6224 W Amelia St,,Orlando,FL,32835,Orange,28.548287,-81.467187,single_family,3.0,2.0,1614.0,6498.0,1962.0,Inactive,300000,2024-11-02T00:00:00.000Z,105,12.611541086966115
"7914-Goldleaf-St,-Orlando,-FL-32835","7914 Goldleaf St, Orlando, FL 32835",7914 Goldleaf St,,Orlando,FL,32835,Orange,28.532028,-81.493651,single_family,3.0,2.0,1269.0,9914.0,1986.0,Inactive,379900,2024-11-12T00:00:00.000Z,95,12.847665971443902
"1224-S-Hiawassee-Rd,-Apt-612,-Orlando,-FL-32835","1224 S Hiawassee Rd, Apt 612, Orlando, FL 32835",1224 S Hiawassee Rd,Apt 612,Orlando,FL,32835,Orange,28.523547,-81.473035,condo,3.0,2.0,1206.0,15682.0,1998.0,Inactive,225000,2024-12-11T00:00:00.000Z,66,12.323860125621126
"7613-Debeaubien-Dr,-Orlando,-FL-32835","7613 Debeaubien Dr, Orlando, FL 32835",7613 Debeaubien Dr,,Orlando,FL,32835,Orange,28.518558,-81.49552,single_family,4.0,4.0,3508.0,14810.0,1997.0,Inactive,879000,2025-02-09T00:00:00.000Z,5,13.686541314323094
"1049-S-Hiawassee-Rd,-Apt-3414,-Orlando,-FL-32835","1049 S Hiawassee Rd, Apt 3414, Orlando, FL 32835",1049 S Hiawassee Rd,Apt 3414,Orlando,FL,32835,Orange,28.529728,-81.473025,condo,1.0,1.0,627.0,7235.0,1989.0,Inactive,135500,2024-10-26T00:00:00.000Z,110,11.816734299348461
"6443-Axeitos-Ter,-Unit-105,-Orlando,-FL-32835","6443 Axeitos Ter, Unit 105, Orlando, FL 32835",6443 Axeitos Ter,Unit 105,Orlando,FL,32835,Orange,28.513235,-81.47041,townhouse,3.0,2.0,1857.0,1035.0,2005.0,Inactive,339000,2025-02-06T00:00:00.000Z,7,12.733758336210744
"6413-Astor-Village-Ave,-Apt-216,-Orlando,-FL-32835","6413 Astor Village Ave, Apt 216, Orlando, FL 32835",6413 Astor Village Ave,Apt 216,Orlando,FL,32835,Orange,28.508923,-81.470715,condo,3.0,2.0,1278.0,22651.0,2000.0,Inactive,200000,2024-10-02T00:00:00.000Z,133,12.206077645517674
"1063-S-Hiawassee-Rd,-Apt-1616,-Orlando,-FL-32835","1063 S Hiawassee Rd, Apt 1616, Orlando, FL 32835",1063 S Hiawassee Rd,Apt 1616,Orlando,FL,32835,Orange,28.529251,-81.471498,condo,1.0,1.0,627.0,6827.0,1989.0,Inactive,137000,2024-12-13T00:00:00.000Z,61,11.827743504053695
"8620-Willow-Kane-Ct,-Orlando,-FL-32835","8620 Willow Kane Ct, Orlando, FL 32835",8620 Willow Kane Ct,,Orlando,FL,32835,Orange,28.499741,-81.503087,single_family,4.0,3.0,3146.0,24394.0,1987.0,Inactive,990000,2025-02-08T00:00:00.000Z,4,13.805461232211272
"7614-Saint-Stephens-Ct,-Orlando,-FL-32835","7614 Saint Stephens Ct, Orlando, FL 32835",7614 Saint Stephens Ct,,Orlando,FL,32835,Orange,28.512483,-81.492344,single_family,5.0,4.0,3891.0,14375.0,2004.0,Inactive,895000,2024-11-19T00:00:00.000Z,84,13.704580114574805
"1984-Westpointe-Cir,-Orlando,-FL-32835","1984 Westpointe Cir, Orlando, FL 32835",1984 Westpointe Cir,,Orlando,FL,32835,Orange,28.521647,-81.503817,single_family,3.0,2.0,1696.0,5617.0,1994.0,Inactive,450000,2024-12-17T00:00:00.000Z,56,13.017005083966255
"6029-Westgate-Dr,-Apt-714,-Orlando,-FL-32835","6029 Westgate Dr, Apt 714, Orlando, FL 32835",6029 Westgate Dr,Apt 714,Orlando,FL,32835,Orange,28.533833,-81.465412,condo,1.0,1.0,713.0,8369.0,1999.0,Inactive,159800,2024-12-27T00:00:00.000Z,46,11.98168457011701
"7733-Belvoir-Dr,-Orlando,-FL-32835","7733 Belvoir Dr, Orlando, FL 32835",7733 Belvoir Dr,,Orlando,FL,32835,Orange,28.522166,-81.499291,single_family,5.0,3.0,2852.0,8240.0,1995.0,Inactive,776000,2025-02-02T00:00:00.000Z,9,13.561909087824318
"7220-Westpointe-Blvd,-Apt-1414,-Orlando,-FL-32835","7220 Westpointe Blvd, Apt 1414, Orlando, FL 32835",7220 Westpointe Blvd,Apt 1414,Orlando,FL,32835,Orange,28.516182,-81.486927,condo,2.0,1.0,1021.0,8756.0,1994.0,Inactive,179900,2024-06-29T00:00:00.000Z,226,12.100161978566867
"138-Lake-Dr,-Orlando,-FL-32835","138 Lake Dr, Orlando, FL 32835",138 Lake Dr,,Orlando,FL,32835,Orange,28.541874,-81.498372,single_family,4.0,2.0,1248.0,7625.0,1983.0,Inactive,359000,2024-10-25T00:00:00.000Z,107,12.791080452981857
"3344-Corona-Village-Way,-Apt-203,-Orlando,-FL-32835","3344 Corona Village Way, Apt 203, Orlando, FL 32835",3344 Corona Village Way,Apt 203,Orlando,FL,32835,Orange,28.507911,-81.475448,condo,1.0,1.0,945.0,11834.0,2000.0,Inactive,159900,2024-11-07T00:00:00.000Z,94,11.982310152711182
"5953-Westgate-Dr,-Apt-1823,-Orlando,-FL-32835","5953 Westgate Dr, Apt 1823, Orlando, FL 32835",5953 Westgate Dr,Apt 1823,Orlando,FL,32835,Orange,28.532434,-81.46383,condo,3.0,2.0,1308.0,435.0,1999.0,Inactive,225000,2024-12-11T00:00:00.000Z,60,12.323860125621126
"6541-Fairway-Hill-Ct,-Orlando,-FL-32835","6541 Fairway Hill Ct, Orlando, FL 32835",6541 Fairway Hill Ct,,Orlando,FL,32835,Orange,28.527897,-81.476767,single_family,4.0,2.0,2408.0,12197.0,1989.0,Inactive,575000,2025-01-21T00:00:00.000Z,19,13.26212705890841
"6376-Raleigh-St,-Apt-2001,-Orlando,-FL-32835","6376 Raleigh St, Apt 2001, Orlando, FL 32835",6376 Raleigh St,Apt 2001,Orlando,FL,32835,Orange,28.525018,-81.46869,condo,1.0,1.0,794.0,4534.0,1997.0,Inactive,160000,2025-01-19T00:00:00.000Z,20,11.982935344196433
"8024-Lesia-Cir,-Orlando,-FL-32835","8024 Lesia Cir, Orlando, FL 32835",8024 Lesia Cir,,Orlando,FL,32835,Orange,28.538886,-81.49411,single_family,3.0,2.0,1200.0,10019.0,1989.0,Inactive,349998,2025-01-31T00:00:00.000Z,8,12.765685576318658
"2808-Ripton-Ct,-Orlando,-FL-32835","2808 Ripton Ct, Orlando, FL 32835",2808 Ripton Ct,,Orlando,FL,32835,Orange,28.512434,-81.490182,single_family,3.0,2.0,1898.0,10890.0,1990.0,Inactive,501250,2024-06-13T00:00:00.000Z,239,13.124862252613395
"7699-Milano-Dr,-Orlando,-FL-32835","7699 Milano Dr, Orlando, FL 32835",7699 Milano Dr,,Orlando,FL,32835,Orange,28.520898,-81.497337,single_family,4.0,3.5,2667.0,9923.0,1994.0,Inactive,675000,2024-08-09T00:00:00.000Z,182,13.42246945133505
"202-Alston-Dr,-Orlando,-FL-32835","202 Alston Dr, Orlando, FL 32835",202 Alston Dr,,Orlando,FL,32835,Orange,28.544571,-81.483417,single_family,3.0,2.5,1931.0,8137.0,1987.0,Inactive,310000,2024-11-02T00:00:00.000Z,97,12.644330802262578
"6118-Westgate-Dr,-Apt-101,-Orlando,-FL-32835","6118 Westgate Dr, Apt 101, Orlando, FL 32835",6118 Westgate Dr,Apt 101,Orlando,FL,32835,Orange,28.531755,-81.466497,condo,2.0,1.0,864.0,5163.0,1988.0,Inactive,175000,2025-01-28T00:00:00.000Z,10,12.07254696717504
"3391-Parkchester-Square-Blvd,-Apt-201,-Orlando,-FL-32835","3391 Parkchester Square Blvd, Apt 201, Orlando, FL 32835",3391 Parkchester Square Blvd,Apt 201,Orlando,FL,32835,Orange,28.508158,-81.471029,condo,1.0,1.0,930.0,5310.0,2000.0,Inactive,189900,2024-08-08T00:00:00.000Z,182,12.15425816271595
"6659-Crenshaw-Dr,-Orlando,-FL-32835","6659 Crenshaw Dr, Orlando, FL 32835",6659 Crenshaw Dr,,Orlando,FL,32835,Orange,28.523877,-81.477375,single_family,5.0,4.0,3574.0,18295.0,1989.0,Inactive,745000,2024-09-20T00:00:00.000Z,139,13.521140839642674
"5968-Westgate-Dr,-Apt-102,-Orlando,-FL-32835","5968 Westgate Dr, Apt 102, Orlando, FL 32835",5968 Westgate Dr,Apt 102,Orlando,FL,32835,Orange,28.531186,-81.463524,condo,2.0,2.0,991.0,5936.0,1988.0,Inactive,193000,2024-10-31T00:00:00.000Z,98,12.170450649220749
"6163-Froggatt-St,-Orlando,-FL-32835","6163 Froggatt St, Orlando, FL 32835",6163 Froggatt St,,Orlando,FL,32835,Orange,28.506551,-81.466801,single_family,3.0,2.0,2039.0,5746.0,2004.0,Inactive,455000,2024-12-27T00:00:00.000Z,41,13.02805489573287
"122-Baywest-Dr,-Orlando,-FL-32835","122 Baywest Dr, Orlando, FL 32835",122 Baywest Dr,,Orlando,FL,32835,Orange,28.541506,-81.4964,single_family,4.0,2.0,1601.0,15682.0,1986.0,Inactive,399900,2025-01-30T00:00:00.000Z,7,12.89897229545694
"4547-Winderwood-Cir,-Orlando,-FL-32835","4547 Winderwood Cir, Orlando, FL 32835",4547 Winderwood Cir,,Orlando,FL,32835,Orange,28.494587,-81.491749,single_family,4.0,3.0,2440.0,11326.0,1987.0,Inactive,725000,2024-11-25T00:00:00.000Z,72,13.493928313146206
"7210-Alston-Ct,-Orlando,-FL-32835","7210 Alston Ct, Orlando, FL 32835",7210 Alston Ct,,Orlando,FL,32835,Orange,28.546647,-81.482024,multi-family,3.0,2.5,1295.0,10454.0,1987.0,Inactive,330000,2024-12-05T00:00:00.000Z,62,12.706850963741102
"2408-Lielasus-Dr,-Orlando,-FL-32835","2408 Lielasus Dr, Orlando, FL 32835",2408 Lielasus Dr,,Orlando,FL,32835,Orange,28.515866,-81.498314,single_family,4.0,2.5,2590.0,13939.0,1990.0,Inactive,659000,2024-07-04T00:00:00.000Z,215,13.398480330934175
"3468-Soho-St,-Apt-B02,-Orlando,-FL-32835","3468 Soho St, Apt B02, Orlando, FL 32835",3468 Soho St,Apt B02,Orlando,FL,32835,Orange,28.5064,-81.472882,condo,2.0,2.0,1107.0,11761.0,2000.0,Inactive,169926,2024-09-02T00:00:00.000Z,155,12.04312421204406
"6593-Queens-Borough-Ave,-Apt-103,-Orlando,-FL-32835","6593 Queens Borough Ave, Apt 103, Orlando, FL 32835",6593 Queens Borough Ave,Apt 103,Orlando,FL,32835,Orange,28.509252,-81.473085,condo,1.0,1.0,885.0,6244.0,2000.0,Inactive,154900,2024-09-20T00:00:00.000Z,137,11.950541482162043
"309-N-Normandale-Ave,-Orlando,-FL-32835","309 N Normandale Ave, Orlando, FL 32835",309 N Normandale Ave,,Orlando,FL,32835,Orange,28.546531,-81.460065,single_family,4.0,2.0,2240.0,6997.0,1960.0,Inactive,320000,2024-10-07T00:00:00.000Z,120,12.676079399771027
"306-Snowshoe-Ct,-Orlando,-FL-32835","306 Snowshoe Ct, Orlando, FL 32835",306 Snowshoe Ct,,Orlando,FL,32835,Orange,28.544798,-81.493176,single_family,5.0,3.0,2920.0,8541.0,1997.0,Inactive,460000,2024-05-31T00:00:00.000Z,247,13.038983942375959
"6088-Westgate-Dr,-Apt-104,-Orlando,-FL-32835","6088 Westgate Dr, Apt 104, Orlando, FL 32835",6088 Westgate Dr,Apt 104,Orlando,FL,32835,Orange,28.532112,-81.466103,condo,2.0,1.0,864.0,4445.0,1988.0,Inactive,173900,2025-01-09T00:00:00.000Z,23,12.066241450757124
"504-N-Normandale-Ave,-Orlando,-FL-32835","504 N Normandale Ave, Orlando, FL 32835",504 N Normandale Ave,,Orlando,FL,32835,Orange,28.549227,-81.460676,single_family,3.0,1.5,1100.0,6991.0,1985.0,Inactive,286700,2024-10-03T00:00:00.000Z,120,12.566195139831894
"38-S-Normandale-Ave,-Orlando,-FL-32835","38 S Normandale Ave, Orlando, FL 32835",38 S Normandale Ave,,Orlando,FL,32835,Orange,28.540258,-81.460634,single_family,3.0,2.0,1120.0,7003.0,1955.0,Inactive,284900,2024-09-04T00:00:00.000Z,148,12.55989703048335
"1083-S-Hiawassee-Rd,-Apt-622,-Orlando,-FL-32835","1083 S Hiawassee Rd, Apt 622, Orlando, FL 32835",1083 S Hiawassee Rd,Apt 622,Orlando,FL,32835,Orange,28.528185,-81.472109,condo,2.0,2.0,934.0,8347.0,1989.0,Inactive,195000,2024-09-14T00:00:00.000Z,138,12.180759965737863
"7975-Horse-Ferry-Rd,-Orlando,-FL-32835","7975 Horse Ferry Rd, Orlando, FL 32835",7975 Horse Ferry Rd,,Orlando,FL,32835,Orange,28.505238,-81.502524,single_family,5.0,4.0,3640.0,10890.0,2001.0,Inactive,874500,2024-10-04T00:00:00.000Z,118,13.681408716950717
"937-Almond-Tree-Cir,-Orlando,-FL-32835","937 Almond Tree Cir, Orlando, FL 32835",937 Almond Tree Cir,,Orlando,FL,32835,Orange,28.527438,-81.508483,single_family,3.0,2.0,2064.0,13939.0,1989.0,Inactive,518000,2024-10-16T00:00:00.000Z,106,13.157732451741687
"3344-Corona-Village-Way,-Apt-307,-Orlando,-FL-32835","3344 Corona Village Way, Apt 307, Orlando, FL 32835",3344 Corona Village Way,Apt 307,Orlando,FL,32835,Orange,28.507911,-81.475448,condo,2.0,2.0,1107.0,11761.0,2000.0,Inactive,185000,2025-01-03T00:00:00.000Z,27,12.128116509451258
"1100-Summer-Lakes-Dr,-Orlando,-FL-32835","1100 Summer Lakes Dr, Orlando, FL 32835",1100 Summer Lakes Dr,,Orlando,FL,32835,Orange,28.536316,-81.485772,single_family,3.0,2.0,1567.0,10890.0,1989.0,Inactive,465000,2024-09-05T00:00:00.000Z,146,13.049794835104816
"3534-King-George-Dr,-Orlando,-FL-32835","3534 King George Dr, Orlando, FL 32835",3534 King George Dr,,Orlando,FL,32835,Orange,28.503163,-81.50649,single_family,4.0,4.0,3958.0,16988.0,2003.0,Inactive,1495000,2024-07-08T00:00:00.000Z,204,14.217637433703022
"6558-Grosvenor-Ln,-Orlando,-FL-32835","6558 Grosvenor Ln, Orlando, FL 32835",6558 Grosvenor Ln,,Orlando,FL,32835,Orange,28.533311,-81.474107,single_family,3.0,2.0,1551.0,7552.0,1988.0,Inactive,359000,2024-12-12T00:00:00.000Z,47,12.791080452981857
"1103-Lake-Legro-Ct,-Orlando,-FL-32835","1103 Lake Legro Ct, Orlando, FL 32835",1103 Lake Legro Ct,,Orlando,FL,32835,Orange,28.526131,-81.503312,single_family,3.0,2.0,1780.0,11326.0,1993.0,Inactive,545000,2024-08-28T00:00:00.000Z,148,13.208542908506082
"2624-Robert-Trent-Jones-Dr,-Apt-624,-Orlando,-FL-32835","2624 Robert Trent Jones Dr, Apt 624, Orlando, FL 32835",2624 Robert Trent Jones Dr,Apt 624,Orlando,FL,32835,Orange,28.514935,-81.471635,condo,2.0,1.0,933.0,11761.0,1995.0,Inactive,175000,2023-12-19T00:00:00.000Z,400,12.07254696717504
"2668-Robert-Trent-Jones-Dr,-Apt-420,-Orlando,-FL-32835","2668 Robert Trent Jones Dr, Apt 420, Orlando, FL 32835",2668 Robert Trent Jones Dr,Apt 420,Orlando,FL,32835,Orange,28.51356,-81.471699,condo,2.0,2.0,1150.0,11326.0,1995.0,Inactive,199500,2024-05-16T00:00:00.000Z,250,12.20357452783082
"817-Rosemere-Cir,-Orlando,-FL-32835","817 Rosemere Cir, Orlando, FL 32835",817 Rosemere Cir,,Orlando,FL,32835,Orange,28.533477,-81.506895,single_family,4.0,2.0,1839.0,10890.0,1987.0,Inactive,589000,2024-08-05T00:00:00.000Z,169,13.286183160425152
"6153-Metrowest-Blvd,-Unit-102,-Orlando,-FL-32835","6153 Metrowest Blvd, Unit 102, Orlando, FL 32835",6153 Metrowest Blvd,Unit 102,Orlando,FL,32835,Orange,28.515707,-81.46557,condo,3.0,2.0,1369.0,10454.0,2004.0,Inactive,249000,2024-10-21T00:00:00.000Z,92,12.425212191503038
"22-S-Observatory-Dr,-Orlando,-FL-32835","22 S Observatory Dr, Orlando, FL 32835",22 S Observatory Dr,,Orlando,FL,32835,Orange,28.54051,-81.46841,single_family,1.0,1.0,815.0,13939.0,1962.0,Inactive,100000,2025-01-16T00:00:00.000Z,4,11.51293546492023
"3364-Westchester-Square-Blvd,-Apt-103,-Orlando,-FL-32835","3364 Westchester Square Blvd, Apt 103, Orlando, FL 32835",3364 Westchester Square Blvd,Apt 103,Orlando,FL,32835,Orange,28.507417,-81.473138,condo,2.0,2.0,1160.0,6122.0,2000.0,Inactive,235000,2024-11-21T00:00:00.000Z,59,12.367345048436391
"6131-Metrowest-Blvd,-Unit-117,-Orlando,-FL-32835","6131 Metrowest Blvd, Unit 117, Orlando, FL 32835",6131 Metrowest Blvd,Unit 117,Orlando,FL,32835,Orange,28.517146,-81.464385,townhouse,1.0,1.0,1100.0,415.0,2004.0,Inactive,199990,2024-12-14T00:00:00.000Z,36,12.206027644517643
"8231-Lynch-Dr,-Orlando,-FL-32835","8231 Lynch Dr, Orlando, FL 32835",8231 Lynch Dr,,Orlando,FL,32835,Orange,28.505293,-81.506488,single_family,4.0,3.0,2772.0,11326.0,2003.0,Inactive,809000,2025-01-16T00:00:00.000Z,3,13.603555432133808
"3324-Parkchester-Square-Blvd,-Apt-103,-Orlando,-FL-32835","3324 Parkchester Square Blvd, Apt 103, Orlando, FL 32835",3324 Parkchester Square Blvd,Apt 103,Orlando,FL,32835,Orange,28.508325,-81.471811,condo,2.0,2.0,1160.0,6122.0,2000.0,Inactive,220000,2024-12-18T00:00:00.000Z,31,12.301387370778713
"6392-Raleigh-St,-Apt-2804,-Orlando,-FL-32835","6392 Raleigh St, Apt 2804, Orlando, FL 32835",6392 Raleigh St,Apt 2804,Orlando,FL,32835,Orange,28.525202,-81.467629,condo,1.0,1.0,794.0,4536.0,1997.0,Inactive,159000,2025-01-02T00:00:00.000Z,16,11.976665770490767
"6451-Old-Park-Ln,-Unit-102,-Orlando,-FL-32835","6451 Old Park Ln, Unit 102, Orlando, FL 32835",6451 Old Park Ln,Unit 102,Orlando,FL,32835,Orange,28.51492,-81.468841,condo,2.0,2.0,1112.0,1095.0,2005.0,Inactive,239000,2024-04-02T00:00:00.000Z,290,12.384223015005313
"1208-Palm-Cove-Dr,-Orlando,-FL-32835","1208 Palm Cove Dr, Orlando, FL 32835",1208 Palm Cove Dr,,Orlando,FL,32835,Orange,28.523782,-81.502971,single_family,4.0,3.0,2352.0,21780.0,1992.0,Inactive,665000,2024-11-08T00:00:00.000Z,70,13.407543823396258
"6104-Twain-St,-Unit-103,-Orlando,-FL-32835","6104 Twain St, Unit 103, Orlando, FL 32835",6104 Twain St,Unit 103,Orlando,FL,32835,Orange,28.509554,-81.46507,townhouse,2.0,2.5,1546.0,1033.0,2003.0,Inactive,299900,2024-11-21T00:00:00.000Z,56,12.611207699176356
"2576-San-Tecla-St,-Unit-109,-Orlando,-FL-32835","2576 San Tecla St, Unit 109, Orlando, FL 32835",2576 San Tecla St,Unit 109,Orlando,FL,32835,Orange,28.513468,-81.468945,condo,2.0,2.0,1536.0,1027.0,2005.0,Inactive,279000,2024-10-29T00:00:00.000Z,78,12.53897064502647
"1073-S-Hiawassee-Rd,-Apt-1012,-Orlando,-FL-32835","1073 S Hiawassee Rd, Apt 1012, Orlando, FL 32835",1073 S Hiawassee Rd,Apt 1012,Orlando,FL,32835,Orange,28.52886,-81.471522,condo,2.0,2.0,829.0,7034.0,1989.0,Inactive,194500,2024-06-29T00:00:00.000Z,199,12.178192583415596
"6624-Time-Square-Ave,-Apt-105,-Orlando,-FL-32835","6624 Time Square Ave, Apt 105, Orlando, FL 32835",6624 Time Square Ave,Apt 105,Orlando,FL,32835,Orange,28.508143,-81.472672,condo,3.0,2.5,1634.0,3674.0,2000.0,Inactive,264999,2024-08-15T00:00:00.000Z,152,12.487485104968359
"1085-S-Hiawassee-Rd,-Apt-522,-Orlando,-FL-32835","1085 S Hiawassee Rd, Apt 522, Orlando, FL 32835",1085 S Hiawassee Rd,Apt 522,Orlando,FL,32835,Orange,28.5278,-81.472368,condo,2.0,2.0,836.0,3925.0,1989.0,Inactive,179000,2024-10-14T00:00:00.000Z,92,12.095146671399466
"2674-Robert-Trent-Jones-Dr,-Apt-330,-Orlando,-FL-32835","2674 Robert Trent Jones Dr, Apt 330, Orlando, FL 32835",2674 Robert Trent Jones Dr,Apt 330,Orlando,FL,32835,Orange,28.513331,-81.47124,condo,2.0,2.0,1014.0,848.0,1995.0,Inactive,215000,2024-11-11T00:00:00.000Z,64,12.278397958261774
"4460-Willow-Cove-Ct,-Orlando,-FL-32835","4460 Willow Cove Ct, Orlando, FL 32835",4460 Willow Cove Ct,,Orlando,FL,32835,Orange,28.497619,-81.49892,single_family,4.0,2.0,2204.0,24394.0,1987.0,Inactive,575000,2024-07-07T00:00:00.000Z,190,13.26212705890841
"7989-Saint-Andrews-Cir,-Orlando,-FL-32835","7989 Saint Andrews Cir, Orlando, FL 32835",7989 Saint Andrews Cir,,Orlando,FL,32835,Orange,28.519682,-81.503803,single_family,4.0,2.5,3135.0,9554.0,1996.0,Inactive,700000,2024-10-02T00:00:00.000Z,101,13.45883704259595
"3049-Barrymore-Ct,-Orlando,-FL-32835","3049 Barrymore Ct, Orlando, FL 32835",3049 Barrymore Ct,,Orlando,FL,32835,Orange,28.508558,-81.489787,single_family,3.0,2.0,1465.0,11326.0,1989.0,Inactive,432999,2024-12-12T00:00:00.000Z,30,12.978493006984626
"3428-Soho-St,-Apt-205,-Orlando,-FL-32835","3428 Soho St, Apt 205, Orlando, FL 32835",3428 Soho St,Apt 205,Orlando,FL,32835,Orange,28.507157,-81.473957,condo,2.0,2.0,1233.0,12197.0,2000.0,Inactive,209000,2024-10-04T00:00:00.000Z,98,12.250094315624496
"3383-Westchester-Square-Blvd,-Apt-103,-Orlando,-FL-32835","3383 Westchester Square Blvd, Apt 103, Orlando, FL 32835",3383 Westchester Square Blvd,Apt 103,Orlando,FL,32835,Orange,28.507432,-81.472533,condo,1.0,1.0,885.0,5637.0,2000.0,Inactive,168000,2024-07-20T00:00:00.000Z,173,12.031725210748633
"136-N-Hastings-St,-Orlando,-FL-32835","136 N Hastings St, Orlando, FL 32835",136 N Hastings St,,Orlando,FL,32835,Orange,28.544325,-81.459616,single_family,3.0,2.0,1220.0,13939.0,1983.0,Inactive,317500,2024-09-16T00:00:00.000Z,114,12.668236246916223
"6563-Chantry-St,-Orlando,-FL-32835","6563 Chantry St, Orlando, FL 32835",6563 Chantry St,,Orlando,FL,32835,Orange,28.544634,-81.473866,single_family,2.0,2.0,1053.0,7768.0,1988.0,Inactive,339000,2024-09-06T00:00:00.000Z,123,12.733758336210744
"2598-Robert-Trent-Jones-Dr,-Apt-1012,-Orlando,-FL-32835","2598 Robert Trent Jones Dr, Apt 1012, Orlando, FL 32835",2598 Robert Trent Jones Dr,Apt 1012,Orlando,FL,32835,Orange,28.514212,-81.472753,condo,1.0,1.0,854.0,8756.0,1995.0,Inactive,165900,2024-09-29T00:00:00.000Z,100,12.019146503887916
"6401-Haughton-Ln,-Orlando,-FL-32835","6401 Haughton Ln, Orlando, FL 32835",6401 Haughton Ln,,Orlando,FL,32835,Orange,28.533392,-81.470801,single_family,4.0,2.0,2000.0,8495.0,1989.0,Inactive,355000,2025-01-02T00:00:00.000Z,5,12.779875885354993
"7147-Yacht-Basin-Ave,-Apt-134,-Orlando,-FL-32835","7147 Yacht Basin Ave, Apt 134, Orlando, FL 32835",7147 Yacht Basin Ave,Apt 134,Orlando,FL,32835,Orange,28.513266,-81.485008,condo,3.0,2.0,1408.0,16553.0,1997.0,Inactive,243999,2024-08-24T00:00:00.000Z,134,12.404923504275338
"430-N-Hastings-St,-Orlando,-FL-32835","430 N Hastings St, Orlando, FL 32835",430 N Hastings St,,Orlando,FL,32835,Orange,28.547706,-81.459638,single_family,3.0,2.0,1416.0,6994.0,1986.0,Inactive,218000,2024-11-08T00:00:00.000Z,58,12.292254928916668
"6434-Cava-Alta-Dr,-Unit-206,-Orlando,-FL-32835","6434 Cava Alta Dr, Unit 206, Orlando, FL 32835",6434 Cava Alta Dr,Unit 206,Orlando,FL,32835,Orange,28.515555,-81.46888,condo,3.0,2.0,1247.0,1259.0,2005.0,Inactive,269000,2024-10-13T00:00:00.000Z,82,12.502470376049185
"3338-Robert-Trent-Jones-Dr,---40804,-Orlando,-FL-32835","3338 Robert Trent Jones Dr, # 40804, Orlando, FL 32835",3338 Robert Trent Jones Dr,# 40804,Orlando,FL,32835,Orange,28.505799,-81.471162,condo,3.0,2.0,1247.0,16117.0,2009.0,Inactive,259900,2024-11-10T00:00:00.000Z,53,12.468056068255885
"1081-S-Hiawassee-Rd,-Apt-726,-Orlando,-FL-32835","1081 S Hiawassee Rd, Apt 726, Orlando, FL 32835",1081 S Hiawassee Rd,Apt 726,Orlando,FL,32835,Orange,28.528025,-81.471523,condo,1.0,1.0,627.0,8756.0,1989.0,Inactive,149900,2024-05-06T00:00:00.000Z,240,11.917730355182513
"7015-Ardis-St,-Orlando,-FL-32835","7015 Ardis St, Orlando, FL 32835",7015 Ardis St,,Orlando,FL,32835,Orange,28.531388,-81.476591,single_family,4.0,3.0,2800.0,19166.0,1980.0,Inactive,699000,2024-05-25T00:00:00.000Z,221,13.457407451830088
"6466-Cava-Alta-Dr,-Unit-301,-Orlando,-FL-32835","6466 Cava Alta Dr, Unit 301, Orlando, FL 32835",6466 Cava Alta Dr,Unit 301,Orlando,FL,32835,Orange,28.515264,-81.469257,condo,3.0,2.0,1247.0,1280.0,2005.0,Inactive,320000,2024-06-30T00:00:00.000Z,185,12.676079399771027
"3391-Parkchester-Square-Blvd,-Apt-202,-Orlando,-FL-32835","3391 Parkchester Square Blvd, Apt 202, Orlando, FL 32835",3391 Parkchester Square Blvd,Apt 202,Orlando,FL,32835,Orange,28.508158,-81.471029,single_family,2.0,2.0,1256.0,5310.0,2000.0,Inactive,218000,2024-10-15T00:00:00.000Z,78,12.292254928916668
"6308-Raleigh-St,-Apt-302,-Orlando,-FL-32835","6308 Raleigh St, Apt 302, Orlando, FL 32835",6308 Raleigh St,Apt 302,Orlando,FL,32835,Orange,28.526968,-81.468097,condo,2.0,2.0,1051.0,4539.0,1997.0,Inactive,224900,2024-11-05T00:00:00.000Z,56,12.323415584358154
"326-S-Hart-Blvd,-Orlando,-FL-32835","326 S Hart Blvd, Orlando, FL 32835",326 S Hart Blvd,,Orlando,FL,32835,Orange,28.537074,-81.470446,single_family,3.0,2.0,1376.0,7005.0,2018.0,Inactive,350000,2024-12-18T00:00:00.000Z,13,12.765691290604371
"7210-Westpointe-Blvd,-Apt-1336,-Orlando,-FL-32835","7210 Westpointe Blvd, Apt 1336, Orlando, FL 32835",7210 Westpointe Blvd,Apt 1336,Orlando,FL,32835,Orange,28.516699,-81.486011,condo,2.0,2.0,1072.0,8756.0,1994.0,Inactive,189000,2024-12-03T00:00:00.000Z,26,12.149507585033072
"3613-Winding-Lake-Cir,-Orlando,-FL-32835","3613 Winding Lake Cir, Orlando, FL 32835",3613 Winding Lake Cir,,Orlando,FL,32835,Orange,28.496347,-81.493968,single_family,5.0,5.0,3672.0,27007.0,1995.0,Inactive,980000,2024-12-06T00:00:00.000Z,23,13.795308871054397
"5951-Westgate-Dr,-Apt-1723,-Orlando,-FL-32835","5951 Westgate Dr, Apt 1723, Orlando, FL 32835",5951 Westgate Dr,Apt 1723,Orlando,FL,32835,Orange,28.532651,-81.463571,condo,1.0,1.0,631.0,1793.0,1999.0,Inactive,160000,2024-12-16T00:00:00.000Z,11,11.982935344196433
"2506-Saint-Ignatius-Ct,-Orlando,-FL-32835","2506 Saint Ignatius Ct, Orlando, FL 32835",2506 Saint Ignatius Ct,,Orlando,FL,32835,Orange,28.514941,-81.492622,single_family,4.0,3.0,3091.0,12197.0,2004.0,Inactive,855000,2024-08-29T00:00:00.000Z,118,13.658857917508856
"3262-Villa-Strada-Way,-Orlando,-FL-32835","3262 Villa Strada Way, Orlando, FL 32835",3262 Villa Strada Way,,Orlando,FL,32835,Orange,28.510268,-81.460846,townhouse,3.0,2.5,1750.0,2985.0,2006.0,Inactive,330000,2024-12-13T00:00:00.000Z,12,12.706850963741102
"4015-Salmon-Dr,-Orlando,-FL-32835","4015 Salmon Dr, Orlando, FL 32835",4015 Salmon Dr,,Orlando,FL,32835,Orange,28.504043,-81.488114,single_family,3.0,2.0,1942.0,14375.0,1983.0,Inactive,539000,2024-11-24T00:00:00.000Z,30,13.197472705176983
"6088-Westgate-Dr,-Apt-204,-Orlando,-FL-32835","6088 Westgate Dr, Apt 204, Orlando, FL 32835",6088 Westgate Dr,Apt 204,Orlando,FL,32835,Orange,28.532112,-81.466103,condo,2.0,1.0,1342.0,4445.0,1988.0,Inactive,199000,2024-12-19T00:00:00.000Z,5,12.201065128819632
"6302-Daysbrook-Dr,-Unit-103,-Orlando,-FL-32835","6302 Daysbrook Dr, Unit 103, Orlando, FL 32835",6302 Daysbrook Dr,Unit 103,Orlando,FL,32835,Orange,28.505887,-81.468312,townhouse,2.0,2.5,1546.0,975.0,2005.0,Inactive,309999,2024-05-17T00:00:00.000Z,218,12.644327576461329
"6550-Time-Square-Ave,-Apt-105,-Orlando,-FL-32835","6550 Time Square Ave, Apt 105, Orlando, FL 32835",6550 Time Square Ave,Apt 105,Orlando,FL,32835,Orange,28.508581,-81.471991,condo,3.0,2.5,1634.0,3674.0,2000.0,Inactive,319999,2024-12-14T00:00:00.000Z,3,12.676076274775909
"2600-Robert-Trent-Jones-Dr,-Apt-936,-Orlando,-FL-32835","2600 Robert Trent Jones Dr, Apt 936, Orlando, FL 32835",2600 Robert Trent Jones Dr,Apt 936,Orlando,FL,32835,Orange,28.513759,-81.472853,condo,2.0,2.0,1150.0,8756.0,1995.0,Inactive,214900,2024-06-13T00:00:00.000Z,184,12.277932735946903
"5959-Westgate-Dr,-Apt-1512,-Orlando,-FL-32835","5959 Westgate Dr, Apt 1512, Orlando, FL 32835",5959 Westgate Dr,Apt 1512,Orlando,FL,32835,Orange,28.533216,-81.463711,condo,2.0,2.0,1077.0,8369.0,1999.0,Inactive,224900,2024-08-13T00:00:00.000Z,123,12.323415584358154
"7833-Murcott-Cir,-Orlando,-FL-32835","7833 Murcott Cir, Orlando, FL 32835",7833 Murcott Cir,,Orlando,FL,32835,Orange,28.537585,-81.489448,single_family,3.0,2.0,1523.0,9201.0,1987.0,Inactive,440000,2024-05-22T00:00:00.000Z,205,12.994532278619134
"3280-Soho-St,-Apt-202,-Orlando,-FL-32835","3280 Soho St, Apt 202, Orlando, FL 32835",3280 Soho St,Apt 202,Orlando,FL,32835,Orange,28.508366,-81.475085,condo,2.0,2.0,1107.0,11761.0,2000.0,Inactive,219900,2024-06-11T00:00:00.000Z,184,12.300932724054114
"3344-Robert-Trent-Jones-Dr,-Unit-202,-Orlando,-FL-32835","3344 Robert Trent Jones Dr, Unit 202, Orlando, FL 32835",3344 Robert Trent Jones Dr,Unit 202,Orlando,FL,32835,Orange,28.506401,-81.4716,condo,2.0,2.0,1112.0,16322.0,2008.0,Inactive,218000,2024-09-13T00:00:00.000Z,90,12.292254928916668
"6340-Raleigh-St,-Apt-1003,-Orlando,-FL-32835","6340 Raleigh St, Apt 1003, Orlando, FL 32835",6340 Raleigh St,Apt 1003,Orlando,FL,32835,Orange,28.526735,-81.469707,condo,2.0,2.0,1051.0,4453.0,1997.0,Inactive,195000,2024-11-05T00:00:00.000Z,37,12.180759965737863
"6412-Queens-Borough-Ave,-Apt-301,-Orlando,-FL-32835","6412 Queens Borough Ave, Apt 301, Orlando, FL 32835",6412 Queens Borough Ave,Apt 301,Orlando,FL,32835,Orange,28.509746,-81.47139,condo,3.0,2.0,1260.0,23087.0,2000.0,Inactive,199500,2024-11-22T00:00:00.000Z,20,12.20357452783082
"23-Grand-Junction-Blvd,-Orlando,-FL-32835","23 Grand Junction Blvd, Orlando, FL 32835",23 Grand Junction Blvd,,Orlando,FL,32835,Orange,28.541551,-81.47429,single_family,3.0,2.0,1426.0,6812.0,1987.0,Inactive,320000,2024-11-20T00:00:00.000Z,21,12.676079399771027
"938-Palm-Cove-Dr,-Orlando,-FL-32835","938 Palm Cove Dr, Orlando, FL 32835",938 Palm Cove Dr,,Orlando,FL,32835,Orange,28.525062,-81.506367,single_family,4.0,3.0,2215.0,10019.0,1994.0,Inactive,620000,2024-09-10T00:00:00.000Z,91,13.3374763699232
"8320-Lexington-View-Ln,-Orlando,-FL-32835","8320 Lexington View Ln, Orlando, FL 32835",8320 Lexington View Ln,,Orlando,FL,32835,Orange,28.532583,-81.500417,single_family,4.0,3.0,2344.0,8625.0,2000.0,Inactive,570000,2024-11-14T00:00:00.000Z,23,13.25339339419516
"7217-Nima-Ct,-Orlando,-FL-32835","7217 Nima Ct, Orlando, FL 32835",7217 Nima Ct,,Orlando,FL,32835,Orange,28.546147,-81.482234,multi-family,3.0,2.5,1317.0,10890.0,1987.0,Inactive,300000,2024-12-02T00:00:00.000Z,4,12.611541086966115
"6084-Stevenson-Dr,-Unit-106,-Orlando,-FL-32835","6084 Stevenson Dr, Unit 106, Orlando, FL 32835",6084 Stevenson Dr,Unit 106,Orlando,FL,32835,Orange,28.508904,-81.464166,condo,3.0,2.0,1206.0,15246.0,2003.0,Inactive,234900,2024-11-22T00:00:00.000Z,13,12.366919427768636
"1025-S-Hiawassee-Rd,-Apt-2225,-Orlando,-FL-32835","1025 S Hiawassee Rd, Apt 2225, Orlando, FL 32835",1025 S Hiawassee Rd,Apt 2225,Orlando,FL,32835,Orange,28.528756,-81.47356,condo,1.0,1.0,627.0,7175.0,1989.0,Inactive,155000,2024-07-04T00:00:00.000Z,153,11.951186847493476
"7233-Harbor-Heights-Cir,-Orlando,-FL-32835","7233 Harbor Heights Cir, Orlando, FL 32835",7233 Harbor Heights Cir,,Orlando,FL,32835,Orange,28.538533,-81.47907,multi-family,3.0,2.0,1230.0,5585.0,1984.0,Inactive,289900,2024-08-30T00:00:00.000Z,96,12.57729476436913
"7147-Yacht-Basin-Ave,---1,-Orlando,-FL-32835","7147 Yacht Basin Ave, # 1, Orlando, FL 32835",7147 Yacht Basin Ave,# 1,Orlando,FL,32835,Orange,28.513266,-81.485006,condo,3.0,2.0,1206.0,16553.0,1997.0,Inactive,225500,2024-10-02T00:00:00.000Z,63,12.326079872504838
"1096-Almond-Tree-Cir,-Orlando,-FL-32835","1096 Almond Tree Cir, Orlando, FL 32835",1096 Almond Tree Cir,,Orlando,FL,32835,Orange,28.526349,-81.507402,single_family,4.0,2.5,2801.0,14375.0,1989.0,Inactive,749000,2024-11-06T00:00:00.000Z,27,13.52649559761195
"6312-Raleigh-St,-Apt-515,-Orlando,-FL-32835","6312 Raleigh St, Apt 515, Orlando, FL 32835",6312 Raleigh St,Apt 515,Orlando,FL,32835,Orange,28.527214,-81.468547,condo,2.0,2.0,1062.0,8756.0,1997.0,Inactive,199000,2024-11-13T00:00:00.000Z,20,12.201065128819632
"6071-Strada-Isle-Way,-Orlando,-FL-32835","6071 Strada Isle Way, Orlando, FL 32835",6071 Strada Isle Way,,Orlando,FL,32835,Orange,28.509962,-81.463232,townhouse,3.0,2.5,1756.0,4740.0,2005.0,Inactive,334000,2024-05-21T00:00:00.000Z,194,12.718899265966332
"3406-Soho-St,-Apt-B06,-Orlando,-FL-32835","3406 Soho St, Apt B06, Orlando, FL 32835",3406 Soho St,Apt B06,Orlando,FL,32835,Orange,28.507653,-81.474371,condo,2.0,2.0,1233.0,12197.0,2000.0,Inactive,199000,2024-06-04T00:00:00.000Z,180,12.201065128819632
"108-N-John-St,-Orlando,-FL-32835","108 N John St, Orlando, FL 32835",108 N John St,,Orlando,FL,32835,Orange,28.542993,-81.462696,single_family,3.0,2.0,1193.0,7001.0,2001.0,Inactive,365000,2024-10-15T00:00:00.000Z,43,12.807655372286902
"6342-Daysbrook-Dr,-Unit-102,-Orlando,-FL-32835","6342 Daysbrook Dr, Unit 102, Orlando, FL 32835",6342 Daysbrook Dr,Unit 102,Orlando,FL,32835,Orange,28.505457,-81.468384,condo,3.0,2.5,1665.0,1020.0,2005.0,Inactive,335000,2024-07-26T00:00:00.000Z,122,12.721888795877375
"7606-Kings-Passage-Ave,-Orlando,-FL-32835","7606 Kings Passage Ave, Orlando, FL 32835",7606 Kings Passage Ave,,Orlando,FL,32835,Orange,28.506476,-81.492986,single_family,5.0,3.0,3599.0,17424.0,1997.0,Inactive,850000,2024-11-15T00:00:00.000Z,8,13.652992804936396
"6549-Abercrombie-Ct,-Orlando,-FL-32835","6549 Abercrombie Ct, Orlando, FL 32835",6549 Abercrombie Ct,,Orlando,FL,32835,Orange,28.533065,-81.474314,single_family,3.0,2.0,1545.0,5971.0,1989.0,Inactive,324900,2024-11-19T00:00:00.000Z,3,12.691275799522568
"3368-Robert-Trent-Jones-Dr,---20608,-Orlando,-FL-32835","3368 Robert Trent Jones Dr, # 20608, Orlando, FL 32835",3368 Robert Trent Jones Dr,# 20608,Orlando,FL,32835,Orange,28.505045,-81.470331,condo,3.0,2.0,1962.0,16117.0,2008.0,Inactive,389000,2024-11-21T00:00:00.000Z,1,12.871337193291367
"3213-Greenwich-Village-Blvd,-Apt-104,-Orlando,-FL-32835","3213 Greenwich Village Blvd, Apt 104, Orlando, FL 32835",3213 Greenwich Village Blvd,Apt 104,Orlando,FL,32835,Orange,28.508872,-81.472688,condo,2.0,2.0,1235.0,5615.0,2000.0,Inactive,239900,2024-05-08T00:00:00.000Z,197,12.3879816172226
"1224-S-Hiawassee-Rd,-Apt-614,-Orlando,-FL-32835","1224 S Hiawassee Rd, Apt 614, Orlando, FL 32835",1224 S Hiawassee Rd,Apt 614,Orlando,FL,32835,Orange,28.523547,-81.473035,condo,3.0,2.0,1408.0,15682.0,1998.0,Inactive,259950,2024-05-23T00:00:00.000Z,182,12.468248430698097
"1069-S-Hiawassee-Rd,-Apt-1326,-Orlando,-FL-32835","1069 S Hiawassee Rd, Apt 1326, Orlando, FL 32835",1069 S Hiawassee Rd,Apt 1326,Orlando,FL,32835,Orange,28.52906,-81.470927,condo,1.0,1.0,673.0,9202.0,1989.0,Inactive,164926,2024-07-10T00:00:00.000Z,134,12.013258230741812
"7301-Victoria-Cir,-Orlando,-FL-32835","7301 Victoria Cir, Orlando, FL 32835",7301 Victoria Cir,,Orlando,FL,32835,Orange,28.54125,-81.482352,single_family,3.0,2.0,1228.0,8613.0,1990.0,Inactive,365995,2024-08-07T00:00:00.000Z,106,12.810377683362033
"6627-Queens-Borough-Ave,-Apt-104,-Orlando,-FL-32835","6627 Queens Borough Ave, Apt 104, Orlando, FL 32835",6627 Queens Borough Ave,Apt 104,Orlando,FL,32835,Orange,28.508911,-81.473589,condo,2.0,2.0,1233.0,11326.0,2000.0,Inactive,299000,2024-08-30T00:00:00.000Z,83,12.608202196848836
"6166-Stevenson-Dr,-Unit-208,-Orlando,-FL-32835","6166 Stevenson Dr, Unit 208, Orlando, FL 32835",6166 Stevenson Dr,Unit 208,Orlando,FL,32835,Orange,28.508519,-81.465464,condo,3.0,2.0,1206.0,15246.0,2003.0,Inactive,249900,2024-05-12T00:00:00.000Z,191,12.428820118415677
"1919-Westpointe-Cir,-Orlando,-FL-32835","1919 Westpointe Cir, Orlando, FL 32835",1919 Westpointe Cir,,Orlando,FL,32835,Orange,28.520439,-81.506094,single_family,4.0,2.5,1836.0,6584.0,1994.0,Inactive,450000,2024-11-05T00:00:00.000Z,14,13.017005083966255
"7818-Kensingham-Ct,-Orlando,-FL-32835","7818 Kensingham Ct, Orlando, FL 32835",7818 Kensingham Ct,,Orlando,FL,32835,Orange,28.54529,-81.491584,single_family,3.0,2.0,1550.0,8986.0,1990.0,Inactive,319900,2024-07-21T00:00:00.000Z,120,12.675766851909591
"6010-Westgate-Dr,-Apt-301,-Orlando,-FL-32835","6010 Westgate Dr, Apt 301, Orlando, FL 32835",6010 Westgate Dr,Apt 301,Orlando,FL,32835,Orange,28.530658,-81.465392,condo,2.0,2.0,1515.0,5936.0,1988.0,Inactive,210000,2024-10-31T00:00:00.000Z,17,12.25486757159303
"1023-S-Hiawassee-Rd,-Apt-4013,-Orlando,-FL-32835","1023 S Hiawassee Rd, Apt 4013, Orlando, FL 32835",1023 S Hiawassee Rd,Apt 4013,Orlando,FL,32835,Orange,28.528533,-81.473946,condo,1.0,1.0,627.0,7485.0,1989.0,Inactive,159000,2024-06-25T00:00:00.000Z,144,11.976665770490767
"5911-Strada-Capri-Way,-Orlando,-FL-32835","5911 Strada Capri Way, Orlando, FL 32835",5911 Strada Capri Way,,Orlando,FL,32835,Orange,28.511809,-81.461717,townhouse,3.0,2.5,1756.0,4418.0,2005.0,Inactive,335000,2024-09-02T00:00:00.000Z,74,12.721888795877375
"3362-Robert-Trent-Jones-Dr,---20107,-Orlando,-FL-32835","3362 Robert Trent Jones Dr, # 20107, Orlando, FL 32835",3362 Robert Trent Jones Dr,# 20107,Orlando,FL,32835,Orange,28.505047,-81.471515,condo,2.0,2.0,1962.0,16117.0,2007.0,Inactive,360000,2024-10-22T00:00:00.000Z,24,12.793862088206213
"3209-Parkchester-Square-Blvd,-Apt-308,-Orlando,-FL-32835","3209 Parkchester Square Blvd, Apt 308, Orlando, FL 32835",3209 Parkchester Square Blvd,Apt 308,Orlando,FL,32835,Orange,28.509246,-81.471975,condo,4.0,2.0,1489.0,10454.0,2000.0,Inactive,319000,2024-10-29T00:00:00.000Z,17,12.672949516558306
"4473-Willow-Wind-Ct,-Orlando,-FL-32835","4473 Willow Wind Ct, Orlando, FL 32835",4473 Willow Wind Ct,,Orlando,FL,32835,Orange,28.497584,-81.502737,single_family,4.0,2.0,2272.0,28750.0,1986.0,Inactive,665000,2024-11-01T00:00:00.000Z,13,13.407543823396258
"6112-W-Robinson-St,-Orlando,-FL-32835","6112 W Robinson St, Orlando, FL 32835",6112 W Robinson St,,Orlando,FL,32835,Orange,28.544738,-81.465515,single_family,3.0,2.0,1398.0,6677.0,1961.0,Inactive,295000,2024-10-21T00:00:00.000Z,23,12.59473402514672
"7200-Westpointe-Blvd,-Apt-1528,-Orlando,-FL-32835","7200 Westpointe Blvd, Apt 1528, Orlando, FL 32835",7200 Westpointe Blvd,Apt 1528,Orlando,FL,32835,Orange,28.515894,-81.485575,condo,1.0,1.0,665.0,8756.0,1994.0,Inactive,169000,2024-10-19T00:00:00.000Z,25,12.037659911047468
"308-Cinnamon-Bark-Ln,-Orlando,-FL-32835","308 Cinnamon Bark Ln, Orlando, FL 32835",308 Cinnamon Bark Ln,,Orlando,FL,32835,Orange,28.544999,-81.480777,single_family,4.0,2.0,2866.0,24829.0,1983.0,Inactive,549000,2024-10-25T00:00:00.000Z,19,13.215855541983634
"6336-Buford-St,-Apt-607,-Orlando,-FL-32835","6336 Buford St, Apt 607, Orlando, FL 32835",6336 Buford St,Apt 607,Orlando,FL,32835,Orange,28.505532,-81.467713,condo,3.0,2.5,2260.0,20473.0,2005.0,Inactive,495000,2024-10-25T00:00:00.000Z,18,13.112315061750808
"2804-Polvadero-Ln,-Unit-104,-Orlando,-FL-32835","2804 Polvadero Ln, Unit 104, Orlando, FL 32835",2804 Polvadero Ln,Unit 104,Orlando,FL,32835,Orange,28.513419,-81.467928,townhouse,3.0,2.5,1682.0,1092.0,2005.0,Inactive,349900,2024-09-19T00:00:00.000Z,51,12.765405536311112
"1224-S-Hiawassee-Rd,-Apt-632,-Orlando,-FL-32835","1224 S Hiawassee Rd, Apt 632, Orlando, FL 32835",1224 S Hiawassee Rd,Apt 632,Orlando,FL,32835,Orange,28.523547,-81.473035,condo,3.0,2.0,1206.0,15682.0,1998.0,Inactive,234000,2024-05-31T00:00:00.000Z,160,12.36308066783498
"3428-Soho-St,-Apt-B08,-Orlando,-FL-32835","3428 Soho St, Apt B08, Orlando, FL 32835",3428 Soho St,Apt B08,Orlando,FL,32835,Orange,28.507157,-81.473957,condo,3.0,2.0,1387.0,11761.0,2000.0,Inactive,218000,2024-08-22T00:00:00.000Z,77,12.292254928916668
"3432-Westchester-Square-Blvd,-Apt-203,-Orlando,-FL-32835","3432 Westchester Square Blvd, Apt 203, Orlando, FL 32835",3432 Westchester Square Blvd,Apt 203,Orlando,FL,32835,Orange,28.506839,-81.472664,condo,2.0,2.0,1181.0,6122.0,2000.0,Inactive,243900,2024-08-08T00:00:00.000Z,89,12.404517684236607
"3368-Robert-Trent-Jones-Dr,---30508,-Orlando,-FL-32835","3368 Robert Trent Jones Dr, # 30508, Orlando, FL 32835",3368 Robert Trent Jones Dr,# 30508,Orlando,FL,32835,Orange,28.505045,-81.470331,condo,3.0,2.0,1962.0,8756.0,2007.0,Inactive,349000,2024-10-14T00:00:00.000Z,19,12.762830066509972
"2484-San-Tecla-St,-Unit-309,-Orlando,-FL-32835","2484 San Tecla St, Unit 309, Orlando, FL 32835",2484 San Tecla St,Unit 309,Orlando,FL,32835,Orange,28.514487,-81.468108,condo,3.0,2.0,1447.0,1917.0,2005.0,Inactive,200000,2024-05-02T00:00:00.000Z,183,12.206077645517674
"7300-Westpointe-Blvd,-Apt-724,-Orlando,-FL-32835","7300 Westpointe Blvd, Apt 724, Orlando, FL 32835",7300 Westpointe Blvd,Apt 724,Orlando,FL,32835,Orange,28.515974,-81.490139,condo,2.0,1.0,1021.0,8756.0,1994.0,Inactive,180000,2024-06-29T00:00:00.000Z,125,12.100717685412471
"1085-S-Hiawassee-Rd,-Apt-511,-Orlando,-FL-32835","1085 S Hiawassee Rd, Apt 511, Orlando, FL 32835",1085 S Hiawassee Rd,Apt 511,Orlando,FL,32835,Orange,28.5278,-81.472368,condo,2.0,2.0,829.0,3925.0,1989.0,Inactive,199900,2024-09-03T00:00:00.000Z,59,12.20557752297723
"111-N-Hart-Blvd,-Orlando,-FL-32835","111 N Hart Blvd, Orlando, FL 32835",111 N Hart Blvd,,Orlando,FL,32835,Orange,28.543124,-81.469884,single_family,4.0,1.5,1296.0,8751.0,1983.0,Inactive,315000,2024-09-24T00:00:00.000Z,38,12.660331092405906
"8021-Belshire-Dr,-Orlando,-FL-32835","8021 Belshire Dr, Orlando, FL 32835",8021 Belshire Dr,,Orlando,FL,32835,Orange,28.499098,-81.493552,single_family,4.0,3.0,3153.0,11761.0,1998.0,Inactive,849000,2024-10-18T00:00:00.000Z,14,13.651815643149092
"7763-Barberry-Dr,-Orlando,-FL-32835","7763 Barberry Dr, Orlando, FL 32835",7763 Barberry Dr,,Orlando,FL,32835,Orange,28.532679,-81.489653,single_family,3.0,2.0,1248.0,10454.0,1986.0,Inactive,359900,2024-07-21T00:00:00.000Z,101,12.79358427261286
"2674-Robert-Trent-Jones-Dr,-Apt-325,-Orlando,-FL-32835","2674 Robert Trent Jones Dr, Apt 325, Orlando, FL 32835",2674 Robert Trent Jones Dr,Apt 325,Orlando,FL,32835,Orange,28.513331,-81.47124,condo,1.0,1.0,674.0,9127.0,1995.0,Inactive,174900,2024-10-15T00:00:00.000Z,15,12.071975378543236
"200-Sweetbay-Ln,-Orlando,-FL-32835","200 Sweetbay Ln, Orlando, FL 32835",200 Sweetbay Ln,,Orlando,FL,32835,Orange,28.543448,-81.479773,single_family,3.0,2.0,1527.0,10454.0,1978.0,Inactive,399900,2024-10-25T00:00:00.000Z,5,12.89897229545694
"8039-Wellsmere-Cir,-Orlando,-FL-32835","8039 Wellsmere Cir, Orlando, FL 32835",8039 Wellsmere Cir,,Orlando,FL,32835,Orange,28.53393,-81.492863,single_family,4.0,2.5,2109.0,11326.0,1990.0,Inactive,459900,2024-10-18T00:00:00.000Z,11,13.038766527911386
"1017-S-Hiawassee-Rd,-Apt-3724,-Orlando,-FL-32835","1017 S Hiawassee Rd, Apt 3724, Orlando, FL 32835",1017 S Hiawassee Rd,Apt 3724,Orlando,FL,32835,Orange,28.529433,-81.474107,condo,1.0,1.0,673.0,7883.0,1989.0,Inactive,160000,2024-10-26T00:00:00.000Z,2,11.982935344196433
"6364-Raleigh-St,-Apt-1603,-Orlando,-FL-32835","6364 Raleigh St, Apt 1603, Orlando, FL 32835",6364 Raleigh St,Apt 1603,Orlando,FL,32835,Orange,28.525625,-81.468903,condo,2.0,2.0,1051.0,4841.0,1997.0,Inactive,219900,2024-08-08T00:00:00.000Z,79,12.300932724054114
"120-N-Hudson-St,-Orlando,-FL-32835","120 N Hudson St, Orlando, FL 32835",120 N Hudson St,,Orlando,FL,32835,Orange,28.543711,-81.461632,single_family,3.0,2.0,1600.0,3376.0,2024.0,Inactive,430000,2024-07-18T00:00:00.000Z,98,12.971542813248437
"329-Lucile-Way,-Orlando,-FL-32835","329 Lucile Way, Orlando, FL 32835",329 Lucile Way,,Orlando,FL,32835,Orange,28.53554,-81.474585,single_family,3.0,2.0,1207.0,6059.0,1985.0,Inactive,285000,2024-09-21T00:00:00.000Z,33,12.560247968016562
"2923-Barrymore-Ct,-Orlando,-FL-32835","2923 Barrymore Ct, Orlando, FL 32835",2923 Barrymore Ct,,Orlando,FL,32835,Orange,28.510457,-81.488728,single_family,3.0,2.0,1657.0,12632.0,1989.0,Inactive,470000,2024-10-02T00:00:00.000Z,22,13.060490101343552
"6149-Metrowest-Blvd,-Unit-102,-Orlando,-FL-32835","6149 Metrowest Blvd, Unit 102, Orlando, FL 32835",6149 Metrowest Blvd,Unit 102,Orlando,FL,32835,Orange,28.516427,-81.465746,condo,2.0,2.0,1138.0,8845.0,2004.0,Inactive,269000,2024-10-11T00:00:00.000Z,12,12.502470376049185
"7630-Torino-Ct,-Orlando,-FL-32835","7630 Torino Ct, Orlando, FL 32835",7630 Torino Ct,,Orlando,FL,32835,Orange,28.519335,-81.495973,single_family,4.0,2.0,2050.0,9600.0,1995.0,Inactive,589000,2024-08-31T00:00:00.000Z,50,13.286183160425152
"6352-Raleigh-St,-Apt-1402,-Orlando,-FL-32835","6352 Raleigh St, Apt 1402, Orlando, FL 32835",6352 Raleigh St,Apt 1402,Orlando,FL,32835,Orange,28.526026,-81.469438,condo,2.0,2.0,1051.0,4514.0,1997.0,Inactive,179900,2024-08-08T00:00:00.000Z,72,12.100161978566867
"2648-Robert-Trent-Jones-Dr,-Apt-222,-Orlando,-FL-32835","2648 Robert Trent Jones Dr, Apt 222, Orlando, FL 32835",2648 Robert Trent Jones Dr,Apt 222,Orlando,FL,32835,Orange,28.514259,-81.471211,condo,2.0,1.0,933.0,11326.0,1995.0,Inactive,185000,2024-09-03T00:00:00.000Z,46,12.128116509451258
"6659-Time-Square-Ave,-Apt-103,-Orlando,-FL-32835","6659 Time Square Ave, Apt 103, Orlando, FL 32835",6659 Time Square Ave,Apt 103,Orlando,FL,32835,Orange,28.507934,-81.473531,condo,2.0,2.5,1548.0,3674.0,2000.0,Inactive,338000,2024-05-24T00:00:00.000Z,147,12.73080413304066
"2224-Langley-Cir,-Orlando,-FL-32835","2224 Langley Cir, Orlando, FL 32835",2224 Langley Cir,,Orlando,FL,32835,Orange,28.510482,-81.498707,single_family,4.0,3.0,2697.0,25265.0,1992.0,Inactive,845000,2024-10-02T00:00:00.000Z,16,13.647093089770562
"6416-Raleigh-St,-Apt-2611,-Orlando,-FL-32835","6416 Raleigh St, Apt 2611, Orlando, FL 32835",6416 Raleigh St,Apt 2611,Orlando,FL,32835,Orange,28.526168,-81.46815,condo,1.0,1.0,991.0,4768.0,1997.0,Inactive,214900,2024-10-04T00:00:00.000Z,14,12.277932735946903
"118-N-Hudson-St,-Orlando,-FL-32835","118 N Hudson St, Orlando, FL 32835",118 N Hudson St,,Orlando,FL,32835,Orange,28.543552,-81.461677,single_family,3.0,2.0,1898.0,3376.0,2023.0,Inactive,445000,2024-07-13T00:00:00.000Z,96,13.005831808336863
"1069-S-Hiawassee-Rd,-Apt-1312,-Orlando,-FL-32835","1069 S Hiawassee Rd, Apt 1312, Orlando, FL 32835",1069 S Hiawassee Rd,Apt 1312,Orlando,FL,32835,Orange,28.52906,-81.470927,condo,2.0,2.0,934.0,9202.0,1989.0,Inactive,189000,2024-04-13T00:00:00.000Z,186,12.149507585033072
"7280-Westpointe-Blvd,-Apt-823,-Orlando,-FL-32835","7280 Westpointe Blvd, Apt 823, Orlando, FL 32835",7280 Westpointe Blvd,Apt 823,Orlando,FL,32835,Orange,28.515973,-81.489371,condo,2.0,2.0,1133.0,8756.0,1994.0,Inactive,215000,2024-06-18T00:00:00.000Z,120,12.278397958261774
"1037-S-Hiawassee-Rd,-Apt-2812,-Orlando,-FL-32835","1037 S Hiawassee Rd, Apt 2812, Orlando, FL 32835",1037 S Hiawassee Rd,Apt 2812,Orlando,FL,32835,Orange,28.529984,-81.471604,condo,2.0,2.0,934.0,8637.0,1989.0,Inactive,196900,2024-09-17T00:00:00.000Z,29,12.190456343334482
"315-Ketch-Ct,-Orlando,-FL-32835","315 Ketch Ct, Orlando, FL 32835",315 Ketch Ct,,Orlando,FL,32835,Orange,28.537775,-81.478819,single_family,3.0,2.0,1270.0,11326.0,1983.0,Inactive,310000,2024-09-26T00:00:00.000Z,20,12.644330802262578
"3719-Beech-Tree-Dr,-Orlando,-FL-32835","3719 Beech Tree Dr, Orlando, FL 32835",3719 Beech Tree Dr,,Orlando,FL,32835,Orange,28.501182,-81.49639,single_family,5.0,4.0,3798.0,20473.0,1997.0,Inactive,950000,2024-07-02T00:00:00.000Z,105,13.76421831620775
"6159-Metrowest-Blvd,-Unit-106,-Orlando,-FL-32835","6159 Metrowest Blvd, Unit 106, Orlando, FL 32835",6159 Metrowest Blvd,Unit 106,Orlando,FL,32835,Orange,28.515223,-81.466228,condo,2.0,2.0,1124.0,8845.0,2004.0,Inactive,250000,2024-09-12T00:00:00.000Z,33,12.429220196836383
"6663-Queens-Borough-Ave,-Apt-303,-Orlando,-FL-32835","6663 Queens Borough Ave, Apt 303, Orlando, FL 32835",6663 Queens Borough Ave,Apt 303,Orlando,FL,32835,Orange,28.508904,-81.474223,condo,2.0,2.0,1233.0,11326.0,2000.0,Inactive,235000,2023-10-11T00:00:00.000Z,367,12.367345048436391
"5979-Westgate-Dr,-Apt-1011,-Orlando,-FL-32835","5979 Westgate Dr, Apt 1011, Orlando, FL 32835",5979 Westgate Dr,Apt 1011,Orlando,FL,32835,Orange,28.533846,-81.464324,condo,3.0,2.0,1257.0,5486.0,1999.0,Inactive,225000,2024-06-07T00:00:00.000Z,126,12.323860125621126
"2522-San-Tecla-St,-Unit-108,-Orlando,-FL-32835","2522 San Tecla St, Unit 108, Orlando, FL 32835",2522 San Tecla St,Unit 108,Orlando,FL,32835,Orange,28.513901,-81.468558,condo,3.0,2.0,1857.0,1040.0,2005.0,Inactive,344900,2024-04-08T00:00:00.000Z,184,12.751012698311857
"7523-Pacific-Heights-Cir,-Orlando,-FL-32835","7523 Pacific Heights Cir, Orlando, FL 32835",7523 Pacific Heights Cir,,Orlando,FL,32835,Orange,28.53987,-81.487117,single_family,3.0,2.0,1346.0,5502.0,1989.0,Inactive,319900,2024-10-03T00:00:00.000Z,6,12.675766851909591
"3209-Parkchester-Square-Blvd,---20,-Orlando,-FL-32835","3209 Parkchester Square Blvd, # 20, Orlando, FL 32835",3209 Parkchester Square Blvd,# 20,Orlando,FL,32835,Orange,28.509241,-81.47197,condo,2.0,1.0,1035.0,10454.0,2000.0,Inactive,207000,2024-08-25T00:00:00.000Z,44,12.240478903153711
"4471-Windsmere-Blvd,-Orlando,-FL-32835","4471 Windsmere Blvd, Orlando, FL 32835",4471 Windsmere Blvd,,Orlando,FL,32835,Orange,28.497293,-81.480837,single_family,4.0,3.5,3027.0,23087.0,1980.0,Inactive,759900,2024-07-04T00:00:00.000Z,95,13.540943440619637
"6127-Froggatt-St,-Orlando,-FL-32835","6127 Froggatt St, Orlando, FL 32835",6127 Froggatt St,,Orlando,FL,32835,Orange,28.507376,-81.466807,single_family,4.0,2.0,2039.0,5745.0,2004.0,Inactive,460000,2024-08-29T00:00:00.000Z,38,13.038983942375959
"6111-Metrowest-Blvd,-Unit-105,-Orlando,-FL-32835","6111 Metrowest Blvd, Unit 105, Orlando, FL 32835",6111 Metrowest Blvd,Unit 105,Orlando,FL,32835,Orange,28.515455,-81.464477,condo,2.0,2.0,1386.0,478.0,2004.0,Inactive,309995,2024-07-06T00:00:00.000Z,91,12.644314673152275
"110-N-Normandale-Ave,-Orlando,-FL-32835","110 N Normandale Ave, Orlando, FL 32835",110 N Normandale Ave,,Orlando,FL,32835,Orange,28.543285,-81.460641,single_family,3.0,2.0,1020.0,7003.0,1940.0,Inactive,210000,2024-05-29T00:00:00.000Z,128,12.25486757159303
"2544-Robert-Trent-Jones-Dr,-Apt-827,-Orlando,-FL-32835","2544 Robert Trent Jones Dr, Apt 827, Orlando, FL 32835",2544 Robert Trent Jones Dr,Apt 827,Orlando,FL,32835,Orange,28.515914,-81.472203,condo,3.0,2.0,1295.0,11761.0,1995.0,Inactive,235000,2024-06-04T00:00:00.000Z,122,12.367345048436391
"6659-Time-Square-Ave,-Apt-38-103,-Orlando,-FL-32835","6659 Time Square Ave, Apt 38-103, Orlando, FL 32835",6659 Time Square Ave,Apt 38-103,Orlando,FL,32835,Orange,28.507934,-81.473531,condo,2.0,2.5,1548.0,3674.0,2000.0,Inactive,348900,2024-05-24T00:00:00.000Z,132,12.762543493321518
"928-Summer-Lakes-Dr,-Orlando,-FL-32835","928 Summer Lakes Dr, Orlando, FL 32835",928 Summer Lakes Dr,,Orlando,FL,32835,Orange,28.531023,-81.487801,single_family,3.0,2.5,1835.0,8037.0,1988.0,Inactive,485000,2024-09-27T00:00:00.000Z,6,13.091906231773164
"610-Rosegate-Ln,-Orlando,-FL-32835","610 Rosegate Ln, Orlando, FL 32835",610 Rosegate Ln,,Orlando,FL,32835,Orange,28.532881,-81.507653,single_family,4.0,2.0,1980.0,13939.0,1986.0,Inactive,535000,2024-09-28T00:00:00.000Z,5,13.190023895035274
"6312-Buford-St,-Apt-509,-Orlando,-FL-32835","6312 Buford St, Apt 509, Orlando, FL 32835",6312 Buford St,Apt 509,Orlando,FL,32835,Orange,28.505589,-81.466656,condo,3.0,2.0,2010.0,20473.0,2005.0,Inactive,365000,2024-05-01T00:00:00.000Z,154,12.807655372286902
"3468-Soho-St,-Apt-302,-Orlando,-FL-32835","3468 Soho St, Apt 302, Orlando, FL 32835",3468 Soho St,Apt 302,Orlando,FL,32835,Orange,28.506421,-81.472907,condo,2.0,2.0,1107.0,11761.0,2000.0,Inactive,228000,2024-02-25T00:00:00.000Z,219,12.337105293891872
"6435-Manhattan-Village-Ave,-Apt-201,-Orlando,-FL-32835","6435 Manhattan Village Ave, Apt 201, Orlando, FL 32835",6435 Manhattan Village Ave,Apt 201,Orlando,FL,32835,Orange,28.508336,-81.47074,condo,1.0,1.0,930.0,5310.0,2000.0,Inactive,178000,2024-05-02T00:00:00.000Z,152,12.08954444723597
"7360-Cherry-Laurel-Dr,-Orlando,-FL-32835","7360 Cherry Laurel Dr, Orlando, FL 32835",7360 Cherry Laurel Dr,,Orlando,FL,32835,Orange,28.543201,-81.482948,single_family,3.0,2.0,1658.0,10454.0,1984.0,Inactive,375000,2024-07-18T00:00:00.000Z,74,12.834683971615659
"5950-Westgate-Dr,-Apt-103,-Orlando,-FL-32835","5950 Westgate Dr, Apt 103, Orlando, FL 32835",5950 Westgate Dr,Apt 103,Orlando,FL,32835,Orange,28.531811,-81.463969,condo,2.0,1.0,872.0,5306.0,1988.0,Inactive,189000,2024-09-26T00:00:00.000Z,4,12.149507585033072
"8023-Canyon-Lake-Cir,-Orlando,-FL-32835","8023 Canyon Lake Cir, Orlando, FL 32835",8023 Canyon Lake Cir,,Orlando,FL,32835,Orange,28.526633,-81.495182,single_family,4.0,3.0,2395.0,12632.0,1994.0,Inactive,698000,2024-05-11T00:00:00.000Z,140,13.455975814408239
"7360-Westpointe-Blvd,-Apt-111,-Orlando,-FL-32835","7360 Westpointe Blvd, Apt 111, Orlando, FL 32835",7360 Westpointe Blvd,Apt 111,Orlando,FL,32835,Orange,28.516615,-81.488531,condo,2.0,2.0,1080.0,8756.0,1994.0,Inactive,224900,2024-04-25T00:00:00.000Z,155,12.323415584358154
"6360-Raleigh-St,-Apt-1712,-Orlando,-FL-32835","6360 Raleigh St, Apt 1712, Orlando, FL 32835",6360 Raleigh St,Apt 1712,Orlando,FL,32835,Orange,28.525735,-81.469353,condo,2.0,2.0,1062.0,4673.0,1997.0,Inactive,210000,2024-06-13T00:00:00.000Z,106,12.25486757159303
"3344-Robert-Trent-Jones-Dr,---20805,-Orlando,-FL-32835","3344 Robert Trent Jones Dr, # 20805, Orlando, FL 32835",3344 Robert Trent Jones Dr,# 20805,Orlando,FL,32835,Orange,28.506385,-81.471408,condo,3.0,2.0,1247.0,16117.0,2008.0,Inactive,259700,2024-07-06T00:00:00.000Z,83,12.467286248240269
"3123-Capri-Isle-Way,-Orlando,-FL-32835","3123 Capri Isle Way, Orlando, FL 32835",3123 Capri Isle Way,,Orlando,FL,32835,Orange,28.510096,-81.462036,townhouse,3.0,2.5,1756.0,1896.0,2005.0,Inactive,325000,2024-09-02T00:00:00.000Z,24,12.691583538230217
"7221-Bay-Club-Way,-Orlando,-FL-32835","7221 Bay Club Way, Orlando, FL 32835",7221 Bay Club Way,,Orlando,FL,32835,Orange,28.529183,-81.479174,single_family,3.0,3.0,1514.0,6132.0,1994.0,Inactive,599900,2024-09-19T00:00:00.000Z,7,13.304519920584285
"2652-Robert-Trent-Jones-Dr,-Apt-511,-Orlando,-FL-32835","2652 Robert Trent Jones Dr, Apt 511, Orlando, FL 32835",2652 Robert Trent Jones Dr,Apt 511,Orlando,FL,32835,Orange,28.514178,-81.47185,condo,2.0,2.0,1014.0,9109.0,1995.0,Inactive,185000,2024-07-01T00:00:00.000Z,86,12.128116509451258
"1037-S-Hiawassee-Rd,-Apt-2827,-Orlando,-FL-32835","1037 S Hiawassee Rd, Apt 2827, Orlando, FL 32835",1037 S Hiawassee Rd,Apt 2827,Orlando,FL,32835,Orange,28.529906,-81.471522,condo,2.0,2.0,934.0,8637.0,1989.0,Inactive,180000,2024-05-09T00:00:00.000Z,137,12.100717685412471
"3392-Westchester-Square-Blvd,-Apt-104,-Orlando,-FL-32835","3392 Westchester Square Blvd, Apt 104, Orlando, FL 32835",3392 Westchester Square Blvd,Apt 104,Orlando,FL,32835,Orange,28.507127,-81.472921,condo,2.0,2.0,1235.0,6122.0,2000.0,Inactive,174900,2024-06-13T00:00:00.000Z,100,12.071975378543236
"6344-Raleigh-St,-Apt-1101,-Orlando,-FL-32835","6344 Raleigh St, Apt 1101, Orlando, FL 32835",6344 Raleigh St,Apt 1101,Orlando,FL,32835,Orange,28.526351,-81.469505,condo,1.0,1.0,794.0,4510.0,1997.0,Inactive,175000,2024-04-29T00:00:00.000Z,144,12.07254696717504
"2804-Polvadero-Ln,-Unit-106,-Orlando,-FL-32835","2804 Polvadero Ln, Unit 106, Orlando, FL 32835",2804 Polvadero Ln,Unit 106,Orlando,FL,32835,Orange,28.513484,-81.467843,condo,2.0,2.5,1546.0,1092.0,2005.0,Inactive,260000,2024-08-23T00:00:00.000Z,28,12.468440756144114
"2132-Langley-Cir,-Orlando,-FL-32835","2132 Langley Cir, Orlando, FL 32835",2132 Langley Cir,,Orlando,FL,32835,Orange,28.511425,-81.49948,single_family,5.0,4.0,3325.0,22216.0,1992.0,Inactive,959900,2024-09-03T00:00:00.000Z,17,13.774585433126271
"4563-Winderwood-Cir,-Orlando,-FL-32835","4563 Winderwood Cir, Orlando, FL 32835",4563 Winderwood Cir,,Orlando,FL,32835,Orange,28.49401,-81.491043,single_family,4.0,2.5,2323.0,12632.0,1987.0,Inactive,655000,2024-05-31T00:00:00.000Z,111,13.39239204133378
"3213-Greenwich-Village-Blvd,-Apt-205,-Orlando,-FL-32835","3213 Greenwich Village Blvd, Apt 205, Orlando, FL 32835",3213 Greenwich Village Blvd,Apt 205,Orlando,FL,32835,Orange,28.508871,-81.472688,condo,1.0,1.0,658.0,5615.0,2000.0,Inactive,159900,2024-07-03T00:00:00.000Z,78,11.982310152711182
"2564-Robert-Trent-Jones-Dr,-Apt-1317,-Orlando,-FL-32835","2564 Robert Trent Jones Dr, Apt 1317, Orlando, FL 32835",2564 Robert Trent Jones Dr,Apt 1317,Orlando,FL,32835,Orange,28.515843,-81.472902,condo,2.0,2.0,1014.0,9384.0,1995.0,Inactive,209000,2024-04-24T00:00:00.000Z,146,12.250094315624496
"6178-Westgate-Dr,-Apt-203,-Orlando,-FL-32835","6178 Westgate Dr, Apt 203, Orlando, FL 32835",6178 Westgate Dr,Apt 203,Orlando,FL,32835,Orange,28.530951,-81.467234,condo,1.0,1.0,722.0,4445.0,1988.0,Inactive,160000,2024-09-10T00:00:00.000Z,6,11.982935344196433
"3398-Greenwich-Village-Blvd,-Apt-204,-Orlando,-FL-32835","3398 Greenwich Village Blvd, Apt 204, Orlando, FL 32835",3398 Greenwich Village Blvd,Apt 204,Orlando,FL,32835,Orange,28.507388,-81.47205,condo,1.0,1.0,1092.0,4997.0,2000.0,Inactive,174900,2024-09-13T00:00:00.000Z,3,12.071975378543236
"2528-Robert-Trent-Jones-Dr,-Apt-1635,-Orlando,-FL-32835","2528 Robert Trent Jones Dr, Apt 1635, Orlando, FL 32835",2528 Robert Trent Jones Dr,Apt 1635,Orlando,FL,32835,Orange,28.515576,-81.470818,condo,2.0,1.0,933.0,11761.0,1995.0,Inactive,185000,2024-06-20T00:00:00.000Z,86,12.128116509451258
"1033-S-Hiawassee-Rd,-Apt-2615,-Orlando,-FL-32835","1033 S Hiawassee Rd, Apt 2615, Orlando, FL 32835",1033 S Hiawassee Rd,Apt 2615,Orlando,FL,32835,Orange,28.529491,-81.472466,condo,1.0,1.0,627.0,6877.0,1989.0,Inactive,162000,2024-09-07T00:00:00.000Z,7,11.995357787034976
"3567-Shallot-Dr,-Unit-108,-Orlando,-FL-32835","3567 Shallot Dr, Unit 108, Orlando, FL 32835",3567 Shallot Dr,Unit 108,Orlando,FL,32835,Orange,28.507035,-81.469678,townhouse,3.0,2.5,1665.0,1026.0,2004.0,Inactive,339800,2024-08-03T00:00:00.000Z,41,12.736115431123231
"9084-Rose-Lake-Shore-Ln,-Orlando,-FL-32835","9084 Rose Lake Shore Ln, Orlando, FL 32835",9084 Rose Lake Shore Ln,,Orlando,FL,32835,Orange,28.541889,-81.508168,single_family,1.0,1.0,1163.0,21780.0,1945.0,Inactive,449000,2024-06-26T00:00:00.000Z,78,13.014780393893403
"6052-Westgate-Dr,-Apt-103,-Orlando,-FL-32835","6052 Westgate Dr, Apt 103, Orlando, FL 32835",6052 Westgate Dr,Apt 103,Orlando,FL,32835,Orange,28.532134,-81.464594,condo,2.0,1.0,872.0,5227.0,1988.0,Inactive,169900,2024-02-26T00:00:00.000Z,198,12.042971193457888
"6159-Metrowest-Blvd,-Unit-108,-Orlando,-FL-32835","6159 Metrowest Blvd, Unit 108, Orlando, FL 32835",6159 Metrowest Blvd,Unit 108,Orlando,FL,32835,Orange,28.515223,-81.466228,condo,2.0,2.0,1138.0,8845.0,2004.0,Inactive,255000,2024-06-27T00:00:00.000Z,76,12.449022745701502
"5888-Buford-St,-Orlando,-FL-32835","5888 Buford St, Orlando, FL 32835",5888 Buford St,,Orlando,FL,32835,Orange,28.507638,-81.462396,single_family,5.0,4.5,2711.0,6501.0,2004.0,Inactive,575000,2024-07-14T00:00:00.000Z,59,13.26212705890841
"1041-S-Hiawassee-Rd,-Apt-3024,-Orlando,-FL-32835","1041 S Hiawassee Rd, Apt 3024, Orlando, FL 32835",1041 S Hiawassee Rd,Apt 3024,Orlando,FL,32835,Orange,28.52991,-81.472313,condo,2.0,2.0,836.0,3781.0,1989.0,Inactive,179900,2023-08-14T00:00:00.000Z,393,12.100161978566867
"6312-Buford-St,-Apt-206,-Orlando,-FL-32835","6312 Buford St, Apt 206, Orlando, FL 32835",6312 Buford St,Apt 206,Orlando,FL,32835,Orange,28.505589,-81.466656,condo,3.0,2.0,1775.0,20473.0,2005.0,Inactive,319900,2023-12-10T00:00:00.000Z,275,12.675766851909591
"1061-S-Hiawassee-Rd,-Apt-1724,-Orlando,-FL-32835","1061 S Hiawassee Rd, Apt 1724, Orlando, FL 32835",1061 S Hiawassee Rd,Apt 1724,Orlando,FL,32835,Orange,28.528991,-81.471977,condo,2.0,2.0,836.0,3969.0,1989.0,Inactive,189900,2024-05-26T00:00:00.000Z,107,12.15425816271595
"7732-Belvoir-Dr,-Orlando,-FL-32835","7732 Belvoir Dr, Orlando, FL 32835",7732 Belvoir Dr,,Orlando,FL,32835,Orange,28.521798,-81.499609,single_family,4.0,3.0,2466.0,9552.0,1994.0,Inactive,625000,2024-06-27T00:00:00.000Z,75,13.345508528717259
"7109-Yacht-Basin-Ave,-Apt-419,-Orlando,-FL-32835","7109 Yacht Basin Ave, Apt 419, Orlando, FL 32835",7109 Yacht Basin Ave,Apt 419,Orlando,FL,32835,Orange,28.512539,-81.4841,condo,3.0,2.0,1206.0,16553.0,1997.0,Inactive,279000,2024-08-31T00:00:00.000Z,10,12.53897064502647
"2652-Robert-Trent-Jones-Dr,-Apt-516,-Orlando,-FL-32835","2652 Robert Trent Jones Dr, Apt 516, Orlando, FL 32835",2652 Robert Trent Jones Dr,Apt 516,Orlando,FL,32835,Orange,28.514178,-81.47185,condo,2.0,2.0,1014.0,9109.0,1995.0,Inactive,195985,2024-07-04T00:00:00.000Z,67,12.185798507090084
"4026-Winderlakes-Dr,-Orlando,-FL-32835","4026 Winderlakes Dr, Orlando, FL 32835",4026 Winderlakes Dr,,Orlando,FL,32835,Orange,28.503113,-81.491681,single_family,3.0,2.5,1924.0,16988.0,1982.0,Inactive,570000,2024-08-20T00:00:00.000Z,20,13.25339339419516
"6328-Raleigh-St,-Apt-814,-Orlando,-FL-32835","6328 Raleigh St, Apt 814, Orlando, FL 32835",6328 Raleigh St,Apt 814,Orlando,FL,32835,Orange,28.527138,-81.468951,condo,1.0,1.0,991.0,4453.0,1997.0,Inactive,210000,2024-08-20T00:00:00.000Z,19,12.25486757159303
"7601-Kings-Passage-Ave,-Orlando,-FL-32835","7601 Kings Passage Ave, Orlando, FL 32835",7601 Kings Passage Ave,,Orlando,FL,32835,Orange,28.506365,-81.492296,single_family,4.0,3.0,2928.0,19166.0,1999.0,Inactive,919900,2024-09-05T00:00:00.000Z,3,13.73202133453934
"2763-Metro-Sevilla-Dr,-Unit-102,-Orlando,-FL-32835","2763 Metro Sevilla Dr, Unit 102, Orlando, FL 32835",2763 Metro Sevilla Dr,Unit 102,Orlando,FL,32835,Orange,28.51294,-81.469468,condo,2.0,2.0,1536.0,1037.0,2005.0,Inactive,287500,2024-01-03T00:00:00.000Z,248,12.568981617474362
"6017-Westgate-Dr,-Apt-923,-Orlando,-FL-32835","6017 Westgate Dr, Apt 923, Orlando, FL 32835",6017 Westgate Dr,Apt 923,Orlando,FL,32835,Orange,28.53383,-81.464654,condo,2.0,2.0,1344.0,4759.0,1999.0,Inactive,225000,2024-07-18T00:00:00.000Z,51,12.323860125621126
"3209-Parkchester-Square-Blvd,-Apt-203,-Orlando,-FL-32835","3209 Parkchester Square Blvd, Apt 203, Orlando, FL 32835",3209 Parkchester Square Blvd,Apt 203,Orlando,FL,32835,Orange,28.509242,-81.471972,condo,1.0,1.0,945.0,10454.0,2000.0,Inactive,180000,2024-08-10T00:00:00.000Z,28,12.100717685412471
"6102-W-Amelia-St,-Orlando,-FL-32835","6102 W Amelia St, Orlando, FL 32835",6102 W Amelia St,,Orlando,FL,32835,Orange,28.548331,-81.465162,single_family,3.0,1.0,864.0,6500.0,1962.0,Inactive,239900,2024-08-26T00:00:00.000Z,12,12.3879816172226
"6153-Metrowest-Blvd,-Unit-104,-Orlando,-FL-32835","6153 Metrowest Blvd, Unit 104, Orlando, FL 32835",6153 Metrowest Blvd,Unit 104,Orlando,FL,32835,Orange,28.515707,-81.46557,condo,3.0,2.0,1285.0,10454.0,2004.0,Inactive,249900,2024-08-08T00:00:00.000Z,29,12.428820118415677
"6609-Chantry-St,-Orlando,-FL-32835","6609 Chantry St, Orlando, FL 32835",6609 Chantry St,,Orlando,FL,32835,Orange,28.544168,-81.474492,single_family,3.0,2.5,1380.0,7668.0,1989.0,Inactive,299000,2024-09-02T00:00:00.000Z,4,12.608202196848836
"5860-Buford-St,-Orlando,-FL-32835","5860 Buford St, Orlando, FL 32835",5860 Buford St,,Orlando,FL,32835,Orange,28.507706,-81.462065,single_family,4.0,2.0,1959.0,7919.0,2004.0,Inactive,400000,2024-06-16T00:00:00.000Z,80,12.899222326086994
"5963-Westgate-Dr,-Apt-1421,-Orlando,-FL-32835","5963 Westgate Dr, Apt 1421, Orlando, FL 32835",5963 Westgate Dr,Apt 1421,Orlando,FL,32835,Orange,28.533411,-81.464136,condo,2.0,2.0,1344.0,4759.0,1999.0,Inactive,217000,2024-08-18T00:00:00.000Z,17,12.28765724080691
"7727-Glynde-Hill-Dr,-Orlando,-FL-32835","7727 Glynde Hill Dr, Orlando, FL 32835",7727 Glynde Hill Dr,,Orlando,FL,32835,Orange,28.52088,-81.498952,single_family,4.0,2.5,2888.0,11761.0,1995.0,Inactive,699900,2024-03-14T00:00:00.000Z,172,13.45869417545215
"6466-Cava-Alta-Dr,-Unit-201,-Orlando,-FL-32835","6466 Cava Alta Dr, Unit 201, Orlando, FL 32835",6466 Cava Alta Dr,Unit 201,Orlando,FL,32835,Orange,28.515269,-81.469251,condo,3.0,2.0,1247.0,1280.0,2005.0,Inactive,327900,2024-01-22T00:00:00.000Z,223,12.700467012538367
"2484-San-Tecla-St,-Unit-310,-Orlando,-FL-32835","2484 San Tecla St, Unit 310, Orlando, FL 32835",2484 San Tecla St,Unit 310,Orlando,FL,32835,Orange,28.514545,-81.468207,condo,3.0,2.0,1412.0,1916.0,2005.0,Inactive,315000,2024-03-04T00:00:00.000Z,181,12.660331092405906
"1027-S-Hiawassee-Rd,-Apt-2323,-Orlando,-FL-32835","1027 S Hiawassee Rd, Apt 2323, Orlando, FL 32835",1027 S Hiawassee Rd,Apt 2323,Orlando,FL,32835,Orange,28.528801,-81.473225,condo,2.0,2.0,836.0,3610.0,1989.0,Inactive,199900,2024-05-14T00:00:00.000Z,110,12.20557752297723
"314-Mileham-Dr,-Orlando,-FL-32835","314 Mileham Dr, Orlando, FL 32835",314 Mileham Dr,,Orlando,FL,32835,Orange,28.536837,-81.501665,single_family,4.0,3.0,3632.0,21344.0,1969.0,Inactive,995000,2024-08-16T00:00:00.000Z,16,13.81049902116535
"7818-Bay-Cedar-Dr,-Orlando,-FL-32835","7818 Bay Cedar Dr, Orlando, FL 32835",7818 Bay Cedar Dr,,Orlando,FL,32835,Orange,28.531236,-81.491036,single_family,2.0,2.0,975.0,10454.0,1986.0,Inactive,305000,2024-07-17T00:00:00.000Z,45,12.628070334272698
"6627-Queens-Borough-Ave,-Apt-207,-Orlando,-FL-32835","6627 Queens Borough Ave, Apt 207, Orlando, FL 32835",6627 Queens Borough Ave,Apt 207,Orlando,FL,32835,Orange,28.508927,-81.473582,condo,2.0,2.0,1107.0,11326.0,2000.0,Inactive,200000,2024-08-21T00:00:00.000Z,10,12.206077645517674
"3250-Corona-Village-Way,-Apt-102,-Orlando,-FL-32835","3250 Corona Village Way, Apt 102, Orlando, FL 32835",3250 Corona Village Way,Apt 102,Orlando,FL,32835,Orange,28.508577,-81.475708,condo,2.0,2.0,1107.0,11761.0,2000.0,Inactive,229900,2024-05-18T00:00:00.000Z,104,12.345404060459082
"6112-Westgate-Dr,-Apt-204,-Orlando,-FL-32835","6112 Westgate Dr, Apt 204, Orlando, FL 32835",6112 Westgate Dr,Apt 204,Orlando,FL,32835,Orange,28.531769,-81.467266,condo,1.0,1.0,1228.0,4445.0,1988.0,Inactive,169000,2024-05-22T00:00:00.000Z,100,12.037659911047468
"3503-Bellington-Dr,-Orlando,-FL-32835","3503 Bellington Dr, Orlando, FL 32835",3503 Bellington Dr,,Orlando,FL,32835,Orange,28.502199,-81.492232,single_family,4.0,4.0,3356.0,17860.0,1998.0,Inactive,899990,2024-06-26T00:00:00.000Z,65,13.710140042256448
"1089-S-Hiawassee-Rd,-Apt-313,-Orlando,-FL-32835","1089 S Hiawassee Rd, Apt 313, Orlando, FL 32835",1089 S Hiawassee Rd,Apt 313,Orlando,FL,32835,Orange,28.527301,-81.472552,condo,2.0,2.0,934.0,4110.0,1989.0,Inactive,185900,2023-10-20T00:00:00.000Z,314,12.132969552931216
"1033-Almond-Tree-Cir,-Orlando,-FL-32835","1033 Almond Tree Cir, Orlando, FL 32835",1033 Almond Tree Cir,,Orlando,FL,32835,Orange,28.528574,-81.506127,single_family,4.0,3.0,2414.0,16988.0,1988.0,Inactive,615000,2024-05-25T00:00:00.000Z,96,13.329379172803593
"7452-Herricks-Loop,-Orlando,-FL-32835","7452 Herricks Loop, Orlando, FL 32835",7452 Herricks Loop,,Orlando,FL,32835,Orange,28.542298,-81.484337,single_family,4.0,2.0,1672.0,10454.0,1990.0,Inactive,449000,2024-06-09T00:00:00.000Z,81,13.014780393893403
"6312-Buford-St,-Apt-808,-Orlando,-FL-32835","6312 Buford St, Apt 808, Orlando, FL 32835",6312 Buford St,Apt 808,Orlando,FL,32835,Orange,28.505589,-81.466656,condo,3.0,2.5,2345.0,20473.0,2005.0,Inactive,499900,2024-08-12T00:00:00.000Z,17,13.12216535779974
"6154-Westgate-Dr,-Apt-302,-Orlando,-FL-32835","6154 Westgate Dr, Apt 302, Orlando, FL 32835",6154 Westgate Dr,Apt 302,Orlando,FL,32835,Orange,28.530558,-81.466455,condo,1.0,1.0,1228.0,4445.0,1988.0,Inactive,179000,2024-07-17T00:00:00.000Z,42,12.095146671399466
"6088-Westgate-Dr,-Apt-201,-Orlando,-FL-32835","6088 Westgate Dr, Apt 201, Orlando, FL 32835",6088 Westgate Dr,Apt 201,Orlando,FL,32835,Orange,28.532118,-81.466087,condo,2.0,1.0,1342.0,4445.0,1988.0,Inactive,198000,2024-08-14T00:00:00.000Z,14,12.19602736016897
"8085-Sweetgum-Loop,-Orlando,-FL-32835","8085 Sweetgum Loop, Orlando, FL 32835",8085 Sweetgum Loop,,Orlando,FL,32835,Orange,28.532519,-81.492605,single_family,3.0,2.0,1751.0,13504.0,1986.0,Inactive,465000,2024-08-21T00:00:00.000Z,7,13.049794835104816
"6214-Stevenson-Dr,-Unit-202,-Orlando,-FL-32835","6214 Stevenson Dr, Unit 202, Orlando, FL 32835",6214 Stevenson Dr,Unit 202,Orlando,FL,32835,Orange,28.508604,-81.466102,condo,2.0,2.0,1050.0,15246.0,2002.0,Inactive,224900,2024-03-06T00:00:00.000Z,174,12.323415584358154
"6663-Queens-Borough-Ave,-Apt-206,-Orlando,-FL-32835","6663 Queens Borough Ave, Apt 206, Orlando, FL 32835",6663 Queens Borough Ave,Apt 206,Orlando,FL,32835,Orange,28.50892,-81.474217,condo,2.0,1.0,1035.0,11326.0,2000.0,Inactive,199000,2024-05-17T00:00:00.000Z,102,12.201065128819632
"7667-Blue-Quail-Ln,-Orlando,-FL-32835","7667 Blue Quail Ln, Orlando, FL 32835",7667 Blue Quail Ln,,Orlando,FL,32835,Orange,28.515395,-81.502942,single_family,5.0,5.0,4098.0,20038.0,2019.0,Inactive,1750000,2024-05-31T00:00:00.000Z,88,14.375126917328105
"3250-Corona-Village-Way,-Apt-205,-Orlando,-FL-32835","3250 Corona Village Way, Apt 205, Orlando, FL 32835",3250 Corona Village Way,Apt 205,Orlando,FL,32835,Orange,28.508577,-81.475708,condo,2.0,2.0,1233.0,11761.0,2000.0,Inactive,189000,2024-07-23T00:00:00.000Z,35,12.149507585033072
"3420-Greenwich-Village-Blvd,-Apt-101,-Orlando,-FL-32835","3420 Greenwich Village Blvd, Apt 101, Orlando, FL 32835",3420 Greenwich Village Blvd,Apt 101,Orlando,FL,32835,Orange,28.507199,-81.471792,condo,1.0,1.0,885.0,8756.0,2000.0,Inactive,175000,2024-04-10T00:00:00.000Z,136,12.07254696717504
"6154-Westgate-Dr,-Apt-103,-Orlando,-FL-32835","6154 Westgate Dr, Apt 103, Orlando, FL 32835",6154 Westgate Dr,Apt 103,Orlando,FL,32835,Orange,28.530558,-81.466455,condo,1.0,1.0,722.0,4484.0,1988.0,Inactive,169900,2024-06-05T00:00:00.000Z,80,12.042971193457888
"3480-Soho-St,-Apt-305,-Orlando,-FL-32835","3480 Soho St, Apt 305, Orlando, FL 32835",3480 Soho St,Apt 305,Orlando,FL,32835,Orange,28.506093,-81.472419,condo,1.0,1.0,945.0,11761.0,2000.0,Inactive,165300,2024-07-16T00:00:00.000Z,39,12.015523333397592
"4342-Woodtree-Ln,-Orlando,-FL-32835","4342 Woodtree Ln, Orlando, FL 32835",4342 Woodtree Ln,,Orlando,FL,32835,Orange,28.500019,-81.481953,single_family,4.0,2.5,2921.0,24394.0,1984.0,Inactive,795000,2024-07-19T00:00:00.000Z,36,13.586098651497313
"5974-Westgate-Dr,-Apt-103,-Orlando,-FL-32835","5974 Westgate Dr, Apt 103, Orlando, FL 32835",5974 Westgate Dr,Apt 103,Orlando,FL,32835,Orange,28.530649,-81.463515,condo,2.0,2.0,991.0,5936.0,1988.0,Inactive,205000,2024-05-31T00:00:00.000Z,81,12.230770136157428
"1225-Almond-Tree-Ct,-Orlando,-FL-32835","1225 Almond Tree Ct, Orlando, FL 32835",1225 Almond Tree Ct,,Orlando,FL,32835,Orange,28.523622,-81.507803,single_family,4.0,2.5,2380.0,22651.0,1989.0,Inactive,710000,2024-07-28T00:00:00.000Z,23,13.47302165746721
"3545-Shallot-Dr,-Unit-101,-Orlando,-FL-32835","3545 Shallot Dr, Unit 101, Orlando, FL 32835",3545 Shallot Dr,Unit 101,Orlando,FL,32835,Orange,28.507467,-81.46989,townhouse,3.0,2.5,1665.0,1026.0,2004.0,Inactive,345000,2024-06-26T00:00:00.000Z,54,12.75130259456002
"7921-Sebago-Ct,-Orlando,-FL-32835","7921 Sebago Ct, Orlando, FL 32835",7921 Sebago Ct,,Orlando,FL,32835,Orange,28.50512,-81.490717,single_family,4.0,2.0,2540.0,14810.0,1984.0,Inactive,749000,2024-07-31T00:00:00.000Z,19,13.52649559761195
"8104-Westminster-Abbey-Blvd,-Orlando,-FL-32835","8104 Westminster Abbey Blvd, Orlando, FL 32835",8104 Westminster Abbey Blvd,,Orlando,FL,32835,Orange,28.507457,-81.504033,single_family,4.0,3.0,2514.0,15682.0,2000.0,Inactive,715000,2024-08-15T00:00:00.000Z,4,13.480039220276565
"7862-Canyon-Lake-Cir,-Orlando,-FL-32835","7862 Canyon Lake Cir, Orlando, FL 32835",7862 Canyon Lake Cir,,Orlando,FL,32835,Orange,28.529149,-81.491143,single_family,4.0,2.0,2141.0,10454.0,1991.0,Inactive,538000,2024-06-15T00:00:00.000Z,63,13.195615697878253
"7685-Milano-Dr,-Orlando,-FL-32835","7685 Milano Dr, Orlando, FL 32835",7685 Milano Dr,,Orlando,FL,32835,Orange,28.520868,-81.497072,single_family,4.0,3.0,2481.0,8827.0,1995.0,Inactive,747400,2024-07-13T00:00:00.000Z,35,13.52435713400426
"407-Sandpiper-Ridge-Dr,-Orlando,-FL-32835","407 Sandpiper Ridge Dr, Orlando, FL 32835",407 Sandpiper Ridge Dr,,Orlando,FL,32835,Orange,28.546184,-81.4907,single_family,2.0,2.0,1359.0,9814.0,1988.0,Inactive,350000,2024-07-31T00:00:00.000Z,15,12.765691290604371
"1055-S-Hiawassee-Rd,-Apt-2023,-Orlando,-FL-32835","1055 S Hiawassee Rd, Apt 2023, Orlando, FL 32835",1055 S Hiawassee Rd,Apt 2023,Orlando,FL,32835,Orange,28.528563,-81.472734,condo,1.0,1.0,627.0,7535.0,1989.0,Inactive,159000,2024-08-10T00:00:00.000Z,5,11.976665770490767
"2595-Metro-Sevilla-Dr,-Unit-108,-Orlando,-FL-32835","2595 Metro Sevilla Dr, Unit 108, Orlando, FL 32835",2595 Metro Sevilla Dr,Unit 108,Orlando,FL,32835,Orange,28.513733,-81.46975,condo,3.0,2.0,1857.0,1037.0,2005.0,Inactive,333500,2024-04-27T00:00:00.000Z,109,12.717401142834069
"1729-Cheltenborough-Dr,-Orlando,-FL-32835","1729 Cheltenborough Dr, Orlando, FL 32835",1729 Cheltenborough Dr,,Orlando,FL,32835,Orange,28.521292,-81.501617,single_family,5.0,3.0,3851.0,10890.0,1995.0,Inactive,649900,2024-03-07T00:00:00.000Z,159,13.384575322579519
"8154-Saint-Albans-Dr,-Orlando,-FL-32835","8154 Saint Albans Dr, Orlando, FL 32835",8154 Saint Albans Dr,,Orlando,FL,32835,Orange,28.534816,-81.494593,single_family,4.0,2.0,2368.0,9985.0,1989.0,Inactive,575000,2024-07-16T00:00:00.000Z,28,13.26212705890841
"6207-Chantry-St,-Orlando,-FL-32835","6207 Chantry St, Orlando, FL 32835",6207 Chantry St,,Orlando,FL,32835,Orange,28.544442,-81.466514,single_family,3.0,1.5,1028.0,6434.0,1983.0,Inactive,175000,2024-08-10T00:00:00.000Z,2,12.07254696717504
"7201-Black-Bull-Ln,-Orlando,-FL-32835","7201 Black Bull Ln, Orlando, FL 32835",7201 Black Bull Ln,,Orlando,FL,32835,Orange,28.520922,-81.483707,single_family,4.0,3.5,2451.0,7788.0,1995.0,Inactive,739900,2024-07-25T00:00:00.000Z,17,13.51427167244672
"3392-Westchester-Square-Blvd,-Apt-102,-Orlando,-FL-32835","3392 Westchester Square Blvd, Apt 102, Orlando, FL 32835",3392 Westchester Square Blvd,Apt 102,Orlando,FL,32835,Orange,28.507127,-81.472921,condo,2.0,2.0,1235.0,6122.0,2000.0,Inactive,200000,2024-03-05T00:00:00.000Z,158,12.206077645517674
"2564-Robert-Trent-Jones-Dr,-Apt-1323,-Orlando,-FL-32835","2564 Robert Trent Jones Dr, Apt 1323, Orlando, FL 32835",2564 Robert Trent Jones Dr,Apt 1323,Orlando,FL,32835,Orange,28.515843,-81.472902,condo,1.0,1.0,674.0,9384.0,1995.0,Inactive,165000,2024-07-09T00:00:00.000Z,32,12.013706813470414
"6308-Raleigh-St,-Apt-311,-Orlando,-FL-32835","6308 Raleigh St, Apt 311, Orlando, FL 32835",6308 Raleigh St,Apt 311,Orlando,FL,32835,Orange,28.526968,-81.468095,condo,1.0,1.0,991.0,4539.0,1997.0,Inactive,215000,2024-07-17T00:00:00.000Z,24,12.278397958261774
"2525-Diamond-Ridge-Ct,-Orlando,-FL-32835","2525 Diamond Ridge Ct, Orlando, FL 32835",2525 Diamond Ridge Ct,,Orlando,FL,32835,Orange,28.515523,-81.503624,single_family,5.0,4.5,4990.0,15246.0,2019.0,Inactive,1560000,2024-04-09T00:00:00.000Z,121,14.260197020251155
"154-Cranfield-Ct,-Orlando,-FL-32835","154 Cranfield Ct, Orlando, FL 32835",154 Cranfield Ct,,Orlando,FL,32835,Orange,28.543116,-81.491956,single_family,3.0,2.0,1180.0,11761.0,1986.0,Inactive,360000,2024-06-05T00:00:00.000Z,63,12.793862088206213
"208-Cherry-Laurel-Dr,-Orlando,-FL-32835","208 Cherry Laurel Dr, Orlando, FL 32835",208 Cherry Laurel Dr,,Orlando,FL,32835,Orange,28.543396,-81.48066,single_family,3.0,2.0,1734.0,9199.0,1978.0,Inactive,399000,2024-04-10T00:00:00.000Z,118,12.896719202134523
"7612-Telegraph-Hill-Rd,-Orlando,-FL-32835","7612 Telegraph Hill Rd, Orlando, FL 32835",7612 Telegraph Hill Rd,,Orlando,FL,32835,Orange,28.53591,-81.486856,single_family,3.0,2.0,1567.0,5500.0,1989.0,Inactive,415000,2024-07-15T00:00:00.000Z,22,12.936036208848487
"3356-Robert-Trent-Jones-Dr,-Unit-108,-Orlando,-FL-32835","3356 Robert Trent Jones Dr, Unit 108, Orlando, FL 32835",3356 Robert Trent Jones Dr,Unit 108,Orlando,FL,32835,Orange,28.505545,-81.472183,condo,3.0,2.0,2129.0,8756.0,2008.0,Inactive,359900,2024-04-05T00:00:00.000Z,120,12.79358427261286
"2586-Robert-Trent-Jones-Dr,-Apt-1125,-Orlando,-FL-32835","2586 Robert Trent Jones Dr, Apt 1125, Orlando, FL 32835",2586 Robert Trent Jones Dr,Apt 1125,Orlando,FL,32835,Orange,28.514713,-81.472882,condo,1.0,1.0,854.0,11326.0,1995.0,Inactive,165000,2024-05-04T00:00:00.000Z,91,12.013706813470414
"3907-Winding-Lake-Cir,-Orlando,-FL-32835","3907 Winding Lake Cir, Orlando, FL 32835",3907 Winding Lake Cir,,Orlando,FL,32835,Orange,28.496018,-81.492311,single_family,4.0,4.5,3709.0,18295.0,1996.0,Inactive,959900,2024-05-13T00:00:00.000Z,82,13.774585433126271
"6434-Cava-Alta-Dr,-Unit-209,-Orlando,-FL-32835","6434 Cava Alta Dr, Unit 209, Orlando, FL 32835",6434 Cava Alta Dr,Unit 209,Orlando,FL,32835,Orange,28.515449,-81.468791,condo,3.0,2.0,1447.0,1917.0,2005.0,Inactive,315000,2024-02-16T00:00:00.000Z,168,12.660331092405906
"6388-Raleigh-St,-Apt-2713,-Orlando,-FL-32835","6388 Raleigh St, Apt 2713, Orlando, FL 32835",6388 Raleigh St,Apt 2713,Orlando,FL,32835,Orange,28.525329,-81.467979,condo,1.0,1.0,499.0,6010.0,1997.0,Inactive,160000,2024-07-10T00:00:00.000Z,23,11.982935344196433
"6258-Castelven-Dr,-Unit-102,-Orlando,-FL-32835","6258 Castelven Dr, Unit 102, Orlando, FL 32835",6258 Castelven Dr,Unit 102,Orlando,FL,32835,Orange,28.511846,-81.46654,townhouse,3.0,2.5,1682.0,983.0,2005.0,Inactive,360000,2024-07-18T00:00:00.000Z,15,12.793862088206213
"3468-Soho-St,-Apt-101,-Orlando,-FL-32835","3468 Soho St, Apt 101, Orlando, FL 32835",3468 Soho St,Apt 101,Orlando,FL,32835,Orange,28.506421,-81.472907,condo,2.0,2.0,1107.0,11761.0,2000.0,Inactive,200000,2024-03-04T00:00:00.000Z,150,12.206077645517674
"3391-Parkchester-Square-Blvd,-Apt-204,-Orlando,-FL-32835","3391 Parkchester Square Blvd, Apt 204, Orlando, FL 32835",3391 Parkchester Square Blvd,Apt 204,Orlando,FL,32835,Orange,28.508158,-81.471029,condo,2.0,2.0,1256.0,5310.0,2000.0,Inactive,238900,2024-06-17T00:00:00.000Z,44,12.38380451915696
"6142-Se-Westgate-Dr-E,-Apt-201,-Orlando,-FL-32835","6142 Se Westgate Dr E, Apt 201, Orlando, FL 32835",6142 Se Westgate Dr E,Apt 201,Orlando,FL,32835,Orange,28.531,-81.46586,condo,2.0,2.0,943.0,5936.0,1988.0,Inactive,189999,2024-03-18T00:00:00.000Z,134,12.154779351142624
"6336-Buford-St,-Apt-709,-Orlando,-FL-32835","6336 Buford St, Apt 709, Orlando, FL 32835",6336 Buford St,Apt 709,Orlando,FL,32835,Orange,28.505579,-81.467714,condo,3.0,2.0,2010.0,20473.0,2005.0,Inactive,410000,2024-05-20T00:00:00.000Z,71,12.923914877701906
"7340-Westpointe-Blvd,-Apt-322,-Orlando,-FL-32835","7340 Westpointe Blvd, Apt 322, Orlando, FL 32835",7340 Westpointe Blvd,Apt 322,Orlando,FL,32835,Orange,28.517035,-81.489026,condo,1.0,1.0,842.0,8756.0,1994.0,Inactive,175000,2024-01-27T00:00:00.000Z,184,12.07254696717504
"7210-Westpointe-Blvd,-Apt-1311,-Orlando,-FL-32835","7210 Westpointe Blvd, Apt 1311, Orlando, FL 32835",7210 Westpointe Blvd,Apt 1311,Orlando,FL,32835,Orange,28.516808,-81.48638,condo,2.0,2.0,1080.0,8756.0,1994.0,Inactive,199899,2024-06-17T00:00:00.000Z,40,12.205572520488492
"8129-Canyon-Lake-Cir,-Orlando,-FL-32835","8129 Canyon Lake Cir, Orlando, FL 32835",8129 Canyon Lake Cir,,Orlando,FL,32835,Orange,28.528684,-81.490221,single_family,4.0,3.0,2404.0,11761.0,1991.0,Inactive,789000,2024-03-26T00:00:00.000Z,122,13.578522867254332
"132-Lake-Dr,-Orlando,-FL-32835","132 Lake Dr, Orlando, FL 32835",132 Lake Dr,,Orlando,FL,32835,Orange,28.54177,-81.498371,single_family,2.0,1.0,902.0,7625.0,1984.0,Inactive,320000,2024-07-05T00:00:00.000Z,21,12.676079399771027
"3567-Shallot-Dr,-Unit-103,-Orlando,-FL-32835","3567 Shallot Dr, Unit 103, Orlando, FL 32835",3567 Shallot Dr,Unit 103,Orlando,FL,32835,Orange,28.506806,-81.469578,condo,2.0,2.5,1546.0,982.0,2004.0,Inactive,309000,2024-05-17T00:00:00.000Z,69,12.6410997921206
"7837-Pineapple-Dr,-Orlando,-FL-32835","7837 Pineapple Dr, Orlando, FL 32835",7837 Pineapple Dr,,Orlando,FL,32835,Orange,28.535106,-81.491341,single_family,3.0,2.0,1120.0,11326.0,1984.0,Inactive,359900,2024-07-19T00:00:00.000Z,6,12.79358427261286
"7265-Tallowtree-Ln,-Orlando,-FL-32835","7265 Tallowtree Ln, Orlando, FL 32835",7265 Tallowtree Ln,,Orlando,FL,32835,Orange,28.544361,-81.481653,single_family,3.0,2.5,1821.0,12197.0,1984.0,Inactive,409900,2024-05-30T00:00:00.000Z,55,12.923670946108873
"2544-Robert-Trent-Jones-Dr,-Apt-820,-Orlando,-FL-32835","2544 Robert Trent Jones Dr, Apt 820, Orlando, FL 32835",2544 Robert Trent Jones Dr,Apt 820,Orlando,FL,32835,Orange,28.515914,-81.472203,condo,3.0,2.0,1295.0,11761.0,1995.0,Inactive,210000,2024-06-14T00:00:00.000Z,40,12.25486757159303
"7330-Westpointe-Blvd,-Apt-436,-Orlando,-FL-32835","7330 Westpointe Blvd, Apt 436, Orlando, FL 32835",7330 Westpointe Blvd,Apt 436,Orlando,FL,32835,Orange,28.516597,-81.489907,condo,2.0,2.0,1072.0,6033.0,1994.0,Inactive,199900,2024-06-20T00:00:00.000Z,34,12.20557752297723
"2336-Baesel-View-Dr,-Orlando,-FL-32835","2336 Baesel View Dr, Orlando, FL 32835",2336 Baesel View Dr,,Orlando,FL,32835,Orange,28.516576,-81.496192,single_family,4.0,4.0,2939.0,14810.0,1996.0,Inactive,799998,2024-07-12T00:00:00.000Z,12,13.592365756649283
"1081-S-Hiawassee-Rd,-Apt-715,-Orlando,-FL-32835","1081 S Hiawassee Rd, Apt 715, Orlando, FL 32835",1081 S Hiawassee Rd,Apt 715,Orlando,FL,32835,Orange,28.528024,-81.471523,condo,1.0,1.0,627.0,7434.0,1989.0,Inactive,155000,2024-05-31T00:00:00.000Z,53,11.951186847493476
"2600-Robert-Trent-Jones-Dr,-Apt-927,-Orlando,-FL-32835","2600 Robert Trent Jones Dr, Apt 927, Orlando, FL 32835",2600 Robert Trent Jones Dr,Apt 927,Orlando,FL,32835,Orange,28.513755,-81.472854,condo,2.0,2.0,1150.0,10890.0,1995.0,Inactive,220000,2024-07-16T00:00:00.000Z,7,12.301387370778713
"3209-Parkchester-Square-Blvd,-Apt-206,-Orlando,-FL-32835","3209 Parkchester Square Blvd, Apt 206, Orlando, FL 32835",3209 Parkchester Square Blvd,Apt 206,Orlando,FL,32835,Orange,28.509242,-81.471972,condo,2.0,2.0,1233.0,10454.0,2000.0,Inactive,232900,2023-12-01T00:00:00.000Z,234,12.358368749551493
"7763-Blue-Quail-Ln,-Orlando,-FL-32835","7763 Blue Quail Ln, Orlando, FL 32835",7763 Blue Quail Ln,,Orlando,FL,32835,Orange,28.513122,-81.504927,single_family,5.0,4.5,4969.0,15246.0,2019.0,Inactive,1880000,2024-02-29T00:00:00.000Z,143,14.446782866720884
"2700-Grantham-Ct,-Orlando,-FL-32835","2700 Grantham Ct, Orlando, FL 32835",2700 Grantham Ct,,Orlando,FL,32835,Orange,28.514429,-81.491527,single_family,3.0,2.0,1679.0,9820.0,1990.0,Inactive,415000,2024-06-29T00:00:00.000Z,22,12.936036208848487
"6485-Ranelagh-Dr,-Unit-103,-Orlando,-FL-32835","6485 Ranelagh Dr, Unit 103, Orlando, FL 32835",6485 Ranelagh Dr,Unit 103,Orlando,FL,32835,Orange,28.506499,-81.469434,townhouse,2.0,2.5,1546.0,975.0,2004.0,Inactive,310000,2024-05-22T00:00:00.000Z,59,12.644330802262578
"6142-Westgate-Dr,-Apt-303,-Orlando,-FL-32835","6142 Westgate Dr, Apt 303, Orlando, FL 32835",6142 Westgate Dr,Apt 303,Orlando,FL,32835,Orange,28.531,-81.46586,townhouse,2.0,2.0,1422.0,8756.0,1988.0,Inactive,220000,2024-05-31T00:00:00.000Z,50,12.301387370778713
"3338-Robert-Trent-Jones-Dr,---20204,-Orlando,-FL-32835","3338 Robert Trent Jones Dr, # 20204, Orlando, FL 32835",3338 Robert Trent Jones Dr,# 20204,Orlando,FL,32835,Orange,28.505791,-81.471161,condo,2.0,2.0,1112.0,16117.0,2009.0,Inactive,223000,2024-06-18T00:00:00.000Z,32,12.314931534737134
"238-Lake-Dr,-Orlando,-FL-32835","238 Lake Dr, Orlando, FL 32835",238 Lake Dr,,Orlando,FL,32835,Orange,28.543959,-81.49818,single_family,5.0,3.0,1798.0,13068.0,1989.0,Inactive,399000,2024-06-21T00:00:00.000Z,29,12.896719202134523
"6141-Metrowest-Blvd,-Unit-103,-Orlando,-FL-32835","6141 Metrowest Blvd, Unit 103, Orlando, FL 32835",6141 Metrowest Blvd,Unit 103,Orlando,FL,32835,Orange,28.517033,-81.465586,condo,3.0,2.0,1285.0,1285.0,2004.0,Inactive,254900,2024-02-10T00:00:00.000Z,159,12.448630513463613
"7910-Pineapple-Dr,-Orlando,-FL-32835","7910 Pineapple Dr, Orlando, FL 32835",7910 Pineapple Dr,,Orlando,FL,32835,Orange,28.535102,-81.492083,single_family,3.0,2.0,1372.0,14375.0,1985.0,Inactive,315000,2024-07-11T00:00:00.000Z,7,12.660331092405906
"2832-Ripton-Ct,-Orlando,-FL-32835","2832 Ripton Ct, Orlando, FL 32835",2832 Ripton Ct,,Orlando,FL,32835,Orange,28.511384,-81.490085,single_family,3.0,2.5,1975.0,6750.0,1991.0,Inactive,439900,2024-07-11T00:00:00.000Z,6,12.994304980578146
"7775-Conroy-Windermere-Rd,-Orlando,-FL-32835","7775 Conroy Windermere Rd, Orlando, FL 32835",7775 Conroy Windermere Rd,,Orlando,FL,32835,Orange,28.494717,-81.487497,land,3.0,1.0,1803.0,93654.0,1955.0,Inactive,2800000,2024-06-03T00:00:00.000Z,43,14.845130332288226
"7995-Canyon-Lake-Cir,-Orlando,-FL-32835","7995 Canyon Lake Cir, Orlando, FL 32835",7995 Canyon Lake Cir,,Orlando,FL,32835,Orange,28.527579,-81.49612,single_family,4.0,3.0,2234.0,13939.0,1994.0,Inactive,750000,2024-06-26T00:00:00.000Z,20,13.527829818844937
"6141-Ne-Metrowest-Blvd-E,-Unit-303,-Orlando,-FL-32835","6141 Ne Metrowest Blvd E, Unit 303, Orlando, FL 32835",6141 Ne Metrowest Blvd E,Unit 303,Orlando,FL,32835,Orange,28.517033,-81.465586,condo,3.0,2.0,1285.0,10454.0,2004.0,Inactive,274000,2024-06-26T00:00:00.000Z,20,12.520887034998584
"7220-Westpointe-Blvd,-Apt-1427,-Orlando,-FL-32835","7220 Westpointe Blvd, Apt 1427, Orlando, FL 32835",7220 Westpointe Blvd,Apt 1427,Orlando,FL,32835,Orange,28.516012,-81.486847,condo,3.0,2.5,1466.0,8000.0,1994.0,Inactive,249900,2024-04-21T00:00:00.000Z,83,12.428820118415677
"7152-Harbor-Heights-Dr,-Orlando,-FL-32835","7152 Harbor Heights Dr, Orlando, FL 32835",7152 Harbor Heights Dr,,Orlando,FL,32835,Orange,28.537265,-81.478446,multi-family,3.0,2.0,1542.0,5070.0,1982.0,Inactive,299900,2024-04-30T00:00:00.000Z,73,12.611207699176356
"3446-Soho-St,-Apt-204,-Orlando,-FL-32835","3446 Soho St, Apt 204, Orlando, FL 32835",3446 Soho St,Apt 204,Orlando,FL,32835,Orange,28.506751,-81.473445,condo,2.0,2.0,1233.0,11761.0,2000.0,Inactive,189000,2024-02-07T00:00:00.000Z,155,12.149507585033072
"6448-Old-Park-Ln,-Unit-103,-Orlando,-FL-32835","6448 Old Park Ln, Unit 103, Orlando, FL 32835",6448 Old Park Ln,Unit 103,Orlando,FL,32835,Orange,28.514053,-81.468901,condo,3.0,2.0,1438.0,1023.0,2005.0,Inactive,320000,2024-05-16T00:00:00.000Z,56,12.676079399771027
"7147-Yacht-Basin-Ave,-Apt-123,-Orlando,-FL-32835","7147 Yacht Basin Ave, Apt 123, Orlando, FL 32835",7147 Yacht Basin Ave,Apt 123,Orlando,FL,32835,Orange,28.513265,-81.485006,condo,3.0,2.0,1408.0,16553.0,1997.0,Inactive,274900,2024-03-12T00:00:00.000Z,120,12.524166311833152
"6434-Cava-Alta-Dr,-Unit-401,-Orlando,-FL-32835","6434 Cava Alta Dr, Unit 401, Orlando, FL 32835",6434 Cava Alta Dr,Unit 401,Orlando,FL,32835,Orange,28.515345,-81.468493,condo,3.0,2.0,1247.0,1260.0,2005.0,Inactive,329900,2024-03-22T00:00:00.000Z,110,12.706547888433661
"3250-Corona-Village-Way,-Apt-202,-Orlando,-FL-32835","3250 Corona Village Way, Apt 202, Orlando, FL 32835",3250 Corona Village Way,Apt 202,Orlando,FL,32835,Orange,28.508577,-81.475708,condo,2.0,2.0,1107.0,11761.0,2000.0,Inactive,269900,2024-03-24T00:00:00.000Z,107,12.505810504075185
"4403-Willow-Shade-Ct,-Orlando,-FL-32835","4403 Willow Shade Ct, Orlando, FL 32835",4403 Willow Shade Ct,,Orlando,FL,32835,Orange,28.499099,-81.499246,single_family,5.0,3.5,3525.0,27007.0,1988.0,Inactive,1060000,2024-04-26T00:00:00.000Z,74,13.87378040948403
"6135-Metrowest-Blvd,-Unit-104,-Orlando,-FL-32835","6135 Metrowest Blvd, Unit 104, Orlando, FL 32835",6135 Metrowest Blvd,Unit 104,Orlando,FL,32835,Orange,28.517378,-81.464531,townhouse,2.0,2.0,1386.0,469.0,2004.0,Inactive,279000,2024-06-02T00:00:00.000Z,36,12.53897064502647
"6100-S-Stevenson-Dr,-Unit-107,-Orlando,-FL-32835","6100 S Stevenson Dr, Unit 107, Orlando, FL 32835",6100 S Stevenson Dr,Unit 107,Orlando,FL,32835,Orange,28.508575,-81.464783,condo,2.0,2.0,1050.0,15246.0,2003.0,Inactive,245000,2024-05-10T00:00:00.000Z,57,12.409017571151187
"6106-Melbourne-Ave,-Orlando,-FL-32835","6106 Melbourne Ave, Orlando, FL 32835",6106 Melbourne Ave,,Orlando,FL,32835,Orange,28.546182,-81.465366,single_family,4.0,2.0,1182.0,6496.0,1960.0,Inactive,324900,2024-06-13T00:00:00.000Z,23,12.691275799522568
"7109-Wooded-Village-Ln,-Orlando,-FL-32835","7109 Wooded Village Ln, Orlando, FL 32835",7109 Wooded Village Ln,,Orlando,FL,32835,Orange,28.495073,-81.476157,single_family,4.0,3.0,2359.0,20909.0,1986.0,Inactive,760000,2024-05-23T00:00:00.000Z,43,13.541075028051122
"112-N-Hudson-St,-Orlando,-FL-32835","112 N Hudson St, Orlando, FL 32835",112 N Hudson St,,Orlando,FL,32835,Orange,28.543277,-81.461677,single_family,3.0,2.0,1391.0,6752.0,2004.0,Inactive,337500,2024-06-06T00:00:00.000Z,29,12.729323752253295
"7845-Jaffa-Dr,-Orlando,-FL-32835","7845 Jaffa Dr, Orlando, FL 32835",7845 Jaffa Dr,,Orlando,FL,32835,Orange,28.5365,-81.492119,single_family,3.0,2.0,1391.0,13939.0,1984.0,Inactive,375000,2024-06-28T00:00:00.000Z,7,12.834683971615659
"5980-Westgate-Dr,-Apt-204,-Orlando,-FL-32835","5980 Westgate Dr, Apt 204, Orlando, FL 32835",5980 Westgate Dr,Apt 204,Orlando,FL,32835,Orange,28.530584,-81.463831,condo,2.0,2.0,991.0,5936.0,1988.0,Inactive,185000,2024-04-25T00:00:00.000Z,70,12.128116509451258
"1023-S-Hiawassee-Rd,-Apt-4028,-Orlando,-FL-32835","1023 S Hiawassee Rd, Apt 4028, Orlando, FL 32835",1023 S Hiawassee Rd,Apt 4028,Orlando,FL,32835,Orange,28.528533,-81.473945,condo,2.0,2.0,934.0,7485.0,1989.0,Inactive,200000,2024-05-21T00:00:00.000Z,44,12.206077645517674
"124-Mileham-Dr,-Orlando,-FL-32835","124 Mileham Dr, Orlando, FL 32835",124 Mileham Dr,,Orlando,FL,32835,Orange,28.540232,-81.503875,single_family,3.0,3.0,3978.0,42253.0,1970.0,Inactive,775000,2024-06-23T00:00:00.000Z,11,13.560619598657233
"6151-Metrowest-Blvd,-Unit-106,-Orlando,-FL-32835","6151 Metrowest Blvd, Unit 106, Orlando, FL 32835",6151 Metrowest Blvd,Unit 106,Orlando,FL,32835,Orange,28.516017,-81.466063,condo,1.0,1.5,731.0,6281.0,2004.0,Inactive,185000,2024-05-23T00:00:00.000Z,41,12.128116509451258
"3314-Robert-Trent-Jones-Dr,-Unit-204,-Orlando,-FL-32835","3314 Robert Trent Jones Dr, Unit 204, Orlando, FL 32835",3314 Robert Trent Jones Dr,Unit 204,Orlando,FL,32835,Orange,28.506968,-81.47094,condo,3.0,2.0,1447.0,16117.0,2007.0,Inactive,259900,2024-05-19T00:00:00.000Z,44,12.468056068255885
"6302-Daysbrook-Dr,-Unit-108,-Orlando,-FL-32835","6302 Daysbrook Dr, Unit 108, Orlando, FL 32835",6302 Daysbrook Dr,Unit 108,Orlando,FL,32835,Orange,28.505649,-81.468304,townhouse,3.0,2.5,1665.0,1020.0,2005.0,Inactive,345000,2024-05-25T00:00:00.000Z,38,12.75130259456002
"6434-Cava-Alta-Dr,-Unit-302,-Orlando,-FL-32835","6434 Cava Alta Dr, Unit 302, Orlando, FL 32835",6434 Cava Alta Dr,Unit 302,Orlando,FL,32835,Orange,28.515266,-81.468557,condo,2.0,2.0,1112.0,1099.0,2005.0,Inactive,225000,2024-06-13T00:00:00.000Z,19,12.323860125621126
"980-Rose-Lake-Shore-Ln,-Orlando,-FL-32835","980 Rose Lake Shore Ln, Orlando, FL 32835",980 Rose Lake Shore Ln,,Orlando,FL,32835,Orange,28.542013,-81.508157,single_family,1.0,1.0,1163.0,21780.0,1945.0,Inactive,449000,2024-06-26T00:00:00.000Z,6,13.014780393893403
"1432-Saddleridge-Dr,-Orlando,-FL-32835","1432 Saddleridge Dr, Orlando, FL 32835",1432 Saddleridge Dr,,Orlando,FL,32835,Orange,28.52362,-81.493598,single_family,4.0,3.0,2235.0,11326.0,1994.0,Inactive,509900,2024-02-02T00:00:00.000Z,150,13.141971868210181
"6412-Queens-Borough-Ave,-Apt-206,-Orlando,-FL-32835","6412 Queens Borough Ave, Apt 206, Orlando, FL 32835",6412 Queens Borough Ave,Apt 206,Orlando,FL,32835,Orange,28.509743,-81.471395,condo,1.0,1.0,945.0,23087.0,2000.0,Inactive,167000,2024-06-06T00:00:00.000Z,25,12.025755079404917
"6336-Buford-St,-Apt-406,-Orlando,-FL-32835","6336 Buford St, Apt 406, Orlando, FL 32835",6336 Buford St,Apt 406,Orlando,FL,32835,Orange,28.505579,-81.467714,condo,3.0,2.0,1775.0,20473.0,2005.0,Inactive,375000,2024-03-26T00:00:00.000Z,95,12.834683971615659
"1071-S-Hiawassee-Rd,-Apt-1227,-Orlando,-FL-32835","1071 S Hiawassee Rd, Apt 1227, Orlando, FL 32835",1071 S Hiawassee Rd,Apt 1227,Orlando,FL,32835,Orange,28.528579,-81.470972,condo,2.0,2.0,934.0,8609.0,1989.0,Inactive,195000,2024-05-18T00:00:00.000Z,42,12.180759965737863
"3304-Westchester-Square-Blvd,-Apt-205,-Orlando,-FL-32835","3304 Westchester Square Blvd, Apt 205, Orlando, FL 32835",3304 Westchester Square Blvd,Apt 205,Orlando,FL,32835,Orange,28.508154,-81.47375,condo,1.0,1.0,658.0,5987.0,2000.0,Inactive,170000,2024-01-29T00:00:00.000Z,151,12.04355959836804
"6004-Westgate-Dr,-Apt-303,-Orlando,-FL-32835","6004 Westgate Dr, Apt 303, Orlando, FL 32835",6004 Westgate Dr,Apt 303,Orlando,FL,32835,Orange,28.530618,-81.464681,condo,1.0,1.0,1037.0,4445.0,1988.0,Inactive,169900,2024-03-08T00:00:00.000Z,112,12.042971193457888
"245-Murcott-Ct,-Orlando,-FL-32835","245 Murcott Ct, Orlando, FL 32835",245 Murcott Ct,,Orlando,FL,32835,Orange,28.53836,-81.489728,single_family,3.0,2.0,1461.0,13068.0,1987.0,Inactive,375000,2024-06-24T00:00:00.000Z,4,12.834683971615659
"6040-Westgate-Dr,-Apt-204,-Orlando,-FL-32835","6040 Westgate Dr, Apt 204, Orlando, FL 32835",6040 Westgate Dr,Apt 204,Orlando,FL,32835,Orange,28.531466,-81.46441,condo,2.0,2.0,1515.0,5936.0,1988.0,Inactive,185000,2024-01-19T00:00:00.000Z,160,12.128116509451258
"7448-Park-Springs-Cir,-Orlando,-FL-32835","7448 Park Springs Cir, Orlando, FL 32835",7448 Park Springs Cir,,Orlando,FL,32835,Orange,28.499791,-81.485674,single_family,5.0,3.5,4642.0,14810.0,1992.0,Inactive,1150000,2024-03-07T00:00:00.000Z,111,13.955273369904273
"3356-Robert-Trent-Jones-Dr,---20606,-Orlando,-FL-32835","3356 Robert Trent Jones Dr, # 20606, Orlando, FL 32835",3356 Robert Trent Jones Dr,# 20606,Orlando,FL,32835,Orange,28.505534,-81.472185,condo,3.0,2.0,1962.0,20909.0,2008.0,Inactive,365000,2024-04-29T00:00:00.000Z,58,12.807655372286902
"3455-Westchester-Square-Blvd,-Apt-101,-Orlando,-FL-32835","3455 Westchester Square Blvd, Apt 101, Orlando, FL 32835",3455 Westchester Square Blvd,Apt 101,Orlando,FL,32835,Orange,28.506987,-81.472031,condo,2.0,2.0,1160.0,8756.0,2000.0,Inactive,218900,2024-01-08T00:00:00.000Z,169,12.296374851796545
"6648-Time-Square-Ave,-Apt-102,-Orlando,-FL-32835","6648 Time Square Ave, Apt 102, Orlando, FL 32835",6648 Time Square Ave,Apt 102,Orlando,FL,32835,Orange,28.507947,-81.472981,single_family,2.0,2.5,1548.0,3674.0,2000.0,Inactive,349900,2024-05-02T00:00:00.000Z,54,12.765405536311112
"1706-Cheltenborough-Dr,-Orlando,-FL-32835","1706 Cheltenborough Dr, Orlando, FL 32835",1706 Cheltenborough Dr,,Orlando,FL,32835,Orange,28.521897,-81.502034,single_family,6.0,3.0,3838.0,7702.0,1997.0,Inactive,675000,2024-06-17T00:00:00.000Z,8,13.42246945133505
"6349-Miramonte-Dr,-Unit-101,-Orlando,-FL-32835","6349 Miramonte Dr, Unit 101, Orlando, FL 32835",6349 Miramonte Dr,Unit 101,Orlando,FL,32835,Orange,28.509649,-81.469152,townhouse,3.0,2.5,2369.0,1778.0,2005.0,Inactive,440000,2024-04-25T00:00:00.000Z,60,12.994532278619134
"2624-Robert-Trent-Jones-Dr,-Apt-611,-Orlando,-FL-32835","2624 Robert Trent Jones Dr, Apt 611, Orlando, FL 32835",2624 Robert Trent Jones Dr,Apt 611,Orlando,FL,32835,Orange,28.514909,-81.471648,condo,3.0,2.0,1295.0,11761.0,1995.0,Inactive,275000,2024-02-06T00:00:00.000Z,137,12.524530013005734
"6344-Raleigh-St,-Apt-1115,-Orlando,-FL-32835","6344 Raleigh St, Apt 1115, Orlando, FL 32835",6344 Raleigh St,Apt 1115,Orlando,FL,32835,Orange,28.526351,-81.469505,condo,1.0,1.0,499.0,4510.0,1997.0,Inactive,159900,2024-06-17T00:00:00.000Z,5,11.982310152711182
"7135-Yacht-Basin-Ave,-Apt-216,-Orlando,-FL-32835","7135 Yacht Basin Ave, Apt 216, Orlando, FL 32835",7135 Yacht Basin Ave,Apt 216,Orlando,FL,32835,Orange,28.512783,-81.484826,condo,3.0,2.0,1408.0,8756.0,1997.0,Inactive,295000,2024-04-09T00:00:00.000Z,73,12.59473402514672
"1989-Westpointe-Cir,-Orlando,-FL-32835","1989 Westpointe Cir, Orlando, FL 32835",1989 Westpointe Cir,,Orlando,FL,32835,Orange,28.521469,-81.503321,single_family,4.0,2.0,1659.0,7827.0,1994.0,Inactive,445000,2024-06-14T00:00:00.000Z,7,13.005831808336863
"2632-Robert-Trent-Jones-Dr,-Apt-117,-Orlando,-FL-32835","2632 Robert Trent Jones Dr, Apt 117, Orlando, FL 32835",2632 Robert Trent Jones Dr,Apt 117,Orlando,FL,32835,Orange,28.514921,-81.470916,condo,2.0,2.0,1150.0,11326.0,1995.0,Inactive,209000,2024-04-23T00:00:00.000Z,58,12.250094315624496
"7246-Cherry-Laurel-Dr,-Orlando,-FL-32835","7246 Cherry Laurel Dr, Orlando, FL 32835",7246 Cherry Laurel Dr,,Orlando,FL,32835,Orange,28.541888,-81.481104,single_family,4.0,2.0,1717.0,9200.0,1982.0,Inactive,374900,2024-06-06T00:00:00.000Z,14,12.834417270098413
"7340-Westpointe-Blvd,-Apt-334,-Orlando,-FL-32835","7340 Westpointe Blvd, Apt 334, Orlando, FL 32835",7340 Westpointe Blvd,Apt 334,Orlando,FL,32835,Orange,28.517035,-81.489026,condo,2.0,1.0,1021.0,8755.0,1994.0,Inactive,175000,2024-06-18T00:00:00.000Z,2,12.07254696717504
"8034-Belshire-Dr,-Orlando,-FL-32835","8034 Belshire Dr, Orlando, FL 32835",8034 Belshire Dr,,Orlando,FL,32835,Orange,28.49852,-81.493992,single_family,4.0,3.0,2502.0,14375.0,1997.0,Inactive,750000,2024-04-15T00:00:00.000Z,64,13.527829818844937
"3314-Robert-Trent-Jones-Dr,-Unit-206,-Orlando,-FL-32835","3314 Robert Trent Jones Dr, Unit 206, Orlando, FL 32835",3314 Robert Trent Jones Dr,Unit 206,Orlando,FL,32835,Orange,28.506996,-81.470934,condo,3.0,2.0,1247.0,8756.0,2007.0,Inactive,262000,2024-05-16T00:00:00.000Z,33,12.476103599529843
"2804-Polvadero-Ln,-Unit-101,-Orlando,-FL-32835","2804 Polvadero Ln, Unit 101, Orlando, FL 32835",2804 Polvadero Ln,Unit 101,Orlando,FL,32835,Orange,28.513291,-81.468017,condo,3.0,2.5,1665.0,1178.0,2005.0,Inactive,339900,2024-05-31T00:00:00.000Z,18,12.736409677721657
"7571-Blue-Quail-Ln,-Orlando,-FL-32835","7571 Blue Quail Ln, Orlando, FL 32835",7571 Blue Quail Ln,,Orlando,FL,32835,Orange,28.515557,-81.507468,single_family,4.0,4.5,3842.0,11761.0,2018.0,Inactive,1295000,2024-06-14T00:00:00.000Z,4,14.07402202531625
"7808-Pineapple-Dr,-Orlando,-FL-32835","7808 Pineapple Dr, Orlando, FL 32835",7808 Pineapple Dr,,Orlando,FL,32835,Orange,28.533919,-81.490745,single_family,4.0,2.0,1924.0,15246.0,1984.0,Inactive,455000,2024-03-26T00:00:00.000Z,83,13.02805489573287
"6592-Time-Square-Ave,-Apt-103,-Orlando,-FL-32835","6592 Time Square Ave, Apt 103, Orlando, FL 32835",6592 Time Square Ave,Apt 103,Orlando,FL,32835,Orange,28.508384,-81.472299,townhouse,2.0,2.5,1548.0,3674.0,2000.0,Inactive,309000,2024-05-22T00:00:00.000Z,26,12.6410997921206
"7220-Westpointe-Blvd,---1513,-Orlando,-FL-32835","7220 Westpointe Blvd, # 1513, Orlando, FL 32835",7220 Westpointe Blvd,# 1513,Orlando,FL,32835,Orange,28.516226,-81.486687,condo,2.0,2.0,1133.0,8756.0,1994.0,Inactive,219000,2024-01-16T00:00:00.000Z,152,12.296831574998258
"1394-Shelter-Rock-Rd,-Orlando,-FL-32835","1394 Shelter Rock Rd, Orlando, FL 32835",1394 Shelter Rock Rd,,Orlando,FL,32835,Orange,28.524173,-81.500277,single_family,5.0,3.5,3223.0,10019.0,1999.0,Inactive,799999,2024-04-27T00:00:00.000Z,50,13.592367006650065
"2484-San-Tecla-St,-Unit-403,-Orlando,-FL-32835","2484 San Tecla St, Unit 403, Orlando, FL 32835",2484 San Tecla St,Unit 403,Orlando,FL,32835,Orange,28.514337,-81.468422,condo,3.0,2.0,1247.0,1291.0,2005.0,Inactive,329000,2023-12-20T00:00:00.000Z,178,12.703816069256568
"7147-Yacht-Basin-Ave,-Apt-135,-Orlando,-FL-32835","7147 Yacht Basin Ave, Apt 135, Orlando, FL 32835",7147 Yacht Basin Ave,Apt 135,Orlando,FL,32835,Orange,28.513265,-81.485006,condo,3.0,2.0,1408.0,16553.0,1997.0,Inactive,299999,2024-03-18T00:00:00.000Z,88,12.611537753638338
"3449-Shallot-Dr,-Unit-108,-Orlando,-FL-32835","3449 Shallot Dr, Unit 108, Orlando, FL 32835",3449 Shallot Dr,Unit 108,Orlando,FL,32835,Orange,28.50747,-81.469168,townhouse,3.0,2.5,1665.0,1020.0,2004.0,Inactive,330000,2024-03-25T00:00:00.000Z,81,12.706850963741102
"3384-Corona-Village-Way,-Apt-206,-Orlando,-FL-32835","3384 Corona Village Way, Apt 206, Orlando, FL 32835",3384 Corona Village Way,Apt 206,Orlando,FL,32835,Orange,28.507618,-81.474903,condo,1.0,1.0,816.0,12197.0,2000.0,Inactive,167950,2024-04-05T00:00:00.000Z,70,12.031427549175735
"7210-Westpointe-Blvd,-Apt-1317,-Orlando,-FL-32835","7210 Westpointe Blvd, Apt 1317, Orlando, FL 32835",7210 Westpointe Blvd,Apt 1317,Orlando,FL,32835,Orange,28.516808,-81.48638,condo,3.0,2.0,1423.0,8756.0,1994.0,Inactive,260000,2024-04-24T00:00:00.000Z,51,12.468440756144114
"5956-Westgate-Dr,-Apt-101,-Orlando,-FL-32835","5956 Westgate Dr, Apt 101, Orlando, FL 32835",5956 Westgate Dr,Apt 101,Orlando,FL,32835,Orange,28.531558,-81.463549,condo,1.0,1.0,686.0,4445.0,1988.0,Inactive,145000,2024-05-01T00:00:00.000Z,44,11.884495917930655
"7926-Saint-Giles-Pl,-Orlando,-FL-32835","7926 Saint Giles Pl, Orlando, FL 32835",7926 Saint Giles Pl,,Orlando,FL,32835,Orange,28.519628,-81.503117,single_family,5.0,3.0,2784.0,8298.0,1995.0,Inactive,615000,2024-05-24T00:00:00.000Z,21,13.329379172803593
"6190-Westgate-Dr,-Apt-301,-Orlando,-FL-32835","6190 Westgate Dr, Apt 301, Orlando, FL 32835",6190 Westgate Dr,Apt 301,Orlando,FL,32835,Orange,28.531378,-81.466749,condo,2.0,2.0,1422.0,4445.0,1988.0,Inactive,197500,2024-03-27T00:00:00.000Z,78,12.193498926601634
"3616-Bellington-Dr,-Orlando,-FL-32835","3616 Bellington Dr, Orlando, FL 32835",3616 Bellington Dr,,Orlando,FL,32835,Orange,28.500195,-81.494119,single_family,5.0,4.5,3361.0,11761.0,1997.0,Inactive,925000,2024-06-11T00:00:00.000Z,2,13.73755009757506
"141-S-Hiawassee-Rd,-Orlando,-FL-32835","141 S Hiawassee Rd, Orlando, FL 32835",141 S Hiawassee Rd,,Orlando,FL,32835,Orange,28.537417,-81.475596,single_family,3.0,2.5,1400.0,4080.0,1999.0,Inactive,345000,2024-03-25T00:00:00.000Z,79,12.75130259456002
"7984-Canyon-Lake-Cir,-Orlando,-FL-32835","7984 Canyon Lake Cir, Orlando, FL 32835",7984 Canyon Lake Cir,,Orlando,FL,32835,Orange,28.528154,-81.495302,single_family,4.0,3.0,3167.0,12197.0,1998.0,Inactive,829000,2024-04-16T00:00:00.000Z,57,13.627976640389322
"1131-Zachary-Way,-Orlando,-FL-32835","1131 Zachary Way, Orlando, FL 32835",1131 Zachary Way,,Orlando,FL,32835,Orange,28.525664,-81.473586,single_family,4.0,3.0,2648.0,11326.0,1989.0,Inactive,749900,2024-06-01T00:00:00.000Z,10,13.527696476799726
"3417-Westchester-Square-Blvd,-Apt-102,-Orlando,-FL-32835","3417 Westchester Square Blvd, Apt 102, Orlando, FL 32835",3417 Westchester Square Blvd,Apt 102,Orlando,FL,32835,Orange,28.507181,-81.472305,condo,1.0,1.0,883.0,4997.0,2000.0,Inactive,167000,2024-06-06T00:00:00.000Z,5,12.025755079404917
"7605-Herricks-Loop,-Orlando,-FL-32835","7605 Herricks Loop, Orlando, FL 32835",7605 Herricks Loop,,Orlando,FL,32835,Orange,28.541742,-81.486859,single_family,3.0,2.0,1408.0,10019.0,1984.0,Inactive,429900,2024-04-30T00:00:00.000Z,41,12.971310228604022
"1057-S-Hiawassee-Rd,-Apt-1918,-Orlando,-FL-32835","1057 S Hiawassee Rd, Apt 1918, Orlando, FL 32835",1057 S Hiawassee Rd,Apt 1918,Orlando,FL,32835,Orange,28.528483,-81.472235,condo,2.0,2.0,829.0,7101.0,1989.0,Inactive,220000,2023-10-12T00:00:00.000Z,240,12.301387370778713
"2595-Metro-Sevilla-Dr,-Unit-104,-Orlando,-FL-32835","2595 Metro Sevilla Dr, Unit 104, Orlando, FL 32835",2595 Metro Sevilla Dr,Unit 104,Orlando,FL,32835,Orange,28.513918,-81.469714,townhouse,3.0,2.0,1857.0,1035.0,2005.0,Inactive,339000,2024-05-06T00:00:00.000Z,33,12.733758336210744
"6491-Daysbrook-Dr,-Unit-102,-Orlando,-FL-32835","6491 Daysbrook Dr, Unit 102, Orlando, FL 32835",6491 Daysbrook Dr,Unit 102,Orlando,FL,32835,Orange,28.505682,-81.46925,condo,3.0,2.5,1682.0,989.0,2005.0,Inactive,349000,2024-05-29T00:00:00.000Z,10,12.762830066509972
"2273-Kettle-Dr,-Orlando,-FL-32835","2273 Kettle Dr, Orlando, FL 32835",2273 Kettle Dr,,Orlando,FL,32835,Orange,28.516713,-81.497678,single_family,5.0,4.0,3042.0,16117.0,1996.0,Inactive,750000,2024-06-01T00:00:00.000Z,7,13.527829818844937
"330-S-Lancelot-Ave,-Orlando,-FL-32835","330 S Lancelot Ave, Orlando, FL 32835",330 S Lancelot Ave,,Orlando,FL,32835,Orange,28.536931,-81.471467,single_family,3.0,1.5,1170.0,6832.0,1985.0,Inactive,289900,2024-04-05T00:00:00.000Z,62,12.57729476436913
"6100-Sw-Stevenson-Dr,-Unit-107,-Orlando,-FL-32835","6100 Sw Stevenson Dr, Unit 107, Orlando, FL 32835",6100 Sw Stevenson Dr,Unit 107,Orlando,FL,32835,Orange,28.508575,-81.464783,condo,2.0,2.0,1050.0,15246.0,2003.0,Inactive,250000,2024-05-10T00:00:00.000Z,27,12.429220196836383
"6599-Piccadilly-Ln,-Orlando,-FL-32835","6599 Piccadilly Ln, Orlando, FL 32835",6599 Piccadilly Ln,,Orlando,FL,32835,Orange,28.531249,-81.474865,single_family,3.0,2.0,1690.0,7973.0,1990.0,Inactive,378000,2024-05-31T00:00:00.000Z,5,12.84265212010087
"6396-Daysbrook-Dr,-Unit-104,-Orlando,-FL-32835","6396 Daysbrook Dr, Unit 104, Orlando, FL 32835",6396 Daysbrook Dr,Unit 104,Orlando,FL,32835,Orange,28.505318,-81.469079,townhouse,3.0,2.5,1665.0,1029.0,2005.0,Inactive,338900,2024-04-17T00:00:00.000Z,48,12.733463308313716
"6157-Metrowest-Blvd,-Unit-108,-Orlando,-FL-32835","6157 Metrowest Blvd, Unit 108, Orlando, FL 32835",6157 Metrowest Blvd,Unit 108,Orlando,FL,32835,Orange,28.514948,-81.465374,condo,2.0,2.0,1138.0,8919.0,2004.0,Inactive,239000,2024-05-07T00:00:00.000Z,28,12.384223015005313
"8031-Sweetgum-Loop,-Orlando,-FL-32835","8031 Sweetgum Loop, Orlando, FL 32835",8031 Sweetgum Loop,,Orlando,FL,32835,Orange,28.530298,-81.493681,single_family,4.0,2.0,1677.0,9914.0,1986.0,Inactive,475000,2024-05-29T00:00:00.000Z,6,13.07107218827772
"107-Pier-Point-Ct,-Orlando,-FL-32835","107 Pier Point Ct, Orlando, FL 32835",107 Pier Point Ct,,Orlando,FL,32835,Orange,28.539094,-81.483612,single_family,3.0,2.5,1405.0,6056.0,1989.0,Inactive,355000,2024-04-05T00:00:00.000Z,59,12.779875885354993
"1031-S-Hiawassee-Rd,-Apt-2521,-Orlando,-FL-32835","1031 S Hiawassee Rd, Apt 2521, Orlando, FL 32835",1031 S Hiawassee Rd,Apt 2521,Orlando,FL,32835,Orange,28.52927,-81.473065,condo,2.0,2.0,836.0,7361.0,1989.0,Inactive,198500,2024-03-03T00:00:00.000Z,91,12.198549416880068
"136-N-Buena-Vista-Ave,-Orlando,-FL-32835","136 N Buena Vista Ave, Orlando, FL 32835",136 N Buena Vista Ave,,Orlando,FL,32835,Orange,28.543866,-81.46945,single_family,3.0,2.0,1068.0,7000.0,1986.0,Inactive,318700,2024-02-26T00:00:00.000Z,96,12.672008638147602
"7220-Westpointe-Blvd,-Apt-1425,-Orlando,-FL-32835","7220 Westpointe Blvd, Apt 1425, Orlando, FL 32835",7220 Westpointe Blvd,Apt 1425,Orlando,FL,32835,Orange,28.516012,-81.486847,condo,1.0,1.0,842.0,8756.0,1994.0,Inactive,206000,2024-04-30T00:00:00.000Z,32,12.235636302128867
"355-S-Buena-Vista-Ave,-Orlando,-FL-32835","355 S Buena Vista Ave, Orlando, FL 32835",355 S Buena Vista Ave,,Orlando,FL,32835,Orange,28.536086,-81.468812,single_family,2.0,1.0,1104.0,10454.0,1955.0,Inactive,265000,2024-05-07T00:00:00.000Z,24,12.487488878546145
"7220-Westpointe-Blvd,-Apt-1429,-Orlando,-FL-32835","7220 Westpointe Blvd, Apt 1429, Orlando, FL 32835",7220 Westpointe Blvd,Apt 1429,Orlando,FL,32835,Orange,28.516012,-81.486847,condo,1.0,1.0,678.0,8756.0,1994.0,Inactive,165000,2024-05-12T00:00:00.000Z,19,12.013706813470414
"6451-Old-Park-Ln,-Unit-104,-Orlando,-FL-32835","6451 Old Park Ln, Unit 104, Orlando, FL 32835",6451 Old Park Ln,Unit 104,Orlando,FL,32835,Orange,28.514816,-81.468758,condo,3.0,2.0,1391.0,1900.0,2005.0,Inactive,250000,2024-02-07T00:00:00.000Z,113,12.429220196836383
"3356-Robert-Trent-Jones-Dr,-Unit-10306,-Orlando,-FL-32835","3356 Robert Trent Jones Dr, Unit 10306, Orlando, FL 32835",3356 Robert Trent Jones Dr,Unit 10306,Orlando,FL,32835,Orange,28.505534,-81.472185,condo,3.0,2.0,2129.0,20909.0,2008.0,Inactive,389900,2024-05-01T00:00:00.000Z,29,12.873648139727594
"331-S-Hart-Blvd,-Orlando,-FL-32835","331 S Hart Blvd, Orlando, FL 32835",331 S Hart Blvd,,Orlando,FL,32835,Orange,28.537077,-81.469854,single_family,4.0,2.5,1765.0,7005.0,2022.0,Inactive,405000,2024-05-24T00:00:00.000Z,6,12.91164481522143
"6336-Buford-St,-Apt-309,-Orlando,-FL-32835","6336 Buford St, Apt 309, Orlando, FL 32835",6336 Buford St,Apt 309,Orlando,FL,32835,Orange,28.505579,-81.467714,condo,3.0,2.0,2010.0,20473.0,2005.0,Inactive,382900,2024-02-02T00:00:00.000Z,117,12.855531749109925
"1069-S-Hiawassee-Rd,-Apt-1322,-Orlando,-FL-32835","1069 S Hiawassee Rd, Apt 1322, Orlando, FL 32835",1069 S Hiawassee Rd,Apt 1322,Orlando,FL,32835,Orange,28.529059,-81.470927,condo,2.0,2.0,934.0,9202.0,1989.0,Inactive,210000,2024-04-07T00:00:00.000Z,52,12.25486757159303
"1439-Saddleridge-Dr,-Orlando,-FL-32835","1439 Saddleridge Dr, Orlando, FL 32835",1439 Saddleridge Dr,,Orlando,FL,32835,Orange,28.523088,-81.493906,single_family,3.0,2.0,1781.0,15246.0,1991.0,Inactive,499000,2024-04-18T00:00:00.000Z,41,13.120363378739663
"3356-Robert-Trent-Jones-Dr,---10306,-Orlando,-FL-32835","3356 Robert Trent Jones Dr, # 10306, Orlando, FL 32835",3356 Robert Trent Jones Dr,# 10306,Orlando,FL,32835,Orange,28.505534,-81.472185,condo,3.0,2.0,2129.0,20909.0,2008.0,Inactive,389900,2024-04-30T00:00:00.000Z,29,12.873648139727594
"7807-Bay-Cedar-Dr,-Orlando,-FL-32835","7807 Bay Cedar Dr, Orlando, FL 32835",7807 Bay Cedar Dr,,Orlando,FL,32835,Orange,28.531763,-81.490576,single_family,3.0,2.0,1509.0,10454.0,1986.0,Inactive,449000,2024-01-11T00:00:00.000Z,138,13.014780393893403
"7830-Horse-Ferry-Rd,-Orlando,-FL-32835","7830 Horse Ferry Rd, Orlando, FL 32835",7830 Horse Ferry Rd,,Orlando,FL,32835,Orange,28.505451,-81.495216,single_family,4.0,4.0,4029.0,107593.0,1999.0,Inactive,1225000,2024-05-14T00:00:00.000Z,12,14.018452218287162
"7120-Harbor-Point-Blvd,-Orlando,-FL-32835","7120 Harbor Point Blvd, Orlando, FL 32835",7120 Harbor Point Blvd,,Orlando,FL,32835,Orange,28.534148,-81.478358,single_family,4.0,2.0,1290.0,8249.0,1984.0,Inactive,379000,2024-05-20T00:00:00.000Z,6,12.84529412258351
"6462-Daysbrook-Dr,-Unit-107,-Orlando,-FL-32835","6462 Daysbrook Dr, Unit 107, Orlando, FL 32835",6462 Daysbrook Dr,Unit 107,Orlando,FL,32835,Orange,28.505406,-81.469597,condo,3.0,2.5,1682.0,885.0,2004.0,Inactive,330000,2024-04-22T00:00:00.000Z,33,12.706850963741102
"1065-S-Hiawassee-Rd,-Apt-1422,-Orlando,-FL-32835","1065 S Hiawassee Rd, Apt 1422, Orlando, FL 32835",1065 S Hiawassee Rd,Apt 1422,Orlando,FL,32835,Orange,28.529574,-81.471039,condo,2.0,2.0,934.0,8292.0,1989.0,Inactive,160000,2024-05-15T00:00:00.000Z,10,11.982935344196433
"6349-Castelven-Dr,-Unit-103,-Orlando,-FL-32835","6349 Castelven Dr, Unit 103, Orlando, FL 32835",6349 Castelven Dr,Unit 103,Orlando,FL,32835,Orange,28.512641,-81.467925,townhouse,2.0,2.5,1546.0,980.0,2005.0,Inactive,339000,2024-02-14T00:00:00.000Z,100,12.733758336210744
"7844-Killary-Ct,-Orlando,-FL-32835","7844 Killary Ct, Orlando, FL 32835",7844 Killary Ct,,Orlando,FL,32835,Orange,28.54346,-81.492077,single_family,3.0,2.0,1359.0,16553.0,1989.0,Inactive,389900,2024-05-06T00:00:00.000Z,18,12.873648139727594
"309-Cinnamon-Bark-Ln,-Orlando,-FL-32835","309 Cinnamon Bark Ln, Orlando, FL 32835",309 Cinnamon Bark Ln,,Orlando,FL,32835,Orange,28.545007,-81.480243,single_family,4.0,2.5,2542.0,26136.0,1986.0,Inactive,525000,2024-05-16T00:00:00.000Z,8,13.171155446333852
"7213-Somersworth-Dr,-Orlando,-FL-32835","7213 Somersworth Dr, Orlando, FL 32835",7213 Somersworth Dr,,Orlando,FL,32835,Orange,28.512763,-81.491026,single_family,3.0,2.0,1709.0,8025.0,1989.0,Inactive,450000,2024-05-17T00:00:00.000Z,7,13.017005083966255
"3324-Parkchester-Square-Blvd,-Apt-102,-Orlando,-FL-32835","3324 Parkchester Square Blvd, Apt 102, Orlando, FL 32835",3324 Parkchester Square Blvd,Apt 102,Orlando,FL,32835,Orange,28.508329,-81.471815,condo,2.0,2.0,1235.0,6122.0,2000.0,Inactive,238000,2023-11-14T00:00:00.000Z,191,12.380030154325457
"2674-Robert-Trent-Jones-Dr,-Apt-317,-Orlando,-FL-32835","2674 Robert Trent Jones Dr, Apt 317, Orlando, FL 32835",2674 Robert Trent Jones Dr,Apt 317,Orlando,FL,32835,Orange,28.51333,-81.471237,condo,2.0,2.0,1014.0,9127.0,1995.0,Inactive,190000,2024-04-02T00:00:00.000Z,51,12.154784614286667
"3337-Soho-St,-Apt-103,-Orlando,-FL-32835","3337 Soho St, Apt 103, Orlando, FL 32835",3337 Soho St,Apt 103,Orlando,FL,32835,Orange,28.507986,-81.474019,condo,1.0,1.0,885.0,5987.0,2000.0,Inactive,175000,2024-05-03T00:00:00.000Z,20,12.07254696717504
"914-Palm-Cove-Dr,-Orlando,-FL-32835","914 Palm Cove Dr, Orlando, FL 32835",914 Palm Cove Dr,,Orlando,FL,32835,Orange,28.526055,-81.506316,single_family,3.0,2.0,2232.0,14810.0,1993.0,Inactive,650000,2024-05-17T00:00:00.000Z,6,13.384729180332174
"6166-Stevenson-Dr,-Unit-305,-Orlando,-FL-32835","6166 Stevenson Dr, Unit 305, Orlando, FL 32835",6166 Stevenson Dr,Unit 305,Orlando,FL,32835,Orange,28.508519,-81.465465,condo,3.0,2.0,1408.0,15246.0,2003.0,Inactive,249999,2024-05-12T00:00:00.000Z,10,12.429216196844383
"3562-Shallot-Dr,-Unit-102,-Orlando,-FL-32835","3562 Shallot Dr, Unit 102, Orlando, FL 32835",3562 Shallot Dr,Unit 102,Orlando,FL,32835,Orange,28.506763,-81.470008,townhouse,3.0,2.5,1682.0,981.0,2004.0,Inactive,339000,2024-03-16T00:00:00.000Z,66,12.733758336210744
"6010-Westgate-Dr,-Apt-303,-Orlando,-FL-32835","6010 Westgate Dr, Apt 303, Orlando, FL 32835",6010 Westgate Dr,Apt 303,Orlando,FL,32835,Orange,28.53065,-81.465391,condo,2.0,2.0,1515.0,5936.0,1988.0,Inactive,215000,2024-04-01T00:00:00.000Z,50,12.278397958261774
"6084-Stevenson-Dr,-Unit-105,-Orlando,-FL-32835","6084 Stevenson Dr, Unit 105, Orlando, FL 32835",6084 Stevenson Dr,Unit 105,Orlando,FL,32835,Orange,28.508904,-81.464166,condo,3.0,2.0,1408.0,15246.0,2003.0,Inactive,258900,2024-04-29T00:00:00.000Z,22,12.464201028227341
"7205-Oak-Meadows-Cir,---1,-Orlando,-FL-32835","7205 Oak Meadows Cir, # 1, Orlando, FL 32835",7205 Oak Meadows Cir,# 1,Orlando,FL,32835,Orange,28.54102,-81.481107,single_family,2.0,2.0,948.0,7172.0,1984.0,Inactive,270000,2024-04-29T00:00:00.000Z,21,12.506180941677357
"7354-Woodbriar-Ct,-Orlando,-FL-32835","7354 Woodbriar Ct, Orlando, FL 32835",7354 Woodbriar Ct,,Orlando,FL,32835,Orange,28.496804,-81.482739,single_family,3.0,2.0,2744.0,21780.0,1980.0,Inactive,749900,2024-05-01T00:00:00.000Z,19,13.527696476799726
"1013-S-Hiawassee-Rd,-Apt-3636,-Orlando,-FL-32835","1013 S Hiawassee Rd, Apt 3636, Orlando, FL 32835",1013 S Hiawassee Rd,Apt 3636,Orlando,FL,32835,Orange,28.529932,-81.474017,condo,1.0,1.0,673.0,8753.0,1989.0,Inactive,149500,2024-05-04T00:00:00.000Z,16,11.915058360753719
"1212-S-Hiawassee-Rd,-Apt-511,-Orlando,-FL-32835","1212 S Hiawassee Rd, Apt 511, Orlando, FL 32835",1212 S Hiawassee Rd,Apt 511,Orlando,FL,32835,Orange,28.524296,-81.473187,condo,2.0,2.0,1050.0,8756.0,1998.0,Inactive,250000,2024-05-11T00:00:00.000Z,9,12.429220196836383
"5980-Westgate-Dr,-Apt-304,-Orlando,-FL-32835","5980 Westgate Dr, Apt 304, Orlando, FL 32835",5980 Westgate Dr,Apt 304,Orlando,FL,32835,Orange,28.530584,-81.463831,condo,2.0,2.0,1515.0,5936.0,1988.0,Inactive,219000,2022-11-09T00:00:00.000Z,557,12.296831574998258
"3433-Soho-St,-Apt-203,-Orlando,-FL-32835","3433 Soho St, Apt 203, Orlando, FL 32835",3433 Soho St,Apt 203,Orlando,FL,32835,Orange,28.507248,-81.473408,condo,1.0,1.0,930.0,6122.0,2000.0,Inactive,185000,2024-01-18T00:00:00.000Z,122,12.128116509451258
"6209-W-Harwood-Ave,-Orlando,-FL-32835","6209 W Harwood Ave, Orlando, FL 32835",6209 W Harwood Ave,,Orlando,FL,32835,Orange,28.548026,-81.466579,single_family,3.0,1.0,1250.0,6498.0,1959.0,Inactive,239000,2024-02-21T00:00:00.000Z,88,12.384223015005313
"1411-Shelter-Rock-Rd,-Orlando,-FL-32835","1411 Shelter Rock Rd, Orlando, FL 32835",1411 Shelter Rock Rd,,Orlando,FL,32835,Orange,28.523932,-81.499562,single_family,5.0,3.0,4094.0,13068.0,1994.0,Inactive,850000,2023-12-21T00:00:00.000Z,149,13.652992804936396
"3332-Robert-Trent-Jones-Dr,---40203,-Orlando,-FL-32835","3332 Robert Trent Jones Dr, # 40203, Orlando, FL 32835",3332 Robert Trent Jones Dr,# 40203,Orlando,FL,32835,Orange,28.505906,-81.470596,condo,2.0,2.0,1112.0,16117.0,2006.0,Inactive,230000,2024-05-08T00:00:00.000Z,10,12.345838935721968
"5998-Westgate-Dr,-Apt-104,-Orlando,-FL-32835","5998 Westgate Dr, Apt 104, Orlando, FL 32835",5998 Westgate Dr,Apt 104,Orlando,FL,32835,Orange,28.530618,-81.465071,condo,1.0,1.0,686.0,5936.0,1988.0,Inactive,159900,2024-02-16T00:00:00.000Z,91,11.982310152711182
"349-S-Lancelot-Ave,-Orlando,-FL-32835","349 S Lancelot Ave, Orlando, FL 32835",349 S Lancelot Ave,,Orlando,FL,32835,Orange,28.536522,-81.470875,single_family,3.0,2.0,1507.0,7003.0,1994.0,Inactive,369000,2024-04-29T00:00:00.000Z,18,12.818554633046093
"407-N-Observatory-Dr,-Orlando,-FL-32835","407 N Observatory Dr, Orlando, FL 32835",407 N Observatory Dr,,Orlando,FL,32835,Orange,28.547075,-81.468194,single_family,4.0,2.0,1272.0,6958.0,1959.0,Inactive,339700,2024-05-02T00:00:00.000Z,15,12.73582109791826
"2228-Cairns-Ct,-Orlando,-FL-32835","2228 Cairns Ct, Orlando, FL 32835",2228 Cairns Ct,,Orlando,FL,32835,Orange,28.517321,-81.493827,single_family,4.0,3.5,3975.0,18295.0,2003.0,Inactive,1199900,2024-01-31T00:00:00.000Z,106,13.997749611354916
"4333-Conroy-Club-Dr,-Orlando,-FL-32835","4333 Conroy Club Dr, Orlando, FL 32835",4333 Conroy Club Dr,,Orlando,FL,32835,Orange,28.497969,-81.478716,single_family,4.0,3.0,2513.0,9927.0,2002.0,Inactive,649000,2024-03-13T00:00:00.000Z,64,13.38318953651709
"7133-Wooded-Village-Ln,-Orlando,-FL-32835","7133 Wooded Village Ln, Orlando, FL 32835",7133 Wooded Village Ln,,Orlando,FL,32835,Orange,28.494986,-81.477292,single_family,5.0,3.5,2794.0,20473.0,1986.0,Inactive,799000,2024-03-19T00:00:00.000Z,58,13.591117476312084
"7240-Westpointe-Blvd,-Apt-1124,-Orlando,-FL-32835","7240 Westpointe Blvd, Apt 1124, Orlando, FL 32835",7240 Westpointe Blvd,Apt 1124,Orlando,FL,32835,Orange,28.517271,-81.487546,condo,2.0,1.0,1021.0,8756.0,1994.0,Inactive,179000,2024-01-04T00:00:00.000Z,132,12.095146671399466
"6184-Westgate-Dr,-Apt-104,-Orlando,-FL-32835","6184 Westgate Dr, Apt 104, Orlando, FL 32835",6184 Westgate Dr,Apt 104,Orlando,FL,32835,Orange,28.531316,-81.467297,condo,1.0,1.0,722.0,4445.0,1988.0,Inactive,164990,2024-04-27T00:00:00.000Z,18,12.013646205940514
"119-Killington-Way,-Orlando,-FL-32835","119 Killington Way, Orlando, FL 32835",119 Killington Way,,Orlando,FL,32835,Orange,28.541871,-81.493212,single_family,4.0,2.5,2057.0,11761.0,1991.0,Inactive,479900,2024-05-06T00:00:00.000Z,9,13.081335111611617
"24-S-Lancelot-Ave,-Orlando,-FL-32835","24 S Lancelot Ave, Orlando, FL 32835",24 S Lancelot Ave,,Orlando,FL,32835,Orange,28.540546,-81.471483,single_family,4.0,2.0,1563.0,6963.0,2007.0,Inactive,359000,2024-03-19T00:00:00.000Z,56,12.791080452981857
"7859-Canyon-Lake-Cir,-Orlando,-FL-32835","7859 Canyon Lake Cir, Orlando, FL 32835",7859 Canyon Lake Cir,,Orlando,FL,32835,Orange,28.529743,-81.491528,single_family,4.0,3.0,2358.0,20038.0,1992.0,Inactive,690000,2024-03-29T00:00:00.000Z,46,13.444448325847754
"7310-Westpointe-Blvd,-Apt-620,-Orlando,-FL-32835","7310 Westpointe Blvd, Apt 620, Orlando, FL 32835",7310 Westpointe Blvd,Apt 620,Orlando,FL,32835,Orange,28.516365,-81.490785,condo,3.0,2.0,1466.0,8756.0,1994.0,Inactive,260000,2024-04-18T00:00:00.000Z,26,12.468440756144114
"3608-Beech-Tree-Dr,-Orlando,-FL-32835","3608 Beech Tree Dr, Orlando, FL 32835",3608 Beech Tree Dr,,Orlando,FL,32835,Orange,28.501652,-81.494435,single_family,4.0,4.0,3258.0,13504.0,1997.0,Inactive,850000,2024-04-25T00:00:00.000Z,19,13.652992804936396
"300-N-Observatory-Dr,-Orlando,-FL-32835","300 N Observatory Dr, Orlando, FL 32835",300 N Observatory Dr,,Orlando,FL,32835,Orange,28.545121,-81.468675,single_family,3.0,2.0,1025.0,11326.0,1970.0,Inactive,339000,2024-05-10T00:00:00.000Z,3,12.733758336210744
"5896-Strada-Capri-Way,-Orlando,-FL-32835","5896 Strada Capri Way, Orlando, FL 32835",5896 Strada Capri Way,,Orlando,FL,32835,Orange,28.511419,-81.461331,townhouse,3.0,2.5,1756.0,5317.0,2006.0,Inactive,339900,2024-03-01T00:00:00.000Z,72,12.736409677721657
"1224-S-Hiawassee-Rd,-Apt-631,-Orlando,-FL-32835","1224 S Hiawassee Rd, Apt 631, Orlando, FL 32835",1224 S Hiawassee Rd,Apt 631,Orlando,FL,32835,Orange,28.523543,-81.473035,condo,2.0,2.0,1050.0,15682.0,1998.0,Inactive,200000,2023-12-29T00:00:00.000Z,134,12.206077645517674
"1065-S-Hiawassee-Rd,-Apt-1423,-Orlando,-FL-32835","1065 S Hiawassee Rd, Apt 1423, Orlando, FL 32835",1065 S Hiawassee Rd,Apt 1423,Orlando,FL,32835,Orange,28.529574,-81.471039,condo,1.0,1.0,673.0,8292.0,1989.0,Inactive,149000,2024-02-16T00:00:00.000Z,85,11.91170829631447
"6336-Buford-St,-Apt-509,-Orlando,-FL-32835","6336 Buford St, Apt 509, Orlando, FL 32835",6336 Buford St,Apt 509,Orlando,FL,32835,Orange,28.505579,-81.467714,condo,3.0,2.0,2010.0,20473.0,2005.0,Inactive,383400,2024-03-25T00:00:00.000Z,47,12.856836717832325
"675-Charing-Ct,-Orlando,-FL-32835","675 Charing Ct, Orlando, FL 32835",675 Charing Ct,,Orlando,FL,32835,Orange,28.531095,-81.474004,single_family,3.0,2.0,1735.0,10890.0,1990.0,Inactive,349900,2024-04-15T00:00:00.000Z,26,12.765405536311112
"220-Baywest-Neighbors-Cir,-Orlando,-FL-32835","220 Baywest Neighbors Cir, Orlando, FL 32835",220 Baywest Neighbors Cir,,Orlando,FL,32835,Orange,28.54309,-81.496225,single_family,3.0,2.0,1502.0,8700.0,1986.0,Inactive,410000,2024-05-07T00:00:00.000Z,3,12.923914877701906
"6118-Westgate-Dr,-Apt-203,-Orlando,-FL-32835","6118 Westgate Dr, Apt 203, Orlando, FL 32835",6118 Westgate Dr,Apt 203,Orlando,FL,32835,Orange,28.531757,-81.466496,condo,2.0,1.0,1342.0,5163.0,1988.0,Inactive,199900,2024-03-30T00:00:00.000Z,40,12.20557752297723
"2632-Robert-Trent-Jones-Dr,-Apt-127,-Orlando,-FL-32835","2632 Robert Trent Jones Dr, Apt 127, Orlando, FL 32835",2632 Robert Trent Jones Dr,Apt 127,Orlando,FL,32835,Orange,28.514921,-81.470916,condo,2.0,2.0,1150.0,11326.0,1995.0,Inactive,199000,2024-04-30T00:00:00.000Z,8,12.201065128819632
"5914-Strada-Capri-Way,-Orlando,-FL-32835","5914 Strada Capri Way, Orlando, FL 32835",5914 Strada Capri Way,,Orlando,FL,32835,Orange,28.511379,-81.461554,townhouse,3.0,2.5,1591.0,2281.0,2006.0,Inactive,319999,2024-04-30T00:00:00.000Z,8,12.676076274775909
"3406-Soho-St,-Apt-B2,-Orlando,-FL-32835","3406 Soho St, Apt B2, Orlando, FL 32835",3406 Soho St,Apt B2,Orlando,FL,32835,Orange,28.507653,-81.474371,condo,3.0,2.0,1260.0,12197.0,2000.0,Inactive,270000,2024-05-01T00:00:00.000Z,7,12.506180941677357
"7230-Westpointe-Blvd,-Apt-1211,-Orlando,-FL-32835","7230 Westpointe Blvd, Apt 1211, Orlando, FL 32835",7230 Westpointe Blvd,Apt 1211,Orlando,FL,32835,Orange,28.517122,-81.486798,condo,2.0,2.0,1080.0,6033.0,1994.0,Inactive,229000,2023-08-29T00:00:00.000Z,252,12.34148164933907
"3190-Dante-Dr,-Unit-203,-Orlando,-FL-32835","3190 Dante Dr, Unit 203, Orlando, FL 32835",3190 Dante Dr,Unit 203,Orlando,FL,32835,Orange,28.509208,-81.466884,condo,3.0,2.0,1206.0,15246.0,2002.0,Inactive,239900,2024-03-22T00:00:00.000Z,46,12.3879816172226
"7230-Westpointe-Blvd,-Apt-1215,-Orlando,-FL-32835","7230 Westpointe Blvd, Apt 1215, Orlando, FL 32835",7230 Westpointe Blvd,Apt 1215,Orlando,FL,32835,Orange,28.517122,-81.486798,condo,1.0,1.0,842.0,6033.0,1994.0,Inactive,185000,2024-04-05T00:00:00.000Z,32,12.128116509451258
"3356-Robert-Trent-Jones-Dr,---20506,-Orlando,-FL-32835","3356 Robert Trent Jones Dr, # 20506, Orlando, FL 32835",3356 Robert Trent Jones Dr,# 20506,Orlando,FL,32835,Orange,28.505534,-81.472185,condo,2.0,2.0,1962.0,20909.0,2007.0,Inactive,360000,2024-03-05T00:00:00.000Z,62,12.793862088206213
"6474-Haughton-Ln,-Orlando,-FL-32835","6474 Haughton Ln, Orlando, FL 32835",6474 Haughton Ln,,Orlando,FL,32835,Orange,28.532019,-81.472253,single_family,4.0,2.5,1834.0,8600.0,1990.0,Inactive,391000,2024-03-07T00:00:00.000Z,59,12.876465396508989
"7841-Anbury-Ct,-Orlando,-FL-32835","7841 Anbury Ct, Orlando, FL 32835",7841 Anbury Ct,,Orlando,FL,32835,Orange,28.544992,-81.49217,single_family,3.0,2.0,1359.0,12197.0,1989.0,Inactive,385000,2024-04-26T00:00:00.000Z,8,12.861001210669146
"7168-Somersworth-Dr,-Orlando,-FL-32835","7168 Somersworth Dr, Orlando, FL 32835",7168 Somersworth Dr,,Orlando,FL,32835,Orange,28.513765,-81.48958,single_family,4.0,2.5,2090.0,9441.0,1990.0,Inactive,499000,2024-04-30T00:00:00.000Z,4,13.120363378739663
"3368-Robert-Trent-Jones-Dr,-Unit-102,-Orlando,-FL-32835","3368 Robert Trent Jones Dr, Unit 102, Orlando, FL 32835",3368 Robert Trent Jones Dr,Unit 102,Orlando,FL,32835,Orange,28.505058,-81.470329,condo,2.0,2.0,1810.0,16117.0,2007.0,Inactive,315000,2023-09-11T00:00:00.000Z,235,12.660331092405906
"3396-Parkchester-Square-Blvd,-Apt-202,-Orlando,-FL-32835","3396 Parkchester Square Blvd, Apt 202, Orlando, FL 32835",3396 Parkchester Square Blvd,Apt 202,Orlando,FL,32835,Orange,28.507804,-81.471303,single_family,2.0,2.0,1256.0,5647.0,2000.0,Inactive,228500,2024-02-05T00:00:00.000Z,88,12.339295865674435
"437-Alston-Dr,-Orlando,-FL-32835","437 Alston Dr, Orlando, FL 32835",437 Alston Dr,,Orlando,FL,32835,Orange,28.548212,-81.482212,multi-family,3.0,2.5,1467.0,5182.0,1990.0,Inactive,290000,2024-03-28T00:00:00.000Z,36,12.577639650232573
"3314-Robert-Trent-Jones-Dr,---20401,-Orlando,-FL-32835","3314 Robert Trent Jones Dr, # 20401, Orlando, FL 32835",3314 Robert Trent Jones Dr,# 20401,Orlando,FL,32835,Orange,28.506968,-81.47094,condo,3.0,2.0,1447.0,16117.0,2007.0,Inactive,259900,2023-12-22T00:00:00.000Z,131,12.468056068255885
"3468-Soho-St,-Apt-207,-Orlando,-FL-32835","3468 Soho St, Apt 207, Orlando, FL 32835",3468 Soho St,Apt 207,Orlando,FL,32835,Orange,28.506421,-81.472907,condo,3.0,2.0,1260.0,11761.0,2000.0,Inactive,219990,2024-01-27T00:00:00.000Z,95,12.30134191540679
"6111-Metrowest-Blvd,-Unit-103,-Orlando,-FL-32835","6111 Metrowest Blvd, Unit 103, Orlando, FL 32835",6111 Metrowest Blvd,Unit 103,Orlando,FL,32835,Orange,28.515584,-81.464475,condo,3.0,3.0,1678.0,601.0,2004.0,Inactive,340000,2024-03-22T00:00:00.000Z,40,12.73670383776449
"6118-Westgate-Dr,-Apt-103,-Orlando,-FL-32835","6118 Westgate Dr, Apt 103, Orlando, FL 32835",6118 Westgate Dr,Apt 103,Orlando,FL,32835,Orange,28.531757,-81.466496,condo,2.0,1.0,864.0,5163.0,1988.0,Inactive,215000,2024-03-22T00:00:00.000Z,40,12.278397958261774
"3338-Robert-Trent-Jones-Dr,---10604,-Orlando,-FL-32835","3338 Robert Trent Jones Dr, # 10604, Orlando, FL 32835",3338 Robert Trent Jones Dr,# 10604,Orlando,FL,32835,Orange,28.505799,-81.471162,condo,3.0,2.0,1247.0,8756.0,2009.0,Inactive,264900,2024-04-09T00:00:00.000Z,22,12.487111450262473
"2668-Robert-Trent-Jones-Dr,-Apt-431,-Orlando,-FL-32835","2668 Robert Trent Jones Dr, Apt 431, Orlando, FL 32835",2668 Robert Trent Jones Dr,Apt 431,Orlando,FL,32835,Orange,28.513559,-81.471681,condo,2.0,2.0,1150.0,11326.0,1995.0,Inactive,190000,2024-03-08T00:00:00.000Z,53,12.154784614286667
"6001-Westgate-Dr,-Apt-2124,-Orlando,-FL-32835","6001 Westgate Dr, Apt 2124, Orlando, FL 32835",6001 Westgate Dr,Apt 2124,Orlando,FL,32835,Orange,28.532913,-81.464661,condo,2.0,2.0,1344.0,4759.0,1999.0,Inactive,249900,2024-04-14T00:00:00.000Z,16,12.428820118415677
"6157-Metrowest-Blvd,-Unit-306,-Orlando,-FL-32835","6157 Metrowest Blvd, Unit 306, Orlando, FL 32835",6157 Metrowest Blvd,Unit 306,Orlando,FL,32835,Orange,28.514948,-81.465374,condo,2.0,2.0,1079.0,8919.0,2004.0,Inactive,235000,2023-11-28T00:00:00.000Z,153,12.367345048436391
"7928-Sebago-Ct,-Orlando,-FL-32835","7928 Sebago Ct, Orlando, FL 32835",7928 Sebago Ct,,Orlando,FL,32835,Orange,28.505644,-81.490258,single_family,4.0,2.0,2728.0,14375.0,1983.0,Inactive,699900,2024-04-20T00:00:00.000Z,8,13.45869417545215
"1212-S-Hiawassee-Rd,-Apt-519,-Orlando,-FL-32835","1212 S Hiawassee Rd, Apt 519, Orlando, FL 32835",1212 S Hiawassee Rd,Apt 519,Orlando,FL,32835,Orange,28.524296,-81.473187,condo,3.0,2.0,1206.0,15682.0,1998.0,Inactive,240000,2024-01-09T00:00:00.000Z,109,12.388398368982115
"3468-Soho-St,-Apt-B08,-Orlando,-FL-32835","3468 Soho St, Apt B08, Orlando, FL 32835",3468 Soho St,Apt B08,Orlando,FL,32835,Orange,28.506421,-81.472907,condo,3.0,2.0,1260.0,11761.0,2000.0,Inactive,200000,2024-03-07T00:00:00.000Z,50,12.206077645517674
"6171-Metrowest-Blvd,-Unit-103,-Orlando,-FL-32835","6171 Metrowest Blvd, Unit 103, Orlando, FL 32835",6171 Metrowest Blvd,Unit 103,Orlando,FL,32835,Orange,28.516304,-81.466631,condo,1.0,1.0,750.0,8756.0,2004.0,Inactive,215000,2024-03-21T00:00:00.000Z,36,12.278397958261774
"7220-Westpointe-Blvd,-Apt-1413,-Orlando,-FL-32835","7220 Westpointe Blvd, Apt 1413, Orlando, FL 32835",7220 Westpointe Blvd,Apt 1413,Orlando,FL,32835,Orange,28.516012,-81.486847,condo,2.0,2.0,1133.0,8756.0,1994.0,Inactive,220000,2023-12-27T00:00:00.000Z,120,12.301387370778713
"6434-Cava-Alta-Dr,-Unit-102,-Orlando,-FL-32835","6434 Cava Alta Dr, Unit 102, Orlando, FL 32835",6434 Cava Alta Dr,Unit 102,Orlando,FL,32835,Orange,28.515266,-81.468557,condo,2.0,2.0,1112.0,1099.0,2005.0,Inactive,230000,2024-04-16T00:00:00.000Z,9,12.345838935721968
"7674-Mount-Carmel-Dr,-Orlando,-FL-32835","7674 Mount Carmel Dr, Orlando, FL 32835",7674 Mount Carmel Dr,,Orlando,FL,32835,Orange,28.521163,-81.496841,single_family,3.0,2.0,1714.0,10454.0,1994.0,Inactive,607000,2024-02-22T00:00:00.000Z,62,13.316285717486736
"6148-Westgate-Dr,-Apt-202,-Orlando,-FL-32835","6148 Westgate Dr, Apt 202, Orlando, FL 32835",6148 Westgate Dr,Apt 202,Orlando,FL,32835,Orange,28.530582,-81.465872,condo,2.0,2.0,943.0,5936.0,1988.0,Inactive,185000,2024-04-03T00:00:00.000Z,21,12.128116509451258
"6172-Westgate-Dr,-Apt-303,-Orlando,-FL-32835","6172 Westgate Dr, Apt 303, Orlando, FL 32835",6172 Westgate Dr,Apt 303,Orlando,FL,32835,Orange,28.530625,-81.46731,condo,2.0,2.0,1422.0,5936.0,1988.0,Inactive,210000,2024-02-09T00:00:00.000Z,74,12.25486757159303
"3190-Dante-Dr,-Unit-206,-Orlando,-FL-32835","3190 Dante Dr, Unit 206, Orlando, FL 32835",3190 Dante Dr,Unit 206,Orlando,FL,32835,Orange,28.509208,-81.466884,condo,3.0,2.0,1206.0,15246.0,2002.0,Inactive,254900,2024-03-04T00:00:00.000Z,50,12.448630513463613
"6100-Stevenson-Dr,-Unit-209,-Orlando,-FL-32835","6100 Stevenson Dr, Unit 209, Orlando, FL 32835",6100 Stevenson Dr,Unit 209,Orlando,FL,32835,Orange,28.508575,-81.464783,condo,3.0,2.0,1408.0,15246.0,2003.0,Inactive,285900,2024-03-06T00:00:00.000Z,48,12.563400876030764
"7310-Westpointe-Blvd,-Apt-635,-Orlando,-FL-32835","7310 Westpointe Blvd, Apt 635, Orlando, FL 32835",7310 Westpointe Blvd,Apt 635,Orlando,FL,32835,Orange,28.516365,-81.490785,condo,1.0,1.0,842.0,8756.0,1994.0,Inactive,180000,2024-03-14T00:00:00.000Z,40,12.100717685412471
"2632-Robert-Trent-Jones-Dr,-Apt-111,-Orlando,-FL-32835","2632 Robert Trent Jones Dr, Apt 111, Orlando, FL 32835",2632 Robert Trent Jones Dr,Apt 111,Orlando,FL,32835,Orange,28.514921,-81.470916,condo,2.0,2.0,1150.0,11326.0,1995.0,Inactive,199900,2024-04-14T00:00:00.000Z,9,12.20557752297723
"1479-Shelter-Rock-Rd,-Orlando,-FL-32835","1479 Shelter Rock Rd, Orlando, FL 32835",1479 Shelter Rock Rd,,Orlando,FL,32835,Orange,28.523637,-81.498028,single_family,4.0,3.0,2370.0,9991.0,1997.0,Inactive,619990,2023-09-15T00:00:00.000Z,220,13.337460240786882
"7624-San-Remo-Pl,-Orlando,-FL-32835","7624 San Remo Pl, Orlando, FL 32835",7624 San Remo Pl,,Orlando,FL,32835,Orange,28.497407,-81.484961,single_family,4.0,4.0,3695.0,14375.0,2012.0,Inactive,1100000,2024-02-26T00:00:00.000Z,56,13.910821646859095
"2484-San-Tecla-St,-Unit-406,-Orlando,-FL-32835","2484 San Tecla St, Unit 406, Orlando, FL 32835",2484 San Tecla St,Unit 406,Orlando,FL,32835,Orange,28.51457,-81.467993,condo,3.0,2.0,1247.0,1259.0,2005.0,Inactive,309900,2024-02-08T00:00:00.000Z,73,12.644008170618003
"3015-Metro-Sevilla-Dr,-Unit-104,-Orlando,-FL-32835","3015 Metro Sevilla Dr, Unit 104, Orlando, FL 32835",3015 Metro Sevilla Dr,Unit 104,Orlando,FL,32835,Orange,28.510664,-81.469342,townhouse,3.0,2.5,2010.0,1402.0,2005.0,Inactive,427000,2023-09-11T00:00:00.000Z,222,12.964541634128395
"132-N-Hudson-St,-Orlando,-FL-32835","132 N Hudson St, Orlando, FL 32835",132 N Hudson St,,Orlando,FL,32835,Orange,28.544102,-81.461679,single_family,3.0,2.0,1600.0,6752.0,2023.0,Inactive,420000,2023-09-26T00:00:00.000Z,206,12.948012371209098
"216-Alston-Dr,-Orlando,-FL-32835","216 Alston Dr, Orlando, FL 32835",216 Alston Dr,,Orlando,FL,32835,Orange,28.544543,-81.482744,multi-family,3.0,2.5,1326.0,9367.0,1988.0,Inactive,319000,2024-03-20T00:00:00.000Z,30,12.672949516558306
"6130-Westgate-Dr,-Apt-203,-Orlando,-FL-32835","6130 Westgate Dr, Apt 203, Orlando, FL 32835",6130 Westgate Dr,Apt 203,Orlando,FL,32835,Orange,28.531409,-81.465888,condo,2.0,2.0,943.0,5936.0,1988.0,Inactive,192900,2024-04-09T00:00:00.000Z,10,12.169932382913561
"7640-Pacific-Heights-Cir,-Orlando,-FL-32835","7640 Pacific Heights Cir, Orlando, FL 32835",7640 Pacific Heights Cir,,Orlando,FL,32835,Orange,28.537973,-81.487209,single_family,3.0,2.5,1478.0,6219.0,1989.0,Inactive,370000,2023-10-20T00:00:00.000Z,180,12.821260987319457
"6160-Westgate-Dr,-Apt-104,-Orlando,-FL-32835","6160 Westgate Dr, Apt 104, Orlando, FL 32835",6160 Westgate Dr,Apt 104,Orlando,FL,32835,Orange,28.531026,-81.466646,condo,1.0,1.0,722.0,4445.0,1988.0,Inactive,189900,2024-02-24T00:00:00.000Z,53,12.15425816271595
"1212-S-Hiawassee-Rd,-Apt-518,-Orlando,-FL-32835","1212 S Hiawassee Rd, Apt 518, Orlando, FL 32835",1212 S Hiawassee Rd,Apt 518,Orlando,FL,32835,Orange,28.524296,-81.473187,condo,2.0,2.0,1050.0,15682.0,1998.0,Inactive,235000,2024-03-07T00:00:00.000Z,41,12.367345048436391
"1023-S-Hiawassee-Rd,-Apt-4035,-Orlando,-FL-32835","1023 S Hiawassee Rd, Apt 4035, Orlando, FL 32835",1023 S Hiawassee Rd,Apt 4035,Orlando,FL,32835,Orange,28.528533,-81.473945,condo,1.0,1.0,627.0,7485.0,1989.0,Inactive,155000,2024-03-21T00:00:00.000Z,27,11.951186847493476
"7827-Barberry-Dr,-Orlando,-FL-32835","7827 Barberry Dr, Orlando, FL 32835",7827 Barberry Dr,,Orlando,FL,32835,Orange,28.532663,-81.491288,single_family,3.0,2.0,1513.0,10454.0,1986.0,Inactive,420000,2024-03-01T00:00:00.000Z,46,12.948012371209098
"7360-Westpointe-Blvd,-Apt-127,-Orlando,-FL-32835","7360 Westpointe Blvd, Apt 127, Orlando, FL 32835",7360 Westpointe Blvd,Apt 127,Orlando,FL,32835,Orange,28.516615,-81.488531,condo,3.0,2.0,1466.0,8756.0,1994.0,Inactive,277900,2024-03-02T00:00:00.000Z,42,12.535020214140818
"3315-Parkchester-Square-Blvd,-Apt-202,-Orlando,-FL-32835","3315 Parkchester Square Blvd, Apt 202, Orlando, FL 32835",3315 Parkchester Square Blvd,Apt 202,Orlando,FL,32835,Orange,28.508601,-81.471444,condo,4.0,2.0,1489.0,11761.0,2001.0,Inactive,200000,2024-03-07T00:00:00.000Z,37,12.206077645517674
"6368-Raleigh-St,-Apt-1812,-Orlando,-FL-32835","6368 Raleigh St, Apt 1812, Orlando, FL 32835",6368 Raleigh St,Apt 1812,Orlando,FL,32835,Orange,28.525339,-81.469264,condo,2.0,2.0,1248.0,4724.0,1997.0,Inactive,199995,2024-03-27T00:00:00.000Z,17,12.206052645330171
"1017-S-Hiawassee-Rd,-Apt-3733,-Orlando,-FL-32835","1017 S Hiawassee Rd, Apt 3733, Orlando, FL 32835",1017 S Hiawassee Rd,Apt 3733,Orlando,FL,32835,Orange,28.529432,-81.474107,condo,1.0,1.0,673.0,7883.0,1989.0,Inactive,149900,2024-04-02T00:00:00.000Z,11,11.917730355182513
"7250-Westpointe-Blvd,-Apt-1034,-Orlando,-FL-32835","7250 Westpointe Blvd, Apt 1034, Orlando, FL 32835",7250 Westpointe Blvd,Apt 1034,Orlando,FL,32835,Orange,28.516247,-81.487577,condo,2.0,1.0,1021.0,6033.0,1994.0,Inactive,219900,2023-11-13T00:00:00.000Z,151,12.300932724054114
"6100-W-Robinson-St,-Orlando,-FL-32835","6100 W Robinson St, Orlando, FL 32835",6100 W Robinson St,,Orlando,FL,32835,Orange,28.544744,-81.46511,single_family,3.0,2.0,1058.0,6671.0,1961.0,Inactive,290000,2024-02-29T00:00:00.000Z,43,12.577639650232573
"7959-Murcott-Cir,-Orlando,-FL-32835","7959 Murcott Cir, Orlando, FL 32835",7959 Murcott Cir,,Orlando,FL,32835,Orange,28.540287,-81.492171,single_family,3.0,2.0,1185.0,19166.0,1987.0,Inactive,370000,2024-03-17T00:00:00.000Z,26,12.821260987319457
"6564-Piccadilly-Ln,-Orlando,-FL-32835","6564 Piccadilly Ln, Orlando, FL 32835",6564 Piccadilly Ln,,Orlando,FL,32835,Orange,28.530524,-81.474602,single_family,3.0,2.0,1730.0,6245.0,1989.0,Inactive,380000,2024-04-09T00:00:00.000Z,3,12.847929163278053
"7257-Mardell-Ct,-Orlando,-FL-32835","7257 Mardell Ct, Orlando, FL 32835",7257 Mardell Ct,,Orlando,FL,32835,Orange,28.506507,-81.486666,single_family,3.0,2.0,1585.0,6747.0,1995.0,Inactive,400000,2024-04-11T00:00:00.000Z,1,12.899222326086994
"1077-S-Hiawassee-Rd,-Apt-824,-Orlando,-FL-32835","1077 S Hiawassee Rd, Apt 824, Orlando, FL 32835",1077 S Hiawassee Rd,Apt 824,Orlando,FL,32835,Orange,28.528256,-81.471771,condo,2.0,2.0,934.0,3811.0,1989.0,Inactive,203900,2023-10-17T00:00:00.000Z,177,12.225389860915405
"6125-Metrowest-Blvd,---14-109,-Orlando,-FL-32835","6125 Metrowest Blvd, # 14-109, Orlando, FL 32835",6125 Metrowest Blvd,# 14-109,Orlando,FL,32835,Orange,28.516556,-81.464256,condo,2.0,2.0,1361.0,469.0,2004.0,Inactive,260000,2024-01-19T00:00:00.000Z,83,12.468440756144114
"6149-Metrowest-Blvd,-Unit-202,-Orlando,-FL-32835","6149 Metrowest Blvd, Unit 202, Orlando, FL 32835",6149 Metrowest Blvd,Unit 202,Orlando,FL,32835,Orange,28.516427,-81.465746,condo,2.0,2.0,1138.0,8845.0,2004.0,Inactive,248900,2024-02-23T00:00:00.000Z,48,12.424810506025395
"6021-Westgate-Dr,-Apt-812,-Orlando,-FL-32835","6021 Westgate Dr, Apt 812, Orlando, FL 32835",6021 Westgate Dr,Apt 812,Orlando,FL,32835,Orange,28.533821,-81.464994,condo,2.0,2.0,1077.0,4759.0,1999.0,Inactive,234900,2024-03-13T00:00:00.000Z,29,12.366919427768636
"7245-Harbor-Heights-Cir,-Orlando,-FL-32835","7245 Harbor Heights Cir, Orlando, FL 32835",7245 Harbor Heights Cir,,Orlando,FL,32835,Orange,28.538053,-81.478994,multi-family,3.0,2.5,1528.0,7125.0,1984.0,Inactive,329800,2024-04-06T00:00:00.000Z,5,12.70624472124373
"6125-Metrowest-Blvd,-Unit-110,-Orlando,-FL-32835","6125 Metrowest Blvd, Unit 110, Orlando, FL 32835",6125 Metrowest Blvd,Unit 110,Orlando,FL,32835,Orange,28.516527,-81.464062,condo,2.0,2.0,1361.0,469.0,2004.0,Inactive,260000,2024-01-13T00:00:00.000Z,85,12.468440756144114
"2586-Robert-Trent-Jones-Dr,-Apt-1124,-Orlando,-FL-32835","2586 Robert Trent Jones Dr, Apt 1124, Orlando, FL 32835",2586 Robert Trent Jones Dr,Apt 1124,Orlando,FL,32835,Orange,28.514713,-81.472882,condo,1.0,1.0,854.0,11326.0,1995.0,Inactive,165000,2023-10-16T00:00:00.000Z,173,12.013706813470414
"3674-Winding-Lake-Cir,-Orlando,-FL-32835","3674 Winding Lake Cir, Orlando, FL 32835",3674 Winding Lake Cir,,Orlando,FL,32835,Orange,28.49814,-81.495282,single_family,4.0,3.0,2887.0,13939.0,1998.0,Inactive,820000,2024-03-08T00:00:00.000Z,29,13.617060838751888
"7586-Park-Springs-Cir,-Orlando,-FL-32835","7586 Park Springs Cir, Orlando, FL 32835",7586 Park Springs Cir,,Orlando,FL,32835,Orange,28.499316,-81.484663,single_family,4.0,3.5,3135.0,14375.0,1990.0,Inactive,900000,2024-04-04T00:00:00.000Z,2,13.710151153416941
"2674-Robert-Trent-Jones-Dr,-Apt-322,-Orlando,-FL-32835","2674 Robert Trent Jones Dr, Apt 322, Orlando, FL 32835",2674 Robert Trent Jones Dr,Apt 322,Orlando,FL,32835,Orange,28.51333,-81.471237,condo,1.0,1.0,674.0,9127.0,1995.0,Inactive,174800,2024-03-23T00:00:00.000Z,13,12.071403463011007
"7957-Sweetgum-Loop,-Orlando,-FL-32835","7957 Sweetgum Loop, Orlando, FL 32835",7957 Sweetgum Loop,,Orlando,FL,32835,Orange,28.532914,-81.495915,single_family,3.0,2.0,1591.0,53143.0,1986.0,Inactive,535000,2024-03-29T00:00:00.000Z,7,13.190023895035274
"7280-Westpointe-Blvd,-Apt-826,-Orlando,-FL-32835","7280 Westpointe Blvd, Apt 826, Orlando, FL 32835",7280 Westpointe Blvd,Apt 826,Orlando,FL,32835,Orange,28.516093,-81.489208,condo,2.0,2.0,1080.0,8756.0,1994.0,Inactive,210000,2024-02-24T00:00:00.000Z,39,12.25486757159303
"6169-Metrowest-Blvd,-Unit-206,-Orlando,-FL-32835","6169 Metrowest Blvd, Unit 206, Orlando, FL 32835",6169 Metrowest Blvd,Unit 206,Orlando,FL,32835,Orange,28.515821,-81.466843,condo,3.0,2.0,1285.0,10454.0,2004.0,Inactive,254700,2024-03-07T00:00:00.000Z,27,12.447845587147512
"2572-Robert-Trent-Jones-Dr,-Apt-1216,-Orlando,-FL-32835","2572 Robert Trent Jones Dr, Apt 1216, Orlando, FL 32835",2572 Robert Trent Jones Dr,Apt 1216,Orlando,FL,32835,Orange,28.515236,-81.472972,condo,2.0,2.0,1014.0,9178.0,1995.0,Inactive,220000,2024-03-14T00:00:00.000Z,20,12.301387370778713
"7430-Park-Springs-Cir,-Orlando,-FL-32835","7430 Park Springs Cir, Orlando, FL 32835",7430 Park Springs Cir,,Orlando,FL,32835,Orange,28.499794,-81.485066,single_family,4.0,3.0,2809.0,15246.0,1990.0,Inactive,815000,2024-03-14T00:00:00.000Z,20,13.610944619216111
"1081-S-Hiawassee-Rd,-Apt-714,-Orlando,-FL-32835","1081 S Hiawassee Rd, Apt 714, Orlando, FL 32835",1081 S Hiawassee Rd,Apt 714,Orlando,FL,32835,Orange,28.528024,-81.471523,condo,1.0,1.0,627.0,7434.0,1989.0,Inactive,144900,2024-03-14T00:00:00.000Z,20,11.88380602959621
"6141-Metrowest-Blvd,-Unit-107,-Orlando,-FL-32835","6141 Metrowest Blvd, Unit 107, Orlando, FL 32835",6141 Metrowest Blvd,Unit 107,Orlando,FL,32835,Orange,28.517033,-81.465586,condo,4.0,2.0,1417.0,10454.0,2004.0,Inactive,299000,2024-03-27T00:00:00.000Z,7,12.608202196848836
"2572-Robert-Trent-Jones-Dr,-Apt-1222,-Orlando,-FL-32835","2572 Robert Trent Jones Dr, Apt 1222, Orlando, FL 32835",2572 Robert Trent Jones Dr,Apt 1222,Orlando,FL,32835,Orange,28.515236,-81.472972,condo,1.0,1.0,674.0,9178.0,1995.0,Inactive,169000,2023-11-03T00:00:00.000Z,151,12.037659911047468
"3497-Shallot-Dr,-Unit-106,-Orlando,-FL-32835","3497 Shallot Dr, Unit 106, Orlando, FL 32835",3497 Shallot Dr,Unit 106,Orlando,FL,32835,Orange,28.507646,-81.46953,condo,2.0,2.5,1546.0,976.0,2004.0,Inactive,317000,2023-12-14T00:00:00.000Z,110,12.666660207428574
"5962-Westgate-Dr,-Apt-303,-Orlando,-FL-32835","5962 Westgate Dr, Apt 303, Orlando, FL 32835",5962 Westgate Dr,Apt 303,Orlando,FL,32835,Orange,28.531208,-81.464031,condo,1.0,1.0,1037.0,8756.0,1988.0,Inactive,169000,2024-03-22T00:00:00.000Z,11,12.037659911047468
"6171-Metrowest-Blvd,-Unit-306,-Orlando,-FL-32835","6171 Metrowest Blvd, Unit 306, Orlando, FL 32835",6171 Metrowest Blvd,Unit 306,Orlando,FL,32835,Orange,28.516304,-81.466631,condo,1.0,1.0,731.0,6113.0,2004.0,Inactive,189900,2024-03-28T00:00:00.000Z,5,12.15425816271595
"1824-Bardmoor-Hill-Cir,-Orlando,-FL-32835","1824 Bardmoor Hill Cir, Orlando, FL 32835",1824 Bardmoor Hill Cir,,Orlando,FL,32835,Orange,28.52004,-81.498702,single_family,4.0,3.0,2400.0,8055.0,1995.0,Inactive,599900,2024-03-02T00:00:00.000Z,29,13.304519920584285
"6235-Goethe-St,-Unit-105,-Orlando,-FL-32835","6235 Goethe St, Unit 105, Orlando, FL 32835",6235 Goethe St,Unit 105,Orlando,FL,32835,Orange,28.51039,-81.466617,townhouse,3.0,2.5,1682.0,999.0,2002.0,Inactive,329900,2024-02-07T00:00:00.000Z,52,12.706547888433661
"6656-Chantry-St,-Orlando,-FL-32835","6656 Chantry St, Orlando, FL 32835",6656 Chantry St,,Orlando,FL,32835,Orange,28.542158,-81.474827,single_family,3.0,2.0,1324.0,6956.0,1987.0,Inactive,345000,2023-12-02T00:00:00.000Z,116,12.75130259456002
"3324-Parkchester-Square-Blvd,-Apt-205,-Orlando,-FL-32835","3324 Parkchester Square Blvd, Apt 205, Orlando, FL 32835",3324 Parkchester Square Blvd,Apt 205,Orlando,FL,32835,Orange,28.508329,-81.471815,condo,1.0,1.0,658.0,6122.0,2000.0,Inactive,159995,2024-03-07T00:00:00.000Z,19,11.982904093903459
"2851-Polvadero-Ln,-Unit-108,-Orlando,-FL-32835","2851 Polvadero Ln, Unit 108, Orlando, FL 32835",2851 Polvadero Ln,Unit 108,Orlando,FL,32835,Orange,28.512689,-81.467046,condo,3.0,2.5,1665.0,1085.0,2005.0,Inactive,339000,2024-03-14T00:00:00.000Z,12,12.733758336210744
"3446-Bellington-Dr,-Orlando,-FL-32835","3446 Bellington Dr, Orlando, FL 32835",3446 Bellington Dr,,Orlando,FL,32835,Orange,28.503398,-81.492911,single_family,4.0,4.0,3156.0,14375.0,1998.0,Inactive,875000,2024-03-21T00:00:00.000Z,5,13.681980308196241
"3332-Robert-Trent-Jones-Dr,---40703,-Orlando,-FL-32835","3332 Robert Trent Jones Dr, # 40703, Orlando, FL 32835",3332 Robert Trent Jones Dr,# 40703,Orlando,FL,32835,Orange,28.505906,-81.470596,condo,2.0,2.0,1112.0,16117.0,2006.0,Inactive,239900,2024-01-08T00:00:00.000Z,77,12.3879816172226
"7913-Sebago-Ct,-Orlando,-FL-32835","7913 Sebago Ct, Orlando, FL 32835",7913 Sebago Ct,,Orlando,FL,32835,Orange,28.505401,-81.490924,single_family,3.0,2.0,1891.0,20473.0,1982.0,Inactive,599000,2024-01-17T00:00:00.000Z,67,13.303018546545275
"7132-Harbor-Point-Blvd,-Orlando,-FL-32835","7132 Harbor Point Blvd, Orlando, FL 32835",7132 Harbor Point Blvd,,Orlando,FL,32835,Orange,28.533978,-81.478783,single_family,3.0,2.0,1518.0,8250.0,1983.0,Inactive,299000,2024-03-20T00:00:00.000Z,4,12.608202196848836
"6383-Conejo-Ter,-Unit-105,-Orlando,-FL-32835","6383 Conejo Ter, Unit 105, Orlando, FL 32835",6383 Conejo Ter,Unit 105,Orlando,FL,32835,Orange,28.511044,-81.469829,condo,3.0,2.5,2010.0,1427.0,2005.0,Inactive,420000,2023-09-07T00:00:00.000Z,198,12.948012371209098
"3393-Shallot-Dr,-Unit-104,-Orlando,-FL-32835","3393 Shallot Dr, Unit 104, Orlando, FL 32835",3393 Shallot Dr,Unit 104,Orlando,FL,32835,Orange,28.507282,-81.467974,condo,3.0,2.5,1682.0,979.0,2004.0,Inactive,349000,2023-10-11T00:00:00.000Z,164,12.762830066509972
"1046-Almond-Tree-Cir,-Orlando,-FL-32835","1046 Almond Tree Cir, Orlando, FL 32835",1046 Almond Tree Cir,,Orlando,FL,32835,Orange,28.528346,-81.507023,single_family,4.0,2.5,2322.0,13068.0,1988.0,Inactive,667500,2024-02-23T00:00:00.000Z,29,13.41129616738276
"6492-Piccadilly-Ln,-Orlando,-FL-32835","6492 Piccadilly Ln, Orlando, FL 32835",6492 Piccadilly Ln,,Orlando,FL,32835,Orange,28.53049,-81.472896,single_family,3.0,2.0,1545.0,6694.0,1989.0,Inactive,330000,2024-03-15T00:00:00.000Z,8,12.706850963741102
"7247-Hunterdon-Dr,-Orlando,-FL-32835","7247 Hunterdon Dr, Orlando, FL 32835",7247 Hunterdon Dr,,Orlando,FL,32835,Orange,28.511575,-81.489083,single_family,3.0,2.0,1440.0,7070.0,1989.0,Inactive,430000,2024-03-20T00:00:00.000Z,3,12.971542813248437
"1055-S-Hiawassee-Rd,-Apt-2012,-Orlando,-FL-32835","1055 S Hiawassee Rd, Apt 2012, Orlando, FL 32835",1055 S Hiawassee Rd,Apt 2012,Orlando,FL,32835,Orange,28.528563,-81.472734,condo,2.0,2.0,934.0,7535.0,1989.0,Inactive,195000,2024-02-14T00:00:00.000Z,37,12.180759965737863
"6611-Time-Square-Ave,-Apt-105,-Orlando,-FL-32835","6611 Time Square Ave, Apt 105, Orlando, FL 32835",6611 Time Square Ave,Apt 105,Orlando,FL,32835,Orange,28.508356,-81.472852,condo,3.0,2.5,1634.0,3674.0,2000.0,Inactive,255000,2024-03-06T00:00:00.000Z,16,12.449022745701502
"6063-Strada-Isle-Way,-Orlando,-FL-32835","6063 Strada Isle Way, Orlando, FL 32835",6063 Strada Isle Way,,Orlando,FL,32835,Orange,28.510191,-81.463139,townhouse,3.0,2.5,1593.0,2049.0,2005.0,Inactive,325000,2024-03-16T00:00:00.000Z,6,12.691583538230217
"2632-Robert-Trent-Jones-Dr,-Apt-123,-Orlando,-FL-32835","2632 Robert Trent Jones Dr, Apt 123, Orlando, FL 32835",2632 Robert Trent Jones Dr,Apt 123,Orlando,FL,32835,Orange,28.514921,-81.470916,condo,1.0,1.0,854.0,11326.0,1995.0,Inactive,170000,2024-01-30T00:00:00.000Z,51,12.04355959836804
"449-N-Normandale-Ave,-Orlando,-FL-32835","449 N Normandale Ave, Orlando, FL 32835",449 N Normandale Ave,,Orlando,FL,32835,Orange,28.547975,-81.460076,single_family,2.0,1.0,839.0,6993.0,1984.0,Inactive,139999,2024-03-07T00:00:00.000Z,14,11.84939770159144
"657-Bellhurst-Ct,-Orlando,-FL-32835","657 Bellhurst Ct, Orlando, FL 32835",657 Bellhurst Ct,,Orlando,FL,32835,Orange,28.531529,-81.472934,single_family,3.0,2.0,1690.0,7802.0,1990.0,Inactive,374900,2023-07-29T00:00:00.000Z,235,12.834417270098413
"3326-Robert-Trent-Jones-Dr,-Unit-101,-Orlando,-FL-32835","3326 Robert Trent Jones Dr, Unit 101, Orlando, FL 32835",3326 Robert Trent Jones Dr,Unit 101,Orlando,FL,32835,Orange,28.509268,-81.470068,condo,3.0,2.0,1247.0,16117.0,2006.0,Inactive,275000,2024-01-18T00:00:00.000Z,62,12.524530013005734
"8234-Courtleigh-Dr,-Orlando,-FL-32835","8234 Courtleigh Dr, Orlando, FL 32835",8234 Courtleigh Dr,,Orlando,FL,32835,Orange,28.508678,-81.50754,single_family,4.0,3.0,2720.0,27007.0,1993.0,Inactive,799900,2024-02-18T00:00:00.000Z,31,13.592243248992402
"6580-Piccadilly-Ln,-Orlando,-FL-32835","6580 Piccadilly Ln, Orlando, FL 32835",6580 Piccadilly Ln,,Orlando,FL,32835,Orange,28.530668,-81.475054,single_family,3.0,2.0,1710.0,13068.0,1989.0,Inactive,399000,2024-02-29T00:00:00.000Z,20,12.896719202134523
"7543-Saint-Stephens-Ct,-Orlando,-FL-32835","7543 Saint Stephens Ct, Orlando, FL 32835",7543 Saint Stephens Ct,,Orlando,FL,32835,Orange,28.513322,-81.494378,single_family,5.0,4.0,3617.0,11761.0,2003.0,Inactive,850000,2024-03-14T00:00:00.000Z,6,13.652992804936396
"1025-S-Hiawassee-Rd,-Apt-2214,-Orlando,-FL-32835","1025 S Hiawassee Rd, Apt 2214, Orlando, FL 32835",1025 S Hiawassee Rd,Apt 2214,Orlando,FL,32835,Orange,28.528753,-81.473559,condo,1.0,1.0,627.0,1647.0,1989.0,Inactive,139000,2024-02-12T00:00:00.000Z,36,11.842236406331555
"426-S-Candler-Ave,-Orlando,-FL-32835","426 S Candler Ave, Orlando, FL 32835",426 S Candler Ave,,Orlando,FL,32835,Orange,28.534722,-81.473288,single_family,2.0,1.0,572.0,6064.0,1965.0,Inactive,210000,2024-03-14T00:00:00.000Z,5,12.25486757159303
"3213-Greenwich-Village-Blvd,-Apt-202,-Orlando,-FL-32835","3213 Greenwich Village Blvd, Apt 202, Orlando, FL 32835",3213 Greenwich Village Blvd,Apt 202,Orlando,FL,32835,Orange,28.508871,-81.472688,condo,2.0,2.0,1256.0,5615.0,2000.0,Inactive,229000,2023-10-26T00:00:00.000Z,142,12.34148164933907
"980-Almond-Tree-Cir,-Orlando,-FL-32835","980 Almond Tree Cir, Orlando, FL 32835",980 Almond Tree Cir,,Orlando,FL,32835,Orange,28.528722,-81.507262,single_family,4.0,2.5,2416.0,12632.0,1988.0,Inactive,747000,2024-02-07T00:00:00.000Z,37,13.523821802802145
"3821-Salmon-Dr,-Orlando,-FL-32835","3821 Salmon Dr, Orlando, FL 32835",3821 Salmon Dr,,Orlando,FL,32835,Orange,28.507076,-81.490434,single_family,3.0,2.0,2342.0,16553.0,1984.0,Inactive,535000,2024-02-07T00:00:00.000Z,37,13.190023895035274
"3478-Westchester-Square-Blvd,-Apt-103,-Orlando,-FL-32835","3478 Westchester Square Blvd, Apt 103, Orlando, FL 32835",3478 Westchester Square Blvd,Apt 103,Orlando,FL,32835,Orange,28.506621,-81.47237,condo,1.0,1.0,885.0,6122.0,2000.0,Inactive,179995,2024-02-13T00:00:00.000Z,31,12.100689907403208
"6020-W-Harwood-Ave,-Orlando,-FL-32835","6020 W Harwood Ave, Orlando, FL 32835",6020 W Harwood Ave,,Orlando,FL,32835,Orange,28.547634,-81.46435,single_family,2.0,1.0,869.0,6500.0,1959.0,Inactive,265000,2023-10-12T00:00:00.000Z,154,12.487488878546145
"1071-S-Hiawassee-Rd,-Apt-1221,-Orlando,-FL-32835","1071 S Hiawassee Rd, Apt 1221, Orlando, FL 32835",1071 S Hiawassee Rd,Apt 1221,Orlando,FL,32835,Orange,28.528579,-81.470972,condo,2.0,2.0,934.0,8756.0,1989.0,Inactive,185000,2023-11-20T00:00:00.000Z,115,12.128116509451258
"3403-Greenwich-Village-Blvd,-Apt-103,-Orlando,-FL-32835","3403 Greenwich Village Blvd, Apt 103, Orlando, FL 32835",3403 Greenwich Village Blvd,Apt 103,Orlando,FL,32835,Orange,28.507575,-81.471532,condo,2.0,2.0,1160.0,6122.0,2000.0,Inactive,245000,2023-11-16T00:00:00.000Z,118,12.409017571151187
"7431-Park-Springs-Cir,-Orlando,-FL-32835","7431 Park Springs Cir, Orlando, FL 32835",7431 Park Springs Cir,,Orlando,FL,32835,Orange,28.500354,-81.484943,single_family,5.0,4.0,4175.0,14375.0,1994.0,Inactive,929990,2024-01-03T00:00:00.000Z,70,13.742930187663257
"5961-Westgate-Dr,-Apt-2015,-Orlando,-FL-32835","5961 Westgate Dr, Apt 2015, Orlando, FL 32835",5961 Westgate Dr,Apt 2015,Orlando,FL,32835,Orange,28.532841,-81.464348,condo,1.0,1.0,713.0,8369.0,1999.0,Inactive,169000,2024-02-07T00:00:00.000Z,35,12.037659911047468
"3336-Shallot-Dr,-Unit-105,-Orlando,-FL-32835","3336 Shallot Dr, Unit 105, Orlando, FL 32835",3336 Shallot Dr,Unit 105,Orlando,FL,32835,Orange,28.506947,-81.467584,condo,3.0,2.5,1682.0,976.0,2004.0,Inactive,359000,2024-02-02T00:00:00.000Z,39,12.791080452981857
"7330-Westpointe-Blvd,-Apt-411,-Orlando,-FL-32835","7330 Westpointe Blvd, Apt 411, Orlando, FL 32835",7330 Westpointe Blvd,Apt 411,Orlando,FL,32835,Orange,28.516597,-81.489907,condo,2.0,2.0,1080.0,6033.0,1994.0,Inactive,219000,2023-10-26T00:00:00.000Z,137,12.296831574998258
"6530-Grosvenor-Ln,-Orlando,-FL-32835","6530 Grosvenor Ln, Orlando, FL 32835",6530 Grosvenor Ln,,Orlando,FL,32835,Orange,28.532982,-81.473409,single_family,3.0,2.0,1580.0,7288.0,1988.0,Inactive,410000,2024-03-06T00:00:00.000Z,5,12.923914877701906
"6100-Stevenson-Dr,-Unit-308,-Orlando,-FL-32835","6100 Stevenson Dr, Unit 308, Orlando, FL 32835",6100 Stevenson Dr,Unit 308,Orlando,FL,32835,Orange,28.508575,-81.464783,condo,3.0,2.0,1206.0,15246.0,2003.0,Inactive,256900,2024-02-16T00:00:00.000Z,23,12.456446075655599
"3631-Winding-Lake-Cir,-Orlando,-FL-32835","3631 Winding Lake Cir, Orlando, FL 32835",3631 Winding Lake Cir,,Orlando,FL,32835,Orange,28.496262,-81.495156,single_family,4.0,3.5,2902.0,34412.0,1997.0,Inactive,950000,2024-02-23T00:00:00.000Z,16,13.76421831620775
"7631-Pacific-Heights-Cir,-Orlando,-FL-32835","7631 Pacific Heights Cir, Orlando, FL 32835",7631 Pacific Heights Cir,,Orlando,FL,32835,Orange,28.538397,-81.487781,single_family,3.0,2.0,1183.0,5499.0,1989.0,Inactive,359900,2024-02-29T00:00:00.000Z,10,12.79358427261286
"7970-Horse-Ferry-Rd,-Orlando,-FL-32835","7970 Horse Ferry Rd, Orlando, FL 32835",7970 Horse Ferry Rd,,Orlando,FL,32835,Orange,28.504718,-81.502254,single_family,4.0,4.0,3305.0,14810.0,1999.0,Inactive,929000,2024-03-06T00:00:00.000Z,4,13.74186509422166
"831-Palm-Cove-Dr,-Orlando,-FL-32835","831 Palm Cove Dr, Orlando, FL 32835",831 Palm Cove Dr,,Orlando,FL,32835,Orange,28.527825,-81.505141,single_family,3.0,3.0,2170.0,10890.0,1994.0,Inactive,649000,2024-03-07T00:00:00.000Z,3,13.38318953651709
"6033-Melbourne-Ave,-Orlando,-FL-32835","6033 Melbourne Ave, Orlando, FL 32835",6033 Melbourne Ave,,Orlando,FL,32835,Orange,28.546635,-81.464751,single_family,4.0,2.0,1260.0,6499.0,1960.0,Inactive,319900,2023-09-16T00:00:00.000Z,175,12.675766851909591
"3368-Robert-Trent-Jones-Dr,---30308,-Orlando,-FL-32835","3368 Robert Trent Jones Dr, # 30308, Orlando, FL 32835",3368 Robert Trent Jones Dr,# 30308,Orlando,FL,32835,Orange,28.505058,-81.470329,condo,3.0,2.0,2129.0,16117.0,2007.0,Inactive,389900,2024-02-27T00:00:00.000Z,11,12.873648139727594
"8603-French-Oak-Dr,-Orlando,-FL-32835","8603 French Oak Dr, Orlando, FL 32835",8603 French Oak Dr,,Orlando,FL,32835,Orange,28.499036,-81.502078,single_family,4.0,3.5,3429.0,38333.0,1986.0,Inactive,1150000,2024-02-29T00:00:00.000Z,9,13.955273369904273
"1077-S-Hiawassee-Rd,-Apt-811,-Orlando,-FL-32835","1077 S Hiawassee Rd, Apt 811, Orlando, FL 32835",1077 S Hiawassee Rd,Apt 811,Orlando,FL,32835,Orange,28.528256,-81.471771,condo,2.0,2.0,829.0,3811.0,1989.0,Inactive,210000,2023-05-07T00:00:00.000Z,306,12.25486757159303
"7360-Westpointe-Blvd,-Apt-113,-Orlando,-FL-32835","7360 Westpointe Blvd, Apt 113, Orlando, FL 32835",7360 Westpointe Blvd,Apt 113,Orlando,FL,32835,Orange,28.516615,-81.488531,condo,2.0,2.0,1133.0,8756.0,1994.0,Inactive,217500,2024-02-08T00:00:00.000Z,29,12.289958727201455
"1015-S-Hiawassee-Rd,-Apt-3525,-Orlando,-FL-32835","1015 S Hiawassee Rd, Apt 3525, Orlando, FL 32835",1015 S Hiawassee Rd,Apt 3525,Orlando,FL,32835,Orange,28.529861,-81.473527,condo,1.0,1.0,627.0,8756.0,1989.0,Inactive,165000,2024-02-12T00:00:00.000Z,24,12.013706813470414
"6312-Buford-St,-Apt-305,-Orlando,-FL-32835","6312 Buford St, Apt 305, Orlando, FL 32835",6312 Buford St,Apt 305,Orlando,FL,32835,Orange,28.505589,-81.466656,condo,2.0,2.0,1810.0,20473.0,2005.0,Inactive,385000,2024-03-05T00:00:00.000Z,2,12.861001210669146
"6212-W-Amelia-St,-Orlando,-FL-32835","6212 W Amelia St, Orlando, FL 32835",6212 W Amelia St,,Orlando,FL,32835,Orange,28.548296,-81.466782,single_family,3.0,2.0,1311.0,6498.0,1963.0,Inactive,340000,2024-01-09T00:00:00.000Z,57,12.73670383776449
"8040-Courtleigh-Dr,-Orlando,-FL-32835","8040 Courtleigh Dr, Orlando, FL 32835",8040 Courtleigh Dr,,Orlando,FL,32835,Orange,28.509267,-81.502202,single_family,4.0,4.0,3824.0,23087.0,1990.0,Inactive,974900,2024-02-28T00:00:00.000Z,7,13.790091206363067
"942-Beach-Breeze-Dr,-Orlando,-FL-32835","942 Beach Breeze Dr, Orlando, FL 32835",942 Beach Breeze Dr,,Orlando,FL,32835,Orange,28.529892,-81.47817,single_family,3.0,2.0,1597.0,5343.0,1982.0,Inactive,419900,2023-09-05T00:00:00.000Z,181,12.947774248188859
"303-Harbor-Point-Blvd,-Orlando,-FL-32835","303 Harbor Point Blvd, Orlando, FL 32835",303 Harbor Point Blvd,,Orlando,FL,32835,Orange,28.53831,-81.481957,single_family,3.0,2.5,1520.0,10454.0,1981.0,Inactive,339999,2024-02-13T00:00:00.000Z,19,12.736700896592344
"130-Arnhym-Dr,-Orlando,-FL-32835","130 Arnhym Dr, Orlando, FL 32835",130 Arnhym Dr,,Orlando,FL,32835,Orange,28.54271,-81.478851,single_family,4.0,2.0,1733.0,11761.0,1977.0,Inactive,430000,2024-02-21T00:00:00.000Z,11,12.971542813248437
"3344-Corona-Village-Way,-Apt-201,-Orlando,-FL-32835","3344 Corona Village Way, Apt 201, Orlando, FL 32835",3344 Corona Village Way,Apt 201,Orlando,FL,32835,Orange,28.507904,-81.475451,condo,3.0,2.0,1260.0,11761.0,2000.0,Inactive,295000,2024-02-26T00:00:00.000Z,6,12.59473402514672
"6413-Astor-Village-Ave,-Apt-109,-Orlando,-FL-32835","6413 Astor Village Ave, Apt 109, Orlando, FL 32835",6413 Astor Village Ave,Apt 109,Orlando,FL,32835,Orange,28.508921,-81.470718,condo,1.0,1.0,816.0,22651.0,2000.0,Inactive,169000,2023-12-29T00:00:00.000Z,64,12.037659911047468
"425-S-Candler-Ave,-Orlando,-FL-32835","425 S Candler Ave, Orlando, FL 32835",425 S Candler Ave,,Orlando,FL,32835,Orange,28.534725,-81.472754,single_family,3.0,2.0,1228.0,6064.0,1982.0,Inactive,319900,2023-11-09T00:00:00.000Z,112,12.675766851909591
"6033-Westgate-Dr,-Apt-624,-Orlando,-FL-32835","6033 Westgate Dr, Apt 624, Orlando, FL 32835",6033 Westgate Dr,Apt 624,Orlando,FL,32835,Orange,28.533289,-81.465616,condo,3.0,2.0,1308.0,5488.0,1999.0,Inactive,237900,2024-01-12T00:00:00.000Z,47,12.379609899729042
"6382-Daysbrook-Dr,-Unit-107,-Orlando,-FL-32835","6382 Daysbrook Dr, Unit 107, Orlando, FL 32835",6382 Daysbrook Dr,Unit 107,Orlando,FL,32835,Orange,28.50501,-81.468878,townhouse,3.0,2.5,1682.0,979.0,2005.0,Inactive,335000,2024-02-08T00:00:00.000Z,20,12.721888795877375
"2151-Cairns-Ct,-Orlando,-FL-32835","2151 Cairns Ct, Orlando, FL 32835",2151 Cairns Ct,,Orlando,FL,32835,Orange,28.517765,-81.493124,single_family,5.0,4.0,3948.0,22216.0,1997.0,Inactive,1200000,2023-12-12T00:00:00.000Z,77,13.997832948091215
"2525-San-Tecla-St,-Unit-102,-Orlando,-FL-32835","2525 San Tecla St, Unit 102, Orlando, FL 32835",2525 San Tecla St,Unit 102,Orlando,FL,32835,Orange,28.513728,-81.468141,condo,2.0,2.0,1536.0,1024.0,2005.0,Inactive,324000,2023-08-04T00:00:00.000Z,206,12.688501881189456
"1212-S-Hiawassee-Rd,-Apt-520,-Orlando,-FL-32835","1212 S Hiawassee Rd, Apt 520, Orlando, FL 32835",1212 S Hiawassee Rd,Apt 520,Orlando,FL,32835,Orange,28.524296,-81.473187,condo,3.0,2.0,1206.0,15682.0,1998.0,Inactive,249900,2024-01-26T00:00:00.000Z,31,12.428820118415677
"2711-Grantham-Ct,-Orlando,-FL-32835","2711 Grantham Ct, Orlando, FL 32835",2711 Grantham Ct,,Orlando,FL,32835,Orange,28.514113,-81.491197,single_family,3.0,2.0,1676.0,9491.0,1990.0,Inactive,430000,2024-02-21T00:00:00.000Z,5,12.971542813248437
"2668-Robert-Trent-Jones-Dr,-Apt-424,-Orlando,-FL-32835","2668 Robert Trent Jones Dr, Apt 424, Orlando, FL 32835",2668 Robert Trent Jones Dr,Apt 424,Orlando,FL,32835,Orange,28.513559,-81.471681,condo,1.0,1.0,854.0,11326.0,1995.0,Inactive,164990,2024-02-12T00:00:00.000Z,13,12.013646205940514
"6142-Westgate-Dr,-Apt-301,-Orlando,-FL-32835","6142 Westgate Dr, Apt 301, Orlando, FL 32835",6142 Westgate Dr,Apt 301,Orlando,FL,32835,Orange,28.531,-81.46586,condo,2.0,2.0,1422.0,5936.0,1988.0,Inactive,200000,2023-12-04T00:00:00.000Z,82,12.206077645517674
"6058-Twain-St,-Unit-102,-Orlando,-FL-32835","6058 Twain St, Unit 102, Orlando, FL 32835",6058 Twain St,Unit 102,Orlando,FL,32835,Orange,28.509914,-81.46429,townhouse,3.0,2.5,1682.0,1028.0,2003.0,Inactive,347000,2023-10-25T00:00:00.000Z,121,12.757082940769225
"6341-Chantry-St,-Orlando,-FL-32835","6341 Chantry St, Orlando, FL 32835",6341 Chantry St,,Orlando,FL,32835,Orange,28.544693,-81.469306,multi-family,2.0,2.0,840.0,5998.0,1983.0,Inactive,239000,2024-01-22T00:00:00.000Z,32,12.384223015005313
"3326-Robert-Trent-Jones-Dr,-Unit-206,-Orlando,-FL-32835","3326 Robert Trent Jones Dr, Unit 206, Orlando, FL 32835",3326 Robert Trent Jones Dr,Unit 206,Orlando,FL,32835,Orange,28.506491,-81.470589,condo,3.0,2.0,1247.0,16117.0,2006.0,Inactive,254990,2024-01-23T00:00:00.000Z,31,12.448983529400063
"6278-Miramonte-Dr,-Unit-106,-Orlando,-FL-32835","6278 Miramonte Dr, Unit 106, Orlando, FL 32835",6278 Miramonte Dr,Unit 106,Orlando,FL,32835,Orange,28.510113,-81.468119,townhouse,3.0,2.5,2369.0,1766.0,2005.0,Inactive,529900,2024-02-02T00:00:00.000Z,21,13.180445475627591
"3125-Capri-Isle-Way,-Orlando,-FL-32835","3125 Capri Isle Way, Orlando, FL 32835",3125 Capri Isle Way,,Orlando,FL,32835,Orange,28.510054,-81.462091,townhouse,3.0,2.5,1756.0,2997.0,2005.0,Inactive,310000,2024-01-10T00:00:00.000Z,43,12.644330802262578
"7318-Hunterdon-Ct,-Orlando,-FL-32835","7318 Hunterdon Ct, Orlando, FL 32835",7318 Hunterdon Ct,,Orlando,FL,32835,Orange,28.509739,-81.49115,single_family,3.0,2.0,1531.0,8451.0,1990.0,Inactive,424900,2024-01-19T00:00:00.000Z,34,12.959611479595074
"520-Wheatstone-Pl,-Orlando,-FL-32835","520 Wheatstone Pl, Orlando, FL 32835",520 Wheatstone Pl,,Orlando,FL,32835,Orange,28.537151,-81.498981,single_family,6.0,4.0,3407.0,16117.0,1992.0,Inactive,799900,2023-12-15T00:00:00.000Z,68,13.592243248992402
"6136-Westgate-Dr,-Apt-303,-Orlando,-FL-32835","6136 Westgate Dr, Apt 303, Orlando, FL 32835",6136 Westgate Dr,Apt 303,Orlando,FL,32835,Orange,28.531235,-81.466384,condo,1.0,1.0,1228.0,4445.0,1988.0,Inactive,179900,2023-12-23T00:00:00.000Z,60,12.100161978566867
"7927-Pineapple-Dr,-Orlando,-FL-32835","7927 Pineapple Dr, Orlando, FL 32835",7927 Pineapple Dr,,Orlando,FL,32835,Orange,28.535804,-81.491519,single_family,3.0,2.0,1120.0,9775.0,1984.0,Inactive,359000,2024-01-09T00:00:00.000Z,43,12.791080452981857
"5956-Westgate-Dr,-Apt-203,-Orlando,-FL-32835","5956 Westgate Dr, Apt 203, Orlando, FL 32835",5956 Westgate Dr,Apt 203,Orlando,FL,32835,Orange,28.531558,-81.463549,condo,1.0,1.0,1184.0,4445.0,1988.0,Inactive,195000,2024-02-01T00:00:00.000Z,20,12.180759965737863
"7351-Cherry-Laurel-Dr,-Orlando,-FL-32835","7351 Cherry Laurel Dr, Orlando, FL 32835",7351 Cherry Laurel Dr,,Orlando,FL,32835,Orange,28.543173,-81.48242,single_family,3.0,2.0,1706.0,13939.0,1982.0,Inactive,400000,2024-02-02T00:00:00.000Z,19,12.899222326086994
"3396-Shallot-Dr,-Unit-106,-Orlando,-FL-32835","3396 Shallot Dr, Unit 106, Orlando, FL 32835",3396 Shallot Dr,Unit 106,Orlando,FL,32835,Orange,28.507627,-81.467595,townhouse,3.0,2.5,1665.0,1020.0,2004.0,Inactive,368000,2024-02-11T00:00:00.000Z,10,12.81584093453868
"233-S-Buena-Vista-Ave,-Orlando,-FL-32835","233 S Buena Vista Ave, Orlando, FL 32835",233 S Buena Vista Ave,,Orlando,FL,32835,Orange,28.537633,-81.468832,single_family,3.0,2.0,1400.0,7032.0,2023.0,Inactive,380000,2024-02-17T00:00:00.000Z,4,12.847929163278053
"352-Ashbourne-Dr,-Orlando,-FL-32835","352 Ashbourne Dr, Orlando, FL 32835",352 Ashbourne Dr,,Orlando,FL,32835,Orange,28.545737,-81.490251,single_family,3.0,2.5,1359.0,10454.0,1987.0,Inactive,389000,2023-10-19T00:00:00.000Z,124,12.871337193291367
"203-Murcott-Ct,-Orlando,-FL-32835","203 Murcott Ct, Orlando, FL 32835",203 Murcott Ct,,Orlando,FL,32835,Orange,28.539817,-81.48941,single_family,3.0,2.0,1185.0,10454.0,1986.0,Inactive,335000,2024-02-12T00:00:00.000Z,6,12.721888795877375
"2652-Robert-Trent-Jones-Dr,-Apt-525,-Orlando,-FL-32835","2652 Robert Trent Jones Dr, Apt 525, Orlando, FL 32835",2652 Robert Trent Jones Dr,Apt 525,Orlando,FL,32835,Orange,28.514178,-81.47185,condo,1.0,1.0,674.0,9109.0,1995.0,Inactive,179000,2024-02-14T00:00:00.000Z,4,12.095146671399466
"2261-Kettle-Dr,-Orlando,-FL-32835","2261 Kettle Dr, Orlando, FL 32835",2261 Kettle Dr,,Orlando,FL,32835,Orange,28.516728,-81.497334,single_family,4.0,3.5,2996.0,13068.0,1994.0,Inactive,725000,2024-02-08T00:00:00.000Z,9,13.493928313146206
"6159-Metrowest-Blvd,-Unit-304,-Orlando,-FL-32835","6159 Metrowest Blvd, Unit 304, Orlando, FL 32835",6159 Metrowest Blvd,Unit 304,Orlando,FL,32835,Orange,28.515223,-81.466228,condo,2.0,2.0,1124.0,8845.0,2004.0,Inactive,244900,2024-01-21T00:00:00.000Z,26,12.408609326231229
"6440-Axeitos-Ter,-Unit-104,-Orlando,-FL-32835","6440 Axeitos Ter, Unit 104, Orlando, FL 32835",6440 Axeitos Ter,Unit 104,Orlando,FL,32835,Orange,28.512899,-81.470122,condo,3.0,2.0,1857.0,1035.0,2005.0,Inactive,330000,2023-10-16T00:00:00.000Z,122,12.706850963741102
"8615-Fulton-Ct,-Orlando,-FL-32835","8615 Fulton Ct, Orlando, FL 32835",8615 Fulton Ct,,Orlando,FL,32835,Orange,28.52603,-81.499297,single_family,4.0,4.0,3314.0,9998.0,1997.0,Inactive,745000,2024-02-11T00:00:00.000Z,4,13.521140839642674
"7971-Sweetgum-Loop,-Orlando,-FL-32835","7971 Sweetgum Loop, Orlando, FL 32835",7971 Sweetgum Loop,,Orlando,FL,32835,Orange,28.531325,-81.495899,single_family,3.0,2.0,1268.0,43996.0,1987.0,Inactive,475000,2023-11-09T00:00:00.000Z,96,13.07107218827772
"3326-Robert-Trent-Jones-Dr,---20602,-Orlando,-FL-32835","3326 Robert Trent Jones Dr, # 20602, Orlando, FL 32835",3326 Robert Trent Jones Dr,# 20602,Orlando,FL,32835,Orange,28.506491,-81.470589,condo,3.0,2.0,1247.0,16117.0,2006.0,Inactive,264900,2024-01-23T00:00:00.000Z,21,12.487111450262473
"1960-Chathamoor-Dr,-Orlando,-FL-32835","1960 Chathamoor Dr, Orlando, FL 32835",1960 Chathamoor Dr,,Orlando,FL,32835,Orange,28.520784,-81.505264,single_family,3.0,2.0,1314.0,5564.0,1994.0,Inactive,390000,2024-01-31T00:00:00.000Z,13,12.873904582205107
"245-Dempsey-Way,-Orlando,-FL-32835","245 Dempsey Way, Orlando, FL 32835",245 Dempsey Way,,Orlando,FL,32835,Orange,28.537828,-81.492591,single_family,4.0,2.0,1840.0,16553.0,1989.0,Inactive,495000,2024-02-02T00:00:00.000Z,11,13.112315061750808
"7918-Courtleigh-Dr,-Orlando,-FL-32835","7918 Courtleigh Dr, Orlando, FL 32835",7918 Courtleigh Dr,,Orlando,FL,32835,Orange,28.512752,-81.500876,single_family,4.0,3.0,2467.0,22651.0,1993.0,Inactive,699990,2024-02-09T00:00:00.000Z,4,13.45882275680003
"3209-Parkchester-Square-Blvd,-Apt-303,-Orlando,-FL-32835","3209 Parkchester Square Blvd, Apt 303, Orlando, FL 32835",3209 Parkchester Square Blvd,Apt 303,Orlando,FL,32835,Orange,28.509242,-81.471972,condo,1.0,1.0,945.0,10454.0,2000.0,Inactive,185000,2024-01-23T00:00:00.000Z,19,12.128116509451258
"2598-Robert-Trent-Jones-Dr,-Apt-1021,-Orlando,-FL-32835","2598 Robert Trent Jones Dr, Apt 1021, Orlando, FL 32835",2598 Robert Trent Jones Dr,Apt 1021,Orlando,FL,32835,Orange,28.514204,-81.472754,condo,2.0,2.0,1150.0,8756.0,1995.0,Inactive,204900,2023-12-11T00:00:00.000Z,61,12.230282214644559
"6046-Westgate-Dr,-Apt-101,-Orlando,-FL-32835","6046 Westgate Dr, Apt 101, Orlando, FL 32835",6046 Westgate Dr,Apt 101,Orlando,FL,32835,Orange,28.53192,-81.464246,condo,2.0,2.0,991.0,5468.0,1988.0,Inactive,210000,2024-02-06T00:00:00.000Z,4,12.25486757159303
"1033-S-Hiawassee-Rd,-Apt-2617,-Orlando,-FL-32835","1033 S Hiawassee Rd, Apt 2617, Orlando, FL 32835",1033 S Hiawassee Rd,Apt 2617,Orlando,FL,32835,Orange,28.529491,-81.472466,condo,2.0,2.0,829.0,6877.0,1989.0,Inactive,192999,2024-01-03T00:00:00.000Z,37,12.170445467887022
"3364-Westchester-Square-Blvd,-Apt-101,-Orlando,-FL-32835","3364 Westchester Square Blvd, Apt 101, Orlando, FL 32835",3364 Westchester Square Blvd,Apt 101,Orlando,FL,32835,Orange,28.507421,-81.473143,condo,2.0,2.0,1160.0,6122.0,2000.0,Inactive,250000,2024-01-11T00:00:00.000Z,28,12.429220196836383
"919-Almond-Tree-Cir,-Orlando,-FL-32835","919 Almond Tree Cir, Orlando, FL 32835",919 Almond Tree Cir,,Orlando,FL,32835,Orange,28.526338,-81.50847,single_family,4.0,2.0,2442.0,13068.0,1989.0,Inactive,659000,2024-01-31T00:00:00.000Z,8,13.398480330934175
"7135-Yacht-Basin-Ave,-Apt-236,-Orlando,-FL-32835","7135 Yacht Basin Ave, Apt 236, Orlando, FL 32835",7135 Yacht Basin Ave,Apt 236,Orlando,FL,32835,Orange,28.512781,-81.484825,condo,3.0,2.0,1408.0,16553.0,1997.0,Inactive,259900,2023-12-03T00:00:00.000Z,66,12.468056068255885
"2668-Robert-Trent-Jones-Dr,-Apt-437,-Orlando,-FL-32835","2668 Robert Trent Jones Dr, Apt 437, Orlando, FL 32835",2668 Robert Trent Jones Dr,Apt 437,Orlando,FL,32835,Orange,28.513559,-81.471681,condo,2.0,2.0,1150.0,8756.0,1995.0,Inactive,189900,2023-11-18T00:00:00.000Z,80,12.15425816271595
"1346-Shelter-Rock-Rd,-Orlando,-FL-32835","1346 Shelter Rock Rd, Orlando, FL 32835",1346 Shelter Rock Rd,,Orlando,FL,32835,Orange,28.526009,-81.500308,single_family,4.0,2.0,2016.0,10019.0,1994.0,Inactive,599999,2023-12-07T00:00:00.000Z,61,13.304684934198283
"2165-Saint-Andrews-Cir,-Orlando,-FL-32835","2165 Saint Andrews Cir, Orlando, FL 32835",2165 Saint Andrews Cir,,Orlando,FL,32835,Orange,28.517616,-81.499266,single_family,4.0,3.0,2398.0,10019.0,1994.0,Inactive,530000,2024-01-13T00:00:00.000Z,22,13.180634172318978
"6336-Buford-St,-Apt-404,-Orlando,-FL-32835","6336 Buford St, Apt 404, Orlando, FL 32835",6336 Buford St,Apt 404,Orlando,FL,32835,Orange,28.505579,-81.467714,condo,3.0,2.0,1775.0,20473.0,2005.0,Inactive,360000,2024-01-15T00:00:00.000Z,20,12.793862088206213
"5874-Buford-St,-Orlando,-FL-32835","5874 Buford St, Orlando, FL 32835",5874 Buford St,,Orlando,FL,32835,Orange,28.50766,-81.462232,single_family,3.0,2.0,1846.0,7511.0,2004.0,Inactive,525000,2024-01-27T00:00:00.000Z,7,13.171155446333852
"6118-Westgate-Dr,-Apt-201,-Orlando,-FL-32835","6118 Westgate Dr, Apt 201, Orlando, FL 32835",6118 Westgate Dr,Apt 201,Orlando,FL,32835,Orange,28.531757,-81.466496,condo,2.0,1.0,1342.0,8756.0,1988.0,Inactive,215000,2023-04-26T00:00:00.000Z,282,12.278397958261774
"6672-Andrea-Rose-Dr,-Orlando,-FL-32835","6672 Andrea Rose Dr, Orlando, FL 32835",6672 Andrea Rose Dr,,Orlando,FL,32835,Orange,28.526693,-81.47626,single_family,4.0,3.5,2485.0,13068.0,1989.0,Inactive,599900,2023-11-03T00:00:00.000Z,91,13.304519920584285
"6137-Metrowest-Blvd,-Unit-304,-Orlando,-FL-32835","6137 Metrowest Blvd, Unit 304, Orlando, FL 32835",6137 Metrowest Blvd,Unit 304,Orlando,FL,32835,Orange,28.517218,-81.465194,condo,1.0,1.0,641.0,5310.0,2004.0,Inactive,179500,2023-12-04T00:00:00.000Z,60,12.097936057925594
"7280-Westpointe-Blvd,-Apt-812,-Orlando,-FL-32835","7280 Westpointe Blvd, Apt 812, Orlando, FL 32835",7280 Westpointe Blvd,Apt 812,Orlando,FL,32835,Orange,28.516093,-81.489208,condo,1.0,1.0,842.0,8756.0,1994.0,Inactive,177500,2024-01-19T00:00:00.000Z,14,12.086731521684555
"2600-Robert-Trent-Jones-Dr,-Apt-925,-Orlando,-FL-32835","2600 Robert Trent Jones Dr, Apt 925, Orlando, FL 32835",2600 Robert Trent Jones Dr,Apt 925,Orlando,FL,32835,Orange,28.513755,-81.472854,condo,1.0,1.0,854.0,10890.0,1995.0,Inactive,168000,2023-11-07T00:00:00.000Z,86,12.031725210748633
"7726-Horse-Ferry-Rd,-Orlando,-FL-32835","7726 Horse Ferry Rd, Orlando, FL 32835",7726 Horse Ferry Rd,,Orlando,FL,32835,Orange,28.509336,-81.495243,single_family,4.0,3.0,2587.0,12197.0,2001.0,Inactive,759000,2023-11-30T00:00:00.000Z,63,13.539758373899955
"3446-Soho-St,-Apt-201,-Orlando,-FL-32835","3446 Soho St, Apt 201, Orlando, FL 32835",3446 Soho St,Apt 201,Orlando,FL,32835,Orange,28.506751,-81.473445,condo,2.0,2.0,1107.0,11761.0,2000.0,Inactive,225000,2023-12-06T00:00:00.000Z,57,12.323860125621126
"5856-Strada-Capri-Way,-Orlando,-FL-32835","5856 Strada Capri Way, Orlando, FL 32835",5856 Strada Capri Way,,Orlando,FL,32835,Orange,28.511123,-81.461054,townhouse,3.0,2.5,1598.0,2370.0,2006.0,Inactive,329999,2024-01-15T00:00:00.000Z,17,12.706847933442663
"234-Crabtree-Ave,-Orlando,-FL-32835","234 Crabtree Ave, Orlando, FL 32835",234 Crabtree Ave,,Orlando,FL,32835,Orange,28.536367,-81.474215,single_family,3.0,2.0,1460.0,6055.0,1983.0,Inactive,345000,2023-10-10T00:00:00.000Z,113,12.75130259456002
"3013-Barrymore-Ct,-Orlando,-FL-32835","3013 Barrymore Ct, Orlando, FL 32835",3013 Barrymore Ct,,Orlando,FL,32835,Orange,28.508853,-81.488145,single_family,3.0,2.0,1659.0,8336.0,1989.0,Inactive,399000,2023-10-13T00:00:00.000Z,109,12.896719202134523
"1055-S-Hiawassee-Rd,-Apt-2014,-Orlando,-FL-32835","1055 S Hiawassee Rd, Apt 2014, Orlando, FL 32835",1055 S Hiawassee Rd,Apt 2014,Orlando,FL,32835,Orange,28.528563,-81.472734,condo,1.0,1.0,627.0,7535.0,1989.0,Inactive,165000,2023-10-18T00:00:00.000Z,104,12.013706813470414
"3338-Robert-Trent-Jones-Dr,-Unit-207,-Orlando,-FL-32835","3338 Robert Trent Jones Dr, Unit 207, Orlando, FL 32835",3338 Robert Trent Jones Dr,Unit 207,Orlando,FL,32835,Orange,28.509077,-81.470135,condo,2.0,2.0,1112.0,16332.0,2009.0,Inactive,230000,2024-01-19T00:00:00.000Z,11,12.345838935721968
"6770-Fernridge-Dr,-Orlando,-FL-32835","6770 Fernridge Dr, Orlando, FL 32835",6770 Fernridge Dr,,Orlando,FL,32835,Orange,28.49525,-81.474476,single_family,3.0,2.0,1577.0,5795.0,2002.0,Inactive,419900,2024-01-25T00:00:00.000Z,5,12.947774248188859
"1091-S-Hiawassee-Rd,-Apt-233,-Orlando,-FL-32835","1091 S Hiawassee Rd, Apt 233, Orlando, FL 32835",1091 S Hiawassee Rd,Apt 233,Orlando,FL,32835,Orange,28.527638,-81.472804,condo,1.0,1.0,627.0,7289.0,1989.0,Inactive,150000,2024-01-22T00:00:00.000Z,7,11.918397239722838
"130-N-Hudson-St,-Orlando,-FL-32835","130 N Hudson St, Orlando, FL 32835",130 N Hudson St,,Orlando,FL,32835,Orange,28.543965,-81.461678,single_family,3.0,2.0,1600.0,6752.0,2023.0,Inactive,420000,2023-09-26T00:00:00.000Z,123,12.948012371209098
"3057-Capri-Isle-Way,-Orlando,-FL-32835","3057 Capri Isle Way, Orlando, FL 32835",3057 Capri Isle Way,,Orlando,FL,32835,Orange,28.510759,-81.461453,townhouse,3.0,2.5,1608.0,2201.0,2005.0,Inactive,319999,2023-11-13T00:00:00.000Z,74,12.676076274775909
"409-Crabtree-Ave,-Orlando,-FL-32835","409 Crabtree Ave, Orlando, FL 32835",409 Crabtree Ave,,Orlando,FL,32835,Orange,28.53527,-81.473671,single_family,3.0,2.0,1279.0,6060.0,2014.0,Inactive,348000,2024-01-11T00:00:00.000Z,14,12.759960632315702
"1303-Shelter-Rock-Rd,-Orlando,-FL-32835","1303 Shelter Rock Rd, Orlando, FL 32835",1303 Shelter Rock Rd,,Orlando,FL,32835,Orange,28.52636,-81.498782,single_family,5.0,3.5,3484.0,10890.0,1992.0,Inactive,765000,2023-05-16T00:00:00.000Z,253,13.547632419997361
"3115-Capri-Isle-Way,-Orlando,-FL-32835","3115 Capri Isle Way, Orlando, FL 32835",3115 Capri Isle Way,,Orlando,FL,32835,Orange,28.510239,-81.461832,townhouse,3.0,2.5,1762.0,4428.0,2005.0,Inactive,339000,2024-01-12T00:00:00.000Z,11,12.733758336210744
"4465-Winderwood-Cir,-Orlando,-FL-32835","4465 Winderwood Cir, Orlando, FL 32835",4465 Winderwood Cir,,Orlando,FL,32835,Orange,28.497125,-81.490733,single_family,4.0,3.0,2712.0,10890.0,1987.0,Inactive,749900,2024-01-15T00:00:00.000Z,7,13.527696476799726
"1057-S-Hiawassee-Rd,-Apt-1916,-Orlando,-FL-32835","1057 S Hiawassee Rd, Apt 1916, Orlando, FL 32835",1057 S Hiawassee Rd,Apt 1916,Orlando,FL,32835,Orange,28.528483,-81.472235,condo,1.0,1.0,627.0,7101.0,1989.0,Inactive,145000,2023-12-14T00:00:00.000Z,38,11.884495917930655
"1307-Pleasantridge-Pl,-Orlando,-FL-32835","1307 Pleasantridge Pl, Orlando, FL 32835",1307 Pleasantridge Pl,,Orlando,FL,32835,Orange,28.525359,-81.492696,single_family,4.0,2.0,2335.0,14375.0,1994.0,Inactive,520000,2023-11-18T00:00:00.000Z,63,13.161586013632684
"6412-Queens-Borough-Ave,-Apt-207,-Orlando,-FL-32835","6412 Queens Borough Ave, Apt 207, Orlando, FL 32835",6412 Queens Borough Ave,Apt 207,Orlando,FL,32835,Orange,28.509743,-81.471395,condo,1.0,1.0,816.0,11761.0,2000.0,Inactive,172500,2023-10-03T00:00:00.000Z,108,12.058158312538197
"6388-Raleigh-St,-Apt-2714,-Orlando,-FL-32835","6388 Raleigh St, Apt 2714, Orlando, FL 32835",6388 Raleigh St,Apt 2714,Orlando,FL,32835,Orange,28.525329,-81.467979,condo,2.0,2.0,1062.0,6010.0,1997.0,Inactive,220000,2023-12-25T00:00:00.000Z,25,12.301387370778713
"7976-Canyon-Lake-Cir,-Orlando,-FL-32835","7976 Canyon Lake Cir, Orlando, FL 32835",7976 Canyon Lake Cir,,Orlando,FL,32835,Orange,28.528625,-81.495236,single_family,4.0,3.0,2430.0,11761.0,1992.0,Inactive,724900,2024-01-11T00:00:00.000Z,8,13.493790372788638
"6420-Raleigh-St,-Apt-3201,-Orlando,-FL-32835","6420 Raleigh St, Apt 3201, Orlando, FL 32835",6420 Raleigh St,Apt 3201,Orlando,FL,32835,Orange,28.52631,-81.46788,condo,1.0,1.0,794.0,4769.0,1997.0,Inactive,169000,2023-11-17T00:00:00.000Z,62,12.037659911047468
"6076-Westgate-Dr,-Apt-202,-Orlando,-FL-32835","6076 Westgate Dr, Apt 202, Orlando, FL 32835",6076 Westgate Dr,Apt 202,Orlando,FL,32835,Orange,28.532627,-81.465772,condo,2.0,1.0,1342.0,4698.0,1988.0,Inactive,200000,2023-11-30T00:00:00.000Z,47,12.206077645517674
"3702-Winding-Lake-Cir,-Orlando,-FL-32835","3702 Winding Lake Cir, Orlando, FL 32835",3702 Winding Lake Cir,,Orlando,FL,32835,Orange,28.49927,-81.495241,single_family,5.0,3.0,3304.0,14375.0,1995.0,Inactive,830000,2023-12-28T00:00:00.000Z,19,13.629182184591333
"1212-S-Hiawassee-Rd,-Apt-521,-Orlando,-FL-32835","1212 S Hiawassee Rd, Apt 521, Orlando, FL 32835",1212 S Hiawassee Rd,Apt 521,Orlando,FL,32835,Orange,28.524296,-81.473187,condo,2.0,2.0,1050.0,15682.0,1998.0,Inactive,223500,2024-01-02T00:00:00.000Z,14,12.317171167298682
"3314-Robert-Trent-Jones-Dr,-Unit-403,-Orlando,-FL-32835","3314 Robert Trent Jones Dr, Unit 403, Orlando, FL 32835",3314 Robert Trent Jones Dr,Unit 403,Orlando,FL,32835,Orange,28.506975,-81.47094,condo,3.0,2.0,1247.0,16117.0,2007.0,Inactive,279000,2023-07-15T00:00:00.000Z,184,12.53897064502647
"8521-Willow-Wish-Ct,-Orlando,-FL-32835","8521 Willow Wish Ct, Orlando, FL 32835",8521 Willow Wish Ct,,Orlando,FL,32835,Orange,28.504111,-81.501466,single_family,4.0,2.5,2308.0,29621.0,1988.0,Inactive,665000,2023-11-25T00:00:00.000Z,49,13.407543823396258
"6136-Westgate-Dr,-Apt-302,-Orlando,-FL-32835","6136 Westgate Dr, Apt 302, Orlando, FL 32835",6136 Westgate Dr,Apt 302,Orlando,FL,32835,Orange,28.531235,-81.466384,condo,1.0,1.0,1228.0,4445.0,1988.0,Inactive,175000,2023-12-01T00:00:00.000Z,43,12.07254696717504
"3306-Shallot-Dr,-Unit-105,-Orlando,-FL-32835","3306 Shallot Dr, Unit 105, Orlando, FL 32835",3306 Shallot Dr,Unit 105,Orlando,FL,32835,Orange,28.506484,-81.467583,townhouse,3.0,2.5,1682.0,976.0,2004.0,Inactive,334900,2023-08-04T00:00:00.000Z,161,12.721590244743798
"667-Charing-Ct,-Orlando,-FL-32835","667 Charing Ct, Orlando, FL 32835",667 Charing Ct,,Orlando,FL,32835,Orange,28.53123,-81.473936,single_family,3.0,2.0,1710.0,6610.0,1989.0,Inactive,345000,2023-11-16T00:00:00.000Z,57,12.75130259456002
"1065-S-Hiawassee-Rd,-Apt-1425,-Orlando,-FL-32835","1065 S Hiawassee Rd, Apt 1425, Orlando, FL 32835",1065 S Hiawassee Rd,Apt 1425,Orlando,FL,32835,Orange,28.529574,-81.471039,condo,1.0,1.0,673.0,8292.0,1989.0,Inactive,149900,2024-01-03T00:00:00.000Z,9,11.917730355182513
"7147-Yacht-Basin-Ave,-Apt-125,-Orlando,-FL-32835","7147 Yacht Basin Ave, Apt 125, Orlando, FL 32835",7147 Yacht Basin Ave,Apt 125,Orlando,FL,32835,Orange,28.513266,-81.485008,condo,3.0,2.0,1408.0,16553.0,1997.0,Inactive,254900,2023-09-29T00:00:00.000Z,104,12.448630513463613
"7340-Westpointe-Blvd,-Apt-333,-Orlando,-FL-32835","7340 Westpointe Blvd, Apt 333, Orlando, FL 32835",7340 Westpointe Blvd,Apt 333,Orlando,FL,32835,Orange,28.517035,-81.489026,condo,2.0,2.0,1127.0,8755.0,1994.0,Inactive,204900,2023-10-30T00:00:00.000Z,73,12.230282214644559
"6127-Metrowest-Blvd,-Unit-110,-Orlando,-FL-32835","6127 Metrowest Blvd, Unit 110, Orlando, FL 32835",6127 Metrowest Blvd,Unit 110,Orlando,FL,32835,Orange,28.51681,-81.464496,condo,4.0,3.0,1868.0,682.0,2004.0,Inactive,330000,2023-12-31T00:00:00.000Z,11,12.706850963741102
"43-S-Observatory-Dr,-Orlando,-FL-32835","43 S Observatory Dr, Orlando, FL 32835",43 S Observatory Dr,,Orlando,FL,32835,Orange,28.539763,-81.467866,single_family,2.0,1.0,980.0,5357.0,1958.0,Inactive,180000,2024-01-08T00:00:00.000Z,3,12.100717685412471
"108-S-Observatory-Dr,-Orlando,-FL-32835","108 S Observatory Dr, Orlando, FL 32835",108 S Observatory Dr,,Orlando,FL,32835,Orange,28.539482,-81.468407,single_family,2.0,1.0,999.0,6967.0,1984.0,Inactive,215000,2023-08-21T00:00:00.000Z,142,12.278397958261774
"3368-Robert-Trent-Jones-Dr,---10208,-Orlando,-FL-32835","3368 Robert Trent Jones Dr, # 10208, Orlando, FL 32835",3368 Robert Trent Jones Dr,# 10208,Orlando,FL,32835,Orange,28.505058,-81.470329,condo,2.0,2.0,1810.0,16117.0,2007.0,Inactive,339900,2023-09-11T00:00:00.000Z,121,12.736409677721657
"8502-Lansmere-Ln,-Orlando,-FL-32835","8502 Lansmere Ln, Orlando, FL 32835",8502 Lansmere Ln,,Orlando,FL,32835,Orange,28.49619,-81.500651,single_family,4.0,3.0,2681.0,42253.0,1979.0,Inactive,775000,2023-12-17T00:00:00.000Z,24,13.560619598657233
"8107-Belshire-Dr,-Orlando,-FL-32835","8107 Belshire Dr, Orlando, FL 32835",8107 Belshire Dr,,Orlando,FL,32835,Orange,28.498371,-81.494824,single_family,4.0,3.0,3552.0,13939.0,1997.0,Inactive,950000,2023-09-13T00:00:00.000Z,118,13.76421831620775
"6125-Metrowest-Blvd,---14-110,-Orlando,-FL-32835","6125 Metrowest Blvd, # 14-110, Orlando, FL 32835",6125 Metrowest Blvd,# 14-110,Orlando,FL,32835,Orange,28.516556,-81.464256,condo,2.0,2.0,1361.0,8756.0,2004.0,Inactive,259500,2023-07-06T00:00:00.000Z,185,12.466515835145202
"2204-Cairns-Ct,-Orlando,-FL-32835","2204 Cairns Ct, Orlando, FL 32835",2204 Cairns Ct,,Orlando,FL,32835,Orange,28.517645,-81.493879,single_family,5.0,4.0,5459.0,15682.0,1993.0,Inactive,1290000,2023-12-20T00:00:00.000Z,17,14.070153551531353
"7280-Westpointe-Blvd,-Apt-815,-Orlando,-FL-32835","7280 Westpointe Blvd, Apt 815, Orlando, FL 32835",7280 Westpointe Blvd,Apt 815,Orlando,FL,32835,Orange,28.516093,-81.489208,condo,1.0,1.0,842.0,8756.0,1994.0,Inactive,215000,2023-10-04T00:00:00.000Z,91,12.278397958261774
"8643-Sugar-Palm-Ct,-Orlando,-FL-32835","8643 Sugar Palm Ct, Orlando, FL 32835",8643 Sugar Palm Ct,,Orlando,FL,32835,Orange,28.523921,-81.505403,single_family,4.0,3.0,2099.0,22216.0,1992.0,Inactive,499000,2023-10-12T00:00:00.000Z,83,13.120363378739663
"1212-S-Hiawassee-Rd,-Apt-531,-Orlando,-FL-32835","1212 S Hiawassee Rd, Apt 531, Orlando, FL 32835",1212 S Hiawassee Rd,Apt 531,Orlando,FL,32835,Orange,28.524296,-81.473187,condo,2.0,2.0,1050.0,15682.0,1998.0,Inactive,230000,2023-11-24T00:00:00.000Z,40,12.345838935721968
"7123-Shady-Wood-Ln,-Orlando,-FL-32835","7123 Shady Wood Ln, Orlando, FL 32835",7123 Shady Wood Ln,,Orlando,FL,32835,Orange,28.496078,-81.477001,single_family,4.0,2.5,2385.0,19602.0,1987.0,Inactive,625000,2023-12-13T00:00:00.000Z,21,13.345508528717259
"7987-Canyon-Lake-Cir,-Orlando,-FL-32835","7987 Canyon Lake Cir, Orlando, FL 32835",7987 Canyon Lake Cir,,Orlando,FL,32835,Orange,28.528076,-81.495938,single_family,4.0,3.0,2449.0,13504.0,1993.0,Inactive,799999,2023-12-21T00:00:00.000Z,13,13.592367006650065
"3315-Parkchester-Square-Blvd,-Apt-302,-Orlando,-FL-32835","3315 Parkchester Square Blvd, Apt 302, Orlando, FL 32835",3315 Parkchester Square Blvd,Apt 302,Orlando,FL,32835,Orange,28.508601,-81.471444,condo,3.0,2.0,1489.0,11761.0,2000.0,Inactive,280000,2023-07-13T00:00:00.000Z,172,12.54254845357358
"49-S-Hudson-St,-Orlando,-FL-32835","49 S Hudson St, Orlando, FL 32835",49 S Hudson St,,Orlando,FL,32835,Orange,28.539705,-81.461061,single_family,1.0,1.0,540.0,6753.0,1954.0,Inactive,119000,2023-12-26T00:00:00.000Z,5,11.686887175419702
"3209-Parkchester-Square-Blvd,-Apt-307,-Orlando,-FL-32835","3209 Parkchester Square Blvd, Apt 307, Orlando, FL 32835",3209 Parkchester Square Blvd,Apt 307,Orlando,FL,32835,Orange,28.509242,-81.471972,condo,3.0,2.0,1260.0,10454.0,2000.0,Inactive,239900,2023-09-12T00:00:00.000Z,109,12.3879816172226
"6115-Metrowest-Blvd,-Unit-104,-Orlando,-FL-32835","6115 Metrowest Blvd, Unit 104, Orlando, FL 32835",6115 Metrowest Blvd,Unit 104,Orlando,FL,32835,Orange,28.51562,-81.464778,condo,3.0,2.5,1678.0,519.0,2004.0,Inactive,319999,2023-10-14T00:00:00.000Z,77,12.676076274775909
"6541-Grosvenor-Ln,-Orlando,-FL-32835","6541 Grosvenor Ln, Orlando, FL 32835",6541 Grosvenor Ln,,Orlando,FL,32835,Orange,28.533583,-81.473479,single_family,3.0,2.0,1512.0,8118.0,1988.0,Inactive,374900,2023-05-27T00:00:00.000Z,215,12.834417270098413
"3280-Soho-St,-Apt-201,-Orlando,-FL-32835","3280 Soho St, Apt 201, Orlando, FL 32835",3280 Soho St,Apt 201,Orlando,FL,32835,Orange,28.508337,-81.475078,condo,2.0,2.0,1107.0,11761.0,2000.0,Inactive,223000,2023-10-03T00:00:00.000Z,85,12.314931534737134
"7210-Westpointe-Blvd,-Apt-1334,-Orlando,-FL-32835","7210 Westpointe Blvd, Apt 1334, Orlando, FL 32835",7210 Westpointe Blvd,Apt 1334,Orlando,FL,32835,Orange,28.516808,-81.48638,condo,2.0,1.0,1021.0,8756.0,1994.0,Inactive,180000,2023-12-07T00:00:00.000Z,20,12.100717685412471
"114-Pier-Point-Ct,-Orlando,-FL-32835","114 Pier Point Ct, Orlando, FL 32835",114 Pier Point Ct,,Orlando,FL,32835,Orange,28.538959,-81.484385,single_family,3.0,2.0,1233.0,7257.0,1989.0,Inactive,359900,2023-12-16T00:00:00.000Z,11,12.79358427261286
"2725-Gretagreen-Ct,-Orlando,-FL-32835","2725 Gretagreen Ct, Orlando, FL 32835",2725 Gretagreen Ct,,Orlando,FL,32835,Orange,28.513018,-81.487077,single_family,4.0,3.0,2332.0,15682.0,1990.0,Inactive,559000,2023-11-17T00:00:00.000Z,38,13.233906541044401
"1108-Cirrus-Ct,-Orlando,-FL-32835","1108 Cirrus Ct, Orlando, FL 32835",1108 Cirrus Ct,,Orlando,FL,32835,Orange,28.528422,-81.494813,single_family,4.0,3.0,2390.0,16117.0,1991.0,Inactive,699000,2023-11-11T00:00:00.000Z,42,13.457407451830088
"6028-Westgate-Dr,-Apt-103,-Orlando,-FL-32835","6028 Westgate Dr, Apt 103, Orlando, FL 32835",6028 Westgate Dr,Apt 103,Orlando,FL,32835,Orange,28.531565,-81.465218,condo,1.0,1.0,750.0,752.0,1988.0,Inactive,161500,2023-08-21T00:00:00.000Z,122,11.992266613576142
"6593-Queens-Borough-Ave,-Apt-101,-Orlando,-FL-32835","6593 Queens Borough Ave, Apt 101, Orlando, FL 32835",6593 Queens Borough Ave,Apt 101,Orlando,FL,32835,Orange,28.50925,-81.473086,condo,1.0,1.0,885.0,6244.0,2000.0,Inactive,185000,2023-07-25T00:00:00.000Z,147,12.128116509451258
"343-S-Buena-Vista-Ave,-Orlando,-FL-32835","343 S Buena Vista Ave, Orlando, FL 32835",343 S Buena Vista Ave,,Orlando,FL,32835,Orange,28.536532,-81.468818,single_family,3.0,2.0,1544.0,7005.0,1946.0,Inactive,249900,2023-12-11T00:00:00.000Z,8,12.428820118415677
"43-S-John-St,-Orlando,-FL-32835","43 S John St, Orlando, FL 32835",43 S John St,,Orlando,FL,32835,Orange,28.539835,-81.462097,single_family,4.0,2.0,2353.0,7001.0,2023.0,Inactive,423000,2023-12-14T00:00:00.000Z,5,12.955129822091815
"6376-Raleigh-St,-Apt-2004,-Orlando,-FL-32835","6376 Raleigh St, Apt 2004, Orlando, FL 32835",6376 Raleigh St,Apt 2004,Orlando,FL,32835,Orange,28.525017,-81.468692,condo,1.0,1.0,794.0,4534.0,1997.0,Inactive,196500,2023-12-06T00:00:00.000Z,12,12.188422799337028
"2819-Ripton-Ct,-Orlando,-FL-32835","2819 Ripton Ct, Orlando, FL 32835",2819 Ripton Ct,,Orlando,FL,32835,Orange,28.511842,-81.489499,single_family,3.0,2.0,1628.0,8323.0,1991.0,Inactive,430000,2023-11-28T00:00:00.000Z,19,12.971542813248437
"1035-S-Hiawassee-Rd,-Apt-2723,-Orlando,-FL-32835","1035 S Hiawassee Rd, Apt 2723, Orlando, FL 32835",1035 S Hiawassee Rd,Apt 2723,Orlando,FL,32835,Orange,28.52961,-81.471903,condo,2.0,2.0,836.0,8756.0,1989.0,Inactive,175000,2022-11-09T00:00:00.000Z,401,12.07254696717504
"7300-Westpointe-Blvd,-Apt-711,-Orlando,-FL-32835","7300 Westpointe Blvd, Apt 711, Orlando, FL 32835",7300 Westpointe Blvd,Apt 711,Orlando,FL,32835,Orange,28.516101,-81.48998,condo,2.0,2.0,1080.0,8756.0,1994.0,Inactive,200000,2023-12-01T00:00:00.000Z,14,12.206077645517674
"6190-Westgate-Dr,-Apt-204,-Orlando,-FL-32835","6190 Westgate Dr, Apt 204, Orlando, FL 32835",6190 Westgate Dr,Apt 204,Orlando,FL,32835,Orange,28.531378,-81.466749,condo,2.0,2.0,943.0,4445.0,1988.0,Inactive,200000,2023-12-04T00:00:00.000Z,11,12.206077645517674
"2719-Grantham-Ct,-Orlando,-FL-32835","2719 Grantham Ct, Orlando, FL 32835",2719 Grantham Ct,,Orlando,FL,32835,Orange,28.513805,-81.491411,single_family,4.0,2.0,1894.0,6480.0,1989.0,Inactive,419999,2023-09-07T00:00:00.000Z,98,12.948009990259552
"7802-Barberry-Dr,-Orlando,-FL-32835","7802 Barberry Dr, Orlando, FL 32835",7802 Barberry Dr,,Orlando,FL,32835,Orange,28.53215,-81.490347,single_family,4.0,2.0,1679.0,10454.0,1985.0,Inactive,450000,2023-11-21T00:00:00.000Z,23,13.017005083966255
"300-S-Buena-Vista-Ave,-Orlando,-FL-32835","300 S Buena Vista Ave, Orlando, FL 32835",300 S Buena Vista Ave,,Orlando,FL,32835,Orange,28.53763,-81.469425,single_family,2.0,1.0,908.0,7027.0,1956.0,Inactive,279990,2023-11-21T00:00:00.000Z,22,12.542512738777651
"2700-Gretagreen-Ct,-Orlando,-FL-32835","2700 Gretagreen Ct, Orlando, FL 32835",2700 Gretagreen Ct,,Orlando,FL,32835,Orange,28.513896,-81.487512,single_family,4.0,3.0,2332.0,17860.0,1990.0,Inactive,547990,2023-11-17T00:00:00.000Z,25,13.214014142437623
"7909-Saint-Andrews-Cir,-Orlando,-FL-32835","7909 Saint Andrews Cir, Orlando, FL 32835",7909 Saint Andrews Cir,,Orlando,FL,32835,Orange,28.520602,-81.50231,single_family,4.0,3.0,2351.0,8304.0,1995.0,Inactive,450000,2023-12-01T00:00:00.000Z,11,13.017005083966255
"3304-Westchester-Square-Blvd,-Apt-203,-Orlando,-FL-32835","3304 Westchester Square Blvd, Apt 203, Orlando, FL 32835",3304 Westchester Square Blvd,Apt 203,Orlando,FL,32835,Orange,28.508154,-81.47375,townhouse,2.0,2.0,1181.0,5987.0,2000.0,Inactive,249500,2023-11-24T00:00:00.000Z,17,12.427218202181711
"6627-Queens-Borough-Ave,-Apt-205,-Orlando,-FL-32835","6627 Queens Borough Ave, Apt 205, Orlando, FL 32835",6627 Queens Borough Ave,Apt 205,Orlando,FL,32835,Orange,28.508927,-81.473582,condo,1.0,1.0,945.0,945.0,2000.0,Inactive,172000,2023-08-12T00:00:00.000Z,120,12.055255569732177
"3384-Corona-Village-Way,-Apt-301,-Orlando,-FL-32835","3384 Corona Village Way, Apt 301, Orlando, FL 32835",3384 Corona Village Way,Apt 301,Orlando,FL,32835,Orange,28.507618,-81.474903,condo,3.0,2.0,1260.0,12197.0,2000.0,Inactive,235000,2023-11-07T00:00:00.000Z,33,12.367345048436391
"7135-Yacht-Basin-Ave,-Apt-235,-Orlando,-FL-32835","7135 Yacht Basin Ave, Apt 235, Orlando, FL 32835",7135 Yacht Basin Ave,Apt 235,Orlando,FL,32835,Orange,28.512781,-81.484825,condo,3.0,2.0,1408.0,16553.0,1997.0,Inactive,269000,2023-12-03T00:00:00.000Z,6,12.502470376049185
"7320-Westpointe-Blvd,-Apt-511,-Orlando,-FL-32835","7320 Westpointe Blvd, Apt 511, Orlando, FL 32835",7320 Westpointe Blvd,Apt 511,Orlando,FL,32835,Orange,28.516687,-81.490265,condo,2.0,2.0,1080.0,6033.0,1994.0,Inactive,212900,2023-09-19T00:00:00.000Z,80,12.268582547911404
"371-N-Nowell-St,-Orlando,-FL-32835","371 N Nowell St, Orlando, FL 32835",371 N Nowell St,,Orlando,FL,32835,Orange,28.546354,-81.463174,single_family,3.0,2.0,1350.0,7392.0,2023.0,Inactive,379000,2023-08-15T00:00:00.000Z,114,12.84529412258351
"1224-S-Hiawassee-Rd,-Apt-620,-Orlando,-FL-32835","1224 S Hiawassee Rd, Apt 620, Orlando, FL 32835",1224 S Hiawassee Rd,Apt 620,Orlando,FL,32835,Orange,28.523543,-81.473035,condo,3.0,2.0,1206.0,8756.0,1998.0,Inactive,253000,2023-10-27T00:00:00.000Z,41,12.441148720271016
"7902-Canyon-Lake-Cir,-Orlando,-FL-32835","7902 Canyon Lake Cir, Orlando, FL 32835",7902 Canyon Lake Cir,,Orlando,FL,32835,Orange,28.528572,-81.493473,single_family,4.0,3.0,2406.0,11761.0,1991.0,Inactive,699999,2023-11-30T00:00:00.000Z,7,13.458835614025542
"6332-Raleigh-St,-Apt-915,-Orlando,-FL-32835","6332 Raleigh St, Apt 915, Orlando, FL 32835",6332 Raleigh St,Apt 915,Orlando,FL,32835,Orange,28.526977,-81.469273,condo,1.0,1.0,499.0,4453.0,1997.0,Inactive,155000,2023-09-21T00:00:00.000Z,76,11.951186847493476
"7243-Harbor-Heights-Cir,-Orlando,-FL-32835","7243 Harbor Heights Cir, Orlando, FL 32835",7243 Harbor Heights Cir,,Orlando,FL,32835,Orange,28.538168,-81.479048,multi-family,3.0,2.0,1230.0,5783.0,1984.0,Inactive,285800,2023-11-25T00:00:00.000Z,10,12.563051043422098
"7815-Murcott-Cir,-Orlando,-FL-32835","7815 Murcott Cir, Orlando, FL 32835",7815 Murcott Cir,,Orlando,FL,32835,Orange,28.537611,-81.488639,single_family,3.0,2.0,1185.0,14810.0,1987.0,Inactive,300000,2023-11-29T00:00:00.000Z,6,12.611541086966115
"6428-Raleigh-St,-Apt-3315,-Orlando,-FL-32835","6428 Raleigh St, Apt 3315, Orlando, FL 32835",6428 Raleigh St,Apt 3315,Orlando,FL,32835,Orange,28.52661,-81.467786,condo,1.0,1.0,991.0,4829.0,1997.0,Inactive,214900,2023-11-24T00:00:00.000Z,10,12.277932735946903
"6031-W-Livingston-St,-Orlando,-FL-32835","6031 W Livingston St, Orlando, FL 32835",6031 W Livingston St,,Orlando,FL,32835,Orange,28.54735,-81.464754,single_family,3.0,1.5,1106.0,6499.0,1960.0,Inactive,224980,2023-12-02T00:00:00.000Z,2,12.32377123317648
"6336-Raleigh-St,-Apt-1211,-Orlando,-FL-32835","6336 Raleigh St, Apt 1211, Orlando, FL 32835",6336 Raleigh St,Apt 1211,Orlando,FL,32835,Orange,28.526549,-81.469082,condo,1.0,1.0,991.0,8756.0,1997.0,Inactive,199900,2023-05-04T00:00:00.000Z,213,12.20557752297723
"7981-Saint-Andrews-Cir,-Orlando,-FL-32835","7981 Saint Andrews Cir, Orlando, FL 32835",7981 Saint Andrews Cir,,Orlando,FL,32835,Orange,28.519933,-81.50374,single_family,4.0,2.0,2036.0,8509.0,1996.0,Inactive,495000,2023-11-28T00:00:00.000Z,5,13.112315061750808
"6214-Stevenson-Dr,-Unit-109,-Orlando,-FL-32835","6214 Stevenson Dr, Unit 109, Orlando, FL 32835",6214 Stevenson Dr,Unit 109,Orlando,FL,32835,Orange,28.508604,-81.466102,condo,3.0,2.0,1408.0,15246.0,2002.0,Inactive,250000,2023-11-18T00:00:00.000Z,14,12.429220196836383
"7913-Bridgestone-Dr,-Orlando,-FL-32835","7913 Bridgestone Dr, Orlando, FL 32835",7913 Bridgestone Dr,,Orlando,FL,32835,Orange,28.526307,-81.491727,single_family,3.0,2.0,1989.0,10019.0,1989.0,Inactive,649900,2023-08-19T00:00:00.000Z,104,13.384575322579519
"5986-Westgate-Dr,-Apt-202,-Orlando,-FL-32835","5986 Westgate Dr, Apt 202, Orlando, FL 32835",5986 Westgate Dr,Apt 202,Orlando,FL,32835,Orange,28.530626,-81.46435,condo,1.0,1.0,686.0,4445.0,1988.0,Inactive,159900,2023-11-23T00:00:00.000Z,8,11.982310152711182
"6115-Metrowest-Blvd,-Unit-107,-Orlando,-FL-32835","6115 Metrowest Blvd, Unit 107, Orlando, FL 32835",6115 Metrowest Blvd,Unit 107,Orlando,FL,32835,Orange,28.515823,-81.464791,condo,2.0,2.0,1386.0,519.0,2004.0,Inactive,285000,2023-08-09T00:00:00.000Z,111,12.560247968016562
"3063-Capri-Isle-Way,-Orlando,-FL-32835","3063 Capri Isle Way, Orlando, FL 32835",3063 Capri Isle Way,,Orlando,FL,32835,Orange,28.510687,-81.461477,townhouse,3.0,2.5,1756.0,4081.0,2005.0,Inactive,339900,2023-11-04T00:00:00.000Z,24,12.736409677721657
"2457-Baesel-View-Dr,-Orlando,-FL-32835","2457 Baesel View Dr, Orlando, FL 32835",2457 Baesel View Dr,,Orlando,FL,32835,Orange,28.51503,-81.496538,single_family,4.0,3.5,3788.0,14375.0,1999.0,Inactive,724999,2023-05-06T00:00:00.000Z,205,13.493926933836812
"5945-Uona-Ave,-Orlando,-FL-32835","5945 Uona Ave, Orlando, FL 32835",5945 Uona Ave,,Orlando,FL,32835,Orange,28.536176,-81.463334,single_family,3.0,2.0,1175.0,9635.0,1985.0,Inactive,309000,2023-08-23T00:00:00.000Z,96,12.6410997921206
"7668-Saint-Stephens-Ct,-Orlando,-FL-32835","7668 Saint Stephens Ct, Orlando, FL 32835",7668 Saint Stephens Ct,,Orlando,FL,32835,Orange,28.511828,-81.494129,single_family,5.0,4.0,3462.0,13939.0,2002.0,Inactive,749000,2023-09-07T00:00:00.000Z,77,13.52649559761195
"6094-Westgate-Dr,-Apt-104,-Orlando,-FL-32835","6094 Westgate Dr, Apt 104, Orlando, FL 32835",6094 Westgate Dr,Apt 104,Orlando,FL,32835,Orange,28.532531,-81.466494,condo,1.0,1.0,722.0,4484.0,1988.0,Inactive,164900,2023-10-26T00:00:00.000Z,28,12.013100572810686
"7166-Harbor-Heights-Dr,-Orlando,-FL-32835","7166 Harbor Heights Dr, Orlando, FL 32835",7166 Harbor Heights Dr,,Orlando,FL,32835,Orange,28.537494,-81.478439,single_family,3.0,2.0,1216.0,5451.0,1982.0,Inactive,285000,2023-11-17T00:00:00.000Z,5,12.560247968016562
"3609-Bellington-Dr,-Orlando,-FL-32835","3609 Bellington Dr, Orlando, FL 32835",3609 Bellington Dr,,Orlando,FL,32835,Orange,28.500471,-81.493535,single_family,5.0,4.5,3419.0,13504.0,1996.0,Inactive,979000,2023-05-04T00:00:00.000Z,201,13.794287942962585
"6413-Astor-Village-Ave,-Apt-211,-Orlando,-FL-32835","6413 Astor Village Ave, Apt 211, Orlando, FL 32835",6413 Astor Village Ave,Apt 211,Orlando,FL,32835,Orange,28.508921,-81.470718,condo,1.0,1.0,945.0,22651.0,2000.0,Inactive,190000,2023-11-05T00:00:00.000Z,16,12.154784614286667
"6133-Metrowest-Blvd,-Unit-102,-Orlando,-FL-32835","6133 Metrowest Blvd, Unit 102, Orlando, FL 32835",6133 Metrowest Blvd,Unit 102,Orlando,FL,32835,Orange,28.516763,-81.46481,condo,2.0,2.0,1386.0,520.0,2004.0,Inactive,280000,2023-11-10T00:00:00.000Z,11,12.54254845357358
"7105-Harbor-Heights-Dr,-Orlando,-FL-32835","7105 Harbor Heights Dr, Orlando, FL 32835",7105 Harbor Heights Dr,,Orlando,FL,32835,Orange,28.537408,-81.477645,multi-family,3.0,2.0,1216.0,6310.0,1982.0,Inactive,329500,2023-10-28T00:00:00.000Z,23,12.70533466782146
"6663-Queens-Borough-Ave,-Apt-302,-Orlando,-FL-32835","6663 Queens Borough Ave, Apt 302, Orlando, FL 32835",6663 Queens Borough Ave,Apt 302,Orlando,FL,32835,Orange,28.50892,-81.474217,condo,4.0,2.0,1489.0,11326.0,2000.0,Inactive,285000,2023-08-24T00:00:00.000Z,87,12.560247968016562
"9042-Rose-Lake-Shore-Ln,-Orlando,-FL-32835","9042 Rose Lake Shore Ln, Orlando, FL 32835",9042 Rose Lake Shore Ln,,Orlando,FL,32835,Orange,28.541552,-81.507339,single_family,4.0,2.5,2590.0,16553.0,2023.0,Inactive,699000,2023-11-10T00:00:00.000Z,9,13.457407451830088
"6026-W-Robinson-St,-Orlando,-FL-32835","6026 W Robinson St, Orlando, FL 32835",6026 W Robinson St,,Orlando,FL,32835,Orange,28.544752,-81.464503,single_family,3.0,2.0,1058.0,6663.0,1962.0,Inactive,294900,2023-11-02T00:00:00.000Z,15,12.594394985777612
"6081-Twain-St,-Unit-102,-Orlando,-FL-32835","6081 Twain St, Unit 102, Orlando, FL 32835",6081 Twain St,Unit 102,Orlando,FL,32835,Orange,28.510059,-81.465024,townhouse,3.0,2.5,1682.0,1159.0,2003.0,Inactive,345000,2023-11-06T00:00:00.000Z,11,12.75130259456002
"8003-Langhurst-Ct,-Orlando,-FL-32835","8003 Langhurst Ct, Orlando, FL 32835",8003 Langhurst Ct,,Orlando,FL,32835,Orange,28.502288,-81.494239,single_family,4.0,4.0,3710.0,20473.0,1997.0,Inactive,949500,2023-10-12T00:00:00.000Z,34,13.76369186241981
"617-Rosegate-Ln,-Orlando,-FL-32835","617 Rosegate Ln, Orlando, FL 32835",617 Rosegate Ln,,Orlando,FL,32835,Orange,28.533389,-81.507436,single_family,4.0,2.0,1720.0,14375.0,1985.0,Inactive,695900,2023-10-17T00:00:00.000Z,29,13.452962687819982
"3625-King-George-Dr,-Orlando,-FL-32835","3625 King George Dr, Orlando, FL 32835",3625 King George Dr,,Orlando,FL,32835,Orange,28.504522,-81.507302,single_family,5.0,4.5,3865.0,17860.0,2003.0,Inactive,1150000,2023-11-06T00:00:00.000Z,9,13.955273369904273
"3535-King-George-Dr,-Orlando,-FL-32835","3535 King George Dr, Orlando, FL 32835",3535 King George Dr,,Orlando,FL,32835,Orange,28.502707,-81.506565,single_family,4.0,3.0,2755.0,10890.0,2002.0,Inactive,825000,2023-11-06T00:00:00.000Z,9,13.623139877437296
"1322-Shelter-Rock-Rd,-Orlando,-FL-32835","1322 Shelter Rock Rd, Orlando, FL 32835",1322 Shelter Rock Rd,,Orlando,FL,32835,Orange,28.526931,-81.499575,single_family,4.0,4.0,3295.0,23522.0,1993.0,Inactive,680000,2023-09-08T00:00:00.000Z,67,13.429849547739444
"6036-W-Livingston-St,-Orlando,-FL-32835","6036 W Livingston St, Orlando, FL 32835",6036 W Livingston St,,Orlando,FL,32835,Orange,28.546906,-81.464955,single_family,4.0,2.0,1216.0,6499.0,1959.0,Inactive,319900,2023-10-02T00:00:00.000Z,43,12.675766851909591
"6153-Metrowest-Blvd,-Unit-306,-Orlando,-FL-32835","6153 Metrowest Blvd, Unit 306, Orlando, FL 32835",6153 Metrowest Blvd,Unit 306,Orlando,FL,32835,Orange,28.515707,-81.46557,condo,3.0,2.0,1285.0,10454.0,2004.0,Inactive,254900,2023-07-18T00:00:00.000Z,115,12.448630513463613
"7210-Westpointe-Blvd,-Apt-1327,-Orlando,-FL-32835","7210 Westpointe Blvd, Apt 1327, Orlando, FL 32835",7210 Westpointe Blvd,Apt 1327,Orlando,FL,32835,Orange,28.516808,-81.48638,condo,3.0,2.0,1466.0,8756.0,1994.0,Inactive,239900,2023-08-28T00:00:00.000Z,72,12.3879816172226
"7624-Kings-Passage-Ave,-Orlando,-FL-32835","7624 Kings Passage Ave, Orlando, FL 32835",7624 Kings Passage Ave,,Orlando,FL,32835,Orange,28.507342,-81.493248,single_family,5.0,3.5,3916.0,13939.0,1998.0,Inactive,1075000,2023-10-27T00:00:00.000Z,11,13.887832149776026
"2652-Robert-Trent-Jones-Dr,-Apt-526,-Orlando,-FL-32835","2652 Robert Trent Jones Dr, Apt 526, Orlando, FL 32835",2652 Robert Trent Jones Dr,Apt 526,Orlando,FL,32835,Orange,28.514178,-81.47185,condo,2.0,2.0,1014.0,9109.0,1995.0,Inactive,199900,2023-06-22T00:00:00.000Z,137,12.20557752297723
"9036-Rose-Lake-Shore-Ln,-Orlando,-FL-32835","9036 Rose Lake Shore Ln, Orlando, FL 32835",9036 Rose Lake Shore Ln,,Orlando,FL,32835,Orange,28.541549,-81.507193,single_family,4.0,3.5,2590.0,15682.0,2023.0,Inactive,730000,2023-08-04T00:00:00.000Z,94,13.500801182986649
"7250-Westpointe-Blvd,-Apt-1016,-Orlando,-FL-32835","7250 Westpointe Blvd, Apt 1016, Orlando, FL 32835",7250 Westpointe Blvd,Apt 1016,Orlando,FL,32835,Orange,28.516247,-81.487577,condo,2.0,2.0,1080.0,6033.0,1994.0,Inactive,243000,2023-07-18T00:00:00.000Z,110,12.400820837540556
"387-Killington-Way,-Orlando,-FL-32835","387 Killington Way, Orlando, FL 32835",387 Killington Way,,Orlando,FL,32835,Orange,28.545973,-81.49358,single_family,4.0,3.0,3039.0,10454.0,1994.0,Inactive,645000,2023-08-05T00:00:00.000Z,92,13.377007146164305
"431-Alston-Dr,-Orlando,-FL-32835","431 Alston Dr, Orlando, FL 32835",431 Alston Dr,,Orlando,FL,32835,Orange,28.548199,-81.481978,multi-family,2.0,2.5,1279.0,5546.0,1989.0,Inactive,300000,2023-10-05T00:00:00.000Z,28,12.611541086966115
"1224-S-Hiawassee-Rd,-Apt-628,-Orlando,-FL-32835","1224 S Hiawassee Rd, Apt 628, Orlando, FL 32835",1224 S Hiawassee Rd,Apt 628,Orlando,FL,32835,Orange,28.523543,-81.473035,condo,2.0,2.0,1050.0,15682.0,1998.0,Inactive,230000,2023-09-29T00:00:00.000Z,33,12.345838935721968
"2130-Stillington-St,-Orlando,-FL-32835","2130 Stillington St, Orlando, FL 32835",2130 Stillington St,,Orlando,FL,32835,Orange,28.509198,-81.494354,single_family,4.0,3.0,2799.0,10890.0,2001.0,Inactive,778000,2023-10-09T00:00:00.000Z,23,13.564483088506746
"6117-Metrowest-Blvd,-Unit-102,-Orlando,-FL-32835","6117 Metrowest Blvd, Unit 102, Orlando, FL 32835",6117 Metrowest Blvd,Unit 102,Orlando,FL,32835,Orange,28.515736,-81.463931,condo,3.0,2.5,1678.0,600.0,2004.0,Inactive,345000,2023-10-25T00:00:00.000Z,6,12.75130259456002
"6577-Grosvenor-Ln,-Orlando,-FL-32835","6577 Grosvenor Ln, Orlando, FL 32835",6577 Grosvenor Ln,,Orlando,FL,32835,Orange,28.533746,-81.474546,single_family,3.0,2.0,1487.0,6060.0,1988.0,Inactive,370000,2023-10-25T00:00:00.000Z,6,12.821260987319457
"7360-Westpointe-Blvd,-Apt-129,-Orlando,-FL-32835","7360 Westpointe Blvd, Apt 129, Orlando, FL 32835",7360 Westpointe Blvd,Apt 129,Orlando,FL,32835,Orange,28.516615,-81.488531,condo,1.0,1.0,678.0,8756.0,1994.0,Inactive,165000,2023-10-25T00:00:00.000Z,5,12.013706813470414
"3351-Greenwich-Village-Blvd,-Apt-204,-Orlando,-FL-32835","3351 Greenwich Village Blvd, Apt 204, Orlando, FL 32835",3351 Greenwich Village Blvd,Apt 204,Orlando,FL,32835,Orange,28.507881,-81.471859,townhouse,2.0,2.0,1430.0,6122.0,2000.0,Inactive,239500,2023-08-06T00:00:00.000Z,84,12.386312871189734
"6413-Astor-Village-Ave,-Apt-207,-Orlando,-FL-32835","6413 Astor Village Ave, Apt 207, Orlando, FL 32835",6413 Astor Village Ave,Apt 207,Orlando,FL,32835,Orange,28.508921,-81.470718,condo,2.0,2.0,1107.0,22651.0,2000.0,Inactive,235000,2023-09-29T00:00:00.000Z,29,12.367345048436391
"6412-Queens-Borough-Ave,-Apt-306,-Orlando,-FL-32835","6412 Queens Borough Ave, Apt 306, Orlando, FL 32835",6412 Queens Borough Ave,Apt 306,Orlando,FL,32835,Orange,28.509743,-81.471395,condo,1.0,1.0,945.0,23087.0,2000.0,Inactive,180000,2023-08-16T00:00:00.000Z,71,12.100717685412471
"1260-Shelter-Rock-Rd,-Orlando,-FL-32835","1260 Shelter Rock Rd, Orlando, FL 32835",1260 Shelter Rock Rd,,Orlando,FL,32835,Orange,28.525921,-81.497135,single_family,3.0,2.5,2249.0,10000.0,1991.0,Inactive,699900,2023-09-16T00:00:00.000Z,40,13.45869417545215
"3368-Robert-Trent-Jones-Dr,---30108,-Orlando,-FL-32835","3368 Robert Trent Jones Dr, # 30108, Orlando, FL 32835",3368 Robert Trent Jones Dr,# 30108,Orlando,FL,32835,Orange,28.505045,-81.470331,condo,3.0,2.0,2002.0,16117.0,2008.0,Inactive,364000,2023-10-10T00:00:00.000Z,16,12.804911893867851
"1841-Westpointe-Cir,-Orlando,-FL-32835","1841 Westpointe Cir, Orlando, FL 32835",1841 Westpointe Cir,,Orlando,FL,32835,Orange,28.519923,-81.504212,single_family,3.0,2.0,1633.0,6138.0,1994.0,Inactive,435000,2023-09-25T00:00:00.000Z,29,12.983103608918753
"145-N-Observatory-Dr,-Orlando,-FL-32835","145 N Observatory Dr, Orlando, FL 32835",145 N Observatory Dr,,Orlando,FL,32835,Orange,28.544051,-81.467883,single_family,3.0,2.5,1620.0,7494.0,1989.0,Inactive,289900,2023-10-11T00:00:00.000Z,13,12.57729476436913
"413-Enka-Ave,-Orlando,-FL-32835","413 Enka Ave, Orlando, FL 32835",413 Enka Ave,,Orlando,FL,32835,Orange,28.53506,-81.471847,single_family,3.0,2.0,2154.0,10890.0,1987.0,Inactive,390000,2023-08-31T00:00:00.000Z,53,12.873904582205107
"1021-S-Hiawassee-Rd,-Apt-3934,-Orlando,-FL-32835","1021 S Hiawassee Rd, Apt 3934, Orlando, FL 32835",1021 S Hiawassee Rd,Apt 3934,Orlando,FL,32835,Orange,28.528946,-81.47423,condo,1.0,1.0,673.0,8504.0,1989.0,Inactive,169900,2023-08-17T00:00:00.000Z,65,12.042971193457888
"2828-Ripton-Ct,-Orlando,-FL-32835","2828 Ripton Ct, Orlando, FL 32835",2828 Ripton Ct,,Orlando,FL,32835,Orange,28.511533,-81.490086,single_family,3.0,2.0,1623.0,6752.0,1991.0,Inactive,400000,2023-10-04T00:00:00.000Z,17,12.899222326086994
"3224-Dante-Dr,-Unit-207,-Orlando,-FL-32835","3224 Dante Dr, Unit 207, Orlando, FL 32835",3224 Dante Dr,Unit 207,Orlando,FL,32835,Orange,28.508624,-81.466881,condo,2.0,2.0,1050.0,15246.0,2003.0,Inactive,244000,2023-10-17T00:00:00.000Z,4,12.404927602627597
"2586-Robert-Trent-Jones-Dr,-Apt-1131,-Orlando,-FL-32835","2586 Robert Trent Jones Dr, Apt 1131, Orlando, FL 32835",2586 Robert Trent Jones Dr,Apt 1131,Orlando,FL,32835,Orange,28.514713,-81.472882,condo,2.0,2.0,1150.0,11326.0,1995.0,Inactive,180000,2023-10-17T00:00:00.000Z,3,12.100717685412471
"1033-S-Hiawassee-Rd,-Apt-2612,-Orlando,-FL-32835","1033 S Hiawassee Rd, Apt 2612, Orlando, FL 32835",1033 S Hiawassee Rd,Apt 2612,Orlando,FL,32835,Orange,28.529491,-81.472466,condo,2.0,2.0,829.0,6877.0,1989.0,Inactive,259000,2023-07-28T00:00:00.000Z,82,12.464587201678082
"6201-Goethe-St,-Unit-101,-Orlando,-FL-32835","6201 Goethe St, Unit 101, Orlando, FL 32835",6201 Goethe St,Unit 101,Orlando,FL,32835,Orange,28.510393,-81.466317,condo,3.0,2.5,1665.0,1029.0,2002.0,Inactive,360000,2023-10-09T00:00:00.000Z,9,12.793862088206213
"7739-Blue-Quail-Ln,-Orlando,-FL-32835","7739 Blue Quail Ln, Orlando, FL 32835",7739 Blue Quail Ln,,Orlando,FL,32835,Orange,28.512949,-81.503838,single_family,5.0,4.5,4959.0,14810.0,2019.0,Inactive,1689000,2023-10-11T00:00:00.000Z,7,14.339647787856073
"6300-Raleigh-St,-Apt-115,-Orlando,-FL-32835","6300 Raleigh St, Apt 115, Orlando, FL 32835",6300 Raleigh St,Apt 115,Orlando,FL,32835,Orange,28.527491,-81.467788,condo,2.0,2.0,1248.0,5926.0,1997.0,Inactive,210000,2023-10-11T00:00:00.000Z,7,12.25486757159303
"2586-Robert-Trent-Jones-Dr,-Apt-1130,-Orlando,-FL-32835","2586 Robert Trent Jones Dr, Apt 1130, Orlando, FL 32835",2586 Robert Trent Jones Dr,Apt 1130,Orlando,FL,32835,Orange,28.514713,-81.472882,condo,2.0,2.0,1150.0,11326.0,1995.0,Inactive,200000,2023-09-23T00:00:00.000Z,24,12.206077645517674
"2572-Robert-Trent-Jones-Dr,-Apt-1214,-Orlando,-FL-32835","2572 Robert Trent Jones Dr, Apt 1214, Orlando, FL 32835",2572 Robert Trent Jones Dr,Apt 1214,Orlando,FL,32835,Orange,28.515236,-81.472972,condo,1.0,1.0,674.0,9178.0,1995.0,Inactive,169900,2023-09-29T00:00:00.000Z,18,12.042971193457888
"6663-Queens-Borough-Ave,-Apt-308,-Orlando,-FL-32835","6663 Queens Borough Ave, Apt 308, Orlando, FL 32835",6663 Queens Borough Ave,Apt 308,Orlando,FL,32835,Orange,28.50892,-81.474217,condo,2.0,2.0,1107.0,11326.0,2000.0,Inactive,210000,2023-10-06T00:00:00.000Z,11,12.25486757159303
"7814-Killary-Ct,-Orlando,-FL-32835","7814 Killary Ct, Orlando, FL 32835",7814 Killary Ct,,Orlando,FL,32835,Orange,28.543647,-81.490665,single_family,3.0,2.0,1359.0,10890.0,1988.0,Inactive,390000,2023-10-16T00:00:00.000Z,1,12.873904582205107
"2118-Whitfield-Ln,-Orlando,-FL-32835","2118 Whitfield Ln, Orlando, FL 32835",2118 Whitfield Ln,,Orlando,FL,32835,Orange,28.510204,-81.504167,single_family,4.0,3.0,3203.0,25700.0,1990.0,Inactive,949000,2023-10-12T00:00:00.000Z,4,13.76316513133229
"7806-Kensingham-Ct,-Orlando,-FL-32835","7806 Kensingham Ct, Orlando, FL 32835",7806 Kensingham Ct,,Orlando,FL,32835,Orange,28.545318,-81.491062,single_family,3.0,2.0,1361.0,11326.0,1989.0,Inactive,373999,2023-09-18T00:00:00.000Z,27,12.832011076396668
"8031-Bridgestone-Dr,-Orlando,-FL-32835","8031 Bridgestone Dr, Orlando, FL 32835",8031 Bridgestone Dr,,Orlando,FL,32835,Orange,28.524301,-81.495135,single_family,4.0,2.0,2318.0,11761.0,1993.0,Inactive,525000,2023-10-05T00:00:00.000Z,10,13.171155446333852
"6064-Westgate-Dr,-Apt-102,-Orlando,-FL-32835","6064 Westgate Dr, Apt 102, Orlando, FL 32835",6064 Westgate Dr,Apt 102,Orlando,FL,32835,Orange,28.532459,-81.465083,condo,1.0,1.0,700.0,4445.0,1988.0,Inactive,159000,2023-10-09T00:00:00.000Z,6,11.976665770490767
"6010-Westgate-Dr,-Apt-101,-Orlando,-FL-32835","6010 Westgate Dr, Apt 101, Orlando, FL 32835",6010 Westgate Dr,Apt 101,Orlando,FL,32835,Orange,28.53065,-81.465391,condo,2.0,2.0,991.0,5936.0,1988.0,Inactive,199000,2023-06-29T00:00:00.000Z,107,12.201065128819632
"6450-Alcalde-Ct,-Unit-103,-Orlando,-FL-32835","6450 Alcalde Ct, Unit 103, Orlando, FL 32835",6450 Alcalde Ct,Unit 103,Orlando,FL,32835,Orange,28.51358,-81.470321,condo,2.0,2.0,1438.0,1016.0,2005.0,Inactive,290000,2022-06-07T00:00:00.000Z,493,12.577639650232573
"8125-Belshire-Dr,-Orlando,-FL-32835","8125 Belshire Dr, Orlando, FL 32835",8125 Belshire Dr,,Orlando,FL,32835,Orange,28.497657,-81.494868,single_family,5.0,3.0,3337.0,11326.0,1998.0,Inactive,810000,2023-06-23T00:00:00.000Z,112,13.60479076121576
"3338-Robert-Trent-Jones-Dr,---30404,-Orlando,-FL-32835","3338 Robert Trent Jones Dr, # 30404, Orlando, FL 32835",3338 Robert Trent Jones Dr,# 30404,Orlando,FL,32835,Orange,28.505791,-81.471161,condo,3.0,2.0,1391.0,16117.0,2009.0,Inactive,269000,2023-08-08T00:00:00.000Z,66,12.502470376049185
"6376-Raleigh-St,-Apt-2015,-Orlando,-FL-32835","6376 Raleigh St, Apt 2015, Orlando, FL 32835",6376 Raleigh St,Apt 2015,Orlando,FL,32835,Orange,28.525017,-81.468692,condo,1.0,1.0,499.0,4534.0,1997.0,Inactive,144000,2023-07-12T00:00:00.000Z,92,11.87757552297847
"5968-Westgate-Dr,-Apt-302,-Orlando,-FL-32835","5968 Westgate Dr, Apt 302, Orlando, FL 32835",5968 Westgate Dr,Apt 302,Orlando,FL,32835,Orange,28.531178,-81.463524,condo,2.0,2.0,1515.0,5936.0,1988.0,Inactive,195000,2023-06-09T00:00:00.000Z,124,12.180759965737863
"6412-Queens-Borough-Ave,-Apt-210,-Orlando,-FL-32835","6412 Queens Borough Ave, Apt 210, Orlando, FL 32835",6412 Queens Borough Ave,Apt 210,Orlando,FL,32835,Orange,28.509743,-81.471395,condo,2.0,2.0,1107.0,23087.0,2000.0,Inactive,210000,2023-06-17T00:00:00.000Z,116,12.25486757159303
"7280-Westpointe-Blvd,-Apt-817,-Orlando,-FL-32835","7280 Westpointe Blvd, Apt 817, Orlando, FL 32835",7280 Westpointe Blvd,Apt 817,Orlando,FL,32835,Orange,28.516093,-81.489208,condo,3.0,2.0,1423.0,8756.0,1994.0,Inactive,249000,2023-06-21T00:00:00.000Z,112,12.425212191503038
"6125-Metrowest-Blvd,-Unit-102,-Orlando,-FL-32835","6125 Metrowest Blvd, Unit 102, Orlando, FL 32835",6125 Metrowest Blvd,Unit 102,Orlando,FL,32835,Orange,28.516473,-81.46436,condo,2.0,2.0,1361.0,469.0,2004.0,Inactive,285000,2023-08-24T00:00:00.000Z,48,12.560247968016562
"1081-S-Hiawassee-Rd,-Apt-718,-Orlando,-FL-32835","1081 S Hiawassee Rd, Apt 718, Orlando, FL 32835",1081 S Hiawassee Rd,Apt 718,Orlando,FL,32835,Orange,28.528024,-81.471523,condo,2.0,2.0,829.0,7434.0,1989.0,Inactive,225000,2023-04-25T00:00:00.000Z,167,12.323860125621126
"6028-Westgate-Dr,-Apt-201,-Orlando,-FL-32835","6028 Westgate Dr, Apt 201, Orlando, FL 32835",6028 Westgate Dr,Apt 201,Orlando,FL,32835,Orange,28.531565,-81.465218,condo,1.0,1.0,1184.0,4445.0,1988.0,Inactive,195900,2023-09-23T00:00:00.000Z,15,12.18536470856483
"1049-S-Hiawassee-Rd,-Apt-3428,-Orlando,-FL-32835","1049 S Hiawassee Rd, Apt 3428, Orlando, FL 32835",1049 S Hiawassee Rd,Apt 3428,Orlando,FL,32835,Orange,28.529727,-81.473025,condo,2.0,2.0,836.0,7235.0,1989.0,Inactive,214000,2023-05-30T00:00:00.000Z,130,12.273735966890268
"6064-Westgate-Dr,-Apt-101,-Orlando,-FL-32835","6064 Westgate Dr, Apt 101, Orlando, FL 32835",6064 Westgate Dr,Apt 101,Orlando,FL,32835,Orange,28.532459,-81.465083,condo,1.0,1.0,686.0,4445.0,1988.0,Inactive,165000,2023-08-22T00:00:00.000Z,46,12.013706813470414
"6663-Queens-Borough-Ave,-Apt-104,-Orlando,-FL-32835","6663 Queens Borough Ave, Apt 104, Orlando, FL 32835",6663 Queens Borough Ave,Apt 104,Orlando,FL,32835,Orange,28.50892,-81.474217,condo,2.0,2.0,1233.0,11326.0,2000.0,Inactive,245900,2023-09-14T00:00:00.000Z,22,12.412684294889793
"6102-W-Livingston-St,-Orlando,-FL-32835","6102 W Livingston St, Orlando, FL 32835",6102 W Livingston St,,Orlando,FL,32835,Orange,28.546902,-81.465157,single_family,4.0,2.0,1475.0,6498.0,1960.0,Inactive,325000,2023-09-21T00:00:00.000Z,15,12.691583538230217
"3449-Shallot-Dr,-Unit-102,-Orlando,-FL-32835","3449 Shallot Dr, Unit 102, Orlando, FL 32835",3449 Shallot Dr,Unit 102,Orlando,FL,32835,Orange,28.50739,-81.468842,townhouse,3.0,2.5,1682.0,982.0,2004.0,Inactive,344900,2023-09-28T00:00:00.000Z,8,12.751012698311857
"8700-Endmere-Ct,-Orlando,-FL-32835","8700 Endmere Ct, Orlando, FL 32835",8700 Endmere Ct,,Orlando,FL,32835,Orange,28.494035,-81.504015,single_family,4.0,3.5,3108.0,50094.0,1979.0,Inactive,999999,2023-06-06T00:00:00.000Z,121,13.815510557964274
"2763-Metro-Sevilla-Dr,-Unit-104,-Orlando,-FL-32835","2763 Metro Sevilla Dr, Unit 104, Orlando, FL 32835",2763 Metro Sevilla Dr,Unit 104,Orlando,FL,32835,Orange,28.512854,-81.469426,condo,3.0,2.0,1857.0,1047.0,2005.0,Inactive,329000,2023-07-21T00:00:00.000Z,76,12.703816069256568
"7124-Cantrell-Ct,-Orlando,-FL-32835","7124 Cantrell Ct, Orlando, FL 32835",7124 Cantrell Ct,,Orlando,FL,32835,Orange,28.5084,-81.487195,single_family,4.0,3.0,2288.0,15246.0,1989.0,Inactive,550000,2023-09-06T00:00:00.000Z,29,13.217675375388819
"39-Sweetbay-Ln,-Orlando,-FL-32835","39 Sweetbay Ln, Orlando, FL 32835",39 Sweetbay Ln,,Orlando,FL,32835,Orange,28.541986,-81.47922,single_family,3.0,2.0,1682.0,10454.0,1977.0,Inactive,370000,2023-08-25T00:00:00.000Z,39,12.821260987319457
"7214-Nima-Ct,-Orlando,-FL-32835","7214 Nima Ct, Orlando, FL 32835",7214 Nima Ct,,Orlando,FL,32835,Orange,28.54546,-81.482242,multi-family,4.0,4.0,2018.0,18295.0,1987.0,Inactive,499999,2023-09-09T00:00:00.000Z,24,13.122363377404328
"6031-W-Amelia-St,-Orlando,-FL-32835","6031 W Amelia St, Orlando, FL 32835",6031 W Amelia St,,Orlando,FL,32835,Orange,28.548819,-81.464704,single_family,3.0,2.0,636.0,5947.0,1954.0,Inactive,175000,2023-10-02T00:00:00.000Z,1,12.07254696717504
"1003-Almond-Tree-Cir,-Orlando,-FL-32835","1003 Almond Tree Cir, Orlando, FL 32835",1003 Almond Tree Cir,,Orlando,FL,32835,Orange,28.529695,-81.506916,single_family,3.0,2.0,2156.0,15682.0,1988.0,Inactive,550000,2023-09-08T00:00:00.000Z,23,13.217675375388819
"6136-Westgate-Dr,-Apt-102,-Orlando,-FL-32835","6136 Westgate Dr, Apt 102, Orlando, FL 32835",6136 Westgate Dr,Apt 102,Orlando,FL,32835,Orange,28.531235,-81.466384,condo,1.0,1.0,722.0,4445.0,1988.0,Inactive,165000,2023-09-15T00:00:00.000Z,15,12.013706813470414
"6157-Metrowest-Blvd,-Unit-207,-Orlando,-FL-32835","6157 Metrowest Blvd, Unit 207, Orlando, FL 32835",6157 Metrowest Blvd,Unit 207,Orlando,FL,32835,Orange,28.514948,-81.465374,condo,2.0,2.0,1138.0,8919.0,2004.0,Inactive,250000,2023-09-16T00:00:00.000Z,14,12.429220196836383
"3362-Greenwich-Village-Blvd,-Apt-204,-Orlando,-FL-32835","3362 Greenwich Village Blvd, Apt 204, Orlando, FL 32835",3362 Greenwich Village Blvd,Apt 204,Orlando,FL,32835,Orange,28.507612,-81.472268,condo,1.0,1.0,1092.0,4877.0,2000.0,Inactive,204990,2023-09-13T00:00:00.000Z,16,12.230721354717781
"7632-Mount-Carmel-Dr,-Orlando,-FL-32835","7632 Mount Carmel Dr, Orlando, FL 32835",7632 Mount Carmel Dr,,Orlando,FL,32835,Orange,28.52083,-81.49588,single_family,4.0,2.0,2028.0,9024.0,1995.0,Inactive,700000,2023-09-19T00:00:00.000Z,10,13.45883704259595
"3468-Soho-St,-Apt-305,-Orlando,-FL-32835","3468 Soho St, Apt 305, Orlando, FL 32835",3468 Soho St,Apt 305,Orlando,FL,32835,Orange,28.506421,-81.472907,condo,1.0,1.0,945.0,11761.0,2000.0,Inactive,175000,2023-09-20T00:00:00.000Z,9,12.07254696717504
"7201-Tallowtree-Ln,-Orlando,-FL-32835","7201 Tallowtree Ln, Orlando, FL 32835",7201 Tallowtree Ln,,Orlando,FL,32835,Orange,28.544619,-81.479563,single_family,5.0,3.0,2866.0,11326.0,1978.0,Inactive,564900,2023-07-31T00:00:00.000Z,57,13.244405773536606
"1031-S-Hiawassee-Rd,-Apt-2511,-Orlando,-FL-32835","1031 S Hiawassee Rd, Apt 2511, Orlando, FL 32835",1031 S Hiawassee Rd,Apt 2511,Orlando,FL,32835,Orange,28.52927,-81.473065,condo,2.0,2.0,829.0,7361.0,1989.0,Inactive,199900,2023-05-23T00:00:00.000Z,124,12.20557752297723
"5998-Westgate-Dr,-Apt-101,-Orlando,-FL-32835","5998 Westgate Dr, Apt 101, Orlando, FL 32835",5998 Westgate Dr,Apt 101,Orlando,FL,32835,Orange,28.530618,-81.465071,condo,1.0,1.0,686.0,5936.0,1988.0,Inactive,165000,2023-09-17T00:00:00.000Z,6,12.013706813470414
"7617-Mount-Carmel-Dr,-Orlando,-FL-32835","7617 Mount Carmel Dr, Orlando, FL 32835",7617 Mount Carmel Dr,,Orlando,FL,32835,Orange,28.521326,-81.495215,single_family,5.0,4.0,3424.0,13939.0,1995.0,Inactive,799900,2023-07-26T00:00:00.000Z,58,13.592243248992402
"2624-Robert-Trent-Jones-Dr,-Apt-622,-Orlando,-FL-32835","2624 Robert Trent Jones Dr, Apt 622, Orlando, FL 32835",2624 Robert Trent Jones Dr,Apt 622,Orlando,FL,32835,Orange,28.514909,-81.471648,condo,2.0,1.0,933.0,11761.0,1995.0,Inactive,189000,2023-09-02T00:00:00.000Z,20,12.149507585033072
"2865-Polana-St,-Unit-106,-Orlando,-FL-32835","2865 Polana St, Unit 106, Orlando, FL 32835",2865 Polana St,Unit 106,Orlando,FL,32835,Orange,28.512237,-81.466313,condo,2.0,2.5,1546.0,1092.0,2005.0,Inactive,299000,2023-09-14T00:00:00.000Z,7,12.608202196848836
"3344-Robert-Trent-Jones-Dr,---30705,-Orlando,-FL-32835","3344 Robert Trent Jones Dr, # 30705, Orlando, FL 32835",3344 Robert Trent Jones Dr,# 30705,Orlando,FL,32835,Orange,28.506385,-81.471408,condo,2.0,2.0,1112.0,16117.0,2008.0,Inactive,259900,2023-08-01T00:00:00.000Z,50,12.468056068255885
"6605-Crenshaw-Dr,-Orlando,-FL-32835","6605 Crenshaw Dr, Orlando, FL 32835",6605 Crenshaw Dr,,Orlando,FL,32835,Orange,28.524666,-81.473804,single_family,4.0,2.0,2487.0,10890.0,1989.0,Inactive,575000,2023-09-09T00:00:00.000Z,11,13.26212705890841
"715-Saxby-Ave,-Orlando,-FL-32835","715 Saxby Ave, Orlando, FL 32835",715 Saxby Ave,,Orlando,FL,32835,Orange,28.533346,-81.476485,single_family,4.0,3.0,2412.0,18731.0,2023.0,Inactive,678000,2023-06-21T00:00:00.000Z,88,13.426904041847699
"1037-S-Hiawassee-Rd,-Apt-2821,-Orlando,-FL-32835","1037 S Hiawassee Rd, Apt 2821, Orlando, FL 32835",1037 S Hiawassee Rd,Apt 2821,Orlando,FL,32835,Orange,28.529906,-81.471522,condo,2.0,2.0,934.0,8637.0,1989.0,Inactive,225000,2023-07-14T00:00:00.000Z,65,12.323860125621126
"1224-S-Hiawassee-Rd,-Apt-610,-Orlando,-FL-32835","1224 S Hiawassee Rd, Apt 610, Orlando, FL 32835",1224 S Hiawassee Rd,Apt 610,Orlando,FL,32835,Orange,28.523543,-81.473035,condo,3.0,2.0,1206.0,15682.0,1998.0,Inactive,252900,2023-08-16T00:00:00.000Z,30,12.440753386782307
"7600-Mount-Carmel-Dr,-Orlando,-FL-32835","7600 Mount Carmel Dr, Orlando, FL 32835",7600 Mount Carmel Dr,,Orlando,FL,32835,Orange,28.520835,-81.495625,single_family,4.0,3.0,2331.0,9488.0,1994.0,Inactive,715000,2023-08-24T00:00:00.000Z,22,13.480039220276565
"7135-Yacht-Basin-Ave,-Apt-226,-Orlando,-FL-32835","7135 Yacht Basin Ave, Apt 226, Orlando, FL 32835",7135 Yacht Basin Ave,Apt 226,Orlando,FL,32835,Orange,28.512783,-81.484826,condo,3.0,2.0,1408.0,16553.0,1997.0,Inactive,265000,2023-08-04T00:00:00.000Z,41,12.487488878546145
"30-N-Lancelot-Ave,-Orlando,-FL-32835","30 N Lancelot Ave, Orlando, FL 32835",30 N Lancelot Ave,,Orlando,FL,32835,Orange,28.542399,-81.47149,single_family,2.0,1.0,1039.0,13939.0,1962.0,Inactive,297000,2023-08-27T00:00:00.000Z,18,12.601490784782536
"2600-Robert-Trent-Jones-Dr,-Apt-916,-Orlando,-FL-32835","2600 Robert Trent Jones Dr, Apt 916, Orlando, FL 32835",2600 Robert Trent Jones Dr,Apt 916,Orlando,FL,32835,Orange,28.513755,-81.472854,condo,2.0,2.0,1150.0,10890.0,1995.0,Inactive,215000,2023-08-31T00:00:00.000Z,13,12.278397958261774
"1023-S-Hiawassee-Rd,-Apt-4014,-Orlando,-FL-32835","1023 S Hiawassee Rd, Apt 4014, Orlando, FL 32835",1023 S Hiawassee Rd,Apt 4014,Orlando,FL,32835,Orange,28.528533,-81.473945,condo,1.0,1.0,627.0,7485.0,1989.0,Inactive,165900,2023-07-29T00:00:00.000Z,45,12.019146503887916
"6637-Cristina-Marie-Dr,-Orlando,-FL-32835","6637 Cristina Marie Dr, Orlando, FL 32835",6637 Cristina Marie Dr,,Orlando,FL,32835,Orange,28.5251,-81.476162,single_family,4.0,3.0,2575.0,17860.0,1989.0,Inactive,710000,2023-09-01T00:00:00.000Z,10,13.47302165746721
"3396-Parkchester-Square-Blvd,-Apt-204,-Orlando,-FL-32835","3396 Parkchester Square Blvd, Apt 204, Orlando, FL 32835",3396 Parkchester Square Blvd,Apt 204,Orlando,FL,32835,Orange,28.507804,-81.471303,condo,2.0,2.0,1256.0,5647.0,2000.0,Inactive,239000,2023-09-09T00:00:00.000Z,2,12.384223015005313
"2648-Robert-Trent-Jones-Dr,-Apt-227,-Orlando,-FL-32835","2648 Robert Trent Jones Dr, Apt 227, Orlando, FL 32835",2648 Robert Trent Jones Dr,Apt 227,Orlando,FL,32835,Orange,28.514265,-81.471206,condo,3.0,2.0,1295.0,11326.0,1995.0,Inactive,259500,2022-11-09T00:00:00.000Z,305,12.466515835145202
"943-Almond-Tree-Cir,-Orlando,-FL-32835","943 Almond Tree Cir, Orlando, FL 32835",943 Almond Tree Cir,,Orlando,FL,32835,Orange,28.527691,-81.50849,single_family,4.0,2.5,2296.0,14810.0,1989.0,Inactive,584000,2023-08-03T00:00:00.000Z,37,13.277657974137664
"1037-S-Hiawassee-Rd,-Apt-2823,-Orlando,-FL-32835","1037 S Hiawassee Rd, Apt 2823, Orlando, FL 32835",1037 S Hiawassee Rd,Apt 2823,Orlando,FL,32835,Orange,28.529906,-81.471522,condo,1.0,1.0,673.0,8637.0,1989.0,Inactive,149900,2023-08-15T00:00:00.000Z,25,11.917730355182513
"122-N-Normandale-Ave,-Orlando,-FL-32835","122 N Normandale Ave, Orlando, FL 32835",122 N Normandale Ave,,Orlando,FL,32835,Orange,28.543698,-81.460642,single_family,3.0,2.0,1320.0,7003.0,2023.0,Inactive,340000,2023-04-06T00:00:00.000Z,155,12.73670383776449
"6300-Raleigh-St,-Apt-101,-Orlando,-FL-32835","6300 Raleigh St, Apt 101, Orlando, FL 32835",6300 Raleigh St,Apt 101,Orlando,FL,32835,Orange,28.527491,-81.467788,condo,1.0,1.0,794.0,5926.0,1997.0,Inactive,219900,2023-06-23T00:00:00.000Z,77,12.300932724054114
"6100-Stevenson-Dr,-Unit-307,-Orlando,-FL-32835","6100 Stevenson Dr, Unit 307, Orlando, FL 32835",6100 Stevenson Dr,Unit 307,Orlando,FL,32835,Orange,28.508575,-81.464783,condo,2.0,2.0,1050.0,15246.0,2003.0,Inactive,227500,2023-07-20T00:00:00.000Z,50,12.334909912967877
"5961-Westgate-Dr,-Apt-2017,-Orlando,-FL-32835","5961 Westgate Dr, Apt 2017, Orlando, FL 32835",5961 Westgate Dr,Apt 2017,Orlando,FL,32835,Orange,28.532841,-81.464348,condo,2.0,2.0,1077.0,8369.0,1999.0,Inactive,235000,2023-08-12T00:00:00.000Z,27,12.367345048436391
"1224-S-Hiawassee-Rd,-Apt-629,-Orlando,-FL-32835","1224 S Hiawassee Rd, Apt 629, Orlando, FL 32835",1224 S Hiawassee Rd,Apt 629,Orlando,FL,32835,Orange,28.523543,-81.473035,condo,3.0,2.0,1206.0,1557.0,1998.0,Inactive,250000,2023-07-11T00:00:00.000Z,58,12.429220196836383
"6124-Westgate-Dr,-Apt-103,-Orlando,-FL-32835","6124 Westgate Dr, Apt 103, Orlando, FL 32835",6124 Westgate Dr,Apt 103,Orlando,FL,32835,Orange,28.53178,-81.466024,condo,2.0,2.0,943.0,5936.0,1988.0,Inactive,199900,2023-08-11T00:00:00.000Z,27,12.20557752297723
"2572-Robert-Trent-Jones-Dr,-Apt-1210,-Orlando,-FL-32835","2572 Robert Trent Jones Dr, Apt 1210, Orlando, FL 32835",2572 Robert Trent Jones Dr,Apt 1210,Orlando,FL,32835,Orange,28.515236,-81.472972,condo,2.0,2.0,1014.0,9178.0,1995.0,Inactive,195000,2023-08-18T00:00:00.000Z,18,12.180759965737863
"6402-Cava-Alta-Dr,-Unit-403,-Orlando,-FL-32835","6402 Cava Alta Dr, Unit 403, Orlando, FL 32835",6402 Cava Alta Dr,Unit 403,Orlando,FL,32835,Orange,28.514796,-81.467917,condo,3.0,2.0,1247.0,1291.0,2005.0,Inactive,259900,2023-05-01T00:00:00.000Z,126,12.468056068255885
"356-S-Observatory-Dr,-Orlando,-FL-32835","356 S Observatory Dr, Orlando, FL 32835",356 S Observatory Dr,,Orlando,FL,32835,Orange,28.536397,-81.46838,single_family,3.0,1.0,896.0,7005.0,1980.0,Inactive,199000,2023-06-30T00:00:00.000Z,66,12.201065128819632
"2015-Whitfield-Ln,-Orlando,-FL-32835","2015 Whitfield Ln, Orlando, FL 32835",2015 Whitfield Ln,,Orlando,FL,32835,Orange,28.511115,-81.505258,single_family,4.0,3.0,2985.0,23522.0,1990.0,Inactive,799000,2023-09-01T00:00:00.000Z,3,13.591117476312084
"6084-Stevenson-Dr,-Unit-205,-Orlando,-FL-32835","6084 Stevenson Dr, Unit 205, Orlando, FL 32835",6084 Stevenson Dr,Unit 205,Orlando,FL,32835,Orange,28.508904,-81.464166,condo,3.0,2.0,1408.0,15246.0,2003.0,Inactive,265000,2023-03-28T00:00:00.000Z,158,12.487488878546145
"1083-S-S-Hiawassee-Rd,-Apt-621,-Orlando,-FL-32835","1083 S S Hiawassee Rd, Apt 621, Orlando, FL 32835",1083 S S Hiawassee Rd,Apt 621,Orlando,FL,32835,Orange,28.528113,-81.472196,condo,2.0,2.0,1042.0,8756.0,1989.0,Inactive,229000,2023-05-12T00:00:00.000Z,113,12.34148164933907
"323-Dempsey-Way,-Orlando,-FL-32835","323 Dempsey Way, Orlando, FL 32835",323 Dempsey Way,,Orlando,FL,32835,Orange,28.537562,-81.494594,single_family,3.0,2.0,1480.0,10019.0,1987.0,Inactive,389500,2023-06-12T00:00:00.000Z,82,12.87262171168374
"6462-Daysbrook-Dr,-Unit-108,-Orlando,-FL-32835","6462 Daysbrook Dr, Unit 108, Orlando, FL 32835",6462 Daysbrook Dr,Unit 108,Orlando,FL,32835,Orange,28.505448,-81.469613,condo,3.0,2.5,1665.0,971.0,2004.0,Inactive,369000,2023-08-09T00:00:00.000Z,24,12.818554633046093
"6105-Twain-St,-Unit-107,-Orlando,-FL-32835","6105 Twain St, Unit 107, Orlando, FL 32835",6105 Twain St,Unit 107,Orlando,FL,32835,Orange,28.509968,-81.465246,condo,3.0,2.5,1682.0,1025.0,2003.0,Inactive,349000,2023-07-13T00:00:00.000Z,49,12.762830066509972
"6476-Piccadilly-Ln,-Orlando,-FL-32835","6476 Piccadilly Ln, Orlando, FL 32835",6476 Piccadilly Ln,,Orlando,FL,32835,Orange,28.530703,-81.472467,single_family,3.0,2.0,1548.0,8454.0,1989.0,Inactive,349950,2023-08-24T00:00:00.000Z,7,12.765548423664681
"1083-S-Hiawassee-Rd,-Apt-621,-Orlando,-FL-32835","1083 S Hiawassee Rd, Apt 621, Orlando, FL 32835",1083 S Hiawassee Rd,Apt 621,Orlando,FL,32835,Orange,28.528113,-81.472196,condo,2.0,2.0,1042.0,8756.0,1989.0,Inactive,229000,2023-05-12T00:00:00.000Z,110,12.34148164933907
"6312-Buford-St,-Apt-204,-Orlando,-FL-32835","6312 Buford St, Apt 204, Orlando, FL 32835",6312 Buford St,Apt 204,Orlando,FL,32835,Orange,28.505589,-81.466656,condo,3.0,2.0,1775.0,20473.0,2005.0,Inactive,385000,2023-07-31T00:00:00.000Z,29,12.861001210669146
"7135-Yacht-Basin-Ave,---2,-Orlando,-FL-32835","7135 Yacht Basin Ave, # 2, Orlando, FL 32835",7135 Yacht Basin Ave,# 2,Orlando,FL,32835,Orange,28.512783,-81.484826,condo,3.0,2.0,1408.0,16553.0,1997.0,Inactive,265000,2023-08-04T00:00:00.000Z,25,12.487488878546145
"6593-Queens-Borough-Ave,-Apt-102,-Orlando,-FL-32835","6593 Queens Borough Ave, Apt 102, Orlando, FL 32835",6593 Queens Borough Ave,Apt 102,Orlando,FL,32835,Orange,28.50925,-81.473086,condo,3.0,2.0,1410.0,6244.0,2000.0,Inactive,299000,2023-08-19T00:00:00.000Z,10,12.608202196848836
"6465-Cantua-Ln,-Unit-109,-Orlando,-FL-32835","6465 Cantua Ln, Unit 109, Orlando, FL 32835",6465 Cantua Ln,Unit 109,Orlando,FL,32835,Orange,28.514604,-81.469917,condo,2.0,2.0,1536.0,1026.0,2005.0,Inactive,350000,2023-01-28T00:00:00.000Z,212,12.765691290604371
"6348-Raleigh-St,-Apt-1304,-Orlando,-FL-32835","6348 Raleigh St, Apt 1304, Orlando, FL 32835",6348 Raleigh St,Apt 1304,Orlando,FL,32835,Orange,28.526295,-81.468898,condo,2.0,2.0,1051.0,5832.0,1997.0,Inactive,209777,2023-08-16T00:00:00.000Z,12,12.253805107672836
"248-Alston-Dr,-Orlando,-FL-32835","248 Alston Dr, Orlando, FL 32835",248 Alston Dr,,Orlando,FL,32835,Orange,28.545046,-81.482259,multi-family,3.0,2.5,1303.0,5542.0,1988.0,Inactive,279900,2023-08-24T00:00:00.000Z,3,12.5421912482017
"6131-Metrowest-Blvd,-Unit-112,-Orlando,-FL-32835","6131 Metrowest Blvd, Unit 112, Orlando, FL 32835",6131 Metrowest Blvd,Unit 112,Orlando,FL,32835,Orange,28.517149,-81.464137,condo,1.0,1.0,1072.0,8756.0,2004.0,Inactive,218000,2023-06-12T00:00:00.000Z,75,12.292254928916668
"3274-Villa-Strada-Way,-Orlando,-FL-32835","3274 Villa Strada Way, Orlando, FL 32835",3274 Villa Strada Way,,Orlando,FL,32835,Orange,28.510401,-81.460739,townhouse,3.0,2.5,1591.0,1882.0,2006.0,Inactive,340000,2023-08-05T00:00:00.000Z,20,12.73670383776449
"4575-Conroy-Club-Dr,-Orlando,-FL-32835","4575 Conroy Club Dr, Orlando, FL 32835",4575 Conroy Club Dr,,Orlando,FL,32835,Orange,28.496605,-81.474579,single_family,3.0,2.0,1388.0,5756.0,2002.0,Inactive,490000,2023-08-17T00:00:00.000Z,7,13.102162710901053
"6010-Westgate-Dr,-Apt-104,-Orlando,-FL-32835","6010 Westgate Dr, Apt 104, Orlando, FL 32835",6010 Westgate Dr,Apt 104,Orlando,FL,32835,Orange,28.53065,-81.465391,condo,2.0,2.0,991.0,8756.0,1988.0,Inactive,223900,2023-08-17T00:00:00.000Z,7,12.318959268856462
"6172-Westgate-Dr,-Apt-301,-Orlando,-FL-32835","6172 Westgate Dr, Apt 301, Orlando, FL 32835",6172 Westgate Dr,Apt 301,Orlando,FL,32835,Orange,28.530625,-81.46731,condo,2.0,2.0,1422.0,5936.0,1988.0,Inactive,190000,2023-08-11T00:00:00.000Z,12,12.154784614286667
"8443-Island-Palm-Cir,-Orlando,-FL-32835","8443 Island Palm Cir, Orlando, FL 32835",8443 Island Palm Cir,,Orlando,FL,32835,Orange,28.523898,-81.500829,single_family,4.0,2.5,2225.0,10890.0,1990.0,Inactive,590000,2023-08-15T00:00:00.000Z,8,13.28787951079572
"3315-Parkchester-Square-Blvd,-Apt-108,-Orlando,-FL-32835","3315 Parkchester Square Blvd, Apt 108, Orlando, FL 32835",3315 Parkchester Square Blvd,Apt 108,Orlando,FL,32835,Orange,28.508601,-81.471444,condo,2.0,2.0,1107.0,11761.0,2000.0,Inactive,224900,2023-05-04T00:00:00.000Z,110,12.323415584358154
"1027-S-Hiawassee-Rd,-Apt-2321,-Orlando,-FL-32835","1027 S Hiawassee Rd, Apt 2321, Orlando, FL 32835",1027 S Hiawassee Rd,Apt 2321,Orlando,FL,32835,Orange,28.528801,-81.473225,condo,2.0,2.0,836.0,3610.0,1989.0,Inactive,215000,2023-05-17T00:00:00.000Z,97,12.278397958261774
"7118-Hiawassee-Overlook-Dr,-Orlando,-FL-32835","7118 Hiawassee Overlook Dr, Orlando, FL 32835",7118 Hiawassee Overlook Dr,,Orlando,FL,32835,Orange,28.533402,-81.478216,single_family,4.0,2.0,2239.0,8051.0,2000.0,Inactive,475000,2023-06-08T00:00:00.000Z,75,13.07107218827772
"6413-Astor-Village-Ave,-Apt-205,-Orlando,-FL-32835","6413 Astor Village Ave, Apt 205, Orlando, FL 32835",6413 Astor Village Ave,Apt 205,Orlando,FL,32835,Orange,28.508921,-81.470718,condo,2.0,2.0,1233.0,8756.0,2001.0,Inactive,210000,2023-07-24T00:00:00.000Z,29,12.25486757159303
"7922-Westminster-Abbey-Blvd,-Orlando,-FL-32835","7922 Westminster Abbey Blvd, Orlando, FL 32835",7922 Westminster Abbey Blvd,,Orlando,FL,32835,Orange,28.507519,-81.499479,single_family,5.0,4.0,3163.0,13068.0,1998.0,Inactive,960000,2023-08-10T00:00:00.000Z,12,13.774689605110144
"1017-S-Hiawassee-Rd,-Apt-3715,-Orlando,-FL-32835","1017 S Hiawassee Rd, Apt 3715, Orlando, FL 32835",1017 S Hiawassee Rd,Apt 3715,Orlando,FL,32835,Orange,28.529432,-81.474107,condo,1.0,1.0,673.0,7883.0,1989.0,Inactive,157000,2023-03-20T00:00:00.000Z,154,11.964007453736912
"6129-Metrowest-Blvd,-Unit-101,-Orlando,-FL-32835","6129 Metrowest Blvd, Unit 101, Orlando, FL 32835",6129 Metrowest Blvd,Unit 101,Orlando,FL,32835,Orange,28.517195,-81.46391,townhouse,4.0,3.0,1868.0,737.0,2004.0,Inactive,350000,2023-08-15T00:00:00.000Z,6,12.765691290604371
"3235-King-George-Dr,-Orlando,-FL-32835","3235 King George Dr, Orlando, FL 32835",3235 King George Dr,,Orlando,FL,32835,Orange,28.506153,-81.507641,single_family,4.0,4.0,3738.0,14810.0,2002.0,Inactive,949900,2023-08-17T00:00:00.000Z,4,13.764113047620114
"6142-Buford-St,-Orlando,-FL-32835","6142 Buford St, Orlando, FL 32835",6142 Buford St,,Orlando,FL,32835,Orange,28.506435,-81.464486,single_family,4.0,2.0,1959.0,7651.0,2004.0,Inactive,480000,2023-08-06T00:00:00.000Z,12,13.081543466215237
"431-N-Observatory-Dr,-Orlando,-FL-32835","431 N Observatory Dr, Orlando, FL 32835",431 N Observatory Dr,,Orlando,FL,32835,Orange,28.548141,-81.468198,single_family,3.0,1.0,1167.0,6427.0,1959.0,Inactive,269900,2023-08-01T00:00:00.000Z,16,12.505810504075185
"1051-S-Hiawassee-Rd,-Apt-2115,-Orlando,-FL-32835","1051 S Hiawassee Rd, Apt 2115, Orlando, FL 32835",1051 S Hiawassee Rd,Apt 2115,Orlando,FL,32835,Orange,28.528211,-81.473405,condo,1.0,1.0,627.0,7401.0,1989.0,Inactive,159900,2023-08-03T00:00:00.000Z,14,11.982310152711182
"6142-Westgate-Dr,-Apt-203,-Orlando,-FL-32835","6142 Westgate Dr, Apt 203, Orlando, FL 32835",6142 Westgate Dr,Apt 203,Orlando,FL,32835,Orange,28.531,-81.46586,condo,2.0,2.0,943.0,5936.0,1988.0,Inactive,209900,2023-08-09T00:00:00.000Z,8,12.254391269970792
"3384-Corona-Village-Way,-Apt-203,-Orlando,-FL-32835","3384 Corona Village Way, Apt 203, Orlando, FL 32835",3384 Corona Village Way,Apt 203,Orlando,FL,32835,Orange,28.507618,-81.474903,condo,2.0,2.0,1233.0,12197.0,2000.0,Inactive,238000,2023-08-13T00:00:00.000Z,4,12.380030154325457
"6663-Queens-Borough-Ave,-Apt-305,-Orlando,-FL-32835","6663 Queens Borough Ave, Apt 305, Orlando, FL 32835",6663 Queens Borough Ave,Apt 305,Orlando,FL,32835,Orange,28.50892,-81.474217,condo,1.0,1.0,945.0,11326.0,2000.0,Inactive,194900,2023-08-14T00:00:00.000Z,3,12.180247016318816
"1339-Cornerstone-Ct,-Orlando,-FL-32835","1339 Cornerstone Ct, Orlando, FL 32835",1339 Cornerstone Ct,,Orlando,FL,32835,Orange,28.524676,-81.489775,single_family,4.0,2.0,1971.0,10454.0,1988.0,Inactive,549000,2023-06-25T00:00:00.000Z,52,13.215855541983634
"2226-Stillington-St,-Orlando,-FL-32835","2226 Stillington St, Orlando, FL 32835",2226 Stillington St,,Orlando,FL,32835,Orange,28.508398,-81.493763,single_family,4.0,3.0,3169.0,11761.0,2001.0,Inactive,869000,2023-07-21T00:00:00.000Z,26,13.675099554994853
"6059-Westgate-Dr,-Apt-413,-Orlando,-FL-32835","6059 Westgate Dr, Apt 413, Orlando, FL 32835",6059 Westgate Dr,Apt 413,Orlando,FL,32835,Orange,28.533773,-81.466227,condo,1.0,1.0,713.0,3649.0,1999.0,Inactive,194900,2023-08-09T00:00:00.000Z,7,12.180247016318816
"6171-Metrowest-Blvd,-Unit-105,-Orlando,-FL-32835","6171 Metrowest Blvd, Unit 105, Orlando, FL 32835",6171 Metrowest Blvd,Unit 105,Orlando,FL,32835,Orange,28.516304,-81.466631,condo,1.0,1.0,731.0,6113.0,2004.0,Inactive,173000,2023-08-09T00:00:00.000Z,6,12.06105265381003
"7607-Kings-Passage-Ave,-Orlando,-FL-32835","7607 Kings Passage Ave, Orlando, FL 32835",7607 Kings Passage Ave,,Orlando,FL,32835,Orange,28.506679,-81.492281,single_family,4.0,3.0,2544.0,13068.0,2000.0,Inactive,749900,2023-08-10T00:00:00.000Z,4,13.527696476799726
"245-Red-Rose-Cir,-Orlando,-FL-32835","245 Red Rose Cir, Orlando, FL 32835",245 Red Rose Cir,,Orlando,FL,32835,Orange,28.537954,-81.500417,single_family,3.0,2.0,1311.0,11326.0,1987.0,Inactive,380000,2023-08-10T00:00:00.000Z,4,12.847929163278053
"6685-Queens-Borough-Ave,-Apt-306,-Orlando,-FL-32835","6685 Queens Borough Ave, Apt 306, Orlando, FL 32835",6685 Queens Borough Ave,Apt 306,Orlando,FL,32835,Orange,28.508914,-81.474842,condo,2.0,1.0,1035.0,11326.0,2000.0,Inactive,189000,2023-04-28T00:00:00.000Z,107,12.149507585033072
"7329-Branchtree-Dr,-Orlando,-FL-32835","7329 Branchtree Dr, Orlando, FL 32835",7329 Branchtree Dr,,Orlando,FL,32835,Orange,28.499593,-81.48279,single_family,4.0,3.0,2458.0,23087.0,1984.0,Inactive,659000,2023-07-26T00:00:00.000Z,17,13.398480330934175
"6200-W-Ridgewood-Ave,-Orlando,-FL-32835","6200 W Ridgewood Ave, Orlando, FL 32835",6200 W Ridgewood Ave,,Orlando,FL,32835,Orange,28.545446,-81.466375,single_family,4.0,2.0,1188.0,6493.0,1960.0,Inactive,350000,2023-06-26T00:00:00.000Z,46,12.765691290604371
"1901-Chathamoor-Dr,-Orlando,-FL-32835","1901 Chathamoor Dr, Orlando, FL 32835",1901 Chathamoor Dr,,Orlando,FL,32835,Orange,28.522084,-81.50408,single_family,3.0,2.0,1965.0,7643.0,1994.0,Inactive,459000,2023-05-31T00:00:00.000Z,71,13.036807667689546
"7350-Westpointe-Blvd,-Apt-215,-Orlando,-FL-32835","7350 Westpointe Blvd, Apt 215, Orlando, FL 32835",7350 Westpointe Blvd,Apt 215,Orlando,FL,32835,Orange,28.5164,-81.489023,condo,1.0,1.0,842.0,6033.0,1994.0,Inactive,215000,2023-07-03T00:00:00.000Z,38,12.278397958261774
"3383-Westchester-Square-Blvd,-Apt-101,-Orlando,-FL-32835","3383 Westchester Square Blvd, Apt 101, Orlando, FL 32835",3383 Westchester Square Blvd,Apt 101,Orlando,FL,32835,Orange,28.507426,-81.472527,condo,1.0,1.0,885.0,5637.0,2000.0,Inactive,178000,2023-08-06T00:00:00.000Z,4,12.08954444723597
"6519-Grosvenor-Ln,-Orlando,-FL-32835","6519 Grosvenor Ln, Orlando, FL 32835",6519 Grosvenor Ln,,Orlando,FL,32835,Orange,28.532893,-81.472757,single_family,3.0,2.0,1497.0,6170.0,1989.0,Inactive,400000,2023-08-07T00:00:00.000Z,3,12.899222326086994
"6312-Buford-St,-Apt-706,-Orlando,-FL-32835","6312 Buford St, Apt 706, Orlando, FL 32835",6312 Buford St,Apt 706,Orlando,FL,32835,Orange,28.505589,-81.466656,condo,3.0,2.0,1775.0,20473.0,2005.0,Inactive,385000,2023-08-08T00:00:00.000Z,2,12.861001210669146
"3417-Westchester-Square-Blvd,-Apt-202,-Orlando,-FL-32835","3417 Westchester Square Blvd, Apt 202, Orlando, FL 32835",3417 Westchester Square Blvd,Apt 202,Orlando,FL,32835,Orange,28.507181,-81.472305,condo,1.0,1.0,1092.0,4997.0,2000.0,Inactive,195000,2023-07-21T00:00:00.000Z,19,12.180759965737863
"7638-Pacific-Heights-Cir,-Orlando,-FL-32835","7638 Pacific Heights Cir, Orlando, FL 32835",7638 Pacific Heights Cir,,Orlando,FL,32835,Orange,28.538111,-81.487242,single_family,3.0,2.0,1233.0,6702.0,1989.0,Inactive,350000,2023-07-31T00:00:00.000Z,9,12.765691290604371
"6412-Queens-Borough-Ave,-Apt-212,-Orlando,-FL-32835","6412 Queens Borough Ave, Apt 212, Orlando, FL 32835",6412 Queens Borough Ave,Apt 212,Orlando,FL,32835,Orange,28.509743,-81.471395,condo,3.0,2.0,1454.0,22873.0,2000.0,Inactive,253000,2023-06-29T00:00:00.000Z,40,12.441148720271016
"600-Saint-Edmunds-Ln,-Orlando,-FL-32835","600 Saint Edmunds Ln, Orlando, FL 32835",600 Saint Edmunds Ln,,Orlando,FL,32835,Orange,28.533348,-81.475349,single_family,3.0,2.0,1578.0,8834.0,1988.0,Inactive,415000,2023-08-04T00:00:00.000Z,3,12.936036208848487
"1442-Shelter-Rock-Rd,-Orlando,-FL-32835","1442 Shelter Rock Rd, Orlando, FL 32835",1442 Shelter Rock Rd,,Orlando,FL,32835,Orange,28.523175,-81.499592,single_family,4.0,3.0,2298.0,16117.0,1992.0,Inactive,699999,2023-08-02T00:00:00.000Z,4,13.458835614025542
"7698-Mount-Carmel-Dr,-Orlando,-FL-32835","7698 Mount Carmel Dr, Orlando, FL 32835",7698 Mount Carmel Dr,,Orlando,FL,32835,Orange,28.521169,-81.497343,single_family,4.0,3.0,2319.0,9429.0,1994.0,Inactive,670000,2023-08-03T00:00:00.000Z,3,13.415034483903348
"5908-Uona-Ave,-Orlando,-FL-32835","5908 Uona Ave, Orlando, FL 32835",5908 Uona Ave,,Orlando,FL,32835,Orange,28.535653,-81.461905,single_family,3.0,2.0,1855.0,7169.0,2021.0,Inactive,439000,2023-05-22T00:00:00.000Z,75,12.992256969959042
"3338-Robert-Trent-Jones-Dr,---40604,-Orlando,-FL-32835","3338 Robert Trent Jones Dr, # 40604, Orlando, FL 32835",3338 Robert Trent Jones Dr,# 40604,Orlando,FL,32835,Orange,28.505791,-81.471161,condo,3.0,2.5,1247.0,16117.0,2009.0,Inactive,249000,2023-07-30T00:00:00.000Z,6,12.425212191503038
"2865-Polana-St,-Unit-101,-Orlando,-FL-32835","2865 Polana St, Unit 101, Orlando, FL 32835",2865 Polana St,Unit 101,Orlando,FL,32835,Orange,28.512483,-81.466316,townhouse,3.0,2.5,1665.0,1178.0,2005.0,Inactive,325000,2023-07-31T00:00:00.000Z,5,12.691583538230217
"6405-Jansen-St,-Orlando,-FL-32835","6405 Jansen St, Orlando, FL 32835",6405 Jansen St,,Orlando,FL,32835,Orange,28.540428,-81.469438,single_family,3.0,2.0,1394.0,7001.0,1960.0,Inactive,319900,2023-05-18T00:00:00.000Z,78,12.675766851909591
"7554-Blue-Quail-Ln,-Orlando,-FL-32835","7554 Blue Quail Ln, Orlando, FL 32835",7554 Blue Quail Ln,,Orlando,FL,32835,Orange,28.514508,-81.507925,single_family,4.0,4.0,3481.0,11326.0,2017.0,Inactive,1350000,2023-07-05T00:00:00.000Z,30,14.115615891155079
"136-Grand-Junction-Blvd,-Orlando,-FL-32835","136 Grand Junction Blvd, Orlando, FL 32835",136 Grand Junction Blvd,,Orlando,FL,32835,Orange,28.543384,-81.472493,single_family,2.0,2.0,1053.0,6307.0,1987.0,Inactive,289900,2023-07-31T00:00:00.000Z,4,12.57729476436913
"229-N-Hudson-St,-Orlando,-FL-32835","229 N Hudson St, Orlando, FL 32835",229 N Hudson St,,Orlando,FL,32835,Orange,28.545556,-81.461078,single_family,3.0,2.0,939.0,6750.0,1958.0,Inactive,291000,2022-12-22T00:00:00.000Z,224,12.581081982573842
"6210-Twain-St,-Unit-106,-Orlando,-FL-32835","6210 Twain St, Unit 106, Orlando, FL 32835",6210 Twain St,Unit 106,Orlando,FL,32835,Orange,28.509435,-81.46606,condo,2.0,2.5,1546.0,1021.0,2003.0,Inactive,299900,2023-04-22T00:00:00.000Z,103,12.611207699176356
"1077-S-Hiawassee-Rd,-Apt-814,-Orlando,-FL-32835","1077 S Hiawassee Rd, Apt 814, Orlando, FL 32835",1077 S Hiawassee Rd,Apt 814,Orlando,FL,32835,Orange,28.528256,-81.471771,condo,2.0,2.0,829.0,3811.0,1989.0,Inactive,184900,2023-03-17T00:00:00.000Z,138,12.127575825689417
"8081-Saint-Andrews-Cir,-Orlando,-FL-32835","8081 Saint Andrews Cir, Orlando, FL 32835",8081 Saint Andrews Cir,,Orlando,FL,32835,Orange,28.518308,-81.502196,single_family,4.0,3.0,2135.0,10454.0,1996.0,Inactive,515000,2023-05-19T00:00:00.000Z,75,13.151924121391561
"100-N-John-St,-Orlando,-FL-32835","100 N John St, Orlando, FL 32835",100 N John St,,Orlando,FL,32835,Orange,28.542718,-81.462695,single_family,3.0,2.0,1252.0,7001.0,2001.0,Inactive,279900,2023-07-22T00:00:00.000Z,11,12.5421912482017
"3202-Parkchester-Square-Blvd,-Apt-103,-Orlando,-FL-32835","3202 Parkchester Square Blvd, Apt 103, Orlando, FL 32835",3202 Parkchester Square Blvd,Apt 103,Orlando,FL,32835,Orange,28.509043,-81.472419,condo,1.0,1.0,885.0,5615.0,2000.0,Inactive,200000,2023-01-28T00:00:00.000Z,185,12.206077645517674
"6312-Buford-St,-Apt-604,-Orlando,-FL-32835","6312 Buford St, Apt 604, Orlando, FL 32835",6312 Buford St,Apt 604,Orlando,FL,32835,Orange,28.505589,-81.466656,condo,3.0,2.0,1775.0,20473.0,2005.0,Inactive,318900,2023-02-17T00:00:00.000Z,165,12.672635988772473
"4300-Winnipeg-Ct,-Orlando,-FL-32835","4300 Winnipeg Ct, Orlando, FL 32835",4300 Winnipeg Ct,,Orlando,FL,32835,Orange,28.499546,-81.490764,single_family,4.0,2.0,2086.0,19166.0,1981.0,Inactive,668000,2023-06-23T00:00:00.000Z,39,13.41204494952365
"4119-Salmon-Dr,-Orlando,-FL-32835","4119 Salmon Dr, Orlando, FL 32835",4119 Salmon Dr,,Orlando,FL,32835,Orange,28.503954,-81.489206,single_family,3.0,2.0,2118.0,14375.0,1982.0,Inactive,534900,2023-07-19T00:00:00.000Z,13,13.189836962025913
"6232-Castelven-Dr,-Unit-105,-Orlando,-FL-32835","6232 Castelven Dr, Unit 105, Orlando, FL 32835",6232 Castelven Dr,Unit 105,Orlando,FL,32835,Orange,28.511787,-81.466189,townhouse,3.0,2.5,1682.0,978.0,2006.0,Inactive,337900,2023-06-19T00:00:00.000Z,41,12.730508232153463
"3050-Barrymore-Ct,-Orlando,-FL-32835","3050 Barrymore Ct, Orlando, FL 32835",3050 Barrymore Ct,,Orlando,FL,32835,Orange,28.508831,-81.489511,single_family,3.0,2.0,1628.0,8318.0,1989.0,Inactive,400000,2023-07-05T00:00:00.000Z,25,12.899222326086994
"6575-Time-Square-Ave,-Apt-102,-Orlando,-FL-32835","6575 Time Square Ave, Apt 102, Orlando, FL 32835",6575 Time Square Ave,Apt 102,Orlando,FL,32835,Orange,28.508594,-81.472485,condo,2.0,2.5,1548.0,3674.0,2000.0,Inactive,299900,2023-07-12T00:00:00.000Z,18,12.611207699176356
"3304-Westchester-Square-Blvd,-Apt-102,-Orlando,-FL-32835","3304 Westchester Square Blvd, Apt 102, Orlando, FL 32835",3304 Westchester Square Blvd,Apt 102,Orlando,FL,32835,Orange,28.508154,-81.47375,condo,2.0,2.0,1235.0,5987.0,2000.0,Inactive,255000,2023-07-18T00:00:00.000Z,12,12.449022745701502
"5998-Westgate-Dr,-Apt-304,-Orlando,-FL-32835","5998 Westgate Dr, Apt 304, Orlando, FL 32835",5998 Westgate Dr,Apt 304,Orlando,FL,32835,Orange,28.530618,-81.465071,condo,1.0,1.0,1184.0,5936.0,1988.0,Inactive,179900,2023-07-27T00:00:00.000Z,3,12.100161978566867
"1061-S-Hiawassee-Rd,-Apt-1712,-Orlando,-FL-32835","1061 S Hiawassee Rd, Apt 1712, Orlando, FL 32835",1061 S Hiawassee Rd,Apt 1712,Orlando,FL,32835,Orange,28.528991,-81.471977,condo,2.0,2.0,829.0,3969.0,1989.0,Inactive,189900,2023-05-02T00:00:00.000Z,88,12.15425816271595
"3209-Parkchester-Square-Blvd,-Apt-302,-Orlando,-FL-32835","3209 Parkchester Square Blvd, Apt 302, Orlando, FL 32835",3209 Parkchester Square Blvd,Apt 302,Orlando,FL,32835,Orange,28.509242,-81.471972,condo,2.0,2.0,1107.0,10454.0,2000.0,Inactive,225000,2023-06-30T00:00:00.000Z,29,12.323860125621126
"7109-Yacht-Basin-Ave,-Apt-424,-Orlando,-FL-32835","7109 Yacht Basin Ave, Apt 424, Orlando, FL 32835",7109 Yacht Basin Ave,Apt 424,Orlando,FL,32835,Orange,28.512537,-81.484102,condo,3.0,2.0,1408.0,16553.0,1997.0,Inactive,265000,2023-07-22T00:00:00.000Z,7,12.487488878546145
"3150-Stowe-St,-Unit-107,-Orlando,-FL-32835","3150 Stowe St, Unit 107, Orlando, FL 32835",3150 Stowe St,Unit 107,Orlando,FL,32835,Orange,28.510035,-81.466432,condo,3.0,2.5,1682.0,1020.0,2002.0,Inactive,335000,2022-07-18T00:00:00.000Z,374,12.721888795877375
"7109-Yacht-Basin-Ave,-Apt-437,-Orlando,-FL-32835","7109 Yacht Basin Ave, Apt 437, Orlando, FL 32835",7109 Yacht Basin Ave,Apt 437,Orlando,FL,32835,Orange,28.512537,-81.484102,condo,3.0,2.0,1206.0,16553.0,1997.0,Inactive,279900,2023-07-18T00:00:00.000Z,9,12.5421912482017
"6624-Time-Square-Ave,-Apt-102,-Orlando,-FL-32835","6624 Time Square Ave, Apt 102, Orlando, FL 32835",6624 Time Square Ave,Apt 102,Orlando,FL,32835,Orange,28.508143,-81.472672,condo,2.0,2.5,1548.0,3674.0,2000.0,Inactive,239900,2023-01-29T00:00:00.000Z,177,12.3879816172226
"5950-Westgate-Dr,-Apt-101,-Orlando,-FL-32835","5950 Westgate Dr, Apt 101, Orlando, FL 32835",5950 Westgate Dr,Apt 101,Orlando,FL,32835,Orange,28.531811,-81.463969,condo,2.0,1.0,872.0,5306.0,1988.0,Inactive,189990,2023-07-21T00:00:00.000Z,4,12.154731981599651
"6342-Daysbrook-Dr,-Unit-103,-Orlando,-FL-32835","6342 Daysbrook Dr, Unit 103, Orlando, FL 32835",6342 Daysbrook Dr,Unit 103,Orlando,FL,32835,Orange,28.505426,-81.468435,townhouse,2.0,2.5,1546.0,975.0,2005.0,Inactive,335000,2023-04-20T00:00:00.000Z,94,12.721888795877375
"2572-Robert-Trent-Jones-Dr,-Apt-1237,-Orlando,-FL-32835","2572 Robert Trent Jones Dr, Apt 1237, Orlando, FL 32835",2572 Robert Trent Jones Dr,Apt 1237,Orlando,FL,32835,Orange,28.515236,-81.472972,condo,2.0,2.0,1014.0,9178.0,1995.0,Inactive,205000,2023-05-28T00:00:00.000Z,55,12.230770136157428
"224-Sonoma-Valley-Cir,-Orlando,-FL-32835","224 Sonoma Valley Cir, Orlando, FL 32835",224 Sonoma Valley Cir,,Orlando,FL,32835,Orange,28.538535,-81.484675,single_family,3.0,2.0,1242.0,11326.0,1989.0,Inactive,399900,2023-07-10T00:00:00.000Z,11,12.89897229545694
"7109-Yacht-Basin-Ave,---4,-Orlando,-FL-32835","7109 Yacht Basin Ave, # 4, Orlando, FL 32835",7109 Yacht Basin Ave,# 4,Orlando,FL,32835,Orange,28.512537,-81.484102,condo,3.0,2.0,1206.0,16553.0,1997.0,Inactive,279900,2023-07-18T00:00:00.000Z,3,12.5421912482017
"2122-Kettle-Dr,-Orlando,-FL-32835","2122 Kettle Dr, Orlando, FL 32835",2122 Kettle Dr,,Orlando,FL,32835,Orange,28.518072,-81.496207,single_family,4.0,3.0,2412.0,11761.0,2023.0,Inactive,780000,2023-05-23T00:00:00.000Z,58,13.567050480716235
"7280-Westpointe-Blvd,-Apt-811,-Orlando,-FL-32835","7280 Westpointe Blvd, Apt 811, Orlando, FL 32835",7280 Westpointe Blvd,Apt 811,Orlando,FL,32835,Orange,28.516093,-81.489208,condo,2.0,2.0,1080.0,1080.0,1994.0,Inactive,208000,2023-07-05T00:00:00.000Z,15,12.245298166364206
"1224-S-Hiawassee-Rd,-Apt-634,-Orlando,-FL-32835","1224 S Hiawassee Rd, Apt 634, Orlando, FL 32835",1224 S Hiawassee Rd,Apt 634,Orlando,FL,32835,Orange,28.523543,-81.473035,condo,3.0,2.0,1408.0,15682.0,1998.0,Inactive,265000,2023-07-06T00:00:00.000Z,14,12.487488878546145
"3332-Robert-Trent-Jones-Dr,---20903,-Orlando,-FL-32835","3332 Robert Trent Jones Dr, # 20903, Orlando, FL 32835",3332 Robert Trent Jones Dr,# 20903,Orlando,FL,32835,Orange,28.505906,-81.470596,condo,3.0,2.0,1447.0,16117.0,2006.0,Inactive,285000,2023-07-07T00:00:00.000Z,13,12.560247968016562
"5992-Westgate-Dr,-Apt-304,-Orlando,-FL-32835","5992 Westgate Dr, Apt 304, Orlando, FL 32835",5992 Westgate Dr,Apt 304,Orlando,FL,32835,Orange,28.531077,-81.464301,condo,1.0,1.0,1184.0,4445.0,1988.0,Inactive,184900,2023-06-13T00:00:00.000Z,36,12.127575825689417
"8213-Wellsmere-Cir,-Orlando,-FL-32835","8213 Wellsmere Cir, Orlando, FL 32835",8213 Wellsmere Cir,,Orlando,FL,32835,Orange,28.537205,-81.49582,single_family,3.0,2.0,1364.0,9977.0,1988.0,Inactive,405000,2023-06-21T00:00:00.000Z,28,12.91164481522143
"6413-Astor-Village-Ave,-Apt-102,-Orlando,-FL-32835","6413 Astor Village Ave, Apt 102, Orlando, FL 32835",6413 Astor Village Ave,Apt 102,Orlando,FL,32835,Orange,28.508921,-81.470718,condo,3.0,2.0,1260.0,1260.0,2000.0,Inactive,249000,2023-07-14T00:00:00.000Z,5,12.425212191503038
"5923-Strada-Capri-Way,-Orlando,-FL-32835","5923 Strada Capri Way, Orlando, FL 32835",5923 Strada Capri Way,,Orlando,FL,32835,Orange,28.511773,-81.461856,townhouse,3.0,2.5,1606.0,1969.0,2005.0,Inactive,335000,2023-04-14T00:00:00.000Z,95,12.721888795877375
"7240-Westpointe-Blvd,-Apt-1114,-Orlando,-FL-32835","7240 Westpointe Blvd, Apt 1114, Orlando, FL 32835",7240 Westpointe Blvd,Apt 1114,Orlando,FL,32835,Orange,28.517271,-81.487546,condo,2.0,1.0,1021.0,8756.0,1994.0,Inactive,224900,2023-05-30T00:00:00.000Z,48,12.323415584358154
"5959-Westgate-Dr,-Apt-1521,-Orlando,-FL-32835","5959 Westgate Dr, Apt 1521, Orlando, FL 32835",5959 Westgate Dr,Apt 1521,Orlando,FL,32835,Orange,28.533216,-81.463711,condo,2.0,2.0,1344.0,8756.0,1999.0,Inactive,204000,2023-06-01T00:00:00.000Z,44,12.225880174775122
"6112-Westgate-Dr,-Apt-201,-Orlando,-FL-32835","6112 Westgate Dr, Apt 201, Orlando, FL 32835",6112 Westgate Dr,Apt 201,Orlando,FL,32835,Orange,28.531769,-81.467266,condo,1.0,1.0,1228.0,4445.0,1988.0,Inactive,185995,2023-06-04T00:00:00.000Z,41,12.13348044708775
"3344-Corona-Village-Way,-Apt-102,-Orlando,-FL-32835","3344 Corona Village Way, Apt 102, Orlando, FL 32835",3344 Corona Village Way,Apt 102,Orlando,FL,32835,Orange,28.507904,-81.475451,condo,3.0,2.0,1260.0,11761.0,2000.0,Inactive,260000,2023-06-27T00:00:00.000Z,18,12.468440756144114
"6258-Castelven-Dr,-Unit-101,-Orlando,-FL-32835","6258 Castelven Dr, Unit 101, Orlando, FL 32835",6258 Castelven Dr,Unit 101,Orlando,FL,32835,Orange,28.511848,-81.466487,townhouse,3.0,2.5,1665.0,1023.0,2005.0,Inactive,350000,2023-07-06T00:00:00.000Z,9,12.765691290604371
"1041-S-Hiawassee-Rd,-Apt-3021,-Orlando,-FL-32835","1041 S Hiawassee Rd, Apt 3021, Orlando, FL 32835",1041 S Hiawassee Rd,Apt 3021,Orlando,FL,32835,Orange,28.52991,-81.472313,condo,2.0,2.0,836.0,3781.0,1989.0,Inactive,189000,2023-07-09T00:00:00.000Z,6,12.149507585033072
"2558-Robert-Trent-Jones-Dr,-Apt-1430,-Orlando,-FL-32835","2558 Robert Trent Jones Dr, Apt 1430, Orlando, FL 32835",2558 Robert Trent Jones Dr,Apt 1430,Orlando,FL,32835,Orange,28.516301,-81.472869,condo,2.0,2.0,1150.0,8756.0,1995.0,Inactive,215000,2023-02-24T00:00:00.000Z,140,12.278397958261774
"323-Ashbourne-Dr,-Orlando,-FL-32835","323 Ashbourne Dr, Orlando, FL 32835",323 Ashbourne Dr,,Orlando,FL,32835,Orange,28.544605,-81.48878,single_family,3.0,2.0,1132.0,9935.0,1987.0,Inactive,330000,2023-07-05T00:00:00.000Z,9,12.706850963741102
"6550-Time-Square-Ave,-Apt-102,-Orlando,-FL-32835","6550 Time Square Ave, Apt 102, Orlando, FL 32835",6550 Time Square Ave,Apt 102,Orlando,FL,32835,Orange,28.508581,-81.471991,condo,2.0,2.5,1548.0,3674.0,2000.0,Inactive,300000,2023-05-07T00:00:00.000Z,67,12.611541086966115
"6301-Daysbrook-Dr,-Unit-102,-Orlando,-FL-32835","6301 Daysbrook Dr, Unit 102, Orlando, FL 32835",6301 Daysbrook Dr,Unit 102,Orlando,FL,32835,Orange,28.505622,-81.468848,townhouse,3.0,2.5,1682.0,981.0,2005.0,Inactive,389000,2023-06-20T00:00:00.000Z,23,12.871337193291367
"6627-Queens-Borough-Ave,-Apt-102,-Orlando,-FL-32835","6627 Queens Borough Ave, Apt 102, Orlando, FL 32835",6627 Queens Borough Ave,Apt 102,Orlando,FL,32835,Orange,28.508927,-81.473582,condo,4.0,2.0,1489.0,11326.0,2000.0,Inactive,299900,2023-03-18T00:00:00.000Z,115,12.611207699176356
"2528-Robert-Trent-Jones-Dr,-Apt-1626,-Orlando,-FL-32835","2528 Robert Trent Jones Dr, Apt 1626, Orlando, FL 32835",2528 Robert Trent Jones Dr,Apt 1626,Orlando,FL,32835,Orange,28.515576,-81.470818,condo,3.0,2.0,1295.0,8756.0,1995.0,Inactive,249800,2022-08-10T00:00:00.000Z,334,12.428419879868164
"3384-Corona-Village-Way,-Apt-B6,-Orlando,-FL-32835","3384 Corona Village Way, Apt B6, Orlando, FL 32835",3384 Corona Village Way,Apt B6,Orlando,FL,32835,Orange,28.507618,-81.474903,condo,1.0,1.0,816.0,12197.0,2000.0,Inactive,199000,2023-05-19T00:00:00.000Z,52,12.201065128819632
"6059-Westgate-Dr,-Apt-431,-Orlando,-FL-32835","6059 Westgate Dr, Apt 431, Orlando, FL 32835",6059 Westgate Dr,Apt 431,Orlando,FL,32835,Orange,28.533773,-81.466227,condo,1.0,1.0,713.0,3649.0,1999.0,Inactive,195000,2023-06-13T00:00:00.000Z,27,12.180759965737863
"6059-Westgate-Dr,-Apt-414,-Orlando,-FL-32835","6059 Westgate Dr, Apt 414, Orlando, FL 32835",6059 Westgate Dr,Apt 414,Orlando,FL,32835,Orange,28.533773,-81.466227,condo,1.0,1.0,713.0,3649.0,1999.0,Inactive,195000,2023-06-13T00:00:00.000Z,27,12.180759965737863
"3446-Soho-St,-Apt-301,-Orlando,-FL-32835","3446 Soho St, Apt 301, Orlando, FL 32835",3446 Soho St,Apt 301,Orlando,FL,32835,Orange,28.506751,-81.473445,condo,2.0,2.0,1107.0,11761.0,2000.0,Inactive,229900,2022-06-14T00:00:00.000Z,390,12.345404060459082
"3215-Villa-Strada-Way,-Orlando,-FL-32835","3215 Villa Strada Way, Orlando, FL 32835",3215 Villa Strada Way,,Orlando,FL,32835,Orange,28.510337,-81.461374,townhouse,3.0,2.5,1643.0,1890.0,2006.0,Inactive,325000,2023-04-18T00:00:00.000Z,80,12.691583538230217
"2674-Robert-Trent-Jones-Dr,-Apt-333,-Orlando,-FL-32835","2674 Robert Trent Jones Dr, Apt 333, Orlando, FL 32835",2674 Robert Trent Jones Dr,Apt 333,Orlando,FL,32835,Orange,28.51333,-81.471237,condo,1.0,1.0,674.0,9127.0,1995.0,Inactive,155000,2023-06-29T00:00:00.000Z,7,11.951186847493476
"4110-Salmon-Dr,-Orlando,-FL-32835","4110 Salmon Dr, Orlando, FL 32835",4110 Salmon Dr,,Orlando,FL,32835,Orange,28.503552,-81.489825,single_family,3.0,2.5,2068.0,13504.0,1984.0,Inactive,569990,2023-05-04T00:00:00.000Z,61,13.253375850212393
"8027-Belshire-Dr,-Orlando,-FL-32835","8027 Belshire Dr, Orlando, FL 32835",8027 Belshire Dr,,Orlando,FL,32835,Orange,28.499089,-81.493821,single_family,5.0,3.0,2948.0,12197.0,1997.0,Inactive,799900,2023-05-09T00:00:00.000Z,56,13.592243248992402
"142-Grove-St,-Orlando,-FL-32835","142 Grove St, Orlando, FL 32835",142 Grove St,,Orlando,FL,32835,Orange,28.542187,-81.497389,single_family,3.0,2.0,1498.0,5954.0,1982.0,Inactive,370000,2023-06-20T00:00:00.000Z,14,12.821260987319457
"3420-Greenwich-Village-Blvd,-Apt-201,-Orlando,-FL-32835","3420 Greenwich Village Blvd, Apt 201, Orlando, FL 32835",3420 Greenwich Village Blvd,Apt 201,Orlando,FL,32835,Orange,28.507199,-81.471792,condo,1.0,1.0,930.0,5700.0,2000.0,Inactive,184900,2023-06-21T00:00:00.000Z,12,12.127575825689417
"110-N-Observatory-Dr,-Orlando,-FL-32835","110 N Observatory Dr, Orlando, FL 32835",110 N Observatory Dr,,Orlando,FL,32835,Orange,28.543054,-81.46842,single_family,3.0,2.0,1345.0,7000.0,1956.0,Inactive,130000,2023-06-09T00:00:00.000Z,23,11.775297421715827
"3315-Parkchester-Square-Blvd,-Apt-303,-Orlando,-FL-32835","3315 Parkchester Square Blvd, Apt 303, Orlando, FL 32835",3315 Parkchester Square Blvd,Apt 303,Orlando,FL,32835,Orange,28.508601,-81.471444,condo,2.0,2.0,1233.0,11761.0,2000.0,Inactive,214900,2023-06-26T00:00:00.000Z,6,12.277932735946903
"6046-Westgate-Dr,-Apt-201,-Orlando,-FL-32835","6046 Westgate Dr, Apt 201, Orlando, FL 32835",6046 Westgate Dr,Apt 201,Orlando,FL,32835,Orange,28.53192,-81.464246,condo,2.0,2.0,1515.0,5468.0,1988.0,Inactive,260000,2023-05-18T00:00:00.000Z,44,12.468440756144114
"6284-Castelven-Dr,-Unit-103,-Orlando,-FL-32835","6284 Castelven Dr, Unit 103, Orlando, FL 32835",6284 Castelven Dr,Unit 103,Orlando,FL,32835,Orange,28.511875,-81.467126,condo,2.0,2.5,1546.0,977.0,2005.0,Inactive,315000,2023-03-11T00:00:00.000Z,109,12.660331092405906
"733-Saxby-Ave,-Orlando,-FL-32835","733 Saxby Ave, Orlando, FL 32835",733 Saxby Ave,,Orlando,FL,32835,Orange,28.532591,-81.476479,single_family,3.0,2.0,2351.0,12632.0,1986.0,Inactive,449000,2023-06-19T00:00:00.000Z,9,13.014780393893403
"3226-Greenwich-Village-Blvd,-Apt-205,-Orlando,-FL-32835","3226 Greenwich Village Blvd, Apt 205, Orlando, FL 32835",3226 Greenwich Village Blvd,Apt 205,Orlando,FL,32835,Orange,28.508578,-81.473071,condo,1.0,1.0,658.0,5987.0,2000.0,Inactive,174995,2023-06-19T00:00:00.000Z,9,12.072518395501566
"3250-Corona-Village-Way,-Apt-308,-Orlando,-FL-32835","3250 Corona Village Way, Apt 308, Orlando, FL 32835",3250 Corona Village Way,Apt 308,Orlando,FL,32835,Orange,28.508577,-81.475708,condo,3.0,2.0,1387.0,11761.0,2000.0,Inactive,225000,2023-06-22T00:00:00.000Z,6,12.323860125621126
"8002-Sweetgum-Loop,-Orlando,-FL-32835","8002 Sweetgum Loop, Orlando, FL 32835",8002 Sweetgum Loop,,Orlando,FL,32835,Orange,28.530795,-81.494813,single_family,3.0,2.0,1614.0,9913.0,1986.0,Inactive,449900,2023-06-23T00:00:00.000Z,5,13.016782837542953
"426-S-Hudson-St,-Orlando,-FL-32835","426 S Hudson St, Orlando, FL 32835",426 S Hudson St,,Orlando,FL,32835,Orange,28.534853,-81.461572,single_family,4.0,3.0,2035.0,7014.0,2023.0,Inactive,449900,2023-01-06T00:00:00.000Z,172,13.016782837542953
"519-Wheatstone-Pl,-Orlando,-FL-32835","519 Wheatstone Pl, Orlando, FL 32835",519 Wheatstone Pl,,Orlando,FL,32835,Orange,28.536655,-81.498737,single_family,4.0,4.0,2412.0,17860.0,1989.0,Inactive,714000,2023-06-04T00:00:00.000Z,22,13.478639641880966
"1031-S-Hiawassee-Rd,-Apt-2523,-Orlando,-FL-32835","1031 S Hiawassee Rd, Apt 2523, Orlando, FL 32835",1031 S Hiawassee Rd,Apt 2523,Orlando,FL,32835,Orange,28.52927,-81.473065,condo,1.0,1.0,627.0,7361.0,1989.0,Inactive,154900,2023-06-20T00:00:00.000Z,6,11.950541482162043
"7842-Horse-Ferry-Rd,-Orlando,-FL-32835","7842 Horse Ferry Rd, Orlando, FL 32835",7842 Horse Ferry Rd,,Orlando,FL,32835,Orange,28.505247,-81.495865,single_family,5.0,4.0,3526.0,83635.0,1999.0,Inactive,945000,2023-04-27T00:00:00.000Z,59,13.758941264676379
"3224-Dante-Dr,-Unit-209,-Orlando,-FL-32835","3224 Dante Dr, Unit 209, Orlando, FL 32835",3224 Dante Dr,Unit 209,Orlando,FL,32835,Orange,28.508624,-81.466881,condo,3.0,2.0,1408.0,15246.0,2003.0,Inactive,250000,2023-06-22T00:00:00.000Z,3,12.429220196836383
"6100-Westgate-Dr,-Apt-103,-Orlando,-FL-32835","6100 Westgate Dr, Apt 103, Orlando, FL 32835",6100 Westgate Dr,Apt 103,Orlando,FL,32835,Orange,28.53233,-81.466856,condo,1.0,1.0,722.0,4429.0,1988.0,Inactive,155000,2023-05-18T00:00:00.000Z,37,11.951186847493476
"2312-Lielasus-Dr,-Orlando,-FL-32835","2312 Lielasus Dr, Orlando, FL 32835",2312 Lielasus Dr,,Orlando,FL,32835,Orange,28.516609,-81.499331,single_family,5.0,3.0,2965.0,15246.0,1999.0,Inactive,899900,2023-06-01T00:00:00.000Z,23,13.710040036256004
"7658-Mount-Carmel-Dr,-Orlando,-FL-32835","7658 Mount Carmel Dr, Orlando, FL 32835",7658 Mount Carmel Dr,,Orlando,FL,32835,Orange,28.520963,-81.496379,single_family,4.0,3.0,2460.0,9011.0,1994.0,Inactive,724900,2023-06-05T00:00:00.000Z,19,13.493790372788638
"6169-Metrowest-Blvd,-Unit-205,-Orlando,-FL-32835","6169 Metrowest Blvd, Unit 205, Orlando, FL 32835",6169 Metrowest Blvd,Unit 205,Orlando,FL,32835,Orange,28.515821,-81.466843,condo,3.0,2.0,1285.0,8756.0,2004.0,Inactive,260000,2023-05-03T00:00:00.000Z,51,12.468440756144114
"6214-Stevenson-Dr,-Unit-301,-Orlando,-FL-32835","6214 Stevenson Dr, Unit 301, Orlando, FL 32835",6214 Stevenson Dr,Unit 301,Orlando,FL,32835,Orange,28.508604,-81.466102,condo,3.0,2.0,1206.0,8756.0,2002.0,Inactive,255000,2023-05-10T00:00:00.000Z,44,12.449022745701502
"2337-Baesel-View-Dr,-Orlando,-FL-32835","2337 Baesel View Dr, Orlando, FL 32835",2337 Baesel View Dr,,Orlando,FL,32835,Orange,28.516254,-81.495756,single_family,4.0,4.0,3476.0,12632.0,1999.0,Inactive,849000,2023-06-08T00:00:00.000Z,15,13.651815643149092
"6070-Westgate-Dr,-Apt-202,-Orlando,-FL-32835","6070 Westgate Dr, Apt 202, Orlando, FL 32835",6070 Westgate Dr,Apt 202,Orlando,FL,32835,Orange,28.532633,-81.465402,condo,1.0,1.0,1184.0,5936.0,1988.0,Inactive,199990,2023-06-19T00:00:00.000Z,3,12.206027644517643
"2528-Robert-Trent-Jones-Dr,-Apt-1625,-Orlando,-FL-32835","2528 Robert Trent Jones Dr, Apt 1625, Orlando, FL 32835",2528 Robert Trent Jones Dr,Apt 1625,Orlando,FL,32835,Orange,28.515576,-81.470818,condo,2.0,1.0,933.0,11761.0,1995.0,Inactive,180000,2023-05-05T00:00:00.000Z,47,12.100717685412471
"6100-Westgate-Dr,-Apt-204,-Orlando,-FL-32835","6100 Westgate Dr, Apt 204, Orlando, FL 32835",6100 Westgate Dr,Apt 204,Orlando,FL,32835,Orange,28.53233,-81.466856,condo,1.0,1.0,1228.0,4429.0,1988.0,Inactive,182000,2023-05-19T00:00:00.000Z,33,12.111767460549332
"7990-Bridgestone-Dr,-Orlando,-FL-32835","7990 Bridgestone Dr, Orlando, FL 32835",7990 Bridgestone Dr,,Orlando,FL,32835,Orange,28.525584,-81.493746,single_family,4.0,3.0,2406.0,11761.0,1992.0,Inactive,629900,2023-06-06T00:00:00.000Z,15,13.35331794316234
"1808-Westpointe-Cir,-Orlando,-FL-32835","1808 Westpointe Cir, Orlando, FL 32835",1808 Westpointe Cir,,Orlando,FL,32835,Orange,28.521115,-81.504005,single_family,3.0,2.0,1404.0,5717.0,1995.0,Inactive,429900,2023-06-08T00:00:00.000Z,13,12.971310228604022
"7929-Canyon-Lake-Cir,-Orlando,-FL-32835","7929 Canyon Lake Cir, Orlando, FL 32835",7929 Canyon Lake Cir,,Orlando,FL,32835,Orange,28.529817,-81.493898,single_family,4.0,3.0,2703.0,19166.0,1994.0,Inactive,690000,2023-05-11T00:00:00.000Z,40,13.444448325847754
"8513-Sunset-Willow-Ct,-Orlando,-FL-32835","8513 Sunset Willow Ct, Orlando, FL 32835",8513 Sunset Willow Ct,,Orlando,FL,32835,Orange,28.502611,-81.501342,single_family,4.0,2.5,2716.0,23958.0,1987.0,Inactive,779900,2023-05-27T00:00:00.000Z,24,13.566922267533435
"5968-Westgate-Dr,-Apt-104,-Orlando,-FL-32835","5968 Westgate Dr, Apt 104, Orlando, FL 32835",5968 Westgate Dr,Apt 104,Orlando,FL,32835,Orange,28.531178,-81.463524,condo,2.0,2.0,991.0,8756.0,1988.0,Inactive,195000,2023-06-02T00:00:00.000Z,15,12.180759965737863
"6059-Twain-St,-Unit-108,-Orlando,-FL-32835","6059 Twain St, Unit 108, Orlando, FL 32835",6059 Twain St,Unit 108,Orlando,FL,32835,Orange,28.510303,-81.464218,townhouse,3.0,2.5,1665.0,1328.0,2003.0,Inactive,349900,2023-04-11T00:00:00.000Z,66,12.765405536311112
"3301-Bellington-Dr,-Orlando,-FL-32835","3301 Bellington Dr, Orlando, FL 32835",3301 Bellington Dr,,Orlando,FL,32835,Orange,28.501749,-81.495879,single_family,4.0,4.0,3614.0,18295.0,1999.0,Inactive,935000,2023-06-07T00:00:00.000Z,9,13.74830287778897
"741-Saxby-Ave,-Orlando,-FL-32835","741 Saxby Ave, Orlando, FL 32835",741 Saxby Ave,,Orlando,FL,32835,Orange,28.532317,-81.476477,single_family,4.0,3.0,2104.0,12632.0,1973.0,Inactive,455000,2023-05-02T00:00:00.000Z,44,13.02805489573287
"7123-Yacht-Basin-Ave,-Apt-317,-Orlando,-FL-32835","7123 Yacht Basin Ave, Apt 317, Orlando, FL 32835",7123 Yacht Basin Ave,Apt 317,Orlando,FL,32835,Orange,28.513283,-81.484116,condo,3.0,2.0,1206.0,16553.0,1997.0,Inactive,260000,2023-06-08T00:00:00.000Z,7,12.468440756144114
"314-Crabtree-Ave,-Orlando,-FL-32835","314 Crabtree Ave, Orlando, FL 32835",314 Crabtree Ave,,Orlando,FL,32835,Orange,28.535989,-81.474212,single_family,3.0,2.0,1108.0,9085.0,1983.0,Inactive,364900,2023-06-09T00:00:00.000Z,6,12.807381362897626
"6531-Time-Square-Ave,-Apt-101,-Orlando,-FL-32835","6531 Time Square Ave, Apt 101, Orlando, FL 32835",6531 Time Square Ave,Apt 101,Orlando,FL,32835,Orange,28.50879,-81.472175,townhouse,3.0,2.5,1634.0,3674.0,2000.0,Inactive,297000,2023-03-25T00:00:00.000Z,81,12.601490784782536
"5957-Strada-Capri-Way,-Orlando,-FL-32835","5957 Strada Capri Way, Orlando, FL 32835",5957 Strada Capri Way,,Orlando,FL,32835,Orange,28.511581,-81.462175,townhouse,3.0,2.5,1606.0,1997.0,2005.0,Inactive,339900,2023-05-17T00:00:00.000Z,25,12.736409677721657
"6046-Westgate-Dr,-Apt-103,-Orlando,-FL-32835","6046 Westgate Dr, Apt 103, Orlando, FL 32835",6046 Westgate Dr,Apt 103,Orlando,FL,32835,Orange,28.53192,-81.464246,condo,2.0,2.0,991.0,5468.0,1988.0,Inactive,188000,2023-06-01T00:00:00.000Z,10,12.144202560946876
"1023-S-Hiawassee-Rd,-Apt-4016,-Orlando,-FL-32835","1023 S Hiawassee Rd, Apt 4016, Orlando, FL 32835",1023 S Hiawassee Rd,Apt 4016,Orlando,FL,32835,Orange,28.528533,-81.473945,condo,1.0,1.0,627.0,7485.0,1989.0,Inactive,155000,2023-04-07T00:00:00.000Z,64,11.951186847493476
"3396-Parkchester-Square-Blvd,-Apt-101,-Orlando,-FL-32835","3396 Parkchester Square Blvd, Apt 101, Orlando, FL 32835",3396 Parkchester Square Blvd,Apt 101,Orlando,FL,32835,Orange,28.507804,-81.471303,condo,1.0,1.0,885.0,5647.0,2000.0,Inactive,195000,2023-04-27T00:00:00.000Z,44,12.180759965737863
"7810-Blue-Quail-Ln,-Orlando,-FL-32835","7810 Blue Quail Ln, Orlando, FL 32835",7810 Blue Quail Ln,,Orlando,FL,32835,Orange,28.512642,-81.506614,single_family,5.0,6.5,5749.0,19602.0,2016.0,Inactive,1595000,2023-04-29T00:00:00.000Z,42,14.282384921160133
"6450-Alcalde-Ct,-Unit-107,-Orlando,-FL-32835","6450 Alcalde Ct, Unit 107, Orlando, FL 32835",6450 Alcalde Ct,Unit 107,Orlando,FL,32835,Orange,28.513588,-81.470532,condo,2.0,2.0,1438.0,1016.0,2005.0,Inactive,300000,2023-06-02T00:00:00.000Z,8,12.611541086966115
"3362-Greenwich-Village-Blvd,-Apt-201,-Orlando,-FL-32835","3362 Greenwich Village Blvd, Apt 201, Orlando, FL 32835",3362 Greenwich Village Blvd,Apt 201,Orlando,FL,32835,Orange,28.507612,-81.472268,condo,2.0,2.0,1430.0,4877.0,2000.0,Inactive,259900,2023-05-02T00:00:00.000Z,38,12.468056068255885
"7800-Saranac-Ct,-Orlando,-FL-32835","7800 Saranac Ct, Orlando, FL 32835",7800 Saranac Ct,,Orlando,FL,32835,Orange,28.497204,-81.487852,single_family,4.0,3.0,2262.0,20473.0,1980.0,Inactive,739000,2023-05-28T00:00:00.000Z,12,13.513054553109397
"6148-Westgate-Dr,-Apt-102,-Orlando,-FL-32835","6148 Westgate Dr, Apt 102, Orlando, FL 32835",6148 Westgate Dr,Apt 102,Orlando,FL,32835,Orange,28.530582,-81.465872,condo,2.0,2.0,943.0,5936.0,1988.0,Inactive,198988,2023-05-17T00:00:00.000Z,22,12.201004825796925
"413-Crabtree-Ave,-Orlando,-FL-32835","413 Crabtree Ave, Orlando, FL 32835",413 Crabtree Ave,,Orlando,FL,32835,Orange,28.535133,-81.47367,single_family,3.0,2.0,1296.0,6061.0,2013.0,Inactive,335000,2023-05-31T00:00:00.000Z,8,12.721888795877375
"6312-Raleigh-St,-Apt-501,-Orlando,-FL-32835","6312 Raleigh St, Apt 501, Orlando, FL 32835",6312 Raleigh St,Apt 501,Orlando,FL,32835,Orange,28.527201,-81.468558,condo,2.0,2.0,1051.0,5594.0,1997.0,Inactive,214000,2023-06-02T00:00:00.000Z,6,12.273735966890268
"6025-Westgate-Dr,-Apt-2527,-Orlando,-FL-32835","6025 Westgate Dr, Apt 2527, Orlando, FL 32835",6025 Westgate Dr,Apt 2527,Orlando,FL,32835,Orange,28.533275,-81.465169,condo,2.0,2.0,1344.0,8369.0,1999.0,Inactive,225000,2023-06-02T00:00:00.000Z,6,12.323860125621126
"1031-S-Hiawassee-Rd,-Apt-2517,-Orlando,-FL-32835","1031 S Hiawassee Rd, Apt 2517, Orlando, FL 32835",1031 S Hiawassee Rd,Apt 2517,Orlando,FL,32835,Orange,28.52927,-81.473065,condo,2.0,2.0,829.0,7361.0,1989.0,Inactive,225000,2023-06-03T00:00:00.000Z,5,12.323860125621126
"3393-Shallot-Dr,-Unit-101,-Orlando,-FL-32835","3393 Shallot Dr, Unit 101, Orlando, FL 32835",3393 Shallot Dr,Unit 101,Orlando,FL,32835,Orange,28.507136,-81.467971,townhouse,3.0,2.5,1665.0,1026.0,2004.0,Inactive,350000,2023-05-18T00:00:00.000Z,20,12.765691290604371
"7340-Westpointe-Blvd,-Apt-320,-Orlando,-FL-32835","7340 Westpointe Blvd, Apt 320, Orlando, FL 32835",7340 Westpointe Blvd,Apt 320,Orlando,FL,32835,Orange,28.517035,-81.489026,condo,3.0,2.0,1466.0,8755.0,1994.0,Inactive,260000,2023-05-27T00:00:00.000Z,11,12.468440756144114
"634-Rosemere-Cir,-Orlando,-FL-32835","634 Rosemere Cir, Orlando, FL 32835",634 Rosemere Cir,,Orlando,FL,32835,Orange,28.533132,-81.50859,single_family,4.0,2.0,1753.0,10890.0,1986.0,Inactive,439900,2023-06-01T00:00:00.000Z,6,12.994304980578146
"3250-Corona-Village-Way,-Apt-305,-Orlando,-FL-32835","3250 Corona Village Way, Apt 305, Orlando, FL 32835",3250 Corona Village Way,Apt 305,Orlando,FL,32835,Orange,28.508577,-81.475708,condo,2.0,2.0,1233.0,11761.0,2000.0,Inactive,210000,2023-06-01T00:00:00.000Z,5,12.25486757159303
"3446-Soho-St,-Apt-B06,-Orlando,-FL-32835","3446 Soho St, Apt B06, Orlando, FL 32835",3446 Soho St,Apt B06,Orlando,FL,32835,Orange,28.506751,-81.473445,condo,1.0,1.0,816.0,11761.0,2000.0,Inactive,179000,2023-06-01T00:00:00.000Z,4,12.095146671399466
"6388-Castelven-Dr,-Unit-102,-Orlando,-FL-32835","6388 Castelven Dr, Unit 102, Orlando, FL 32835",6388 Castelven Dr,Unit 102,Orlando,FL,32835,Orange,28.512962,-81.468306,townhouse,3.0,2.5,1682.0,1095.0,2005.0,Inactive,324900,2023-06-04T00:00:00.000Z,1,12.691275799522568
"1083-S-Hiawassee-Rd,-Apt-615,-Orlando,-FL-32835","1083 S Hiawassee Rd, Apt 615, Orlando, FL 32835",1083 S Hiawassee Rd,Apt 615,Orlando,FL,32835,Orange,28.528113,-81.472196,condo,1.0,1.0,673.0,8756.0,1989.0,Inactive,155000,2023-05-07T00:00:00.000Z,27,11.951186847493476
"714-Saxby-Ave,-Orlando,-FL-32835","714 Saxby Ave, Orlando, FL 32835",714 Saxby Ave,,Orlando,FL,32835,Orange,28.533199,-81.47707,single_family,3.0,2.0,1746.0,10454.0,1979.0,Inactive,400000,2023-05-03T00:00:00.000Z,30,12.899222326086994
"251-Dempsey-Way,-Orlando,-FL-32835","251 Dempsey Way, Orlando, FL 32835",251 Dempsey Way,,Orlando,FL,32835,Orange,28.537588,-81.49271,single_family,3.0,2.0,1584.0,19602.0,1988.0,Inactive,405000,2023-05-12T00:00:00.000Z,21,12.91164481522143
"511-Pineapple-Ct,-Orlando,-FL-32835","511 Pineapple Ct, Orlando, FL 32835",511 Pineapple Ct,,Orlando,FL,32835,Orange,28.534148,-81.491355,single_family,3.0,2.0,1603.0,13504.0,1984.0,Inactive,389000,2023-05-27T00:00:00.000Z,6,12.871337193291367
"3280-Soho-St,-Apt-301,-Orlando,-FL-32835","3280 Soho St, Apt 301, Orlando, FL 32835",3280 Soho St,Apt 301,Orlando,FL,32835,Orange,28.508337,-81.475078,condo,2.0,2.0,1107.0,11761.0,2000.0,Inactive,239900,2023-04-21T00:00:00.000Z,41,12.3879816172226
"6105-Metrowest-Blvd,-Unit-107,-Orlando,-FL-32835","6105 Metrowest Blvd, Unit 107, Orlando, FL 32835",6105 Metrowest Blvd,Unit 107,Orlando,FL,32835,Orange,28.515006,-81.464916,condo,4.0,3.0,1868.0,522.0,2004.0,Inactive,350000,2023-05-23T00:00:00.000Z,9,12.765691290604371
"7871-Saint-Giles-Pl,-Orlando,-FL-32835","7871 Saint Giles Pl, Orlando, FL 32835",7871 Saint Giles Pl,,Orlando,FL,32835,Orange,28.519377,-81.501466,single_family,5.0,2.5,2932.0,8058.0,1995.0,Inactive,600000,2023-05-27T00:00:00.000Z,5,13.304686600863562
"6124-W-Robinson-St,-Orlando,-FL-32835","6124 W Robinson St, Orlando, FL 32835",6124 W Robinson St,,Orlando,FL,32835,Orange,28.544733,-81.46592,single_family,3.0,2.0,1464.0,6682.0,1962.0,Inactive,305000,2023-02-24T00:00:00.000Z,96,12.628070334272698
"8027-Wellsmere-Cir,-Orlando,-FL-32835","8027 Wellsmere Cir, Orlando, FL 32835",8027 Wellsmere Cir,,Orlando,FL,32835,Orange,28.533943,-81.493352,single_family,3.0,2.0,1805.0,10454.0,1989.0,Inactive,429999,2023-05-22T00:00:00.000Z,9,12.971540487669746
"6624-Time-Square-Ave,-Apt-103,-Orlando,-FL-32835","6624 Time Square Ave, Apt 103, Orlando, FL 32835",6624 Time Square Ave,Apt 103,Orlando,FL,32835,Orange,28.508143,-81.472672,condo,2.0,2.5,1548.0,3674.0,2000.0,Inactive,250000,2023-04-17T00:00:00.000Z,42,12.429220196836383
"3368-Parkchester-Square-Blvd,-Apt-202,-Orlando,-FL-32835","3368 Parkchester Square Blvd, Apt 202, Orlando, FL 32835",3368 Parkchester Square Blvd,Apt 202,Orlando,FL,32835,Orange,28.508052,-81.471595,condo,2.0,2.0,1430.0,6122.0,2000.0,Inactive,264900,2022-11-28T00:00:00.000Z,181,12.487111450262473
"5825-Buford-St,-Orlando,-FL-32835","5825 Buford St, Orlando, FL 32835",5825 Buford St,,Orlando,FL,32835,Orange,28.508189,-81.462241,single_family,3.0,2.0,1846.0,7299.0,2004.0,Inactive,457900,2023-04-28T00:00:00.000Z,30,13.034408282525746
"6137-Metrowest-Blvd,-Unit-303,-Orlando,-FL-32835","6137 Metrowest Blvd, Unit 303, Orlando, FL 32835",6137 Metrowest Blvd,Unit 303,Orlando,FL,32835,Orange,28.517218,-81.465194,condo,1.0,1.0,641.0,5310.0,2004.0,Inactive,159900,2023-05-03T00:00:00.000Z,25,11.982310152711182
"3702-Sir-Andrew-St,-Orlando,-FL-32835","3702 Sir Andrew St, Orlando, FL 32835",3702 Sir Andrew St,,Orlando,FL,32835,Orange,28.503986,-81.506152,single_family,4.0,4.0,3878.0,13068.0,2004.0,Inactive,925000,2023-05-23T00:00:00.000Z,5,13.73755009757506
"7842-Bridgestone-Dr,-Orlando,-FL-32835","7842 Bridgestone Dr, Orlando, FL 32835",7842 Bridgestone Dr,,Orlando,FL,32835,Orange,28.524555,-81.491338,single_family,4.0,2.5,2664.0,10019.0,1990.0,Inactive,549000,2022-10-08T00:00:00.000Z,230,13.215855541983634
"6553-Fairway-Hill-Ct,-Orlando,-FL-32835","6553 Fairway Hill Ct, Orlando, FL 32835",6553 Fairway Hill Ct,,Orlando,FL,32835,Orange,28.527515,-81.477568,single_family,4.0,3.0,2892.0,16988.0,1989.0,Inactive,629000,2023-05-18T00:00:00.000Z,8,13.351888125506433
"6304-Raleigh-St,-Apt-214,-Orlando,-FL-32835","6304 Raleigh St, Apt 214, Orlando, FL 32835",6304 Raleigh St,Apt 214,Orlando,FL,32835,Orange,28.527386,-81.468254,condo,1.0,1.0,991.0,4835.0,1997.0,Inactive,249900,2023-01-31T00:00:00.000Z,114,12.428820118415677
"7617-Redwood-Country-Rd,-Orlando,-FL-32835","7617 Redwood Country Rd, Orlando, FL 32835",7617 Redwood Country Rd,,Orlando,FL,32835,Orange,28.534828,-81.487265,single_family,3.0,2.5,1653.0,8011.0,1989.0,Inactive,410000,2023-05-17T00:00:00.000Z,8,12.923914877701906
"5992-Westgate-Dr,-Apt-202,-Orlando,-FL-32835","5992 Westgate Dr, Apt 202, Orlando, FL 32835",5992 Westgate Dr,Apt 202,Orlando,FL,32835,Orange,28.531077,-81.464301,condo,1.0,1.0,686.0,4445.0,1988.0,Inactive,169900,2023-05-18T00:00:00.000Z,7,12.042971193457888
"3326-Robert-Trent-Jones-Dr,---40102,-Orlando,-FL-32835","3326 Robert Trent Jones Dr, # 40102, Orlando, FL 32835",3326 Robert Trent Jones Dr,# 40102,Orlando,FL,32835,Orange,28.506495,-81.470584,condo,3.0,2.0,1247.0,16117.0,2006.0,Inactive,250000,2023-05-18T00:00:00.000Z,7,12.429220196836383
"3344-Corona-Village-Way,-Apt-306,-Orlando,-FL-32835","3344 Corona Village Way, Apt 306, Orlando, FL 32835",3344 Corona Village Way,Apt 306,Orlando,FL,32835,Orange,28.507904,-81.475451,condo,2.0,2.0,1233.0,11761.0,2000.0,Inactive,216000,2023-02-02T00:00:00.000Z,111,12.283038316285214
"6079-Froggatt-St,-Orlando,-FL-32835","6079 Froggatt St, Orlando, FL 32835",6079 Froggatt St,,Orlando,FL,32835,Orange,28.507887,-81.465748,single_family,4.0,2.0,1959.0,5736.0,2004.0,Inactive,495000,2023-04-15T00:00:00.000Z,39,13.112315061750808
"8455-Island-Palm-Cir,-Orlando,-FL-32835","8455 Island Palm Cir, Orlando, FL 32835",8455 Island Palm Cir,,Orlando,FL,32835,Orange,28.523458,-81.500822,single_family,4.0,2.5,2335.0,10890.0,1990.0,Inactive,525000,2023-05-13T00:00:00.000Z,11,13.171155446333852
"1212-S-Hiawassee-Rd,-Apt-510,-Orlando,-FL-32835","1212 S Hiawassee Rd, Apt 510, Orlando, FL 32835",1212 S Hiawassee Rd,Apt 510,Orlando,FL,32835,Orange,28.524296,-81.473187,condo,3.0,2.0,1206.0,222156.0,1998.0,Inactive,242000,2023-04-26T00:00:00.000Z,27,12.396697137361691
"7812-Bay-Cedar-Dr,-Orlando,-FL-32835","7812 Bay Cedar Dr, Orlando, FL 32835",7812 Bay Cedar Dr,,Orlando,FL,32835,Orange,28.531238,-81.490803,single_family,3.0,2.0,1268.0,10454.0,1986.0,Inactive,355000,2023-05-18T00:00:00.000Z,5,12.779875885354993
"8230-Lexington-View-Ln,-Orlando,-FL-32835","8230 Lexington View Ln, Orlando, FL 32835",8230 Lexington View Ln,,Orlando,FL,32835,Orange,28.530784,-81.499004,single_family,3.0,2.0,2063.0,40511.0,2000.0,Inactive,640000,2023-04-14T00:00:00.000Z,38,13.369225017834633
"151-Brigadoon-Pt,-Orlando,-FL-32835","151 Brigadoon Pt, Orlando, FL 32835",151 Brigadoon Pt,,Orlando,FL,32835,Orange,28.543084,-81.486915,single_family,3.0,2.0,1548.0,8969.0,1985.0,Inactive,380000,2023-05-19T00:00:00.000Z,3,12.847929163278053
"3420-Greenwich-Village-Blvd,-Apt-204,-Orlando,-FL-32835","3420 Greenwich Village Blvd, Apt 204, Orlando, FL 32835",3420 Greenwich Village Blvd,Apt 204,Orlando,FL,32835,Orange,28.507199,-81.471792,condo,2.0,2.0,1256.0,5700.0,2000.0,Inactive,230000,2023-05-08T00:00:00.000Z,13,12.345838935721968
"6392-Raleigh-St,-Apt-2802,-Orlando,-FL-32835","6392 Raleigh St, Apt 2802, Orlando, FL 32835",6392 Raleigh St,Apt 2802,Orlando,FL,32835,Orange,28.525198,-81.46763,condo,2.0,2.0,1051.0,4536.0,1997.0,Inactive,205000,2023-02-15T00:00:00.000Z,94,12.230770136157428
"7984-Bridgestone-Dr,-Orlando,-FL-32835","7984 Bridgestone Dr, Orlando, FL 32835",7984 Bridgestone Dr,,Orlando,FL,32835,Orange,28.525823,-81.493701,single_family,4.0,3.0,2442.0,13504.0,1994.0,Inactive,599000,2023-05-18T00:00:00.000Z,2,13.303018546545275
"7036-Carlene-Dr,-Orlando,-FL-32835","7036 Carlene Dr, Orlando, FL 32835",7036 Carlene Dr,,Orlando,FL,32835,Orange,28.532292,-81.477529,single_family,4.0,2.0,2318.0,16553.0,1955.0,Inactive,579900,2023-03-06T00:00:00.000Z,74,13.270612678298292
"3324-Parkchester-Square-Blvd,-Apt-104,-Orlando,-FL-32835","3324 Parkchester Square Blvd, Apt 104, Orlando, FL 32835",3324 Parkchester Square Blvd,Apt 104,Orlando,FL,32835,Orange,28.508329,-81.471815,condo,2.0,2.0,1235.0,6122.0,2000.0,Inactive,229900,2023-03-08T00:00:00.000Z,72,12.345404060459082
"2558-Robert-Trent-Jones-Dr,-Apt-1434,-Orlando,-FL-32835","2558 Robert Trent Jones Dr, Apt 1434, Orlando, FL 32835",2558 Robert Trent Jones Dr,Apt 1434,Orlando,FL,32835,Orange,28.516301,-81.472869,condo,1.0,1.0,854.0,10890.0,1995.0,Inactive,165000,2022-12-20T00:00:00.000Z,149,12.013706813470414
"6465-Cantua-Ln,-Unit-107,-Orlando,-FL-32835","6465 Cantua Ln, Unit 107, Orlando, FL 32835",6465 Cantua Ln,Unit 107,Orlando,FL,32835,Orange,28.514651,-81.470008,condo,2.0,2.0,1438.0,1022.0,2005.0,Inactive,265000,2023-03-04T00:00:00.000Z,75,12.487488878546145
"2598-Robert-Trent-Jones-Dr,-Apt-1030,-Orlando,-FL-32835","2598 Robert Trent Jones Dr, Apt 1030, Orlando, FL 32835",2598 Robert Trent Jones Dr,Apt 1030,Orlando,FL,32835,Orange,28.514204,-81.472754,condo,2.0,2.0,1150.0,10890.0,1995.0,Inactive,209000,2023-04-11T00:00:00.000Z,36,12.250094315624496
"3224-Dante-Dr,-Unit-302,-Orlando,-FL-32835","3224 Dante Dr, Unit 302, Orlando, FL 32835",3224 Dante Dr,Unit 302,Orlando,FL,32835,Orange,28.508624,-81.466881,condo,2.0,2.0,1050.0,15246.0,2003.0,Inactive,222500,2023-04-19T00:00:00.000Z,28,12.312686874960354
"3362-Robert-Trent-Jones-Dr,---20607,-Orlando,-FL-32835","3362 Robert Trent Jones Dr, # 20607, Orlando, FL 32835",3362 Robert Trent Jones Dr,# 20607,Orlando,FL,32835,Orange,28.505047,-81.471515,condo,3.0,2.0,1962.0,16117.0,2008.0,Inactive,350000,2023-04-03T00:00:00.000Z,40,12.765691290604371
"6004-Westgate-Dr,-Apt-201,-Orlando,-FL-32835","6004 Westgate Dr, Apt 201, Orlando, FL 32835",6004 Westgate Dr,Apt 201,Orlando,FL,32835,Orange,28.530618,-81.464681,condo,1.0,1.0,566.0,4445.0,1988.0,Inactive,160000,2023-05-11T00:00:00.000Z,2,11.982935344196433
"2600-Robert-Trent-Jones-Dr,-Apt-930,-Orlando,-FL-32835","2600 Robert Trent Jones Dr, Apt 930, Orlando, FL 32835",2600 Robert Trent Jones Dr,Apt 930,Orlando,FL,32835,Orange,28.513755,-81.472854,condo,2.0,2.0,1150.0,10890.0,1995.0,Inactive,175000,2022-12-21T00:00:00.000Z,142,12.07254696717504
"6121-Metrowest-Blvd,-Unit-104,-Orlando,-FL-32835","6121 Metrowest Blvd, Unit 104, Orlando, FL 32835",6121 Metrowest Blvd,Unit 104,Orlando,FL,32835,Orange,28.516251,-81.464808,condo,2.0,2.0,1386.0,478.0,2004.0,Inactive,289900,2023-01-25T00:00:00.000Z,104,12.57729476436913
"2636-Clementon-Park-Ct,-Orlando,-FL-32835","2636 Clementon Park Ct, Orlando, FL 32835",2636 Clementon Park Ct,,Orlando,FL,32835,Orange,28.514278,-81.487625,single_family,3.0,2.0,1820.0,16988.0,1990.0,Inactive,500000,2023-05-04T00:00:00.000Z,5,13.122365377402328
"6137-Metrowest-Blvd,-Unit-307,-Orlando,-FL-32835","6137 Metrowest Blvd, Unit 307, Orlando, FL 32835",6137 Metrowest Blvd,Unit 307,Orlando,FL,32835,Orange,28.517218,-81.465194,condo,1.0,1.0,641.0,5310.0,2004.0,Inactive,174777,2023-05-04T00:00:00.000Z,4,12.071271876159203
"3226-Greenwich-Village-Blvd,-Apt-102,-Orlando,-FL-32835","3226 Greenwich Village Blvd, Apt 102, Orlando, FL 32835",3226 Greenwich Village Blvd,Apt 102,Orlando,FL,32835,Orange,28.508578,-81.473071,condo,3.0,2.0,1410.0,5987.0,2000.0,Inactive,289990,2023-03-12T00:00:00.000Z,55,12.57760516699832
"6616-Crenshaw-Dr,-Orlando,-FL-32835","6616 Crenshaw Dr, Orlando, FL 32835",6616 Crenshaw Dr,,Orlando,FL,32835,Orange,28.524548,-81.47429,single_family,4.0,2.0,2678.0,12197.0,1989.0,Inactive,700000,2023-04-28T00:00:00.000Z,8,13.45883704259595
"1013-S-Hiawassee-Rd,-Apt-3618,-Orlando,-FL-32835","1013 S Hiawassee Rd, Apt 3618, Orlando, FL 32835",1013 S Hiawassee Rd,Apt 3618,Orlando,FL,32835,Orange,28.529932,-81.474017,condo,2.0,2.0,934.0,8753.0,1989.0,Inactive,200000,2023-05-02T00:00:00.000Z,4,12.206077645517674
"6133-Metrowest-Blvd,-Unit-108,-Orlando,-FL-32835","6133 Metrowest Blvd, Unit 108, Orlando, FL 32835",6133 Metrowest Blvd,Unit 108,Orlando,FL,32835,Orange,28.517161,-81.464801,condo,4.0,3.0,1868.0,747.0,2004.0,Inactive,339990,2023-01-10T00:00:00.000Z,115,12.736674425653757
"1033-S-Hiawassee-Rd,-Apt-2616,-Orlando,-FL-32835","1033 S Hiawassee Rd, Apt 2616, Orlando, FL 32835",1033 S Hiawassee Rd,Apt 2616,Orlando,FL,32835,Orange,28.529491,-81.472466,condo,1.0,1.0,627.0,6877.0,1989.0,Inactive,170000,2023-03-24T00:00:00.000Z,42,12.04355959836804
"520-Spinnaker-Dr,-Orlando,-FL-32835","520 Spinnaker Dr, Orlando, FL 32835",520 Spinnaker Dr,,Orlando,FL,32835,Orange,28.535019,-81.47854,single_family,3.0,2.0,1486.0,8249.0,1984.0,Inactive,335000,2023-04-26T00:00:00.000Z,7,12.721888795877375
"3356-Robert-Trent-Jones-Dr,-Unit-202,-Orlando,-FL-32835","3356 Robert Trent Jones Dr, Unit 202, Orlando, FL 32835",3356 Robert Trent Jones Dr,Unit 202,Orlando,FL,32835,Orange,28.505545,-81.472183,condo,3.0,2.0,1962.0,20909.0,2008.0,Inactive,360000,2023-04-05T00:00:00.000Z,27,12.793862088206213
"6070-Westgate-Dr,-Apt-203,-Orlando,-FL-32835","6070 Westgate Dr, Apt 203, Orlando, FL 32835",6070 Westgate Dr,Apt 203,Orlando,FL,32835,Orange,28.532633,-81.465402,condo,1.0,1.0,1184.0,5936.0,1988.0,Inactive,185000,2023-04-19T00:00:00.000Z,13,12.128116509451258
"6118-Westgate-Dr,-Apt-202,-Orlando,-FL-32835","6118 Westgate Dr, Apt 202, Orlando, FL 32835",6118 Westgate Dr,Apt 202,Orlando,FL,32835,Orange,28.531757,-81.466496,condo,2.0,1.0,1342.0,5163.0,1988.0,Inactive,185000,2023-04-26T00:00:00.000Z,6,12.128116509451258
"7755-Glynde-Hill-Dr,-Orlando,-FL-32835","7755 Glynde Hill Dr, Orlando, FL 32835",7755 Glynde Hill Dr,,Orlando,FL,32835,Orange,28.521188,-81.499296,single_family,4.0,3.5,2608.0,7817.0,1994.0,Inactive,629000,2023-04-26T00:00:00.000Z,5,13.351888125506433
"511-513-N-John-St,-Orlando,-FL-32835","511-513 N John St, Orlando, FL 32835",511-513 N John St,,Orlando,FL,32835,Orange,28.549274,-81.46225,multi-family,4.0,2.0,1664.0,10454.0,1983.0,Inactive,349900,2023-04-27T00:00:00.000Z,4,12.765405536311112
"2572-Robert-Trent-Jones-Dr,-Apt-1223,-Orlando,-FL-32835","2572 Robert Trent Jones Dr, Apt 1223, Orlando, FL 32835",2572 Robert Trent Jones Dr,Apt 1223,Orlando,FL,32835,Orange,28.515236,-81.472972,condo,1.0,1.0,674.0,9178.0,1995.0,Inactive,165000,2023-04-08T00:00:00.000Z,22,12.013706813470414
"5998-Westgate-Dr,-Apt-303,-Orlando,-FL-32835","5998 Westgate Dr, Apt 303, Orlando, FL 32835",5998 Westgate Dr,Apt 303,Orlando,FL,32835,Orange,28.530618,-81.465071,condo,1.0,1.0,1184.0,5936.0,1988.0,Inactive,155000,2023-04-24T00:00:00.000Z,6,11.951186847493476
"7280-Westpointe-Blvd,-Apt-822,-Orlando,-FL-32835","7280 Westpointe Blvd, Apt 822, Orlando, FL 32835",7280 Westpointe Blvd,Apt 822,Orlando,FL,32835,Orange,28.516093,-81.489208,condo,1.0,1.0,842.0,8756.0,1994.0,Inactive,179900,2022-10-12T00:00:00.000Z,199,12.100161978566867
"2533-Roat-Dr,-Orlando,-FL-32835","2533 Roat Dr, Orlando, FL 32835",2533 Roat Dr,,Orlando,FL,32835,Orange,28.51458,-81.495674,single_family,5.0,5.0,3890.0,12632.0,1996.0,Inactive,950000,2022-12-14T00:00:00.000Z,136,13.76421831620775
"3250-Corona-Village-Way,-Apt-201,-Orlando,-FL-32835","3250 Corona Village Way, Apt 201, Orlando, FL 32835",3250 Corona Village Way,Apt 201,Orlando,FL,32835,Orange,28.508577,-81.475708,condo,2.0,2.0,1107.0,11761.0,2000.0,Inactive,209000,2023-03-01T00:00:00.000Z,59,12.250094315624496
"7229-Black-Bull-Ln,-Orlando,-FL-32835","7229 Black Bull Ln, Orlando, FL 32835",7229 Black Bull Ln,,Orlando,FL,32835,Orange,28.520909,-81.484932,single_family,3.0,2.0,1808.0,6836.0,1990.0,Inactive,399000,2023-03-24T00:00:00.000Z,36,12.896719202134523
"6547-Grosvenor-Ln,-Orlando,-FL-32835","6547 Grosvenor Ln, Orlando, FL 32835",6547 Grosvenor Ln,,Orlando,FL,32835,Orange,28.533684,-81.473643,single_family,3.0,2.0,1797.0,8093.0,1987.0,Inactive,410000,2023-04-11T00:00:00.000Z,18,12.923914877701906
"4213-Willow-Park-Dr,-Orlando,-FL-32835","4213 Willow Park Dr, Orlando, FL 32835",4213 Willow Park Dr,,Orlando,FL,32835,Orange,28.504113,-81.503333,single_family,4.0,3.0,2944.0,28314.0,1987.0,Inactive,799000,2023-04-17T00:00:00.000Z,11,13.591117476312084
"6149-Metrowest-Blvd,-Unit-201,-Orlando,-FL-32835","6149 Metrowest Blvd, Unit 201, Orlando, FL 32835",6149 Metrowest Blvd,Unit 201,Orlando,FL,32835,Orange,28.516427,-81.465746,condo,2.0,2.0,1138.0,8845.0,2004.0,Inactive,249000,2023-03-16T00:00:00.000Z,42,12.425212191503038
"6071-Westgate-Dr,-Apt-317,-Orlando,-FL-32835","6071 Westgate Dr, Apt 317, Orlando, FL 32835",6071 Westgate Dr,Apt 317,Orlando,FL,32835,Orange,28.533764,-81.466682,condo,2.0,2.0,1077.0,8369.0,1999.0,Inactive,215000,2023-04-23T00:00:00.000Z,4,12.278397958261774
"6396-Raleigh-St,-Apt-2911,-Orlando,-FL-32835","6396 Raleigh St, Apt 2911, Orlando, FL 32835",6396 Raleigh St,Apt 2911,Orlando,FL,32835,Orange,28.525641,-81.467621,condo,1.0,1.0,991.0,4795.0,1997.0,Inactive,209000,2022-08-26T00:00:00.000Z,243,12.250094315624496
"6017-Westgate-Dr,-Apt-921,-Orlando,-FL-32835","6017 Westgate Dr, Apt 921, Orlando, FL 32835",6017 Westgate Dr,Apt 921,Orlando,FL,32835,Orange,28.53383,-81.464654,condo,2.0,2.0,1344.0,4759.0,1999.0,Inactive,239000,2022-12-02T00:00:00.000Z,145,12.384223015005313
"7692-Saint-Stephens-Ct,-Orlando,-FL-32835","7692 Saint Stephens Ct, Orlando, FL 32835",7692 Saint Stephens Ct,,Orlando,FL,32835,Orange,28.512691,-81.49491,single_family,4.0,3.0,3120.0,13504.0,2002.0,Inactive,725000,2023-04-18T00:00:00.000Z,8,13.493928313146206
"7812-Saint-Andrews-Cir,-Orlando,-FL-32835","7812 Saint Andrews Cir, Orlando, FL 32835",7812 Saint Andrews Cir,,Orlando,FL,32835,Orange,28.51862,-81.499556,single_family,4.0,2.0,2348.0,8054.0,1995.0,Inactive,545000,2023-04-21T00:00:00.000Z,5,13.208542908506082
"3468-Soho-St,-Apt-104,-Orlando,-FL-32835","3468 Soho St, Apt 104, Orlando, FL 32835",3468 Soho St,Apt 104,Orlando,FL,32835,Orange,28.506421,-81.472907,condo,2.0,2.0,1233.0,11761.0,2000.0,Inactive,207000,2023-02-07T00:00:00.000Z,77,12.240478903153711
"3356-Robert-Trent-Jones-Dr,---30406,-Orlando,-FL-32835","3356 Robert Trent Jones Dr, # 30406, Orlando, FL 32835",3356 Robert Trent Jones Dr,# 30406,Orlando,FL,32835,Orange,28.505545,-81.472183,condo,3.0,2.0,2129.0,20909.0,2008.0,Inactive,375000,2023-04-15T00:00:00.000Z,10,12.834683971615659
"2484-San-Tecla-St,-Unit-108,-Orlando,-FL-32835","2484 San Tecla St, Unit 108, Orlando, FL 32835",2484 San Tecla St,Unit 108,Orlando,FL,32835,Orange,28.514675,-81.468178,condo,3.0,2.0,1247.0,1280.0,2005.0,Inactive,259000,2023-02-10T00:00:00.000Z,73,12.464587201678082
"7270-Westpointe-Blvd,-Apt-926,-Orlando,-FL-32835","7270 Westpointe Blvd, Apt 926, Orlando, FL 32835",7270 Westpointe Blvd,Apt 926,Orlando,FL,32835,Orange,28.516099,-81.488439,condo,2.0,2.0,1080.0,8756.0,1994.0,Inactive,195000,2023-04-07T00:00:00.000Z,17,12.180759965737863
"2564-Robert-Trent-Jones-Dr,-Apt-1313,-Orlando,-FL-32835","2564 Robert Trent Jones Dr, Apt 1313, Orlando, FL 32835",2564 Robert Trent Jones Dr,Apt 1313,Orlando,FL,32835,Orange,28.515843,-81.472902,condo,1.0,1.0,674.0,9384.0,1995.0,Inactive,145000,2023-03-09T00:00:00.000Z,45,11.884495917930655
"5956-Westgate-Dr,-Apt-202,-Orlando,-FL-32835","5956 Westgate Dr, Apt 202, Orlando, FL 32835",5956 Westgate Dr,Apt 202,Orlando,FL,32835,Orange,28.531558,-81.463549,condo,1.0,1.0,1184.0,4445.0,1988.0,Inactive,180000,2023-04-19T00:00:00.000Z,4,12.100717685412471
"1913-Westpointe-Cir,-Orlando,-FL-32835","1913 Westpointe Cir, Orlando, FL 32835",1913 Westpointe Cir,,Orlando,FL,32835,Orange,28.520186,-81.505724,single_family,3.0,2.0,1254.0,6964.0,1994.0,Inactive,390000,2022-09-06T00:00:00.000Z,228,12.873904582205107
"3582-Shallot-Dr,-Unit-102,-Orlando,-FL-32835","3582 Shallot Dr, Unit 102, Orlando, FL 32835",3582 Shallot Dr,Unit 102,Orlando,FL,32835,Orange,28.506307,-81.469872,townhouse,3.0,2.5,1682.0,981.0,2004.0,Inactive,345000,2022-11-12T00:00:00.000Z,161,12.75130259456002
"3356-Robert-Trent-Jones-Dr,---20206,-Orlando,-FL-32835","3356 Robert Trent Jones Dr, # 20206, Orlando, FL 32835",3356 Robert Trent Jones Dr,# 20206,Orlando,FL,32835,Orange,28.505533,-81.472183,condo,3.0,2.0,1962.0,20909.0,2008.0,Inactive,360000,2023-04-05T00:00:00.000Z,17,12.793862088206213
"3250-Corona-Village-Way,-Apt-208,-Orlando,-FL-32835","3250 Corona Village Way, Apt 208, Orlando, FL 32835",3250 Corona Village Way,Apt 208,Orlando,FL,32835,Orange,28.508577,-81.475708,condo,3.0,2.0,1387.0,11761.0,2000.0,Inactive,245000,2023-04-03T00:00:00.000Z,18,12.409017571151187
"5980-Westgate-Dr,-Apt-301,-Orlando,-FL-32835","5980 Westgate Dr, Apt 301, Orlando, FL 32835",5980 Westgate Dr,Apt 301,Orlando,FL,32835,Orange,28.530584,-81.463831,condo,2.0,2.0,1515.0,5936.0,1988.0,Inactive,219900,2023-04-11T00:00:00.000Z,10,12.300932724054114
"6100-Buford-St,-Orlando,-FL-32835","6100 Buford St, Orlando, FL 32835",6100 Buford St,,Orlando,FL,32835,Orange,28.506446,-81.464077,single_family,4.0,3.5,2511.0,10454.0,2004.0,Inactive,547000,2023-04-13T00:00:00.000Z,7,13.212205909556012
"8155-Canyon-Lake-Cir,-Orlando,-FL-32835","8155 Canyon Lake Cir, Orlando, FL 32835",8155 Canyon Lake Cir,,Orlando,FL,32835,Orange,28.528416,-81.489024,single_family,4.0,3.0,2734.0,15246.0,1990.0,Inactive,689000,2023-04-14T00:00:00.000Z,6,13.442998001373553
"121-N-John-St,-Orlando,-FL-32835","121 N John St, Orlando, FL 32835",121 N John St,,Orlando,FL,32835,Orange,28.543686,-81.462106,single_family,3.0,2.0,1374.0,7001.0,2020.0,Inactive,380000,2023-01-25T00:00:00.000Z,84,12.847929163278053
"3398-Greenwich-Village-Blvd,-Apt-203,-Orlando,-FL-32835","3398 Greenwich Village Blvd, Apt 203, Orlando, FL 32835",3398 Greenwich Village Blvd,Apt 203,Orlando,FL,32835,Orange,28.507388,-81.47205,condo,2.0,2.0,1430.0,4997.0,2000.0,Inactive,259950,2023-03-27T00:00:00.000Z,23,12.468248430698097
"6153-Metrowest-Blvd,-Unit-207,-Orlando,-FL-32835","6153 Metrowest Blvd, Unit 207, Orlando, FL 32835",6153 Metrowest Blvd,Unit 207,Orlando,FL,32835,Orange,28.515707,-81.46557,condo,3.0,2.0,1369.0,10454.0,2004.0,Inactive,250000,2023-04-07T00:00:00.000Z,11,12.429220196836383
"6017-W-Amelia-St,-Orlando,-FL-32835","6017 W Amelia St, Orlando, FL 32835",6017 W Amelia St,,Orlando,FL,32835,Orange,28.548824,-81.464299,single_family,3.0,2.0,1578.0,11326.0,1954.0,Inactive,360000,2022-10-10T00:00:00.000Z,189,12.793862088206213
"8031-Lesia-Cir,-Orlando,-FL-32835","8031 Lesia Cir, Orlando, FL 32835",8031 Lesia Cir,,Orlando,FL,32835,Orange,28.539108,-81.493566,single_family,4.0,2.0,1898.0,10019.0,1988.0,Inactive,480000,2023-02-14T00:00:00.000Z,62,13.081543466215237
"7200-Westpointe-Blvd,-Apt-1524,-Orlando,-FL-32835","7200 Westpointe Blvd, Apt 1524, Orlando, FL 32835",7200 Westpointe Blvd,Apt 1524,Orlando,FL,32835,Orange,28.515748,-81.485706,condo,2.0,1.0,1021.0,8756.0,1994.0,Inactive,190000,2023-04-07T00:00:00.000Z,10,12.154784614286667
"2532-Robert-Trent-Jones-Dr,-Apt-1516,-Orlando,-FL-32835","2532 Robert Trent Jones Dr, Apt 1516, Orlando, FL 32835",2532 Robert Trent Jones Dr,Apt 1516,Orlando,FL,32835,Orange,28.515756,-81.471686,condo,3.0,2.0,1295.0,11326.0,1995.0,Inactive,255000,2022-12-16T00:00:00.000Z,120,12.449022745701502
"3318-Greenwich-Village-Blvd,-Apt-101,-Orlando,-FL-32835","3318 Greenwich Village Blvd, Apt 101, Orlando, FL 32835",3318 Greenwich Village Blvd,Apt 101,Orlando,FL,32835,Orange,28.507865,-81.472471,condo,2.0,2.0,1160.0,6122.0,2000.0,Inactive,229900,2023-03-29T00:00:00.000Z,17,12.345404060459082
"3314-Robert-Trent-Jones-Dr,---104-01,-Orlando,-FL-32835","3314 Robert Trent Jones Dr, # 104-01, Orlando, FL 32835",3314 Robert Trent Jones Dr,# 104-01,Orlando,FL,32835,Orange,28.506976,-81.470941,condo,3.0,2.0,1391.0,16117.0,2007.0,Inactive,245000,2022-10-24T00:00:00.000Z,172,12.409017571151187
"609-Somershire-Ct,-Orlando,-FL-32835","609 Somershire Ct, Orlando, FL 32835",609 Somershire Ct,,Orlando,FL,32835,Orange,28.533468,-81.472898,single_family,3.0,2.0,1796.0,8001.0,1988.0,Inactive,385000,2023-03-16T00:00:00.000Z,29,12.861001210669146
"2-S-Hart-Blvd,-Orlando,-FL-32835","2 S Hart Blvd, Orlando, FL 32835",2 S Hart Blvd,,Orlando,FL,32835,Orange,28.541611,-81.47047,single_family,3.0,2.0,1072.0,11326.0,1986.0,Inactive,285000,2023-03-25T00:00:00.000Z,20,12.560247968016562
"5872-Strada-Capri-Way,-Orlando,-FL-32835","5872 Strada Capri Way, Orlando, FL 32835",5872 Strada Capri Way,,Orlando,FL,32835,Orange,28.511292,-81.461115,townhouse,3.0,2.5,1756.0,4579.0,2006.0,Inactive,335000,2023-03-28T00:00:00.000Z,17,12.721888795877375
"1069-S-Hiawassee-Rd,-Apt-1328,-Orlando,-FL-32835","1069 S Hiawassee Rd, Apt 1328, Orlando, FL 32835",1069 S Hiawassee Rd,Apt 1328,Orlando,FL,32835,Orange,28.529059,-81.470927,condo,2.0,2.0,934.0,9202.0,1989.0,Inactive,235000,2023-04-10T00:00:00.000Z,4,12.367345048436391
"6312-Buford-St,-Apt-209,-Orlando,-FL-32835","6312 Buford St, Apt 209, Orlando, FL 32835",6312 Buford St,Apt 209,Orlando,FL,32835,Orange,28.505589,-81.466656,condo,3.0,2.0,2010.0,20473.0,2005.0,Inactive,349900,2023-02-16T00:00:00.000Z,56,12.765405536311112
"7741-Pineapple-Dr,-Orlando,-FL-32835","7741 Pineapple Dr, Orlando, FL 32835",7741 Pineapple Dr,,Orlando,FL,32835,Orange,28.534732,-81.489619,single_family,3.0,2.0,1546.0,9322.0,1985.0,Inactive,389900,2023-04-06T00:00:00.000Z,7,12.873648139727594
"6636-Piccadilly-Ln,-Orlando,-FL-32835","6636 Piccadilly Ln, Orlando, FL 32835",6636 Piccadilly Ln,,Orlando,FL,32835,Orange,28.531906,-81.475337,single_family,3.0,2.0,1690.0,8998.0,1990.0,Inactive,359800,2023-04-07T00:00:00.000Z,6,12.793306379816553
"6466-Cava-Alta-Dr,-Unit-304,-Orlando,-FL-32835","6466 Cava Alta Dr, Unit 304, Orlando, FL 32835",6466 Cava Alta Dr,Unit 304,Orlando,FL,32835,Orange,28.515139,-81.46928,condo,3.0,2.0,1447.0,8756.0,2005.0,Inactive,295000,2022-08-06T00:00:00.000Z,249,12.59473402514672
"1021-S-Hiawassee-Rd,-Apt-3925,-Orlando,-FL-32835","1021 S Hiawassee Rd, Apt 3925, Orlando, FL 32835",1021 S Hiawassee Rd,Apt 3925,Orlando,FL,32835,Orange,28.528946,-81.47423,condo,1.0,1.0,673.0,8504.0,1989.0,Inactive,145000,2023-04-03T00:00:00.000Z,9,11.884495917930655
"6685-Queens-Borough-Ave,-Apt-108,-Orlando,-FL-32835","6685 Queens Borough Ave, Apt 108, Orlando, FL 32835",6685 Queens Borough Ave,Apt 108,Orlando,FL,32835,Orange,28.508914,-81.474842,condo,2.0,2.0,1107.0,11326.0,2000.0,Inactive,215000,2023-01-03T00:00:00.000Z,98,12.278397958261774
"3406-Soho-St,-Apt-305,-Orlando,-FL-32835","3406 Soho St, Apt 305, Orlando, FL 32835",3406 Soho St,Apt 305,Orlando,FL,32835,Orange,28.507653,-81.474371,condo,2.0,2.0,1233.0,12197.0,2000.0,Inactive,220000,2023-03-20T00:00:00.000Z,22,12.301387370778713
"7879-Saint-Andrews-Cir,-Orlando,-FL-32835","7879 Saint Andrews Cir, Orlando, FL 32835",7879 Saint Andrews Cir,,Orlando,FL,32835,Orange,28.520159,-81.501286,single_family,4.0,3.0,2272.0,9214.0,1994.0,Inactive,519900,2023-04-06T00:00:00.000Z,5,13.161393687816775
"7836-Horse-Ferry-Rd,-Orlando,-FL-32835","7836 Horse Ferry Rd, Orlando, FL 32835",7836 Horse Ferry Rd,,Orlando,FL,32835,Orange,28.505349,-81.49554,single_family,5.0,4.0,3642.0,95396.0,1999.0,Inactive,1050000,2023-04-06T00:00:00.000Z,4,13.864301674514206
"408-N-Buena-Vista-Ave,-Orlando,-FL-32835","408 N Buena Vista Ave, Orlando, FL 32835",408 N Buena Vista Ave,,Orlando,FL,32835,Orange,28.54724,-81.469506,single_family,3.0,1.0,1560.0,6977.0,1959.0,Inactive,307500,2022-12-16T00:00:00.000Z,114,12.636233618255941
"2652-Robert-Trent-Jones-Dr,-Apt-517,-Orlando,-FL-32835","2652 Robert Trent Jones Dr, Apt 517, Orlando, FL 32835",2652 Robert Trent Jones Dr,Apt 517,Orlando,FL,32835,Orange,28.514178,-81.47185,condo,2.0,2.0,1014.0,9109.0,1995.0,Inactive,205000,2022-08-31T00:00:00.000Z,219,12.230770136157428
"7614-Milano-Dr,-Orlando,-FL-32835","7614 Milano Dr, Orlando, FL 32835",7614 Milano Dr,,Orlando,FL,32835,Orange,28.52008,-81.495865,single_family,3.0,2.0,2334.0,8530.0,1994.0,Inactive,549000,2022-12-27T00:00:00.000Z,100,13.215855541983634
"7240-Westpointe-Blvd,-Apt-1117,-Orlando,-FL-32835","7240 Westpointe Blvd, Apt 1117, Orlando, FL 32835",7240 Westpointe Blvd,Apt 1117,Orlando,FL,32835,Orange,28.517271,-81.487546,condo,3.0,2.5,1423.0,8756.0,1994.0,Inactive,240000,2023-01-05T00:00:00.000Z,91,12.388398368982115
"6575-Time-Square-Ave,---35-&-101,-Orlando,-FL-32835","6575 Time Square Ave, # 35 & 101, Orlando, FL 32835",6575 Time Square Ave,# 35 & 101,Orlando,FL,32835,Orange,28.508594,-81.472485,condo,3.0,2.5,1634.0,3674.0,2000.0,Inactive,294000,2023-02-13T00:00:00.000Z,51,12.591338447675579
"2601-Paulori-Dr,-Orlando,-FL-32835","2601 Paulori Dr, Orlando, FL 32835",2601 Paulori Dr,,Orlando,FL,32835,Orange,28.514328,-81.4958,single_family,4.0,3.0,2950.0,12632.0,1994.0,Inactive,729000,2023-03-30T00:00:00.000Z,6,13.499430382731967
"8025-Saint-Andrews-Cir,-Orlando,-FL-32835","8025 Saint Andrews Cir, Orlando, FL 32835",8025 Saint Andrews Cir,,Orlando,FL,32835,Orange,28.518966,-81.503579,single_family,4.0,3.0,2331.0,9094.0,1996.0,Inactive,488000,2023-01-09T00:00:00.000Z,85,13.098072734013513
"985-Summer-Lakes-Dr,-Orlando,-FL-32835","985 Summer Lakes Dr, Orlando, FL 32835",985 Summer Lakes Dr,,Orlando,FL,32835,Orange,28.53131,-81.485925,single_family,3.0,2.0,1699.0,7601.0,1986.0,Inactive,360000,2023-03-29T00:00:00.000Z,5,12.793862088206213
"3324-Parkchester-Square-Blvd,-Apt-202,-Orlando,-FL-32835","3324 Parkchester Square Blvd, Apt 202, Orlando, FL 32835",3324 Parkchester Square Blvd,Apt 202,Orlando,FL,32835,Orange,28.508329,-81.471815,condo,2.0,2.0,1256.0,6122.0,2000.0,Inactive,239000,2022-09-29T00:00:00.000Z,185,12.384223015005313
"7797-Blue-Quail-Ln,-Orlando,-FL-32835","7797 Blue Quail Ln, Orlando, FL 32835",7797 Blue Quail Ln,,Orlando,FL,32835,Orange,28.512465,-81.505694,single_family,5.0,5.0,4098.0,21344.0,2016.0,Inactive,1495000,2023-03-27T00:00:00.000Z,6,14.217637433703022
"3446-Soho-St,-Apt-104,-Orlando,-FL-32835","3446 Soho St, Apt 104, Orlando, FL 32835",3446 Soho St,Apt 104,Orlando,FL,32835,Orange,28.506751,-81.473445,condo,2.0,2.0,1233.0,11761.0,2000.0,Inactive,210000,2023-02-02T00:00:00.000Z,58,12.25486757159303
"7123-Yacht-Basin-Ave,-Apt-338,-Orlando,-FL-32835","7123 Yacht Basin Ave, Apt 338, Orlando, FL 32835",7123 Yacht Basin Ave,Apt 338,Orlando,FL,32835,Orange,28.513326,-81.48432,condo,2.0,2.0,1050.0,8756.0,1997.0,Inactive,219990,2023-02-27T00:00:00.000Z,33,12.30134191540679
"2674-Robert-Trent-Jones-Dr,-Apt-336,-Orlando,-FL-32835","2674 Robert Trent Jones Dr, Apt 336, Orlando, FL 32835",2674 Robert Trent Jones Dr,Apt 336,Orlando,FL,32835,Orange,28.51333,-81.471237,condo,2.0,2.0,1014.0,8756.0,1995.0,Inactive,205000,2023-03-01T00:00:00.000Z,31,12.230770136157428
"7629-Pacific-Heights-Cir,-Orlando,-FL-32835","7629 Pacific Heights Cir, Orlando, FL 32835",7629 Pacific Heights Cir,,Orlando,FL,32835,Orange,28.538534,-81.487782,single_family,3.0,2.0,1507.0,5499.0,1989.0,Inactive,349900,2023-03-29T00:00:00.000Z,3,12.765405536311112
"5953-Westgate-Dr,-Apt-1813,-Orlando,-FL-32835","5953 Westgate Dr, Apt 1813, Orlando, FL 32835",5953 Westgate Dr,Apt 1813,Orlando,FL,32835,Orange,28.532434,-81.46383,condo,3.0,2.0,1257.0,5479.0,1999.0,Inactive,229000,2023-02-17T00:00:00.000Z,42,12.34148164933907
"6480-Ranelagh-Dr,-Unit-102,-Orlando,-FL-32835","6480 Ranelagh Dr, Unit 102, Orlando, FL 32835",6480 Ranelagh Dr,Unit 102,Orlando,FL,32835,Orange,28.5062,-81.469179,townhouse,3.0,2.5,1682.0,981.0,2004.0,Inactive,320000,2023-03-01T00:00:00.000Z,30,12.676079399771027
"8612-Sugar-Palm-Ct,-Orlando,-FL-32835","8612 Sugar Palm Ct, Orlando, FL 32835",8612 Sugar Palm Ct,,Orlando,FL,32835,Orange,28.523007,-81.504793,single_family,4.0,2.0,2148.0,10454.0,1992.0,Inactive,537500,2023-01-31T00:00:00.000Z,58,13.194685899447341
"6200-W-Livingston-St,-Orlando,-FL-32835","6200 W Livingston St, Orlando, FL 32835",6200 W Livingston St,,Orlando,FL,32835,Orange,28.546876,-81.466372,single_family,3.0,1.5,1151.0,6497.0,1959.0,Inactive,230000,2023-02-15T00:00:00.000Z,43,12.345838935721968
"7216-Somersworth-Dr,-Orlando,-FL-32835","7216 Somersworth Dr, Orlando, FL 32835",7216 Somersworth Dr,,Orlando,FL,32835,Orange,28.512433,-81.490474,single_family,3.0,2.0,1898.0,6493.0,1989.0,Inactive,449000,2023-03-22T00:00:00.000Z,8,13.014780393893403
"1023-S-Hiawassee-Rd,-Apt-4018,-Orlando,-FL-32835","1023 S Hiawassee Rd, Apt 4018, Orlando, FL 32835",1023 S Hiawassee Rd,Apt 4018,Orlando,FL,32835,Orange,28.528533,-81.473945,condo,2.0,2.0,934.0,7485.0,1989.0,Inactive,205000,2023-02-04T00:00:00.000Z,53,12.230770136157428
"3314-Robert-Trent-Jones-Dr,---204-01,-Orlando,-FL-32835","3314 Robert Trent Jones Dr, # 204-01, Orlando, FL 32835",3314 Robert Trent Jones Dr,# 204-01,Orlando,FL,32835,Orange,28.506976,-81.470941,condo,2.0,2.0,1447.0,16117.0,2007.0,Inactive,240000,2022-10-20T00:00:00.000Z,159,12.388398368982115
"7698-Belvoir-Dr,-Orlando,-FL-32835","7698 Belvoir Dr, Orlando, FL 32835",7698 Belvoir Dr,,Orlando,FL,32835,Orange,28.521124,-81.498654,single_family,6.0,3.0,3890.0,11326.0,1994.0,Inactive,710000,2022-11-02T00:00:00.000Z,146,13.47302165746721
"2632-Robert-Trent-Jones-Dr,-Apt-136,-Orlando,-FL-32835","2632 Robert Trent Jones Dr, Apt 136, Orlando, FL 32835",2632 Robert Trent Jones Dr,Apt 136,Orlando,FL,32835,Orange,28.514921,-81.470916,condo,2.0,2.0,1150.0,11326.0,1995.0,Inactive,210000,2023-02-23T00:00:00.000Z,33,12.25486757159303
"3314-Robert-Trent-Jones-Dr,---30401,-Orlando,-FL-32835","3314 Robert Trent Jones Dr, # 30401, Orlando, FL 32835",3314 Robert Trent Jones Dr,# 30401,Orlando,FL,32835,Orange,28.506976,-81.470941,condo,3.0,2.0,1447.0,16117.0,2007.0,Inactive,285000,2023-03-03T00:00:00.000Z,25,12.560247968016562
"1065-S-Hiawassee-Rd,-Apt-1412,-Orlando,-FL-32835","1065 S Hiawassee Rd, Apt 1412, Orlando, FL 32835",1065 S Hiawassee Rd,Apt 1412,Orlando,FL,32835,Orange,28.529574,-81.471039,condo,2.0,2.0,934.0,8292.0,1989.0,Inactive,250000,2023-01-23T00:00:00.000Z,63,12.429220196836383
"6673-Time-Square-Ave,-Apt-101,-Orlando,-FL-32835","6673 Time Square Ave, Apt 101, Orlando, FL 32835",6673 Time Square Ave,Apt 101,Orlando,FL,32835,Orange,28.507736,-81.47384,condo,3.0,2.5,1634.0,3674.0,2000.0,Inactive,300000,2023-02-09T00:00:00.000Z,44,12.611541086966115
"1089-S-Hiawassee-Rd,-Apt-321,-Orlando,-FL-32835","1089 S Hiawassee Rd, Apt 321, Orlando, FL 32835",1089 S Hiawassee Rd,Apt 321,Orlando,FL,32835,Orange,28.527301,-81.472552,condo,2.0,2.0,934.0,4110.0,1989.0,Inactive,195000,2023-03-04T00:00:00.000Z,21,12.180759965737863
"7360-Westpointe-Blvd,-Apt-134,-Orlando,-FL-32835","7360 Westpointe Blvd, Apt 134, Orlando, FL 32835",7360 Westpointe Blvd,Apt 134,Orlando,FL,32835,Orange,28.516615,-81.488531,condo,2.0,1.0,1021.0,8756.0,1994.0,Inactive,189000,2023-03-09T00:00:00.000Z,16,12.149507585033072
"7196-Harbor-Heights-Cir,-Orlando,-FL-32835","7196 Harbor Heights Cir, Orlando, FL 32835",7196 Harbor Heights Cir,,Orlando,FL,32835,Orange,28.538492,-81.477836,multi-family,3.0,2.5,1513.0,5162.0,1984.0,Inactive,326000,2023-01-26T00:00:00.000Z,57,12.694655727828803
"377-Alston-Dr,-Orlando,-FL-32835","377 Alston Dr, Orlando, FL 32835",377 Alston Dr,,Orlando,FL,32835,Orange,28.547616,-81.481304,multi-family,2.0,2.0,1007.0,5549.0,1988.0,Inactive,259900,2023-02-15T00:00:00.000Z,37,12.468056068255885
"1069-S-Hiawassee-Rd,-Apt-1323,-Orlando,-FL-32835","1069 S Hiawassee Rd, Apt 1323, Orlando, FL 32835",1069 S Hiawassee Rd,Apt 1323,Orlando,FL,32835,Orange,28.529059,-81.470927,condo,1.0,1.0,673.0,9202.0,1989.0,Inactive,143000,2023-03-11T00:00:00.000Z,13,11.870606902224587
"412-S-Hart-Blvd,-Orlando,-FL-32835","412 S Hart Blvd, Orlando, FL 32835",412 S Hart Blvd,,Orlando,FL,32835,Orange,28.535837,-81.470429,single_family,2.0,1.0,912.0,7001.0,1985.0,Inactive,269600,2023-03-14T00:00:00.000Z,10,12.504698367212223
"434-Lucile-Way,-Orlando,-FL-32835","434 Lucile Way, Orlando, FL 32835",434 Lucile Way,,Orlando,FL,32835,Orange,28.534713,-81.475112,single_family,3.0,2.0,1256.0,6063.0,1995.0,Inactive,309900,2023-03-21T00:00:00.000Z,3,12.644008170618003
"31-N-Hart-Blvd,-Orlando,-FL-32835","31 N Hart Blvd, Orlando, FL 32835",31 N Hart Blvd,,Orlando,FL,32835,Orange,28.542485,-81.469881,single_family,3.0,2.0,1303.0,7000.0,2019.0,Inactive,310000,2023-01-14T00:00:00.000Z,67,12.644330802262578
"6136-Westgate-Dr,-Apt-104,-Orlando,-FL-32835","6136 Westgate Dr, Apt 104, Orlando, FL 32835",6136 Westgate Dr,Apt 104,Orlando,FL,32835,Orange,28.531235,-81.466384,condo,1.0,1.0,722.0,4445.0,1988.0,Inactive,178000,2023-02-19T00:00:00.000Z,30,12.08954444723597
"6184-Westgate-Dr,-Apt-101,-Orlando,-FL-32835","6184 Westgate Dr, Apt 101, Orlando, FL 32835",6184 Westgate Dr,Apt 101,Orlando,FL,32835,Orange,28.531316,-81.467297,condo,1.0,1.0,722.0,8756.0,1988.0,Inactive,148000,2023-03-13T00:00:00.000Z,8,11.904974309480183
"3353-Westchester-Square-Blvd,-Apt-101,-Orlando,-FL-32835","3353 Westchester Square Blvd, Apt 101, Orlando, FL 32835",3353 Westchester Square Blvd,Apt 101,Orlando,FL,32835,Orange,28.507691,-81.472744,condo,1.0,1.0,885.0,6122.0,2000.0,Inactive,155900,2023-01-04T00:00:00.000Z,73,11.956976469393481
"3344-Corona-Village-Way,-Apt-207,-Orlando,-FL-32835","3344 Corona Village Way, Apt 207, Orlando, FL 32835",3344 Corona Village Way,Apt 207,Orlando,FL,32835,Orange,28.507904,-81.475451,condo,2.0,2.0,1107.0,11761.0,2000.0,Inactive,215000,2023-03-08T00:00:00.000Z,10,12.278397958261774
"7422-Victoria-Cir,-Orlando,-FL-32835","7422 Victoria Cir, Orlando, FL 32835",7422 Victoria Cir,,Orlando,FL,32835,Orange,28.540763,-81.483284,single_family,3.0,2.0,1180.0,5025.0,1993.0,Inactive,325000,2023-03-09T00:00:00.000Z,9,12.691583538230217
"6451-Old-Park-Ln,-Unit-407,-Orlando,-FL-32835","6451 Old Park Ln, Unit 407, Orlando, FL 32835",6451 Old Park Ln,Unit 407,Orlando,FL,32835,Orange,28.514715,-81.468468,condo,2.0,2.0,1112.0,1099.0,2005.0,Inactive,235000,2023-03-02T00:00:00.000Z,14,12.367345048436391
"7460-Park-Springs-Cir,-Orlando,-FL-32835","7460 Park Springs Cir, Orlando, FL 32835",7460 Park Springs Cir,,Orlando,FL,32835,Orange,28.499747,-81.485994,single_family,5.0,4.0,4598.0,20038.0,1997.0,Inactive,1149000,2023-02-01T00:00:00.000Z,42,13.954403427152533
"3081-Capri-Isle-Way,-Orlando,-FL-32835","3081 Capri Isle Way, Orlando, FL 32835",3081 Capri Isle Way,,Orlando,FL,32835,Orange,28.51051,-81.461634,townhouse,3.0,2.5,1608.0,1874.0,2005.0,Inactive,330000,2023-03-03T00:00:00.000Z,12,12.706850963741102
"6434-Cava-Alta-Dr,-Unit-103,-Orlando,-FL-32835","6434 Cava Alta Dr, Unit 103, Orlando, FL 32835",6434 Cava Alta Dr,Unit 103,Orlando,FL,32835,Orange,28.515179,-81.46861,condo,3.0,2.0,1247.0,1291.0,2005.0,Inactive,299900,2023-02-17T00:00:00.000Z,25,12.611207699176356
"6292-Twain-St,-Unit-106,-Orlando,-FL-32835","6292 Twain St, Unit 106, Orlando, FL 32835",6292 Twain St,Unit 106,Orlando,FL,32835,Orange,28.509424,-81.467885,townhouse,2.0,2.5,1546.0,1054.0,2002.0,Inactive,299000,2023-03-05T00:00:00.000Z,9,12.608202196848836
"1801-Westpointe-Cir,-Orlando,-FL-32835","1801 Westpointe Cir, Orlando, FL 32835",1801 Westpointe Cir,,Orlando,FL,32835,Orange,28.521165,-81.503409,single_family,3.0,2.0,1404.0,8378.0,1994.0,Inactive,410000,2023-01-27T00:00:00.000Z,44,12.923914877701906
"3338-Robert-Trent-Jones-Dr,---20604,-Orlando,-FL-32835","3338 Robert Trent Jones Dr, # 20604, Orlando, FL 32835",3338 Robert Trent Jones Dr,# 20604,Orlando,FL,32835,Orange,28.505799,-81.471162,condo,3.0,2.0,1247.0,16117.0,2009.0,Inactive,270000,2023-02-25T00:00:00.000Z,15,12.506180941677357
"108-Sweetbay-Ln,-Orlando,-FL-32835","108 Sweetbay Ln, Orlando, FL 32835",108 Sweetbay Ln,,Orlando,FL,32835,Orange,28.54272,-81.479768,single_family,3.0,2.0,1781.0,10454.0,1977.0,Inactive,389000,2023-03-09T00:00:00.000Z,3,12.871337193291367
"6010-Westgate-Dr,-Apt-203,-Orlando,-FL-32835","6010 Westgate Dr, Apt 203, Orlando, FL 32835",6010 Westgate Dr,Apt 203,Orlando,FL,32835,Orange,28.53065,-81.465391,condo,2.0,2.0,991.0,8756.0,1988.0,Inactive,188000,2023-03-02T00:00:00.000Z,8,12.144202560946876
"8449-Island-Palm-Cir,-Orlando,-FL-32835","8449 Island Palm Cir, Orlando, FL 32835",8449 Island Palm Cir,,Orlando,FL,32835,Orange,28.523678,-81.500825,single_family,4.0,2.0,2287.0,10890.0,1990.0,Inactive,494900,2023-03-01T00:00:00.000Z,8,13.11211302154816
"6424-Raleigh-St,-Apt-3104,-Orlando,-FL-32835","6424 Raleigh St, Apt 3104, Orlando, FL 32835",6424 Raleigh St,Apt 3104,Orlando,FL,32835,Orange,28.525949,-81.467615,condo,1.0,1.0,794.0,4450.0,1997.0,Inactive,179000,2022-10-20T00:00:00.000Z,138,12.095146671399466
"248-Sonoma-Valley-Cir,-Orlando,-FL-32835","248 Sonoma Valley Cir, Orlando, FL 32835",248 Sonoma Valley Cir,,Orlando,FL,32835,Orange,28.537858,-81.483779,single_family,3.0,2.5,1550.0,10890.0,1990.0,Inactive,332000,2023-02-09T00:00:00.000Z,26,12.712893259942282
"7009-Tallowtree-Ln,-Orlando,-FL-32835","7009 Tallowtree Ln, Orlando, FL 32835",7009 Tallowtree Ln,,Orlando,FL,32835,Orange,28.544639,-81.47648,single_family,4.0,2.0,2021.0,11326.0,1976.0,Inactive,405000,2023-02-22T00:00:00.000Z,13,12.91164481522143
"112-N-Buena-Vista-Ave,-Orlando,-FL-32835","112 N Buena Vista Ave, Orlando, FL 32835",112 N Buena Vista Ave,,Orlando,FL,32835,Orange,28.543058,-81.469447,single_family,3.0,1.5,964.0,8750.0,1983.0,Inactive,275000,2023-01-23T00:00:00.000Z,42,12.524530013005734
"1083-S-Hiawassee-Rd,-Apt-624,-Orlando,-FL-32835","1083 S Hiawassee Rd, Apt 624, Orlando, FL 32835",1083 S Hiawassee Rd,Apt 624,Orlando,FL,32835,Orange,28.528113,-81.472196,condo,1.0,1.0,673.0,8347.0,1989.0,Inactive,170000,2023-03-03T00:00:00.000Z,3,12.04355959836804
"3338-Robert-Trent-Jones-Dr,---401-04,-Orlando,-FL-32835","3338 Robert Trent Jones Dr, # 401-04, Orlando, FL 32835",3338 Robert Trent Jones Dr,# 401-04,Orlando,FL,32835,Orange,28.505726,-81.471178,condo,3.0,2.0,1247.0,16117.0,2009.0,Inactive,250000,2022-10-11T00:00:00.000Z,144,12.429220196836383
"1713-Cheltenborough-Dr,-Orlando,-FL-32835","1713 Cheltenborough Dr, Orlando, FL 32835",1713 Cheltenborough Dr,,Orlando,FL,32835,Orange,28.521715,-81.50156,single_family,5.0,3.0,3332.0,7698.0,1996.0,Inactive,629000,2022-11-11T00:00:00.000Z,112,13.351888125506433
"2598-Robert-Trent-Jones-Dr,-Apt-1027,-Orlando,-FL-32835","2598 Robert Trent Jones Dr, Apt 1027, Orlando, FL 32835",2598 Robert Trent Jones Dr,Apt 1027,Orlando,FL,32835,Orange,28.514204,-81.472754,condo,2.0,2.0,1150.0,10890.0,1995.0,Inactive,190000,2022-11-28T00:00:00.000Z,95,12.154784614286667
"6025-Westgate-Dr,-Apt-2536,-Orlando,-FL-32835","6025 Westgate Dr, Apt 2536, Orlando, FL 32835",6025 Westgate Dr,Apt 2536,Orlando,FL,32835,Orange,28.533275,-81.465169,condo,1.0,1.0,713.0,8369.0,1999.0,Inactive,163988,2023-02-22T00:00:00.000Z,9,12.007554631386098
"3567-Shallot-Dr,-Unit-104,-Orlando,-FL-32835","3567 Shallot Dr, Unit 104, Orlando, FL 32835",3567 Shallot Dr,Unit 104,Orlando,FL,32835,Orange,28.506849,-81.469596,townhouse,3.0,2.5,1682.0,976.0,2004.0,Inactive,324900,2022-09-15T00:00:00.000Z,168,12.691275799522568
"6336-Raleigh-St,-Apt-1214,-Orlando,-FL-32835","6336 Raleigh St, Apt 1214, Orlando, FL 32835",6336 Raleigh St,Apt 1214,Orlando,FL,32835,Orange,28.526549,-81.469082,condo,1.0,1.0,991.0,4768.0,1997.0,Inactive,229000,2023-02-28T00:00:00.000Z,2,12.34148164933907
"7919-Courtleigh-Dr,-Orlando,-FL-32835","7919 Courtleigh Dr, Orlando, FL 32835",7919 Courtleigh Dr,,Orlando,FL,32835,Orange,28.512566,-81.501627,single_family,4.0,3.0,2578.0,25265.0,1990.0,Inactive,665000,2023-02-24T00:00:00.000Z,4,13.407543823396258
"917-Summer-Lakes-Dr,-Orlando,-FL-32835","917 Summer Lakes Dr, Orlando, FL 32835",917 Summer Lakes Dr,,Orlando,FL,32835,Orange,28.531458,-81.487232,single_family,3.0,2.0,1472.0,6907.0,1986.0,Inactive,425000,2023-01-14T00:00:00.000Z,43,12.959846800844963
"8095-Canyon-Lake-Cir,-Orlando,-FL-32835","8095 Canyon Lake Cir, Orlando, FL 32835",8095 Canyon Lake Cir,,Orlando,FL,32835,Orange,28.527473,-81.491897,single_family,4.0,3.0,2364.0,11761.0,1999.0,Inactive,580000,2022-10-21T00:00:00.000Z,127,13.270785106659046
"303-N-Hudson-St,-Orlando,-FL-32835","303 N Hudson St, Orlando, FL 32835",303 N Hudson St,,Orlando,FL,32835,Orange,28.546106,-81.461082,single_family,4.0,2.0,1358.0,6748.0,2006.0,Inactive,334900,2023-02-21T00:00:00.000Z,4,12.721590244743798
"2600-Robert-Trent-Jones-Dr,-Apt-914,-Orlando,-FL-32835","2600 Robert Trent Jones Dr, Apt 914, Orlando, FL 32835",2600 Robert Trent Jones Dr,Apt 914,Orlando,FL,32835,Orange,28.513755,-81.472854,condo,1.0,1.0,854.0,10890.0,1995.0,Inactive,170000,2022-12-15T00:00:00.000Z,70,12.04355959836804
"7313-Seena-Ct,-Orlando,-FL-32835","7313 Seena Ct, Orlando, FL 32835",7313 Seena Ct,,Orlando,FL,32835,Orange,28.545296,-81.482686,multi-family,3.0,2.5,1467.0,8939.0,1987.0,Inactive,275000,2023-01-22T00:00:00.000Z,32,12.524530013005734
"2425-Roat-Dr,-Orlando,-FL-32835","2425 Roat Dr, Orlando, FL 32835",2425 Roat Dr,,Orlando,FL,32835,Orange,28.515609,-81.495134,single_family,4.0,3.5,4019.0,17860.0,1993.0,Inactive,1025000,2023-02-16T00:00:00.000Z,7,13.840204146163925
"3332-Robert-Trent-Jones-Dr,-Unit-401,-Orlando,-FL-32835","3332 Robert Trent Jones Dr, Unit 401, Orlando, FL 32835",3332 Robert Trent Jones Dr,Unit 401,Orlando,FL,32835,Orange,28.509112,-81.470155,condo,3.0,2.0,1247.0,16117.0,2006.0,Inactive,269000,2023-01-01T00:00:00.000Z,52,12.502470376049185
"6214-Stevenson-Dr,-Unit-307,-Orlando,-FL-32835","6214 Stevenson Dr, Unit 307, Orlando, FL 32835",6214 Stevenson Dr,Unit 307,Orlando,FL,32835,Orange,28.508604,-81.466102,condo,2.0,2.0,1050.0,15246.0,2002.0,Inactive,235000,2022-12-17T00:00:00.000Z,66,12.367345048436391
"6094-Westgate-Dr,-Apt-204,-Orlando,-FL-32835","6094 Westgate Dr, Apt 204, Orlando, FL 32835",6094 Westgate Dr,Apt 204,Orlando,FL,32835,Orange,28.532531,-81.466494,condo,1.0,1.0,1228.0,4484.0,1988.0,Inactive,184500,2023-01-28T00:00:00.000Z,22,12.12541016250223
"8485-Island-Palm-Cir,-Orlando,-FL-32835","8485 Island Palm Cir, Orlando, FL 32835",8485 Island Palm Cir,,Orlando,FL,32835,Orange,28.523043,-81.501836,single_family,3.0,2.0,1935.0,10019.0,1989.0,Inactive,475000,2023-02-09T00:00:00.000Z,10,13.07107218827772
"6157-Metrowest-Blvd,-Unit-204,-Orlando,-FL-32835","6157 Metrowest Blvd, Unit 204, Orlando, FL 32835",6157 Metrowest Blvd,Unit 204,Orlando,FL,32835,Orange,28.514948,-81.465374,condo,2.0,2.0,1079.0,8919.0,2004.0,Inactive,230000,2022-10-13T00:00:00.000Z,128,12.345838935721968
"2101-Saint-Andrews-Cir,-Orlando,-FL-32835","2101 Saint Andrews Cir, Orlando, FL 32835",2101 Saint Andrews Cir,,Orlando,FL,32835,Orange,28.518338,-81.498596,single_family,4.0,3.0,3107.0,10890.0,1994.0,Inactive,640000,2023-02-03T00:00:00.000Z,15,13.369225017834633
"426-Sandpiper-Ridge-Dr,-Orlando,-FL-32835","426 Sandpiper Ridge Dr, Orlando, FL 32835",426 Sandpiper Ridge Dr,,Orlando,FL,32835,Orange,28.546809,-81.491225,single_family,3.0,2.0,1359.0,10890.0,1989.0,Inactive,369000,2023-02-13T00:00:00.000Z,5,12.818554633046093
"6611-Time-Square-Ave,-Apt-102,-Orlando,-FL-32835","6611 Time Square Ave, Apt 102, Orlando, FL 32835",6611 Time Square Ave,Apt 102,Orlando,FL,32835,Orange,28.508356,-81.472852,condo,2.0,2.5,1548.0,3674.0,2000.0,Inactive,305000,2023-01-17T00:00:00.000Z,31,12.628070334272698
"6166-Westgate-Dr,-Apt-103,-Orlando,-FL-32835","6166 Westgate Dr, Apt 103, Orlando, FL 32835",6166 Westgate Dr,Apt 103,Orlando,FL,32835,Orange,28.530554,-81.466903,condo,2.0,2.0,943.0,5936.0,1988.0,Inactive,200000,2022-12-15T00:00:00.000Z,63,12.206077645517674
"7300-Westpointe-Blvd,-Apt-716,-Orlando,-FL-32835","7300 Westpointe Blvd, Apt 716, Orlando, FL 32835",7300 Westpointe Blvd,Apt 716,Orlando,FL,32835,Orange,28.516101,-81.48998,condo,2.0,2.0,1080.0,8756.0,1994.0,Inactive,199900,2023-01-22T00:00:00.000Z,24,12.20557752297723
"3391-Parkchester-Square-Blvd,-Apt-102,-Orlando,-FL-32835","3391 Parkchester Square Blvd, Apt 102, Orlando, FL 32835",3391 Parkchester Square Blvd,Apt 102,Orlando,FL,32835,Orange,28.508158,-81.471029,condo,2.0,2.0,1235.0,5310.0,2000.0,Inactive,207000,2023-02-02T00:00:00.000Z,13,12.240478903153711
"3326-Robert-Trent-Jones-Dr,---20302,-Orlando,-FL-32835","3326 Robert Trent Jones Dr, # 20302, Orlando, FL 32835",3326 Robert Trent Jones Dr,# 20302,Orlando,FL,32835,Orange,28.506495,-81.470584,condo,3.0,2.0,1247.0,16117.0,2006.0,Inactive,250000,2022-12-15T00:00:00.000Z,61,12.429220196836383
"6660-Time-Square-Ave,-Apt-103,-Orlando,-FL-32835","6660 Time Square Ave, Apt 103, Orlando, FL 32835",6660 Time Square Ave,Apt 103,Orlando,FL,32835,Orange,28.507708,-81.473348,condo,2.0,2.5,1548.0,3674.0,2000.0,Inactive,260000,2023-02-02T00:00:00.000Z,12,12.468440756144114
"1023-S-Hiawassee-Rd,-Apt-4017,-Orlando,-FL-32835","1023 S Hiawassee Rd, Apt 4017, Orlando, FL 32835",1023 S Hiawassee Rd,Apt 4017,Orlando,FL,32835,Orange,28.528533,-81.473945,condo,2.0,2.0,934.0,7485.0,1989.0,Inactive,200000,2022-11-11T00:00:00.000Z,94,12.206077645517674
"6159-Metrowest-Blvd,-Unit-202,-Orlando,-FL-32835","6159 Metrowest Blvd, Unit 202, Orlando, FL 32835",6159 Metrowest Blvd,Unit 202,Orlando,FL,32835,Orange,28.515223,-81.466228,condo,2.0,2.0,1138.0,8845.0,2004.0,Inactive,250000,2023-01-19T00:00:00.000Z,23,12.429220196836383
"3332-Robert-Trent-Jones-Dr,-Unit-205,-Orlando,-FL-32835","3332 Robert Trent Jones Dr, Unit 205, Orlando, FL 32835",3332 Robert Trent Jones Dr,Unit 205,Orlando,FL,32835,Orange,28.50581,-81.470444,condo,3.0,2.0,1412.0,16117.0,2006.0,Inactive,269000,2023-02-01T00:00:00.000Z,9,12.502470376049185
"1817-Westpointe-Cir,-Orlando,-FL-32835","1817 Westpointe Cir, Orlando, FL 32835",1817 Westpointe Cir,,Orlando,FL,32835,Orange,28.520643,-81.503696,single_family,3.0,2.5,2012.0,5740.0,1994.0,Inactive,449000,2022-10-20T00:00:00.000Z,110,13.014780393893403
"301-N-Normandale-Ave,-Orlando,-FL-32835","301 N Normandale Ave, Orlando, FL 32835",301 N Normandale Ave,,Orlando,FL,32835,Orange,28.546256,-81.460063,single_family,2.0,1.0,824.0,6998.0,1987.0,Inactive,230000,2023-01-26T00:00:00.000Z,11,12.345838935721968
"7210-Westpointe-Blvd,-Apt-1326,-Orlando,-FL-32835","7210 Westpointe Blvd, Apt 1326, Orlando, FL 32835",7210 Westpointe Blvd,Apt 1326,Orlando,FL,32835,Orange,28.516808,-81.48638,condo,2.0,2.0,1080.0,8756.0,1994.0,Inactive,175000,2023-01-31T00:00:00.000Z,6,12.07254696717504
"320-S-Observatory-Dr,-Orlando,-FL-32835","320 S Observatory Dr, Orlando, FL 32835",320 S Observatory Dr,,Orlando,FL,32835,Orange,28.537222,-81.468391,single_family,4.0,2.0,1356.0,7007.0,2007.0,Inactive,299000,2023-02-03T00:00:00.000Z,3,12.608202196848836
"1017-S-Hiawassee-Rd,-Apt-3736,-Orlando,-FL-32835","1017 S Hiawassee Rd, Apt 3736, Orlando, FL 32835",1017 S Hiawassee Rd,Apt 3736,Orlando,FL,32835,Orange,28.529432,-81.474107,condo,1.0,1.0,673.0,7883.0,1989.0,Inactive,145000,2022-10-04T00:00:00.000Z,122,11.884495917930655
"7639-Redwood-Country-Rd,-Orlando,-FL-32835","7639 Redwood Country Rd, Orlando, FL 32835",7639 Redwood Country Rd,,Orlando,FL,32835,Orange,28.535974,-81.487259,single_family,3.0,2.0,1258.0,6465.0,1988.0,Inactive,359900,2022-10-14T00:00:00.000Z,112,12.79358427261286
"7661-Saint-Stephens-Ct,-Orlando,-FL-32835","7661 Saint Stephens Ct, Orlando, FL 32835",7661 Saint Stephens Ct,,Orlando,FL,32835,Orange,28.511976,-81.493537,single_family,4.0,4.0,3877.0,11761.0,2003.0,Inactive,888888,2023-01-11T00:00:00.000Z,23,13.697727647307882
"2217-Dunhurst-Ln,-Orlando,-FL-32835","2217 Dunhurst Ln, Orlando, FL 32835",2217 Dunhurst Ln,,Orlando,FL,32835,Orange,28.509088,-81.498729,single_family,4.0,3.0,2642.0,24394.0,1992.0,Inactive,729888,2023-01-18T00:00:00.000Z,16,13.500647746768552
"3332-Robert-Trent-Jones-Dr,---20503,-Orlando,-FL-32835","3332 Robert Trent Jones Dr, # 20503, Orlando, FL 32835",3332 Robert Trent Jones Dr,# 20503,Orlando,FL,32835,Orange,28.505906,-81.470596,condo,3.0,2.0,1412.0,16117.0,2006.0,Inactive,269000,2023-02-01T00:00:00.000Z,2,12.502470376049185
"3522-Shallot-Dr,-Unit-105,-Orlando,-FL-32835","3522 Shallot Dr, Unit 105, Orlando, FL 32835",3522 Shallot Dr,Unit 105,Orlando,FL,32835,Orange,28.507802,-81.470155,condo,3.0,2.5,1682.0,934.0,2004.0,Inactive,334499,2022-11-07T00:00:00.000Z,87,12.72039215855042
"7246-Mardell-Ct,-Orlando,-FL-32835","7246 Mardell Ct, Orlando, FL 32835",7246 Mardell Ct,,Orlando,FL,32835,Orange,28.506064,-81.486399,single_family,3.0,2.0,1585.0,6722.0,1995.0,Inactive,415000,2022-12-02T00:00:00.000Z,62,12.936036208848487
"6312-Buford-St,-Apt-409,-Orlando,-FL-32835","6312 Buford St, Apt 409, Orlando, FL 32835",6312 Buford St,Apt 409,Orlando,FL,32835,Orange,28.505589,-81.466656,condo,3.0,2.0,2010.0,20473.0,2005.0,Inactive,435000,2023-01-04T00:00:00.000Z,29,12.983103608918753
"440-Alston-Dr,-Orlando,-FL-32835","440 Alston Dr, Orlando, FL 32835",440 Alston Dr,,Orlando,FL,32835,Orange,28.547612,-81.482274,multi-family,3.0,2.5,1293.0,7131.0,1987.0,Inactive,306900,2023-01-20T00:00:00.000Z,13,12.634280498992874
"2544-Robert-Trent-Jones-Dr,-Apt-825,-Orlando,-FL-32835","2544 Robert Trent Jones Dr, Apt 825, Orlando, FL 32835",2544 Robert Trent Jones Dr,Apt 825,Orlando,FL,32835,Orange County,28.515914,-81.472203,condo,2.0,1.0,933.0,11761.0,1995.0,Inactive,185000,2022-10-31T00:48:03.000Z,93,12.128116509451258
"353-Dempsey-Way,-Orlando,-FL-32835","353 Dempsey Way, Orlando, FL 32835",353 Dempsey Way,,Orlando,FL,32835,Orange County,28.537954,-81.495747,single_family,3.0,2.0,1497.0,10454.0,1988.0,Inactive,384000,2022-03-25T17:11:16.000Z,312,12.85840043573314
"2532-Robert-Trent-Jones-Dr,-Apt-1522,-Orlando,-FL-32835","2532 Robert Trent Jones Dr, Apt 1522, Orlando, FL 32835",2532 Robert Trent Jones Dr,Apt 1522,Orlando,FL,32835,Orange County,28.515756,-81.471686,condo,2.0,1.0,933.0,11326.0,1995.0,Inactive,169900,2022-09-13T16:36:12.000Z,140,12.042971193457888
"3478-Westchester-Square-Blvd,-Apt-205,-Orlando,-FL-32835","3478 Westchester Square Blvd, Apt 205, Orlando, FL 32835",3478 Westchester Square Blvd,Apt 205,Orlando,FL,32835,Orange County,28.506621,-81.47237,condo,1.0,1.0,658.0,6122.0,2000.0,Inactive,152000,2023-01-17T19:41:55.000Z,14,11.931642378754141
"3415-King-George-Dr,-Orlando,-FL-32835","3415 King George Dr, Orlando, FL 32835",3415 King George Dr,,Orlando,FL,32835,Orange County,28.504484,-81.504593,single_family,4.0,3.0,2770.0,12632.0,2002.0,Inactive,779000,2023-01-26T15:41:42.000Z,5,13.565767608549109
"6635-Time-Square-Ave,-Apt-104,-Orlando,-FL-32835","6635 Time Square Ave, Apt 104, Orlando, FL 32835",6635 Time Square Ave,Apt 104,Orlando,FL,32835,Orange County,28.508159,-81.473158,townhouse,2.0,2.5,1674.0,3674.0,2001.0,Inactive,250000,2023-01-27T17:17:45.000Z,4,12.429220196836383
"1844-Baillie-Glass-Ln,-Orlando,-FL-32835","1844 Baillie Glass Ln, Orlando, FL 32835",1844 Baillie Glass Ln,,Orlando,FL,32835,Orange County,28.519502,-81.484276,single_family,3.0,2.0,1793.0,9558.0,1989.0,Inactive,459000,2022-12-06T22:23:33.000Z,55,13.036807667689546
"111-S-Hudson-St,-Orlando,-FL-32835","111 S Hudson St, Orlando, FL 32835",111 S Hudson St,,Orlando,FL,32835,Orange County,28.539086,-81.461059,single_family,3.0,2.0,1640.0,13504.0,1969.0,Inactive,309999,2022-09-06T01:06:43.000Z,151,12.644327576461329
"3338-Robert-Trent-Jones-Dr,-Unit-401,-Orlando,-FL-32835","3338 Robert Trent Jones Dr, Unit 401, Orlando, FL 32835",3338 Robert Trent Jones Dr,Unit 401,Orlando,FL,32835,Orange County,28.5058,-81.471161,condo,3.0,2.0,1247.0,16117.0,2009.0,Inactive,255000,2022-10-11T04:45:48.000Z,116,12.449022745701502
"3314-Robert-Trent-Jones-Dr,---10401,-Orlando,-FL-32835","3314 Robert Trent Jones Dr, # 10401, Orlando, FL 32835",3314 Robert Trent Jones Dr,# 10401,Orlando,FL,32835,Orange County,28.506976,-81.470941,condo,3.0,2.0,1391.0,16117.0,2007.0,Inactive,255000,2022-10-24T02:11:24.000Z,103,12.449022745701502
"6383-Conejo-Ter,-Unit-102,-Orlando,-FL-32835","6383 Conejo Ter, Unit 102, Orlando, FL 32835",6383 Conejo Ter,Unit 102,Orlando,FL,32835,Orange County,28.511103,-81.470071,condo,3.0,2.5,2010.0,1423.0,2005.0,Inactive,420000,2022-09-03T23:17:36.000Z,153,12.948012371209098
"7519-Pacific-Heights-Cir,-Orlando,-FL-32835","7519 Pacific Heights Cir, Orlando, FL 32835",7519 Pacific Heights Cir,,Orlando,FL,32835,Orange County,28.539853,-81.486963,single_family,3.0,2.0,1183.0,5500.0,1989.0,Inactive,300000,2022-09-30T20:08:19.000Z,126,12.611541086966115
"8473-Island-Palm-Cir,-Orlando,-FL-32835","8473 Island Palm Cir, Orlando, FL 32835",8473 Island Palm Cir,,Orlando,FL,32835,Orange County,28.523049,-81.501337,single_family,4.0,2.0,2151.0,10019.0,1989.0,Inactive,565000,2022-12-14T16:23:31.000Z,51,13.244582780038517
"502-Spinnaker-Dr,-Orlando,-FL-32835","502 Spinnaker Dr, Orlando, FL 32835",502 Spinnaker Dr,,Orlando,FL,32835,Orange County,28.535409,-81.478774,single_family,4.0,2.0,1274.0,9642.0,1983.0,Inactive,349900,2023-01-12T15:30:13.000Z,22,12.765405536311112
"1057-S-Hiawassee-Rd,-Apt-1921,-Orlando,-FL-32835","1057 S Hiawassee Rd, Apt 1921, Orlando, FL 32835",1057 S Hiawassee Rd,Apt 1921,Orlando,FL,32835,Orange County,28.528483,-81.472235,condo,2.0,2.0,836.0,7101.0,1989.0,Inactive,204000,2023-01-26T06:11:14.000Z,8,12.225880174775122
"6061-Froggatt-St,-Orlando,-FL-32835","6061 Froggatt St, Orlando, FL 32835",6061 Froggatt St,,Orlando,FL,32835,Orange County,28.507884,-81.465281,single_family,4.0,2.0,1979.0,5735.0,2004.0,Inactive,439000,2023-01-12T20:17:42.000Z,21,12.992256969959042
"3468-Soho-St,-Apt-301,-Orlando,-FL-32835","3468 Soho St, Apt 301, Orlando, FL 32835",3468 Soho St,Apt 301,Orlando,FL,32835,Orange County,28.506421,-81.472907,condo,2.0,2.0,1107.0,11761.0,2000.0,Inactive,214500,2022-08-24T21:10:45.000Z,161,12.276069679344003
"3338-Robert-Trent-Jones-Dr,---40304,-Orlando,-FL-32835","3338 Robert Trent Jones Dr, # 40304, Orlando, FL 32835",3338 Robert Trent Jones Dr,# 40304,Orlando,FL,32835,Orange County,28.505799,-81.471162,condo,3.0,2.0,1247.0,16117.0,2009.0,Inactive,255000,2022-10-20T21:30:16.000Z,104,12.449022745701502
"347-Dempsey-Way,-Orlando,-FL-32835","347 Dempsey Way, Orlando, FL 32835",347 Dempsey Way,,Orlando,FL,32835,Orange County,28.537791,-81.495582,single_family,3.0,2.0,1760.0,11326.0,1988.0,Inactive,379000,2022-12-17T18:07:17.000Z,46,12.84529412258351
"3406-Soho-St,-Apt-51B08,-Orlando,-FL-32835","3406 Soho St, Apt 51B08, Orlando, FL 32835",3406 Soho St,Apt 51B08,Orlando,FL,32835,Orange County,28.507653,-81.474371,condo,2.0,2.0,1107.0,8756.0,2001.0,Inactive,212500,2022-11-09T22:47:19.000Z,83,12.26670197321789
"421-Crabtree-Ave,-Orlando,-FL-32835","421 Crabtree Ave, Orlando, FL 32835",421 Crabtree Ave,,Orlando,FL,32835,Orange County,28.534858,-81.473667,single_family,3.0,2.0,1279.0,6062.0,2015.0,Inactive,335000,2023-01-18T00:42:36.000Z,13,12.721888795877375
"6531-Grosvenor-Ln,-Orlando,-FL-32835","6531 Grosvenor Ln, Orlando, FL 32835",6531 Grosvenor Ln,,Orlando,FL,32835,Orange County,28.533169,-81.472979,single_family,3.0,2.0,1548.0,6142.0,1988.0,Inactive,365000,2023-01-19T19:14:50.000Z,12,12.807655372286902
"6451-Old-Park-Ln,-Unit-403,-Orlando,-FL-32835","6451 Old Park Ln, Unit 403, Orlando, FL 32835",6451 Old Park Ln,Unit 403,Orlando,FL,32835,Orange County,28.515005,-81.468789,condo,3.0,2.0,1247.0,1259.0,2005.0,Inactive,250000,2022-11-28T19:14:38.000Z,62,12.429220196836383
"7300-Westpointe-Blvd,-Apt-717,-Orlando,-FL-32835","7300 Westpointe Blvd, Apt 717, Orlando, FL 32835",7300 Westpointe Blvd,Apt 717,Orlando,FL,32835,Orange County,28.516101,-81.48998,condo,3.0,2.0,1423.0,8756.0,1994.0,Inactive,235000,2022-12-22T20:23:43.000Z,35,12.367345048436391
"2106-Stillington-St,-Orlando,-FL-32835","2106 Stillington St, Orlando, FL 32835",2106 Stillington St,,Orlando,FL,32835,Orange County,28.509644,-81.49502,single_family,5.0,3.5,3606.0,14375.0,1998.0,Inactive,849500,2023-01-06T15:06:05.000Z,20,13.652404397256468
"3344-Robert-Trent-Jones-Dr,---10205,-Orlando,-FL-32835","3344 Robert Trent Jones Dr, # 10205, Orlando, FL 32835",3344 Robert Trent Jones Dr,# 10205,Orlando,FL,32835,Orange County,28.506385,-81.471408,condo,2.0,2.0,1112.0,16117.0,2008.0,Inactive,239990,2022-10-28T00:23:10.000Z,89,12.388356701620985
"6567-Haughton-Ln,-Orlando,-FL-32835","6567 Haughton Ln, Orlando, FL 32835",6567 Haughton Ln,,Orlando,FL,32835,Orange County,28.532319,-81.474505,single_family,3.0,2.0,1755.0,7044.0,1989.0,Inactive,419900,2023-01-12T22:12:37.000Z,13,12.947774248188859
"3368-Robert-Trent-Jones-Dr,---30208,-Orlando,-FL-32835","3368 Robert Trent Jones Dr, # 30208, Orlando, FL 32835",3368 Robert Trent Jones Dr,# 30208,Orlando,FL,32835,Orange County,28.505045,-81.470331,condo,3.0,2.0,1962.0,16117.0,2008.0,Inactive,365000,2023-01-13T23:17:56.000Z,12,12.807655372286902
"652-Charing-Ct,-Orlando,-FL-32835","652 Charing Ct, Orlando, FL 32835",652 Charing Ct,,Orlando,FL,32835,Orange County,28.531789,-81.474473,single_family,3.0,2.5,1710.0,9108.0,1989.0,Inactive,359000,2022-07-15T17:17:55.000Z,193,12.791080452981857
"6412-Queens-Borough-Ave,-Apt-305,-Orlando,-FL-32835","6412 Queens Borough Ave, Apt 305, Orlando, FL 32835",6412 Queens Borough Ave,Apt 305,Orlando,FL,32835,Orange County,28.509743,-81.471395,condo,1.0,1.0,945.0,945.0,2000.0,Inactive,155000,2023-01-03T19:47:44.000Z,19,11.951186847493476
"3384-Corona-Village-Way,-Apt-205,-Orlando,-FL-32835","3384 Corona Village Way, Apt 205, Orlando, FL 32835",3384 Corona Village Way,Apt 205,Orlando,FL,32835,Orange County,28.507618,-81.474903,condo,1.0,1.0,945.0,945.0,2000.0,Inactive,174900,2023-01-13T22:35:36.000Z,9,12.071975378543236
"6151-Metrowest-Blvd,-Unit-307,-Orlando,-FL-32835","6151 Metrowest Blvd, Unit 307, Orlando, FL 32835",6151 Metrowest Blvd,Unit 307,Orlando,FL,32835,Orange County,28.516017,-81.466063,condo,1.0,1.0,731.0,6281.0,2004.0,Inactive,177000,2023-01-11T18:19:03.000Z,10,12.083910661257521
"2804-Polvadero-Ln,-Unit-103,-Orlando,-FL-32835","2804 Polvadero Ln, Unit 103, Orlando, FL 32835",2804 Polvadero Ln,Unit 103,Orlando,FL,32835,Orange County,28.513371,-81.467946,condo,2.0,2.5,1546.0,1094.0,2005.0,Inactive,275000,2022-09-21T18:29:50.000Z,121,12.524530013005734
"4547-Village-Wood-Dr,-Orlando,-FL-32835","4547 Village Wood Dr, Orlando, FL 32835",4547 Village Wood Dr,,Orlando,FL,32835,Orange County,28.49549,-81.475536,single_family,5.0,3.0,2459.0,20038.0,1987.0,Inactive,599000,2022-11-20T10:47:54.000Z,60,13.303018546545275
"6648-Time-Square-Ave,-Apt-105,-Orlando,-FL-32835","6648 Time Square Ave, Apt 105, Orlando, FL 32835",6648 Time Square Ave,Apt 105,Orlando,FL,32835,Orange County,28.507947,-81.472981,townhouse,3.0,2.5,1634.0,3674.0,2000.0,Inactive,275000,2022-08-08T01:34:50.000Z,163,12.524530013005734
"2652-Robert-Trent-Jones-Dr,-Apt-513,-Orlando,-FL-32835","2652 Robert Trent Jones Dr, Apt 513, Orlando, FL 32835",2652 Robert Trent Jones Dr,Apt 513,Orlando,FL,32835,Orange County,28.514178,-81.47185,condo,1.0,1.0,674.0,9109.0,1995.0,Inactive,159950,2022-12-06T17:06:30.000Z,42,11.982622797311857
"7250-Catamaran-Dr,-Orlando,-FL-32835","7250 Catamaran Dr, Orlando, FL 32835",7250 Catamaran Dr,,Orlando,FL,32835,Orange County,28.538971,-81.479441,single_family,3.0,2.0,1492.0,12632.0,1981.0,Inactive,349000,2022-12-15T22:06:55.000Z,33,12.762830066509972
"7024-Tallowtree-Ln,-Orlando,-FL-32835","7024 Tallowtree Ln, Orlando, FL 32835",7024 Tallowtree Ln,,Orlando,FL,32835,Orange County,28.544127,-81.476998,single_family,4.0,2.0,2103.0,10454.0,1976.0,Inactive,389900,2022-07-14T20:41:53.000Z,187,12.873648139727594
"7708-Murcott-Cir,-Orlando,-FL-32835","7708 Murcott Cir, Orlando, FL 32835",7708 Murcott Cir,,Orlando,FL,32835,Orange County,28.539904,-81.490429,single_family,3.0,2.0,1497.0,9775.0,1986.0,Inactive,360000,2022-11-04T04:48:51.000Z,75,12.793862088206213
"2586-Robert-Trent-Jones-Dr,-Apt-1115,-Orlando,-FL-32835","2586 Robert Trent Jones Dr, Apt 1115, Orlando, FL 32835",2586 Robert Trent Jones Dr,Apt 1115,Orlando,FL,32835,Orange County,28.514713,-81.472882,condo,1.0,1.0,854.0,11326.0,1995.0,Inactive,158000,2022-12-14T21:35:52.000Z,32,11.970356641102999
"6214-Stevenson-Dr,-Unit-207,-Orlando,-FL-32835","6214 Stevenson Dr, Unit 207, Orlando, FL 32835",6214 Stevenson Dr,Unit 207,Orlando,FL,32835,Orange County,28.508604,-81.466102,condo,2.0,2.0,1050.0,15246.0,2002.0,Inactive,239900,2022-12-31T01:05:17.000Z,16,12.3879816172226
"1026-Summer-Lakes-Dr,-Orlando,-FL-32835","1026 Summer Lakes Dr, Orlando, FL 32835",1026 Summer Lakes Dr,,Orlando,FL,32835,Orange County,28.532655,-81.485472,single_family,3.0,2.5,1864.0,10890.0,1989.0,Inactive,539900,2022-08-25T20:18:09.000Z,141,13.199141068399515
"6166-Westgate-Dr,-Apt-301,-Orlando,-FL-32835","6166 Westgate Dr, Apt 301, Orlando, FL 32835",6166 Westgate Dr,Apt 301,Orlando,FL,32835,Orange County,28.530554,-81.466903,condo,2.0,2.0,1422.0,5936.0,1988.0,Inactive,200000,2022-12-01T18:08:31.000Z,43,12.206077645517674
"7329-Victoria-Cir,-Orlando,-FL-32835","7329 Victoria Cir, Orlando, FL 32835",7329 Victoria Cir,,Orlando,FL,32835,Orange County,28.541426,-81.483367,single_family,3.0,2.0,1207.0,4999.0,1993.0,Inactive,270000,2022-12-16T01:41:27.000Z,29,12.506180941677357
"7742-Rollingridge-Ct,-Orlando,-FL-32835","7742 Rollingridge Ct, Orlando, FL 32835",7742 Rollingridge Ct,,Orlando,FL,32835,Orange County,28.523139,-81.489406,single_family,3.0,2.0,1987.0,10019.0,1989.0,Inactive,430000,2023-01-04T17:08:49.000Z,9,12.971542813248437
"515-S-Hart-Blvd,-Orlando,-FL-32835","515 S Hart Blvd, Orlando, FL 32835",515 S Hart Blvd,,Orlando,FL,32835,Orange County,28.534465,-81.469819,single_family,2.0,1.0,720.0,7000.0,1956.0,Inactive,188000,2022-11-02T15:06:37.000Z,71,12.144202560946876
"2564-Robert-Trent-Jones-Dr,-Apt-1325,-Orlando,-FL-32835","2564 Robert Trent Jones Dr, Apt 1325, Orlando, FL 32835",2564 Robert Trent Jones Dr,Apt 1325,Orlando,FL,32835,Orange County,28.515843,-81.472902,condo,1.0,1.0,674.0,9384.0,1995.0,Inactive,175000,2022-10-24T19:29:40.000Z,79,12.07254696717504
"1701-Knotting-Hill-Dr,---D,-Orlando,-FL-32835","1701 Knotting Hill Dr, # D, Orlando, FL 32835",1701 Knotting Hill Dr,# D,Orlando,FL,32835,Orange County,28.522125,-81.500623,single_family,4.0,3.0,2400.0,9417.0,1995.0,Inactive,550000,2023-01-02T01:05:29.000Z,10,13.217675375388819
"664-Bellhurst-Ct,-Orlando,-FL-32835","664 Bellhurst Ct, Orlando, FL 32835",664 Bellhurst Ct,,Orlando,FL,32835,Orange County,28.531247,-81.473552,single_family,3.0,2.0,1545.0,6521.0,1989.0,Inactive,340000,2022-10-13T01:41:31.000Z,91,12.73670383776449
"6659-Time-Square-Ave,-Apt-101,-Orlando,-FL-32835","6659 Time Square Ave, Apt 101, Orlando, FL 32835",6659 Time Square Ave,Apt 101,Orlando,FL,32835,Orange County,28.507934,-81.473531,condo,3.0,2.5,1634.0,3674.0,2000.0,Inactive,290000,2022-12-05T17:06:45.000Z,37,12.577639650232573
"4360-Conroy-Club-Dr,-Orlando,-FL-32835","4360 Conroy Club Dr, Orlando, FL 32835",4360 Conroy Club Dr,,Orlando,FL,32835,Orange County,28.497525,-81.478284,single_family,4.0,3.0,2534.0,9768.0,2003.0,Inactive,598000,2022-06-30T20:13:14.000Z,192,13.301347705172173
"7310-Westpointe-Blvd,-Apt-626,-Orlando,-FL-32835","7310 Westpointe Blvd, Apt 626, Orlando, FL 32835",7310 Westpointe Blvd,Apt 626,Orlando,FL,32835,Orange County,28.516365,-81.490785,condo,2.0,2.0,1071.0,8755.0,1994.0,Inactive,209900,2022-07-05T11:46:48.000Z,188,12.254391269970792
"7216-Hawksnest-Blvd,-Orlando,-FL-32835","7216 Hawksnest Blvd, Orlando, FL 32835",7216 Hawksnest Blvd,,Orlando,FL,32835,Orange County,28.51926,-81.48493,single_family,5.0,3.5,3136.0,6919.0,1989.0,Inactive,639000,2022-09-01T00:17:14.000Z,130,13.367661298303675
"2241-Lake-Vilma-Dr,-Orlando,-FL-32835","2241 Lake Vilma Dr, Orlando, FL 32835",2241 Lake Vilma Dr,,Orlando,FL,32835,Orange County,28.517022,-81.494004,single_family,5.0,4.0,3901.0,13068.0,1993.0,Inactive,1100000,2022-06-17T16:36:28.000Z,204,13.910821646859095
"7569-Park-Springs-Cir,-Orlando,-FL-32835","7569 Park Springs Cir, Orlando, FL 32835",7569 Park Springs Cir,,Orlando,FL,32835,Orange County,28.498345,-81.484033,single_family,5.0,4.0,3451.0,25700.0,1998.0,Inactive,814900,2022-09-22T15:18:36.000Z,106,13.610821912451993
"36-Grand-Junction-Blvd,-Orlando,-FL-32835","36 Grand Junction Blvd, Orlando, FL 32835",36 Grand Junction Blvd,,Orlando,FL,32835,Orange County,28.542059,-81.473604,single_family,3.0,2.0,1528.0,6461.0,1987.0,Inactive,340000,2022-11-29T01:47:38.000Z,38,12.73670383776449
"3151-Sinclair-St,-Unit-103,-Orlando,-FL-32835","3151 Sinclair St, Unit 103, Orlando, FL 32835",3151 Sinclair St,Unit 103,Orlando,FL,32835,Orange County,28.50998,-81.466759,townhouse,2.0,2.5,1546.0,1024.0,2002.0,Inactive,299999,2022-12-15T21:07:50.000Z,20,12.611537753638338
"6070-Westgate-Dr,-Apt-201,-Orlando,-FL-32835","6070 Westgate Dr, Apt 201, Orlando, FL 32835",6070 Westgate Dr,Apt 201,Orlando,FL,32835,Orange County,28.532633,-81.465402,condo,1.0,1.0,1184.0,5936.0,1988.0,Inactive,170000,2022-12-06T20:41:47.000Z,28,12.04355959836804
"6088-Westgate-Dr,-Apt-101,-Orlando,-FL-32835","6088 Westgate Dr, Apt 101, Orlando, FL 32835",6088 Westgate Dr,Apt 101,Orlando,FL,32835,Orange County,28.532118,-81.466087,condo,2.0,1.0,864.0,4445.0,1988.0,Inactive,209900,2022-12-07T19:41:51.000Z,26,12.254391269970792
"2528-Robert-Trent-Jones-Dr,-Apt-1624,-Orlando,-FL-32835","2528 Robert Trent Jones Dr, Apt 1624, Orlando, FL 32835",2528 Robert Trent Jones Dr,Apt 1624,Orlando,FL,32835,Orange County,28.515576,-81.470818,condo,2.0,1.0,1033.0,11761.0,1995.0,Inactive,179900,2022-08-17T15:11:19.000Z,137,12.100161978566867
"6663-Queens-Borough-Ave-E,-Apt-302,-Orlando,-FL-32835","6663 Queens Borough Ave E, Apt 302, Orlando, FL 32835",6663 Queens Borough Ave E,Apt 302,Orlando,FL,32835,Orange County,28.50892,-81.474217,condo,4.0,2.0,1489.0,10454.0,2000.0,Inactive,209000,2022-10-30T18:08:12.000Z,62,12.250094315624496
"3428-Soho-St,-Apt-306,-Orlando,-FL-32835","3428 Soho St, Apt 306, Orlando, FL 32835",3428 Soho St,Apt 306,Orlando,FL,32835,Orange County,28.507121,-81.473932,condo,2.0,2.0,1107.0,8756.0,2000.0,Inactive,209900,2022-11-17T19:07:51.000Z,43,12.254391269970792
"2632-Robert-Trent-Jones-Dr,-Apt-124,-Orlando,-FL-32835","2632 Robert Trent Jones Dr, Apt 124, Orlando, FL 32835",2632 Robert Trent Jones Dr,Apt 124,Orlando,FL,32835,Orange County,28.514921,-81.470916,condo,1.0,1.0,854.0,11326.0,1995.0,Inactive,170000,2022-12-14T03:17:18.000Z,17,12.04355959836804
"6206-Castelven-Dr,-Unit-106,-Orlando,-FL-32835","6206 Castelven Dr, Unit 106, Orlando, FL 32835",6206 Castelven Dr,Unit 106,Orlando,FL,32835,Orange County,28.511791,-81.465713,condo,2.0,2.5,1546.0,959.0,2006.0,Inactive,305000,2022-10-20T18:29:28.000Z,70,12.628070334272698
"8101-Canyon-Lake-Cir,-Orlando,-FL-32835","8101 Canyon Lake Cir, Orlando, FL 32835",8101 Canyon Lake Cir,,Orlando,FL,32835,Orange County,28.52768,-81.491382,single_family,4.0,2.5,2503.0,11761.0,1991.0,Inactive,695000,2022-09-06T16:08:04.000Z,112,13.451668563394815
"1845-Baillie-Glass-Ln,-Orlando,-FL-32835","1845 Baillie Glass Ln, Orlando, FL 32835",1845 Baillie Glass Ln,,Orlando,FL,32835,Orange County,28.519261,-81.483767,single_family,3.0,2.0,2238.0,7093.0,1989.0,Inactive,499900,2022-11-08T14:11:16.000Z,50,13.12216535779974
"6040-Westgate-Dr,-Apt-103,-Orlando,-FL-32835","6040 Westgate Dr, Apt 103, Orlando, FL 32835",6040 Westgate Dr,Apt 103,Orlando,FL,32835,Orange County,28.531466,-81.46441,condo,2.0,2.0,991.0,5936.0,1988.0,Inactive,199999,2022-09-28T19:13:32.000Z,89,12.206072645530174
"8209-Wellsmere-Cir,-Orlando,-FL-32835","8209 Wellsmere Cir, Orlando, FL 32835",8209 Wellsmere Cir,,Orlando,FL,32835,Orange County,28.537206,-81.495586,single_family,4.0,2.0,1759.0,9977.0,1988.0,Inactive,475000,2022-12-07T13:41:32.000Z,18,13.07107218827772
"6071-Westgate-Dr,-Apt-315,-Orlando,-FL-32835","6071 Westgate Dr, Apt 315, Orlando, FL 32835",6071 Westgate Dr,Apt 315,Orlando,FL,32835,Orange County,28.533764,-81.466682,condo,1.0,1.0,713.0,8369.0,1999.0,Inactive,165000,2022-12-07T16:29:58.000Z,15,12.013706813470414
"3362-Robert-Trent-Jones-Dr,-Unit-101,-Orlando,-FL-32835","3362 Robert Trent Jones Dr, Unit 101, Orlando, FL 32835",3362 Robert Trent Jones Dr,Unit 101,Orlando,FL,32835,Orange County,28.505128,-81.471408,condo,3.0,2.0,1962.0,8756.0,2007.0,Inactive,379000,2022-11-03T14:29:16.000Z,48,12.84529412258351
"7753-Bardmoor-Hill-Cir,-Orlando,-FL-32835","7753 Bardmoor Hill Cir, Orlando, FL 32835",7753 Bardmoor Hill Cir,,Orlando,FL,32835,Orange County,28.520237,-81.499394,single_family,5.0,3.0,3838.0,8088.0,1995.0,Inactive,759000,2022-08-23T14:05:47.000Z,119,13.539758373899955
"2532-Robert-Trent-Jones-Dr,-Apt-1523,-Orlando,-FL-32835","2532 Robert Trent Jones Dr, Apt 1523, Orlando, FL 32835",2532 Robert Trent Jones Dr,Apt 1523,Orlando,FL,32835,Orange County,28.515756,-81.471686,condo,2.0,1.0,933.0,11326.0,1995.0,Inactive,165000,2022-08-29T19:36:42.000Z,112,12.013706813470414
"649-Rosemere-Cir,-Orlando,-FL-32835","649 Rosemere Cir, Orlando, FL 32835",649 Rosemere Cir,,Orlando,FL,32835,Orange County,28.532349,-81.50802,single_family,3.0,2.0,1568.0,10890.0,1986.0,Inactive,424000,2022-09-05T19:18:12.000Z,103,12.95749109270188
"1079-S-Hiawassee-Rd,-Apt-1133,-Orlando,-FL-32835","1079 S Hiawassee Rd, Apt 1133, Orlando, FL 32835",1079 S Hiawassee Rd,Apt 1133,Orlando,FL,32835,Orange County,28.528102,-81.471055,condo,1.0,1.0,627.0,7401.0,1989.0,Inactive,152000,2022-11-21T17:35:51.000Z,26,11.931642378754141
"355-S-Candler-Ave,-Orlando,-FL-32835","355 S Candler Ave, Orlando, FL 32835",355 S Candler Ave,,Orlando,FL,32835,Orange County,28.535811,-81.472765,single_family,3.0,2.0,996.0,7270.0,1972.0,Inactive,200000,2022-11-14T20:07:11.000Z,32,12.206077645517674
"7760-Pineapple-Dr,-Orlando,-FL-32835","7760 Pineapple Dr, Orlando, FL 32835",7760 Pineapple Dr,,Orlando,FL,32835,Orange County,28.533939,-81.489844,single_family,3.0,2.0,1510.0,12632.0,1984.0,Inactive,399900,2022-10-17T17:35:38.000Z,59,12.89897229545694
"126-N-Normandale-Ave,-Orlando,-FL-32835","126 N Normandale Ave, Orlando, FL 32835",126 N Normandale Ave,,Orlando,FL,32835,Orange County,28.543835,-81.460642,single_family,2.0,1.0,840.0,7003.0,2006.0,Inactive,179900,2022-11-07T21:35:49.000Z,38,12.100161978566867
"112-And-114-S-Normandale-Ave,-Orlando,-FL-32835","112 And 114 S Normandale Ave, Orlando, FL 32835",112 And 114 S Normandale Ave,,Orlando,FL,32835,Orange County,28.539295,-81.460631,multi-family,4.0,2.0,1380.0,7003.0,1950.0,Inactive,269900,2022-11-08T22:17:40.000Z,37,12.505810504075185
"1224-Cornerstone-Ct,-Orlando,-FL-32835","1224 Cornerstone Ct, Orlando, FL 32835",1224 Cornerstone Ct,,Orlando,FL,32835,Orange County,28.526327,-81.489467,single_family,3.0,2.0,1823.0,10019.0,1989.0,Inactive,469900,2022-11-15T13:06:03.000Z,31,13.060277313201007
"6117-Metrowest-Blvd,-Unit-101,-Orlando,-FL-32835","6117 Metrowest Blvd, Unit 101, Orlando, FL 32835",6117 Metrowest Blvd,Unit 101,Orlando,FL,32835,Orange County,28.51575,-81.463861,condo,3.0,2.5,1678.0,737.0,2004.0,Inactive,330000,2022-03-29T21:22:50.000Z,260,12.706850963741102
"6111-Metrowest-Blvd,-Unit-102,-Orlando,-FL-32835","6111 Metrowest Blvd, Unit 102, Orlando, FL 32835",6111 Metrowest Blvd,Unit 102,Orlando,FL,32835,Orange County,28.515656,-81.464476,condo,3.0,2.5,1678.0,601.0,2004.0,Inactive,322000,2022-08-23T14:05:47.000Z,114,12.682309930111785
"6119-Metrowest-Blvd,-Unit-116,-Orlando,-FL-32835","6119 Metrowest Blvd, Unit 116, Orlando, FL 32835",6119 Metrowest Blvd,Unit 116,Orlando,FL,32835,Orange County,28.515965,-81.46449,condo,4.0,3.0,1868.0,683.0,2004.0,Inactive,367000,2022-09-02T17:06:21.000Z,103,12.813119851828635
"7921-Barrowood-St,-Orlando,-FL-32835","7921 Barrowood St, Orlando, FL 32835",7921 Barrowood St,,Orlando,FL,32835,Orange County,28.531663,-81.493883,single_family,3.0,2.0,1520.0,9913.0,1986.0,Inactive,375000,2022-11-21T16:35:40.000Z,23,12.834683971615659
"7932-Goldleaf-St,-Orlando,-FL-32835","7932 Goldleaf St, Orlando, FL 32835",7932 Goldleaf St,,Orlando,FL,32835,Orange County,28.532025,-81.494352,single_family,3.0,2.0,1527.0,9913.0,1986.0,Inactive,405000,2022-11-23T21:11:17.000Z,21,12.91164481522143
"5974-Westgate-Dr,-Apt-201,-Orlando,-FL-32835","5974 Westgate Dr, Apt 201, Orlando, FL 32835",5974 Westgate Dr,Apt 201,Orlando,FL,32835,Orange County,28.530649,-81.463515,condo,2.0,2.0,991.0,5936.0,1988.0,Inactive,184900,2022-08-26T23:47:02.000Z,109,12.127575825689417
"1015-S-Hiawassee-Rd,-Apt-3526,-Orlando,-FL-32835","1015 S Hiawassee Rd, Apt 3526, Orlando, FL 32835",1015 S Hiawassee Rd,Apt 3526,Orlando,FL,32835,Orange County,28.529861,-81.473527,condo,1.0,1.0,627.0,7193.0,1989.0,Inactive,150000,2022-10-13T20:19:57.000Z,59,11.918397239722838
"2544-Robert-Trent-Jones-Dr,-Apt-824,-Orlando,-FL-32835","2544 Robert Trent Jones Dr, Apt 824, Orlando, FL 32835",2544 Robert Trent Jones Dr,Apt 824,Orlando,FL,32835,Orange County,28.515914,-81.472203,condo,2.0,1.0,933.0,11761.0,1995.0,Inactive,172000,2022-07-13T19:52:22.000Z,150,12.055255569732177
"3338-Robert-Trent-Jones-Dr,---10904,-Orlando,-FL-32835","3338 Robert Trent Jones Dr, # 10904, Orlando, FL 32835",3338 Robert Trent Jones Dr,# 10904,Orlando,FL,32835,Orange County,28.505799,-81.471162,condo,3.0,2.0,1391.0,16117.0,2009.0,Inactive,265000,2022-10-20T15:10:32.000Z,50,12.487488878546145
"6466-Cava-Alta-Dr,-Unit-209,-Orlando,-FL-32835","6466 Cava Alta Dr, Unit 209, Orlando, FL 32835",6466 Cava Alta Dr,Unit 209,Orlando,FL,32835,Orange County,28.515008,-81.469374,condo,3.0,2.0,1447.0,1942.0,2005.0,Inactive,305000,2022-10-18T19:23:48.000Z,50,12.628070334272698
"6349-Castelven-Dr,-Unit-105,-Orlando,-FL-32835","6349 Castelven Dr, Unit 105, Orlando, FL 32835",6349 Castelven Dr,Unit 105,Orlando,FL,32835,Orange County,28.512551,-81.467879,condo,3.0,2.5,1682.0,8756.0,2005.0,Inactive,299900,2022-06-20T22:14:41.000Z,169,12.611207699176356
"6663-Queens-Borough-Ave,-Apt-301,-Orlando,-FL-32835","6663 Queens Borough Ave, Apt 301, Orlando, FL 32835",6663 Queens Borough Ave,Apt 301,Orlando,FL,32835,Orange County,28.50892,-81.474217,condo,3.0,2.0,1260.0,11326.0,2000.0,Inactive,215000,2022-05-28T18:58:27.000Z,192,12.278397958261774
"208-Harbor-Point-Blvd,-Orlando,-FL-32835","208 Harbor Point Blvd, Orlando, FL 32835",208 Harbor Point Blvd,,Orlando,FL,32835,Orange County,28.539218,-81.48251,single_family,3.0,2.0,1515.0,9193.0,1982.0,Inactive,399999,2022-08-08T21:46:57.000Z,120,12.89921982609012
"312-N-Hart-Blvd,-Orlando,-FL-32835","312 N Hart Blvd, Orlando, FL 32835",312 N Hart Blvd,,Orlando,FL,32835,Orange County,28.545629,-81.470322,single_family,3.0,1.0,1146.0,7491.0,1959.0,Inactive,195000,2022-05-26T00:59:21.000Z,192,12.180759965737863
"417-N-Normandale-Ave,-Orlando,-FL-32835","417 N Normandale Ave, Orlando, FL 32835",417 N Normandale Ave,,Orlando,FL,32835,Orange County,28.547275,-81.459713,multi-family,4.0,4.0,1624.0,15682.0,1986.0,Inactive,299900,2022-08-29T17:06:53.000Z,95,12.611207699176356
"6685-Queens-Borough-Ave,-Apt-303,-Orlando,-FL-32835","6685 Queens Borough Ave, Apt 303, Orlando, FL 32835",6685 Queens Borough Ave,Apt 303,Orlando,FL,32835,Orange County,28.508914,-81.474842,condo,2.0,2.0,1233.0,11326.0,2000.0,Inactive,199900,2022-11-19T10:11:00.000Z,14,12.20557752297723
"2564-Robert-Trent-Jones-Dr,-Apt-1311,-Orlando,-FL-32835","2564 Robert Trent Jones Dr, Apt 1311, Orlando, FL 32835",2564 Robert Trent Jones Dr,Apt 1311,Orlando,FL,32835,Orange County,28.515843,-81.472902,condo,2.0,2.0,1014.0,9384.0,1995.0,Inactive,169000,2022-09-16T15:17:54.000Z,75,12.037659911047468
"6316-Miramonte-Dr,-Unit-102,-Orlando,-FL-32835","6316 Miramonte Dr, Unit 102, Orlando, FL 32835",6316 Miramonte Dr,Unit 102,Orlando,FL,32835,Orange County,28.509858,-81.468274,condo,3.0,2.5,2010.0,1423.0,2005.0,Inactive,365000,2022-09-17T02:05:47.000Z,74,12.807655372286902
"7937-Canyon-Lake-Cir,-Orlando,-FL-32835","7937 Canyon Lake Cir, Orlando, FL 32835",7937 Canyon Lake Cir,,Orlando,FL,32835,Orange County,28.529832,-81.494444,single_family,4.0,3.0,2114.0,17424.0,1994.0,Inactive,595500,2022-11-10T18:17:29.000Z,18,13.297158347037207
"1381-Shelter-Rock-Rd,-Orlando,-FL-32835","1381 Shelter Rock Rd, Orlando, FL 32835",1381 Shelter Rock Rd,,Orlando,FL,32835,Orange County,28.524634,-81.49975,single_family,4.0,3.5,2968.0,10454.0,1997.0,Inactive,555555,2022-07-29T05:16:50.000Z,121,13.227724693061836
"1923-Chathamoor-Dr,-Orlando,-FL-32835","1923 Chathamoor Dr, Orlando, FL 32835",1923 Chathamoor Dr,,Orlando,FL,32835,Orange County,28.521368,-81.504266,single_family,4.0,2.5,2087.0,5746.0,1995.0,Inactive,485000,2022-08-11T17:29:39.000Z,107,13.091906231773164
"3368-Parkchester-Square-Blvd,-Apt-103,-Orlando,-FL-32835","3368 Parkchester Square Blvd, Apt 103, Orlando, FL 32835",3368 Parkchester Square Blvd,Apt 103,Orlando,FL,32835,Orange County,28.508052,-81.471595,condo,2.0,2.0,1160.0,6122.0,2000.0,Inactive,204900,2022-08-31T22:41:06.000Z,86,12.230282214644559
"3304-Westchester-Blvd,-Apt-202,-Orlando,-FL-32835","3304 Westchester Blvd, Apt 202, Orlando, FL 32835",3304 Westchester Blvd,Apt 202,Orlando,FL,32835,Orange County,28.508154,-81.47375,condo,2.0,2.0,1256.0,5987.0,2000.0,Inactive,190000,2022-10-29T00:47:21.000Z,27,12.154784614286667
"3406-Soho-St,-Apt-303,-Orlando,-FL-32835","3406 Soho St, Apt 303, Orlando, FL 32835",3406 Soho St,Apt 303,Orlando,FL,32835,Orange County,28.507653,-81.474371,condo,1.0,1.0,945.0,12197.0,2000.0,Inactive,155000,2022-07-19T17:35:41.000Z,127,11.951186847493476
"960-Summer-Lakes-Dr,-Orlando,-FL-32835","960 Summer Lakes Dr, Orlando, FL 32835",960 Summer Lakes Dr,,Orlando,FL,32835,Orange County,28.530422,-81.486543,single_family,3.0,2.5,1818.0,13504.0,1988.0,Inactive,499900,2022-09-22T22:06:44.000Z,60,13.12216535779974
"3540-King-George-Dr,-Orlando,-FL-32835","3540 King George Dr, Orlando, FL 32835",3540 King George Dr,,Orlando,FL,32835,Orange County,28.503225,-81.506807,single_family,4.0,3.0,2770.0,16988.0,2003.0,Inactive,800000,2022-11-10T22:06:50.000Z,11,13.592368256649284
"3446-Soho-St,-Apt-B04,-Orlando,-FL-32835","3446 Soho St, Apt B04, Orlando, FL 32835",3446 Soho St,Apt B04,Orlando,FL,32835,Orange County,28.506751,-81.473445,condo,2.0,2.0,1233.0,11761.0,2000.0,Inactive,215000,2022-06-20T18:19:35.000Z,153,12.278397958261774
"1837-Westpointe-Cir,-Orlando,-FL-32835","1837 Westpointe Cir, Orlando, FL 32835",1837 Westpointe Cir,,Orlando,FL,32835,Orange County,28.520033,-81.504084,single_family,3.0,2.5,1818.0,6611.0,1994.0,Inactive,425000,2022-11-12T13:23:02.000Z,9,12.959846800844963
"6336-Buford-St,-Apt-405,-Orlando,-FL-32835","6336 Buford St, Apt 405, Orlando, FL 32835",6336 Buford St,Apt 405,Orlando,FL,32835,Orange County,28.505579,-81.467714,condo,3.0,2.0,1810.0,20473.0,2005.0,Inactive,390000,2022-05-23T21:46:55.000Z,178,12.873904582205107
"7150-Wooded-Village-Ln,-Orlando,-FL-32835","7150 Wooded Village Ln, Orlando, FL 32835",7150 Wooded Village Ln,,Orlando,FL,32835,Orange County,28.494418,-81.477989,single_family,4.0,3.0,2811.0,18731.0,1986.0,Inactive,900000,2022-09-09T20:09:56.000Z,69,13.710151153416941
"1730-Knotting-Hill-Dr,-Orlando,-FL-32835","1730 Knotting Hill Dr, Orlando, FL 32835",1730 Knotting Hill Dr,,Orlando,FL,32835,Orange County,28.521198,-81.501292,single_family,4.0,3.0,3848.0,12632.0,1996.0,Inactive,669900,2022-08-15T16:41:23.000Z,93,13.414885219255359
"431-N-John-St,-Orlando,-FL-32835","431 N John St, Orlando, FL 32835",431 N John St,,Orlando,FL,32835,Orange County,28.547736,-81.462128,single_family,3.0,2.0,1055.0,9091.0,1973.0,Inactive,265000,2022-09-10T22:29:24.000Z,67,12.487488878546145
"112-S-Normandale-Ave,-Orlando,-FL-32835","112 S Normandale Ave, Orlando, FL 32835",112 S Normandale Ave,,Orlando,FL,32835,Orange County,28.539295,-81.460631,multi-family,3.0,2.0,690.0,7003.0,1950.0,Inactive,279900,2022-11-08T22:17:40.000Z,8,12.5421912482017
"6129-Metrowest-Blvd,-Unit-108,-Orlando,-FL-32835","6129 Metrowest Blvd, Unit 108, Orlando, FL 32835",6129 Metrowest Blvd,Unit 108,Orlando,FL,32835,Orange County,28.516735,-81.463908,condo,4.0,3.0,1868.0,8756.0,2004.0,Inactive,375000,2022-07-24T01:05:28.000Z,115,12.834683971615659
"3338-Robert-Trent-Jones-Dr,-Unit-310,-Orlando,-FL-32835","3338 Robert Trent Jones Dr, Unit 310, Orlando, FL 32835",3338 Robert Trent Jones Dr,Unit 310,Orlando,FL,32835,Orange County,28.50917,-81.470013,condo,3.0,2.0,1412.0,16117.0,2009.0,Inactive,270000,2022-10-05T16:29:33.000Z,41,12.506180941677357
"6258-Castelven-Dr,-Unit-104,-Orlando,-FL-32835","6258 Castelven Dr, Unit 104, Orlando, FL 32835",6258 Castelven Dr,Unit 104,Orlando,FL,32835,Orange County,28.511845,-81.466652,townhouse,3.0,2.5,1682.0,980.0,2005.0,Inactive,319000,2022-05-17T16:11:01.000Z,181,12.672949516558306
"7210-Westpointe-Blvd,-Apt-1323,-Orlando,-FL-32835","7210 Westpointe Blvd, Apt 1323, Orlando, FL 32835",7210 Westpointe Blvd,Apt 1323,Orlando,FL,32835,Orange County,28.516808,-81.48638,condo,2.0,2.0,1133.0,8756.0,1994.0,Inactive,207900,2022-06-23T03:11:06.000Z,145,12.244817283839346
"7673-Blue-Quail-Ln,-Orlando,-FL-32835","7673 Blue Quail Ln, Orlando, FL 32835",7673 Blue Quail Ln,,Orlando,FL,32835,Orange County,28.515167,-81.502713,single_family,5.0,6.5,5200.0,20909.0,2019.0,Inactive,1550000,2022-06-28T03:47:14.000Z,140,14.253766134056512
"7027-Ardis-St,-Orlando,-FL-32835","7027 Ardis St, Orlando, FL 32835",7027 Ardis St,,Orlando,FL,32835,Orange County,28.531526,-81.477037,single_family,4.0,4.0,3562.0,40946.0,1960.0,Inactive,499000,2022-07-01T22:39:46.000Z,136,13.120363378739663
"1065-S-Hiawassee-Rd,-Apt-1417,-Orlando,-FL-32835","1065 S Hiawassee Rd, Apt 1417, Orlando, FL 32835",1065 S Hiawassee Rd,Apt 1417,Orlando,FL,32835,Orange County,28.529574,-81.471039,condo,2.0,2.0,934.0,8292.0,1989.0,Inactive,195000,2022-09-30T16:41:33.000Z,45,12.180759965737863
"6301-Daysbrook-Dr,-Unit-104,-Orlando,-FL-32835","6301 Daysbrook Dr, Unit 104, Orlando, FL 32835",6301 Daysbrook Dr,Unit 104,Orlando,FL,32835,Orange County,28.505714,-81.468806,condo,3.0,2.5,1682.0,979.0,2005.0,Inactive,360000,2022-10-24T01:47:43.000Z,22,12.793862088206213
"7818-Saint-Andrews-Cir,-Orlando,-FL-32835","7818 Saint Andrews Cir, Orlando, FL 32835",7818 Saint Andrews Cir,,Orlando,FL,32835,Orange County,28.518731,-81.499746,single_family,4.0,3.0,2360.0,8031.0,1994.0,Inactive,489000,2022-09-22T23:11:15.000Z,50,13.100119813444692
"1212-S-Hiawassee-Rd,-Apt-524,-Orlando,-FL-32835","1212 S Hiawassee Rd, Apt 524, Orlando, FL 32835",1212 S Hiawassee Rd,Apt 524,Orlando,FL,32835,Orange County,28.524296,-81.473187,condo,3.0,2.0,1408.0,15682.0,1998.0,Inactive,259000,2022-10-09T14:18:07.000Z,33,12.464587201678082
"1037-S-Hiawassee-Rd,-Apt-2813,-Orlando,-FL-32835","1037 S Hiawassee Rd, Apt 2813, Orlando, FL 32835",1037 S Hiawassee Rd,Apt 2813,Orlando,FL,32835,Orange County,28.529906,-81.471522,condo,1.0,1.0,673.0,8637.0,1989.0,Inactive,149999,2022-10-26T21:07:42.000Z,15,11.918390573078392
"6451-Old-Park-Ln,-Unit-101,-Orlando,-FL-32835","6451 Old Park Ln, Unit 101, Orlando, FL 32835",6451 Old Park Ln,Unit 101,Orlando,FL,32835,Orange County,28.514841,-81.468906,condo,3.0,2.0,1247.0,1280.0,2005.0,Inactive,275000,2022-09-13T03:35:25.000Z,58,12.524530013005734
"3202-Parkchester-Square-Blvd,-Apt-102,-Orlando,-FL-32835","3202 Parkchester Square Blvd, Apt 102, Orlando, FL 32835",3202 Parkchester Square Blvd,Apt 102,Orlando,FL,32835,Orange County,28.509043,-81.472419,condo,2.0,2.0,1235.0,5615.0,2000.0,Inactive,239500,2022-10-01T18:47:11.000Z,39,12.386312871189734
"3807-Norbury-Ct,-Orlando,-FL-32835","3807 Norbury Ct, Orlando, FL 32835",3807 Norbury Ct,,Orlando,FL,32835,Orange County,28.497985,-81.493167,single_family,5.0,5.0,3994.0,15682.0,1996.0,Inactive,949900,2022-10-23T13:05:15.000Z,18,13.764113047620114
"1041-S-Hiawassee-Rd,-Apt-3011,-Orlando,-FL-32835","1041 S Hiawassee Rd, Apt 3011, Orlando, FL 32835",1041 S Hiawassee Rd,Apt 3011,Orlando,FL,32835,Orange County,28.52991,-81.472313,condo,2.0,2.0,829.0,3781.0,1989.0,Inactive,199925,2022-09-08T11:17:21.000Z,62,12.205702577063285
"6034-Westgate-Dr,-Apt-203,-Orlando,-FL-32835","6034 Westgate Dr, Apt 203, Orlando, FL 32835",6034 Westgate Dr,Apt 203,Orlando,FL,32835,Orange County,28.531757,-81.46492,condo,1.0,1.0,1184.0,4445.0,1988.0,Inactive,179900,2022-09-12T20:29:56.000Z,57,12.100161978566867
"6376-Raleigh-St,-Apt-2002,-Orlando,-FL-32835","6376 Raleigh St, Apt 2002, Orlando, FL 32835",6376 Raleigh St,Apt 2002,Orlando,FL,32835,Orange County,28.525017,-81.468692,condo,2.0,2.0,1051.0,4534.0,1997.0,Inactive,225900,2022-10-16T19:05:27.000Z,23,12.32785212918379
"7821-Killary-Ct,-Orlando,-FL-32835","7821 Killary Ct, Orlando, FL 32835",7821 Killary Ct,,Orlando,FL,32835,Orange County,28.544049,-81.491,single_family,3.0,2.0,1359.0,10890.0,1989.0,Inactive,369000,2022-10-25T22:06:16.000Z,14,12.818554633046093
"7100-Carlene-Dr,-Orlando,-FL-32835","7100 Carlene Dr, Orlando, FL 32835",7100 Carlene Dr,,Orlando,FL,32835,Orange County,28.53219,-81.478076,single_family,4.0,2.0,2697.0,16553.0,1981.0,Inactive,430000,2022-06-21T15:32:36.000Z,139,12.971542813248437
"6004-Westgate-Dr,-Apt-302,-Orlando,-FL-32835","6004 Westgate Dr, Apt 302, Orlando, FL 32835",6004 Westgate Dr,Apt 302,Orlando,FL,32835,Orange County,28.530618,-81.464681,condo,1.0,1.0,1037.0,4445.0,1988.0,Inactive,150000,2022-10-27T15:07:42.000Z,11,11.918397239722838
"3337-Soho-St,-Apt-201,-Orlando,-FL-32835","3337 Soho St, Apt 201, Orlando, FL 32835",3337 Soho St,Apt 201,Orlando,FL,32835,Orange County,28.507986,-81.474019,condo,1.0,1.0,930.0,5987.0,2000.0,Inactive,194900,2022-08-22T16:06:36.000Z,74,12.180247016318816
"6171-Metrowest-Blvd,-Unit-204,-Orlando,-FL-32835","6171 Metrowest Blvd, Unit 204, Orlando, FL 32835",6171 Metrowest Blvd,Unit 204,Orlando,FL,32835,Orange County,28.516304,-81.466631,condo,1.0,1.0,731.0,6113.0,2004.0,Inactive,178000,2022-09-14T19:29:47.000Z,51,12.08954444723597
"6097-Froggatt-St,-Orlando,-FL-32835","6097 Froggatt St, Orlando, FL 32835",6097 Froggatt St,,Orlando,FL,32835,Orange County,28.507891,-81.466215,single_family,4.0,2.0,1959.0,5738.0,2004.0,Inactive,420000,2022-03-11T08:10:26.000Z,238,12.948012371209098
"7748-Pineapple-Dr,-Orlando,-FL-32835","7748 Pineapple Dr, Orlando, FL 32835",7748 Pineapple Dr,,Orlando,FL,32835,Orange County,28.534266,-81.489413,single_family,3.0,2.0,1391.0,9783.0,1984.0,Inactive,398900,2022-07-13T14:18:42.000Z,114,12.896468544784314
"1148-Summer-Lakes-Dr,-Orlando,-FL-32835","1148 Summer Lakes Dr, Orlando, FL 32835",1148 Summer Lakes Dr,,Orlando,FL,32835,Orange County,28.538455,-81.486022,single_family,3.0,2.0,1454.0,10890.0,1989.0,Inactive,395000,2022-09-13T01:06:15.000Z,52,12.886643575525625
"6312-Buford-St,-Apt-809,-Orlando,-FL-32835","6312 Buford St, Apt 809, Orlando, FL 32835",6312 Buford St,Apt 809,Orlando,FL,32835,Orange County,28.505589,-81.466656,condo,3.0,2.0,2010.0,20473.0,2005.0,Inactive,379000,2022-06-11T20:22:44.000Z,143,12.84529412258351
"3270-Villa-Strada-Way,-Orlando,-FL-32835","3270 Villa Strada Way, Orlando, FL 32835",3270 Villa Strada Way,,Orlando,FL,32835,Orange County,28.510361,-81.460772,townhouse,3.0,2.5,1606.0,1883.0,2006.0,Inactive,329850,2022-09-23T00:23:16.000Z,38,12.706396316327488
"1144-Summer-Lakes-Dr,-Orlando,-FL-32835","1144 Summer Lakes Dr, Orlando, FL 32835",1144 Summer Lakes Dr,,Orlando,FL,32835,Orange County,28.538343,-81.486143,single_family,3.0,2.5,1459.0,10890.0,1989.0,Inactive,350000,2022-09-06T19:18:00.000Z,52,12.765691290604371
"2544-Robert-Trent-Jones-Dr,-Apt-815,-Orlando,-FL-32835","2544 Robert Trent Jones Dr, Apt 815, Orlando, FL 32835",2544 Robert Trent Jones Dr,Apt 815,Orlando,FL,32835,Orange County,28.515914,-81.472203,condo,2.0,1.0,933.0,11761.0,1995.0,Inactive,179900,2022-10-17T13:05:47.000Z,12,12.100161978566867
"7805-Saranac-Ct,-Orlando,-FL-32835","7805 Saranac Ct, Orlando, FL 32835",7805 Saranac Ct,,Orlando,FL,32835,Orange County,28.49752,-81.488478,single_family,4.0,2.0,2710.0,20909.0,1981.0,Inactive,650000,2022-10-17T13:42:15.000Z,11,13.384729180332174
"6451-Old-Park-Ln,-Unit-105,-Orlando,-FL-32835","6451 Old Park Ln, Unit 105, Orlando, FL 32835",6451 Old Park Ln,Unit 105,Orlando,FL,32835,Orange County,28.514899,-81.4687,condo,3.0,2.0,1412.0,1917.0,2005.0,Inactive,339900,2022-08-04T19:42:11.000Z,83,12.736409677721657
"6171-Metrowest-Blv-Blvd,-Unit-103,-Orlando,-FL-32835","6171 Metrowest Blv Blvd, Unit 103, Orlando, FL 32835",6171 Metrowest Blv Blvd,Unit 103,Orlando,FL,32835,Orange County,28.516304,-81.466631,condo,1.0,1.0,750.0,8756.0,2004.0,Inactive,199888,2022-09-19T18:19:06.000Z,37,12.205517491460665
"6360-Raleigh-St,-Apt-1703,-Orlando,-FL-32835","6360 Raleigh St, Apt 1703, Orlando, FL 32835",6360 Raleigh St,Apt 1703,Orlando,FL,32835,Orange County,28.525735,-81.469353,condo,2.0,2.0,1051.0,4673.0,1997.0,Inactive,210000,2022-09-28T18:47:53.000Z,28,12.25486757159303
"3280-Soho-St,-Apt-305,-Orlando,-FL-32835","3280 Soho St, Apt 305, Orlando, FL 32835",3280 Soho St,Apt 305,Orlando,FL,32835,Orange County,28.508337,-81.475078,condo,2.0,2.0,1233.0,11761.0,2000.0,Inactive,205000,2022-10-13T20:07:16.000Z,12,12.230770136157428
"7002-Harbor-Heights-Dr,-Orlando,-FL-32835","7002 Harbor Heights Dr, Orlando, FL 32835",7002 Harbor Heights Dr,,Orlando,FL,32835,Orange County,28.536948,-81.476269,single_family,3.0,2.0,1223.0,4459.0,1982.0,Inactive,275000,2022-10-15T19:06:41.000Z,10,12.524530013005734
"903-Palm-Cove-Dr,-Orlando,-FL-32835","903 Palm Cove Dr, Orlando, FL 32835",903 Palm Cove Dr,,Orlando,FL,32835,Orange County,28.526464,-81.505533,single_family,3.0,2.0,1856.0,11326.0,1994.0,Inactive,519000,2022-09-01T03:29:51.000Z,54,13.159661088928443
"6404-Raleigh-St,-Apt-2302,-Orlando,-FL-32835","6404 Raleigh St, Apt 2302, Orlando, FL 32835",6404 Raleigh St,Apt 2302,Orlando,FL,32835,Orange County,28.525617,-81.468421,condo,2.0,2.0,1051.0,4912.0,1997.0,Inactive,220000,2022-09-14T18:44:18.000Z,40,12.301387370778713
"3406-Soho-St,-Apt-208,-Orlando,-FL-32835","3406 Soho St, Apt 208, Orlando, FL 32835",3406 Soho St,Apt 208,Orlando,FL,32835,Orange County,28.507653,-81.474371,condo,2.0,2.0,1107.0,8756.0,2000.0,Inactive,195000,2022-10-12T14:41:35.000Z,13,12.180759965737863
"911-Grand-Cayman-Ct,-Orlando,-FL-32835","911 Grand Cayman Ct, Orlando, FL 32835",911 Grand Cayman Ct,,Orlando,FL,32835,Orange County,28.530144,-81.476103,single_family,3.0,2.0,1252.0,6235.0,1983.0,Inactive,329900,2022-05-17T19:34:58.000Z,159,12.706547888433661
"304-Alston-Dr,-Orlando,-FL-32835","304 Alston Dr, Orlando, FL 32835",304 Alston Dr,,Orlando,FL,32835,Orange County,28.545341,-81.481933,multi-family,2.0,2.0,1007.0,5663.0,1988.0,Inactive,219900,2022-10-14T01:47:31.000Z,10,12.300932724054114
"6091-Froggatt-St,-Orlando,-FL-32835","6091 Froggatt St, Orlando, FL 32835",6091 Froggatt St,,Orlando,FL,32835,Orange County,28.50789,-81.46606,single_family,3.0,2.0,1833.0,5737.0,2004.0,Inactive,395000,2022-08-23T20:47:23.000Z,60,12.886643575525625
"210-Alston-Dr,-Orlando,-FL-32835","210 Alston Dr, Orlando, FL 32835",210 Alston Dr,,Orlando,FL,32835,Orange County,28.544568,-81.483035,multi-family,2.0,2.0,1007.0,5549.0,1987.0,Inactive,230000,2022-10-11T14:42:17.000Z,12,12.345838935721968
"509-S-Candler-Ave,-Orlando,-FL-32835","509 S Candler Ave, Orlando, FL 32835",509 S Candler Ave,,Orlando,FL,32835,Orange County,28.53445,-81.472751,single_family,3.0,1.0,1060.0,6065.0,1984.0,Inactive,250000,2022-03-02T15:46:59.000Z,233,12.429220196836383
"2124-Stillington-St,-Orlando,-FL-32835","2124 Stillington St, Orlando, FL 32835",2124 Stillington St,,Orlando,FL,32835,Orange County,28.509335,-81.494568,single_family,5.0,3.5,3354.0,10890.0,2001.0,Inactive,820000,2022-07-02T04:08:06.000Z,112,13.617060838751888
"6372-Raleigh-St,-Apt-1912,-Orlando,-FL-32835","6372 Raleigh St, Apt 1912, Orlando, FL 32835",6372 Raleigh St,Apt 1912,Orlando,FL,32835,Orange County,28.525063,-81.469059,condo,2.0,2.0,1062.0,5998.0,1997.0,Inactive,239000,2022-10-09T01:05:10.000Z,12,12.384223015005313
"8048-Aspencrest-Ct,-Orlando,-FL-32835","8048 Aspencrest Ct, Orlando, FL 32835",8048 Aspencrest Ct,,Orlando,FL,32835,Orange County,28.546654,-81.495024,single_family,4.0,2.0,1629.0,6596.0,1996.0,Inactive,379999,2022-09-14T03:29:11.000Z,36,12.84792653170257
"3344-Robert-Trent-Jones-Dr,-Unit-410,-Orlando,-FL-32835","3344 Robert Trent Jones Dr, Unit 410, Orlando, FL 32835",3344 Robert Trent Jones Dr,Unit 410,Orlando,FL,32835,Orange County,28.506385,-81.471408,condo,3.0,2.0,1412.0,16117.0,2008.0,Inactive,270000,2022-05-19T16:47:37.000Z,152,12.506180941677357
"6480-Ranelagh-Dr,-Unit-108,-Orlando,-FL-32835","6480 Ranelagh Dr, Unit 108, Orlando, FL 32835",6480 Ranelagh Dr,Unit 108,Orlando,FL,32835,Orange County,28.506085,-81.469491,condo,3.0,2.5,1665.0,1020.0,2004.0,Inactive,299999,2022-08-10T17:41:51.000Z,69,12.611537753638338
"8121-Conroy-Windermere-Rd,-Orlando,-FL-32835","8121 Conroy Windermere Rd, Orlando, FL 32835",8121 Conroy Windermere Rd,,Orlando,FL,32835,Orange County,28.494473,-81.495068,single_family,4.0,2.5,2695.0,335412.0,1970.0,Inactive,1900000,2021-07-26T16:24:22.000Z,448,14.45736497045232
"2648-Robert-Trent-Jones-Dr,-Apt-213,-Orlando,-FL-32835","2648 Robert Trent Jones Dr, Apt 213, Orlando, FL 32835",2648 Robert Trent Jones Dr,Apt 213,Orlando,FL,32835,Orange County,28.514265,-81.471206,condo,2.0,1.0,933.0,11326.0,1995.0,Inactive,169000,2022-08-05T20:41:36.000Z,73,12.037659911047468
"1013-S-Hiawassee-Rd,-Apt-3623,-Orlando,-FL-32835","1013 S Hiawassee Rd, Apt 3623, Orlando, FL 32835",1013 S Hiawassee Rd,Apt 3623,Orlando,FL,32835,Orange County,28.529932,-81.474017,condo,1.0,1.0,673.0,8753.0,1989.0,Inactive,145000,2022-10-04T17:06:41.000Z,13,11.884495917930655
"6124-Westgate-Dr,-Apt-102,-Orlando,-FL-32835","6124 Westgate Dr, Apt 102, Orlando, FL 32835",6124 Westgate Dr,Apt 102,Orlando,FL,32835,Orange County,28.53178,-81.466024,condo,2.0,2.0,943.0,5936.0,1988.0,Inactive,199950,2022-09-23T14:07:19.000Z,22,12.20582761551277
"7978-Wellsmere-Cir,-Orlando,-FL-32835","7978 Wellsmere Cir, Orlando, FL 32835",7978 Wellsmere Cir,,Orlando,FL,32835,Orange County,28.534449,-81.495238,single_family,3.0,2.0,1829.0,10454.0,1989.0,Inactive,429900,2022-07-17T13:28:49.000Z,89,12.971310228604022
"1037-S-Hiawassee-Rd,-Apt-2811,-Orlando,-FL-32835","1037 S Hiawassee Rd, Apt 2811, Orlando, FL 32835",1037 S Hiawassee Rd,Apt 2811,Orlando,FL,32835,Orange County,28.529906,-81.471522,condo,2.0,2.0,934.0,8637.0,1989.0,Inactive,230000,2022-08-19T17:41:26.000Z,54,12.345838935721968
"3468-Soho-St,-Apt-B04,-Orlando,-FL-32835","3468 Soho St, Apt B04, Orlando, FL 32835",3468 Soho St,Apt B04,Orlando,FL,32835,Orange County,28.506421,-81.472907,condo,2.0,2.0,1233.0,11761.0,2000.0,Inactive,199000,2022-09-14T18:11:16.000Z,28,12.201065128819632
"6336-Buford-St,-Apt-703,-Orlando,-FL-32835","6336 Buford St, Apt 703, Orlando, FL 32835",6336 Buford St,Apt 703,Orlando,FL,32835,Orange County,28.505579,-81.467714,condo,3.0,2.5,2260.0,20473.0,2005.0,Inactive,425000,2022-06-29T06:35:15.000Z,105,12.959846800844963
"3344-Robert-Trent-Jones-Dr,---41005,-Orlando,-FL-32835","3344 Robert Trent Jones Dr, # 41005, Orlando, FL 32835",3344 Robert Trent Jones Dr,# 41005,Orlando,FL,32835,Orange County,28.506385,-81.471408,condo,3.0,2.0,1412.0,16117.0,2008.0,Inactive,280000,2022-05-19T16:47:37.000Z,144,12.54254845357358
"6184-Westgate-Dr,-Apt-202,-Orlando,-FL-32835","6184 Westgate Dr, Apt 202, Orlando, FL 32835",6184 Westgate Dr,Apt 202,Orlando,FL,32835,Orange County,28.531316,-81.467297,condo,1.0,1.0,1228.0,4445.0,1988.0,Inactive,185000,2022-07-23T16:49:21.000Z,78,12.128116509451258
"2528-Robert-Trent-Jones-Dr,-Apt-1622,-Orlando,-FL-32835","2528 Robert Trent Jones Dr, Apt 1622, Orlando, FL 32835",2528 Robert Trent Jones Dr,Apt 1622,Orlando,FL,32835,Orange County,28.515576,-81.470818,condo,2.0,1.0,933.0,11761.0,1995.0,Inactive,155000,2022-09-19T15:17:36.000Z,20,11.951186847493476
"8097-Sweetgum-Loop,-Orlando,-FL-32835","8097 Sweetgum Loop, Orlando, FL 32835",8097 Sweetgum Loop,,Orlando,FL,32835,Orange County,28.532963,-81.492598,single_family,3.0,2.0,1613.0,17424.0,1986.0,Inactive,379900,2022-08-30T11:47:08.000Z,40,12.847665971443902
"6121-Metrowest-Blvd,-Unit-108,-Orlando,-FL-32835","6121 Metrowest Blvd, Unit 108, Orlando, FL 32835",6121 Metrowest Blvd,Unit 108,Orlando,FL,32835,Orange County,28.516516,-81.464801,condo,4.0,3.0,1868.0,743.0,2004.0,Inactive,380000,2022-06-14T15:04:29.000Z,115,12.847929163278053
"6592-Time-Square-Ave,-Apt-102,-Orlando,-FL-32835","6592 Time Square Ave, Apt 102, Orlando, FL 32835",6592 Time Square Ave,Apt 102,Orlando,FL,32835,Orange County,28.508384,-81.472299,condo,2.0,2.5,1548.0,3674.0,2000.0,Inactive,264900,2022-08-25T14:17:22.000Z,44,12.487111450262473
"114-Winter-Ridge-Cir,-Orlando,-FL-32835","114 Winter Ridge Cir, Orlando, FL 32835",114 Winter Ridge Cir,,Orlando,FL,32835,Orange County,28.540508,-81.477669,single_family,2.0,1.0,858.0,5472.0,1984.0,Inactive,225000,2022-09-22T17:06:49.000Z,15,12.323860125621126
"6154-Westgate-Dr,-Apt-201,-Orlando,-FL-32835","6154 Westgate Dr, Apt 201, Orlando, FL 32835",6154 Westgate Dr,Apt 201,Orlando,FL,32835,Orange County,28.530558,-81.466455,condo,1.0,1.0,722.0,4445.0,1988.0,Inactive,147990,2022-09-20T01:35:36.000Z,16,11.904906740086389
"2712-Grantham-Ct,-Orlando,-FL-32835","2712 Grantham Ct, Orlando, FL 32835",2712 Grantham Ct,,Orlando,FL,32835,Orange County,28.514075,-81.491944,single_family,3.0,2.0,1676.0,6425.0,1990.0,Inactive,408000,2022-09-22T19:42:31.000Z,13,12.919024904363686
"1125-Mission-Ridge-Ct,-Orlando,-FL-32835","1125 Mission Ridge Ct, Orlando, FL 32835",1125 Mission Ridge Ct,,Orlando,FL,32835,Orange County,28.525069,-81.472883,single_family,4.0,3.0,2307.0,18731.0,1992.0,Inactive,609900,2022-08-31T04:46:52.000Z,35,13.321051927896255
"2320-Longmoore-Ct,-Orlando,-FL-32835","2320 Longmoore Ct, Orlando, FL 32835",2320 Longmoore Ct,,Orlando,FL,32835,Orange County,28.506671,-81.498761,single_family,4.0,3.0,3248.0,15246.0,1997.0,Inactive,825000,2022-08-10T21:08:32.000Z,54,13.623139877437296
"2805-Polvadero-Ln,-Unit-105,-Orlando,-FL-32835","2805 Polvadero Ln, Unit 105, Orlando, FL 32835",2805 Polvadero Ln,Unit 105,Orlando,FL,32835,Orange County,28.513208,-81.467428,condo,3.0,2.5,1682.0,1094.0,2005.0,Inactive,319000,2022-08-26T19:07:04.000Z,38,12.672949516558306
"3190-Dante-Dr,-Unit-308,-Orlando,-FL-32835","3190 Dante Dr, Unit 308, Orlando, FL 32835",3190 Dante Dr,Unit 308,Orlando,FL,32835,Orange County,28.509208,-81.466884,condo,3.0,2.0,1206.0,15246.0,2002.0,Inactive,244900,2022-09-14T10:41:15.000Z,20,12.408609326231229
"7208-Catamaran-Dr,-Orlando,-FL-32835","7208 Catamaran Dr, Orlando, FL 32835",7208 Catamaran Dr,,Orlando,FL,32835,Orange County,28.537346,-81.479707,single_family,3.0,2.0,1326.0,9766.0,1982.0,Inactive,332000,2022-09-16T13:23:45.000Z,18,12.712893259942282
"3190-Dante-Dr,-Unit-306,-Orlando,-FL-32835","3190 Dante Dr, Unit 306, Orlando, FL 32835",3190 Dante Dr,Unit 306,Orlando,FL,32835,Orange County,28.509208,-81.466884,condo,3.0,2.0,1206.0,15246.0,2002.0,Inactive,250000,2022-09-19T00:09:55.000Z,15,12.429220196836383
"2674-Robert-Trent-Jones-Dr,-Apt-334,-Orlando,-FL-32835","2674 Robert Trent Jones Dr, Apt 334, Orlando, FL 32835",2674 Robert Trent Jones Dr,Apt 334,Orlando,FL,32835,Orange County,28.51333,-81.471237,condo,1.0,1.0,674.0,9127.0,1995.0,Inactive,149900,2022-09-21T01:11:37.000Z,13,11.917730355182513
"1077-S-Hiawassee-Rd,-Apt-812,-Orlando,-FL-32835","1077 S Hiawassee Rd, Apt 812, Orlando, FL 32835",1077 S Hiawassee Rd,Apt 812,Orlando,FL,32835,Orange County,28.528256,-81.471771,condo,2.0,2.0,829.0,3811.0,1989.0,Inactive,194925,2022-09-02T03:08:07.000Z,30,12.180375278342915
"6413-Astor-Village-Ave,-Apt-107,-Orlando,-FL-32835","6413 Astor Village Ave, Apt 107, Orlando, FL 32835",6413 Astor Village Ave,Apt 107,Orlando,FL,32835,Orange County,28.508921,-81.470718,condo,2.0,2.0,1107.0,22651.0,2000.0,Inactive,190000,2022-07-15T22:10:44.000Z,76,12.154784614286667
"414-S-Candler-Ave,-Orlando,-FL-32835","414 S Candler Ave, Orlando, FL 32835",414 S Candler Ave,,Orlando,FL,32835,Orange County,28.535272,-81.473294,single_family,3.0,2.0,1094.0,6061.0,1985.0,Inactive,290000,2022-08-17T23:06:06.000Z,43,12.577639650232573
"6214-Stevenson-Dr,-Unit-309,-Orlando,-FL-32835","6214 Stevenson Dr, Unit 309, Orlando, FL 32835",6214 Stevenson Dr,Unit 309,Orlando,FL,32835,Orange County,28.508604,-81.466102,condo,3.0,2.0,1408.0,15246.0,2002.0,Inactive,250000,2022-08-13T12:07:38.000Z,47,12.429220196836383
"3619-Winding-Lake-Cir,-Orlando,-FL-32835","3619 Winding Lake Cir, Orlando, FL 32835",3619 Winding Lake Cir,,Orlando,FL,32835,Orange County,28.496372,-81.494362,single_family,4.0,4.5,3414.0,27878.0,1997.0,Inactive,850000,2022-09-15T00:41:29.000Z,14,13.652992804936396
"3250-Corona-Village-Way,-Apt-301,-Orlando,-FL-32835","3250 Corona Village Way, Apt 301, Orlando, FL 32835",3250 Corona Village Way,Apt 301,Orlando,FL,32835,Orange County,28.508577,-81.475708,condo,2.0,2.0,1107.0,11761.0,2000.0,Inactive,220000,2022-08-22T18:48:38.000Z,36,12.301387370778713
"5-N-John-St,-Orlando,-FL-32835","5 N John St, Orlando, FL 32835",5 N John St,,Orlando,FL,32835,Orange County,28.541485,-81.462101,single_family,3.0,1.0,1012.0,7002.0,1987.0,Inactive,185000,2022-08-26T14:06:39.000Z,33,12.128116509451258
"6166-Stevenson-Dr,-Unit-106,-Orlando,-FL-32835","6166 Stevenson Dr, Unit 106, Orlando, FL 32835",6166 Stevenson Dr,Unit 106,Orlando,FL,32835,Orange County,28.508519,-81.465465,condo,3.0,2.0,1206.0,15246.0,2003.0,Inactive,240000,2022-09-07T16:07:37.000Z,20,12.388398368982115
"3214-Villa-Strada-Way,-Orlando,-FL-32835","3214 Villa Strada Way, Orlando, FL 32835",3214 Villa Strada Way,,Orlando,FL,32835,Orange County,28.510021,-81.461678,townhouse,3.0,2.5,1769.0,1941.0,2007.0,Inactive,329999,2022-09-08T11:35:10.000Z,20,12.706847933442663
"257-Dempsey-Way,-Orlando,-FL-32835","257 Dempsey Way, Orlando, FL 32835",257 Dempsey Way,,Orlando,FL,32835,Orange County,28.53755,-81.493049,single_family,3.0,2.0,1629.0,12632.0,1989.0,Inactive,394000,2022-07-11T21:33:13.000Z,77,12.884108726347916
"28-S-Lancelot-Ave,-Orlando,-FL-32835","28 S Lancelot Ave, Orlando, FL 32835",28 S Lancelot Ave,,Orlando,FL,32835,Orange County,28.540409,-81.471482,single_family,4.0,2.0,1563.0,6963.0,2007.0,Inactive,340000,2022-07-19T14:35:40.000Z,70,12.73670383776449
"5955-Westgate-Dr,-Apt-1612,-Orlando,-FL-32835","5955 Westgate Dr, Apt 1612, Orlando, FL 32835",5955 Westgate Dr,Apt 1612,Orlando,FL,32835,Orange County,28.532936,-81.463567,condo,3.0,2.0,1257.0,5484.0,1999.0,Inactive,289000,2022-08-20T13:29:06.000Z,38,12.574185427296195
"1075-S-Hiawassee-Rd,-Apt-913,-Orlando,-FL-32835","1075 S Hiawassee Rd, Apt 913, Orlando, FL 32835",1075 S Hiawassee Rd,Apt 913,Orlando,FL,32835,Orange County,28.528616,-81.471892,condo,1.0,1.0,627.0,7451.0,1989.0,Inactive,160000,2022-09-07T21:42:13.000Z,19,11.982935344196433
"7135-Yacht-Basin-Ave,-Apt-213,-Orlando,-FL-32835","7135 Yacht Basin Ave, Apt 213, Orlando, FL 32835",7135 Yacht Basin Ave,Apt 213,Orlando,FL,32835,Orange County,28.512783,-81.484826,condo,3.0,2.0,1408.0,16553.0,1997.0,Inactive,264500,2022-09-13T16:48:28.000Z,13,12.48560031099168
"7204-Alston-Ct,-Orlando,-FL-32835","7204 Alston Ct, Orlando, FL 32835",7204 Alston Ct,,Orlando,FL,32835,Orange County,28.546527,-81.481918,single_family,3.0,2.5,1317.0,6327.0,1987.0,Inactive,320000,2022-08-31T14:47:42.000Z,26,12.676079399771027
"242-S-Lancelot-Ave,-Orlando,-FL-32835","242 S Lancelot Ave, Orlando, FL 32835",242 S Lancelot Ave,,Orlando,FL,32835,Orange County,28.537619,-81.471476,single_family,3.0,2.0,1279.0,6802.0,2014.0,Inactive,325000,2022-09-13T13:29:40.000Z,13,12.691583538230217
"7330-Westpointe-Blvd,-Apt-422,-Orlando,-FL-32835","7330 Westpointe Blvd, Apt 422, Orlando, FL 32835",7330 Westpointe Blvd,Apt 422,Orlando,FL,32835,Orange County,28.516597,-81.489907,condo,1.0,1.0,842.0,6033.0,1994.0,Inactive,175000,2022-09-16T22:17:50.000Z,9,12.07254696717504
"3332-Robert-Trent-Jones-Dr,---30903,-Orlando,-FL-32835","3332 Robert Trent Jones Dr, # 30903, Orlando, FL 32835",3332 Robert Trent Jones Dr,# 30903,Orlando,FL,32835,Orange County,28.505906,-81.470596,condo,3.0,2.0,1447.0,16117.0,2006.0,Inactive,285000,2022-06-17T20:44:15.000Z,97,12.560247968016562
"6094-Westgate-Dr,-Apt-203,-Orlando,-FL-32835","6094 Westgate Dr, Apt 203, Orlando, FL 32835",6094 Westgate Dr,Apt 203,Orlando,FL,32835,Orange County,28.532531,-81.466494,condo,1.0,1.0,1228.0,4484.0,1988.0,Inactive,175000,2022-07-13T00:10:34.000Z,72,12.07254696717504
"6021-Westgate-Dr,-Apt-811,-Orlando,-FL-32835","6021 Westgate Dr, Apt 811, Orlando, FL 32835",6021 Westgate Dr,Apt 811,Orlando,FL,32835,Orange County,28.533821,-81.464994,condo,2.0,2.0,1077.0,4759.0,1999.0,Inactive,224995,2022-09-02T17:29:58.000Z,20,12.323837903250753
"3643-King-George-Dr,-Orlando,-FL-32835","3643 King George Dr, Orlando, FL 32835",3643 King George Dr,,Orlando,FL,32835,Orange County,28.504447,-81.506236,single_family,4.0,3.0,2815.0,12197.0,2002.0,Inactive,780000,2022-09-11T18:29:21.000Z,11,13.567050480716235
"2558-Robert-Trent-Jones-Dr,-Apt-1437,-Orlando,-FL-32835","2558 Robert Trent Jones Dr, Apt 1437, Orlando, FL 32835",2558 Robert Trent Jones Dr,Apt 1437,Orlando,FL,32835,Orange County,28.516301,-81.472869,condo,2.0,2.0,1150.0,10890.0,1995.0,Inactive,205000,2022-07-22T03:22:53.000Z,62,12.230770136157428
"3301-Soho-St,-Apt-49-201,-Orlando,-FL-32835","3301 Soho St, Apt 49-201, Orlando, FL 32835",3301 Soho St,Apt 49-201,Orlando,FL,32835,Orange County,28.508229,-81.474229,condo,3.0,2.0,1430.0,4885.0,2000.0,Inactive,285000,2022-08-24T22:16:53.000Z,28,12.560247968016562
"8042-Horse-Ferry-Rd,-Orlando,-FL-32835","8042 Horse Ferry Rd, Orlando, FL 32835",8042 Horse Ferry Rd,,Orlando,FL,32835,Orange County,28.506417,-81.504117,single_family,5.0,4.0,3252.0,12632.0,2000.0,Inactive,825000,2022-09-07T13:23:41.000Z,14,13.623139877437296
"7258-Branchtree-Dr,-Orlando,-FL-32835","7258 Branchtree Dr, Orlando, FL 32835",7258 Branchtree Dr,,Orlando,FL,32835,Orange County,28.499061,-81.480357,single_family,4.0,3.0,2690.0,16988.0,1987.0,Inactive,557900,2022-06-09T13:37:15.000Z,103,13.231936806267933
"3209-Parkchester-Square-Blvd,-Apt-201,-Orlando,-FL-32835","3209 Parkchester Square Blvd, Apt 201, Orlando, FL 32835",3209 Parkchester Square Blvd,Apt 201,Orlando,FL,32835,Orange County,28.509242,-81.471972,condo,2.0,2.0,1107.0,10454.0,2000.0,Inactive,220000,2022-06-11T03:22:25.000Z,97,12.301387370778713
"6462-Cantua-Ln,-Unit-103,-Orlando,-FL-32835","6462 Cantua Ln, Unit 103, Orlando, FL 32835",6462 Cantua Ln,Unit 103,Orlando,FL,32835,Orange County,28.514293,-81.470193,condo,3.0,2.0,1438.0,1021.0,2005.0,Inactive,310000,2022-07-09T18:58:45.000Z,68,12.644330802262578
"6055-Westgate-Dr,-Apt-521,-Orlando,-FL-32835","6055 Westgate Dr, Apt 521, Orlando, FL 32835",6055 Westgate Dr,Apt 521,Orlando,FL,32835,Orange County,28.533295,-81.466135,condo,3.0,2.0,1308.0,1400.0,1999.0,Inactive,248000,2022-07-29T02:26:58.000Z,49,12.421188057397055
"7147-Yacht-Basin-Ave,-Apt-112,-Orlando,-FL-32835","7147 Yacht Basin Ave, Apt 112, Orlando, FL 32835",7147 Yacht Basin Ave,Apt 112,Orlando,FL,32835,Orange County,28.513265,-81.485006,condo,3.0,2.0,1206.0,8756.0,1997.0,Inactive,248000,2022-08-18T16:47:29.000Z,28,12.421188057397055
"8224-Wellsmere-Cir,-Orlando,-FL-32835","8224 Wellsmere Cir, Orlando, FL 32835",8224 Wellsmere Cir,,Orlando,FL,32835,Orange County,28.536701,-81.496402,single_family,3.0,2.0,1759.0,9978.0,1989.0,Inactive,440000,2022-06-30T22:27:37.000Z,76,12.994532278619134
"7233-Hawksnest-Blvd,-Orlando,-FL-32835","7233 Hawksnest Blvd, Orlando, FL 32835",7233 Hawksnest Blvd,,Orlando,FL,32835,Orange County,28.520085,-81.485221,single_family,3.0,2.5,2280.0,6609.0,1990.0,Inactive,595000,2022-07-12T22:52:02.000Z,64,13.296318365198623
"3209-Parkchester-Square-Blvd,-Apt-205,-Orlando,-FL-32835","3209 Parkchester Square Blvd, Apt 205, Orlando, FL 32835",3209 Parkchester Square Blvd,Apt 205,Orlando,FL,32835,Orange County,28.509242,-81.471972,condo,2.0,2.0,1233.0,10454.0,2000.0,Inactive,245000,2022-08-17T01:10:56.000Z,29,12.409017571151187
"1031-S-Hiawassee-Rd,-Apt-2514,-Orlando,-FL-32835","1031 S Hiawassee Rd, Apt 2514, Orlando, FL 32835",1031 S Hiawassee Rd,Apt 2514,Orlando,FL,32835,Orange County,28.52927,-81.473065,condo,1.0,1.0,627.0,7361.0,1989.0,Inactive,150000,2022-08-19T12:47:13.000Z,27,11.918397239722838
"2016-Whitfield-Ln,-Orlando,-FL-32835","2016 Whitfield Ln, Orlando, FL 32835",2016 Whitfield Ln,,Orlando,FL,32835,Orange County,28.510469,-81.505559,single_family,4.0,3.0,2895.0,23087.0,1990.0,Inactive,749900,2022-07-22T20:08:00.000Z,53,13.527696476799726
"5979-Westgate-Dr,-Apt-1013,-Orlando,-FL-32835","5979 Westgate Dr, Apt 1013, Orlando, FL 32835",5979 Westgate Dr,Apt 1013,Orlando,FL,32835,Orange County,28.533846,-81.464324,condo,3.0,2.5,1257.0,1667.0,1999.0,Inactive,219000,2022-08-26T19:07:04.000Z,18,12.296831574998258
"4503-Windsmere-Blvd,-Orlando,-FL-32835","4503 Windsmere Blvd, Orlando, FL 32835",4503 Windsmere Blvd,,Orlando,FL,32835,Orange County,28.496844,-81.480861,single_family,4.0,3.5,2655.0,21780.0,1980.0,Inactive,490000,2022-09-01T21:07:11.000Z,12,13.102162710901053
"5961-Westgate-Dr,-Apt-2027,-Orlando,-FL-32835","5961 Westgate Dr, Apt 2027, Orlando, FL 32835",5961 Westgate Dr,Apt 2027,Orlando,FL,32835,Orange County,28.532841,-81.464348,condo,2.0,2.0,1344.0,8756.0,1999.0,Inactive,250000,2022-07-21T21:07:35.000Z,53,12.429220196836383
"15-S-John-St,-Orlando,-FL-32835","15 S John St, Orlando, FL 32835",15 S John St,,Orlando,FL,32835,Orange County,28.540798,-81.462099,single_family,2.0,1.5,786.0,7001.0,1957.0,Inactive,185000,2022-08-07T23:47:13.000Z,34,12.128116509451258
"2932-Blakely-Dr,-Orlando,-FL-32835","2932 Blakely Dr, Orlando, FL 32835",2932 Blakely Dr,,Orlando,FL,32835,Orange County,28.510808,-81.486884,single_family,3.0,2.0,2050.0,11326.0,1990.0,Inactive,479000,2022-07-17T18:23:27.000Z,54,13.079457964073546
"7619-Blue-Quail-Ln,-Orlando,-FL-32835","7619 Blue Quail Ln, Orlando, FL 32835",7619 Blue Quail Ln,,Orlando,FL,32835,Orange County,28.515541,-81.50534,single_family,5.0,4.5,4959.0,20473.0,2020.0,Inactive,1399000,2022-08-31T13:23:48.000Z,10,14.151268968443645
"3004-Barrymore-Ct,-Orlando,-FL-32835","3004 Barrymore Ct, Orlando, FL 32835",3004 Barrymore Ct,,Orlando,FL,32835,Orange County,28.50916,-81.488715,single_family,3.0,2.0,1602.0,6475.0,1990.0,Inactive,375000,2022-09-02T02:06:01.000Z,8,12.834683971615659
"6284-Castelven-Dr,-Unit-101,-Orlando,-FL-32835","6284 Castelven Dr, Unit 101, Orlando, FL 32835",6284 Castelven Dr,Unit 101,Orlando,FL,32835,Orange County,28.511878,-81.467013,single_family,3.0,2.5,1665.0,1023.0,2005.0,Inactive,389900,2022-06-04T11:54:42.000Z,97,12.873648139727594
"7279-Hawksnest-Blvd,-Orlando,-FL-32835","7279 Hawksnest Blvd, Orlando, FL 32835",7279 Hawksnest Blvd,,Orlando,FL,32835,Orange County,28.520883,-81.487034,single_family,3.0,2.0,1901.0,7234.0,1994.0,Inactive,444900,2022-08-21T20:10:54.000Z,18,13.005607064487718
"7503-Pacific-Heights-Cir,-Orlando,-FL-32835","7503 Pacific Heights Cir, Orlando, FL 32835",7503 Pacific Heights Cir,,Orlando,FL,32835,Orange County,28.539751,-81.486036,single_family,3.0,2.0,1183.0,5500.0,1989.0,Inactive,295000,2022-08-30T22:11:30.000Z,9,12.59473402514672
"6412-Raleigh-St,-Apt-2514,-Orlando,-FL-32835","6412 Raleigh St, Apt 2514, Orlando, FL 32835",6412 Raleigh St,Apt 2514,Orlando,FL,32835,Orange County,28.526199,-81.468518,condo,1.0,1.0,991.0,4617.0,1997.0,Inactive,214900,2022-08-25T01:34:52.000Z,14,12.277932735946903
"3029-Barrymore-Ct,-Orlando,-FL-32835","3029 Barrymore Ct, Orlando, FL 32835",3029 Barrymore Ct,,Orlando,FL,32835,Orange County,28.508408,-81.488693,single_family,4.0,2.5,1695.0,8318.0,1989.0,Inactive,400000,2022-08-28T18:23:06.000Z,9,12.899222326086994
"317-Killington-Way,-Orlando,-FL-32835","317 Killington Way, Orlando, FL 32835",317 Killington Way,,Orlando,FL,32835,Orange County,28.54453,-81.493506,single_family,4.0,2.0,1886.0,8302.0,2000.0,Inactive,380000,2022-08-11T06:04:58.000Z,26,12.847929163278053
"1821-Verde-Way,-Orlando,-FL-32835","1821 Verde Way, Orlando, FL 32835",1821 Verde Way,,Orlando,FL,32835,Orange County,28.520882,-81.495158,single_family,4.0,3.0,2327.0,9928.0,1994.0,Inactive,625000,2022-08-25T18:06:29.000Z,11,13.345508528717259
"1079-S-Hiawassee-Rd,-Apt-1123,-Orlando,-FL-32835","1079 S Hiawassee Rd, Apt 1123, Orlando, FL 32835",1079 S Hiawassee Rd,Apt 1123,Orlando,FL,32835,Orange County,28.528102,-81.471055,condo,1.0,1.0,673.0,8580.0,1989.0,Inactive,150000,2022-07-20T01:46:49.000Z,45,11.918397239722838
"7210-Westpointe-Blvd,-Apt-1315,-Orlando,-FL-32835","7210 Westpointe Blvd, Apt 1315, Orlando, FL 32835",7210 Westpointe Blvd,Apt 1315,Orlando,FL,32835,Orange County,28.516808,-81.48638,single_family,1.0,1.0,842.0,8756.0,1994.0,Inactive,170000,2022-07-30T15:05:58.000Z,34,12.04355959836804
"6416-Raleigh-St,-Apt-2604,-Orlando,-FL-32835","6416 Raleigh St, Apt 2604, Orlando, FL 32835",6416 Raleigh St,Apt 2604,Orlando,FL,32835,Orange County,28.526165,-81.468149,condo,1.0,1.0,794.0,4768.0,1997.0,Inactive,187000,2022-08-08T23:35:27.000Z,24,12.138869243416009
"1412-Shelter-Rock-Rd,-Orlando,-FL-32835","1412 Shelter Rock Rd, Orlando, FL 32835",1412 Shelter Rock Rd,,Orlando,FL,32835,Orange County,28.523729,-81.500199,single_family,4.0,3.5,2828.0,13504.0,1993.0,Inactive,789000,2022-06-27T16:22:34.000Z,65,13.578522867254332
"1382-Shelter-Rock-Rd,-Orlando,-FL-32835","1382 Shelter Rock Rd, Orlando, FL 32835",1382 Shelter Rock Rd,,Orlando,FL,32835,Orange County,28.524633,-81.500287,single_family,4.0,3.0,2406.0,10019.0,1997.0,Inactive,499000,2022-07-08T00:43:01.000Z,55,13.120363378739663
"6201-Goethe-St,-Unit-104,-Orlando,-FL-32835","6201 Goethe St, Unit 104, Orlando, FL 32835",6201 Goethe St,Unit 104,Orlando,FL,32835,Orange County,28.510392,-81.46615,townhouse,3.0,2.5,1682.0,1000.0,2002.0,Inactive,340000,2022-07-14T09:35:08.000Z,49,12.73670383776449
"7310-Westpointe-Blvd,-Apt-636,-Orlando,-FL-32835","7310 Westpointe Blvd, Apt 636, Orlando, FL 32835",7310 Westpointe Blvd,Apt 636,Orlando,FL,32835,Orange County,28.516365,-81.490785,condo,2.0,2.0,1072.0,8756.0,1994.0,Inactive,205000,2022-07-26T02:08:24.000Z,37,12.230770136157428
"3366-Shallot-Dr,-Unit-104,-Orlando,-FL-32835","3366 Shallot Dr, Unit 104, Orlando, FL 32835",3366 Shallot Dr,Unit 104,Orlando,FL,32835,Orange County,28.507364,-81.467585,townhouse,2.0,2.5,1546.0,976.0,2004.0,Inactive,324900,2022-08-04T19:42:11.000Z,27,12.691275799522568
"148-N-Observatory-Dr,-Orlando,-FL-32835","148 N Observatory Dr, Orlando, FL 32835",148 N Observatory Dr,,Orlando,FL,32835,Orange County,28.544051,-81.468423,single_family,3.0,1.5,1034.0,10454.0,1984.0,Inactive,250000,2022-08-11T16:07:56.000Z,20,12.429220196836383
"6509-Fairway-Hill-Ct,-Orlando,-FL-32835","6509 Fairway Hill Ct, Orlando, FL 32835",6509 Fairway Hill Ct,,Orlando,FL,32835,Orange County,28.528046,-81.474774,single_family,4.0,3.0,2536.0,13504.0,1997.0,Inactive,599900,2022-05-25T21:04:48.000Z,97,13.304519920584285
"6166-Stevenson-Dr,-Unit-306,-Orlando,-FL-32835","6166 Stevenson Dr, Unit 306, Orlando, FL 32835",6166 Stevenson Dr,Unit 306,Orlando,FL,32835,Orange County,28.508519,-81.465465,condo,3.0,2.0,1206.0,15246.0,2003.0,Inactive,235000,2022-08-17T16:30:23.000Z,12,12.367345048436391
"6213-W-Livingston-St,-Orlando,-FL-32835","6213 W Livingston St, Orlando, FL 32835",6213 W Livingston St,,Orlando,FL,32835,Orange County,28.547307,-81.466779,single_family,2.0,1.0,1021.0,6497.0,1960.0,Inactive,220000,2022-08-10T18:50:03.000Z,17,12.301387370778713
"1833-Baillie-Glass-Ln,-Orlando,-FL-32835","1833 Baillie Glass Ln, Orlando, FL 32835",1833 Baillie Glass Ln,,Orlando,FL,32835,Orange County,28.519638,-81.483454,single_family,3.0,2.0,1792.0,6843.0,1989.0,Inactive,484900,2022-07-20T17:05:04.000Z,37,13.0917000253722
"8015-Canyon-Lake-Cir,-Orlando,-FL-32835","8015 Canyon Lake Cir, Orlando, FL 32835",8015 Canyon Lake Cir,,Orlando,FL,32835,Orange County,28.526651,-81.495765,single_family,4.0,3.0,2377.0,12197.0,1995.0,Inactive,680000,2022-08-04T19:42:11.000Z,22,13.429849547739444
"1063-S-Hiawassee-Rd,-Apt-1618,-Orlando,-FL-32835","1063 S Hiawassee Rd, Apt 1618, Orlando, FL 32835",1063 S Hiawassee Rd,Apt 1618,Orlando,FL,32835,Orange County,28.529244,-81.471502,condo,2.0,2.0,829.0,6827.0,1989.0,Inactive,189900,2022-08-11T19:31:28.000Z,15,12.15425816271595
"7109-Yacht-Basin-Ave,-Apt-422,-Orlando,-FL-32835","7109 Yacht Basin Ave, Apt 422, Orlando, FL 32835",7109 Yacht Basin Ave,Apt 422,Orlando,FL,32835,Orange County,28.512537,-81.484102,condo,3.0,2.0,1206.0,16553.0,1997.0,Inactive,250000,2022-08-17T02:10:47.000Z,10,12.429220196836383
"3733-Lasson-Ct,-Orlando,-FL-32835","3733 Lasson Ct, Orlando, FL 32835",3733 Lasson Ct,,Orlando,FL,32835,Orange County,28.50556,-81.485378,single_family,3.0,2.0,1585.0,10890.0,1995.0,Inactive,425000,2022-06-30T21:17:17.000Z,56,12.959846800844963
"3368-Robert-Trent-Jones-Dr,-Unit-108,-Orlando,-FL-32835","3368 Robert Trent Jones Dr, Unit 108, Orlando, FL 32835",3368 Robert Trent Jones Dr,Unit 108,Orlando,FL,32835,Orange County,28.505118,-81.46997,condo,3.0,2.0,2129.0,16117.0,2007.0,Inactive,349900,2022-08-12T13:06:58.000Z,13,12.765405536311112
"3364-Westchester-Square-Blvd,-Apt-201,-Orlando,-FL-32835","3364 Westchester Square Blvd, Apt 201, Orlando, FL 32835",3364 Westchester Square Blvd,Apt 201,Orlando,FL,32835,Orange County,28.507421,-81.473143,condo,2.0,2.0,1181.0,6122.0,2000.0,Inactive,220000,2022-06-16T21:38:57.000Z,69,12.301387370778713
"126-Grove-St,-Orlando,-FL-32835","126 Grove St, Orlando, FL 32835",126 Grove St,,Orlando,FL,32835,Orange County,28.541912,-81.497388,single_family,3.0,2.0,1113.0,5959.0,1984.0,Inactive,310000,2022-08-14T14:23:44.000Z,11,12.644330802262578
"7810-Bardmoor-Hill-Cir,-Orlando,-FL-32835","7810 Bardmoor Hill Cir, Orlando, FL 32835",7810 Bardmoor Hill Cir,,Orlando,FL,32835,Orange County,28.520754,-81.501461,single_family,5.0,3.0,2648.0,9702.0,1995.0,Inactive,674900,2022-08-11T20:47:46.000Z,11,13.422321292431393
"6088-Westgate-Dr,-Apt-202,-Orlando,-FL-32835","6088 Westgate Dr, Apt 202, Orlando, FL 32835",6088 Westgate Dr,Apt 202,Orlando,FL,32835,Orange County,28.532118,-81.466087,condo,3.0,1.0,1342.0,4445.0,1988.0,Inactive,235000,2022-07-15T13:36:11.000Z,38,12.367345048436391
"6141-Metrowest-Blvd,-Unit-203,-Orlando,-FL-32835","6141 Metrowest Blvd, Unit 203, Orlando, FL 32835",6141 Metrowest Blvd,Unit 203,Orlando,FL,32835,Orange County,28.517033,-81.465586,condo,3.0,2.0,1285.0,10454.0,2004.0,Inactive,249000,2022-06-10T17:37:44.000Z,69,12.425212191503038
"6141-Metrowest-Blvd,-Unit-207,-Orlando,-FL-32835","6141 Metrowest Blvd, Unit 207, Orlando, FL 32835",6141 Metrowest Blvd,Unit 207,Orlando,FL,32835,Orange County,28.517033,-81.465586,condo,4.0,2.0,1417.0,10454.0,2004.0,Inactive,270000,2022-07-13T22:35:48.000Z,35,12.506180941677357
"2836-Ripton-Ct,-Orlando,-FL-32835","2836 Ripton Ct, Orlando, FL 32835",2836 Ripton Ct,,Orlando,FL,32835,Orange County,28.511228,-81.490084,single_family,4.0,2.5,1975.0,7349.0,1991.0,Inactive,400000,2022-06-24T14:38:46.000Z,54,12.899222326086994
"6384-Raleigh-St,-Apt-2214,-Orlando,-FL-32835","6384 Raleigh St, Apt 2214, Orlando, FL 32835",6384 Raleigh St,Apt 2214,Orlando,FL,32835,Orange County,28.525116,-81.468297,condo,2.0,2.0,1248.0,5945.0,1997.0,Inactive,230000,2022-08-02T12:41:30.000Z,15,12.345838935721968
"2484-San-Tecla-St,-Unit-110,-Orlando,-FL-32835","2484 San Tecla St, Unit 110, Orlando, FL 32835",2484 San Tecla St,Unit 110,Orlando,FL,32835,Orange County,28.514545,-81.468207,condo,3.0,2.0,1412.0,1916.0,2005.0,Inactive,315000,2022-07-24T15:05:33.000Z,22,12.660331092405906
"986-Almond-Tree-Cir,-Orlando,-FL-32835","986 Almond Tree Cir, Orlando, FL 32835",986 Almond Tree Cir,,Orlando,FL,32835,Orange County,28.528913,-81.507097,single_family,4.0,2.0,2552.0,11326.0,1988.0,Inactive,575000,2022-08-04T19:42:11.000Z,11,13.26212705890841
"6166-Westgate-Dr,-Apt-303,-Orlando,-FL-32835","6166 Westgate Dr, Apt 303, Orlando, FL 32835",6166 Westgate Dr,Apt 303,Orlando,FL,32835,Orange County,28.530554,-81.466903,condo,2.0,2.0,1422.0,5936.0,1988.0,Inactive,229000,2022-07-27T20:07:19.000Z,18,12.34148164933907
"363-S-Candler-Ave,-Orlando,-FL-32835","363 S Candler Ave, Orlando, FL 32835",363 S Candler Ave,,Orlando,FL,32835,Orange County,28.535454,-81.472762,single_family,2.0,1.0,768.0,7272.0,1972.0,Inactive,117000,2021-09-16T14:51:42.688Z,333,11.669937760751914
"7654-Blue-Quail-Ln,-Orlando,-FL-32835","7654 Blue Quail Ln, Orlando, FL 32835",7654 Blue Quail Ln,,Orlando,FL,32835,Orange County,28.515064,-81.503763,single_family,5.0,4.5,4969.0,12197.0,2018.0,Inactive,1699000,2022-02-26T13:51:04.226Z,170,14.345550989235415
"6524-Piccadilly-Ln,-Orlando,-FL-32835","6524 Piccadilly Ln, Orlando, FL 32835",6524 Piccadilly Ln,,Orlando,FL,32835,Orange County,28.530439,-81.473662,single_family,3.0,2.0,1448.0,6100.0,1990.0,Inactive,396000,2022-03-25T13:19:34.913Z,143,12.889172015485954
"2674-Robert-Trent-Jones-Dr,-Apt-331,-Orlando,-FL-32835","2674 Robert Trent Jones Dr, Apt 331, Orlando, FL 32835",2674 Robert Trent Jones Dr,Apt 331,Orlando,FL,32835,Orange County,28.51333,-81.471237,condo,2.0,2.0,1014.0,9127.0,1995.0,Inactive,180000,2022-04-21T14:19:40.297Z,116,12.100717685412471
"7283-Hawksnest-Blvd,-Orlando,-FL-32835","7283 Hawksnest Blvd, Orlando, FL 32835",7283 Hawksnest Blvd,,Orlando,FL,32835,Orange County,28.520896,-81.487203,single_family,4.0,2.5,2220.0,7370.0,1995.0,Inactive,485000,2022-05-08T14:59:37.510Z,99,13.091906231773164
"1021-S-Hiawassee-Rd,-Apt-3928,-Orlando,-FL-32835","1021 S Hiawassee Rd, Apt 3928, Orlando, FL 32835",1021 S Hiawassee Rd,Apt 3928,Orlando,FL,32835,Orange County,28.528946,-81.47423,condo,2.0,2.0,934.0,8504.0,1989.0,Inactive,229000,2022-05-07T14:41:19.700Z,100,12.34148164933907
"6435-Manhattan-Village-Ave,-Apt-203,-Orlando,-FL-32835","6435 Manhattan Village Ave, Apt 203, Orlando, FL 32835",6435 Manhattan Village Ave,Apt 203,Orlando,FL,32835,Orange County,28.508336,-81.47074,condo,1.0,1.0,930.0,5310.0,2000.0,Inactive,185000,2022-05-25T11:45:37.570Z,82,12.128116509451258
"7542-Herricks-Loop,-Orlando,-FL-32835","7542 Herricks Loop, Orlando, FL 32835",7542 Herricks Loop,,Orlando,FL,32835,Orange County,28.541273,-81.486305,single_family,4.0,2.0,1471.0,9133.0,1985.0,Inactive,399900,2022-05-28T15:06:38.338Z,79,12.89897229545694
"3209-Parkchester-Square-Blvd,-Apt-106,-Orlando,-FL-32835","3209 Parkchester Square Blvd, Apt 106, Orlando, FL 32835",3209 Parkchester Square Blvd,Apt 106,Orlando,FL,32835,Orange County,28.509242,-81.471972,condo,2.0,2.0,1233.0,10454.0,2000.0,Inactive,265000,2022-06-03T12:53:18.856Z,73,12.487488878546145
"2558-Robert-Trent-Jones-Dr,-Apt-1436,-Orlando,-FL-32835","2558 Robert Trent Jones Dr, Apt 1436, Orlando, FL 32835",2558 Robert Trent Jones Dr,Apt 1436,Orlando,FL,32835,Orange County,28.516301,-81.472869,condo,2.0,2.0,1150.0,8756.0,1995.0,Inactive,209000,2021-03-02T11:25:23.733Z,531,12.250094315624496
"3304-Westchester-Square-Blvd,-Apt-101,-Orlando,-FL-32835","3304 Westchester Square Blvd, Apt 101, Orlando, FL 32835",3304 Westchester Square Blvd,Apt 101,Orlando,FL,32835,Orange County,28.508154,-81.47375,condo,2.0,2.0,1160.0,5987.0,2000.0,Inactive,235000,2022-06-08T12:04:22.858Z,68,12.367345048436391
"7344-Mardell-Ct,-Orlando,-FL-32835","7344 Mardell Ct, Orlando, FL 32835",7344 Mardell Ct,,Orlando,FL,32835,Orange County,28.507618,-81.488533,single_family,3.0,2.0,1633.0,6552.0,1995.0,Inactive,465000,2022-05-20T14:48:46.225Z,87,13.049794835104816
"6052-Westgate-Dr,-Apt-204,-Orlando,-FL-32835","6052 Westgate Dr, Apt 204, Orlando, FL 32835",6052 Westgate Dr,Apt 204,Orlando,FL,32835,Orange County,28.532134,-81.464594,condo,2.0,1.0,1285.0,8756.0,1988.0,Inactive,180000,2022-06-09T09:31:31.672Z,67,12.100717685412471
"1361-Saddleridge-Dr,-Orlando,-FL-32835","1361 Saddleridge Dr, Orlando, FL 32835",1361 Saddleridge Dr,,Orlando,FL,32835,Orange County,28.52414,-81.491753,single_family,3.0,2.0,2225.0,10019.0,1990.0,Inactive,499999,2022-06-10T15:14:25.812Z,66,13.122363377404328
"411-Harbor-Point-Blvd,-Orlando,-FL-32835","411 Harbor Point Blvd, Orlando, FL 32835",411 Harbor Point Blvd,,Orlando,FL,32835,Orange County,28.536893,-81.479744,single_family,4.0,2.0,1582.0,10454.0,1982.0,Inactive,409000,2022-02-17T12:51:03.910Z,179,12.921472880009725
"5957-Westgate-Dr,-Apt-1924,-Orlando,-FL-32835","5957 Westgate Dr, Apt 1924, Orlando, FL 32835",5957 Westgate Dr,Apt 1924,Orlando,FL,32835,Orange County,28.532594,-81.464151,condo,2.0,2.0,1344.0,4759.0,1999.0,Inactive,255000,2021-05-12T11:30:11.321Z,460,12.449022745701502
"7916-Pineapple-Dr,-Orlando,-FL-32835","7916 Pineapple Dr, Orlando, FL 32835",7916 Pineapple Dr,,Orlando,FL,32835,Orange County,28.535331,-81.492103,single_family,3.0,2.0,1120.0,13939.0,1984.0,Inactive,299999,2022-06-18T14:39:51.088Z,58,12.611537753638338
"6402-Cava-Alta-Dr,-Unit-208,-Orlando,-FL-32835","6402 Cava Alta Dr, Unit 208, Orlando, FL 32835",6402 Cava Alta Dr,Unit 208,Orlando,FL,32835,Orange County,28.515005,-81.468304,condo,3.0,2.0,1247.0,1259.0,2005.0,Inactive,269000,2022-06-21T12:49:12.408Z,55,12.502470376049185
"6029-Westgate-Dr,-Apt-718,-Orlando,-FL-32835","6029 Westgate Dr, Apt 718, Orlando, FL 32835",6029 Westgate Dr,Apt 718,Orlando,FL,32835,Orange County,28.533833,-81.465412,condo,2.0,2.0,1077.0,8756.0,1999.0,Inactive,199000,2022-06-21T12:20:59.783Z,55,12.201065128819632
"6413-Astor-Village-Ave,-Apt-309,-Orlando,-FL-32835","6413 Astor Village Ave, Apt 309, Orlando, FL 32835",6413 Astor Village Ave,Apt 309,Orlando,FL,32835,Orange County,28.508921,-81.470718,condo,1.0,1.0,816.0,22651.0,2000.0,Inactive,175000,2022-06-22T12:37:02.013Z,54,12.07254696717504
"2544-Robert-Trent-Jones-Dr,-Apt-812,-Orlando,-FL-32835","2544 Robert Trent Jones Dr, Apt 812, Orlando, FL 32835",2544 Robert Trent Jones Dr,Apt 812,Orlando,FL,32835,Orange County,28.515914,-81.472203,condo,2.0,1.0,933.0,11761.0,1995.0,Inactive,183000,2022-06-23T12:35:11.817Z,53,12.117246896289503
"7717-Belvoir-Dr,-Orlando,-FL-32835","7717 Belvoir Dr, Orlando, FL 32835",7717 Belvoir Dr,,Orlando,FL,32835,Orange County,28.521924,-81.498933,single_family,3.0,2.0,2303.0,9324.0,1994.0,Inactive,624900,2022-06-24T16:09:38.828Z,52,13.345348516171933
"130-N-Normandale-Ave,---Ae,-Orlando,-FL-32835","130 N Normandale Ave, # Ae, Orlando, FL 32835",130 N Normandale Ave,# Ae,Orlando,FL,32835,Orange County,28.543973,-81.460643,single_family,2.0,1.0,864.0,7003.0,1982.0,Inactive,255000,2022-07-17T12:23:55.262Z,29,12.449022745701502
"7506-Redwood-Country-Rd,-Orlando,-FL-32835","7506 Redwood Country Rd, Orlando, FL 32835",7506 Redwood Country Rd,,Orlando,FL,32835,Orange County,28.534112,-81.48608,single_family,4.0,2.5,1718.0,5499.0,1989.0,Inactive,380000,2022-06-25T13:47:22.560Z,51,12.847929163278053
"7630-Kings-Passage-Ave,-Orlando,-FL-32835","7630 Kings Passage Ave, Orlando, FL 32835",7630 Kings Passage Ave,,Orlando,FL,32835,Orange County,28.507337,-81.493545,single_family,4.0,3.0,3237.0,11761.0,1998.0,Inactive,925000,2022-06-28T16:32:23.399Z,48,13.73755009757506
"6135-Metrowest-Blvd,-Unit-109,-Orlando,-FL-32835","6135 Metrowest Blvd, Unit 109, Orlando, FL 32835",6135 Metrowest Blvd,Unit 109,Orlando,FL,32835,Orange County,28.517379,-81.464154,townhouse,2.0,2.0,1386.0,518.0,2004.0,Inactive,274900,2022-06-29T11:34:29.652Z,47,12.524166311833152
"3314-Robert-Trent-Jones-Dr,-Unit-402,-Orlando,-FL-32835","3314 Robert Trent Jones Dr, Unit 402, Orlando, FL 32835",3314 Robert Trent Jones Dr,Unit 402,Orlando,FL,32835,Orange County,28.506976,-81.470941,condo,2.0,2.0,1112.0,16117.0,2007.0,Inactive,249000,2022-06-30T11:23:28.503Z,45,12.425212191503038
"1081-S-Hiawassee-Rd,-Apt-721,-Orlando,-FL-32835","1081 S Hiawassee Rd, Apt 721, Orlando, FL 32835",1081 S Hiawassee Rd,Apt 721,Orlando,FL,32835,Orange County,28.528024,-81.471523,condo,2.0,2.0,836.0,7434.0,1989.0,Inactive,174900,2022-06-30T09:41:11.086Z,45,12.071975378543236
"1224-S-Hiawassee-Rd,-Apt-639,-Orlando,-FL-32835","1224 S Hiawassee Rd, Apt 639, Orlando, FL 32835",1224 S Hiawassee Rd,Apt 639,Orlando,FL,32835,Orange County,28.523543,-81.473035,condo,3.0,2.0,1206.0,15682.0,1998.0,Inactive,255000,2022-07-08T11:31:06.278Z,37,12.449022745701502
"1063-S-Hiawassee-Rd,-Apt-1611,-Orlando,-FL-32835","1063 S Hiawassee Rd, Apt 1611, Orlando, FL 32835",1063 S Hiawassee Rd,Apt 1611,Orlando,FL,32835,Orange County,28.529244,-81.471502,condo,2.0,2.0,829.0,6827.0,1989.0,Inactive,179900,2022-07-01T12:08:05.383Z,44,12.100161978566867
"6025-Westgate-Dr,-Apt-2511,-Orlando,-FL-32835","6025 Westgate Dr, Apt 2511, Orlando, FL 32835",6025 Westgate Dr,Apt 2511,Orlando,FL,32835,Orange County,28.533275,-81.465169,condo,2.0,2.0,1077.0,8369.0,1999.0,Inactive,240000,2022-07-01T13:39:13.334Z,44,12.388398368982115
"6037-W-Ridgewood-Ave,-Orlando,-FL-32835","6037 W Ridgewood Ave, Orlando, FL 32835",6037 W Ridgewood Ave,,Orlando,FL,32835,Orange County,28.545916,-81.46496,single_family,3.0,2.0,1094.0,6496.0,1961.0,Inactive,262000,2022-07-01T14:38:10.073Z,44,12.476103599529843
"8407-Island-Palm-Cir,-Orlando,-FL-32835","8407 Island Palm Cir, Orlando, FL 32835",8407 Island Palm Cir,,Orlando,FL,32835,Orange County,28.524372,-81.502088,single_family,4.0,2.0,2284.0,10019.0,1990.0,Inactive,589000,2022-07-07T15:59:44.071Z,37,13.286183160425152
"6413-Astor-Village-Ave,-Apt-212,-Orlando,-FL-32835","6413 Astor Village Ave, Apt 212, Orlando, FL 32835",6413 Astor Village Ave,Apt 212,Orlando,FL,32835,Orange County,28.508921,-81.470718,condo,1.0,1.0,945.0,22216.0,2000.0,Inactive,175000,2022-07-08T10:42:43.387Z,37,12.07254696717504
"6206-Castelven-Dr,-Unit-107,-Orlando,-FL-32835","6206 Castelven Dr, Unit 107, Orlando, FL 32835",6206 Castelven Dr,Unit 107,Orlando,FL,32835,Orange County,28.51179,-81.465773,condo,3.0,2.5,1682.0,982.0,2006.0,Inactive,340000,2022-07-09T15:14:26.626Z,36,12.73670383776449
"1027-S-Hiawassee-Rd,-Apt-2322,-Orlando,-FL-32835","1027 S Hiawassee Rd, Apt 2322, Orlando, FL 32835",1027 S Hiawassee Rd,Apt 2322,Orlando,FL,32835,Orange County,28.528801,-81.473225,condo,2.0,2.0,836.0,3610.0,1989.0,Inactive,189950,2022-07-09T13:03:10.570Z,36,12.154521423145216
"3522-Shallot-Dr,-Unit-101,-Orlando,-FL-32835","3522 Shallot Dr, Unit 101, Orlando, FL 32835",3522 Shallot Dr,Unit 101,Orlando,FL,32835,Orange County,28.507655,-81.470298,townhouse,3.0,2.5,1665.0,984.0,2004.0,Inactive,332500,2022-07-12T14:03:41.353Z,33,12.71439814659232
"6627-Queens-Borough-Ave,-Apt-206,-Orlando,-FL-32835","6627 Queens Borough Ave, Apt 206, Orlando, FL 32835",6627 Queens Borough Ave,Apt 206,Orlando,FL,32835,Orange County,28.508927,-81.473582,condo,2.0,1.0,1035.0,11326.0,2000.0,Inactive,177900,2022-07-12T10:46:59.909Z,33,12.088982494773598
"4102-Salmon-Dr,-Orlando,-FL-32835","4102 Salmon Dr, Orlando, FL 32835",4102 Salmon Dr,,Orlando,FL,32835,Orange County,28.50322,-81.489812,single_family,4.0,3.0,2828.0,20909.0,1981.0,Inactive,625000,2022-07-14T16:27:53.336Z,30,13.345508528717259
"7139-Keel-Ct,-Orlando,-FL-32835","7139 Keel Ct, Orlando, FL 32835",7139 Keel Ct,,Orlando,FL,32835,Orange County,28.536618,-81.478483,single_family,3.0,2.0,1280.0,8245.0,1983.0,Inactive,330000,2022-07-15T13:07:58.745Z,30,12.706850963741102
"2668-Robert-Trent-Jones-Dr,-Apt-427,-Orlando,-FL-32835","2668 Robert Trent Jones Dr, Apt 427, Orlando, FL 32835",2668 Robert Trent Jones Dr,Apt 427,Orlando,FL,32835,Orange County,28.513559,-81.471681,condo,2.0,2.0,1150.0,11326.0,1995.0,Inactive,225000,2021-08-08T12:59:15.513Z,371,12.323860125621126
"6383-Conejo-Ter,-Unit-104,-Orlando,-FL-32835","6383 Conejo Ter, Unit 104, Orlando, FL 32835",6383 Conejo Ter,Unit 104,Orlando,FL,32835,Orange County,28.511064,-81.469913,condo,3.0,2.5,2008.0,1402.0,2005.0,Inactive,439900,2022-04-12T17:36:15.550Z,123,12.994304980578146
"6133-Metrowest-Blvd,-Unit-105,-Orlando,-FL-32835","6133 Metrowest Blvd, Unit 105, Orlando, FL 32835",6133 Metrowest Blvd,Unit 105,Orlando,FL,32835,Orange County,28.516967,-81.464811,townhouse,3.0,2.5,1678.0,520.0,2004.0,Inactive,299500,2021-03-14T15:17:34.842Z,518,12.60987303543023
"7826-Cowan-Ct,-Orlando,-FL-32835","7826 Cowan Ct, Orlando, FL 32835",7826 Cowan Ct,,Orlando,FL,32835,Orange County,28.498466,-81.489048,single_family,3.0,2.0,2522.0,22651.0,1980.0,Inactive,585000,2022-07-17T16:44:44.727Z,27,13.279368835614243
"917-Beach-Breeze-Dr,-Orlando,-FL-32835","917 Beach Breeze Dr, Orlando, FL 32835",917 Beach Breeze Dr,,Orlando,FL,32835,Orange County,28.529959,-81.477575,single_family,3.0,2.0,1547.0,11326.0,1980.0,Inactive,349000,2022-07-19T13:55:04.039Z,26,12.762830066509972
"3925-Salmon-Dr,-Orlando,-FL-32835","3925 Salmon Dr, Orlando, FL 32835",3925 Salmon Dr,,Orlando,FL,32835,Orange County,28.505828,-81.488775,single_family,3.0,2.0,1825.0,16553.0,1985.0,Inactive,445000,2022-07-21T16:05:00.861Z,23,13.005831808336863
"152-N-Observatory-Dr,-Orlando,-FL-32835","152 N Observatory Dr, Orlando, FL 32835",152 N Observatory Dr,,Orlando,FL,32835,Orange County,28.544257,-81.468424,single_family,3.0,2.0,1053.0,10454.0,1984.0,Inactive,285000,2022-07-22T14:09:01.237Z,23,12.560247968016562
"3143-Capri-Isle-Way,-Orlando,-FL-32835","3143 Capri Isle Way, Orlando, FL 32835",3143 Capri Isle Way,,Orlando,FL,32835,Orange County,28.509731,-81.462519,townhouse,3.0,2.5,1591.0,1889.0,2005.0,Inactive,330000,2022-07-23T16:01:00.350Z,21,12.706850963741102
"7230-Westpointe-Blvd,-Apt-1236,-Orlando,-FL-32835","7230 Westpointe Blvd, Apt 1236, Orlando, FL 32835",7230 Westpointe Blvd,Apt 1236,Orlando,FL,32835,Orange County,28.517122,-81.486798,condo,2.0,2.0,1072.0,6033.0,1994.0,Inactive,175000,2022-07-24T11:24:51.649Z,21,12.07254696717504
"224-Sweetbay-Ln,-Orlando,-FL-32835","224 Sweetbay Ln, Orlando, FL 32835",224 Sweetbay Ln,,Orlando,FL,32835,Orange County,28.544142,-81.479779,single_family,4.0,2.0,1928.0,12197.0,1976.0,Inactive,425000,2022-07-26T16:17:48.108Z,18,12.959846800844963
"85-Winter-Ridge-Cir,-Orlando,-FL-32835","85 Winter Ridge Cir, Orlando, FL 32835",85 Winter Ridge Cir,,Orlando,FL,32835,Orange County,28.540513,-81.478299,multi-family,3.0,2.0,1113.0,5849.0,1985.0,Inactive,269900,2022-07-26T14:43:51.586Z,19,12.505810504075185
"7132-Tallowtree-Ln,-Orlando,-FL-32835","7132 Tallowtree Ln, Orlando, FL 32835",7132 Tallowtree Ln,,Orlando,FL,32835,Orange County,28.544148,-81.478854,single_family,3.0,2.0,1940.0,12197.0,1977.0,Inactive,384995,2022-07-27T16:17:02.969Z,17,12.86098822360556
"2484-San-Tecla-St,-Unit-207,-Orlando,-FL-32835","2484 San Tecla St, Unit 207, Orlando, FL 32835",2484 San Tecla St,Unit 207,Orlando,FL,32835,Orange County,28.514617,-81.46809,condo,2.0,2.0,1112.0,1095.0,2005.0,Inactive,225000,2022-08-05T11:26:42.794Z,9,12.323860125621126
"6137-Metrowest-Blvd,-Unit-107,-Orlando,-FL-32835","6137 Metrowest Blvd, Unit 107, Orlando, FL 32835",6137 Metrowest Blvd,Unit 107,Orlando,FL,32835,Orange County,28.517218,-81.465194,condo,1.0,1.0,641.0,5310.0,2004.0,Inactive,174900,2022-08-05T10:54:23.235Z,9,12.071975378543236
"5953-Westgate-Dr,-Apt-1812,-Orlando,-FL-32835","5953 Westgate Dr, Apt 1812, Orlando, FL 32835",5953 Westgate Dr,Apt 1812,Orlando,FL,32835,Orange County,28.532434,-81.46383,condo,3.0,2.0,1257.0,5479.0,1999.0,Inactive,245000,2022-08-05T06:43:50.251Z,9,12.409017571151187
"7142-Hiawassee-Overlook-Dr,-Orlando,-FL-32835","7142 Hiawassee Overlook Dr, Orlando, FL 32835",7142 Hiawassee Overlook Dr,,Orlando,FL,32835,Orange County,28.533061,-81.479067,single_family,4.0,3.0,2645.0,8051.0,2000.0,Inactive,545000,2022-05-26T15:17:31.337Z,79,13.208542908506082
"6316-Miramonte-Dr,-Unit-105,-Orlando,-FL-32835","6316 Miramonte Dr, Unit 105, Orlando, FL 32835",6316 Miramonte Dr,Unit 105,Orlando,FL,32835,Orange County,28.509676,-81.468417,townhouse,3.0,3.0,2010.0,1427.0,2005.0,Inactive,350000,2022-06-23T16:35:55.604Z,51,12.765691290604371
"2701-Gretagreen-Ct,-Orlando,-FL-32835","2701 Gretagreen Ct, Orlando, FL 32835",2701 Gretagreen Ct,,Orlando,FL,32835,Orange County,28.513951,-81.486842,single_family,4.0,2.5,2103.0,8756.0,1995.0,Inactive,530000,2022-06-29T15:20:20.019Z,45,13.180634172318978
"6648-Time-Square-Ave,-Apt-101,-Orlando,-FL-32835","6648 Time Square Ave, Apt 101, Orlando, FL 32835",6648 Time Square Ave,Apt 101,Orlando,FL,32835,Orange County,28.507947,-81.472981,condo,3.0,2.5,1634.0,8756.0,1995.0,Inactive,339000,2022-06-29T13:17:47.694Z,45,12.733758336210744
"330-N-John-St,-Orlando,-FL-32835","330 N John St, Orlando, FL 32835",330 N John St,,Orlando,FL,32835,Orange County,28.545122,-81.46271,single_family,3.0,2.0,1250.0,8756.0,1995.0,Inactive,304900,2022-06-03T13:02:22.077Z,71,12.627742412734825
"101-N-Lancelot-Ave,-Orlando,-FL-32835","101 N Lancelot Ave, Orlando, FL 32835",101 N Lancelot Ave,,Orlando,FL,32835,Orange County,28.542747,-81.47091,single_family,3.0,2.0,1183.0,8756.0,1995.0,Inactive,300000,2022-07-02T13:56:48.094Z,42,12.611541086966115
"6121-Metrowest-Blvd,-Unit-102,-Orlando,-FL-32835","6121 Metrowest Blvd, Unit 102, Orlando, FL 32835",6121 Metrowest Blvd,Unit 102,Orlando,FL,32835,Orange County,28.516114,-81.464814,condo,3.0,2.5,1678.0,8756.0,1995.0,Inactive,299000,2022-03-22T12:31:27.961Z,144,12.608202196848836
"6611-Time-Square-Ave,-Apt-101,-Orlando,-FL-32835","6611 Time Square Ave, Apt 101, Orlando, FL 32835",6611 Time Square Ave,Apt 101,Orlando,FL,32835,Orange County,28.508356,-81.472852,condo,3.0,2.5,1634.0,8756.0,1995.0,Inactive,295000,2022-02-23T12:43:57.274Z,171,12.59473402514672
"3332-Robert-Trent-Jones-Dr,-Unit-30903,-Orlando,-FL-32835","3332 Robert Trent Jones Dr, Unit 30903, Orlando, FL 32835",3332 Robert Trent Jones Dr,Unit 30903,Orlando,FL,32835,Orange County,28.505906,-81.470596,condo,3.0,2.0,1447.0,8756.0,1995.0,Inactive,289000,2022-06-18T14:18:32.378Z,56,12.574185427296195
"6304-Raleigh-St,-Apt-212,-Orlando,-FL-32835","6304 Raleigh St, Apt 212, Orlando, FL 32835",6304 Raleigh St,Apt 212,Orlando,FL,32835,Orange County,28.527386,-81.468254,condo,2.0,2.0,1248.0,8756.0,1995.0,Inactive,255000,2022-06-15T13:29:57.562Z,59,12.449022745701502
"6635-Time-Square-Ave,-Apt-103,-Orlando,-FL-32835","6635 Time Square Ave, Apt 103, Orlando, FL 32835",6635 Time Square Ave,Apt 103,Orlando,FL,32835,Orange County,28.508159,-81.473158,condo,2.0,2.5,1548.0,8756.0,1995.0,Inactive,245000,2022-06-14T12:01:36.769Z,60,12.409017571151187
"3209-Parkchester-Square-Blvd,-Apt-102,-Orlando,-FL-32835","3209 Parkchester Square Blvd, Apt 102, Orlando, FL 32835",3209 Parkchester Square Blvd,Apt 102,Orlando,FL,32835,Orange County,28.509242,-81.471972,condo,2.0,2.0,1107.0,8756.0,1995.0,Inactive,239900,2022-06-21T12:49:12.393Z,53,12.3879816172226
"332-S-Hart-Blvd,-Orlando,-FL-32835","332 S Hart Blvd, Orlando, FL 32835",332 S Hart Blvd,,Orlando,FL,32835,Orange County,28.536937,-81.470444,single_family,3.0,1.0,1268.0,8756.0,1995.0,Inactive,227999,2022-07-16T12:41:05.399Z,28,12.337100907936577
"411-N-Observatory-Dr,-Orlando,-FL-32835","411 N Observatory Dr, Orlando, FL 32835",411 N Observatory Dr,,Orlando,FL,32835,Orange County,28.547255,-81.468195,single_family,3.0,1.0,960.0,8756.0,1995.0,Inactive,224990,2022-05-24T12:35:50.762Z,81,12.323815680386536
"3209-Parkchester-Square-Blvd,-Apt-301,-Orlando,-FL-32835","3209 Parkchester Square Blvd, Apt 301, Orlando, FL 32835",3209 Parkchester Square Blvd,Apt 301,Orlando,FL,32835,Orange County,28.509242,-81.471972,condo,2.0,2.0,1107.0,8756.0,1995.0,Inactive,220000,2022-06-25T11:21:19.661Z,49,12.301387370778713
"1083-S-Hiawassee-Rd,-Apt-617,-Orlando,-FL-32835","1083 S Hiawassee Rd, Apt 617, Orlando, FL 32835",1083 S Hiawassee Rd,Apt 617,Orlando,FL,32835,Orange County,28.528113,-81.472196,condo,2.0,2.0,934.0,8756.0,1995.0,Inactive,215000,2022-06-30T11:10:58.622Z,44,12.278397958261774
"6328-Raleigh-St,-Apt-812,-Orlando,-FL-32835","6328 Raleigh St, Apt 812, Orlando, FL 32835",6328 Raleigh St,Apt 812,Orlando,FL,32835,Orange County,28.527138,-81.468951,condo,1.0,1.0,991.0,8756.0,1995.0,Inactive,214900,2021-10-12T11:30:33.272Z,305,12.277932735946903
"6130-Westgate-Dr,-Apt-104,-Orlando,-FL-32835","6130 Westgate Dr, Apt 104, Orlando, FL 32835",6130 Westgate Dr,Apt 104,Orlando,FL,32835,Orange County,28.531409,-81.465888,condo,2.0,2.0,943.0,8756.0,1995.0,Inactive,194777,2022-06-16T12:34:00.935Z,58,12.179615727467814
"7219-Harbor-Heights-Cir,-Orlando,-FL-32835","7219 Harbor Heights Cir, Orlando, FL 32835",7219 Harbor Heights Cir,,Orlando,FL,32835,Orange County,28.539132,-81.478823,single_family,2.0,2.0,936.0,8756.0,1995.0,Inactive,190000,2022-07-20T10:02:22.384Z,24,12.154784614286667
"6154-Westgate-Dr,-Apt-301,-Orlando,-FL-32835","6154 Westgate Dr, Apt 301, Orlando, FL 32835",6154 Westgate Dr,Apt 301,Orlando,FL,32835,Orange County,28.530558,-81.466455,condo,1.0,1.0,1228.0,8756.0,1995.0,Inactive,180000,2022-06-28T11:01:19.467Z,46,12.100717685412471
"1071-S-Hiawassee-Rd,-Apt-1236,-Orlando,-FL-32835","1071 S Hiawassee Rd, Apt 1236, Orlando, FL 32835",1071 S Hiawassee Rd,Apt 1236,Orlando,FL,32835,Orange County,28.528579,-81.470972,condo,1.0,1.0,673.0,8756.0,1995.0,Inactive,160000,2021-10-02T11:25:05.185Z,315,11.982935344196433
"4232-Willow-Park-Dr,-Orlando,-FL-32835","4232 Willow Park Dr, Orlando, FL 32835",4232 Willow Park Dr,,Orlando,FL,32835,Orange County,28.503175,-81.50253,single_family,5.0,3.0,2626.0,8756.0,1995.0,Inactive,955000,2022-01-27T13:33:25.031Z,198,13.769467666582738
"6336-Buford-St,-Apt-305,-Orlando,-FL-32835","6336 Buford St, Apt 305, Orlando, FL 32835",6336 Buford St,Apt 305,Orlando,FL,32835,Orange County,28.505579,-81.467714,condo,3.0,2.0,1810.0,8756.0,1995.0,Inactive,425000,2022-06-16T14:54:06.124Z,58,12.959846800844963
"7208-Nima-Ct,-Orlando,-FL-32835","7208 Nima Ct, Orlando, FL 32835",7208 Nima Ct,,Orlando,FL,32835,Orange County,28.545573,-81.481932,condo,3.0,2.5,1317.0,8756.0,1995.0,Inactive,299999,2022-06-25T12:42:51.106Z,49,12.611537753638338
"2249-Kettle-Dr,-Orlando,-FL-32835","2249 Kettle Dr, Orlando, FL 32835",2249 Kettle Dr,,Orlando,FL,32835,Orange County,28.516674,-81.497002,single_family,6.0,4.5,4184.0,8756.0,1995.0,Inactive,1275000,2022-06-14T16:10:31.987Z,60,14.058457520888082
"6505-Fairway-Hill-Ct,-Orlando,-FL-32835","6505 Fairway Hill Ct, Orlando, FL 32835",6505 Fairway Hill Ct,,Orlando,FL,32835,Orange County,28.527815,-81.474568,single_family,4.0,3.0,2679.0,8756.0,1995.0,Inactive,639990,2022-05-08T15:16:23.543Z,97,13.369209392736977
"7208-Bay-Club-Way,-Orlando,-FL-32835","7208 Bay Club Way, Orlando, FL 32835",7208 Bay Club Way,,Orlando,FL,32835,Orange County,28.528361,-81.478666,single_family,2.0,2.5,1872.0,8756.0,1995.0,Inactive,450000,2022-06-01T15:45:03.188Z,73,13.017005083966255
"6388-Castelven-Dr,-Unit-105,-Orlando,-FL-32835","6388 Castelven Dr, Unit 105, Orlando, FL 32835",6388 Castelven Dr,Unit 105,Orlando,FL,32835,Orange County,28.513082,-81.468201,condo,3.0,2.5,1682.0,8756.0,1995.0,Inactive,350000,2022-07-05T13:55:49.034Z,39,12.765691290604371
"6336-Castelven-Dr,-Unit-106,-Orlando,-FL-32835","6336 Castelven Dr, Unit 106, Orlando, FL 32835",6336 Castelven Dr,Unit 106,Orlando,FL,32835,Orange County,28.512296,-81.46825,condo,2.0,2.5,1546.0,8756.0,1995.0,Inactive,309900,2022-06-02T14:14:36.169Z,72,12.644008170618003
"7310-Westpointe-Blvd,-Apt-613,-Orlando,-FL-32835","7310 Westpointe Blvd, Apt 613, Orlando, FL 32835",7310 Westpointe Blvd,Apt 613,Orlando,FL,32835,Orange County,28.516365,-81.490785,condo,2.0,2.0,1133.0,8756.0,1995.0,Inactive,207000,2022-05-26T12:27:18.385Z,79,12.240478903153711
"2137-Lake-Vilma-Dr,-Orlando,-FL-32835","2137 Lake Vilma Dr, Orlando, FL 32835",2137 Lake Vilma Dr,,Orlando,FL,32835,Orange County,28.517881,-81.494454,single_family,5.0,4.0,4095.0,8756.0,1995.0,Inactive,1200000,2022-05-08T15:25:42.787Z,97,13.997832948091215
"8412-Island-Palm-Cir,-Orlando,-FL-32835","8412 Island Palm Cir, Orlando, FL 32835",8412 Island Palm Cir,,Orlando,FL,32835,Orange County,28.523886,-81.501833,single_family,4.0,2.5,2400.0,8756.0,1995.0,Inactive,578000,2022-06-10T15:19:40.529Z,64,13.267330877756825
"6434-Cava-Alta-Dr,-Unit-403,-Orlando,-FL-32835","6434 Cava Alta Dr, Unit 403, Orlando, FL 32835",6434 Cava Alta Dr,Unit 403,Orlando,FL,32835,Orange County,28.515179,-81.46861,condo,3.0,2.0,1247.0,8756.0,1995.0,Inactive,319990,2022-04-17T15:36:05.395Z,118,12.676048149380394
"3344-Robert-Trent-Jones-Dr,-Unit-41005,-Orlando,-FL-32835","3344 Robert Trent Jones Dr, Unit 41005, Orlando, FL 32835",3344 Robert Trent Jones Dr,Unit 41005,Orlando,FL,32835,Orange County,28.506385,-81.471408,condo,3.0,2.0,1412.0,8756.0,1995.0,Inactive,289900,2022-05-20T12:42:02.072Z,85,12.57729476436913
"1079-S-Hiawassee-Rd,-Apt-1115,-Orlando,-FL-32835","1079 S Hiawassee Rd, Apt 1115, Orlando, FL 32835",1079 S Hiawassee Rd,Apt 1115,Orlando,FL,32835,Orange County,28.528102,-81.471055,condo,1.0,1.0,673.0,8756.0,1995.0,Inactive,134900,2022-06-21T11:00:03.296Z,53,11.812296455066814
"8106-Canyon-Lake-Cir,-Orlando,-FL-32835","8106 Canyon Lake Cir, Orlando, FL 32835",8106 Canyon Lake Cir,,Orlando,FL,32835,Orange County,28.52821,-81.491494,single_family,4.0,3.0,2508.0,8756.0,1995.0,Inactive,695000,2022-06-16T15:54:28.219Z,58,13.451668563394815
"329-N-Hart-Blvd,-Orlando,-FL-32835","329 N Hart Blvd, Orlando, FL 32835",329 N Hart Blvd,,Orlando,FL,32835,Orange County,28.54633,-81.469835,single_family,3.0,1.0,1044.0,8756.0,1995.0,Inactive,235000,2022-05-30T11:18:16.395Z,75,12.367345048436391
"1087-S-Hiawassee-Rd,-Apt-422,-Orlando,-FL-32835","1087 S Hiawassee Rd, Apt 422, Orlando, FL 32835",1087 S Hiawassee Rd,Apt 422,Orlando,FL,32835,Orange County,28.527565,-81.472165,condo,2.0,2.0,836.0,8756.0,1995.0,Inactive,199999,2022-05-07T14:31:51.081Z,98,12.206072645530174
"1272-Shelter-Rock-Rd,-Orlando,-FL-32835","1272 Shelter Rock Rd, Orlando, FL 32835",1272 Shelter Rock Rd,,Orlando,FL,32835,Orange County,28.526222,-81.497499,single_family,4.0,4.0,2960.0,8756.0,1995.0,Inactive,719900,2022-05-27T15:34:33.570Z,78,13.486868981538246
"8424-Littleleaf-Ct,-Orlando,-FL-32835","8424 Littleleaf Ct, Orlando, FL 32835",8424 Littleleaf Ct,,Orlando,FL,32835,Orange County,28.499617,-81.498009,single_family,4.0,2.0,2136.0,8756.0,1995.0,Inactive,625000,2022-06-17T15:53:59.849Z,57,13.345508528717259
"3542-Shallot-Dr,-Unit-105,-Orlando,-FL-32835","3542 Shallot Dr, Unit 105, Orlando, FL 32835",3542 Shallot Dr,Unit 105,Orlando,FL,32835,Orange County,28.507349,-81.470289,condo,3.0,2.5,1682.0,8756.0,1995.0,Inactive,345000,2022-02-03T12:54:56.328Z,191,12.75130259456002
"6040-Westgate-Dr,-Apt-202,-Orlando,-FL-32835","6040 Westgate Dr, Apt 202, Orlando, FL 32835",6040 Westgate Dr,Apt 202,Orlando,FL,32835,Orange County,28.531466,-81.46441,condo,2.0,2.0,1515.0,8756.0,1995.0,Inactive,225000,2022-06-17T09:18:47.201Z,57,12.323860125621126
"8400-Island-Palm-Cir,-Orlando,-FL-32835","8400 Island Palm Cir, Orlando, FL 32835",8400 Island Palm Cir,,Orlando,FL,32835,Orange County,28.523878,-81.502341,single_family,4.0,3.0,2204.0,8756.0,1995.0,Inactive,599900,2022-06-16T15:44:56.903Z,58,13.304519920584285
"6465-Cantua-Ln,-Unit-110,-Orlando,-FL-32835","6465 Cantua Ln, Unit 110, Orlando, FL 32835",6465 Cantua Ln,Unit 110,Orlando,FL,32835,Orange County,28.514574,-81.469879,condo,3.0,2.0,1797.0,8756.0,1995.0,Inactive,319900,2022-06-17T13:27:09.982Z,57,12.675766851909591
"3332-Robert-Trent-Jones-Dr,-Unit-11003,-Orlando,-FL-32835","3332 Robert Trent Jones Dr, Unit 11003, Orlando, FL 32835",3332 Robert Trent Jones Dr,Unit 11003,Orlando,FL,32835,Orange County,28.505906,-81.470596,condo,3.0,2.0,1412.0,8756.0,1995.0,Inactive,289990,2022-05-28T13:56:12.117Z,77,12.57760516699832
"130-N-Normandale-Ave,-Unit-Ae,-Orlando,-FL-32835","130 N Normandale Ave, Unit Ae, Orlando, FL 32835",130 N Normandale Ave,Unit Ae,Orlando,FL,32835,Orange County,28.543973,-81.460643,single_family,2.0,1.0,864.0,8756.0,1995.0,Inactive,255000,2022-06-25T11:53:01.267Z,49,12.449022745701502
"2668-Robert-Trent-Jones-Dr,-Apt-425,-Orlando,-FL-32835","2668 Robert Trent Jones Dr, Apt 425, Orlando, FL 32835",2668 Robert Trent Jones Dr,Apt 425,Orlando,FL,32835,Orange County,28.513559,-81.471681,condo,1.0,1.0,854.0,8756.0,1995.0,Inactive,169900,2021-05-12T09:53:55.565Z,458,12.042971193457888
"6532-Fairway-Hill-Ct,-Orlando,-FL-32835","6532 Fairway Hill Ct, Orlando, FL 32835",6532 Fairway Hill Ct,,Orlando,FL,32835,Orange County,28.527631,-81.476129,single_family,4.0,3.0,2587.0,8756.0,1995.0,Inactive,625000,2022-06-11T15:47:39.104Z,63,13.345508528717259
"7905-Chad-Ct,-Orlando,-FL-32835","7905 Chad Ct, Orlando, FL 32835",7905 Chad Ct,,Orlando,FL,32835,Orange County,28.500506,-81.490856,single_family,4.0,2.0,2620.0,8756.0,1995.0,Inactive,575000,2022-06-10T15:19:40.525Z,64,13.26212705890841
"6655-Andrea-Rose-Dr,-Orlando,-FL-32835","6655 Andrea Rose Dr, Orlando, FL 32835",6655 Andrea Rose Dr,,Orlando,FL,32835,Orange County,28.526577,-81.475538,single_family,4.0,3.0,2275.0,8756.0,1995.0,Inactive,499900,2022-06-02T15:20:43.444Z,72,13.12216535779974
"7310-Westpointe-Blvd,-Apt-622,-Orlando,-FL-32835","7310 Westpointe Blvd, Apt 622, Orlando, FL 32835",7310 Westpointe Blvd,Apt 622,Orlando,FL,32835,Orange County,28.516365,-81.490785,condo,1.0,1.0,842.0,8756.0,1995.0,Inactive,163000,2022-06-22T12:21:59.435Z,52,12.001511614739405
"3744-Winding-Lake-Cir,-Orlando,-FL-32835","3744 Winding Lake Cir, Orlando, FL 32835",3744 Winding Lake Cir,,Orlando,FL,32835,Orange County,28.499465,-81.494298,single_family,4.0,3.0,3536.0,8756.0,1995.0,Inactive,815000,2022-04-07T14:33:39.848Z,128,13.610944619216111
"6310-Castelven-Dr,-Unit-101,-Orlando,-FL-32835","6310 Castelven Dr, Unit 101, Orlando, FL 32835",6310 Castelven Dr,Unit 101,Orlando,FL,32835,Orange County,28.511912,-81.467556,condo,3.0,2.5,1665.0,8756.0,1995.0,Inactive,345999,2021-10-24T14:42:33.559Z,293,12.75419405403986
"8051-Belshire-Dr,-Orlando,-FL-32835","8051 Belshire Dr, Orlando, FL 32835",8051 Belshire Dr,,Orlando,FL,32835,Orange County,28.498882,-81.494888,single_family,5.0,3.0,3037.0,8756.0,1995.0,Inactive,815000,2022-06-01T15:59:52.538Z,73,13.610944619216111
"1063-S-Hiawassee-Rd,-Apt-1625,-Orlando,-FL-32835","1063 S Hiawassee Rd, Apt 1625, Orlando, FL 32835",1063 S Hiawassee Rd,Apt 1625,Orlando,FL,32835,Orange County,28.529244,-81.471502,condo,1.0,1.0,627.0,8756.0,1995.0,Inactive,155000,2022-05-14T11:55:02.252Z,91,11.951186847493476
"7618-Blue-Quail-Ln,-Orlando,-FL-32835","7618 Blue Quail Ln, Orlando, FL 32835",7618 Blue Quail Ln,,Orlando,FL,32835,Orange County,28.515042,-81.50537,single_family,4.0,3.5,3973.0,8756.0,1995.0,Inactive,1578000,2022-05-13T15:41:44.328Z,92,14.271669414101318
"139-Grand-Junction-Blvd,-Orlando,-FL-32835","139 Grand Junction Blvd, Orlando, FL 32835",139 Grand Junction Blvd,,Orlando,FL,32835,Orange County,28.543658,-81.471927,single_family,3.0,2.0,1324.0,8756.0,1995.0,Inactive,335000,2021-02-11T13:18:58.397Z,548,12.721888795877375
"8138-Lesia-Cir,-Orlando,-FL-32835","8138 Lesia Cir, Orlando, FL 32835",8138 Lesia Cir,,Orlando,FL,32835,Orange County,28.538878,-81.495406,single_family,3.0,2.0,1525.0,8756.0,1995.0,Inactive,410000,2022-02-28T13:32:53.558Z,166,12.923914877701906
"6043-Strada-Isle-Way,-Orlando,-FL-32835","6043 Strada Isle Way, Orlando, FL 32835",6043 Strada Isle Way,,Orlando,FL,32835,Orange County,28.510513,-81.463114,condo,3.0,2.5,1591.0,8756.0,1995.0,Inactive,330000,2022-05-21T13:48:58.994Z,84,12.706850963741102
"2522-San-Tecla-St,-Unit-105,-Orlando,-FL-32835","2522 San Tecla St, Unit 105, Orlando, FL 32835",2522 San Tecla St,Unit 105,Orlando,FL,32835,Orange County,28.513786,-81.468639,condo,3.0,2.0,1857.0,8756.0,1995.0,Inactive,307000,2021-10-06T14:29:18.670Z,311,12.634606283893019
"412-Crabtree-Ave,-Orlando,-FL-32835","412 Crabtree Ave, Orlando, FL 32835",412 Crabtree Ave,,Orlando,FL,32835,Orange County,28.53513,-81.474204,single_family,3.0,2.0,1149.0,8756.0,1995.0,Inactive,299000,2022-06-16T13:23:55.258Z,58,12.608202196848836
"7330-Westpointe-Blvd,-Apt-413,-Orlando,-FL-32835","7330 Westpointe Blvd, Apt 413, Orlando, FL 32835",7330 Westpointe Blvd,Apt 413,Orlando,FL,32835,Orange County,28.516597,-81.489907,condo,2.0,2.0,1133.0,8756.0,1995.0,Inactive,218900,2021-02-11T10:56:22.628Z,548,12.296374851796545
"1087-S-Hiawassee-Rd,-Apt-421,-Orlando,-FL-32835","1087 S Hiawassee Rd, Apt 421, Orlando, FL 32835",1087 S Hiawassee Rd,Apt 421,Orlando,FL,32835,Orange County,28.527565,-81.472165,condo,2.0,2.0,836.0,8756.0,1995.0,Inactive,174900,2022-06-07T11:35:16.404Z,67,12.071975378543236
"6312-Buford-St,-Apt-807,-Orlando,-FL-32835","6312 Buford St, Apt 807, Orlando, FL 32835",6312 Buford St,Apt 807,Orlando,FL,32835,Orange County,28.505589,-81.466656,condo,3.0,2.5,2260.0,8756.0,1995.0,Inactive,420000,2022-05-14T14:01:37.187Z,91,12.948012371209098
"7604-Castlebay-Ct,-Orlando,-FL-32835","7604 Castlebay Ct, Orlando, FL 32835",7604 Castlebay Ct,,Orlando,FL,32835,Orange County,28.543085,-81.487206,single_family,3.0,2.0,1481.0,8756.0,1995.0,Inactive,350000,2022-05-26T13:56:04.902Z,79,12.765691290604371
"6336-Raleigh-St,-Apt-1213,-Orlando,-FL-32835","6336 Raleigh St, Apt 1213, Orlando, FL 32835",6336 Raleigh St,Apt 1213,Orlando,FL,32835,Orange County,28.526549,-81.469082,condo,2.0,2.0,1248.0,8756.0,1995.0,Inactive,280000,2022-04-16T13:41:46.564Z,119,12.54254845357358
"6100-Stevenson-Dr,-Unit-210,-Orlando,-FL-32835","6100 Stevenson Dr, Unit 210, Orlando, FL 32835",6100 Stevenson Dr,Unit 210,Orlando,FL,32835,Orange County,28.508575,-81.464783,condo,3.0,2.0,1408.0,8756.0,1995.0,Inactive,250000,2022-05-31T11:21:01.503Z,74,12.429220196836383
"6328-Raleigh-St,-Apt-813,-Orlando,-FL-32835","6328 Raleigh St, Apt 813, Orlando, FL 32835",6328 Raleigh St,Apt 813,Orlando,FL,32835,Orange County,28.527138,-81.468951,condo,1.0,1.0,499.0,8756.0,1995.0,Inactive,139900,2022-05-22T10:50:57.547Z,83,11.848690308590857
"3202-Parkchester-Square-Blvd,-Apt-201,-Orlando,-FL-32835","3202 Parkchester Square Blvd, Apt 201, Orlando, FL 32835",3202 Parkchester Square Blvd,Apt 201,Orlando,FL,32835,Orange County,28.509043,-81.472419,condo,1.0,1.0,930.0,8756.0,1995.0,Inactive,170000,2020-09-15T20:43:54.513Z,696,12.04355959836804
"1419-Pine-Acres-Ln,-Orlando,-FL-32835","1419 Pine Acres Ln, Orlando, FL 32835",1419 Pine Acres Ln,,Orlando,FL,32835,Orange County,28.523049,-81.496518,single_family,4.0,2.5,2533.0,8756.0,1995.0,Inactive,520000,2022-05-08T15:06:21.961Z,97,13.161586013632684
"2524-Roat-Dr,-Orlando,-FL-32835","2524 Roat Dr, Orlando, FL 32835",2524 Roat Dr,,Orlando,FL,32835,Orange County,28.514828,-81.496173,single_family,4.0,4.5,3601.0,8756.0,1995.0,Inactive,750000,2022-05-17T15:30:34.058Z,88,13.527829818844937
"6348-Raleigh-St,-Apt-1315,-Orlando,-FL-32835","6348 Raleigh St, Apt 1315, Orlando, FL 32835",6348 Raleigh St,Apt 1315,Orlando,FL,32835,Orange County,28.526295,-81.468898,condo,2.0,2.0,1062.0,8756.0,1995.0,Inactive,230000,2022-05-21T12:56:41.106Z,84,12.345838935721968
"7699-Belvoir-Dr,-Orlando,-FL-32835","7699 Belvoir Dr, Orlando, FL 32835",7699 Belvoir Dr,,Orlando,FL,32835,Orange County,28.521617,-81.498202,single_family,6.0,3.0,3848.0,8756.0,1995.0,Inactive,720000,2021-08-31T17:17:29.307Z,346,13.487007879880162
"3497-Shallot-Dr,-Unit-104,-Orlando,-FL-32835","3497 Shallot Dr, Unit 104, Orlando, FL 32835",3497 Shallot Dr,Unit 104,Orlando,FL,32835,Orange County,28.507596,-81.469433,condo,3.0,2.5,1682.0,8756.0,1995.0,Inactive,330000,2022-05-05T13:09:47.102Z,100,12.706850963741102
"447-N-John-St,-Orlando,-FL-32835","447 N John St, Orlando, FL 32835",447 N John St,,Orlando,FL,32835,Orange County,28.548464,-81.462187,single_family,3.0,1.5,1156.0,8756.0,1995.0,Inactive,199999,2022-06-18T12:26:57.977Z,56,12.206072645530174
"7611-Craig-Ct,-Orlando,-FL-32835","7611 Craig Ct, Orlando, FL 32835",7611 Craig Ct,,Orlando,FL,32835,Orange County,28.508883,-81.492921,single_family,5.0,3.0,2939.0,8756.0,1995.0,Inactive,675000,2022-04-28T20:48:00.249Z,106,13.42246945133505
"8055-Sweetgum-Loop,-Orlando,-FL-32835","8055 Sweetgum Loop, Orlando, FL 32835",8055 Sweetgum Loop,,Orlando,FL,32835,Orange County,28.531488,-81.492596,single_family,3.0,2.0,1525.0,8756.0,1995.0,Inactive,405000,2022-05-28T15:06:38.364Z,77,12.91164481522143
"230-S-Candler-Ave,-Orlando,-FL-32835","230 S Candler Ave, Orlando, FL 32835",230 S Candler Ave,,Orlando,FL,32835,Orange County,28.536372,-81.473305,single_family,3.0,2.0,1300.0,8756.0,1995.0,Inactive,310000,2022-05-13T13:40:12.781Z,92,12.644330802262578
"1111-Summer-Lakes-Dr,-Orlando,-FL-32835","1111 Summer Lakes Dr, Orlando, FL 32835",1111 Summer Lakes Dr,,Orlando,FL,32835,Orange County,28.536573,-81.486745,single_family,3.0,2.0,1567.0,8756.0,1995.0,Inactive,379000,2022-05-30T14:04:17.977Z,75,12.84529412258351
"6105-Metrowest-Blvd,-Unit-105,-Orlando,-FL-32835","6105 Metrowest Blvd, Unit 105, Orlando, FL 32835",6105 Metrowest Blvd,Unit 105,Orlando,FL,32835,Orange County,28.514895,-81.464994,condo,3.0,2.0,1386.0,8756.0,1995.0,Inactive,288000,2022-06-01T14:00:13.484Z,73,12.570719231334277
"457-S-Buena-Vista-Ave,-Orlando,-FL-32835","457 S Buena Vista Ave, Orlando, FL 32835",457 S Buena Vista Ave,,Orlando,FL,32835,Orange County,28.534814,-81.468796,single_family,3.0,1.5,1000.0,8756.0,1995.0,Inactive,273000,2022-06-06T13:38:42.543Z,68,12.51723073716405
"408-N-Hart-Blvd,-Orlando,-FL-32835","408 N Hart Blvd, Orlando, FL 32835",408 N Hart Blvd,,Orlando,FL,32835,Orange County,28.547048,-81.470338,single_family,2.0,1.0,1052.0,8756.0,1995.0,Inactive,229900,2020-11-25T13:39:51.983Z,626,12.345404060459082
"6136-Westgate-Dr,-Apt-201,-Orlando,-FL-32835","6136 Westgate Dr, Apt 201, Orlando, FL 32835",6136 Westgate Dr,Apt 201,Orlando,FL,32835,Orange County,28.531235,-81.466384,condo,1.0,1.0,722.0,8756.0,1995.0,Inactive,149900,2022-06-09T09:26:02.429Z,65,11.917730355182513
"3307-Greenwich-Village-Blvd,-Apt-101,-Orlando,-FL-32835","3307 Greenwich Village Blvd, Apt 101, Orlando, FL 32835",3307 Greenwich Village Blvd,Apt 101,Orlando,FL,32835,Orange County,28.50815,-81.472078,condo,1.0,1.0,885.0,8756.0,1995.0,Inactive,199000,2022-05-07T14:31:51.073Z,98,12.201065128819632
"3304-Westchester-Square-Blvd,-Apt-104,-Orlando,-FL-32835","3304 Westchester Square Blvd, Apt 104, Orlando, FL 32835",3304 Westchester Square Blvd,Apt 104,Orlando,FL,32835,Orange County,28.508154,-81.47375,condo,2.0,2.0,1235.0,8756.0,1995.0,Inactive,175000,2022-05-27T09:41:44.378Z,78,12.07254696717504
"932-Summer-Lakes-Dr,-Orlando,-FL-32835","932 Summer Lakes Dr, Orlando, FL 32835",932 Summer Lakes Dr,,Orlando,FL,32835,Orange County,28.530844,-81.487776,single_family,3.0,2.0,1538.0,8756.0,1995.0,Inactive,350000,2022-05-19T14:21:01.838Z,86,12.765691290604371
"8000-Canyon-Lake-Cir,-Orlando,-FL-32835","8000 Canyon Lake Cir, Orlando, FL 32835",8000 Canyon Lake Cir,,Orlando,FL,32835,Orange County,28.527201,-81.495635,single_family,4.0,3.0,2327.0,8756.0,1995.0,Inactive,570000,2020-09-22T01:18:31.312Z,690,13.25339339419516
"2837-Villafuerte-Pt,-Unit-106,-Orlando,-FL-32835","2837 Villafuerte Pt, Unit 106, Orlando, FL 32835",2837 Villafuerte Pt,Unit 106,Orlando,FL,32835,Orange County,28.512212,-81.465539,condo,3.0,2.5,1546.0,8756.0,1995.0,Inactive,330000,2022-05-08T14:14:01.482Z,97,12.706850963741102
"3280-Soho-St,-Apt-203,-Orlando,-FL-32835","3280 Soho St, Apt 203, Orlando, FL 32835",3280 Soho St,Apt 203,Orlando,FL,32835,Orange County,28.508337,-81.475078,condo,1.0,1.0,945.0,8756.0,1995.0,Inactive,162000,2021-09-24T17:13:19.778Z,322,11.995357787034976
"1813-Baillie-Glass-Ln,-Orlando,-FL-32835","1813 Baillie Glass Ln, Orlando, FL 32835",1813 Baillie Glass Ln,,Orlando,FL,32835,Orange County,28.520388,-81.483141,single_family,3.0,2.0,1949.0,8756.0,1995.0,Inactive,545000,2022-05-03T15:26:55.110Z,102,13.208542908506082
"7934-Barrowood-St,-Orlando,-FL-32835","7934 Barrowood St, Orlando, FL 32835",7934 Barrowood St,,Orlando,FL,32835,Orange County,28.53116,-81.494348,single_family,3.0,2.0,1497.0,8756.0,1995.0,Inactive,365000,2022-03-23T13:38:23.210Z,143,12.807655372286902
"3304-Westchester-Square-Blvd,-Apt-103,-Orlando,-FL-32835","3304 Westchester Square Blvd, Apt 103, Orlando, FL 32835",3304 Westchester Square Blvd,Apt 103,Orlando,FL,32835,Orange County,28.508154,-81.47375,condo,2.0,2.0,1160.0,8756.0,1995.0,Inactive,245000,2022-05-20T12:02:59.237Z,85,12.409017571151187
"322-N-Lancelot-Ave,-Orlando,-FL-32835","322 N Lancelot Ave, Orlando, FL 32835",322 N Lancelot Ave,,Orlando,FL,32835,Orange County,28.546003,-81.471146,single_family,3.0,1.0,1027.0,8756.0,1995.0,Inactive,239900,2022-05-01T14:56:28.203Z,104,12.3879816172226
"3392-Westchester-Square-Blvd,-Apt-204,-Orlando,-FL-32835","3392 Westchester Square Blvd, Apt 204, Orlando, FL 32835",3392 Westchester Square Blvd,Apt 204,Orlando,FL,32835,Orange County,28.507127,-81.472921,condo,2.0,2.0,1430.0,8756.0,1995.0,Inactive,234900,2020-09-20T18:52:56.785Z,691,12.366919427768636
"618-S-Hudson-St,-Orlando,-FL-32835","618 S Hudson St, Orlando, FL 32835",618 S Hudson St,,Orlando,FL,32835,Orange County,28.532428,-81.46148,single_family,3.0,3.0,2021.0,8756.0,1995.0,Inactive,417000,2022-05-17T14:40:43.923Z,88,12.940843898859598
"7249-Mardell-Ct,-Orlando,-FL-32835","7249 Mardell Ct, Orlando, FL 32835",7249 Mardell Ct,,Orlando,FL,32835,Orange County,28.506522,-81.486509,single_family,3.0,2.0,1633.0,8756.0,1995.0,Inactive,399900,2022-04-22T16:24:26.644Z,112,12.89897229545694
"107-N-Observatory-Dr,-Orlando,-FL-32835","107 N Observatory Dr, Orlando, FL 32835",107 N Observatory Dr,,Orlando,FL,32835,Orange County,28.542924,-81.467878,single_family,3.0,2.0,1299.0,8756.0,1995.0,Inactive,299900,2021-12-13T13:32:30.815Z,243,12.611207699176356
"1031-S-Hiawassee-Rd,-Apt-2518,-Orlando,-FL-32835","1031 S Hiawassee Rd, Apt 2518, Orlando, FL 32835",1031 S Hiawassee Rd,Apt 2518,Orlando,FL,32835,Orange County,28.52927,-81.473065,condo,2.0,2.0,829.0,8756.0,1995.0,Inactive,210000,2022-06-04T12:50:38.615Z,70,12.25486757159303
"7104-Ferrier-Ct,-Orlando,-FL-32835","7104 Ferrier Ct, Orlando, FL 32835",7104 Ferrier Ct,,Orlando,FL,32835,Orange County,28.509222,-81.486837,single_family,4.0,2.5,2668.0,8756.0,1995.0,Inactive,499000,2022-02-22T14:02:12.014Z,172,13.120363378739663
"7210-Westpointe-Blvd,-Apt-1320,-Orlando,-FL-32835","7210 Westpointe Blvd, Apt 1320, Orlando, FL 32835",7210 Westpointe Blvd,Apt 1320,Orlando,FL,32835,Orange County,28.516808,-81.48638,condo,3.0,2.0,1466.0,8756.0,1995.0,Inactive,245000,2021-03-03T14:48:07.698Z,528,12.409017571151187
"931-Almond-Tree-Cir,-Orlando,-FL-32835","931 Almond Tree Cir, Orlando, FL 32835",931 Almond Tree Cir,,Orlando,FL,32835,Orange County,28.527098,-81.508484,single_family,4.0,2.0,1865.0,8756.0,1995.0,Inactive,499999,2022-06-18T15:59:15.442Z,56,13.122363377404328
"3602-Shallot-Dr,-Unit-103,-Orlando,-FL-32835","3602 Shallot Dr, Unit 103, Orlando, FL 32835",3602 Shallot Dr,Unit 103,Orlando,FL,32835,Orange County,28.506002,-81.469791,condo,2.0,2.5,1546.0,8756.0,1995.0,Inactive,285000,2022-05-21T13:29:35.791Z,84,12.560247968016562
"6219-W-Ridgewood-Ave,-Orlando,-FL-32835","6219 W Ridgewood Ave, Orlando, FL 32835",6219 W Ridgewood Ave,,Orlando,FL,32835,Orange County,28.545873,-81.466984,single_family,3.0,1.5,1310.0,8756.0,1995.0,Inactive,259000,2022-05-11T11:56:00.663Z,94,12.464587201678082
"1037-S-Hiawassee-Rd,-Apt-2816,-Orlando,-FL-32835","1037 S Hiawassee Rd, Apt 2816, Orlando, FL 32835",1037 S Hiawassee Rd,Apt 2816,Orlando,FL,32835,Orange County,28.529906,-81.471522,condo,1.0,1.0,673.0,8756.0,1995.0,Inactive,135000,2022-04-18T10:37:05.357Z,117,11.813037464800539
"2512-Diamond-Ridge-Ct,-Orlando,-FL-32835","2512 Diamond Ridge Ct, Orlando, FL 32835",2512 Diamond Ridge Ct,,Orlando,FL,32835,Orange County,28.516002,-81.50422,single_family,4.0,5.0,3754.0,8756.0,1995.0,Inactive,1089900,2020-09-22T02:27:04.525Z,690,13.901597424392351
"1721-Cheltenborough-Dr,-Orlando,-FL-32835","1721 Cheltenborough Dr, Orlando, FL 32835",1721 Cheltenborough Dr,,Orlando,FL,32835,Orange County,28.521524,-81.501591,single_family,5.0,3.0,3844.0,8756.0,1995.0,Inactive,699000,2022-04-28T20:48:00.265Z,106,13.457407451830088
"2674-Rangeley-Ct,-Orlando,-FL-32835","2674 Rangeley Ct, Orlando, FL 32835",2674 Rangeley Ct,,Orlando,FL,32835,Orange County,28.514338,-81.490805,single_family,4.0,3.0,2414.0,8756.0,1995.0,Inactive,440000,2022-05-13T14:51:14.437Z,92,12.994532278619134
"6434-Cava-Alta-Dr,-Unit-308,-Orlando,-FL-32835","6434 Cava Alta Dr, Unit 308, Orlando, FL 32835",6434 Cava Alta Dr,Unit 308,Orlando,FL,32835,Orange County,28.515389,-81.468996,condo,3.0,2.0,1247.0,8756.0,1995.0,Inactive,289000,2022-05-28T13:56:17.012Z,77,12.574185427296195
"2624-Robert-Trent-Jones-Dr,-Apt-613,-Orlando,-FL-32835","2624 Robert Trent Jones Dr, Apt 613, Orlando, FL 32835",2624 Robert Trent Jones Dr,Apt 613,Orlando,FL,32835,Orange County,28.514909,-81.471648,condo,2.0,1.0,933.0,8756.0,1995.0,Inactive,184900,2022-03-01T11:21:02.125Z,165,12.127575825689417
"1051-S-Hiawassee-Rd,-Apt-2134,-Orlando,-FL-32835","1051 S Hiawassee Rd, Apt 2134, Orlando, FL 32835",1051 S Hiawassee Rd,Apt 2134,Orlando,FL,32835,Orange County,28.528211,-81.473405,condo,1.0,1.0,627.0,8756.0,1995.0,Inactive,155000,2021-08-31T09:18:31.165Z,347,11.951186847493476
"2211-Langley-Cir,-Orlando,-FL-32835","2211 Langley Cir, Orlando, FL 32835",2211 Langley Cir,,Orlando,FL,32835,Orange County,28.510227,-81.497843,single_family,5.0,3.0,3018.0,8756.0,1995.0,Inactive,680000,2022-04-18T14:39:49.618Z,117,13.429849547739444
"2612-Robert-Trent-Jones-Dr,-Apt-731,-Orlando,-FL-32835","2612 Robert Trent Jones Dr, Apt 731, Orlando, FL 32835",2612 Robert Trent Jones Dr,Apt 731,Orlando,FL,32835,Orange County,28.515098,-81.472215,condo,2.0,2.0,1014.0,8756.0,1995.0,Inactive,180000,2022-05-19T11:43:46.874Z,86,12.100717685412471
"5998-Westgate-Dr,-Apt-302,-Orlando,-FL-32835","5998 Westgate Dr, Apt 302, Orlando, FL 32835",5998 Westgate Dr,Apt 302,Orlando,FL,32835,Orange County,28.530618,-81.465071,condo,1.0,1.0,1184.0,8756.0,1995.0,Inactive,175000,2022-05-11T10:11:55.145Z,94,12.07254696717504
"6424-Raleigh-St,-Apt-3101,-Orlando,-FL-32835","6424 Raleigh St, Apt 3101, Orlando, FL 32835",6424 Raleigh St,Apt 3101,Orlando,FL,32835,Orange County,28.525949,-81.467615,condo,1.0,1.0,794.0,8756.0,1995.0,Inactive,174900,2022-05-07T14:31:48.677Z,98,12.071975378543236
"2903-Barrymore-Ct,-Orlando,-FL-32835","2903 Barrymore Ct, Orlando, FL 32835",2903 Barrymore Ct,,Orlando,FL,32835,Orange County,28.510714,-81.489272,single_family,3.0,2.0,1440.0,8756.0,1995.0,Inactive,280000,2022-04-30T13:05:10.874Z,105,12.54254845357358
"2668-Robert-Trent-Jones-Dr,-Apt-413,-Orlando,-FL-32835","2668 Robert Trent Jones Dr, Apt 413, Orlando, FL 32835",2668 Robert Trent Jones Dr,Apt 413,Orlando,FL,32835,Orange County,28.513559,-81.471681,condo,1.0,1.0,854.0,8756.0,1995.0,Inactive,179900,2022-05-20T10:39:06.227Z,85,12.100161978566867
"2865-Polana-St,-Unit-103,-Orlando,-FL-32835","2865 Polana St, Unit 103, Orlando, FL 32835",2865 Polana St,Unit 103,Orlando,FL,32835,Orange County,28.512382,-81.466314,condo,2.0,2.5,1546.0,8756.0,1995.0,Inactive,305000,2022-03-28T14:02:23.728Z,138,12.628070334272698
"5986-Westgate-Dr,-Apt-304,-Orlando,-FL-32835","5986 Westgate Dr, Apt 304, Orlando, FL 32835",5986 Westgate Dr,Apt 304,Orlando,FL,32835,Orange County,28.530626,-81.46435,condo,1.0,1.0,1184.0,8756.0,1995.0,Inactive,178000,2022-05-11T10:11:55.150Z,94,12.08954444723597
"3190-Dante-Dr,-Unit-201,-Orlando,-FL-32835","3190 Dante Dr, Unit 201, Orlando, FL 32835",3190 Dante Dr,Unit 201,Orlando,FL,32835,Orange County,28.509208,-81.466884,condo,3.0,2.0,1206.0,8756.0,1995.0,Inactive,232900,2022-04-28T16:54:44.510Z,106,12.358368749551493
"2712-Gretagreen-Ct,-Orlando,-FL-32835","2712 Gretagreen Ct, Orlando, FL 32835",2712 Gretagreen Ct,,Orlando,FL,32835,Orange County,28.513493,-81.487569,single_family,4.0,2.5,2141.0,8756.0,1995.0,Inactive,449900,2022-05-03T14:15:08.793Z,102,13.016782837542953
"7924-Sweetgum-Loop,-Orlando,-FL-32835","7924 Sweetgum Loop, Orlando, FL 32835",7924 Sweetgum Loop,,Orlando,FL,32835,Orange County,28.532891,-81.494123,single_family,4.0,2.0,1706.0,8756.0,1995.0,Inactive,379900,2022-04-06T14:18:36.624Z,129,12.847665971443902
"3353-Westchester-Square-Blvd,-Apt-204,-Orlando,-FL-32835","3353 Westchester Square Blvd, Apt 204, Orlando, FL 32835",3353 Westchester Square Blvd,Apt 204,Orlando,FL,32835,Orange County,28.507691,-81.472744,condo,3.0,2.0,1600.0,8756.0,1995.0,Inactive,255000,2022-04-05T13:12:42.817Z,130,12.449022745701502
"7866-Bardmoor-Hill-Cir,-Orlando,-FL-32835","7866 Bardmoor Hill Cir, Orlando, FL 32835",7866 Bardmoor Hill Cir,,Orlando,FL,32835,Orange County,28.521401,-81.502955,single_family,5.0,3.0,3848.0,8756.0,1995.0,Inactive,699000,2022-03-12T14:32:54.999Z,154,13.457407451830088
"8160-Saint-Albans-Dr,-Orlando,-FL-32835","8160 Saint Albans Dr, Orlando, FL 32835",8160 Saint Albans Dr,,Orlando,FL,32835,Orange County,28.534815,-81.494826,single_family,4.0,2.0,1922.0,8756.0,1995.0,Inactive,425000,2022-04-13T16:26:52.372Z,121,12.959846800844963
"8128-Westminster-Abbey-Blvd,-Orlando,-FL-32835","8128 Westminster Abbey Blvd, Orlando, FL 32835",8128 Westminster Abbey Blvd,,Orlando,FL,32835,Orange County,28.507472,-81.505106,single_family,5.0,3.0,3618.0,8756.0,1995.0,Inactive,875000,2022-05-04T17:22:45.459Z,100,13.681980308196241
"8122-Westminster-Abbey-Blvd,-Orlando,-FL-32835","8122 Westminster Abbey Blvd, Orlando, FL 32835",8122 Westminster Abbey Blvd,,Orlando,FL,32835,Orange County,28.507474,-81.504842,single_family,4.0,3.0,3254.0,8756.0,1995.0,Inactive,850000,2022-05-08T15:19:50.408Z,97,13.652992804936396
"174-Westmoor-Bnd,-Orlando,-FL-32835","174 Westmoor Bnd, Orlando, FL 32835",174 Westmoor Bnd,,Orlando,FL,32835,Orange County,28.54379,-81.488408,single_family,3.0,2.0,1372.0,8756.0,1995.0,Inactive,360000,2022-04-24T15:40:20.139Z,111,12.793862088206213
"2648-Robert-Trent-Jones-Dr,-Apt-226,-Orlando,-FL-32835","2648 Robert Trent Jones Dr, Apt 226, Orlando, FL 32835",2648 Robert Trent Jones Dr,Apt 226,Orlando,FL,32835,Orange County,28.514265,-81.471206,condo,3.0,2.0,1295.0,8756.0,1995.0,Inactive,215500,2022-05-03T11:51:12.441Z,102,12.280720828886404
"7685-Debeaubien-Dr,-Orlando,-FL-32835","7685 Debeaubien Dr, Orlando, FL 32835",7685 Debeaubien Dr,,Orlando,FL,32835,Orange County,28.518022,-81.497188,single_family,5.0,5.5,4720.0,8756.0,1995.0,Inactive,865000,2022-04-04T14:47:57.783Z,131,13.670485941982712
"2532-Robert-Trent-Jones-Dr,-Apt-1526,-Orlando,-FL-32835","2532 Robert Trent Jones Dr, Apt 1526, Orlando, FL 32835",2532 Robert Trent Jones Dr,Apt 1526,Orlando,FL,32835,Orange County,28.515756,-81.471686,condo,3.0,2.0,1295.0,8756.0,1995.0,Inactive,198000,2022-05-10T13:02:59.431Z,95,12.19602736016897
"36-S-Lancelot-Ave,-Orlando,-FL-32835","36 S Lancelot Ave, Orlando, FL 32835",36 S Lancelot Ave,,Orlando,FL,32835,Orange County,28.540134,-81.471481,single_family,3.0,2.0,1292.0,8756.0,1995.0,Inactive,265000,2022-05-05T12:55:05.607Z,100,12.487488878546145
"3150-Stowe-St,-Unit-108,-Orlando,-FL-32835","3150 Stowe St, Unit 108, Orlando, FL 32835",3150 Stowe St,Unit 108,Orlando,FL,32835,Orange County,28.510084,-81.466434,condo,3.0,2.5,1682.0,8756.0,1995.0,Inactive,385000,2022-01-05T13:07:41.417Z,220,12.861001210669146
"2865-Polana-St,-Unit-108,-Orlando,-FL-32835","2865 Polana St, Unit 108, Orlando, FL 32835",2865 Polana St,Unit 108,Orlando,FL,32835,Orange County,28.512138,-81.466312,condo,3.0,2.5,1665.0,8756.0,1995.0,Inactive,324800,2022-05-12T13:12:00.699Z,93,12.690967966082654
"316-Tiburon-Ct,-Orlando,-FL-32835","316 Tiburon Ct, Orlando, FL 32835",316 Tiburon Ct,,Orlando,FL,32835,Orange County,28.53655,-81.487765,single_family,4.0,2.5,1626.0,8756.0,1995.0,Inactive,345000,2022-04-14T13:47:18.613Z,121,12.75130259456002
"1055-S-Hiawassee-Rd,-Apt-2017,-Orlando,-FL-32835","1055 S Hiawassee Rd, Apt 2017, Orlando, FL 32835",1055 S Hiawassee Rd,Apt 2017,Orlando,FL,32835,Orange County,28.528563,-81.472734,condo,2.0,2.0,934.0,8756.0,1995.0,Inactive,220000,2022-04-19T12:58:37.774Z,116,12.301387370778713
"3315-Parkchester-Square-Blvd,-Apt-308,-Orlando,-FL-32835","3315 Parkchester Square Blvd, Apt 308, Orlando, FL 32835",3315 Parkchester Square Blvd,Apt 308,Orlando,FL,32835,Orange County,28.508601,-81.471444,condo,2.0,2.0,1107.0,8756.0,1995.0,Inactive,195000,2022-03-19T10:47:36.090Z,147,12.180759965737863
"1091-S-Hiawassee-Rd,-Apt-214,-Orlando,-FL-32835","1091 S Hiawassee Rd, Apt 214, Orlando, FL 32835",1091 S Hiawassee Rd,Apt 214,Orlando,FL,32835,Orange County,28.527638,-81.472804,condo,1.0,1.0,627.0,8756.0,1995.0,Inactive,150000,2022-04-15T11:05:04.090Z,120,11.918397239722838
"4623-Woodlands-Village-Dr,-Orlando,-FL-32835","4623 Woodlands Village Dr, Orlando, FL 32835",4623 Woodlands Village Dr,,Orlando,FL,32835,Orange County,28.495987,-81.478493,single_family,4.0,3.0,2871.0,8756.0,1995.0,Inactive,600000,2022-05-18T15:23:59.026Z,87,13.304686600863562
"1801-Bardmoor-Hill-Cir,-Orlando,-FL-32835","1801 Bardmoor Hill Cir, Orlando, FL 32835",1801 Bardmoor Hill Cir,,Orlando,FL,32835,Orange County,28.520531,-81.49815,single_family,3.0,2.5,2681.0,8756.0,1995.0,Inactive,525000,2022-04-29T15:58:40.513Z,105,13.171155446333852
"1044-Nin-St,-Orlando,-FL-32835","1044 Nin St, Orlando, FL 32835",1044 Nin St,,Orlando,FL,32835,Orange County,28.533682,-81.486712,single_family,3.0,2.0,2074.0,8756.0,1995.0,Inactive,439000,2022-03-12T14:21:28.610Z,154,12.992256969959042
"1020-Nin-St,-Orlando,-FL-32835","1020 Nin St, Orlando, FL 32835",1020 Nin St,,Orlando,FL,32835,Orange County,28.533383,-81.487693,single_family,3.0,2.5,1786.0,8756.0,1995.0,Inactive,385000,2022-04-29T15:26:01.976Z,106,12.861001210669146
"6302-Daysbrook-Dr,-Unit-106,-Orlando,-FL-32835","6302 Daysbrook Dr, Unit 106, Orlando, FL 32835",6302 Daysbrook Dr,Unit 106,Orlando,FL,32835,Orange County,28.505749,-81.468303,condo,2.0,2.5,1546.0,8756.0,1995.0,Inactive,349000,2021-02-13T13:04:58.628Z,546,12.762830066509972
"429-N-Buena-Vista-Ave,-Orlando,-FL-32835","429 N Buena Vista Ave, Orlando, FL 32835",429 N Buena Vista Ave,,Orlando,FL,32835,Orange County,28.548134,-81.46902,single_family,3.0,1.0,945.0,8756.0,1995.0,Inactive,229999,2021-06-16T12:10:11.961Z,423,12.345834587905333
"8075-Canyon-Lake-Cir,-Orlando,-FL-32835","8075 Canyon Lake Cir, Orlando, FL 32835",8075 Canyon Lake Cir,,Orlando,FL,32835,Orange County,28.527497,-81.493285,single_family,4.0,3.0,2544.0,8756.0,1995.0,Inactive,700000,2022-05-08T15:16:28.194Z,97,13.45883704259595
"8233-Wellsmere-Cir,-Orlando,-FL-32835","8233 Wellsmere Cir, Orlando, FL 32835",8233 Wellsmere Cir,,Orlando,FL,32835,Orange County,28.537221,-81.497061,single_family,4.0,2.0,2050.0,8756.0,1995.0,Inactive,499999,2022-04-22T16:55:28.182Z,112,13.122363377404328
"6312-Raleigh-St,-Apt-505,-Orlando,-FL-32835","6312 Raleigh St, Apt 505, Orlando, FL 32835",6312 Raleigh St,Apt 505,Orlando,FL,32835,Orange County,28.527201,-81.468558,condo,2.0,2.0,1051.0,8756.0,1995.0,Inactive,239900,2022-05-07T15:00:45.903Z,98,12.3879816172226
"6312-Raleigh-St,-Apt-502,-Orlando,-FL-32835","6312 Raleigh St, Apt 502, Orlando, FL 32835",6312 Raleigh St,Apt 502,Orlando,FL,32835,Orange County,28.527201,-81.468558,condo,2.0,2.0,1051.0,8756.0,1995.0,Inactive,230000,2022-03-20T12:25:21.429Z,146,12.345838935721968
"452-N-Normandale-Ave,-Orlando,-FL-32835","452 N Normandale Ave, Orlando, FL 32835",452 N Normandale Ave,,Orlando,FL,32835,Orange County,28.548036,-81.460668,single_family,2.0,1.0,924.0,8756.0,1995.0,Inactive,201000,2022-01-07T11:34:55.299Z,218,12.211065162153215
"438-Alston-Dr,-Orlando,-FL-32835","438 Alston Dr, Orlando, FL 32835",438 Alston Dr,,Orlando,FL,32835,Orange County,28.54762,-81.482153,condo,3.0,2.5,1317.0,8756.0,1995.0,Inactive,237000,2021-11-11T12:52:08.044Z,275,12.37581963951765
"7755-Casasia-Ct,-Orlando,-FL-32835","7755 Casasia Ct, Orlando, FL 32835",7755 Casasia Ct,,Orlando,FL,32835,Orange County,28.530866,-81.490511,single_family,3.0,2.0,1268.0,8756.0,1995.0,Inactive,399000,2022-04-08T14:21:27.670Z,127,12.896719202134523
"3353-Westchester-Square-Blvd,-Apt-202,-Orlando,-FL-32835","3353 Westchester Square Blvd, Apt 202, Orlando, FL 32835",3353 Westchester Square Blvd,Apt 202,Orlando,FL,32835,Orange County,28.507691,-81.472744,condo,3.0,2.0,1600.0,8756.0,1995.0,Inactive,255000,2022-04-02T11:58:23.105Z,133,12.449022745701502
"135-N-Normandale-Ave,-Orlando,-FL-32835","135 N Normandale Ave, Orlando, FL 32835",135 N Normandale Ave,,Orlando,FL,32835,Orange County,28.544115,-81.460051,single_family,3.0,1.0,1360.0,8756.0,1995.0,Inactive,250000,2022-04-03T12:24:02.624Z,132,12.429220196836383
"1799-Abbots-Hill-Dr,-Orlando,-FL-32835","1799 Abbots Hill Dr, Orlando, FL 32835",1799 Abbots Hill Dr,,Orlando,FL,32835,Orange County,28.521521,-81.499898,single_family,5.0,3.0,3851.0,8756.0,1995.0,Inactive,732000,2022-02-24T14:09:47.348Z,170,13.503537159062734
"7948-Canyon-Lake-Cir,-Orlando,-FL-32835","7948 Canyon Lake Cir, Orlando, FL 32835",7948 Canyon Lake Cir,,Orlando,FL,32835,Orange County,28.529267,-81.495042,single_family,4.0,2.5,2483.0,8756.0,1995.0,Inactive,589000,2020-12-04T04:57:23.688Z,617,13.286183160425152
"7013-Hiawassee-Overlook-Dr,-Orlando,-FL-32835","7013 Hiawassee Overlook Dr, Orlando, FL 32835",7013 Hiawassee Overlook Dr,,Orlando,FL,32835,Orange County,28.534517,-81.476618,single_family,3.0,2.0,1986.0,8756.0,1995.0,Inactive,479000,2022-04-27T19:24:36.517Z,107,13.079457964073546
"1930-Chathamoor-Dr-SE,-Orlando,-FL-32835","1930 Chathamoor Dr SE, Orlando, FL 32835",1930 Chathamoor Dr SE,,Orlando,FL,32835,Orange County,28.521363,-81.504808,single_family,4.0,2.0,1699.0,8756.0,1995.0,Inactive,419000,2022-04-22T16:31:48.311Z,112,12.945628585536271
"2931-Metro-Sevilla-Dr,-Unit-103,-Orlando,-FL-32835","2931 Metro Sevilla Dr, Unit 103, Orlando, FL 32835",2931 Metro Sevilla Dr,Unit 103,Orlando,FL,32835,Orange County,28.511258,-81.468963,condo,3.0,2.5,2010.0,8756.0,1995.0,Inactive,350000,2022-04-12T16:40:37.195Z,122,12.765691290604371
"6349-Castelven-Dr,-Unit-102,-Orlando,-FL-32835","6349 Castelven Dr, Unit 102, Orlando, FL 32835",6349 Castelven Dr,Unit 102,Orlando,FL,32835,Orange County,28.51269,-81.467949,condo,3.0,2.5,1682.0,8756.0,1995.0,Inactive,319000,2022-04-12T16:23:27.539Z,122,12.672949516558306
"2511-Metro-Sevilla-Dr,-Unit-108,-Orlando,-FL-32835","2511 Metro Sevilla Dr, Unit 108, Orlando, FL 32835",2511 Metro Sevilla Dr,Unit 108,Orlando,FL,32835,Orange County,28.514208,-81.469605,condo,3.0,2.0,1797.0,8756.0,1995.0,Inactive,290000,2022-04-29T14:32:56.857Z,106,12.577639650232573
"3280-Soho-St,-Apt-308,-Orlando,-FL-32835","3280 Soho St, Apt 308, Orlando, FL 32835",3280 Soho St,Apt 308,Orlando,FL,32835,Orange County,28.508337,-81.475078,condo,3.0,2.0,1278.0,8756.0,1995.0,Inactive,230000,2022-04-19T13:24:14.955Z,116,12.345838935721968
"6352-Raleigh-St,-Apt-1404,-Orlando,-FL-32835","6352 Raleigh St, Apt 1404, Orlando, FL 32835",6352 Raleigh St,Apt 1404,Orlando,FL,32835,Orange County,28.526024,-81.469437,condo,1.0,1.0,794.0,8756.0,1995.0,Inactive,170000,2022-03-27T10:51:43.587Z,139,12.04355959836804
"7819-Saint-Andrews-Cir,-Orlando,-FL-32835","7819 Saint Andrews Cir, Orlando, FL 32835",7819 Saint Andrews Cir,,Orlando,FL,32835,Orange County,28.518849,-81.498944,single_family,4.0,2.5,2686.0,8756.0,1995.0,Inactive,524900,2022-03-25T13:55:41.682Z,141,13.170964952363363
"1091-S-Hiawassee-Rd,-Apt-212,-Orlando,-FL-32835","1091 S Hiawassee Rd, Apt 212, Orlando, FL 32835",1091 S Hiawassee Rd,Apt 212,Orlando,FL,32835,Orange County,28.527638,-81.472804,condo,2.0,2.0,934.0,8756.0,1995.0,Inactive,193000,2022-03-23T09:32:28.329Z,143,12.170450649220749
"2454-Baesel-View-Dr,-Orlando,-FL-32835","2454 Baesel View Dr, Orlando, FL 32835",2454 Baesel View Dr,,Orlando,FL,32835,Orange County,28.51541,-81.496972,single_family,4.0,3.0,2881.0,8756.0,1995.0,Inactive,650000,2021-12-15T14:59:01.690Z,241,13.384729180332174
"3326-Robert-Trent-Jones-Dr,-Unit-10402,-Orlando,-FL-32835","3326 Robert Trent Jones Dr, Unit 10402, Orlando, FL 32835",3326 Robert Trent Jones Dr,Unit 10402,Orlando,FL,32835,Orange County,28.506495,-81.470584,condo,3.0,2.0,1391.0,8756.0,1995.0,Inactive,248900,2021-10-27T12:19:29.228Z,290,12.424810506025395
"5955-Westgate-Dr,-Apt-1623,-Orlando,-FL-32835","5955 Westgate Dr, Apt 1623, Orlando, FL 32835",5955 Westgate Dr,Apt 1623,Orlando,FL,32835,Orange County,28.532936,-81.463567,condo,3.0,2.0,1308.0,8756.0,1995.0,Inactive,235000,2020-09-23T16:40:54.253Z,688,12.367345048436391
"3420-Greenwich-Village-Blvd,-Apt-102,-Orlando,-FL-32835","3420 Greenwich Village Blvd, Apt 102, Orlando, FL 32835",3420 Greenwich Village Blvd,Apt 102,Orlando,FL,32835,Orange County,28.507199,-81.471792,condo,2.0,2.0,1235.0,8756.0,1995.0,Inactive,185000,2022-05-07T14:31:48.711Z,98,12.128116509451258
"1854-Vista-Royale-Blvd,-Orlando,-FL-32835","1854 Vista Royale Blvd, Orlando, FL 32835",1854 Vista Royale Blvd,,Orlando,FL,32835,Orange County,28.520477,-81.497802,single_family,4.0,3.0,2354.0,8756.0,1995.0,Inactive,550000,2022-02-16T14:19:56.234Z,178,13.217675375388819
"6004-Westgate-Dr,-Apt-103,-Orlando,-FL-32835","6004 Westgate Dr, Apt 103, Orlando, FL 32835",6004 Westgate Dr,Apt 103,Orlando,FL,32835,Orange County,28.530618,-81.464681,condo,1.0,1.0,566.0,8756.0,1995.0,Inactive,149900,2022-05-07T13:36:03.459Z,98,11.917730355182513
"7353-Woodbriar-Ct,-Orlando,-FL-32835","7353 Woodbriar Ct, Orlando, FL 32835",7353 Woodbriar Ct,,Orlando,FL,32835,Orange County,28.497436,-81.482749,single_family,3.0,3.5,2709.0,8756.0,1995.0,Inactive,560000,2022-04-15T14:57:25.362Z,120,13.235693848424024
"5971-Westgate-Dr,-Apt-1223,-Orlando,-FL-32835","5971 Westgate Dr, Apt 1223, Orlando, FL 32835",5971 Westgate Dr,Apt 1223,Orlando,FL,32835,Orange County,28.533847,-81.463602,condo,2.0,2.0,1344.0,8756.0,1995.0,Inactive,259000,2022-04-26T15:57:49.548Z,108,12.464587201678082
"6071-Westgate-Dr-Westgate-Dr,-Unit-321,-Orlando,-FL-32835","6071 Westgate Dr Westgate Dr, Unit 321, Orlando, FL 32835",6071 Westgate Dr Westgate Dr,Unit 321,Orlando,FL,32835,Orange County,28.533764,-81.466682,condo,2.0,2.0,1344.0,8756.0,1995.0,Inactive,225000,2022-04-24T13:58:40.055Z,111,12.323860125621126
"6029-Westgate-Dr,-Apt-727,-Orlando,-FL-32835","6029 Westgate Dr, Apt 727, Orlando, FL 32835",6029 Westgate Dr,Apt 727,Orlando,FL,32835,Orange County,28.533833,-81.465412,condo,2.0,2.0,1344.0,8756.0,1995.0,Inactive,218000,2021-11-24T13:06:33.027Z,262,12.292254928916668
"4333-Woodtree-Ln,-Orlando,-FL-32835","4333 Woodtree Ln, Orlando, FL 32835",4333 Woodtree Ln,,Orlando,FL,32835,Orange County,28.50057,-81.481722,single_family,4.0,3.0,2979.0,8756.0,1995.0,Inactive,604900,2021-05-12T16:26:56.872Z,457,13.312820087259452
"209-Brigadoon-Pt,-Orlando,-FL-32835","209 Brigadoon Pt, Orlando, FL 32835",209 Brigadoon Pt,,Orlando,FL,32835,Orange County,28.543513,-81.486919,single_family,4.0,2.5,2770.0,8756.0,1995.0,Inactive,435000,2021-11-20T14:43:43.372Z,266,12.983103608918753
"3432-Westchester-Square-Blvd,-Apt-104,-Orlando,-FL-32835","3432 Westchester Square Blvd, Apt 104, Orlando, FL 32835",3432 Westchester Square Blvd,Apt 104,Orlando,FL,32835,Orange County,28.506841,-81.472668,condo,2.0,2.0,1235.0,8756.0,1995.0,Inactive,220000,2022-04-20T16:57:23.402Z,114,12.301387370778713
"2528-Robert-Trent-Jones-Dr,-Apt-1633,-Orlando,-FL-32835","2528 Robert Trent Jones Dr, Apt 1633, Orlando, FL 32835",2528 Robert Trent Jones Dr,Apt 1633,Orlando,FL,32835,Orange County,28.515576,-81.470818,condo,2.0,1.0,933.0,8756.0,1995.0,Inactive,180000,2021-11-20T12:19:33.248Z,266,12.100717685412471
"6112-Westgate-Dr,-Apt-102,-Orlando,-FL-32835","6112 Westgate Dr, Apt 102, Orlando, FL 32835",6112 Westgate Dr,Apt 102,Orlando,FL,32835,Orange County,28.531769,-81.467266,condo,1.0,1.0,722.0,8756.0,1995.0,Inactive,159900,2022-04-09T09:48:06.121Z,126,11.982310152711182
"7008-Tallowtree-Ln,-Orlando,-FL-32835","7008 Tallowtree Ln, Orlando, FL 32835",7008 Tallowtree Ln,,Orlando,FL,32835,Orange County,28.54413,-81.476468,single_family,3.0,2.0,1784.0,8756.0,1995.0,Inactive,350000,2021-09-08T14:51:42.785Z,339,12.765691290604371
"7143-Somersworth-Dr,-Orlando,-FL-32835","7143 Somersworth Dr, Orlando, FL 32835",7143 Somersworth Dr,,Orlando,FL,32835,Orange County,28.514275,-81.488696,single_family,4.0,2.5,2422.0,8756.0,1995.0,Inactive,435000,2022-02-23T13:52:56.952Z,171,12.983103608918753
"3344-Robert-Trent-Jones-Dr,-Unit-30405,-Orlando,-FL-32835","3344 Robert Trent Jones Dr, Unit 30405, Orlando, FL 32835",3344 Robert Trent Jones Dr,Unit 30405,Orlando,FL,32835,Orange County,28.506385,-81.471408,condo,3.0,2.0,1447.0,8756.0,1995.0,Inactive,259900,2022-04-03T12:24:02.645Z,132,12.468056068255885
"7330-Westpointe-Blvd,-Apt-435,-Orlando,-FL-32835","7330 Westpointe Blvd, Apt 435, Orlando, FL 32835",7330 Westpointe Blvd,Apt 435,Orlando,FL,32835,Orange County,28.516597,-81.489907,condo,1.0,1.0,842.0,8756.0,1995.0,Inactive,154900,2022-04-21T13:59:17.881Z,114,11.950541482162043
"3338-Robert-Trent-Jones-Dr,-Unit-402,-Orlando,-FL-32835","3338 Robert Trent Jones Dr, Unit 402, Orlando, FL 32835",3338 Robert Trent Jones Dr,Unit 402,Orlando,FL,32835,Orange County,28.505799,-81.471162,condo,2.0,2.0,1112.0,8756.0,1995.0,Inactive,247900,2022-04-21T15:08:17.463Z,113,12.420784751899777
"6356-Raleigh-St,-Apt-1502,-Orlando,-FL-32835","6356 Raleigh St, Apt 1502, Orlando, FL 32835",6356 Raleigh St,Apt 1502,Orlando,FL,32835,Orange County,28.525924,-81.468956,condo,2.0,2.0,1051.0,8756.0,1995.0,Inactive,230000,2022-03-09T11:27:57.810Z,157,12.345838935721968
"7797-Murcott-Cir,-Orlando,-FL-32835","7797 Murcott Cir, Orlando, FL 32835",7797 Murcott Cir,,Orlando,FL,32835,Orange County,28.538281,-81.488523,single_family,3.0,2.0,1414.0,8756.0,1995.0,Inactive,335000,2022-04-15T13:31:54.330Z,120,12.721888795877375
"6028-Westgate-Dr,-Apt-101,-Orlando,-FL-32835","6028 Westgate Dr, Apt 101, Orlando, FL 32835",6028 Westgate Dr,Apt 101,Orlando,FL,32835,Orange County,28.531565,-81.465218,condo,1.0,1.0,686.0,8756.0,1995.0,Inactive,129000,2022-04-18T10:37:05.348Z,116,11.767575435251748
"8007-Westminster-Abbey-Blvd,-Orlando,-FL-32835","8007 Westminster Abbey Blvd, Orlando, FL 32835",8007 Westminster Abbey Blvd,,Orlando,FL,32835,Orange County,28.507546,-81.501129,single_family,6.0,4.0,3691.0,8756.0,1995.0,Inactive,995000,2021-11-05T15:30:32.136Z,279,13.81049902116535
"232-N-Hastings-St,-Orlando,-FL-32835","232 N Hastings St, Orlando, FL 32835",232 N Hastings St,,Orlando,FL,32835,Orange County,28.545299,-81.45962,single_family,3.0,1.5,1100.0,8756.0,1995.0,Inactive,269000,2022-03-21T12:08:54.168Z,143,12.502470376049185
"130-N-Normandale-Ave,-Orlando,-FL-32835","130 N Normandale Ave, Orlando, FL 32835",130 N Normandale Ave,,Orlando,FL,32835,Orange County,28.543973,-81.460643,single_family,2.0,1.0,864.0,8756.0,1995.0,Inactive,120000,2022-04-02T09:50:51.716Z,131,11.695255355062795
"1284-Shelter-Rock-Rd,-Orlando,-FL-32835","1284 Shelter Rock Rd, Orlando, FL 32835",1284 Shelter Rock Rd,,Orlando,FL,32835,Orange County,28.526521,-81.497868,single_family,4.0,2.5,2458.0,8756.0,1995.0,Inactive,478000,2022-02-04T13:30:23.278Z,188,13.077368103521614
"7244-Hunterdon-Dr,-Orlando,-FL-32835","7244 Hunterdon Dr, Orlando, FL 32835",7244 Hunterdon Dr,,Orlando,FL,32835,Orange County,28.511458,-81.488476,single_family,3.0,2.5,1937.0,8756.0,1995.0,Inactive,439000,2022-03-18T14:10:29.605Z,146,12.992256969959042
"6070-Westgate-Dr,-Apt-204,-Orlando,-FL-32835","6070 Westgate Dr, Apt 204, Orlando, FL 32835",6070 Westgate Dr,Apt 204,Orlando,FL,32835,Orange County,28.532633,-81.465402,condo,1.0,1.0,1184.0,8756.0,1995.0,Inactive,175000,2022-01-13T10:56:37.523Z,210,12.07254696717504
"7832-Westminster-Abbey-Blvd,-Orlando,-FL-32835","7832 Westminster Abbey Blvd, Orlando, FL 32835",7832 Westminster Abbey Blvd,,Orlando,FL,32835,Orange County,28.507517,-81.4979,single_family,5.0,3.0,3303.0,8756.0,1995.0,Inactive,775000,2022-03-27T14:27:02.991Z,137,13.560619598657233
"7119-W-Livingston-St,-Orlando,-FL-32835","7119 W Livingston St, Orlando, FL 32835",7119 W Livingston St,,Orlando,FL,32835,Orange County,28.547334,-81.479221,single_family,5.0,4.0,3344.0,8756.0,1995.0,Inactive,655000,2021-12-24T14:12:36.394Z,230,13.39239204133378
"3099-Metro-Sevilla-Dr,-Unit-104,-Orlando,-FL-32835","3099 Metro Sevilla Dr, Unit 104, Orlando, FL 32835",3099 Metro Sevilla Dr,Unit 104,Orlando,FL,32835,Orange County,28.510091,-81.469217,condo,3.0,2.5,2010.0,8756.0,1995.0,Inactive,339900,2022-04-08T13:58:55.869Z,125,12.736409677721657
"3351-Greenwich-Village-Blvd,-Apt-102,-Orlando,-FL-32835","3351 Greenwich Village Blvd, Apt 102, Orlando, FL 32835",3351 Greenwich Village Blvd,Apt 102,Orlando,FL,32835,Orange County,28.507881,-81.471859,condo,2.0,2.0,1235.0,8756.0,1995.0,Inactive,199500,2022-04-05T12:36:28.547Z,128,12.20357452783082
"2544-Robert-Trent-Jones-Dr,-Apt-835,-Orlando,-FL-32835","2544 Robert Trent Jones Dr, Apt 835, Orlando, FL 32835",2544 Robert Trent Jones Dr,Apt 835,Orlando,FL,32835,Orange County,28.515914,-81.472203,condo,2.0,1.0,933.0,8756.0,1995.0,Inactive,185000,2022-03-23T09:32:28.318Z,141,12.128116509451258
"7743-Casasia-Ct,-Orlando,-FL-32835","7743 Casasia Ct, Orlando, FL 32835",7743 Casasia Ct,,Orlando,FL,32835,Orange County,28.530871,-81.490044,single_family,3.0,2.0,1286.0,8756.0,1995.0,Inactive,375000,2022-02-04T13:00:15.739Z,188,12.834683971615659
"5916-Uona-Ave,-Orlando,-FL-32835","5916 Uona Ave, Orlando, FL 32835",5916 Uona Ave,,Orlando,FL,32835,Orange County,28.53565,-81.462214,single_family,3.0,2.0,1314.0,8756.0,1995.0,Inactive,348777,2022-03-12T13:56:21.890Z,152,12.762190895633257
"6331-Jansen-St,-Orlando,-FL-32835","6331 Jansen St, Orlando, FL 32835",6331 Jansen St,,Orlando,FL,32835,Orange County,28.540506,-81.468737,single_family,2.0,1.5,1478.0,8756.0,1995.0,Inactive,259000,2022-02-01T12:03:34.967Z,191,12.464587201678082
"3446-Soho-St,-Apt-306,-Orlando,-FL-32835","3446 Soho St, Apt 306, Orlando, FL 32835",3446 Soho St,Apt 306,Orlando,FL,32835,Orange County,28.506751,-81.473445,condo,1.0,1.0,816.0,8756.0,1995.0,Inactive,160000,2022-03-12T12:54:55.847Z,152,11.982935344196433
"3326-Robert-Trent-Jones-Dr,-Unit-10902,-Orlando,-FL-32835","3326 Robert Trent Jones Dr, Unit 10902, Orlando, FL 32835",3326 Robert Trent Jones Dr,Unit 10902,Orlando,FL,32835,Orange County,28.506495,-81.470584,condo,3.0,2.0,1391.0,8756.0,1995.0,Inactive,269900,2022-03-09T12:33:22.863Z,155,12.505810504075185
"6214-Melbourne-Ave,-Orlando,-FL-32835","6214 Melbourne Ave, Orlando, FL 32835",6214 Melbourne Ave,,Orlando,FL,32835,Orange County,28.546152,-81.466782,single_family,3.0,2.0,1054.0,8756.0,1995.0,Inactive,199000,2022-02-12T11:49:55.537Z,180,12.201065128819632
"6336-Buford-St,-Apt-402,-Orlando,-FL-32835","6336 Buford St, Apt 402, Orlando, FL 32835",6336 Buford St,Apt 402,Orlando,FL,32835,Orange County,28.505579,-81.467714,condo,3.0,2.5,2345.0,8756.0,1995.0,Inactive,399000,2022-03-03T13:26:21.034Z,161,12.896719202134523
"6559-Chantry-St,-Orlando,-FL-32835","6559 Chantry St, Orlando, FL 32835",6559 Chantry St,,Orlando,FL,32835,Orange County,28.544638,-81.473548,single_family,3.0,2.0,1324.0,8756.0,1995.0,Inactive,275000,2022-04-08T13:48:47.443Z,125,12.524530013005734
"6129-Metrowest-Blvd,-Unit-107,-Orlando,-FL-32835","6129 Metrowest Blvd, Unit 107, Orlando, FL 32835",6129 Metrowest Blvd,Unit 107,Orlando,FL,32835,Orange County,28.516798,-81.463897,condo,2.0,2.0,1386.0,8756.0,1995.0,Inactive,265000,2022-03-13T12:59:54.278Z,151,12.487488878546145
"209-Alston-Dr,-Orlando,-FL-32835","209 Alston Dr, Orlando, FL 32835",209 Alston Dr,,Orlando,FL,32835,Orange County,28.544023,-81.483026,condo,2.0,2.0,1011.0,8756.0,1995.0,Inactive,199000,2022-04-19T12:58:04.711Z,114,12.201065128819632
"6154-Westgate-Dr,-Apt-303,-Orlando,-FL-32835","6154 Westgate Dr, Apt 303, Orlando, FL 32835",6154 Westgate Dr,Apt 303,Orlando,FL,32835,Orange County,28.530558,-81.466455,condo,1.0,1.0,1228.0,8756.0,1995.0,Inactive,165000,2022-04-07T10:59:19.910Z,126,12.013706813470414
"146-Mileham-Dr,-Orlando,-FL-32835","146 Mileham Dr, Orlando, FL 32835",146 Mileham Dr,,Orlando,FL,32835,Orange County,28.539571,-81.504096,single_family,6.0,4.5,5507.0,8756.0,1995.0,Inactive,1600000,2022-03-09T14:23:14.157Z,155,14.285514812209815
"7843-Canyon-Lake-Cir,-Orlando,-FL-32835","7843 Canyon Lake Cir, Orlando, FL 32835",7843 Canyon Lake Cir,,Orlando,FL,32835,Orange County,28.529984,-81.490103,single_family,4.0,3.0,2188.0,8756.0,1995.0,Inactive,565000,2022-03-24T14:19:04.791Z,140,13.244582780038517
"7657-Pacific-Heights-Cir,-Orlando,-FL-32835","7657 Pacific Heights Cir, Orlando, FL 32835",7657 Pacific Heights Cir,,Orlando,FL,32835,Orange County,28.537605,-81.48711,single_family,3.0,2.5,1460.0,8756.0,1995.0,Inactive,335000,2022-03-10T12:34:28.514Z,154,12.721888795877375
"6440-Axeitos-Ter,-Unit-105,-Orlando,-FL-32835","6440 Axeitos Ter, Unit 105, Orlando, FL 32835",6440 Axeitos Ter,Unit 105,Orlando,FL,32835,Orange County,28.512878,-81.470174,condo,3.0,2.0,1857.0,8756.0,1995.0,Inactive,299000,2022-02-02T12:17:46.035Z,190,12.608202196848836
"2865-Polana-St,-Unit-107,-Orlando,-FL-32835","2865 Polana St, Unit 107, Orlando, FL 32835",2865 Polana St,Unit 107,Orlando,FL,32835,Orange County,28.512184,-81.466312,condo,3.0,2.5,1682.0,8756.0,1995.0,Inactive,299000,2022-03-01T12:43:51.475Z,163,12.608202196848836
"41-S-Lancelot-Ave,-Orlando,-FL-32835","41 S Lancelot Ave, Orlando, FL 32835",41 S Lancelot Ave,,Orlando,FL,32835,Orange County,28.539721,-81.470899,single_family,3.0,2.0,1072.0,8756.0,1995.0,Inactive,269900,2022-04-02T12:08:55.311Z,131,12.505810504075185
"5971-Westgate-Dr,-Apt-1221,-Orlando,-FL-32835","5971 Westgate Dr, Apt 1221, Orlando, FL 32835",5971 Westgate Dr,Apt 1221,Orlando,FL,32835,Orange County,28.533847,-81.463602,condo,2.0,2.0,1344.0,8756.0,1995.0,Inactive,205000,2022-04-07T11:30:07.246Z,126,12.230770136157428
"6005-Westgate-Dr,-Apt-2224,-Orlando,-FL-32835","6005 Westgate Dr, Apt 2224, Orlando, FL 32835",6005 Westgate Dr,Apt 2224,Orlando,FL,32835,Orange County,28.533068,-81.464945,condo,2.0,2.0,1344.0,8756.0,1995.0,Inactive,203000,2022-04-05T12:36:28.558Z,128,12.220966184120165
"7330-Westpointe-Blvd,-Apt-434,-Orlando,-FL-32835","7330 Westpointe Blvd, Apt 434, Orlando, FL 32835",7330 Westpointe Blvd,Apt 434,Orlando,FL,32835,Orange County,28.516597,-81.489907,condo,2.0,1.0,1021.0,8756.0,1995.0,Inactive,169900,2022-04-02T10:31:48.078Z,131,12.042971193457888
"7270-Westpointe-Blvd,-Apt-913,-Orlando,-FL-32835","7270 Westpointe Blvd, Apt 913, Orlando, FL 32835",7270 Westpointe Blvd,Apt 913,Orlando,FL,32835,Orange County,28.516099,-81.488439,condo,2.0,2.0,1133.0,8756.0,1995.0,Inactive,161500,2022-03-22T10:36:19.011Z,142,11.992266613576142
"7270-Westpointe-Blvd,-Apt-936,-Orlando,-FL-32835","7270 Westpointe Blvd, Apt 936, Orlando, FL 32835",7270 Westpointe Blvd,Apt 936,Orlando,FL,32835,Orange County,28.516099,-81.488439,condo,2.0,2.0,1071.0,8756.0,1995.0,Inactive,161500,2022-03-22T10:36:19.011Z,142,11.992266613576142
"3224-Dante-Dr,-Unit-103,-Orlando,-FL-32835","3224 Dante Dr, Unit 103, Orlando, FL 32835",3224 Dante Dr,Unit 103,Orlando,FL,32835,Orange County,28.508624,-81.466881,condo,3.0,2.0,1206.0,8756.0,1995.0,Inactive,220000,2020-09-15T21:47:22.428Z,694,12.301387370778713
"6485-Ranelagh-Dr,-Unit-104,-Orlando,-FL-32835","6485 Ranelagh Dr, Unit 104, Orlando, FL 32835",6485 Ranelagh Dr,Unit 104,Orlando,FL,32835,Orange County,28.506516,-81.469386,condo,3.0,2.5,1682.0,8756.0,1995.0,Inactive,355000,2022-01-27T12:55:13.222Z,196,12.779875885354993
"112-S-Normandale-Ave,-Unit-2,-Orlando,-FL-32835","112 S Normandale Ave, Unit 2, Orlando, FL 32835",112 S Normandale Ave,Unit 2,Orlando,FL,32835,Orange County,28.539295,-81.460631,apartment,3.0,2.0,1380.0,8756.0,1995.0,Inactive,199999,2022-04-06T12:52:01.363Z,127,12.206072645530174
"2668-Robert-Trent-Jones-Dr,-Apt-412,-Orlando,-FL-32835","2668 Robert Trent Jones Dr, Apt 412, Orlando, FL 32835",2668 Robert Trent Jones Dr,Apt 412,Orlando,FL,32835,Orange County,28.513559,-81.471681,condo,1.0,1.0,854.0,8756.0,1995.0,Inactive,150000,2021-01-15T11:53:50.816Z,573,11.918397239722838
"6443-Axeitos-Ter,-Unit-110,-Orlando,-FL-32835","6443 Axeitos Ter, Unit 110, Orlando, FL 32835",6443 Axeitos Ter,Unit 110,Orlando,FL,32835,Orange County,28.513304,-81.470155,condo,3.0,2.0,1797.0,8756.0,1995.0,Inactive,289000,2022-03-08T13:06:34.369Z,156,12.574185427296195
"29-S-Lancelot-Ave,-Orlando,-FL-32835","29 S Lancelot Ave, Orlando, FL 32835",29 S Lancelot Ave,,Orlando,FL,32835,Orange County,28.540065,-81.4709,single_family,3.0,1.0,1053.0,8756.0,1995.0,Inactive,280000,2021-12-11T13:40:05.165Z,243,12.54254845357358
"7147-Yacht-Basin-Ave,-Apt-116,-Orlando,-FL-32835","7147 Yacht Basin Ave, Apt 116, Orlando, FL 32835",7147 Yacht Basin Ave,Apt 116,Orlando,FL,32835,Orange County,28.513265,-81.485006,condo,3.0,2.0,1408.0,8756.0,1995.0,Inactive,245000,2022-01-14T12:56:53.004Z,209,12.409017571151187
"2439-Roat-Dr,-Orlando,-FL-32835","2439 Roat Dr, Orlando, FL 32835",2439 Roat Dr,,Orlando,FL,32835,Orange County,28.515332,-81.49528,single_family,5.0,3.5,4215.0,8756.0,1995.0,Inactive,985000,2022-03-25T14:32:10.339Z,139,13.800397935382136
"6232-Castelven-Dr,-Unit-104,-Orlando,-FL-32835","6232 Castelven Dr, Unit 104, Orlando, FL 32835",6232 Castelven Dr,Unit 104,Orlando,FL,32835,Orange County,28.511788,-81.466128,condo,3.0,2.5,1682.0,8756.0,1995.0,Inactive,335000,2022-02-09T13:47:02.953Z,183,12.721888795877375
"6630-Westmont-Dr,-Orlando,-FL-32835","6630 Westmont Dr, Orlando, FL 32835",6630 Westmont Dr,,Orlando,FL,32835,Orange County,28.537054,-81.474221,single_family,4.0,2.0,1158.0,8756.0,1995.0,Inactive,320000,2022-03-15T12:45:21.879Z,149,12.676079399771027
"6058-Twain-St,-Unit-104,-Orlando,-FL-32835","6058 Twain St, Unit 104, Orlando, FL 32835",6058 Twain St,Unit 104,Orlando,FL,32835,Orange County,28.50991,-81.464398,condo,2.0,2.5,1546.0,8756.0,1995.0,Inactive,265900,2020-12-19T14:26:56.774Z,600,12.490879338036375
"18-N-Hudson-St,-Orlando,-FL-32835","18 N Hudson St, Orlando, FL 32835",18 N Hudson St,,Orlando,FL,32835,Orange County,28.542039,-81.461674,single_family,3.0,2.0,1200.0,8756.0,1995.0,Inactive,246000,2021-06-16T14:39:15.481Z,421,12.413090879946887
"6408-Raleigh-St,-Apt-2401,-Orlando,-FL-32835","6408 Raleigh St, Apt 2401, Orlando, FL 32835",6408 Raleigh St,Apt 2401,Orlando,FL,32835,Orange County,28.525883,-81.468592,condo,1.0,1.0,794.0,8756.0,1995.0,Inactive,158900,2022-04-10T11:09:20.181Z,123,11.97603664577121
"527-Wheatstone-Pl,-Orlando,-FL-32835","527 Wheatstone Pl, Orlando, FL 32835",527 Wheatstone Pl,,Orlando,FL,32835,Orange County,28.536425,-81.498924,single_family,4.0,4.0,2192.0,8756.0,1995.0,Inactive,598999,2022-04-16T14:42:36.812Z,117,13.303016877097587
"3326-Robert-Trent-Jones-Dr,-Unit-40902,-Orlando,-FL-32835","3326 Robert Trent Jones Dr, Unit 40902, Orlando, FL 32835",3326 Robert Trent Jones Dr,Unit 40902,Orlando,FL,32835,Orange County,28.506495,-81.470584,condo,3.0,2.0,1447.0,8756.0,1995.0,Inactive,268500,2022-03-29T12:31:15.781Z,135,12.500609917318906
"7300-Westpointe-Blvd,-Apt-727,-Orlando,-FL-32835","7300 Westpointe Blvd, Apt 727, Orlando, FL 32835",7300 Westpointe Blvd,Apt 727,Orlando,FL,32835,Orange County,28.516101,-81.48998,condo,3.0,2.0,1466.0,8756.0,1995.0,Inactive,215000,2022-03-20T12:08:56.162Z,144,12.278397958261774
"1021-S-Hiawassee-Rd,-Apt-3935,-Orlando,-FL-32835","1021 S Hiawassee Rd, Apt 3935, Orlando, FL 32835",1021 S Hiawassee Rd,Apt 3935,Orlando,FL,32835,Orange County,28.528946,-81.47423,condo,1.0,1.0,673.0,8756.0,1995.0,Inactive,130000,2022-03-12T12:12:46.478Z,152,11.775297421715827
"8152-Wellsmere-Cir,-Orlando,-FL-32835","8152 Wellsmere Cir, Orlando, FL 32835",8152 Wellsmere Cir,,Orlando,FL,32835,Orange County,28.536704,-81.494518,single_family,4.0,2.5,2006.0,8756.0,1995.0,Inactive,409900,2022-03-15T13:33:51.888Z,149,12.923670946108873
"6450-Alcalde-Ct,-Unit-104,-Orlando,-FL-32835","6450 Alcalde Ct, Unit 104, Orlando, FL 32835",6450 Alcalde Ct,Unit 104,Orlando,FL,32835,Orange County,28.513583,-81.470369,condo,3.0,2.0,1857.0,8756.0,1995.0,Inactive,299900,2022-04-04T13:09:58.635Z,129,12.611207699176356
"2712-Saint-Armand-Ct,-Orlando,-FL-32835","2712 Saint Armand Ct, Orlando, FL 32835",2712 Saint Armand Ct,,Orlando,FL,32835,Orange County,28.512726,-81.493809,single_family,5.0,4.5,3779.0,8756.0,1995.0,Inactive,775000,2022-02-22T14:16:41.606Z,170,13.560619598657233
"217-Lucile-Way,-Orlando,-FL-32835","217 Lucile Way, Orlando, FL 32835",217 Lucile Way,,Orlando,FL,32835,Orange County,28.536468,-81.474593,single_family,4.0,3.0,1281.0,8756.0,1995.0,Inactive,385000,2022-01-24T13:43:31.374Z,199,12.861001210669146
"3480-Soho-St,-Apt-308,-Orlando,-FL-32835","3480 Soho St, Apt 308, Orlando, FL 32835",3480 Soho St,Apt 308,Orlando,FL,32835,Orange County,28.506093,-81.472419,condo,2.0,2.0,1107.0,8756.0,1995.0,Inactive,225000,2022-04-02T10:59:11.089Z,131,12.323860125621126
"2674-Robert-Trent-Jones-Dr,-Apt-337,-Orlando,-FL-32835","2674 Robert Trent Jones Dr, Apt 337, Orlando, FL 32835",2674 Robert Trent Jones Dr,Apt 337,Orlando,FL,32835,Orange County,28.51333,-81.471237,condo,2.0,2.0,1014.0,8756.0,1995.0,Inactive,189777,2022-03-24T12:08:58.221Z,140,12.153610246953935
"1254-Shelter-Rock-Rd,-Orlando,-FL-32835","1254 Shelter Rock Rd, Orlando, FL 32835",1254 Shelter Rock Rd,,Orlando,FL,32835,Orange County,28.52577,-81.496954,single_family,5.0,3.0,3912.0,8756.0,1995.0,Inactive,665000,2021-10-04T15:40:57.606Z,311,13.407543823396258
"961-Almond-Tree-Cir,-Orlando,-FL-32835","961 Almond Tree Cir, Orlando, FL 32835",961 Almond Tree Cir,,Orlando,FL,32835,Orange County,28.528448,-81.508277,single_family,4.0,2.0,2159.0,8756.0,1995.0,Inactive,499000,2022-03-14T14:16:29.444Z,150,13.120363378739663
"41-S-Powers-Dr,-Orlando,-FL-32835","41 S Powers Dr, Orlando, FL 32835",41 S Powers Dr,,Orlando,FL,32835,Orange County,28.5397,-81.467145,single_family,3.0,2.0,1040.0,8756.0,1995.0,Inactive,320000,2021-10-24T15:13:23.553Z,291,12.676079399771027
"1091-S-Hiawassee-Rd,-Apt-223,-Orlando,-FL-32835","1091 S Hiawassee Rd, Apt 223, Orlando, FL 32835",1091 S Hiawassee Rd,Apt 223,Orlando,FL,32835,Orange County,28.527638,-81.472804,condo,1.0,1.0,627.0,8756.0,1995.0,Inactive,123900,2022-03-04T10:17:05.074Z,160,11.727238138609684
"7606-Craig-Ct,-Orlando,-FL-32835","7606 Craig Ct, Orlando, FL 32835",7606 Craig Ct,,Orlando,FL,32835,Orange County,28.508298,-81.49265,single_family,4.0,3.0,2268.0,8756.0,1995.0,Inactive,549900,2022-03-03T13:50:26.667Z,161,13.217493541006709
"5962-Westgate-Dr,-Apt-204,-Orlando,-FL-32835","5962 Westgate Dr, Apt 204, Orlando, FL 32835",5962 Westgate Dr,Apt 204,Orlando,FL,32835,Orange County,28.531208,-81.464031,condo,1.0,1.0,566.0,8756.0,1995.0,Inactive,160000,2021-05-12T09:31:25.734Z,456,11.982935344196433
"7268-Hawksnest-Blvd,-Orlando,-FL-32835","7268 Hawksnest Blvd, Orlando, FL 32835",7268 Hawksnest Blvd,,Orlando,FL,32835,Orange County,28.520261,-81.486799,single_family,3.0,2.5,2451.0,8756.0,1995.0,Inactive,435000,2022-04-02T14:05:59.309Z,131,12.983103608918753
"7854-Horse-Ferry-Rd,-Orlando,-FL-32835","7854 Horse Ferry Rd, Orlando, FL 32835",7854 Horse Ferry Rd,,Orlando,FL,32835,Orange County,28.505043,-81.496513,single_family,6.0,3.0,3604.0,8756.0,1995.0,Inactive,1200000,2022-02-11T13:54:29.286Z,181,13.997832948091215
"8138-Canyon-Lake-Cir,-Orlando,-FL-32835","8138 Canyon Lake Cir, Orlando, FL 32835",8138 Canyon Lake Cir,,Orlando,FL,32835,Orange County,28.529199,-81.489778,single_family,4.0,3.0,2117.0,8756.0,1995.0,Inactive,699000,2021-10-22T15:44:15.555Z,292,13.457407451830088
"1312-Saddleridge-Dr,-Orlando,-FL-32835","1312 Saddleridge Dr, Orlando, FL 32835",1312 Saddleridge Dr,,Orlando,FL,32835,Orange County,28.525433,-81.491517,single_family,3.0,2.0,2017.0,8756.0,1995.0,Inactive,466000,2020-11-20T20:19:20.886Z,628,13.051943059028227
"6177-Metrowest-Blvd,-Unit-108,-Orlando,-FL-32835","6177 Metrowest Blvd, Unit 108, Orlando, FL 32835",6177 Metrowest Blvd,Unit 108,Orlando,FL,32835,Orange County,28.517363,-81.466222,condo,2.0,2.0,1138.0,8756.0,1995.0,Inactive,200000,2022-02-12T11:49:55.542Z,180,12.206077645517674
"1300-New-Town-Ave,-Orlando,-FL-32835","1300 New Town Ave, Orlando, FL 32835",1300 New Town Ave,,Orlando,FL,32835,Orange County,28.525606,-81.499378,single_family,4.0,3.0,2044.0,8756.0,1995.0,Inactive,495000,2022-02-16T14:17:49.377Z,176,13.112315061750808
"403-Crabtree-Ave,-Orlando,-FL-32835","403 Crabtree Ave, Orlando, FL 32835",403 Crabtree Ave,,Orlando,FL,32835,Orange County,28.535545,-81.473674,single_family,3.0,2.0,1105.0,8756.0,1995.0,Inactive,289777,2022-01-14T13:05:18.269Z,209,12.576870391563332
"3384-Corona-Village-Way,-Apt-302,-Orlando,-FL-32835","3384 Corona Village Way, Apt 302, Orlando, FL 32835",3384 Corona Village Way,Apt 302,Orlando,FL,32835,Orange County,28.507618,-81.474903,condo,3.0,2.0,1387.0,8756.0,1995.0,Inactive,235000,2022-03-17T12:09:52.030Z,147,12.367345048436391
"3432-Westchester-Square-Blvd,-Apt-101,-Orlando,-FL-32835","3432 Westchester Square Blvd, Apt 101, Orlando, FL 32835",3432 Westchester Square Blvd,Apt 101,Orlando,FL,32835,Orange County,28.506841,-81.472668,condo,2.0,2.0,1160.0,8756.0,1995.0,Inactive,176100,2022-03-10T09:50:10.131Z,154,12.078812973059884
"6127-W-Amelia-St,-Orlando,-FL-32835","6127 W Amelia St, Orlando, FL 32835",6127 W Amelia St,,Orlando,FL,32835,Orange County,28.548726,-81.465983,single_family,6.0,3.0,2738.0,8756.0,1995.0,Inactive,364900,2021-03-14T14:35:46.983Z,515,12.807381362897626
"2403-Roat-Dr,-Orlando,-FL-32835","2403 Roat Dr, Orlando, FL 32835",2403 Roat Dr,,Orlando,FL,32835,Orange County,28.515815,-81.494882,single_family,4.0,4.0,3467.0,8756.0,1995.0,Inactive,795000,2022-03-04T14:17:10.040Z,160,13.586098651497313
"3545-Bellington-Dr,-Orlando,-FL-32835","3545 Bellington Dr, Orlando, FL 32835",3545 Bellington Dr,,Orlando,FL,32835,Orange County,28.501836,-81.493309,single_family,4.0,4.0,3262.0,8756.0,1995.0,Inactive,749000,2022-03-12T14:33:13.874Z,152,13.52649559761195
"6601-Fairway-Cove-Dr,-Orlando,-FL-32835","6601 Fairway Cove Dr, Orlando, FL 32835",6601 Fairway Cove Dr,,Orlando,FL,32835,Orange County,28.527592,-81.475063,single_family,4.0,3.0,2989.0,8756.0,1995.0,Inactive,679990,2022-03-05T14:18:17.488Z,159,13.429834841770585
"3315-Parkchester-Square-Blvd,-Apt-205,-Orlando,-FL-32835","3315 Parkchester Square Blvd, Apt 205, Orlando, FL 32835",3315 Parkchester Square Blvd,Apt 205,Orlando,FL,32835,Lake County,28.508601,-81.471444,condo,1.0,1.0,945.0,8756.0,1995.0,Inactive,139995,2022-04-04T08:57:59.314Z,129,11.849369129754699
"5962-Westgate-Dr,-Apt-304,-Orlando,-FL-32835","5962 Westgate Dr, Apt 304, Orlando, FL 32835",5962 Westgate Dr,Apt 304,Orlando,FL,32835,Lake County,28.531208,-81.464031,condo,1.0,1.0,1037.0,8756.0,1995.0,Inactive,130000,2022-03-19T09:49:13.203Z,145,11.775297421715827
"1457-Saddleridge-Dr,-Orlando,-FL-32835","1457 Saddleridge Dr, Orlando, FL 32835",1457 Saddleridge Dr,,Orlando,FL,32835,Orange County,28.523743,-81.494113,single_family,4.0,3.0,2235.0,8756.0,1995.0,Inactive,499900,2022-01-13T13:48:03.172Z,210,13.12216535779974
"6001-Froggatt-St,-Orlando,-FL-32835","6001 Froggatt St, Orlando, FL 32835",6001 Froggatt St,,Orlando,FL,32835,Orange County,28.50735,-81.463809,single_family,4.0,2.0,1959.0,8756.0,1995.0,Inactive,400000,2021-06-24T15:03:37.394Z,413,12.899222326086994
"6397-Miramonte-Dr,-Unit-101,-Orlando,-FL-32835","6397 Miramonte Dr, Unit 101, Orlando, FL 32835",6397 Miramonte Dr,Unit 101,Orlando,FL,32835,Orange County,28.509351,-81.469816,condo,3.0,2.5,2369.0,8756.0,1995.0,Inactive,389000,2021-10-02T15:43:34.452Z,312,12.871337193291367
"3362-Robert-Trent-Jones-Dr,-Unit-104,-Orlando,-FL-32835","3362 Robert Trent Jones Dr, Unit 104, Orlando, FL 32835",3362 Robert Trent Jones Dr,Unit 104,Orlando,FL,32835,Orange County,28.505039,-81.471512,condo,3.0,2.0,2129.0,8756.0,1995.0,Inactive,349900,2022-02-19T12:50:07.087Z,173,12.765405536311112
"6001-Twain-St,-Unit-103,-Orlando,-FL-32835","6001 Twain St, Unit 103, Orlando, FL 32835",6001 Twain St,Unit 103,Orlando,FL,32835,Orange County,28.510386,-81.463977,condo,2.0,2.5,1546.0,8756.0,1995.0,Inactive,305000,2022-03-30T12:40:58.956Z,134,12.628070334272698
"6005-Westgate-Dr,-Apt-2212,-Orlando,-FL-32835","6005 Westgate Dr, Apt 2212, Orlando, FL 32835",6005 Westgate Dr,Apt 2212,Orlando,FL,32835,Orange County,28.533068,-81.464945,condo,2.0,2.0,1077.0,8756.0,1995.0,Inactive,215000,2022-04-02T10:59:11.075Z,131,12.278397958261774
"2598-Robert-Trent-Jones-Dr,-Apt-1025,-Orlando,-FL-32835","2598 Robert Trent Jones Dr, Apt 1025, Orlando, FL 32835",2598 Robert Trent Jones Dr,Apt 1025,Orlando,FL,32835,Orange County,28.514204,-81.472754,condo,1.0,1.0,854.0,8756.0,1995.0,Inactive,139000,2022-03-05T09:58:04.607Z,159,11.842236406331555
"3181-Capri-Isle-Way,-Orlando,-FL-32835","3181 Capri Isle Way, Orlando, FL 32835",3181 Capri Isle Way,,Orlando,FL,32835,Orange County,28.509453,-81.463129,condo,3.0,2.5,1453.0,8756.0,1995.0,Inactive,350000,2022-02-26T12:27:39.534Z,166,12.765691290604371
"2679-Metro-Sevilla-Dr,-Unit-105,-Orlando,-FL-32835","2679 Metro Sevilla Dr, Unit 105, Orlando, FL 32835",2679 Metro Sevilla Dr,Unit 105,Orlando,FL,32835,Orange County,28.513317,-81.469635,condo,3.0,2.0,1857.0,8756.0,1995.0,Inactive,315000,2022-03-16T13:14:40.279Z,148,12.660331092405906
"2586-Robert-Trent-Jones-Dr,-Apt-1120,-Orlando,-FL-32835","2586 Robert Trent Jones Dr, Apt 1120, Orlando, FL 32835",2586 Robert Trent Jones Dr,Apt 1120,Orlando,FL,32835,Orange County,28.514713,-81.472882,condo,2.0,2.0,1150.0,8756.0,1995.0,Inactive,228500,2022-03-12T13:19:06.081Z,152,12.339295865674435
"7360-Westpointe-Blvd,-Apt-110,-Orlando,-FL-32835","7360 Westpointe Blvd, Apt 110, Orlando, FL 32835",7360 Westpointe Blvd,Apt 110,Orlando,FL,32835,Orange County,28.516615,-81.488531,condo,3.0,2.0,1423.0,8756.0,1995.0,Inactive,225000,2022-02-11T12:26:39.714Z,181,12.323860125621126
"315-Alston-Dr,-Orlando,-FL-32835","315 Alston Dr, Orlando, FL 32835",315 Alston Dr,,Orlando,FL,32835,Orange County,28.545242,-81.481256,condo,2.0,2.0,1009.0,8756.0,1995.0,Inactive,225000,2022-03-17T12:09:52.007Z,147,12.323860125621126
"3224-Dante-Dr,-Unit-201,-Orlando,-FL-32835","3224 Dante Dr, Unit 201, Orlando, FL 32835",3224 Dante Dr,Unit 201,Orlando,FL,32835,Orange County,28.508624,-81.466881,condo,3.0,2.0,1206.0,8756.0,1995.0,Inactive,209990,2022-03-16T11:54:16.534Z,148,12.254819951638355
"7240-Westpointe-Blvd,-Apt-1133,-Orlando,-FL-32835","7240 Westpointe Blvd, Apt 1133, Orlando, FL 32835",7240 Westpointe Blvd,Apt 1133,Orlando,FL,32835,Orange County,28.517271,-81.487546,condo,2.0,2.0,1127.0,8756.0,1995.0,Inactive,208000,2022-04-02T10:55:13.747Z,131,12.245298166364206
"3151-Sinclair-St,-Unit-102,-Orlando,-FL-32835","3151 Sinclair St, Unit 102, Orlando, FL 32835",3151 Sinclair St,Unit 102,Orlando,FL,32835,Orange County,28.510032,-81.466759,condo,3.0,2.5,1682.0,8756.0,1995.0,Inactive,319000,2022-02-28T12:35:34.648Z,164,12.672949516558306
"8144-Wellsmere-Cir,-Orlando,-FL-32835","8144 Wellsmere Cir, Orlando, FL 32835",8144 Wellsmere Cir,,Orlando,FL,32835,Orange County,28.536705,-81.49405,single_family,4.0,2.0,1829.0,8756.0,1995.0,Inactive,425000,2022-02-26T12:55:19.427Z,166,12.959846800844963
"1051-S-Hiawassee-Rd,-Apt-2125,-Orlando,-FL-32835","1051 S Hiawassee Rd, Apt 2125, Orlando, FL 32835",1051 S Hiawassee Rd,Apt 2125,Orlando,FL,32835,Orange County,28.528211,-81.473405,condo,1.0,1.0,627.0,8756.0,1995.0,Inactive,165000,2022-03-09T11:11:32.430Z,155,12.013706813470414
"6710-Sunquest-Dr,-Orlando,-FL-32835","6710 Sunquest Dr, Orlando, FL 32835",6710 Sunquest Dr,,Orlando,FL,32835,Orange County,28.496052,-81.474176,single_family,4.0,2.5,2270.0,8756.0,1995.0,Inactive,525000,2022-02-05T13:05:05.565Z,187,13.171155446333852
"6214-Stevenson-Dr,-Unit-310,-Orlando,-FL-32835","6214 Stevenson Dr, Unit 310, Orlando, FL 32835",6214 Stevenson Dr,Unit 310,Orlando,FL,32835,Orange County,28.508604,-81.466102,condo,3.0,2.0,1408.0,8756.0,1995.0,Inactive,239000,2022-03-09T11:27:59.606Z,155,12.384223015005313
"2632-Robert-Trent-Jones-Dr,-Apt-131,-Orlando,-FL-32835","2632 Robert Trent Jones Dr, Apt 131, Orlando, FL 32835",2632 Robert Trent Jones Dr,Apt 131,Orlando,FL,32835,Orange County,28.514921,-81.470916,condo,2.0,2.0,1150.0,8756.0,1995.0,Inactive,199900,2022-02-19T11:05:47.749Z,173,12.20557752297723
"1079-S-Hiawassee-Rd,-Apt-1116,-Orlando,-FL-32835","1079 S Hiawassee Rd, Apt 1116, Orlando, FL 32835",1079 S Hiawassee Rd,Apt 1116,Orlando,FL,32835,Orange County,28.528102,-81.471055,condo,1.0,1.0,673.0,8756.0,1995.0,Inactive,135000,2022-03-11T09:05:09.878Z,153,11.813037464800539
"6312-Buford-St,-Apt-309,-Orlando,-FL-32835","6312 Buford St, Apt 309, Orlando, FL 32835",6312 Buford St,Apt 309,Orlando,FL,32835,Orange County,28.505589,-81.466656,condo,3.0,2.0,2010.0,8756.0,1995.0,Inactive,353000,2022-02-23T13:29:21.541Z,169,12.77422616877261
"4354-Conroy-Club-Dr,-Orlando,-FL-32835","4354 Conroy Club Dr, Orlando, FL 32835",4354 Conroy Club Dr,,Orlando,FL,32835,Orange County,28.497524,-81.478549,single_family,4.0,4.0,3809.0,8756.0,1995.0,Inactive,648000,2021-08-19T18:28:07.684Z,356,13.381647518543097
"6396-Daysbrook-Dr,-Unit-102,-Orlando,-FL-32835","6396 Daysbrook Dr, Unit 102, Orlando, FL 32835",6396 Daysbrook Dr,Unit 102,Orlando,FL,32835,Orange County,28.505411,-81.469121,condo,3.0,2.5,1682.0,8756.0,1995.0,Inactive,360000,2022-02-23T13:33:16.634Z,169,12.793862088206213
"423-Alston-Dr,-Orlando,-FL-32835","423 Alston Dr, Orlando, FL 32835",423 Alston Dr,,Orlando,FL,32835,Orange County,28.54822,-81.481619,condo,2.0,2.0,1007.0,8756.0,1995.0,Inactive,215000,2022-01-26T12:04:35.517Z,197,12.278397958261774
"7108-Tallowtree-Ln,-Orlando,-FL-32835","7108 Tallowtree Ln, Orlando, FL 32835",7108 Tallowtree Ln,,Orlando,FL,32835,Orange County,28.54412,-81.478057,single_family,3.0,2.0,1767.0,8756.0,1995.0,Inactive,360000,2022-03-13T13:35:07.753Z,150,12.793862088206213
"1017-S-Hiawassee-Rd,-Apt-3723,-Orlando,-FL-32835","1017 S Hiawassee Rd, Apt 3723, Orlando, FL 32835",1017 S Hiawassee Rd,Apt 3723,Orlando,FL,32835,Orange County,28.529432,-81.474107,condo,1.0,1.0,673.0,8756.0,1995.0,Inactive,123900,2022-03-02T10:11:19.276Z,161,11.727238138609684
"6016-Westgate-Dr,-Apt-204,-Orlando,-FL-32835","6016 Westgate Dr, Apt 204, Orlando, FL 32835",6016 Westgate Dr,Apt 204,Orlando,FL,32835,Orange County,28.531215,-81.465369,condo,2.0,2.0,991.0,8756.0,1995.0,Inactive,179900,2020-09-15T19:57:36.280Z,694,12.100161978566867
"3384-Corona-Village-Way,-Apt-303,-Orlando,-FL-32835","3384 Corona Village Way, Apt 303, Orlando, FL 32835",3384 Corona Village Way,Apt 303,Orlando,FL,32835,Orange County,28.507618,-81.474903,condo,2.0,2.0,1233.0,8756.0,1995.0,Inactive,165000,2022-02-16T11:00:16.162Z,175,12.013706813470414
"1021-S-Hiawassee-Rd,-Apt-3915,-Orlando,-FL-32835","1021 S Hiawassee Rd, Apt 3915, Orlando, FL 32835",1021 S Hiawassee Rd,Apt 3915,Orlando,FL,32835,Orange County,28.528946,-81.47423,condo,1.0,1.0,673.0,8756.0,1995.0,Inactive,140000,2022-02-24T09:36:22.566Z,167,11.849404844423074
"2484-San-Tecla-St,-Orlando,-FL-32835","2484 San Tecla St, Orlando, FL 32835",2484 San Tecla St,,Orlando,FL,32835,Orange County,28.514452,-81.46821,condo,3.0,2.0,1247.0,8756.0,1995.0,Inactive,215000,2022-02-20T12:00:54.897Z,171,12.278397958261774
"6017-Westgate-Dr,-Apt-913,-Orlando,-FL-32835","6017 Westgate Dr, Apt 913, Orlando, FL 32835",6017 Westgate Dr,Apt 913,Orlando,FL,32835,Orange County,28.53383,-81.464654,condo,2.0,2.0,1077.0,8756.0,1995.0,Inactive,189000,2022-02-24T11:38:17.539Z,167,12.149507585033072
"6627-Queens-Borough-Ave,-Apt-204,-Orlando,-FL-32835","6627 Queens Borough Ave, Apt 204, Orlando, FL 32835",6627 Queens Borough Ave,Apt 204,Orlando,FL,32835,Orange County,28.508927,-81.473582,condo,2.0,2.0,1256.0,8756.0,1995.0,Inactive,176000,2020-09-15T21:47:22.427Z,693,12.07824495582233
"6466-Cava-Alta-Dr,-Unit-401,-Orlando,-FL-32835","6466 Cava Alta Dr, Unit 401, Orlando, FL 32835",6466 Cava Alta Dr,Unit 401,Orlando,FL,32835,Orange County,28.515269,-81.469251,condo,3.0,2.0,1247.0,8756.0,1995.0,Inactive,259000,2022-02-19T11:58:29.294Z,172,12.464587201678082
"6312-Raleigh-St,-Apt-506,-Orlando,-FL-32835","6312 Raleigh St, Apt 506, Orlando, FL 32835",6312 Raleigh St,Apt 506,Orlando,FL,32835,Orange County,28.527201,-81.468558,condo,2.0,2.0,1051.0,8756.0,1995.0,Inactive,230000,2022-03-19T12:30:54.274Z,144,12.345838935721968
"3356-Robert-Trent-Jones-Dr,-Unit-20106,-Orlando,-FL-32835","3356 Robert Trent Jones Dr, Unit 20106, Orlando, FL 32835",3356 Robert Trent Jones Dr,Unit 20106,Orlando,FL,32835,Orange County,28.505534,-81.472185,condo,2.0,2.0,1810.0,8756.0,1995.0,Inactive,275000,2021-12-21T12:49:48.937Z,232,12.524530013005734
"7135-Yacht-Basin-Ave,-Apt-227,-Orlando,-FL-32835","7135 Yacht Basin Ave, Apt 227, Orlando, FL 32835",7135 Yacht Basin Ave,Apt 227,Orlando,FL,32835,Orange County,28.512783,-81.484826,condo,3.0,2.0,1206.0,8756.0,1995.0,Inactive,245000,2021-12-21T12:25:12.660Z,232,12.409017571151187
"1004-Nin-St,-Orlando,-FL-32835","1004 Nin St, Orlando, FL 32835",1004 Nin St,,Orlando,FL,32835,Orange County,28.532778,-81.487841,single_family,2.0,2.0,1512.0,8756.0,1995.0,Inactive,310000,2022-02-25T13:22:19.778Z,166,12.644330802262578
"7039-Harbor-Point-Blvd,-Orlando,-FL-32835","7039 Harbor Point Blvd, Orlando, FL 32835",7039 Harbor Point Blvd,,Orlando,FL,32835,Orange County,28.536287,-81.47758,single_family,3.0,2.0,1528.0,8756.0,1995.0,Inactive,301500,2022-01-04T12:09:20.840Z,218,12.616528611893463
"3306-Shallot-Dr,-Unit-101,-Orlando,-FL-32835","3306 Shallot Dr, Unit 101, Orlando, FL 32835",3306 Shallot Dr,Unit 101,Orlando,FL,32835,Orange County,28.506684,-81.467586,condo,3.0,2.5,1665.0,8756.0,1995.0,Inactive,329000,2022-02-03T12:50:23.429Z,188,12.703816069256568
"6440-Axeitos-Ter,-Unit-107,-Orlando,-FL-32835","6440 Axeitos Ter, Unit 107, Orlando, FL 32835",6440 Axeitos Ter,Unit 107,Orlando,FL,32835,Orange County,28.512839,-81.470271,condo,3.0,2.0,1438.0,8756.0,1995.0,Inactive,299000,2021-10-28T13:23:23.203Z,286,12.608202196848836
"6025-W-Ridgewood-Ave,-Orlando,-FL-32835","6025 W Ridgewood Ave, Orlando, FL 32835",6025 W Ridgewood Ave,,Orlando,FL,32835,Orange County,28.545925,-81.464532,single_family,3.0,2.0,1221.0,8756.0,1995.0,Inactive,285000,2022-02-03T12:31:40.128Z,188,12.560247968016562
"2528-Robert-Trent-Jones-Dr,-Apt-1634,-Orlando,-FL-32835","2528 Robert Trent Jones Dr, Apt 1634, Orlando, FL 32835",2528 Robert Trent Jones Dr,Apt 1634,Orlando,FL,32835,Orange County,28.515576,-81.470818,condo,2.0,1.0,933.0,8756.0,1995.0,Inactive,177000,2021-12-11T12:15:54.249Z,242,12.083910661257521
"6516-Piccadilly-Ln,-Orlando,-FL-32835","6516 Piccadilly Ln, Orlando, FL 32835",6516 Piccadilly Ln,,Orlando,FL,32835,Orange County,28.530445,-81.473475,single_family,3.0,2.0,1508.0,8756.0,1995.0,Inactive,332900,2022-01-09T12:52:17.461Z,213,12.71560042746368
"2648-Robert-Trent-Jones-Dr,-Apt-232,-Orlando,-FL-32835","2648 Robert Trent Jones Dr, Apt 232, Orlando, FL 32835",2648 Robert Trent Jones Dr,Apt 232,Orlando,FL,32835,Orange County,28.514265,-81.471206,condo,2.0,1.0,933.0,8756.0,1995.0,Inactive,158000,2022-02-02T10:30:15.885Z,189,11.970356641102999
"2612-Robert-Trent-Jones-Dr,-Apt-716,-Orlando,-FL-32835","2612 Robert Trent Jones Dr, Apt 716, Orlando, FL 32835",2612 Robert Trent Jones Dr,Apt 716,Orlando,FL,32835,Orange County,28.515098,-81.472215,condo,2.0,2.0,1014.0,8756.0,1995.0,Inactive,210000,2022-02-20T12:00:54.892Z,171,12.25486757159303
"6413-Astor-Village-Ave,-Apt-301,-Orlando,-FL-32835","6413 Astor Village Ave, Apt 301, Orlando, FL 32835",6413 Astor Village Ave,Apt 301,Orlando,FL,32835,Orange County,28.508921,-81.470718,condo,3.0,2.0,1260.0,8756.0,1995.0,Inactive,195000,2021-12-21T11:44:30.890Z,232,12.180759965737863
"2612-Robert-Trent-Jones-Dr,-Apt-711,-Orlando,-FL-32835","2612 Robert Trent Jones Dr, Apt 711, Orlando, FL 32835",2612 Robert Trent Jones Dr,Apt 711,Orlando,FL,32835,Orange County,28.515098,-81.472215,condo,2.0,2.0,1014.0,8756.0,1995.0,Inactive,170000,2021-12-29T11:32:24.712Z,224,12.04355959836804
"1124-Mission-Ridge-Ct,-Orlando,-FL-32835","1124 Mission Ridge Ct, Orlando, FL 32835",1124 Mission Ridge Ct,,Orlando,FL,32835,Orange County,28.525421,-81.473315,single_family,4.0,3.0,2685.0,8756.0,1995.0,Inactive,619000,2021-09-08T15:33:54.277Z,336,13.335862167174314
"6064-Westgate-Dr,-Apt-103,-Orlando,-FL-32835","6064 Westgate Dr, Apt 103, Orlando, FL 32835",6064 Westgate Dr,Apt 103,Orlando,FL,32835,Orange County,28.532459,-81.465083,condo,1.0,1.0,686.0,8756.0,1995.0,Inactive,119900,2021-08-08T11:58:26.081Z,367,11.694421681264394
"1739-Knotting-Hill-Dr,-Orlando,-FL-32835","1739 Knotting Hill Dr, Orlando, FL 32835",1739 Knotting Hill Dr,,Orlando,FL,32835,Orange County,28.520985,-81.500821,single_family,6.0,3.0,3838.0,8756.0,1995.0,Inactive,550000,2022-02-01T13:34:34.909Z,190,13.217675375388819
"3131-Capri-Isle-Way,-Orlando,-FL-32835","3131 Capri Isle Way, Orlando, FL 32835",3131 Capri Isle Way,,Orlando,FL,32835,Orange County,28.509929,-81.462256,condo,3.0,2.5,1487.0,8756.0,1995.0,Inactive,295999,2021-12-18T14:30:15.126Z,235,12.598114733306197
"5957-Westgate-Dr,-Apt-1922,-Orlando,-FL-32835","5957 Westgate Dr, Apt 1922, Orlando, FL 32835",5957 Westgate Dr,Apt 1922,Orlando,FL,32835,Orange County,28.532594,-81.464151,condo,2.0,2.0,1344.0,8756.0,1995.0,Inactive,205000,2020-10-06T13:37:41.666Z,673,12.230770136157428
"7064-Harbor-Point-Blvd,-Orlando,-FL-32835","7064 Harbor Point Blvd, Orlando, FL 32835",7064 Harbor Point Blvd,,Orlando,FL,32835,Orange County,28.535306,-81.477122,single_family,3.0,2.0,1256.0,8756.0,1995.0,Inactive,325000,2022-02-12T13:42:59.211Z,179,12.691583538230217
"3446-Soho-St,-Apt-207,-Orlando,-FL-32835","3446 Soho St, Apt 207, Orlando, FL 32835",3446 Soho St,Apt 207,Orlando,FL,32835,Orange County,28.506751,-81.473445,condo,3.0,2.0,1260.0,8756.0,1995.0,Inactive,195000,2021-12-19T09:33:00.972Z,234,12.180759965737863
"2600-Robert-Trent-Jones-Dr,-Apt-917,-Orlando,-FL-32835","2600 Robert Trent Jones Dr, Apt 917, Orlando, FL 32835",2600 Robert Trent Jones Dr,Apt 917,Orlando,FL,32835,Orange County,28.513755,-81.472854,condo,2.0,2.0,1150.0,8756.0,1995.0,Inactive,205000,2021-10-27T11:40:20.937Z,287,12.230770136157428
"2213-Baesel-View-Dr,-Orlando,-FL-32835","2213 Baesel View Dr, Orlando, FL 32835",2213 Baesel View Dr,,Orlando,FL,32835,Orange County,28.517497,-81.495456,single_family,4.0,3.0,2653.0,8756.0,1995.0,Inactive,614999,2022-01-21T14:14:32.256Z,201,13.329377546788654
"2105-Huntleigh-Pt,-Orlando,-FL-32835","2105 Huntleigh Pt, Orlando, FL 32835",2105 Huntleigh Pt,,Orlando,FL,32835,Orange County,28.510383,-81.50682,single_family,4.0,3.0,2770.0,8756.0,1995.0,Inactive,585500,2021-12-03T14:52:40.210Z,250,13.280223169960381
"1130-Summer-Lakes-Dr,-Orlando,-FL-32835","1130 Summer Lakes Dr, Orlando, FL 32835",1130 Summer Lakes Dr,,Orlando,FL,32835,Orange County,28.537631,-81.486216,single_family,3.0,2.5,1700.0,8756.0,1995.0,Inactive,379500,2022-01-28T13:23:15.445Z,194,12.846612510860464
"1224-S-Hiawassee-Rd,-Apt-635,-Orlando,-FL-32835","1224 S Hiawassee Rd, Apt 635, Orlando, FL 32835",1224 S Hiawassee Rd,Apt 635,Orlando,FL,32835,Orange County,28.523543,-81.473035,condo,3.0,2.0,1408.0,8756.0,1995.0,Inactive,225000,2021-08-31T13:30:13.286Z,344,12.323860125621126
"3250-Corona-Village-Way,-Apt-207,-Orlando,-FL-32835","3250 Corona Village Way, Apt 207, Orlando, FL 32835",3250 Corona Village Way,Apt 207,Orlando,FL,32835,Orange County,28.508577,-81.475708,condo,3.0,2.0,1260.0,8756.0,1995.0,Inactive,188000,2022-01-10T11:36:14.668Z,212,12.144202560946876
"1318-Saddleridge-Dr,-Orlando,-FL-32835","1318 Saddleridge Dr, Orlando, FL 32835",1318 Saddleridge Dr,,Orlando,FL,32835,Orange County,28.525429,-81.491752,single_family,4.0,2.0,2176.0,8756.0,1995.0,Inactive,475000,2022-02-11T13:40:34.858Z,180,13.07107218827772
"2924-Blakely-Dr,-Orlando,-FL-32835","2924 Blakely Dr, Orlando, FL 32835",2924 Blakely Dr,,Orlando,FL,32835,Orange County,28.510803,-81.487162,single_family,4.0,2.5,2118.0,8756.0,1995.0,Inactive,435000,2022-02-02T13:40:43.641Z,189,12.983103608918753
"7123-Cantrell-Ct,-Orlando,-FL-32835","7123 Cantrell Ct, Orlando, FL 32835",7123 Cantrell Ct,,Orlando,FL,32835,Orange County,28.508895,-81.487104,single_family,4.0,2.5,2655.0,8756.0,1995.0,Inactive,431000,2021-12-28T12:39:02.899Z,225,12.973865689268807
"406-S-Hart-Blvd,-Orlando,-FL-32835","406 S Hart Blvd, Orlando, FL 32835",406 S Hart Blvd,,Orlando,FL,32835,Orange County,28.535974,-81.470431,single_family,3.0,1.0,976.0,8756.0,1995.0,Inactive,236000,2022-01-08T12:10:06.118Z,214,12.371591321286905
"7123-Yacht-Basin-Ave,-Apt-329,-Orlando,-FL-32835","7123 Yacht Basin Ave, Apt 329, Orlando, FL 32835",7123 Yacht Basin Ave,Apt 329,Orlando,FL,32835,Orange County,28.513276,-81.484112,condo,3.0,2.0,1206.0,8756.0,1995.0,Inactive,214900,2021-09-22T15:17:13.227Z,322,12.277932735946903
"1077-S-Hiawassee-Rd,-Apt-822,-Orlando,-FL-32835","1077 S Hiawassee Rd, Apt 822, Orlando, FL 32835",1077 S Hiawassee Rd,Apt 822,Orlando,FL,32835,Orange County,28.528256,-81.471771,condo,2.0,2.0,836.0,8756.0,1995.0,Inactive,165000,2022-01-13T10:56:37.525Z,209,12.013706813470414
"7310-Westpointe-Blvd,-Apt-611,-Orlando,-FL-32835","7310 Westpointe Blvd, Apt 611, Orlando, FL 32835",7310 Westpointe Blvd,Apt 611,Orlando,FL,32835,Orange County,28.516365,-81.490785,condo,2.0,2.0,1080.0,8756.0,1995.0,Inactive,155000,2022-02-02T10:30:15.882Z,189,11.951186847493476
"7310-Westpointe-Blvd,-Apt-625,-Orlando,-FL-32835","7310 Westpointe Blvd, Apt 625, Orlando, FL 32835",7310 Westpointe Blvd,Apt 625,Orlando,FL,32835,Orange County,28.516365,-81.490785,condo,1.0,1.0,842.0,8756.0,1995.0,Inactive,145000,2022-02-11T10:41:54.442Z,180,11.884495917930655
"6631-Cristina-Marie-Dr,-Orlando,-FL-32835","6631 Cristina Marie Dr, Orlando, FL 32835",6631 Cristina Marie Dr,,Orlando,FL,32835,Orange County,28.525072,-81.475797,single_family,5.0,3.0,2916.0,8756.0,1995.0,Inactive,650000,2021-12-22T14:43:55.891Z,231,13.384729180332174
"3356-Robert-Trent-Jones-Dr,-Unit-20406,-Orlando,-FL-32835","3356 Robert Trent Jones Dr, Unit 20406, Orlando, FL 32835",3356 Robert Trent Jones Dr,Unit 20406,Orlando,FL,32835,Orange County,28.505534,-81.472185,condo,3.0,2.0,2129.0,8756.0,1995.0,Inactive,335000,2021-12-21T13:09:12.746Z,232,12.721888795877375
"7888-Murcott-Cir,-Orlando,-FL-32835","7888 Murcott Cir, Orlando, FL 32835",7888 Murcott Cir,,Orlando,FL,32835,Orange County,28.538056,-81.491532,single_family,3.0,2.0,1220.0,8756.0,1995.0,Inactive,305000,2022-01-18T12:43:47.867Z,204,12.628070334272698
"20-Winter-Ridge-Cir,-Orlando,-FL-32835","20 Winter Ridge Cir, Orlando, FL 32835",20 Winter Ridge Cir,,Orlando,FL,32835,Orange County,28.539753,-81.478595,condo,3.0,2.0,1232.0,8756.0,1995.0,Inactive,250000,2021-12-15T13:00:57.311Z,238,12.429220196836383
"6663-Queens-Borough-Ave,-Apt-202,-Orlando,-FL-32835","6663 Queens Borough Ave, Apt 202, Orlando, FL 32835",6663 Queens Borough Ave,Apt 202,Orlando,FL,32835,Orange County,28.50892,-81.474217,condo,4.0,2.0,1489.0,8756.0,1995.0,Inactive,225000,2021-04-18T12:05:42.128Z,479,12.323860125621126
"6100-Stevenson-Dr,-Unit-205,-Orlando,-FL-32835","6100 Stevenson Dr, Unit 205, Orlando, FL 32835",6100 Stevenson Dr,Unit 205,Orlando,FL,32835,Orange County,28.508575,-81.464783,condo,3.0,2.0,1408.0,8756.0,1995.0,Inactive,220000,2022-02-11T12:25:10.209Z,180,12.301387370778713
"7360-Westpointe-Blvd,-Apt-123,-Orlando,-FL-32835","7360 Westpointe Blvd, Apt 123, Orlando, FL 32835",7360 Westpointe Blvd,Apt 123,Orlando,FL,32835,Orange County,28.516615,-81.488531,condo,2.0,2.0,1133.0,8756.0,1995.0,Inactive,158750,2022-02-08T11:04:49.363Z,183,11.975092215947697
"2321-Longmoore-Ct,-Orlando,-FL-32835","2321 Longmoore Ct, Orlando, FL 32835",2321 Longmoore Ct,,Orlando,FL,32835,Orange County,28.506754,-81.498075,single_family,4.0,4.0,3548.0,8756.0,1995.0,Inactive,750000,2022-01-21T14:17:56.548Z,201,13.527829818844937
"3368-Robert-Trent-Jones-Dr,-Unit-307,-Orlando,-FL-32835","3368 Robert Trent Jones Dr, Unit 307, Orlando, FL 32835",3368 Robert Trent Jones Dr,Unit 307,Orlando,FL,32835,Orange County,28.505118,-81.469971,condo,3.0,2.0,2129.0,8756.0,1995.0,Inactive,334500,2022-01-28T13:04:41.218Z,194,12.720395148082574
"204-Longleaf-Ct,-Orlando,-FL-32835","204 Longleaf Ct, Orlando, FL 32835",204 Longleaf Ct,,Orlando,FL,32835,Orange County,28.542688,-81.481436,single_family,3.0,2.0,1722.0,8756.0,1995.0,Inactive,399000,2022-01-13T13:23:41.244Z,209,12.896719202134523
"936-Grand-Cayman-Ct,-Orlando,-FL-32835","936 Grand Cayman Ct, Orlando, FL 32835",936 Grand Cayman Ct,,Orlando,FL,32835,Orange County,28.529625,-81.476669,single_family,3.0,2.0,1239.0,8756.0,1995.0,Inactive,289000,2022-01-21T12:22:51.082Z,201,12.574185427296195
"6420-Raleigh-St,-Apt-3214,-Orlando,-FL-32835","6420 Raleigh St, Apt 3214, Orlando, FL 32835",6420 Raleigh St,Apt 3214,Orlando,FL,32835,Orange County,28.52631,-81.46788,condo,1.0,1.0,991.0,8756.0,1995.0,Inactive,173500,2022-02-09T12:33:52.305Z,182,12.063938642041201
"3317-Bellington-Dr,-Orlando,-FL-32835","3317 Bellington Dr, Orlando, FL 32835",3317 Bellington Dr,,Orlando,FL,32835,Orange County,28.502349,-81.49586,single_family,4.0,3.0,3586.0,8756.0,1995.0,Inactive,805000,2022-02-06T14:02:00.343Z,185,13.598598798635953
"3356-Robert-Trent-Jones-Dr,-Unit-208,-Orlando,-FL-32835","3356 Robert Trent Jones Dr, Unit 208, Orlando, FL 32835",3356 Robert Trent Jones Dr,Unit 208,Orlando,FL,32835,Orange County,28.508974,-81.470076,condo,3.0,2.0,2129.0,8756.0,1995.0,Inactive,310000,2021-12-13T13:32:30.811Z,240,12.644330802262578
"3338-Robert-Trent-Jones-Dr,-Unit-305,-Orlando,-FL-32835","3338 Robert Trent Jones Dr, Unit 305, Orlando, FL 32835",3338 Robert Trent Jones Dr,Unit 305,Orlando,FL,32835,Orange County,28.5058,-81.471161,condo,3.0,2.0,1412.0,8756.0,1995.0,Inactive,227990,2022-01-26T12:42:21.104Z,196,12.337061433473261
"997-Almond-Tree-Cir,-Orlando,-FL-32835","997 Almond Tree Cir, Orlando, FL 32835",997 Almond Tree Cir,,Orlando,FL,32835,Orange County,28.529623,-81.507225,single_family,4.0,2.0,1940.0,8756.0,1995.0,Inactive,450000,2021-11-16T15:25:56.784Z,267,13.017005083966255
"305-Red-Rose-Cir,-Orlando,-FL-32835","305 Red Rose Cir, Orlando, FL 32835",305 Red Rose Cir,,Orlando,FL,32835,Orange County,28.538381,-81.500413,single_family,3.0,2.0,1536.0,8756.0,1995.0,Inactive,365000,2022-01-26T13:43:44.481Z,196,12.807655372286902
"6130-Westgate-Dr,-Apt-101,-Orlando,-FL-32835","6130 Westgate Dr, Apt 101, Orlando, FL 32835",6130 Westgate Dr,Apt 101,Orlando,FL,32835,Orange County,28.531409,-81.465888,condo,2.0,2.0,943.0,8756.0,1995.0,Inactive,181900,2022-01-12T11:45:40.967Z,210,12.111217862017215
"7360-Westpointe-Blvd,-Apt-117,-Orlando,-FL-32835","7360 Westpointe Blvd, Apt 117, Orlando, FL 32835",7360 Westpointe Blvd,Apt 117,Orlando,FL,32835,Orange County,28.516615,-81.488531,condo,3.0,2.0,1423.0,8756.0,1995.0,Inactive,179900,2022-01-19T12:07:57.645Z,203,12.100161978566867
"2612-Robert-Trent-Jones-Dr,-Unit-711,-Orlando,-FL-32835","2612 Robert Trent Jones Dr, Unit 711, Orlando, FL 32835",2612 Robert Trent Jones Dr,Unit 711,Orlando,FL,32835,Orange County,28.515098,-81.472215,condo,2.0,2.0,1014.0,8756.0,1995.0,Inactive,170000,2022-02-01T11:05:17.512Z,190,12.04355959836804
"7360-Westpointe-Blvd,-Apt-133,-Orlando,-FL-32835","7360 Westpointe Blvd, Apt 133, Orlando, FL 32835",7360 Westpointe Blvd,Apt 133,Orlando,FL,32835,Orange County,28.516615,-81.488531,condo,2.0,2.0,1133.0,8756.0,1995.0,Inactive,155900,2022-01-19T11:54:26.684Z,203,11.956976469393481
"7230-Westpointe-Blvd,-Apt-1224,-Orlando,-FL-32835","7230 Westpointe Blvd, Apt 1224, Orlando, FL 32835",7230 Westpointe Blvd,Apt 1224,Orlando,FL,32835,Orange County,28.517122,-81.486798,condo,2.0,1.0,1021.0,8756.0,1995.0,Inactive,149900,2022-01-19T11:54:26.671Z,203,11.917730355182513
"7220-Westpointe-Blvd,-Unit-1431,-Orlando,-FL-32835","7220 Westpointe Blvd, Unit 1431, Orlando, FL 32835",7220 Westpointe Blvd,Unit 1431,Orlando,FL,32835,Orange County,28.516012,-81.486847,condo,2.0,2.0,1071.0,8756.0,1995.0,Inactive,149900,2022-01-19T11:54:26.667Z,203,11.917730355182513
"1013-S-Hiawassee-Rd,-Apt-3614,-Orlando,-FL-32835","1013 S Hiawassee Rd, Apt 3614, Orlando, FL 32835",1013 S Hiawassee Rd,Apt 3614,Orlando,FL,32835,Orange County,28.529932,-81.474017,condo,1.0,1.0,673.0,8756.0,1995.0,Inactive,149900,2022-02-03T10:14:49.473Z,188,11.917730355182513
"7210-Westpointe-Blvd,-Apt-1322,-Orlando,-FL-32835","7210 Westpointe Blvd, Apt 1322, Orlando, FL 32835",7210 Westpointe Blvd,Apt 1322,Orlando,FL,32835,Orange County,28.516808,-81.48638,condo,1.0,1.0,842.0,8756.0,1995.0,Inactive,139900,2022-02-01T09:35:39.644Z,190,11.848690308590857
"3324-Parkchester-Square-Blvd,-Apt-204,-Orlando,-FL-32835","3324 Parkchester Square Blvd, Apt 204, Orlando, FL 32835",3324 Parkchester Square Blvd,Apt 204,Orlando,FL,32835,Orange County,28.508329,-81.471815,condo,2.0,2.0,1256.0,8756.0,1995.0,Inactive,169000,2021-12-10T10:55:04.255Z,243,12.037659911047468
"1081-S-Hiawassee-Rd,-Apt-727,-Orlando,-FL-32835","1081 S Hiawassee Rd, Apt 727, Orlando, FL 32835",1081 S Hiawassee Rd,Apt 727,Orlando,FL,32835,Orange County,28.528024,-81.471523,condo,2.0,2.0,836.0,8756.0,1995.0,Inactive,159900,2022-01-11T12:16:56.699Z,211,11.982310152711182
"6550-Fairway-Hill-Ct,-Orlando,-FL-32835","6550 Fairway Hill Ct, Orlando, FL 32835",6550 Fairway Hill Ct,,Orlando,FL,32835,Orange County,28.527161,-81.477108,single_family,5.0,4.0,3613.0,8756.0,1995.0,Inactive,749999,2021-11-27T15:12:24.658Z,256,13.527828485512494
"1047-Nin-St,-Orlando,-FL-32835","1047 Nin St, Orlando, FL 32835",1047 Nin St,,Orlando,FL,32835,Orange County,28.533213,-81.486721,single_family,3.0,2.0,1478.0,8756.0,1995.0,Inactive,319900,2022-01-11T13:37:03.447Z,211,12.675766851909591
"6083-Strada-Isle-Way,-Orlando,-FL-32835","6083 Strada Isle Way, Orlando, FL 32835",6083 Strada Isle Way,,Orlando,FL,32835,Orange County,28.509819,-81.463095,condo,3.0,2.5,1769.0,8756.0,1995.0,Inactive,315000,2022-01-10T13:11:54.590Z,212,12.660331092405906
"1212-S-Hiawassee-Rd,-Apt-512,-Orlando,-FL-32835","1212 S Hiawassee Rd, Apt 512, Orlando, FL 32835",1212 S Hiawassee Rd,Apt 512,Orlando,FL,32835,Orange County,28.524296,-81.473187,condo,3.0,2.0,1206.0,8756.0,1995.0,Inactive,244600,2020-10-28T13:56:35.105Z,651,12.407383590534293
"1041-S-Hiawassee-Rd,-Apt-3022,-Orlando,-FL-32835","1041 S Hiawassee Rd, Apt 3022, Orlando, FL 32835",1041 S Hiawassee Rd,Apt 3022,Orlando,FL,32835,Orange County,28.52991,-81.472313,condo,2.0,2.0,836.0,8756.0,1995.0,Inactive,164500,2022-01-19T12:07:55.284Z,203,12.010671928196443
"7674-Saint-Stephens-Ct,-Orlando,-FL-32835","7674 Saint Stephens Ct, Orlando, FL 32835",7674 Saint Stephens Ct,,Orlando,FL,32835,Orange County,28.512047,-81.494329,single_family,4.0,3.0,2934.0,8756.0,1995.0,Inactive,690000,2021-02-27T14:50:40.978Z,529,13.444448325847754
"1828-Westpointe-Cir,-Orlando,-FL-32835","1828 Westpointe Cir, Orlando, FL 32835",1828 Westpointe Cir,,Orlando,FL,32835,Orange County,28.520496,-81.504374,single_family,3.0,2.0,1599.0,8756.0,1995.0,Inactive,379000,2022-01-21T13:51:01.996Z,201,12.84529412258351
"7316-Seena-Ct,-Orlando,-FL-32835","7316 Seena Ct, Orlando, FL 32835",7316 Seena Ct,,Orlando,FL,32835,Orange County,28.545125,-81.483111,single_family,3.0,2.0,1411.0,8756.0,1995.0,Inactive,315000,2022-01-13T12:36:31.103Z,209,12.660331092405906
"1089-S-Hiawassee-Rd,-Apt-312,-Orlando,-FL-32835","1089 S Hiawassee Rd, Apt 312, Orlando, FL 32835",1089 S Hiawassee Rd,Apt 312,Orlando,FL,32835,Orange County,28.527301,-81.472552,condo,2.0,2.0,934.0,8756.0,1995.0,Inactive,190000,2021-09-30T10:16:40.296Z,314,12.154784614286667
"7300-Westpointe-Blvd,-Apt-734,-Orlando,-FL-32835","7300 Westpointe Blvd, Apt 734, Orlando, FL 32835",7300 Westpointe Blvd,Apt 734,Orlando,FL,32835,Orange County,28.516101,-81.48998,condo,2.0,1.0,1021.0,8756.0,1995.0,Inactive,149900,2022-01-28T11:29:39.337Z,194,11.917730355182513
"3403-Greenwich-Village-Blvd,-Apt-102,-Orlando,-FL-32835","3403 Greenwich Village Blvd, Apt 102, Orlando, FL 32835",3403 Greenwich Village Blvd,Apt 102,Orlando,FL,32835,Orange County,28.507575,-81.471532,condo,2.0,2.0,1235.0,8756.0,1995.0,Inactive,184900,2022-01-29T11:10:15.423Z,193,12.127575825689417
"7310-Westpointe-Blvd,-Apt-623,-Orlando,-FL-32835","7310 Westpointe Blvd, Apt 623, Orlando, FL 32835",7310 Westpointe Blvd,Apt 623,Orlando,FL,32835,Orange County,28.516365,-81.490785,condo,2.0,2.0,1133.0,8756.0,1995.0,Inactive,175000,2021-08-31T12:43:13.571Z,344,12.07254696717504
"7300-Westpointe-Blvd,-Apt-725,-Orlando,-FL-32835","7300 Westpointe Blvd, Apt 725, Orlando, FL 32835",7300 Westpointe Blvd,Apt 725,Orlando,FL,32835,Orange County,28.516101,-81.48998,condo,1.0,1.0,842.0,8756.0,1995.0,Inactive,127000,2021-10-23T08:45:44.128Z,291,11.751950239425476
"221-Sandpiper-Ridge-Dr,-Orlando,-FL-32835","221 Sandpiper Ridge Dr, Orlando, FL 32835",221 Sandpiper Ridge Dr,,Orlando,FL,32835,Orange County,28.542803,-81.490335,single_family,3.0,2.0,1388.0,8756.0,1995.0,Inactive,334900,2022-01-16T13:16:35.565Z,206,12.721590244743798
"6149-Metrowest-Blvd,-Unit-104,-Orlando,-FL-32835","6149 Metrowest Blvd, Unit 104, Orlando, FL 32835",6149 Metrowest Blvd,Unit 104,Orlando,FL,32835,Orange County,28.516427,-81.465746,condo,2.0,2.0,1124.0,8756.0,1995.0,Inactive,198000,2021-12-08T10:32:38.124Z,245,12.19602736016897
"2648-Robert-Trent-Jones-Dr,-Apt-235,-Orlando,-FL-32835","2648 Robert Trent Jones Dr, Apt 235, Orlando, FL 32835",2648 Robert Trent Jones Dr,Apt 235,Orlando,FL,32835,Orange County,28.514265,-81.471206,condo,2.0,1.0,933.0,8756.0,1995.0,Inactive,179000,2021-12-03T10:01:31.609Z,250,12.095146671399466
"6064-Westgate-Dr,-Apt-104,-Orlando,-FL-32835","6064 Westgate Dr, Apt 104, Orlando, FL 32835",6064 Westgate Dr,Apt 104,Orlando,FL,32835,Orange County,28.532459,-81.465083,condo,1.0,1.0,686.0,8756.0,1995.0,Inactive,135000,2022-01-11T11:19:47.425Z,211,11.813037464800539
"2301-Roat-Dr,-Orlando,-FL-32835","2301 Roat Dr, Orlando, FL 32835",2301 Roat Dr,,Orlando,FL,32835,Orange County,28.516487,-81.493894,single_family,5.0,4.0,3617.0,8756.0,1995.0,Inactive,685000,2021-06-16T16:28:51.945Z,420,13.437175577097312
"4563-Conroy-Club-Dr,-Orlando,-FL-32835","4563 Conroy Club Dr, Orlando, FL 32835",4563 Conroy Club Dr,,Orlando,FL,32835,Orange County,28.496743,-81.474581,single_family,3.0,2.0,1598.0,8756.0,1995.0,Inactive,407900,2021-07-11T15:59:39.551Z,395,12.918779776883914
"3368-Robert-Trent-Jones-Dr,-Unit-304,-Orlando,-FL-32835","3368 Robert Trent Jones Dr, Unit 304, Orlando, FL 32835",3368 Robert Trent Jones Dr,Unit 304,Orlando,FL,32835,Orange County,28.508904,-81.470037,condo,3.0,2.0,2129.0,8756.0,1995.0,Inactive,306000,2021-12-04T13:32:53.172Z,249,12.631343648903034
"1061-S-Hiawassee-Rd,-Apt-1723,-Orlando,-FL-32835","1061 S Hiawassee Rd, Apt 1723, Orlando, FL 32835",1061 S Hiawassee Rd,Apt 1723,Orlando,FL,32835,Orange County,28.528991,-81.471977,condo,2.0,2.0,836.0,8756.0,1995.0,Inactive,154900,2021-11-25T10:51:10.027Z,258,11.950541482162043
"6145-Chantry-St,-Orlando,-FL-32835","6145 Chantry St, Orlando, FL 32835",6145 Chantry St,,Orlando,FL,32835,Orange County,28.544447,-81.466144,single_family,3.0,2.0,1152.0,8756.0,1995.0,Inactive,250000,2021-12-29T12:40:06.262Z,224,12.429220196836383
"6235-Goethe-St,-Unit-103,-Orlando,-FL-32835","6235 Goethe St, Unit 103, Orlando, FL 32835",6235 Goethe St,Unit 103,Orlando,FL,32835,Orange County,28.510389,-81.466729,condo,3.0,2.5,1546.0,8756.0,1995.0,Inactive,289000,2021-08-31T15:55:01.328Z,344,12.574185427296195
"6214-Stevenson-Dr,-Unit-106,-Orlando,-FL-32835","6214 Stevenson Dr, Unit 106, Orlando, FL 32835",6214 Stevenson Dr,Unit 106,Orlando,FL,32835,Orange County,28.508604,-81.466102,condo,3.0,2.0,1206.0,8756.0,1995.0,Inactive,229000,2022-01-15T11:57:55.289Z,207,12.34148164933907
"6082-Westgate-Dr,-Apt-202,-Orlando,-FL-32835","6082 Westgate Dr, Apt 202, Orlando, FL 32835",6082 Westgate Dr,Apt 202,Orlando,FL,32835,Orange County,28.532615,-81.466209,condo,2.0,2.0,1422.0,8756.0,1995.0,Inactive,182000,2021-12-18T12:34:17.749Z,235,12.111767460549332
"4132-Winderlakes-Dr,-Orlando,-FL-32835","4132 Winderlakes Dr, Orlando, FL 32835",4132 Winderlakes Dr,,Orlando,FL,32835,Orange County,28.501558,-81.491849,single_family,4.0,2.0,1931.0,8756.0,1995.0,Inactive,434000,2021-10-21T15:07:25.845Z,293,12.980802117227352
"6540-Grosvenor-Ln,-Orlando,-FL-32835","6540 Grosvenor Ln, Orlando, FL 32835",6540 Grosvenor Ln,,Orlando,FL,32835,Orange County,28.533193,-81.47373,single_family,4.0,2.5,1937.0,8756.0,1995.0,Inactive,395000,2021-06-16T15:51:46.248Z,420,12.886643575525625
"7173-Harbor-Heights-Cir,-Orlando,-FL-32835","7173 Harbor Heights Cir, Orlando, FL 32835",7173 Harbor Heights Cir,,Orlando,FL,32835,Orange County,28.538847,-81.476708,condo,3.0,2.0,1256.0,8756.0,1995.0,Inactive,245000,2021-12-07T13:00:28.852Z,246,12.409017571151187
"1224-S-Hiawassee-Rd,-Apt-633,-Orlando,-FL-32835","1224 S Hiawassee Rd, Apt 633, Orlando, FL 32835",1224 S Hiawassee Rd,Apt 633,Orlando,FL,32835,Orange County,28.523543,-81.473035,condo,3.0,2.0,1408.0,8756.0,1995.0,Inactive,218000,2021-09-18T12:49:53.587Z,326,12.292254928916668
"3926-Salmon-Dr,-Orlando,-FL-32835","3926 Salmon Dr, Orlando, FL 32835",3926 Salmon Dr,,Orlando,FL,32835,Orange County,28.505466,-81.489326,single_family,4.0,2.0,1911.0,8756.0,1995.0,Inactive,465000,2021-12-15T14:47:18.704Z,238,13.049794835104816
"3356-Robert-Trent-Jones-Dr,-Unit-307,-Orlando,-FL-32835","3356 Robert Trent Jones Dr, Unit 307, Orlando, FL 32835",3356 Robert Trent Jones Dr,Unit 307,Orlando,FL,32835,Orange County,28.505618,-81.47209,condo,3.0,2.0,2129.0,8756.0,1995.0,Inactive,303900,2021-10-10T12:58:27.817Z,304,12.624457269455574
"4543-Winderwood-Cir,-Orlando,-FL-32835","4543 Winderwood Cir, Orlando, FL 32835",4543 Winderwood Cir,,Orlando,FL,32835,Orange County,28.494769,-81.491752,single_family,4.0,3.0,2704.0,8756.0,1995.0,Inactive,539000,2021-10-09T15:15:40.122Z,305,13.197472705176983
"7949-Sweetgum-Loop,-Orlando,-FL-32835","7949 Sweetgum Loop, Orlando, FL 32835",7949 Sweetgum Loop,,Orlando,FL,32835,Orange County,28.533472,-81.495462,single_family,3.0,2.0,1561.0,8756.0,1995.0,Inactive,380000,2022-01-05T13:33:51.470Z,217,12.847929163278053
"6278-Miramonte-Dr,-Unit-103,-Orlando,-FL-32835","6278 Miramonte Dr, Unit 103, Orlando, FL 32835",6278 Miramonte Dr,Unit 103,Orlando,FL,32835,Orange County,28.51033,-81.468054,condo,3.0,2.5,2010.0,8756.0,1995.0,Inactive,295000,2021-02-17T14:08:41.454Z,539,12.59473402514672
"7606-Pacific-Heights-Cir,-Unit-2,-Orlando,-FL-32835","7606 Pacific Heights Cir, Unit 2, Orlando, FL 32835",7606 Pacific Heights Cir,Unit 2,Orlando,FL,32835,Orange County,28.539495,-81.487229,single_family,3.0,2.5,1377.0,8756.0,1995.0,Inactive,280000,2021-11-14T14:43:14.613Z,269,12.54254845357358
"3836-Winding-Lake-Cir,-Orlando,-FL-32835","3836 Winding Lake Cir, Orlando, FL 32835",3836 Winding Lake Cir,,Orlando,FL,32835,Orange County,28.497701,-81.492777,single_family,4.0,3.0,3027.0,8756.0,1995.0,Inactive,599900,2021-12-01T15:04:32.382Z,252,13.304519920584285
"207-Jemond-Ct,-Orlando,-FL-32835","207 Jemond Ct, Orlando, FL 32835",207 Jemond Ct,,Orlando,FL,32835,Orange County,28.538841,-81.494468,single_family,3.0,2.0,1499.0,8756.0,1995.0,Inactive,324998,2022-01-02T12:29:21.803Z,220,12.691577384384065
"6104-Twain-St,-Unit-104,-Orlando,-FL-32835","6104 Twain St, Unit 104, Orlando, FL 32835",6104 Twain St,Unit 104,Orlando,FL,32835,Orange County,28.509525,-81.465114,condo,2.0,2.5,1546.0,8756.0,1995.0,Inactive,279900,2021-12-14T12:09:50.823Z,239,12.5421912482017
"6135-Metrowest-Blvd,-Unit-101,-Orlando,-FL-32835","6135 Metrowest Blvd, Unit 101, Orlando, FL 32835",6135 Metrowest Blvd,Unit 101,Orlando,FL,32835,Orange County,28.517368,-81.464756,condo,4.0,3.0,1868.0,8756.0,1995.0,Inactive,275000,2021-11-10T14:42:07.824Z,273,12.524530013005734
"7123-Yacht-Basin-Ave,-Apt-333,-Orlando,-FL-32835","7123 Yacht Basin Ave, Apt 333, Orlando, FL 32835",7123 Yacht Basin Ave,Apt 333,Orlando,FL,32835,Orange County,28.513276,-81.484112,condo,3.0,2.0,1408.0,8756.0,1995.0,Inactive,235000,2021-12-31T12:26:11.408Z,222,12.367345048436391
"1224-S-Hiawassee-Rd,-Unit-633,-Orlando,-FL-32835","1224 S Hiawassee Rd, Unit 633, Orlando, FL 32835",1224 S Hiawassee Rd,Unit 633,Orlando,FL,32835,Orange County,28.523543,-81.473035,condo,3.0,2.0,1408.0,8756.0,1995.0,Inactive,218000,2022-01-28T11:57:51.512Z,194,12.292254928916668
"3417-Westchester-Square-Blvd,-Apt-203,-Orlando,-FL-32835","3417 Westchester Square Blvd, Apt 203, Orlando, FL 32835",3417 Westchester Square Blvd,Apt 203,Orlando,FL,32835,Orange County,28.507181,-81.472305,single_family,2.0,2.0,1430.0,8756.0,1995.0,Inactive,198000,2021-11-02T12:06:02.969Z,281,12.19602736016897
"2544-Robert-Trent-Jones-Dr,-Apt-833,-Orlando,-FL-32835","2544 Robert Trent Jones Dr, Apt 833, Orlando, FL 32835",2544 Robert Trent Jones Dr,Apt 833,Orlando,FL,32835,Orange County,28.515914,-81.472203,condo,2.0,1.0,933.0,8756.0,1995.0,Inactive,165000,2022-01-06T10:19:14.552Z,216,12.013706813470414
"6396-Raleigh-St,-Apt-2901,-Orlando,-FL-32835","6396 Raleigh St, Apt 2901, Orlando, FL 32835",6396 Raleigh St,Apt 2901,Orlando,FL,32835,Orange County,28.525641,-81.467621,condo,1.0,1.0,794.0,8756.0,1995.0,Inactive,122000,2022-01-20T08:50:31.989Z,202,11.711784520403112
"241-Alston-Dr,-Orlando,-FL-32835","241 Alston Dr, Orlando, FL 32835",241 Alston Dr,,Orlando,FL,32835,Orange County,28.544513,-81.482016,condo,3.0,2.5,1385.0,8756.0,1995.0,Inactive,249500,2021-08-31T15:22:36.824Z,344,12.427218202181711
"6328-Raleigh-St,-Apt-811,-Orlando,-FL-32835","6328 Raleigh St, Apt 811, Orlando, FL 32835",6328 Raleigh St,Apt 811,Orlando,FL,32835,Orange County,28.527138,-81.468951,condo,1.0,1.0,991.0,8756.0,1995.0,Inactive,160000,2021-12-02T12:32:34.936Z,251,11.982935344196433
"8243-Lynch-Dr,-Orlando,-FL-32835","8243 Lynch Dr, Orlando, FL 32835",8243 Lynch Dr,,Orlando,FL,32835,Orange County,28.505265,-81.507083,single_family,4.0,4.0,3600.0,8756.0,1995.0,Inactive,735000,2022-01-07T14:03:33.017Z,215,13.507627138738266
"7236-Hawksnest-Blvd,-Orlando,-FL-32835","7236 Hawksnest Blvd, Orlando, FL 32835",7236 Hawksnest Blvd,,Orlando,FL,32835,Orange County,28.519763,-81.485626,single_family,3.0,2.0,1841.0,8756.0,1995.0,Inactive,425000,2021-12-10T14:38:15.320Z,243,12.959846800844963
"1491-Shelter-Rock-Rd,-Orlando,-FL-32835","1491 Shelter Rock Rd, Orlando, FL 32835",1491 Shelter Rock Rd,,Orlando,FL,32835,Orange County,28.523631,-81.497752,single_family,4.0,3.0,2236.0,8756.0,1995.0,Inactive,489000,2021-10-15T15:24:21.162Z,299,13.100119813444692
"349-S-Buena-Vista-Ave,-Orlando,-FL-32835","349 S Buena Vista Ave, Orlando, FL 32835",349 S Buena Vista Ave,,Orlando,FL,32835,Orange County,28.536326,-81.468816,single_family,3.0,2.0,1488.0,8756.0,1995.0,Inactive,249900,2021-10-27T12:19:29.238Z,287,12.428820118415677
"7123-Yacht-Basin-Ave,-Apt-318,-Orlando,-FL-32835","7123 Yacht Basin Ave, Apt 318, Orlando, FL 32835",7123 Yacht Basin Ave,Apt 318,Orlando,FL,32835,Orange County,28.513276,-81.484112,condo,2.0,2.0,1050.0,8756.0,1995.0,Inactive,185000,2021-12-21T11:44:21.522Z,232,12.128116509451258
"3037-Barrymore-Ct,-Orlando,-FL-32835","3037 Barrymore Ct, Orlando, FL 32835",3037 Barrymore Ct,,Orlando,FL,32835,Orange County,28.508412,-81.489099,single_family,3.0,2.0,1443.0,8756.0,1995.0,Inactive,260000,2021-12-30T11:54:58.544Z,223,12.468440756144114
"6070-Westgate-Dr,-Unit-204,-Orlando,-FL-32835","6070 Westgate Dr, Unit 204, Orlando, FL 32835",6070 Westgate Dr,Unit 204,Orlando,FL,32835,Orange County,28.532633,-81.465402,condo,1.0,1.0,1184.0,8756.0,1995.0,Inactive,175000,2022-01-19T12:07:57.636Z,203,12.07254696717504
"6154-Westgate-Dr,-Apt-101,-Orlando,-FL-32835","6154 Westgate Dr, Apt 101, Orlando, FL 32835",6154 Westgate Dr,Apt 101,Orlando,FL,32835,Orange County,28.530558,-81.466455,condo,1.0,1.0,722.0,8756.0,1995.0,Inactive,148000,2021-12-18T12:25:00.707Z,235,11.904974309480183
"7413-Park-Springs-Cir,-Orlando,-FL-32835","7413 Park Springs Cir, Orlando, FL 32835",7413 Park Springs Cir,,Orlando,FL,32835,Orange County,28.50013,-81.484021,single_family,4.0,3.0,3187.0,8756.0,1995.0,Inactive,675000,2021-11-23T15:01:29.457Z,260,13.42246945133505
"418-Cinnamon-Bark-Ln,-Orlando,-FL-32835","418 Cinnamon Bark Ln, Orlando, FL 32835",418 Cinnamon Bark Ln,,Orlando,FL,32835,Orange County,28.547108,-81.48086,single_family,3.0,2.5,2832.0,8756.0,1995.0,Inactive,494800,2021-11-20T14:55:49.745Z,263,13.11191094051702
"7830-Saint-Giles-Pl,-Orlando,-FL-32835","7830 Saint Giles Pl, Orlando, FL 32835",7830 Saint Giles Pl,,Orlando,FL,32835,Orange County,28.518518,-81.500886,single_family,3.0,2.0,2057.0,8756.0,1995.0,Inactive,365000,2021-12-09T13:46:51.638Z,244,12.807655372286902
"6001-Twain-St,-Unit-105,-Orlando,-FL-32835","6001 Twain St, Unit 105, Orlando, FL 32835",6001 Twain St,Unit 105,Orlando,FL,32835,Orange County,28.510391,-81.463868,condo,3.0,2.5,1682.0,8756.0,1995.0,Inactive,300000,2021-10-26T13:42:13.049Z,288,12.611541086966115
"3396-Parkchester-Square-Blvd,-Apt-104,-Orlando,-FL-32835","3396 Parkchester Square Blvd, Apt 104, Orlando, FL 32835",3396 Parkchester Square Blvd,Apt 104,Orlando,FL,32835,Orange County,28.507804,-81.471303,condo,2.0,2.0,1235.0,8756.0,1995.0,Inactive,178000,2022-01-03T12:02:29.545Z,219,12.08954444723597
"3318-Greenwich-Village-Blvd,-Apt-104,-Orlando,-FL-32835","3318 Greenwich Village Blvd, Apt 104, Orlando, FL 32835",3318 Greenwich Village Blvd,Apt 104,Orlando,FL,32835,Orange County,28.507865,-81.472471,condo,2.0,2.0,1235.0,8756.0,1995.0,Inactive,174900,2021-06-16T14:07:02.474Z,420,12.071975378543236
"3291-Westchester-Square-Blvd,-Apt-103,-Orlando,-FL-32835","3291 Westchester Square Blvd, Apt 103, Orlando, FL 32835",3291 Westchester Square Blvd,Apt 103,Orlando,FL,32835,Orange County,28.508423,-81.473355,condo,2.0,2.0,1160.0,8756.0,1995.0,Inactive,161900,2021-10-26T11:18:19.147Z,288,11.994740316298905
"6340-Raleigh-St,-Apt-1011,-Orlando,-FL-32835","6340 Raleigh St, Apt 1011, Orlando, FL 32835",6340 Raleigh St,Apt 1011,Orlando,FL,32835,Orange County,28.526736,-81.469708,condo,1.0,1.0,991.0,8756.0,1995.0,Inactive,170000,2021-12-10T10:55:04.262Z,243,12.04355959836804
"3304-Westchester-Square-Blvd,-Apt-204,-Orlando,-FL-32835","3304 Westchester Square Blvd, Apt 204, Orlando, FL 32835",3304 Westchester Square Blvd,Apt 204,Orlando,FL,32835,Orange County,28.508154,-81.47375,condo,2.0,2.0,1256.0,8756.0,1995.0,Inactive,165000,2021-08-19T12:58:20.746Z,356,12.013706813470414
"6508-Fairway-Hill-Ct,-Orlando,-FL-32835","6508 Fairway Hill Ct, Orlando, FL 32835",6508 Fairway Hill Ct,,Orlando,FL,32835,Orange County,28.527936,-81.475348,single_family,5.0,3.0,2986.0,8756.0,1995.0,Inactive,645000,2021-09-24T21:02:29.241Z,319,13.377007146164305
"8508-Sugar-Palm-Ct,-Orlando,-FL-32835","8508 Sugar Palm Ct, Orlando, FL 32835",8508 Sugar Palm Ct,,Orlando,FL,32835,Orange County,28.523028,-81.503026,single_family,3.0,2.0,1778.0,8756.0,1995.0,Inactive,410000,2021-11-10T15:06:18.724Z,273,12.923914877701906
"6119-Metrowest-Blvd,-Unit-108,-Orlando,-FL-32835","6119 Metrowest Blvd, Unit 108, Orlando, FL 32835",6119 Metrowest Blvd,Unit 108,Orlando,FL,32835,Orange County,28.515966,-81.463898,condo,4.0,3.0,1868.0,8756.0,1995.0,Inactive,279000,2020-10-29T14:31:53.138Z,650,12.53897064502647
"212-Grove-St,-Orlando,-FL-32835","212 Grove St, Orlando, FL 32835",212 Grove St,,Orlando,FL,32835,Orange County,28.543168,-81.497396,single_family,3.0,2.0,1113.0,8756.0,1995.0,Inactive,257000,2021-12-07T13:19:40.581Z,246,12.456835254920371
"34-S-Hart-Blvd,-Orlando,-FL-32835","34 S Hart Blvd, Orlando, FL 32835",34 S Hart Blvd,,Orlando,FL,32835,Orange County,28.540002,-81.470464,single_family,3.0,1.0,822.0,8756.0,1995.0,Inactive,189000,2021-12-28T09:12:33.812Z,225,12.149507585033072
"6010-Westgate-Dr,-Apt-102,-Orlando,-FL-32835","6010 Westgate Dr, Apt 102, Orlando, FL 32835",6010 Westgate Dr,Apt 102,Orlando,FL,32835,Orange County,28.53065,-81.465391,condo,2.0,2.0,991.0,8756.0,1995.0,Inactive,165000,2020-12-24T11:04:00.904Z,594,12.013706813470414
"1701-Cheltenborough-Dr,-Orlando,-FL-32835","1701 Cheltenborough Dr, Orlando, FL 32835",1701 Cheltenborough Dr,,Orlando,FL,32835,Orange County,28.522116,-81.501489,single_family,6.0,3.0,3848.0,8756.0,1995.0,Inactive,525000,2021-04-18T14:56:51.764Z,479,13.171155446333852
"127-N-Buena-Vista-Ave,-Orlando,-FL-32835","127 N Buena Vista Ave, Orlando, FL 32835",127 N Buena Vista Ave,,Orlando,FL,32835,Orange County,28.543752,-81.468983,single_family,3.0,2.0,1654.0,8756.0,1995.0,Inactive,339000,2021-04-18T13:59:28.285Z,479,12.733758336210744
"6491-Daysbrook-Dr,-Unit-101,-Orlando,-FL-32835","6491 Daysbrook Dr, Unit 101, Orlando, FL 32835",6491 Daysbrook Dr,Unit 101,Orlando,FL,32835,Orange County,28.505724,-81.469273,condo,3.0,2.5,1665.0,8756.0,1995.0,Inactive,288000,2021-12-16T13:53:12.268Z,237,12.570719231334277
"7147-Yacht-Basin-Ave,-Unit-1,-Orlando,-FL-32835","7147 Yacht Basin Ave, Unit 1, Orlando, FL 32835",7147 Yacht Basin Ave,Unit 1,Orlando,FL,32835,Orange County,28.513265,-81.485006,condo,3.0,2.0,1408.0,8756.0,1995.0,Inactive,245000,2021-12-21T12:25:12.662Z,232,12.409017571151187
"6029-Westgate-Dr,-Apt-725,-Orlando,-FL-32835","6029 Westgate Dr, Apt 725, Orlando, FL 32835",6029 Westgate Dr,Apt 725,Orlando,FL,32835,Orange County,28.533833,-81.465412,condo,1.0,1.0,713.0,8756.0,1995.0,Inactive,143900,2021-12-14T09:32:12.880Z,239,11.87688084212164
"6521-Fairway-Hill-Ct,-Orlando,-FL-32835","6521 Fairway Hill Ct, Orlando, FL 32835",6521 Fairway Hill Ct,,Orlando,FL,32835,Orange County,28.528723,-81.475546,single_family,4.0,3.0,2906.0,8756.0,1995.0,Inactive,629900,2021-09-17T16:00:30.893Z,327,13.35331794316234
"7193-Harbor-Heights-Cir,-Orlando,-FL-32835","7193 Harbor Heights Cir, Orlando, FL 32835",7193 Harbor Heights Cir,,Orlando,FL,32835,Orange County,28.538949,-81.477616,single_family,3.0,2.0,1705.0,8756.0,1995.0,Inactive,265000,2021-12-27T13:38:23.589Z,226,12.487488878546145
"120-S-Normandale-Ave,-Orlando,-FL-32835","120 S Normandale Ave, Orlando, FL 32835",120 S Normandale Ave,,Orlando,FL,32835,Orange County,28.538883,-81.46063,single_family,3.0,2.5,1794.0,8756.0,1995.0,Inactive,256900,2021-07-19T15:50:40.278Z,387,12.456446075655599
"3344-Corona-Village-Way,-Apt-302,-Orlando,-FL-32835","3344 Corona Village Way, Apt 302, Orlando, FL 32835",3344 Corona Village Way,Apt 302,Orlando,FL,32835,Orange County,28.507904,-81.475451,condo,3.0,2.0,1260.0,8756.0,1995.0,Inactive,214900,2021-08-12T16:58:22.769Z,363,12.277932735946903
"6532-Piccadilly-Ln,-Orlando,-FL-32835","6532 Piccadilly Ln, Orlando, FL 32835",6532 Piccadilly Ln,,Orlando,FL,32835,Orange County,28.530435,-81.473851,single_family,4.0,2.5,1886.0,8756.0,1995.0,Inactive,392200,2021-10-16T15:27:05.922Z,298,12.879529742460663
"6462-Daysbrooke-St,-Orlando,-FL-32835","6462 Daysbrooke St, Orlando, FL 32835",6462 Daysbrooke St,,Orlando,FL,32835,Orange County,28.505368,-81.469537,condo,3.0,2.5,1682.0,8756.0,1995.0,Inactive,280000,2021-12-07T13:22:48.590Z,246,12.54254845357358
"3224-Dante-Dr,-Unit-305,-Orlando,-FL-32835","3224 Dante Dr, Unit 305, Orlando, FL 32835",3224 Dante Dr,Unit 305,Orlando,FL,32835,Orange County,28.508624,-81.466881,condo,3.0,2.0,1408.0,8756.0,1995.0,Inactive,215000,2021-11-11T12:29:10.764Z,272,12.278397958261774
"5979-Westgate-Dr,-Apt-1024,-Orlando,-FL-32835","5979 Westgate Dr, Apt 1024, Orlando, FL 32835",5979 Westgate Dr,Apt 1024,Orlando,FL,32835,Orange County,28.533846,-81.464324,condo,3.0,2.0,1308.0,8756.0,1995.0,Inactive,210000,2021-11-24T13:06:35.390Z,259,12.25486757159303
"5933-Uona-Ave,-Orlando,-FL-32835","5933 Uona Ave, Orlando, FL 32835",5933 Uona Ave,,Orlando,FL,32835,Orange County,28.536182,-81.462724,single_family,3.0,1.0,932.0,8756.0,1995.0,Inactive,139900,2021-10-30T07:52:07.969Z,284,11.848690308590857
"6160-Westgate-Dr,-Apt-304,-Orlando,-FL-32835","6160 Westgate Dr, Apt 304, Orlando, FL 32835",6160 Westgate Dr,Apt 304,Orlando,FL,32835,Orange County,28.531026,-81.466646,condo,1.0,1.0,1228.0,8756.0,1995.0,Inactive,140000,2021-12-23T12:55:38.899Z,230,11.849404844423074
"4574-Conroy-Club-Dr,-Orlando,-FL-32835","4574 Conroy Club Dr, Orlando, FL 32835",4574 Conroy Club Dr,,Orlando,FL,32835,Orange County,28.496628,-81.475123,single_family,4.0,3.0,1824.0,8756.0,1995.0,Inactive,417900,2021-11-12T14:34:56.013Z,271,12.94299984135011
"6052-Westgate-Dr,-Apt-202,-Orlando,-FL-32835","6052 Westgate Dr, Apt 202, Orlando, FL 32835",6052 Westgate Dr,Apt 202,Orlando,FL,32835,Orange County,28.532134,-81.464594,condo,2.0,2.0,1285.0,8756.0,1995.0,Inactive,170000,2021-11-28T11:41:39.028Z,255,12.04355959836804
"2652-Robert-Trent-Jones-Dr,-Apt-535,-Orlando,-FL-32835","2652 Robert Trent Jones Dr, Apt 535, Orlando, FL 32835",2652 Robert Trent Jones Dr,Apt 535,Orlando,FL,32835,Orange County,28.514178,-81.47185,condo,1.0,1.0,674.0,8756.0,1995.0,Inactive,135000,2021-10-10T09:33:50.570Z,304,11.813037464800539
"1075-S-Hiawassee-Rd,-Apt-923,-Orlando,-FL-32835","1075 S Hiawassee Rd, Apt 923, Orlando, FL 32835",1075 S Hiawassee Rd,Apt 923,Orlando,FL,32835,Orange County,28.528616,-81.471892,condo,1.0,1.0,627.0,8756.0,1995.0,Inactive,127000,2021-08-31T10:27:05.131Z,344,11.751950239425476
"6613-Crenshaw-Dr,-Orlando,-FL-32835","6613 Crenshaw Dr, Orlando, FL 32835",6613 Crenshaw Dr,,Orlando,FL,32835,Orange County,28.524072,-81.473869,single_family,4.0,2.5,2940.0,8756.0,1995.0,Inactive,675000,2021-11-23T15:01:29.458Z,260,13.42246945133505
"465-Sonoma-Valley-Cir,-Orlando,-FL-32835","465 Sonoma Valley Cir, Orlando, FL 32835",465 Sonoma Valley Cir,,Orlando,FL,32835,Orange County,28.53393,-81.485605,single_family,4.0,2.5,1727.0,8756.0,1995.0,Inactive,399900,2021-11-10T15:04:48.516Z,273,12.89897229545694
"2850-Polvadero-Ln,-Unit-108,-Orlando,-FL-32835","2850 Polvadero Ln, Unit 108, Orlando, FL 32835",2850 Polvadero Ln,Unit 108,Orlando,FL,32835,Orange County,28.513049,-81.467837,condo,3.0,2.5,1665.0,8756.0,1995.0,Inactive,289000,2021-12-05T14:08:26.377Z,248,12.574185427296195
"3314-Robert-Trent-Jones-Dr,-Unit-30401,-Orlando,-FL-32835","3314 Robert Trent Jones Dr, Unit 30401, Orlando, FL 32835",3314 Robert Trent Jones Dr,Unit 30401,Orlando,FL,32835,Orange County,28.506976,-81.470941,condo,3.0,2.0,1447.0,8756.0,1995.0,Inactive,250000,2021-12-30T11:40:07.417Z,223,12.429220196836383
"3280-Soho-St,-Apt-104,-Orlando,-FL-32835","3280 Soho St, Apt 104, Orlando, FL 32835",3280 Soho St,Apt 104,Orlando,FL,32835,Orange County,28.508337,-81.475078,condo,2.0,1.0,1035.0,8756.0,1995.0,Inactive,155000,2021-10-29T11:53:44.497Z,285,11.951186847493476
"8049-Lesia-Cir,-Orlando,-FL-32835","8049 Lesia Cir, Orlando, FL 32835",8049 Lesia Cir,,Orlando,FL,32835,Orange County,28.539717,-81.493804,single_family,3.0,2.0,1461.0,8756.0,1995.0,Inactive,324900,2021-09-25T19:34:59.356Z,318,12.691275799522568
"7340-Westpointe-Blvd,-Apt-323,-Orlando,-FL-32835","7340 Westpointe Blvd, Apt 323, Orlando, FL 32835",7340 Westpointe Blvd,Apt 323,Orlando,FL,32835,Orange County,28.517035,-81.489026,condo,2.0,2.0,1133.0,8756.0,1995.0,Inactive,169900,2021-11-06T13:03:04.927Z,277,12.042971193457888
"2113-Stillington-St,-Orlando,-FL-32835","2113 Stillington St, Orlando, FL 32835",2113 Stillington St,,Orlando,FL,32835,Orange County,28.510045,-81.49459,single_family,4.0,2.5,2769.0,8756.0,1995.0,Inactive,595000,2021-10-26T15:36:31.813Z,288,13.296318365198623
"6084-Stevenson-Dr,-Unit-301,-Orlando,-FL-32835","6084 Stevenson Dr, Unit 301, Orlando, FL 32835",6084 Stevenson Dr,Unit 301,Orlando,FL,32835,Orange County,28.508904,-81.464166,condo,3.0,2.0,1206.0,8756.0,1995.0,Inactive,209990,2021-11-03T12:52:59.027Z,280,12.254819951638355
"7827-Murcott-Cir,-Orlando,-FL-32835","7827 Murcott Cir, Orlando, FL 32835",7827 Murcott Cir,,Orlando,FL,32835,Orange County,28.537587,-81.4892,single_family,4.0,3.0,1792.0,8756.0,1995.0,Inactive,285000,2021-10-16T13:28:40.139Z,298,12.560247968016562
"6549-Fairway-Hill-Ct,-Orlando,-FL-32835","6549 Fairway Hill Ct, Orlando, FL 32835",6549 Fairway Hill Ct,,Orlando,FL,32835,Orange County,28.52767,-81.477287,single_family,4.0,2.0,2378.0,8756.0,1995.0,Inactive,490000,2021-10-23T14:54:12.274Z,291,13.102162710901053
"8165-Saint-Albans-Dr,-Unit-2,-Orlando,-FL-32835","8165 Saint Albans Dr, Unit 2, Orlando, FL 32835",8165 Saint Albans Dr,Unit 2,Orlando,FL,32835,Orange County,28.535356,-81.494943,single_family,4.0,2.0,1738.0,8756.0,1995.0,Inactive,339900,2021-04-18T13:59:28.265Z,479,12.736409677721657
"7767-Murcott-Cir,-Orlando,-FL-32835","7767 Murcott Cir, Orlando, FL 32835",7767 Murcott Cir,,Orlando,FL,32835,Orange County,28.539382,-81.488532,single_family,3.0,2.0,1185.0,8756.0,1995.0,Inactive,270000,2021-10-08T13:14:57.396Z,306,12.506180941677357
"201-N-John-St,-Orlando,-FL-32835","201 N John St, Orlando, FL 32835",201 N John St,,Orlando,FL,32835,Orange County,28.544374,-81.462108,single_family,3.0,1.0,1035.0,8756.0,1995.0,Inactive,165000,2021-10-12T12:42:17.235Z,302,12.013706813470414
"5818-Buford-St,-Orlando,-FL-32835","5818 Buford St, Orlando, FL 32835",5818 Buford St,,Orlando,FL,32835,Orange County,28.507871,-81.461644,single_family,4.0,2.0,1959.0,8756.0,1995.0,Inactive,420000,2021-07-11T15:59:47.599Z,395,12.948012371209098
"7809-Murcott-Cir,-Orlando,-FL-32835","7809 Murcott Cir, Orlando, FL 32835",7809 Murcott Cir,,Orlando,FL,32835,Orange County,28.537801,-81.48852,single_family,3.0,2.0,1679.0,8756.0,1995.0,Inactive,349990,2021-09-19T15:23:10.306Z,325,12.765662718849264
"3582-Shallot-Dr,-Unit-107,-Orlando,-FL-32835","3582 Shallot Dr, Unit 107, Orlando, FL 32835",3582 Shallot Dr,Unit 107,Orlando,FL,32835,Orange County,28.506551,-81.469937,condo,3.0,2.5,1682.0,8756.0,1995.0,Inactive,275500,2021-05-12T12:55:38.932Z,455,12.526346537332584
"6480-Ranelagh-Dr,-Unit-106,-Orlando,-FL-32835","6480 Ranelagh Dr, Unit 106, Orlando, FL 32835",6480 Ranelagh Dr,Unit 106,Orlando,FL,32835,Orange County,28.506122,-81.469386,condo,2.0,2.5,1546.0,8756.0,1995.0,Inactive,255000,2021-09-20T16:46:58.638Z,324,12.449022745701502
"7212-Alston-Ct,-Orlando,-FL-32835","7212 Alston Ct, Orlando, FL 32835",7212 Alston Ct,,Orlando,FL,32835,Orange County,28.5467,-81.482149,condo,3.0,2.5,1374.0,8756.0,1995.0,Inactive,225000,2021-10-01T13:59:11.301Z,313,12.323860125621126
"3224-Dante-Dr,-Unit-110,-Orlando,-FL-32835","3224 Dante Dr, Unit 110, Orlando, FL 32835",3224 Dante Dr,Unit 110,Orlando,FL,32835,Orange County,28.508624,-81.466881,condo,3.0,2.0,1408.0,8756.0,1995.0,Inactive,209900,2021-12-03T10:23:32.532Z,250,12.254391269970792
"6119-Metrowest-Blvd,-Unit-110,-Orlando,-FL-32835","6119 Metrowest Blvd, Unit 110, Orlando, FL 32835",6119 Metrowest Blvd,Unit 110,Orlando,FL,32835,Orange County,28.515993,-81.464044,condo,2.0,2.0,1361.0,8756.0,1995.0,Inactive,205000,2021-11-20T12:58:53.030Z,263,12.230770136157428
"3281-Soho-St,-Apt-204,-Orlando,-FL-32835","3281 Soho St, Apt 204, Orlando, FL 32835",3281 Soho St,Apt 204,Orlando,FL,32835,Orange County,28.508507,-81.474371,condo,1.0,1.0,1092.0,8756.0,1995.0,Inactive,169000,2021-12-02T12:32:34.948Z,251,12.037659911047468
"8112-Windsor-Ridge-Rd,-Orlando,-FL-32835","8112 Windsor Ridge Rd, Orlando, FL 32835",8112 Windsor Ridge Rd,,Orlando,FL,32835,Orange County,28.533063,-81.497217,single_family,4.0,2.0,2210.0,8756.0,1995.0,Inactive,499900,2021-11-16T15:30:27.060Z,267,13.12216535779974
"6177-Metrowest-Blvd,-Unit-308,-Orlando,-FL-32835","6177 Metrowest Blvd, Unit 308, Orlando, FL 32835",6177 Metrowest Blvd,Unit 308,Orlando,FL,32835,Orange County,28.517363,-81.466222,condo,2.0,2.0,1138.0,8756.0,1995.0,Inactive,195000,2021-09-28T11:53:54.225Z,316,12.180759965737863
"7601-Debeaubien-Dr,-Orlando,-FL-32835","7601 Debeaubien Dr, Orlando, FL 32835",7601 Debeaubien Dr,,Orlando,FL,32835,Orange County,28.518558,-81.49521,single_family,5.0,4.5,4860.0,8756.0,1995.0,Inactive,850000,2021-08-31T17:22:04.359Z,344,13.652992804936396
"4504-Woodlands-Village-Dr,-Orlando,-FL-32835","4504 Woodlands Village Dr, Orlando, FL 32835",4504 Woodlands Village Dr,,Orlando,FL,32835,Orange County,28.497159,-81.476171,single_family,4.0,4.0,2815.0,8756.0,1995.0,Inactive,640000,2021-10-20T15:12:49.024Z,294,13.369225017834633
"7628-Pacific-Heights-Cir,-Orlando,-FL-32835","7628 Pacific Heights Cir, Orlando, FL 32835",7628 Pacific Heights Cir,,Orlando,FL,32835,Orange County,28.538524,-81.487284,single_family,3.0,2.0,1221.0,8756.0,1995.0,Inactive,275000,2021-06-16T15:03:25.229Z,420,12.524530013005734
"113-N-Lancelot-Ave,-Orlando,-FL-32835","113 N Lancelot Ave, Orlando, FL 32835",113 N Lancelot Ave,,Orlando,FL,32835,Orange County,28.543125,-81.470911,single_family,2.0,1.0,832.0,8756.0,1995.0,Inactive,259000,2021-12-03T12:03:14.501Z,250,12.464587201678082
"6402-Cava-Alta-Dr,-Unit-405,-Orlando,-FL-32835","6402 Cava Alta Dr, Unit 405, Orlando, FL 32835",6402 Cava Alta Dr,Unit 405,Orlando,FL,32835,Orange County,28.514901,-81.468006,condo,3.0,2.0,1412.0,8756.0,1995.0,Inactive,239000,2021-10-20T11:32:17.095Z,294,12.384223015005313
"7330-Westpointe-Blvd,-Apt-433,-Orlando,-FL-32835","7330 Westpointe Blvd, Apt 433, Orlando, FL 32835",7330 Westpointe Blvd,Apt 433,Orlando,FL,32835,Orange County,28.516597,-81.489907,condo,2.0,2.0,1127.0,8756.0,1995.0,Inactive,160000,2021-10-09T12:34:46.075Z,305,11.982935344196433
"6082-Westgate-Dr,-Apt-201,-Orlando,-FL-32835","6082 Westgate Dr, Apt 201, Orlando, FL 32835",6082 Westgate Dr,Apt 201,Orlando,FL,32835,Orange County,28.532615,-81.466209,condo,2.0,2.0,1422.0,8756.0,1995.0,Inactive,154900,2021-11-10T11:49:47.730Z,273,11.950541482162043
"3246-King-George-Dr,-Orlando,-FL-32835","3246 King George Dr, Orlando, FL 32835",3246 King George Dr,,Orlando,FL,32835,Orange County,28.505647,-81.507015,single_family,4.0,3.5,3756.0,8756.0,1995.0,Inactive,725000,2021-11-11T15:29:53.740Z,272,13.493928313146206
"3045-Capri-Isle-Way,-Orlando,-FL-32835","3045 Capri Isle Way, Orlando, FL 32835",3045 Capri Isle Way,,Orlando,FL,32835,Orange County,28.510874,-81.461389,condo,3.0,2.5,1756.0,8756.0,1995.0,Inactive,315000,2021-10-24T14:48:47.325Z,290,12.660331092405906
"3480-Soho-St,-Apt-207,-Orlando,-FL-32835","3480 Soho St, Apt 207, Orlando, FL 32835",3480 Soho St,Apt 207,Orlando,FL,32835,Orange County,28.506093,-81.472419,condo,2.0,2.0,1107.0,8756.0,1995.0,Inactive,160000,2021-10-20T09:10:01.847Z,294,11.982935344196433
"3368-Parkchester-Square-Blvd,-Apt-101,-Orlando,-FL-32835","3368 Parkchester Square Blvd, Apt 101, Orlando, FL 32835",3368 Parkchester Square Blvd,Apt 101,Orlando,FL,32835,Orange County,28.508052,-81.471595,condo,2.0,2.0,1160.0,8756.0,1995.0,Inactive,160000,2021-11-06T12:52:44.309Z,277,11.982935344196433
"6109-Metrowest-Blvd,-Unit-102,-Orlando,-FL-32835","6109 Metrowest Blvd, Unit 102, Orlando, FL 32835",6109 Metrowest Blvd,Unit 102,Orlando,FL,32835,Orange County,28.51502,-81.464451,condo,2.0,2.0,1386.0,8756.0,1995.0,Inactive,239000,2021-08-19T14:41:55.294Z,356,12.384223015005313
"2532-Robert-Trent-Jones-Dr,-Apt-1513,-Orlando,-FL-32835","2532 Robert Trent Jones Dr, Apt 1513, Orlando, FL 32835",2532 Robert Trent Jones Dr,Apt 1513,Orlando,FL,32835,Orange County,28.515756,-81.471686,condo,2.0,1.0,933.0,8756.0,1995.0,Inactive,169990,2021-09-28T11:32:52.048Z,316,12.043500773454495
"8118-Vineland-Oaks-Blvd,-Orlando,-FL-32835","8118 Vineland Oaks Blvd, Orlando, FL 32835",8118 Vineland Oaks Blvd,,Orlando,FL,32835,Orange County,28.533922,-81.497185,single_family,4.0,3.0,2434.0,8756.0,1995.0,Inactive,480000,2021-11-04T14:49:05.658Z,279,13.081543466215237
"7610-Pacific-Heights-Cir,-Orlando,-FL-32835","7610 Pacific Heights Cir, Orlando, FL 32835",7610 Pacific Heights Cir,,Orlando,FL,32835,Orange County,28.53935,-81.487259,single_family,3.0,2.0,1193.0,8756.0,1995.0,Inactive,260000,2021-11-09T12:43:59.421Z,274,12.468440756144114
"4318-Woodtree-Ln,-Orlando,-FL-32835","4318 Woodtree Ln, Orlando, FL 32835",4318 Woodtree Ln,,Orlando,FL,32835,Orange County,28.500077,-81.482406,single_family,4.0,2.0,2577.0,8756.0,1995.0,Inactive,560000,2021-11-02T15:09:59.706Z,281,13.235693848424024
"4372-Willow-Park-Dr,-Orlando,-FL-32835","4372 Willow Park Dr, Orlando, FL 32835",4372 Willow Park Dr,,Orlando,FL,32835,Orange County,28.499717,-81.502107,single_family,4.0,4.0,3602.0,8756.0,1995.0,Inactive,750000,2021-11-03T15:10:27.057Z,280,13.527829818844937
"4521-Woodlands-Village-Dr,-Orlando,-FL-32835","4521 Woodlands Village Dr, Orlando, FL 32835",4521 Woodlands Village Dr,,Orlando,FL,32835,Orange County,28.496554,-81.477007,single_family,4.0,2.0,2629.0,8756.0,1995.0,Inactive,559900,2021-10-23T14:58:49.385Z,291,13.23551526136861
"3403-Greenwich-Village-Blvd,-Apt-204,-Orlando,-FL-32835","3403 Greenwich Village Blvd, Apt 204, Orlando, FL 32835",3403 Greenwich Village Blvd,Apt 204,Orlando,FL,32835,Orange County,28.507575,-81.471532,condo,2.0,2.0,1256.0,8756.0,1995.0,Inactive,175000,2021-10-22T13:13:02.020Z,292,12.07254696717504
"6601-Cristina-Marie-Dr,-Orlando,-FL-32835","6601 Cristina Marie Dr, Orlando, FL 32835",6601 Cristina Marie Dr,,Orlando,FL,32835,Orange County,28.525435,-81.474235,single_family,4.0,3.0,2502.0,8756.0,1995.0,Inactive,595000,2021-08-31T17:17:29.364Z,344,13.296318365198623
"7330-Cherry-Laurel-Dr,-Orlando,-FL-32835","7330 Cherry Laurel Dr, Orlando, FL 32835",7330 Cherry Laurel Dr,,Orlando,FL,32835,Orange County,28.542427,-81.482463,single_family,3.0,3.0,2496.0,8756.0,1995.0,Inactive,389900,2021-11-14T15:23:02.942Z,269,12.873648139727594
"7714-Cape-Horn-Ct,-Orlando,-FL-32835","7714 Cape Horn Ct, Orlando, FL 32835",7714 Cape Horn Ct,,Orlando,FL,32835,Orange County,28.538542,-81.486937,single_family,3.0,2.5,1485.0,8756.0,1995.0,Inactive,317000,2021-11-04T13:58:35.677Z,279,12.666660207428574
"3446-Soho-St,-Apt-B02,-Orlando,-FL-32835","3446 Soho St, Apt B02, Orlando, FL 32835",3446 Soho St,Apt B02,Orlando,FL,32835,Orange County,28.506751,-81.473445,condo,2.0,2.0,1107.0,8756.0,1995.0,Inactive,169900,2021-09-15T15:38:26.183Z,329,12.042971193457888
"611-Rosegate-Ln,-Orlando,-FL-32835","611 Rosegate Ln, Orlando, FL 32835",611 Rosegate Ln,,Orlando,FL,32835,Orange County,28.533381,-81.507758,single_family,3.0,2.0,1536.0,8756.0,1995.0,Inactive,395000,2021-10-07T15:12:28.404Z,307,12.886643575525625
"6268-Buford-St,-Orlando,-FL-32835","6268 Buford St, Orlando, FL 32835",6268 Buford St,,Orlando,FL,32835,Orange County,28.505921,-81.465857,single_family,4.0,2.0,2039.0,8756.0,1995.0,Inactive,389900,2021-11-12T14:28:47.342Z,271,12.873648139727594
"6336-Buford-St,-Apt-206,-Orlando,-FL-32835","6336 Buford St, Apt 206, Orlando, FL 32835",6336 Buford St,Apt 206,Orlando,FL,32835,Orange County,28.505579,-81.467714,condo,3.0,2.0,1775.0,8756.0,1995.0,Inactive,325000,2021-06-16T15:45:18.703Z,420,12.691583538230217
"3602-Shallot-Dr,-Unit-101,-Orlando,-FL-32835","3602 Shallot Dr, Unit 101, Orlando, FL 32835",3602 Shallot Dr,Unit 101,Orlando,FL,32835,Orange County,28.505905,-81.469763,condo,3.0,2.5,1665.0,8756.0,1995.0,Inactive,280000,2021-10-09T13:40:58.486Z,305,12.54254845357358
"7280-Westpointe-Blvd,-Apt-827,-Orlando,-FL-32835","7280 Westpointe Blvd, Apt 827, Orlando, FL 32835",7280 Westpointe Blvd,Apt 827,Orlando,FL,32835,Orange County,28.516093,-81.489208,condo,3.0,2.0,1466.0,8756.0,1995.0,Inactive,169900,2021-06-16T11:57:16.519Z,420,12.042971193457888
"1107-Palm-Cove-Dr,-Orlando,-FL-32835","1107 Palm Cove Dr, Orlando, FL 32835",1107 Palm Cove Dr,,Orlando,FL,32835,Orange County,28.526491,-81.50324,single_family,4.0,3.0,2927.0,8756.0,1995.0,Inactive,775000,2020-09-29T17:22:50.764Z,680,13.560619598657233
"8213-Lynch-Dr,-Orlando,-FL-32835","8213 Lynch Dr, Orlando, FL 32835",8213 Lynch Dr,,Orlando,FL,32835,Orange County,28.505299,-81.505688,single_family,4.0,3.0,2770.0,8756.0,1995.0,Inactive,650000,2021-09-18T16:08:51.180Z,326,13.384729180332174
"1490-Shelter-Rock-Rd,-Orlando,-FL-32835","1490 Shelter Rock Rd, Orlando, FL 32835",1490 Shelter Rock Rd,,Orlando,FL,32835,Orange County,28.523117,-81.497565,single_family,4.0,3.0,2348.0,8756.0,1995.0,Inactive,445000,2021-09-08T15:21:50.245Z,336,13.005831808336863
"3137-Capri-Isle-Way,-Orlando,-FL-32835","3137 Capri Isle Way, Orlando, FL 32835",3137 Capri Isle Way,,Orlando,FL,32835,Orange County,28.509804,-81.462422,condo,3.0,2.5,1824.0,8756.0,1995.0,Inactive,315000,2021-10-07T14:18:29.434Z,307,12.660331092405906
"6000-Kipling-Ct,-Unit-106,-Orlando,-FL-32835","6000 Kipling Ct, Unit 106, Orlando, FL 32835",6000 Kipling Ct,Unit 106,Orlando,FL,32835,Orange County,28.509781,-81.463994,condo,2.0,2.5,1546.0,8756.0,1995.0,Inactive,280000,2021-10-03T14:43:37.655Z,311,12.54254845357358
"6302-Daysbrook-Dr,-Unit-104,-Orlando,-FL-32835","6302 Daysbrook Dr, Unit 104, Orlando, FL 32835",6302 Daysbrook Dr,Unit 104,Orlando,FL,32835,Orange County,28.505848,-81.468304,condo,3.0,2.5,1682.0,8756.0,1995.0,Inactive,259900,2020-09-21T20:56:35.621Z,687,12.468056068255885
"5926-Rosette-St,-Orlando,-FL-32835","5926 Rosette St, Orlando, FL 32835",5926 Rosette St,,Orlando,FL,32835,Orange County,28.532871,-81.462735,single_family,3.0,1.0,860.0,8756.0,1995.0,Inactive,239999,2021-06-30T12:41:13.313Z,406,12.388394202324129
"7320-Westpointe-Blvd,-Apt-534,-Orlando,-FL-32835","7320 Westpointe Blvd, Apt 534, Orlando, FL 32835",7320 Westpointe Blvd,Apt 534,Orlando,FL,32835,Orange County,28.516687,-81.490265,condo,2.0,1.0,1021.0,8756.0,1995.0,Inactive,143900,2021-11-11T11:37:28.015Z,272,11.87688084212164
"1023-S-Hiawassee-Rd,-Apt-4023,-Orlando,-FL-32835","1023 S Hiawassee Rd, Apt 4023, Orlando, FL 32835",1023 S Hiawassee Rd,Apt 4023,Orlando,FL,32835,Orange County,28.528533,-81.473945,condo,1.0,1.0,627.0,8756.0,1995.0,Inactive,118000,2021-10-26T09:48:00.771Z,288,11.678448377988165
"6523-Piccadilly-Ln,-Orlando,-FL-32835","6523 Piccadilly Ln, Orlando, FL 32835",6523 Piccadilly Ln,,Orlando,FL,32835,Orange County,28.530854,-81.473604,single_family,3.0,2.0,1545.0,8756.0,1995.0,Inactive,325000,2021-10-23T13:15:12.429Z,291,12.691583538230217
"3368-Robert-Trent-Jones-Dr,-Unit-30408,-Orlando,-FL-32835","3368 Robert Trent Jones Dr, Unit 30408, Orlando, FL 32835",3368 Robert Trent Jones Dr,Unit 30408,Orlando,FL,32835,Orange County,28.505045,-81.470331,condo,3.0,2.0,2129.0,8756.0,1995.0,Inactive,306000,2021-11-30T13:32:05.520Z,253,12.631343648903034
"30-N-Buena-Vista-Ave,-Orlando,-FL-32835","30 N Buena Vista Ave, Orlando, FL 32835",30 N Buena Vista Ave,,Orlando,FL,32835,Orange County,28.542353,-81.469445,single_family,3.0,2.0,955.0,8756.0,1995.0,Inactive,215000,2021-11-01T11:15:33.930Z,282,12.278397958261774
"8621-Willow-Kane-Ct,-Orlando,-FL-32835","8621 Willow Kane Ct, Orlando, FL 32835",8621 Willow Kane Ct,,Orlando,FL,32835,Orange County,28.50058,-81.503008,single_family,4.0,2.0,2382.0,8756.0,1995.0,Inactive,575000,2021-10-15T15:27:59.948Z,299,13.26212705890841
"6609-Crenshaw-Dr,-Orlando,-FL-32835","6609 Crenshaw Dr, Orlando, FL 32835",6609 Crenshaw Dr,,Orlando,FL,32835,Orange County,28.524373,-81.473785,single_family,4.0,3.0,2615.0,8756.0,1995.0,Inactive,550000,2021-10-01T15:42:24.283Z,313,13.217675375388819
"6148-Westgate-Dr,-Apt-103,-Orlando,-FL-32835","6148 Westgate Dr, Apt 103, Orlando, FL 32835",6148 Westgate Dr,Apt 103,Orlando,FL,32835,Orange County,28.530582,-81.465872,condo,2.0,2.0,943.0,8756.0,1995.0,Inactive,149900,2020-09-15T20:43:54.469Z,693,11.917730355182513
"6104-Twain-St,-Unit-102,-Orlando,-FL-32835","6104 Twain St, Unit 102, Orlando, FL 32835",6104 Twain St,Unit 102,Orlando,FL,32835,Orange County,28.509584,-81.465023,condo,3.0,2.5,1682.0,8756.0,1995.0,Inactive,280000,2021-10-14T14:43:21.466Z,300,12.54254845357358
"149-Cooper-Ct,-Orlando,-FL-32835","149 Cooper Ct, Orlando, FL 32835",149 Cooper Ct,,Orlando,FL,32835,Orange County,28.542723,-81.472874,single_family,3.0,2.0,1324.0,8756.0,1995.0,Inactive,259000,2021-10-06T13:46:36.287Z,308,12.464587201678082
"3314-Robert-Trent-Jones-Dr,-Unit-31001,-Orlando,-FL-32835","3314 Robert Trent Jones Dr, Unit 31001, Orlando, FL 32835",3314 Robert Trent Jones Dr,Unit 31001,Orlando,FL,32835,Orange County,28.506976,-81.470941,condo,3.0,2.0,1412.0,8756.0,1995.0,Inactive,239000,2021-10-09T12:52:28.625Z,305,12.384223015005313
"1015-S-Hiawassee-Rd,-Apt-3513,-Orlando,-FL-32835","1015 S Hiawassee Rd, Apt 3513, Orlando, FL 32835",1015 S Hiawassee Rd,Apt 3513,Orlando,FL,32835,Orange County,28.529861,-81.473527,condo,1.0,1.0,627.0,8756.0,1995.0,Inactive,119000,2021-08-08T12:44:45.292Z,367,11.686887175419702
"6685-Queens-Borough-Ave,-Apt-204,-Orlando,-FL-32835","6685 Queens Borough Ave, Apt 204, Orlando, FL 32835",6685 Queens Borough Ave,Apt 204,Orlando,FL,32835,Orange County,28.508914,-81.474842,condo,2.0,2.0,1233.0,8756.0,1995.0,Inactive,179500,2021-08-19T14:04:08.545Z,356,12.097936057925594
"7280-Westpointe-Blvd,-Apt-821,-Orlando,-FL-32835","7280 Westpointe Blvd, Apt 821, Orlando, FL 32835",7280 Westpointe Blvd,Apt 821,Orlando,FL,32835,Orange County,28.516093,-81.489208,condo,2.0,2.0,1080.0,8756.0,1995.0,Inactive,145500,2021-08-31T10:45:23.897Z,344,11.8879382384223
"246-Alston-Dr,-Orlando,-FL-32835","246 Alston Dr, Orlando, FL 32835",246 Alston Dr,,Orlando,FL,32835,Orange County,28.544972,-81.48234,condo,3.0,2.5,1417.0,8756.0,1995.0,Inactive,249900,2021-09-28T13:07:33.396Z,316,12.428820118415677
"245-Alston-Dr,-Orlando,-FL-32835","245 Alston Dr, Orlando, FL 32835",245 Alston Dr,,Orlando,FL,32835,Orange County,28.544597,-81.481933,condo,3.0,2.5,1385.0,8756.0,1995.0,Inactive,245000,2021-09-30T12:25:57.576Z,314,12.409017571151187
"6028-Westgate-Dr,-Apt-102,-Orlando,-FL-32835","6028 Westgate Dr, Apt 102, Orlando, FL 32835",6028 Westgate Dr,Apt 102,Orlando,FL,32835,Orange County,28.531565,-81.465218,condo,1.0,1.0,686.0,8756.0,1995.0,Inactive,120000,2021-10-11T08:33:06.672Z,303,11.695255355062795
"6226-Buford-St,-Orlando,-FL-32835","6226 Buford St, Orlando, FL 32835",6226 Buford St,,Orlando,FL,32835,Orange County,28.505901,-81.465358,single_family,4.0,3.5,2511.0,8756.0,1995.0,Inactive,505000,2021-09-29T15:44:31.951Z,315,13.132315688453556
"205-N-Hudson-St,-Orlando,-FL-32835","205 N Hudson St, Orlando, FL 32835",205 N Hudson St,,Orlando,FL,32835,Orange County,28.54452,-81.461072,single_family,3.0,2.0,1308.0,8756.0,1995.0,Inactive,259900,2021-11-04T13:22:47.334Z,279,12.468056068255885
"2600-Robert-Trent-Jones-Dr,-Apt-915,-Orlando,-FL-32835","2600 Robert Trent Jones Dr, Apt 915, Orlando, FL 32835",2600 Robert Trent Jones Dr,Apt 915,Orlando,FL,32835,Orange County,28.513755,-81.472854,condo,1.0,1.0,854.0,8756.0,1995.0,Inactive,144995,2021-10-12T10:38:41.212Z,302,11.884461434815309
"2564-Robert-Trent-Jones-Dr,-Apt-1335,-Orlando,-FL-32835","2564 Robert Trent Jones Dr, Apt 1335, Orlando, FL 32835",2564 Robert Trent Jones Dr,Apt 1335,Orlando,FL,32835,Orange County,28.515843,-81.472902,condo,1.0,1.0,674.0,8756.0,1995.0,Inactive,136000,2021-10-22T10:52:30.254Z,292,11.820417517632333
"116-N-Hudson-St,-Orlando,-FL-32835","116 N Hudson St, Orlando, FL 32835",116 N Hudson St,,Orlando,FL,32835,Orange County,28.543415,-81.461677,single_family,3.0,2.0,1308.0,8756.0,1995.0,Inactive,254000,2021-06-16T14:39:22.480Z,420,12.445093483000798
"1069-S-Hiawassee-Rd,-Apt-1334,-Orlando,-FL-32835","1069 S Hiawassee Rd, Apt 1334, Orlando, FL 32835",1069 S Hiawassee Rd,Apt 1334,Orlando,FL,32835,Orange County,28.529059,-81.470927,condo,1.0,1.0,673.0,8756.0,1995.0,Inactive,120000,2021-11-05T08:04:09.435Z,278,11.695255355062795
"1717-Knotting-Hill-Dr,-Orlando,-FL-32835","1717 Knotting Hill Dr, Orlando, FL 32835",1717 Knotting Hill Dr,,Orlando,FL,32835,Orange County,28.521668,-81.500704,single_family,5.0,3.0,3768.0,8756.0,1995.0,Inactive,549999,2021-09-30T15:30:54.927Z,314,13.217673557208654
"3209-Parkchester-Square-Blvd,-Apt-204,-Orlando,-FL-32835","3209 Parkchester Square Blvd, Apt 204, Orlando, FL 32835",3209 Parkchester Square Blvd,Apt 204,Orlando,FL,32835,Orange County,28.509242,-81.471972,condo,2.0,1.0,1035.0,8756.0,1995.0,Inactive,153000,2020-09-15T19:45:41.629Z,693,11.938199736300925
"1091-S-Hiawassee-Rd,-Apt-222,-Orlando,-FL-32835","1091 S Hiawassee Rd, Apt 222, Orlando, FL 32835",1091 S Hiawassee Rd,Apt 222,Orlando,FL,32835,Orange County,28.527638,-81.472804,condo,2.0,2.0,934.0,8756.0,1995.0,Inactive,147000,2021-09-18T11:46:34.916Z,326,11.898194668458823
"308-N-Normandale-Ave,-Orlando,-FL-32835","308 N Normandale Ave, Orlando, FL 32835",308 N Normandale Ave,,Orlando,FL,32835,Orange County,28.546249,-81.460654,single_family,3.0,2.0,912.0,8756.0,1995.0,Inactive,210000,2021-06-30T11:52:59.799Z,406,12.25486757159303
"6190-Westgate-Dr,-Apt-203,-Orlando,-FL-32835","6190 Westgate Dr, Apt 203, Orlando, FL 32835",6190 Westgate Dr,Apt 203,Orlando,FL,32835,Orange County,28.531378,-81.466749,condo,2.0,2.0,943.0,8756.0,1995.0,Inactive,159900,2020-09-15T19:45:41.610Z,693,11.982310152711182
"6010-Westgate-Dr,-Apt-204,-Orlando,-FL-32835","6010 Westgate Dr, Apt 204, Orlando, FL 32835",6010 Westgate Dr,Apt 204,Orlando,FL,32835,Orange County,28.53065,-81.465391,condo,2.0,2.0,991.0,8756.0,1995.0,Inactive,149999,2021-03-05T10:18:30.322Z,523,11.918390573078392
"7614-Telegraph-Hill-Rd,-Orlando,-FL-32835","7614 Telegraph Hill Rd, Orlando, FL 32835",7614 Telegraph Hill Rd,,Orlando,FL,32835,Orange County,28.535909,-81.487012,single_family,3.0,2.0,1567.0,8756.0,1995.0,Inactive,271500,2021-10-10T12:47:30.059Z,304,12.511721101590597
"6149-Metrowest-Blvd,-Unit-307,-Orlando,-FL-32835","6149 Metrowest Blvd, Unit 307, Orlando, FL 32835",6149 Metrowest Blvd,Unit 307,Orlando,FL,32835,Orange County,28.516427,-81.465746,condo,2.0,2.0,1138.0,8756.0,1995.0,Inactive,189000,2021-09-08T13:12:54.585Z,336,12.149507585033072
"6575-Time-Square-Ave,-Apt-103,-Orlando,-FL-32835","6575 Time Square Ave, Apt 103, Orlando, FL 32835",6575 Time Square Ave,Apt 103,Orlando,FL,32835,Orange County,28.508594,-81.472485,condo,2.0,2.5,1548.0,8756.0,1995.0,Inactive,179500,2021-09-08T13:08:31.177Z,336,12.097936057925594
"330-N-Powers-Dr,-Orlando,-FL-32835","330 N Powers Dr, Orlando, FL 32835",330 N Powers Dr,,Orlando,FL,32835,Orange County,28.546362,-81.467867,single_family,2.0,1.0,959.0,8756.0,1995.0,Inactive,174900,2021-10-05T12:00:09.640Z,309,12.071975378543236
"4598-Conroy-Club-Dr,-Orlando,-FL-32835","4598 Conroy Club Dr, Orlando, FL 32835",4598 Conroy Club Dr,,Orlando,FL,32835,Orange County,28.496353,-81.47512,single_family,3.0,2.0,1558.0,8756.0,1995.0,Inactive,430000,2021-10-29T15:18:51.684Z,285,12.971542813248437
"1941-Westpointe-Cir,-Orlando,-FL-32835","1941 Westpointe Cir, Orlando, FL 32835",1941 Westpointe Cir,,Orlando,FL,32835,Orange County,28.521798,-81.505532,single_family,3.0,2.0,1717.0,8756.0,1995.0,Inactive,360000,2021-09-24T20:18:31.644Z,319,12.793862088206213
"7029-Carlene-Dr,-Orlando,-FL-32835","7029 Carlene Dr, Orlando, FL 32835",7029 Carlene Dr,,Orlando,FL,32835,Orange County,28.532687,-81.477031,single_family,3.0,2.0,2164.0,8756.0,1995.0,Inactive,350000,2021-04-18T14:21:40.787Z,479,12.765691290604371
"3238-Villa-Strada-Way,-Orlando,-FL-32835","3238 Villa Strada Way, Orlando, FL 32835",3238 Villa Strada Way,,Orlando,FL,32835,Orange County,28.50985,-81.461388,condo,3.0,2.5,1756.0,8756.0,1995.0,Inactive,314900,2021-08-31T15:59:38.601Z,344,12.66001358269538
"2525-San-Tecla-St,-Unit-110,-Orlando,-FL-32835","2525 San Tecla St, Unit 110, Orlando, FL 32835",2525 San Tecla St,Unit 110,Orlando,FL,32835,Orange County,28.513415,-81.468376,condo,3.0,2.0,1797.0,8756.0,1995.0,Inactive,245000,2021-04-18T13:19:47.144Z,479,12.409017571151187
"6412-Queens-Borough-Ave,-Apt-304,-Orlando,-FL-32835","6412 Queens Borough Ave, Apt 304, Orlando, FL 32835",6412 Queens Borough Ave,Apt 304,Orlando,FL,32835,Orange County,28.509743,-81.471395,condo,3.0,2.0,1327.0,8756.0,1995.0,Inactive,210000,2021-08-31T13:30:13.351Z,344,12.25486757159303
"140-Grand-Junction-Blvd,-Orlando,-FL-32835","140 Grand Junction Blvd, Orlando, FL 32835",140 Grand Junction Blvd,,Orlando,FL,32835,Orange County,28.543659,-81.47249,single_family,3.0,2.5,1820.0,8756.0,1995.0,Inactive,290000,2021-10-11T13:31:00.973Z,303,12.577639650232573
"6105-Twain-St,-Unit-105,-Orlando,-FL-32835","6105 Twain St, Unit 105, Orlando, FL 32835",6105 Twain St,Unit 105,Orlando,FL,32835,Orange County,28.509909,-81.465337,condo,3.0,2.5,1682.0,8756.0,1995.0,Inactive,274975,2021-10-07T13:43:18.430Z,307,12.52443910011295
"5974-Westgate-Dr,-Apt-304,-Orlando,-FL-32835","5974 Westgate Dr, Apt 304, Orlando, FL 32835",5974 Westgate Dr,Apt 304,Orlando,FL,32835,Orange County,28.530649,-81.463515,condo,3.0,2.0,1515.0,8756.0,1995.0,Inactive,159900,2020-11-19T14:57:29.109Z,629,11.982310152711182
"7910-Canyon-Lake-Cir,-Orlando,-FL-32835","7910 Canyon Lake Cir, Orlando, FL 32835",7910 Canyon Lake Cir,,Orlando,FL,32835,Orange County,28.529033,-81.493747,single_family,4.0,2.5,2660.0,8756.0,1995.0,Inactive,489000,2021-10-12T15:44:06.625Z,302,13.100119813444692
"7209-Black-Bull-Ln,-Orlando,-FL-32835","7209 Black Bull Ln, Orlando, FL 32835",7209 Black Bull Ln,,Orlando,FL,32835,Orange County,28.520916,-81.484066,single_family,3.0,2.5,2485.0,8756.0,1995.0,Inactive,399900,2021-06-25T15:34:17.319Z,411,12.89897229545694
"1081-S-Hiawassee-Rd,-Apt-713,-Orlando,-FL-32835","1081 S Hiawassee Rd, Apt 713, Orlando, FL 32835",1081 S Hiawassee Rd,Apt 713,Orlando,FL,32835,Orange County,28.528024,-81.471523,condo,1.0,1.0,627.0,8756.0,1995.0,Inactive,125990,2021-09-28T08:37:02.539Z,316,11.743965754811045
"406-N-Observatory-Dr,-Orlando,-FL-32835","406 N Observatory Dr, Orlando, FL 32835",406 N Observatory Dr,,Orlando,FL,32835,Orange County,28.547069,-81.468683,single_family,3.0,2.0,1058.0,8756.0,1995.0,Inactive,225000,2021-09-28T12:28:34.711Z,316,12.323860125621126
"6508-Abercrombie-Ct,-Orlando,-FL-32835","6508 Abercrombie Ct, Orlando, FL 32835",6508 Abercrombie Ct,,Orlando,FL,32835,Orange County,28.532334,-81.474038,single_family,3.0,2.0,1535.0,8756.0,1995.0,Inactive,299000,2021-09-22T16:15:42.246Z,322,12.608202196848836
"6658-Chantry-St,-Orlando,-FL-32835","6658 Chantry St, Orlando, FL 32835",6658 Chantry St,,Orlando,FL,32835,Orange County,28.541992,-81.474844,single_family,4.0,3.0,1520.0,8756.0,1995.0,Inactive,285000,2021-09-28T15:53:26.074Z,316,12.560247968016562
"5961-Westgate-Dr,-Apt-2028,-Orlando,-FL-32835","5961 Westgate Dr, Apt 2028, Orlando, FL 32835",5961 Westgate Dr,Apt 2028,Orlando,FL,32835,Orange County,28.532841,-81.464348,condo,2.0,2.0,1344.0,8756.0,1995.0,Inactive,194900,2021-09-29T11:53:37.684Z,315,12.180247016318816
"104-N-Buena-Vista-Ave,-Orlando,-FL-32835","104 N Buena Vista Ave, Orlando, FL 32835",104 N Buena Vista Ave,,Orlando,FL,32835,Orange County,28.542835,-81.469447,single_family,2.0,2.0,1048.0,8756.0,1995.0,Inactive,169900,2021-09-29T11:44:18.159Z,315,12.042971193457888
"7215-Catamaran-Dr,-Orlando,-FL-32835","7215 Catamaran Dr, Orlando, FL 32835",7215 Catamaran Dr,,Orlando,FL,32835,Orange County,28.537696,-81.480062,single_family,3.0,2.0,1326.0,8756.0,1995.0,Inactive,300000,2021-10-30T13:30:11.580Z,284,12.611541086966115
"3561-Bellington-Dr,-Orlando,-FL-32835","3561 Bellington Dr, Orlando, FL 32835",3561 Bellington Dr,,Orlando,FL,32835,Orange County,28.501299,-81.493547,single_family,5.0,4.0,3820.0,8756.0,1995.0,Inactive,764900,2021-10-06T15:46:12.335Z,308,13.547501692669542
"7305-Mardell-Ct,-Orlando,-FL-32835","7305 Mardell Ct, Orlando, FL 32835",7305 Mardell Ct,,Orlando,FL,32835,Orange County,28.507079,-81.487438,single_family,3.0,2.5,1781.0,8756.0,1995.0,Inactive,379900,2021-10-14T15:24:17.840Z,300,12.847665971443902
"6111-Metrowest-Blvd,-Unit-101,-Orlando,-FL-32835","6111 Metrowest Blvd, Unit 101, Orlando, FL 32835",6111 Metrowest Blvd,Unit 101,Orlando,FL,32835,Orange County,28.515718,-81.464491,condo,4.0,3.0,1868.0,8756.0,1995.0,Inactive,275000,2021-09-28T15:45:29.389Z,316,12.524530013005734
"2897-Polvadero-Ln,-Unit-101,-Orlando,-FL-32835","2897 Polvadero Ln, Unit 101, Orlando, FL 32835",2897 Polvadero Ln,Unit 101,Orlando,FL,32835,Orange County,28.512528,-81.467082,condo,3.0,2.5,1665.0,8756.0,1995.0,Inactive,265000,2021-09-24T18:34:25.957Z,319,12.487488878546145
"423-N-Nowell-St,-Orlando,-FL-32835","423 N Nowell St, Orlando, FL 32835",423 N Nowell St,,Orlando,FL,32835,Orange County,28.547358,-81.46318,single_family,4.0,2.5,1440.0,8756.0,1995.0,Inactive,195000,2021-10-14T13:51:33.703Z,300,12.180759965737863
"7230-Westpointe-Blvd,-Apt-1225,-Orlando,-FL-32835","7230 Westpointe Blvd, Apt 1225, Orlando, FL 32835",7230 Westpointe Blvd,Apt 1225,Orlando,FL,32835,Orange County,28.517122,-81.486798,condo,1.0,1.0,842.0,8756.0,1995.0,Inactive,132000,2021-08-19T12:45:28.279Z,356,11.790564777297387
"18-S-Hudson-St,-Orlando,-FL-32835","18 S Hudson St, Orlando, FL 32835",18 S Hudson St,,Orlando,FL,32835,Orange County,28.540663,-81.46167,single_family,3.0,2.0,1122.0,8756.0,1995.0,Inactive,195000,2021-09-29T12:48:56.599Z,315,12.180759965737863
"3925-Winding-Lake-Cir,-Orlando,-FL-32835","3925 Winding Lake Cir, Orlando, FL 32835",3925 Winding Lake Cir,,Orlando,FL,32835,Orange County,28.495302,-81.49217,single_family,4.0,3.0,2223.0,8756.0,1995.0,Inactive,469000,2021-10-20T15:02:51.288Z,294,13.058360179622305
"4549-Sturgeon-Ct,-Orlando,-FL-32835","4549 Sturgeon Ct, Orlando, FL 32835",4549 Sturgeon Ct,,Orlando,FL,32835,Orange County,28.494014,-81.488034,single_family,3.0,2.0,1583.0,8756.0,1995.0,Inactive,350000,2021-08-31T16:16:18.280Z,344,12.765691290604371
"3582-Shallot-Dr,-Unit-103,-Orlando,-FL-32835","3582 Shallot Dr, Unit 103, Orlando, FL 32835",3582 Shallot Dr,Unit 103,Orlando,FL,32835,Orange County,28.506358,-81.469886,condo,2.0,2.5,1546.0,8756.0,1995.0,Inactive,249000,2021-10-01T14:07:03.388Z,313,12.425212191503038
"6466-Cava-Alta-Dr,-Unit-102,-Orlando,-FL-32835","6466 Cava Alta Dr, Unit 102, Orlando, FL 32835",6466 Cava Alta Dr,Unit 102,Orlando,FL,32835,Orange County,28.515211,-81.469163,condo,2.0,2.0,1112.0,8756.0,1995.0,Inactive,185000,2021-08-31T12:58:43.571Z,344,12.128116509451258
"3368-Parkchester-Square-Blvd,-Apt-102,-Orlando,-FL-32835","3368 Parkchester Square Blvd, Apt 102, Orlando, FL 32835",3368 Parkchester Square Blvd,Apt 102,Orlando,FL,32835,Orange County,28.508052,-81.471595,condo,2.0,2.0,1235.0,8756.0,1995.0,Inactive,175000,2021-10-10T10:52:04.786Z,304,12.07254696717504
"8006-Addison-Ct,-Orlando,-FL-32835","8006 Addison Ct, Orlando, FL 32835",8006 Addison Ct,,Orlando,FL,32835,Orange County,28.543271,-81.493383,single_family,4.0,2.0,1970.0,8756.0,1995.0,Inactive,380000,2021-09-24T20:24:19.363Z,319,12.847929163278053
"3522-Shallot-Dr,-Unit-103,-Orlando,-FL-32835","3522 Shallot Dr, Unit 103, Orlando, FL 32835",3522 Shallot Dr,Unit 103,Orlando,FL,32835,Orange County,28.50773,-81.470227,condo,2.0,2.5,1546.0,8756.0,1995.0,Inactive,249900,2021-09-08T13:56:24.316Z,336,12.428820118415677
"3326-Robert-Trent-Jones-Dr,-Unit-20302,-Orlando,-FL-32835","3326 Robert Trent Jones Dr, Unit 20302, Orlando, FL 32835",3326 Robert Trent Jones Dr,Unit 20302,Orlando,FL,32835,Orange County,28.506495,-81.470584,condo,3.0,2.0,1247.0,8756.0,1995.0,Inactive,199900,2021-10-08T11:02:18.082Z,306,12.20557752297723
"6059-Westgate-Dr,-Apt-424,-Orlando,-FL-32835","6059 Westgate Dr, Apt 424, Orlando, FL 32835",6059 Westgate Dr,Apt 424,Orlando,FL,32835,Orange County,28.533773,-81.466227,condo,1.0,1.0,713.0,8756.0,1995.0,Inactive,135000,2020-09-15T19:16:09.138Z,693,11.813037464800539
"2412-Christammy-Ct,-Orlando,-FL-32835","2412 Christammy Ct, Orlando, FL 32835",2412 Christammy Ct,,Orlando,FL,32835,Orange County,28.516288,-81.497567,single_family,4.0,3.0,2639.0,8756.0,1995.0,Inactive,675000,2021-08-31T17:21:37.798Z,343,13.42246945133505
"4564-Winderwood-Cir,-Orlando,-FL-32835","4564 Winderwood Cir, Orlando, FL 32835",4564 Winderwood Cir,,Orlando,FL,32835,Orange County,28.494506,-81.490868,single_family,4.0,3.0,2465.0,8756.0,1995.0,Inactive,499000,2021-09-19T16:52:23.050Z,324,13.120363378739663
"1826-Baillie-Glass-Ln,-Orlando,-FL-32835","1826 Baillie Glass Ln, Orlando, FL 32835",1826 Baillie Glass Ln,,Orlando,FL,32835,Orange County,28.519915,-81.483885,single_family,3.0,2.0,1826.0,8756.0,1995.0,Inactive,428550,2021-09-14T17:43:53.030Z,329,12.968165029774312
"7926-Goldleaf-St,-Orlando,-FL-32835","7926 Goldleaf St, Orlando, FL 32835",7926 Goldleaf St,,Orlando,FL,32835,Orange County,28.532026,-81.494118,single_family,3.0,2.0,1905.0,8756.0,1995.0,Inactive,325000,2021-08-12T19:21:29.822Z,362,12.691583538230217
"6466-Cava-Alta-Dr,-Unit-410,-Orlando,-FL-32835","6466 Cava Alta Dr, Unit 410, Orlando, FL 32835",6466 Cava Alta Dr,Unit 410,Orlando,FL,32835,Orange County,28.514956,-81.469281,condo,3.0,2.0,1412.0,8756.0,1995.0,Inactive,249900,2021-09-19T14:18:48.441Z,325,12.428820118415677
"112-Condor-Rd,-Orlando,-FL-32835","112 Condor Rd, Orlando, FL 32835",112 Condor Rd,,Orlando,FL,32835,Orange County,28.53913,-81.462953,condo,4.0,2.0,1214.0,8756.0,1995.0,Inactive,249000,2021-06-16T14:39:15.481Z,420,12.425212191503038
"6502-Chantry-St,-Orlando,-FL-32835","6502 Chantry St, Orlando, FL 32835",6502 Chantry St,,Orlando,FL,32835,Orange County,28.544192,-81.470834,single_family,3.0,1.0,1073.0,8756.0,1995.0,Inactive,220000,2021-10-12T13:08:17.851Z,302,12.301387370778713
"6004-Westgate-Dr,-Apt-102,-Orlando,-FL-32835","6004 Westgate Dr, Apt 102, Orlando, FL 32835",6004 Westgate Dr,Apt 102,Orlando,FL,32835,Orange County,28.530618,-81.464681,condo,1.0,1.0,566.0,8756.0,1995.0,Inactive,123100,2021-09-18T11:29:39.650Z,326,11.720760435616398
"5992-Westgate-Dr,-Apt-101,-Orlando,-FL-32835","5992 Westgate Dr, Apt 101, Orlando, FL 32835",5992 Westgate Dr,Apt 101,Orlando,FL,32835,Orange County,28.531077,-81.464301,condo,1.0,1.0,686.0,8756.0,1995.0,Inactive,110000,2021-09-21T15:14:32.422Z,323,11.608244735642321
"142-Red-Rose-Cir,-Orlando,-FL-32835","142 Red Rose Cir, Orlando, FL 32835",142 Red Rose Cir,,Orlando,FL,32835,Orange County,28.538696,-81.499396,single_family,4.0,2.0,1745.0,8756.0,1995.0,Inactive,359000,2021-10-17T14:52:51.811Z,297,12.791080452981857
"3446-Soho-St,-Apt-B08,-Orlando,-FL-32835","3446 Soho St, Apt B08, Orlando, FL 32835",3446 Soho St,Apt B08,Orlando,FL,32835,Orange County,28.506751,-81.473445,condo,3.0,2.0,1260.0,8756.0,1995.0,Inactive,179900,2021-10-06T12:15:00.552Z,308,12.100161978566867
"1602-Bardmoor-Hill-Cir,-Orlando,-FL-32835","1602 Bardmoor Hill Cir, Orlando, FL 32835",1602 Bardmoor Hill Cir,,Orlando,FL,32835,Orange County,28.522496,-81.502811,single_family,6.0,3.0,3126.0,8756.0,1995.0,Inactive,495000,2021-05-12T16:26:49.113Z,454,13.112315061750808
"7200-Westpointe-Blvd,-Apt-1525,-Orlando,-FL-32835","7200 Westpointe Blvd, Apt 1525, Orlando, FL 32835",7200 Westpointe Blvd,Apt 1525,Orlando,FL,32835,Orange County,28.515748,-81.485706,condo,1.0,1.0,842.0,8756.0,1995.0,Inactive,139900,2021-09-29T11:06:27.350Z,315,11.848690308590857
"7736-Rollingridge-Ct,-Orlando,-FL-32835","7736 Rollingridge Ct, Orlando, FL 32835",7736 Rollingridge Ct,,Orlando,FL,32835,Orange County,28.523141,-81.489172,single_family,3.0,2.0,1816.0,8756.0,1995.0,Inactive,399000,2021-08-12T19:53:42.366Z,362,12.896719202134523
"6312-Buford-St,-Apt-506,-Orlando,-FL-32835","6312 Buford St, Apt 506, Orlando, FL 32835",6312 Buford St,Apt 506,Orlando,FL,32835,Orange County,28.505589,-81.466656,condo,3.0,2.0,1775.0,8756.0,1995.0,Inactive,335000,2020-09-21T21:59:08.457Z,687,12.721888795877375
"6396-Daysbrook-Dr,-Unit-103,-Orlando,-FL-32835","6396 Daysbrook Dr, Unit 103, Orlando, FL 32835",6396 Daysbrook Dr,Unit 103,Orlando,FL,32835,Orange County,28.505362,-81.469098,condo,2.0,2.5,1546.0,8756.0,1995.0,Inactive,260000,2021-08-12T17:52:33.714Z,362,12.468440756144114
"3406-Soho-St,-Apt-101,-Orlando,-FL-32835","3406 Soho St, Apt 101, Orlando, FL 32835",3406 Soho St,Apt 101,Orlando,FL,32835,Orange County,28.507653,-81.474371,condo,3.0,2.0,1260.0,8756.0,1995.0,Inactive,174900,2021-09-11T12:22:18.725Z,333,12.071975378543236
"5992-Westgate-Dr,-Apt-204,-Orlando,-FL-32835","5992 Westgate Dr, Apt 204, Orlando, FL 32835",5992 Westgate Dr,Apt 204,Orlando,FL,32835,Orange County,28.531077,-81.464301,condo,1.0,1.0,686.0,8756.0,1995.0,Inactive,111000,2021-09-24T16:08:29.943Z,320,11.6172944892629
"116-Condor-Rd,-Orlando,-FL-32835","116 Condor Rd, Orlando, FL 32835",116 Condor Rd,,Orlando,FL,32835,Orange County,28.538848,-81.463109,single_family,4.0,2.0,1300.0,8756.0,1995.0,Inactive,249000,2021-06-16T14:39:15.490Z,420,12.425212191503038
"403-N-Hart-Blvd,-Orlando,-FL-32835","403 N Hart Blvd, Orlando, FL 32835",403 N Hart Blvd,,Orlando,FL,32835,Orange County,28.546871,-81.469838,single_family,3.0,1.0,1073.0,8756.0,1995.0,Inactive,210000,2021-03-04T14:44:52.200Z,524,12.25486757159303
"4539-Village-Wood-Dr,-Orlando,-FL-32835","4539 Village Wood Dr, Orlando, FL 32835",4539 Village Wood Dr,,Orlando,FL,32835,Orange County,28.495834,-81.475541,single_family,4.0,3.0,3111.0,8756.0,1995.0,Inactive,605000,2021-07-19T17:06:29.289Z,386,13.312985389904174
"6040-Westgate-Dr,-Apt-101,-Orlando,-FL-32835","6040 Westgate Dr, Apt 101, Orlando, FL 32835",6040 Westgate Dr,Apt 101,Orlando,FL,32835,Orange County,28.531466,-81.46441,condo,2.0,2.0,991.0,8756.0,1995.0,Inactive,150000,2021-09-09T12:10:32.690Z,335,11.918397239722838
"3000-Us-17-92-Hwy-W,-Lot-4,-Haines-City,-FL-32835","3000 Us 17/92 Hwy W, Lot 4, Haines City, FL 32835",3000 Us 17/92 Hwy W,Lot 4,Haines City,FL,32835,Polk County,28.110443,-81.659723,,2.0,1.5,616.0,8756.0,1995.0,Inactive,24500,2021-09-28T09:51:05.168Z,316,10.106469212026385
"8051-Wellsmere-Cir,-Orlando,-FL-32835","8051 Wellsmere Cir, Orlando, FL 32835",8051 Wellsmere Cir,,Orlando,FL,32835,Orange County,28.534266,-81.492542,single_family,4.0,2.0,1875.0,8756.0,1995.0,Inactive,375000,2021-08-12T19:53:00.527Z,362,12.834683971615659
"6010-W-Robinson-St,-Orlando,-FL-32835","6010 W Robinson St, Orlando, FL 32835",6010 W Robinson St,,Orlando,FL,32835,Orange County,28.544757,-81.464121,single_family,4.0,2.0,1314.0,8756.0,1995.0,Inactive,270000,2021-08-19T16:30:47.010Z,355,12.506180941677357
"6178-Westgate-Dr,-Apt-301,-Orlando,-FL-32835","6178 Westgate Dr, Apt 301, Orlando, FL 32835",6178 Westgate Dr,Apt 301,Orlando,FL,32835,Orange County,28.530951,-81.467234,condo,1.0,1.0,1228.0,8756.0,1995.0,Inactive,127900,2021-08-31T10:27:05.108Z,344,11.759011806144656
"7820-Cowan-Ct,-Orlando,-FL-32835","7820 Cowan Ct, Orlando, FL 32835",7820 Cowan Ct,,Orlando,FL,32835,Orange County,28.498698,-81.488801,single_family,4.0,2.0,2725.0,8756.0,1995.0,Inactive,596000,2021-08-19T18:28:00.778Z,355,13.297997623898429
"1812-Westpointe-Cir,-Orlando,-FL-32835","1812 Westpointe Cir, Orlando, FL 32835",1812 Westpointe Cir,,Orlando,FL,32835,Orange County,28.520985,-81.504071,single_family,3.0,2.0,1633.0,8756.0,1995.0,Inactive,339900,2021-09-08T14:51:42.781Z,336,12.736409677721657
"6033-Westgate-Dr,-Apt-621,-Orlando,-FL-32835","6033 Westgate Dr, Apt 621, Orlando, FL 32835",6033 Westgate Dr,Apt 621,Orlando,FL,32835,Orange County,28.533289,-81.465616,condo,3.0,2.0,1308.0,8756.0,1995.0,Inactive,199000,2021-08-31T13:27:00.076Z,344,12.201065128819632
"871-Beach-Breeze-Dr,-Orlando,-FL-32835","871 Beach Breeze Dr, Orlando, FL 32835",871 Beach Breeze Dr,,Orlando,FL,32835,Orange County,28.530633,-81.477389,single_family,3.0,2.0,1509.0,8756.0,1995.0,Inactive,275000,2021-08-31T15:47:43.269Z,344,12.524530013005734
"6201-Goethe-St,-Unit-106,-Orlando,-FL-32835","6201 Goethe St, Unit 106, Orlando, FL 32835",6201 Goethe St,Unit 106,Orlando,FL,32835,Orange County,28.510393,-81.466038,condo,2.0,2.5,1546.0,8756.0,1995.0,Inactive,240000,2021-08-31T15:03:25.563Z,344,12.388398368982115
"3351-Greenwich-Village-Blvd,-Apt-202,-Orlando,-FL-32835","3351 Greenwich Village Blvd, Apt 202, Orlando, FL 32835",3351 Greenwich Village Blvd,Apt 202,Orlando,FL,32835,Orange County,28.507881,-81.471859,condo,2.0,2.0,1430.0,8756.0,1995.0,Inactive,187000,2020-09-15T21:47:22.437Z,693,12.138869243416009
"2572-Robert-Trent-Jones-Dr,-Apt-1234,-Orlando,-FL-32835","2572 Robert Trent Jones Dr, Apt 1234, Orlando, FL 32835",2572 Robert Trent Jones Dr,Apt 1234,Orlando,FL,32835,Orange County,28.515236,-81.472972,condo,1.0,1.0,674.0,8756.0,1995.0,Inactive,139900,2021-09-21T16:17:46.751Z,322,11.848690308590857
"8057-Wellsmere-Cir,-Orlando,-FL-32835","8057 Wellsmere Cir, Orlando, FL 32835",8057 Wellsmere Cir,,Orlando,FL,32835,Orange County,28.534493,-81.492569,single_family,4.0,2.5,2553.0,8756.0,1995.0,Inactive,415000,2021-09-10T15:37:53.835Z,334,12.936036208848487
"447-Sonoma-Valley-Cir,-Orlando,-FL-32835","447 Sonoma Valley Cir, Orlando, FL 32835",447 Sonoma Valley Cir,,Orlando,FL,32835,Orange County,28.534375,-81.484498,single_family,4.0,2.5,1727.0,8756.0,1995.0,Inactive,370000,2021-09-18T15:14:50.960Z,326,12.821260987319457
"5951-W-Central-Blvd,-Orlando,-FL-32835","5951 W Central Blvd, Orlando, FL 32835",5951 W Central Blvd,,Orlando,FL,32835,Orange County,28.541481,-81.462692,single_family,3.0,3.0,1488.0,8756.0,1995.0,Inactive,297000,2021-06-16T15:36:50.278Z,420,12.601490784782536
"3151-Sinclair-St,-Unit-106,-Orlando,-FL-32835","3151 Sinclair St, Unit 106, Orlando, FL 32835",3151 Sinclair St,Unit 106,Orlando,FL,32835,Orange County,28.509834,-81.466759,condo,2.0,2.5,1546.0,8756.0,1995.0,Inactive,255000,2021-08-31T15:35:08.262Z,344,12.449022745701502
"119-Grand-Junction-Blvd,-Orlando,-FL-32835","119 Grand Junction Blvd, Orlando, FL 32835",119 Grand Junction Blvd,,Orlando,FL,32835,Orange County,28.542686,-81.471925,single_family,3.0,2.0,1324.0,8756.0,1995.0,Inactive,250000,2021-09-12T16:07:36.818Z,331,12.429220196836383
"3344-Robert-Trent-Jones-Dr,-Unit-407,-Orlando,-FL-32835","3344 Robert Trent Jones Dr, Unit 407, Orlando, FL 32835",3344 Robert Trent Jones Dr,Unit 407,Orlando,FL,32835,Orange County,28.506387,-81.471562,condo,2.0,2.0,1112.0,8756.0,1995.0,Inactive,200000,2021-09-14T15:27:13.851Z,330,12.206077645517674
"3428-Soho-St,-Apt-208,-Orlando,-FL-32835","3428 Soho St, Apt 208, Orlando, FL 32835",3428 Soho St,Apt 208,Orlando,FL,32835,Orange County,28.507121,-81.473932,condo,3.0,2.0,1387.0,8756.0,1995.0,Inactive,165000,2021-09-23T14:23:51.583Z,321,12.013706813470414
"8431-Island-Palm-Cir,-Orlando,-FL-32835","8431 Island Palm Cir, Orlando, FL 32835",8431 Island Palm Cir,,Orlando,FL,32835,Orange County,28.524353,-81.500943,single_family,4.0,2.5,2514.0,8756.0,1995.0,Inactive,489999,2021-09-09T15:37:40.312Z,335,13.102160670086809
"8220-Wellsmere-Cir,-Orlando,-FL-32835","8220 Wellsmere Cir, Orlando, FL 32835",8220 Wellsmere Cir,,Orlando,FL,32835,Orange County,28.536702,-81.496169,single_family,4.0,2.0,1777.0,8756.0,1995.0,Inactive,416900,2021-09-08T15:07:03.971Z,336,12.940604062522764
"642-Berks-Ct,-Orlando,-FL-32835","642 Berks Ct, Orlando, FL 32835",642 Berks Ct,,Orlando,FL,32835,Orange County,28.532747,-81.472278,single_family,3.0,2.0,1796.0,8756.0,1995.0,Inactive,334999,2021-08-31T16:03:57.855Z,343,12.721885810807203
"46-Grand-Junction-Blvd,-Orlando,-FL-32835","46 Grand Junction Blvd, Orlando, FL 32835",46 Grand Junction Blvd,,Orlando,FL,32835,Orange County,28.542064,-81.472962,single_family,3.0,2.0,1324.0,8756.0,1995.0,Inactive,245000,2021-08-08T14:53:07.915Z,367,12.409017571151187
"6755-Fernridge-Dr,-Orlando,-FL-32835","6755 Fernridge Dr, Orlando, FL 32835",6755 Fernridge Dr,,Orlando,FL,32835,Orange County,28.495803,-81.473862,single_family,4.0,3.0,1820.0,8756.0,1995.0,Inactive,434900,2021-09-12T15:38:09.348Z,332,12.982873697962253
"7444-Herricks-Loop,-Orlando,-FL-32835","7444 Herricks Loop, Orlando, FL 32835",7444 Herricks Loop,,Orlando,FL,32835,Orange County,28.542769,-81.484321,single_family,3.0,2.5,1782.0,8756.0,1995.0,Inactive,362000,2021-08-31T16:20:04.068Z,343,12.799402253235032
"3250-Corona-Village-Way,-Apt-203,-Orlando,-FL-32835","3250 Corona Village Way, Apt 203, Orlando, FL 32835",3250 Corona Village Way,Apt 203,Orlando,FL,32835,Orange County,28.508577,-81.475708,condo,1.0,1.0,945.0,8756.0,1995.0,Inactive,124900,2021-08-19T10:58:47.845Z,356,11.735276702486741
"239-Alston-Dr,-Orlando,-FL-32835","239 Alston Dr, Orlando, FL 32835",239 Alston Dr,,Orlando,FL,32835,Orange County,28.54443,-81.482098,condo,2.0,2.0,1007.0,8756.0,1995.0,Inactive,199500,2021-08-31T13:27:00.085Z,344,12.20357452783082
"7340-Westpointe-Blvd,-Apt-332,-Orlando,-FL-32835","7340 Westpointe Blvd, Apt 332, Orlando, FL 32835",7340 Westpointe Blvd,Apt 332,Orlando,FL,32835,Orange County,28.517035,-81.489026,condo,1.0,1.0,842.0,8756.0,1995.0,Inactive,127500,2021-02-05T11:47:09.329Z,551,11.755879486687116
"6412-Queens-Borough-Ave,-Apt-41-201,-Orlando,-FL-32835","6412 Queens Borough Ave, Apt 41-201, Orlando, FL 32835",6412 Queens Borough Ave,Apt 41-201,Orlando,FL,32835,Orange County,28.509743,-81.471395,condo,3.0,2.0,1260.0,8756.0,1995.0,Inactive,179900,2021-06-16T12:10:11.960Z,420,12.100161978566867
"3281-Soho-St,-Apt-202,-Orlando,-FL-32835","3281 Soho St, Apt 202, Orlando, FL 32835",3281 Soho St,Apt 202,Orlando,FL,32835,Orange County,28.508507,-81.474371,condo,1.0,1.0,1092.0,8756.0,1995.0,Inactive,142000,2021-06-16T11:32:03.993Z,420,11.863589378812122
"8027-Canyon-Lake-Cir,-Orlando,-FL-32835","8027 Canyon Lake Cir, Orlando, FL 32835",8027 Canyon Lake Cir,,Orlando,FL,32835,Orange County,28.526664,-81.494857,single_family,4.0,2.0,2547.0,8756.0,1995.0,Inactive,397000,2021-02-11T14:41:14.260Z,545,12.891694078557842
"3362-Robert-Trent-Jones-Dr,-Unit-10707,-Orlando,-FL-32835","3362 Robert Trent Jones Dr, Unit 10707, Orlando, FL 32835",3362 Robert Trent Jones Dr,Unit 10707,Orlando,FL,32835,Orange County,28.505047,-81.471515,condo,3.0,2.0,2129.0,8756.0,1995.0,Inactive,299500,2020-09-21T22:57:25.898Z,687,12.60987303543023
"7306-Woodknot-Ct,-Orlando,-FL-32835","7306 Woodknot Ct, Orlando, FL 32835",7306 Woodknot Ct,,Orlando,FL,32835,Orange County,28.49472,-81.480775,single_family,4.0,4.0,3684.0,8756.0,1995.0,Inactive,670000,2020-12-18T18:11:16.370Z,599,13.415034483903348
"7639-Torino-Ct,-Orlando,-FL-32835","7639 Torino Ct, Orlando, FL 32835",7639 Torino Ct,,Orlando,FL,32835,Orange County,28.519783,-81.496356,single_family,4.0,2.5,2692.0,8756.0,1995.0,Inactive,509900,2021-09-09T15:50:45.391Z,334,13.141971868210181
"1077-Summer-Lakes-Dr,-Orlando,-FL-32835","1077 Summer Lakes Dr, Orlando, FL 32835",1077 Summer Lakes Dr,,Orlando,FL,32835,Orange County,28.535866,-81.486189,single_family,4.0,2.5,1718.0,8756.0,1995.0,Inactive,330000,2021-09-25T19:34:19.499Z,318,12.706850963741102
"7311-Tallowtree-Ln,-Orlando,-FL-32835","7311 Tallowtree Ln, Orlando, FL 32835",7311 Tallowtree Ln,,Orlando,FL,32835,Orange County,28.543783,-81.482156,single_family,3.0,2.0,1912.0,8756.0,1995.0,Inactive,329900,2021-08-12T19:25:52.614Z,362,12.706547888433661
"3362-Robert-Trent-Jones-Dr,-Unit-20207,-Orlando,-FL-32835","3362 Robert Trent Jones Dr, Unit 20207, Orlando, FL 32835",3362 Robert Trent Jones Dr,Unit 20207,Orlando,FL,32835,Orange County,28.505047,-81.471515,condo,3.0,2.0,1962.0,8756.0,1995.0,Inactive,289900,2021-09-15T17:25:35.523Z,328,12.57729476436913
"6076-Westgate-Dr,-Apt-203,-Orlando,-FL-32835","6076 Westgate Dr, Apt 203, Orlando, FL 32835",6076 Westgate Dr,Apt 203,Orlando,FL,32835,Orange County,28.532627,-81.465772,condo,2.0,1.0,1342.0,8756.0,1995.0,Inactive,160000,2021-02-11T11:14:38.033Z,545,11.982935344196433
"6428-Raleigh-St,-Apt-3311,-Orlando,-FL-32835","6428 Raleigh St, Apt 3311, Orlando, FL 32835",6428 Raleigh St,Apt 3311,Orlando,FL,32835,Orange County,28.52661,-81.467786,condo,1.0,1.0,991.0,8756.0,1995.0,Inactive,152000,2021-09-09T12:10:32.691Z,335,11.931642378754141
"3338-Robert-Trent-Jones-Dr,-Unit-410,-Orlando,-FL-32835","3338 Robert Trent Jones Dr, Unit 410, Orlando, FL 32835",3338 Robert Trent Jones Dr,Unit 410,Orlando,FL,32835,Orange County,28.509077,-81.470135,condo,3.0,2.0,1412.0,8756.0,1995.0,Inactive,224900,2021-09-08T13:44:50.243Z,336,12.323415584358154
"7980-Canyon-Lake-Cir,-Orlando,-FL-32835","7980 Canyon Lake Cir, Orlando, FL 32835",7980 Canyon Lake Cir,,Orlando,FL,32835,Orange County,28.528385,-81.495251,single_family,4.0,3.0,2255.0,8756.0,1995.0,Inactive,450000,2021-08-31T16:40:32.872Z,343,13.017005083966255
"3368-Robert-Trent-Jones-Dr,-Unit-20708,-Orlando,-FL-32835","3368 Robert Trent Jones Dr, Unit 20708, Orlando, FL 32835",3368 Robert Trent Jones Dr,Unit 20708,Orlando,FL,32835,Orange County,28.505045,-81.470331,condo,3.0,2.0,2129.0,8756.0,1995.0,Inactive,285000,2021-05-12T14:32:35.921Z,455,12.560247968016562
"3332-Robert-Trent-Jones-Dr,-Unit-310,-Orlando,-FL-32835","3332 Robert Trent Jones Dr, Unit 310, Orlando, FL 32835",3332 Robert Trent Jones Dr,Unit 310,Orlando,FL,32835,Orange County,28.50581,-81.470444,condo,3.0,2.0,1412.0,8756.0,1995.0,Inactive,215000,2021-09-08T13:27:19.940Z,336,12.278397958261774
"2460-Lielasus-Dr,-Orlando,-FL-32835","2460 Lielasus Dr, Orlando, FL 32835",2460 Lielasus Dr,,Orlando,FL,32835,Orange County,28.515086,-81.497345,single_family,4.0,3.0,2679.0,8756.0,1995.0,Inactive,518000,2020-12-04T05:07:18.329Z,614,13.157732451741687
"104-N-John-St,-Orlando,-FL-32835","104 N John St, Orlando, FL 32835",104 N John St,,Orlando,FL,32835,Orange County,28.542856,-81.462696,single_family,3.0,2.0,1252.0,8756.0,1995.0,Inactive,235000,2021-08-19T15:02:37.321Z,356,12.367345048436391
"3314-Robert-Trent-Jones-Dr,-Unit-20101,-Orlando,-FL-32835","3314 Robert Trent Jones Dr, Unit 20101, Orlando, FL 32835",3314 Robert Trent Jones Dr,Unit 20101,Orlando,FL,32835,Orange County,28.506976,-81.470941,condo,3.0,2.0,1247.0,8756.0,1995.0,Inactive,225000,2021-08-31T13:30:13.337Z,344,12.323860125621126
"6682-Time-Square-Ave,-Apt-105,-Orlando,-FL-32835","6682 Time Square Ave, Apt 105, Orlando, FL 32835",6682 Time Square Ave,Apt 105,Orlando,FL,32835,Orange County,28.507511,-81.473658,condo,3.0,2.5,1634.0,8756.0,1995.0,Inactive,205000,2021-06-16T13:00:19.487Z,420,12.230770136157428
"7931-Bridgestone-Dr,-Orlando,-FL-32835","7931 Bridgestone Dr, Orlando, FL 32835",7931 Bridgestone Dr,,Orlando,FL,32835,Orange County,28.526302,-81.492427,single_family,4.0,2.0,2105.0,8756.0,1995.0,Inactive,439900,2021-08-31T16:34:59.857Z,343,12.994304980578146
"7340-Westpointe-Blvd,-Apt-327,-Orlando,-FL-32835","7340 Westpointe Blvd, Apt 327, Orlando, FL 32835",7340 Westpointe Blvd,Apt 327,Orlando,FL,32835,Orange County,28.517035,-81.489026,condo,3.0,2.0,1466.0,8756.0,1995.0,Inactive,179999,2021-09-08T13:08:31.181Z,336,12.100712129872347
"2668-Robert-Trent-Jones-Dr,-Apt-415,-Orlando,-FL-32835","2668 Robert Trent Jones Dr, Apt 415, Orlando, FL 32835",2668 Robert Trent Jones Dr,Apt 415,Orlando,FL,32835,Orange County,28.513559,-81.471681,condo,1.0,1.0,854.0,8756.0,1995.0,Inactive,138900,2021-08-08T12:46:06.217Z,367,11.841516728140565
"39-S-Observatory-Dr,-Orlando,-FL-32835","39 S Observatory Dr, Orlando, FL 32835",39 S Observatory Dr,,Orlando,FL,32835,Orange County,28.5399,-81.467867,single_family,3.0,2.0,984.0,8756.0,1995.0,Inactive,207500,2021-07-11T14:12:03.393Z,395,12.242891437918386
"7240-Westpointe-Blvd,-Apt-1121,-Orlando,-FL-32835","7240 Westpointe Blvd, Apt 1121, Orlando, FL 32835",7240 Westpointe Blvd,Apt 1121,Orlando,FL,32835,Orange County,28.517271,-81.487546,condo,2.0,2.0,1080.0,8756.0,1995.0,Inactive,179990,2021-05-16T11:26:17.834Z,451,12.100662128622306
"6160-Westgate-Dr,-Apt-103,-Orlando,-FL-32835","6160 Westgate Dr, Apt 103, Orlando, FL 32835",6160 Westgate Dr,Apt 103,Orlando,FL,32835,Orange County,28.531026,-81.466646,condo,1.0,1.0,722.0,8756.0,1995.0,Inactive,135000,2021-08-31T10:27:05.577Z,344,11.813037464800539
"6368-Raleigh-St,-Apt-1804,-Orlando,-FL-32835","6368 Raleigh St, Apt 1804, Orlando, FL 32835",6368 Raleigh St,Apt 1804,Orlando,FL,32835,Orange County,28.525339,-81.469264,condo,1.0,1.0,794.0,8756.0,1995.0,Inactive,129000,2021-02-11T10:56:15.801Z,545,11.767575435251748
"6160-Westgate-Dr,-Apt-204,-Orlando,-FL-32835","6160 Westgate Dr, Apt 204, Orlando, FL 32835",6160 Westgate Dr,Apt 204,Orlando,FL,32835,Orange County,28.531026,-81.466646,condo,1.0,1.0,722.0,8756.0,1995.0,Inactive,119900,2021-05-12T09:31:25.733Z,455,11.694421681264394
"527-S-Observatory-Dr,-Orlando,-FL-32835","527 S Observatory Dr, Orlando, FL 32835",527 S Observatory Dr,,Orlando,FL,32835,Orange County,28.5342,-81.467763,single_family,3.0,1.0,1390.0,8756.0,1995.0,Inactive,210000,2021-08-19T14:26:32.486Z,356,12.25486757159303
"3226-Greenwich-Village-Blvd,-Apt-101,-Orlando,-FL-32835","3226 Greenwich Village Blvd, Apt 101, Orlando, FL 32835",3226 Greenwich Village Blvd,Apt 101,Orlando,FL,32835,Orange County,28.508578,-81.473071,condo,1.0,1.0,885.0,8756.0,1995.0,Inactive,132000,2021-08-19T12:45:28.279Z,356,11.790564777297387
"8419-Island-Palm-Cir,-Orlando,-FL-32835","8419 Island Palm Cir, Orlando, FL 32835",8419 Island Palm Cir,,Orlando,FL,32835,Seminole County,28.524378,-81.50159,single_family,4.0,2.5,2311.0,8756.0,1995.0,Inactive,489000,2021-08-19T18:20:47.547Z,355,13.100119813444692
"7210-Westpointe-Blvd,-Apt-1310,-Orlando,-FL-32835","7210 Westpointe Blvd, Apt 1310, Orlando, FL 32835",7210 Westpointe Blvd,Apt 1310,Orlando,FL,32835,Orange County,28.516808,-81.48638,condo,3.0,2.0,1423.0,8756.0,1995.0,Inactive,159000,2021-08-08T12:55:24.539Z,367,11.976665770490767
"3314-Robert-Trent-Jones-Dr,-Unit-20501,-Orlando,-FL-32835","3314 Robert Trent Jones Dr, Unit 20501, Orlando, FL 32835",3314 Robert Trent Jones Dr,Unit 20501,Orlando,FL,32835,Orange County,28.509014,-81.470099,condo,3.0,2.0,1412.0,8756.0,1995.0,Inactive,195000,2021-08-08T13:07:39.276Z,367,12.180759965737863
"6413-Astor-Village-Ave,-Apt-101,-Orlando,-FL-32835","6413 Astor Village Ave, Apt 101, Orlando, FL 32835",6413 Astor Village Ave,Apt 101,Orlando,FL,32835,Orange County,28.508921,-81.470718,condo,3.0,2.0,1260.0,8756.0,1995.0,Inactive,185000,2021-08-08T12:59:15.545Z,367,12.128116509451258
"3250-Corona-Village-Way,-Apt-307,-Orlando,-FL-32835","3250 Corona Village Way, Apt 307, Orlando, FL 32835",3250 Corona Village Way,Apt 307,Orlando,FL,32835,Orange County,28.508577,-81.475708,condo,3.0,2.0,1260.0,8756.0,1995.0,Inactive,179500,2021-06-29T11:59:37.858Z,407,12.097936057925594
"6466-Cava-Alta-Dr,-Unit-310,-Orlando,-FL-32835","6466 Cava Alta Dr, Unit 310, Orlando, FL 32835",6466 Cava Alta Dr,Unit 310,Orlando,FL,32835,Orange County,28.514956,-81.469281,condo,3.0,2.0,1412.0,8756.0,1995.0,Inactive,199950,2021-08-31T13:27:00.520Z,344,12.20582761551277
"7746-Debeaubien-Dr,-Orlando,-FL-32835","7746 Debeaubien Dr, Orlando, FL 32835",7746 Debeaubien Dr,,Orlando,FL,32835,Orange County,28.517265,-81.498418,single_family,4.0,3.0,2950.0,8756.0,1995.0,Inactive,569900,2021-08-19T18:26:46.505Z,355,13.253217940515357
"7123-Yacht-Basin-Ave,-Unit-3,-Orlando,-FL-32835","7123 Yacht Basin Ave, Unit 3, Orlando, FL 32835",7123 Yacht Basin Ave,Unit 3,Orlando,FL,32835,Orange County,28.513276,-81.484112,condo,3.0,2.0,1206.0,8756.0,1995.0,Inactive,230000,2020-11-16T12:30:05.153Z,632,12.345838935721968
"8254-Lexington-View-Ln,-Orlando,-FL-32835","8254 Lexington View Ln, Orlando, FL 32835",8254 Lexington View Ln,,Orlando,FL,32835,Orange County,28.530933,-81.499895,single_family,4.0,2.5,2127.0,8756.0,1995.0,Inactive,460000,2021-08-31T16:40:33.026Z,343,13.038983942375959
"7135-Yacht-Basin-Ave,-Unit-2,-Orlando,-FL-32835","7135 Yacht Basin Ave, Unit 2, Orlando, FL 32835",7135 Yacht Basin Ave,Unit 2,Orlando,FL,32835,Orange County,28.512783,-81.484826,condo,3.0,2.0,1408.0,8756.0,1995.0,Inactive,225100,2021-09-18T12:58:23.347Z,326,12.324304469354969
"6635-Time-Square-Ave,-Apt-101,-Orlando,-FL-32835","6635 Time Square Ave, Apt 101, Orlando, FL 32835",6635 Time Square Ave,Apt 101,Orlando,FL,32835,Orange County,28.508159,-81.473158,condo,3.0,2.5,1634.0,8756.0,1995.0,Inactive,199000,2021-06-16T14:07:02.474Z,420,12.201065128819632
"3332-Robert-Trent-Jones-Dr,-Unit-10503,-Orlando,-FL-32835","3332 Robert Trent Jones Dr, Unit 10503, Orlando, FL 32835",3332 Robert Trent Jones Dr,Unit 10503,Orlando,FL,32835,Orange County,28.505906,-81.470596,condo,3.0,2.0,1412.0,8756.0,1995.0,Inactive,189000,2021-08-08T13:07:39.248Z,367,12.149507585033072
"3224-Dante-Dr,-Unit-107,-Orlando,-FL-32835","3224 Dante Dr, Unit 107, Orlando, FL 32835",3224 Dante Dr,Unit 107,Orlando,FL,32835,Orange County,28.508624,-81.466881,condo,2.0,2.0,1050.0,8756.0,1995.0,Inactive,160000,2021-08-12T16:25:28.215Z,362,11.982935344196433
"6166-Westgate-Dr,-Apt-204,-Orlando,-FL-32835","6166 Westgate Dr, Apt 204, Orlando, FL 32835",6166 Westgate Dr,Apt 204,Orlando,FL,32835,Orange County,28.530554,-81.466903,condo,2.0,2.0,943.0,8756.0,1995.0,Inactive,145000,2021-07-19T12:24:43.025Z,387,11.884495917930655
"6210-Twain-St,-Unit-104,-Orlando,-FL-32835","6210 Twain St, Unit 104, Orlando, FL 32835",6210 Twain St,Unit 104,Orlando,FL,32835,Orange County,28.509436,-81.465948,condo,3.0,2.5,1682.0,8756.0,1995.0,Inactive,259900,2021-08-08T14:59:36.680Z,366,12.468056068255885
"6352-Raleigh-St,-Apt-1411,-Orlando,-FL-32835","6352 Raleigh St, Apt 1411, Orlando, FL 32835",6352 Raleigh St,Apt 1411,Orlando,FL,32835,Orange County,28.526024,-81.469437,condo,1.0,1.0,991.0,8756.0,1995.0,Inactive,150000,2021-06-16T11:32:04.000Z,420,11.918397239722838
"7340-Westpointe-Blvd,-Apt-335,-Orlando,-FL-32835","7340 Westpointe Blvd, Apt 335, Orlando, FL 32835",7340 Westpointe Blvd,Apt 335,Orlando,FL,32835,Orange County,28.517035,-81.489026,condo,1.0,1.0,842.0,8756.0,1995.0,Inactive,125000,2021-05-16T12:27:54.263Z,451,11.736077016252437
"1801-Verde-Way,-Orlando,-FL-32835","1801 Verde Way, Orlando, FL 32835",1801 Verde Way,,Orlando,FL,32835,Orange County,28.521106,-81.495175,single_family,5.0,3.5,2768.0,8756.0,1995.0,Inactive,495000,2021-02-22T16:36:58.965Z,533,13.112315061750808
"2624-Robert-Trent-Jones-Dr,-Apt-635,-Orlando,-FL-32835","2624 Robert Trent Jones Dr, Apt 635, Orlando, FL 32835",2624 Robert Trent Jones Dr,Apt 635,Orlando,FL,32835,Orange County,28.514909,-81.471648,condo,2.0,1.0,933.0,8756.0,1995.0,Inactive,154900,2021-08-08T12:55:24.527Z,366,11.950541482162043
"7338-Cherry-Laurel-Dr,-Orlando,-FL-32835","7338 Cherry Laurel Dr, Orlando, FL 32835",7338 Cherry Laurel Dr,,Orlando,FL,32835,Orange County,28.542569,-81.48264,single_family,3.0,2.0,1547.0,8756.0,1995.0,Inactive,289500,2021-08-19T16:43:40.819Z,355,12.575914030220655
"6070-Westgate-Dr,-Apt-104,-Orlando,-FL-32835","6070 Westgate Dr, Apt 104, Orlando, FL 32835",6070 Westgate Dr,Apt 104,Orlando,FL,32835,Orange County,28.532633,-81.465402,condo,1.0,1.0,686.0,8756.0,1995.0,Inactive,119900,2021-04-18T10:38:55.683Z,478,11.694421681264394
"6004-Westgate-Dr,-Apt-104,-Orlando,-FL-32835","6004 Westgate Dr, Apt 104, Orlando, FL 32835",6004 Westgate Dr,Apt 104,Orlando,FL,32835,Orange County,28.530618,-81.464681,condo,1.0,1.0,566.0,8756.0,1995.0,Inactive,119900,2021-08-08T11:58:26.081Z,366,11.694421681264394
"3223-King-George-Dr,-Orlando,-FL-32835","3223 King George Dr, Orlando, FL 32835",3223 King George Dr,,Orlando,FL,32835,Orange County,28.505726,-81.508044,single_family,4.0,4.0,3747.0,8756.0,1995.0,Inactive,670000,2021-08-19T18:28:07.694Z,355,13.415034483903348
"4461-Winderwood-Cir,-Orlando,-FL-32835","4461 Winderwood Cir, Orlando, FL 32835",4461 Winderwood Cir,,Orlando,FL,32835,Orange County,28.497142,-81.490422,single_family,4.0,3.0,2287.0,8756.0,1995.0,Inactive,466000,2021-06-16T16:15:50.526Z,419,13.051943059028227
"7217-Jaffery-Ct,-Orlando,-FL-32835","7217 Jaffery Ct, Orlando, FL 32835",7217 Jaffery Ct,,Orlando,FL,32835,Orange County,28.513445,-81.488966,single_family,4.0,2.5,2630.0,8756.0,1995.0,Inactive,429000,2021-08-19T17:37:16.306Z,355,12.969214528909768
"6466-Cava-Alta-Dr,-Unit-309,-Orlando,-FL-32835","6466 Cava Alta Dr, Unit 309, Orlando, FL 32835",6466 Cava Alta Dr,Unit 309,Orlando,FL,32835,Orange County,28.515008,-81.469374,condo,3.0,2.0,1447.0,8756.0,1995.0,Inactive,199000,2021-06-16T13:00:19.431Z,419,12.201065128819632
"6659-Time-Square-Ave,-Apt-105,-Orlando,-FL-32835","6659 Time Square Ave, Apt 105, Orlando, FL 32835",6659 Time Square Ave,Apt 105,Orlando,FL,32835,Orange County,28.507934,-81.473531,condo,3.0,2.5,1634.0,8756.0,1995.0,Inactive,195000,2021-08-08T13:55:40.015Z,366,12.180759965737863
"7926-Horse-Ferry-Rd,-Orlando,-FL-32835","7926 Horse Ferry Rd, Orlando, FL 32835",7926 Horse Ferry Rd,,Orlando,FL,32835,Orange County,28.504732,-81.500311,single_family,5.0,4.0,3835.0,8756.0,1995.0,Inactive,695000,2021-08-19T18:28:07.721Z,355,13.451668563394815
"1100-Cirrus-Ct,-Orlando,-FL-32835","1100 Cirrus Ct, Orlando, FL 32835",1100 Cirrus Ct,,Orlando,FL,32835,Orange County,28.52891,-81.494628,single_family,4.0,3.0,2283.0,8756.0,1995.0,Inactive,450000,2021-07-11T16:21:31.873Z,394,13.017005083966255
"6392-Miramonte-Dr,-Unit-105,-Orlando,-FL-32835","6392 Miramonte Dr, Unit 105, Orlando, FL 32835",6392 Miramonte Dr,Unit 105,Orlando,FL,32835,Orange County,28.509072,-81.469549,condo,3.0,2.5,2010.0,8756.0,1995.0,Inactive,315000,2021-08-12T19:21:25.317Z,362,12.660331092405906
"8132-Wellsmere-Cir,-Orlando,-FL-32835","8132 Wellsmere Cir, Orlando, FL 32835",8132 Wellsmere Cir,,Orlando,FL,32835,Orange County,28.536706,-81.493349,single_family,4.0,2.0,1829.0,8756.0,1995.0,Inactive,345000,2021-07-19T16:34:21.021Z,386,12.75130259456002
"810-Grand-Cayman-Ct,-Orlando,-FL-32835","810 Grand Cayman Ct, Orlando, FL 32835",810 Grand Cayman Ct,,Orlando,FL,32835,Orange County,28.531117,-81.476503,single_family,3.0,2.0,1421.0,8756.0,1995.0,Inactive,300000,2021-08-19T16:51:51.307Z,355,12.611541086966115
"3383-Westchester-Square-Blvd,-Apt-205,-Orlando,-FL-32835","3383 Westchester Square Blvd, Apt 205, Orlando, FL 32835",3383 Westchester Square Blvd,Apt 205,Orlando,FL,32835,Orange County,28.507426,-81.472527,condo,1.0,1.0,658.0,8756.0,1995.0,Inactive,139900,2021-04-09T11:36:32.936Z,487,11.848690308590857
"661-Rosemere-Cir,-Orlando,-FL-32835","661 Rosemere Cir, Orlando, FL 32835",661 Rosemere Cir,,Orlando,FL,32835,Orange County,28.531608,-81.508014,single_family,3.0,2.0,1841.0,8756.0,1995.0,Inactive,394900,2021-08-12T19:53:42.341Z,361,12.88639037955819
"6384-Raleigh-St,-Apt-2212,-Orlando,-FL-32835","6384 Raleigh St, Apt 2212, Orlando, FL 32835",6384 Raleigh St,Apt 2212,Orlando,FL,32835,Orange County,28.525116,-81.468297,condo,2.0,2.0,1248.0,8756.0,1995.0,Inactive,185000,2021-08-08T13:07:39.241Z,366,12.128116509451258
"8321-Vintage-Dr,-Orlando,-FL-32835","8321 Vintage Dr, Orlando, FL 32835",8321 Vintage Dr,,Orlando,FL,32835,Orange County,28.496872,-81.497508,single_family,5.0,3.5,3749.0,8756.0,1995.0,Inactive,810000,2021-07-19T17:16:40.797Z,386,13.60479076121576
"3553-Bellington-Dr,-Orlando,-FL-32835","3553 Bellington Dr, Orlando, FL 32835",3553 Bellington Dr,,Orlando,FL,32835,Orange County,28.501604,-81.493462,single_family,5.0,4.0,3539.0,8756.0,1995.0,Inactive,700000,2021-08-19T18:28:42.711Z,355,13.45883704259595
"7209-Branchtree-Dr,-Orlando,-FL-32835","7209 Branchtree Dr, Orlando, FL 32835",7209 Branchtree Dr,,Orlando,FL,32835,Orange County,28.497331,-81.479709,single_family,4.0,3.0,2729.0,8756.0,1995.0,Inactive,540000,2021-06-24T15:27:16.650Z,411,13.199326270390594
"7205-Hawksnest-Blvd,-Orlando,-FL-32835","7205 Hawksnest Blvd, Orlando, FL 32835",7205 Hawksnest Blvd,,Orlando,FL,32835,Orange County,28.519455,-81.484463,single_family,3.0,2.5,2366.0,8756.0,1995.0,Inactive,479900,2021-07-19T17:00:06.304Z,386,13.081335111611617
"8113-Chelsworth-Dr,-Orlando,-FL-32835","8113 Chelsworth Dr, Orlando, FL 32835",8113 Chelsworth Dr,,Orlando,FL,32835,Orange County,28.536338,-81.493582,single_family,4.0,2.0,1716.0,8756.0,1995.0,Inactive,415000,2021-07-11T15:59:47.604Z,394,12.936036208848487
"6296-Buford-St,-Orlando,-FL-32835","6296 Buford St, Orlando, FL 32835",6296 Buford St,,Orlando,FL,32835,Orange County,28.50592,-81.466169,single_family,3.0,2.0,2039.0,8756.0,1995.0,Inactive,399000,2021-08-12T19:53:42.364Z,361,12.896719202134523
"7207-Harbor-Heights-Cir,-Orlando,-FL-32835","7207 Harbor Heights Cir, Orlando, FL 32835",7207 Harbor Heights Cir,,Orlando,FL,32835,Orange County,28.53902,-81.478267,condo,3.0,2.0,1224.0,8756.0,1995.0,Inactive,215000,2021-08-08T13:57:31.777Z,366,12.278397958261774
"313-Lucile-Way,-Orlando,-FL-32835","313 Lucile Way, Orlando, FL 32835",313 Lucile Way,,Orlando,FL,32835,Orange County,28.53609,-81.47459,single_family,2.0,2.0,1145.0,8756.0,1995.0,Inactive,199000,2021-06-16T14:12:38.697Z,419,12.201065128819632
"7147-Yacht-Basin-Ave,-Apt-117,-Orlando,-FL-32835","7147 Yacht Basin Ave, Apt 117, Orlando, FL 32835",7147 Yacht Basin Ave,Apt 117,Orlando,FL,32835,Orange County,28.513265,-81.485005,condo,3.0,2.0,1206.0,8756.0,1995.0,Inactive,189000,2021-08-19T14:04:08.565Z,355,12.149507585033072
"6016-Westgate-Dr,-Apt-102,-Orlando,-FL-32835","6016 Westgate Dr, Apt 102, Orlando, FL 32835",6016 Westgate Dr,Apt 102,Orlando,FL,32835,Orange County,28.531215,-81.465369,condo,2.0,2.0,991.0,8756.0,1995.0,Inactive,154900,2021-08-08T12:55:24.530Z,366,11.950541482162043
"1083-S-Hiawassee-Rd,-Apt-613,-Orlando,-FL-32835","1083 S Hiawassee Rd, Apt 613, Orlando, FL 32835",1083 S Hiawassee Rd,Apt 613,Orlando,FL,32835,Orange County,28.528113,-81.472196,condo,1.0,1.0,673.0,8756.0,1995.0,Inactive,105000,2021-08-08T11:58:26.050Z,366,11.561725152903833
"7762-Blue-Quail-Ln,-Orlando,-FL-32835","7762 Blue Quail Ln, Orlando, FL 32835",7762 Blue Quail Ln,,Orlando,FL,32835,Orange County,28.513565,-81.505237,single_family,4.0,4.0,3493.0,8756.0,1995.0,Inactive,1100000,2021-07-11T16:44:50.809Z,394,13.910821646859095
"3355-King-George-Dr,-Orlando,-FL-32835","3355 King George Dr, Orlando, FL 32835",3355 King George Dr,,Orlando,FL,32835,Orange County,28.505185,-81.50459,single_family,4.0,3.5,3330.0,8756.0,1995.0,Inactive,639000,2021-07-19T17:06:29.299Z,386,13.367661298303675
"1448-Shelter-Rock-Rd,-Orlando,-FL-32835","1448 Shelter Rock Rd, Orlando, FL 32835",1448 Shelter Rock Rd,,Orlando,FL,32835,Orange County,28.523117,-81.499337,single_family,4.0,3.5,2962.0,8756.0,1995.0,Inactive,499000,2021-06-16T16:19:18.211Z,419,13.120363378739663
"2721-Jaffery-Dr,-Orlando,-FL-32835","2721 Jaffery Dr, Orlando, FL 32835",2721 Jaffery Dr,,Orlando,FL,32835,Orange County,28.513276,-81.488121,single_family,4.0,3.0,2332.0,8756.0,1995.0,Inactive,414900,2021-07-01T14:25:24.240Z,404,12.935795216537384
"1016-Nin-St,-Orlando,-FL-32835","1016 Nin St, Orlando, FL 32835",1016 Nin St,,Orlando,FL,32835,Orange County,28.533243,-81.48779,single_family,3.0,2.0,1846.0,8756.0,1995.0,Inactive,359970,2021-08-12T19:41:34.838Z,361,12.793778751631963
"6540-Piccadilly-Ln,-Orlando,-FL-32835","6540 Piccadilly Ln, Orlando, FL 32835",6540 Piccadilly Ln,,Orlando,FL,32835,Orange County,28.530443,-81.474041,single_family,3.0,2.0,1446.0,8756.0,1995.0,Inactive,314900,2021-08-12T19:19:01.269Z,361,12.66001358269538
"6336-Buford-St,-Apt-207,-Orlando,-FL-32835","6336 Buford St, Apt 207, Orlando, FL 32835",6336 Buford St,Apt 207,Orlando,FL,32835,Orange County,28.505579,-81.467714,condo,3.0,2.5,2260.0,8756.0,1995.0,Inactive,310000,2021-06-25T14:25:41.442Z,410,12.644330802262578
"3362-Robert-Trent-Jones-Dr,-Unit-30407,-Orlando,-FL-32835","3362 Robert Trent Jones Dr, Unit 30407, Orlando, FL 32835",3362 Robert Trent Jones Dr,Unit 30407,Orlando,FL,32835,Orange County,28.505047,-81.471515,condo,3.0,2.0,2129.0,8756.0,1995.0,Inactive,305995,2021-08-12T19:19:01.112Z,361,12.631327308953654
"6481-Piccadilly-Ln,-Orlando,-FL-32835","6481 Piccadilly Ln, Orlando, FL 32835",6481 Piccadilly Ln,,Orlando,FL,32835,Orange County,28.530974,-81.472831,single_family,3.0,2.0,1508.0,8756.0,1995.0,Inactive,305000,2021-07-19T16:14:39.560Z,386,12.628070334272698
"7607-Treasure-Island-Ct,-Orlando,-FL-32835","7607 Treasure Island Ct, Orlando, FL 32835",7607 Treasure Island Ct,,Orlando,FL,32835,Orange County,28.535349,-81.486198,single_family,3.0,2.0,1567.0,8756.0,1995.0,Inactive,295000,2021-07-19T16:13:38.555Z,386,12.59473402514672
"6035-Strada-Isle-Way,-Orlando,-FL-32835","6035 Strada Isle Way, Orlando, FL 32835",6035 Strada Isle Way,,Orlando,FL,32835,Orange County,28.51061,-81.463089,condo,3.0,2.5,1756.0,8756.0,1995.0,Inactive,285000,2021-08-08T15:40:01.123Z,366,12.560247968016562
"7179-Harbor-Heights-Cir,-Orlando,-FL-32835","7179 Harbor Heights Cir, Orlando, FL 32835",7179 Harbor Heights Cir,,Orlando,FL,32835,Orange County,28.538877,-81.476967,condo,3.0,2.0,1216.0,8756.0,1995.0,Inactive,227000,2021-07-11T13:20:03.082Z,394,12.33270970174018
"3314-Robert-Trent-Jones-Dr,-Unit-309,-Orlando,-FL-32835","3314 Robert Trent Jones Dr, Unit 309, Orlando, FL 32835",3314 Robert Trent Jones Dr,Unit 309,Orlando,FL,32835,Orange County,28.506975,-81.470941,condo,2.0,2.0,1447.0,8756.0,1995.0,Inactive,215000,2021-06-25T13:43:17.895Z,410,12.278397958261774
"3480-Soho-St,-Apt-B02,-Orlando,-FL-32835","3480 Soho St, Apt B02, Orlando, FL 32835",3480 Soho St,Apt B02,Orlando,FL,32835,Orange County,28.506093,-81.472419,condo,3.0,2.0,1387.0,8756.0,1995.0,Inactive,210000,2020-12-15T14:38:19.751Z,602,12.25486757159303
"6408-Raleigh-St,-Apt-2412,-Orlando,-FL-32835","6408 Raleigh St, Apt 2412, Orlando, FL 32835",6408 Raleigh St,Apt 2412,Orlando,FL,32835,Orange County,28.525883,-81.468592,condo,2.0,2.0,1062.0,8756.0,1995.0,Inactive,174990,2021-07-19T13:05:31.292Z,386,12.072489823011729
"3384-Corona-Village-Way,-Apt-304,-Orlando,-FL-32835","3384 Corona Village Way, Apt 304, Orlando, FL 32835",3384 Corona Village Way,Apt 304,Orlando,FL,32835,Orange County,28.507618,-81.474903,condo,2.0,2.0,1107.0,8756.0,1995.0,Inactive,165000,2021-06-16T11:56:14.783Z,419,12.013706813470414
"6131-Metrowest-Blvd,-Unit-120,-Orlando,-FL-32835","6131 Metrowest Blvd, Unit 120, Orlando, FL 32835",6131 Metrowest Blvd,Unit 120,Orlando,FL,32835,Orange County,28.517147,-81.464532,condo,1.0,1.0,1072.0,8756.0,1995.0,Inactive,161900,2021-07-04T13:37:25.761Z,401,11.994740316298905
"6154-Westgate-Dr,-Apt-102,-Orlando,-FL-32835","6154 Westgate Dr, Apt 102, Orlando, FL 32835",6154 Westgate Dr,Apt 102,Orlando,FL,32835,Orange County,28.530558,-81.466455,condo,1.0,1.0,722.0,8756.0,1995.0,Inactive,130000,2021-07-02T11:41:17.480Z,403,11.775297421715827
"3242-Westchester-Square-Blvd,-Apt-205,-Orlando,-FL-32835","3242 Westchester Square Blvd, Apt 205, Orlando, FL 32835",3242 Westchester Square Blvd,Apt 205,Orlando,FL,32835,Orange County,28.508478,-81.473966,condo,1.0,1.0,658.0,8756.0,1995.0,Inactive,124900,2021-06-16T10:26:00.999Z,419,11.735276702486741
"1063-S-Hiawassee-Rd,-Apt-1626,-Orlando,-FL-32835","1063 S Hiawassee Rd, Apt 1626, Orlando, FL 32835",1063 S Hiawassee Rd,Apt 1626,Orlando,FL,32835,Orange County,28.529244,-81.471502,condo,1.0,1.0,627.0,8756.0,1995.0,Inactive,120000,2021-08-08T12:44:45.286Z,366,11.695255355062795
"6589-Grosvenor-Ln,-Orlando,-FL-32835","6589 Grosvenor Ln, Orlando, FL 32835",6589 Grosvenor Ln,,Orlando,FL,32835,Orange County,28.533743,-81.47492,single_family,3.0,2.0,1575.0,8756.0,1995.0,Inactive,300000,2021-07-01T13:31:10.008Z,404,12.611541086966115
"444-Spinnaker-Dr,-Orlando,-FL-32835","444 Spinnaker Dr, Orlando, FL 32835",444 Spinnaker Dr,,Orlando,FL,32835,Orange County,28.535611,-81.479512,single_family,3.0,2.0,1528.0,8756.0,1995.0,Inactive,267000,2021-08-08T15:19:29.377Z,366,12.495007682693725
"218-Sonoma-Valley-Cir,-Orlando,-FL-32835","218 Sonoma Valley Cir, Orlando, FL 32835",218 Sonoma Valley Cir,,Orlando,FL,32835,Orange County,28.538616,-81.485007,single_family,3.0,2.0,1221.0,8756.0,1995.0,Inactive,263000,2021-05-12T14:30:18.612Z,454,12.479913113434042
"3149-Stowe-St,-Unit-105,-Orlando,-FL-32835","3149 Stowe St, Unit 105, Orlando, FL 32835",3149 Stowe St,Unit 105,Orlando,FL,32835,Orange County,28.509886,-81.466013,condo,3.0,2.5,1682.0,8756.0,1995.0,Inactive,260000,2021-06-16T14:39:22.467Z,419,12.468440756144114
"2838-Villafuerte-Pt,-Unit-104,-Orlando,-FL-32835","2838 Villafuerte Pt, Unit 104, Orlando, FL 32835",2838 Villafuerte Pt,Unit 104,Orlando,FL,32835,Orange County,28.512262,-81.465938,condo,3.0,2.5,1682.0,8756.0,1995.0,Inactive,235000,2021-06-16T14:12:45.964Z,419,12.367345048436391
"508-S-Hart-Blvd,-Orlando,-FL-32835","508 S Hart Blvd, Orlando, FL 32835",508 S Hart Blvd,,Orlando,FL,32835,Orange County,28.534599,-81.470412,single_family,3.0,2.0,1210.0,8756.0,1995.0,Inactive,179999,2021-08-08T12:59:15.526Z,366,12.100712129872347
"3332-Robert-Trent-Jones-Dr,-Unit-40703,-Orlando,-FL-32835","3332 Robert Trent Jones Dr, Unit 40703, Orlando, FL 32835",3332 Robert Trent Jones Dr,Unit 40703,Orlando,FL,32835,Orange County,28.509219,-81.470041,condo,2.0,2.0,1112.0,8756.0,1995.0,Inactive,175000,2021-06-16T11:57:16.526Z,419,12.07254696717504
"1039-S-Hiawassee-Rd,-Apt-2927,-Orlando,-FL-32835","1039 S Hiawassee Rd, Apt 2927, Orlando, FL 32835",1039 S Hiawassee Rd,Apt 2927,Orlando,FL,32835,Orange County,28.530232,-81.472049,condo,2.0,2.0,934.0,8756.0,1995.0,Inactive,155900,2021-07-11T10:49:28.838Z,394,11.956976469393481
"1075-S-Hiawassee-Rd,-Apt-928,-Orlando,-FL-32835","1075 S Hiawassee Rd, Apt 928, Orlando, FL 32835",1075 S Hiawassee Rd,Apt 928,Orlando,FL,32835,Orange County,28.528616,-81.471892,condo,2.0,2.0,836.0,8756.0,1995.0,Inactive,145000,2020-09-23T14:17:11.234Z,685,11.884495917930655
"2598-Robert-Trent-Jones-Dr,-Apt-1014,-Orlando,-FL-32835","2598 Robert Trent Jones Dr, Apt 1014, Orlando, FL 32835",2598 Robert Trent Jones Dr,Apt 1014,Orlando,FL,32835,Orange County,28.514204,-81.472754,condo,1.0,1.0,854.0,8756.0,1995.0,Inactive,129900,2021-08-08T12:44:45.310Z,366,11.774527900858468
"3356-Robert-Trent-Jones-Dr,-Unit-30206,-Orlando,-FL-32835","3356 Robert Trent Jones Dr, Unit 30206, Orlando, FL 32835",3356 Robert Trent Jones Dr,Unit 30206,Orlando,FL,32835,Orange County,28.505534,-81.472185,condo,3.0,2.0,1962.0,8756.0,1995.0,Inactive,285000,2021-06-16T15:04:43.738Z,419,12.560247968016562
"219-Garden-Cove-Ct,-Orlando,-FL-32835","219 Garden Cove Ct, Orlando, FL 32835",219 Garden Cove Ct,,Orlando,FL,32835,Orange County,28.540921,-81.48655,single_family,3.0,2.0,1172.0,8756.0,1995.0,Inactive,250000,2021-07-19T15:50:39.864Z,386,12.429220196836383
"38-Grand-Junction-Blvd,-Orlando,-FL-32835","38 Grand Junction Blvd, Orlando, FL 32835",38 Grand Junction Blvd,,Orlando,FL,32835,Orange County,28.54206,-81.473447,single_family,3.0,2.5,1380.0,8756.0,1995.0,Inactive,240000,2021-07-19T15:17:12.133Z,386,12.388398368982115
"2484-San-Tecla-St,-Unit-404,-Orlando,-FL-32835","2484 San Tecla St, Unit 404, Orlando, FL 32835",2484 San Tecla St,Unit 404,Orlando,FL,32835,Orange County,28.514362,-81.468208,condo,3.0,2.0,1447.0,8756.0,1995.0,Inactive,200000,2021-07-01T11:39:26.663Z,404,12.206077645517674
"3280-Soho-St,-Apt-306,-Orlando,-FL-32835","3280 Soho St, Apt 306, Orlando, FL 32835",3280 Soho St,Apt 306,Orlando,FL,32835,Orange County,28.508337,-81.475078,condo,3.0,2.0,1454.0,8756.0,1995.0,Inactive,175000,2021-06-19T13:24:30.543Z,416,12.07254696717504
"3468-Soho-St,-Apt-106,-Orlando,-FL-32835","3468 Soho St, Apt 106, Orlando, FL 32835",3468 Soho St,Apt 106,Orlando,FL,32835,Orange County,28.506421,-81.472907,condo,1.0,1.0,816.0,8756.0,1995.0,Inactive,130000,2021-07-11T09:02:08.569Z,394,11.775297421715827
"1051-S-Hiawassee-Rd,-Apt-2116,-Orlando,-FL-32835","1051 S Hiawassee Rd, Apt 2116, Orlando, FL 32835",1051 S Hiawassee Rd,Apt 2116,Orlando,FL,32835,Orange County,28.528211,-81.473405,condo,1.0,1.0,627.0,8756.0,1995.0,Inactive,115000,2021-04-20T08:39:29.119Z,476,11.652696102959753
"3544-Bellington-Dr,-Orlando,-FL-32835","3544 Bellington Dr, Orlando, FL 32835",3544 Bellington Dr,,Orlando,FL,32835,Orange County,28.502167,-81.4938,single_family,6.0,5.0,3706.0,8756.0,1995.0,Inactive,749000,2021-07-19T17:14:24.332Z,384,13.52649559761195
"8506-Sunset-Willow-Ct,-Orlando,-FL-32835","8506 Sunset Willow Ct, Orlando, FL 32835",8506 Sunset Willow Ct,,Orlando,FL,32835,Orange County,28.501923,-81.500467,single_family,4.0,4.5,4011.0,8756.0,1995.0,Inactive,725000,2021-06-16T16:30:33.032Z,417,13.493928313146206
"1301-New-Town-Ave,-Orlando,-FL-32835","1301 New Town Ave, Orlando, FL 32835",1301 New Town Ave,,Orlando,FL,32835,Orange County,28.525589,-81.498839,single_family,5.0,3.0,3990.0,8756.0,1995.0,Inactive,650000,2021-06-29T15:49:26.181Z,404,13.384729180332174
"3826-Norbury-Ct,-Orlando,-FL-32835","3826 Norbury Ct, Orlando, FL 32835",3826 Norbury Ct,,Orlando,FL,32835,Orange County,28.497156,-81.493814,single_family,5.0,3.0,2928.0,8756.0,1995.0,Inactive,594500,2021-06-16T16:21:47.451Z,417,13.295477677197345
"1813-Bardmoor-Hill-Cir,-Orlando,-FL-32835","1813 Bardmoor Hill Cir, Orlando, FL 32835",1813 Bardmoor Hill Cir,,Orlando,FL,32835,Orange County,28.520311,-81.49815,single_family,6.0,3.0,3896.0,8756.0,1995.0,Inactive,550000,2021-06-19T15:34:06.851Z,414,13.217675375388819
"8627-French-Oak-Dr,-Orlando,-FL-32835","8627 French Oak Dr, Orlando, FL 32835",8627 French Oak Dr,,Orlando,FL,32835,Orange County,28.499063,-81.503231,single_family,4.0,2.5,2273.0,8756.0,1995.0,Inactive,550000,2021-06-16T16:21:39.216Z,417,13.217675375388819
"1184-Palm-Cove-Dr,-Orlando,-FL-32835","1184 Palm Cove Dr, Orlando, FL 32835",1184 Palm Cove Dr,,Orlando,FL,32835,Orange County,28.524736,-81.502937,single_family,4.0,3.0,2195.0,8756.0,1995.0,Inactive,489000,2021-06-19T15:33:59.170Z,414,13.100119813444692
"4586-Conroy-Club-Dr,-Orlando,-FL-32835","4586 Conroy Club Dr, Orlando, FL 32835",4586 Conroy Club Dr,,Orlando,FL,32835,Orange County,28.49649,-81.475122,single_family,4.0,2.0,2018.0,8756.0,1995.0,Inactive,439000,2021-06-24T15:06:50.164Z,409,12.992256969959042
"1101-Zachary-Way,-Orlando,-FL-32835","1101 Zachary Way, Orlando, FL 32835",1101 Zachary Way,,Orlando,FL,32835,Orange County,28.527235,-81.473902,single_family,4.0,3.0,2472.0,8756.0,1995.0,Inactive,429900,2021-02-11T14:46:48.063Z,542,12.971310228604022
"530-Harbor-Point-Blvd,-Orlando,-FL-32835","530 Harbor Point Blvd, Orlando, FL 32835",530 Harbor Point Blvd,,Orlando,FL,32835,Orange County,28.534261,-81.480177,single_family,3.0,2.0,1712.0,8756.0,1995.0,Inactive,425000,2021-06-19T15:23:26.655Z,414,12.959846800844963
"7800-Bardmoor-Hill-Cir,-Orlando,-FL-32835","7800 Bardmoor Hill Cir, Orlando, FL 32835",7800 Bardmoor Hill Cir,,Orlando,FL,32835,Orange County,28.520575,-81.501001,single_family,4.0,3.0,2355.0,8756.0,1995.0,Inactive,424000,2021-07-03T15:49:01.105Z,400,12.95749109270188
"7225-Black-Bull-Ln,-Orlando,-FL-32835","7225 Black Bull Ln, Orlando, FL 32835",7225 Black Bull Ln,,Orlando,FL,32835,Orange County,28.52091,-81.484759,single_family,3.0,2.5,2411.0,8756.0,1995.0,Inactive,400000,2021-07-19T16:48:42.072Z,384,12.899222326086994
"4335-Winnipeg-Ct,-Orlando,-FL-32835","4335 Winnipeg Ct, Orlando, FL 32835",4335 Winnipeg Ct,,Orlando,FL,32835,Orange County,28.498075,-81.490102,single_family,3.0,2.5,2194.0,8756.0,1995.0,Inactive,398800,2021-06-16T16:02:40.764Z,417,12.896217824589245
"6031-Froggatt-St,-Orlando,-FL-32835","6031 Froggatt St, Orlando, FL 32835",6031 Froggatt St,,Orlando,FL,32835,Orange County,28.507948,-81.464451,single_family,4.0,3.5,2497.0,8756.0,1995.0,Inactive,398000,2020-09-22T01:17:07.162Z,684,12.894209796826232
"8155-Wellsmere-Cir,-Orlando,-FL-32835","8155 Wellsmere Cir, Orlando, FL 32835",8155 Wellsmere Cir,,Orlando,FL,32835,Orange County,28.537207,-81.494652,single_family,4.0,2.0,1871.0,8756.0,1995.0,Inactive,385000,2021-04-18T14:30:20.351Z,476,12.861001210669146
"3385-Flamborough-Dr,-Orlando,-FL-32835","3385 Flamborough Dr, Orlando, FL 32835",3385 Flamborough Dr,,Orlando,FL,32835,Orange County,28.507861,-81.463149,single_family,4.0,2.0,1959.0,8756.0,1995.0,Inactive,355000,2021-05-12T15:27:18.908Z,452,12.779875885354993
"324-Dempsey-Way,-Orlando,-FL-32835","324 Dempsey Way, Orlando, FL 32835",324 Dempsey Way,,Orlando,FL,32835,Orange County,28.538045,-81.494695,single_family,3.0,2.0,1636.0,8756.0,1995.0,Inactive,355000,2021-06-19T14:49:54.935Z,414,12.779875885354993
"6583-Grosvenor-Ln,-Orlando,-FL-32835","6583 Grosvenor Ln, Orlando, FL 32835",6583 Grosvenor Ln,,Orlando,FL,32835,Orange County,28.533744,-81.474733,single_family,3.0,2.0,1487.0,8756.0,1995.0,Inactive,335000,2021-06-26T16:14:29.800Z,407,12.721888795877375
"41-S-Buena-Vista-Ave,-Orlando,-FL-32835","41 S Buena Vista Ave, Orlando, FL 32835",41 S Buena Vista Ave,,Orlando,FL,32835,Orange County,28.539956,-81.468844,single_family,5.0,2.0,1896.0,8756.0,1995.0,Inactive,315000,2021-06-16T15:36:23.196Z,417,12.660331092405906
"7631-Redwood-Country-Rd,-Orlando,-FL-32835","7631 Redwood Country Rd, Orlando, FL 32835",7631 Redwood Country Rd,,Orlando,FL,32835,Orange County,28.53555,-81.487258,single_family,3.0,2.5,1653.0,8756.0,1995.0,Inactive,315000,2021-06-16T15:29:12.233Z,417,12.660331092405906
"7927-Barrowood-St,-Orlando,-FL-32835","7927 Barrowood St, Orlando, FL 32835",7927 Barrowood St,,Orlando,FL,32835,Orange County,28.531662,-81.494117,single_family,3.0,2.0,1312.0,8756.0,1995.0,Inactive,310000,2021-06-16T15:29:08.961Z,417,12.644330802262578
"7207-Skipper-Ct,-Orlando,-FL-32835","7207 Skipper Ct, Orlando, FL 32835",7207 Skipper Ct,,Orlando,FL,32835,Orange County,28.535166,-81.47952,single_family,4.0,2.0,1825.0,8756.0,1995.0,Inactive,299900,2021-06-24T14:30:35.638Z,409,12.611207699176356
"6539-Piccadilly-Ln,-Orlando,-FL-32835","6539 Piccadilly Ln, Orlando, FL 32835",6539 Piccadilly Ln,,Orlando,FL,32835,Orange County,28.53086,-81.473992,single_family,3.0,2.0,1545.0,8756.0,1995.0,Inactive,295000,2021-06-25T14:19:43.896Z,408,12.59473402514672
"116-N-Buena-Vista-Ave,-Orlando,-FL-32835","116 N Buena Vista Ave, Orlando, FL 32835",116 N Buena Vista Ave,,Orlando,FL,32835,Orange County,28.54323,-81.469448,single_family,4.0,1.5,1456.0,8756.0,1995.0,Inactive,279900,2021-06-23T13:56:05.968Z,410,12.5421912482017
"238-Sandpiper-Ridge-Dr,-Orlando,-FL-32835","238 Sandpiper Ridge Dr, Orlando, FL 32835",238 Sandpiper Ridge Dr,,Orlando,FL,32835,Orange County,28.543515,-81.490329,single_family,3.0,2.0,1120.0,8756.0,1995.0,Inactive,269900,2021-06-16T14:42:52.510Z,417,12.505810504075185
"128-N-Lancelot-Ave,-Orlando,-FL-32835","128 N Lancelot Ave, Orlando, FL 32835",128 N Lancelot Ave,,Orlando,FL,32835,Orange County,28.543566,-81.471495,single_family,3.0,2.0,1424.0,8756.0,1995.0,Inactive,254900,2021-07-03T14:31:26.775Z,400,12.448630513463613
"3401-Shallot-Dr,-Unit-105,-Orlando,-FL-32835","3401 Shallot Dr, Unit 105, Orlando, FL 32835",3401 Shallot Dr,Unit 105,Orlando,FL,32835,Orange County,28.507361,-81.468478,condo,3.0,2.5,1682.0,8756.0,1995.0,Inactive,249900,2021-06-16T14:39:15.489Z,417,12.428820118415677
"453-Alston-Dr,-Orlando,-FL-32835","453 Alston Dr, Orlando, FL 32835",453 Alston Dr,,Orlando,FL,32835,Orange County,28.548245,-81.482793,single_family,3.0,2.0,1335.0,8756.0,1995.0,Inactive,249999,2021-06-16T14:39:15.496Z,417,12.429216196844383
"3149-Stowe-St,-Unit-103,-Orlando,-FL-32835","3149 Stowe St, Unit 103, Orlando, FL 32835",3149 Stowe St,Unit 103,Orlando,FL,32835,Orange County,28.509985,-81.466013,condo,2.0,2.5,1546.0,8756.0,1995.0,Inactive,235000,2021-07-03T13:52:56.216Z,400,12.367345048436391
"6009-W-Amelia-St,-Orlando,-FL-32835","6009 W Amelia St, Orlando, FL 32835",6009 W Amelia St,,Orlando,FL,32835,Orange County,28.548828,-81.464018,apartment,4.0,2.0,1736.0,8756.0,1995.0,Inactive,220000,2021-04-18T13:12:58.206Z,476,12.301387370778713
"449-Alston-Dr,-Orlando,-FL-32835","449 Alston Dr, Orlando, FL 32835",449 Alston Dr,,Orlando,FL,32835,Orange County,28.548223,-81.482678,condo,4.0,2.0,1202.0,8756.0,1995.0,Inactive,219999,2021-06-19T13:28:39.526Z,414,12.301382825334498
"447-Alston-Dr,-Orlando,-FL-32835","447 Alston Dr, Orlando, FL 32835",447 Alston Dr,,Orlando,FL,32835,Orange County,28.548217,-81.482562,condo,4.0,2.0,1260.0,8756.0,1995.0,Inactive,219999,2021-06-19T13:28:39.526Z,414,12.301382825334498
"6133-Metrowest-Blvd,-Unit-103,-Orlando,-FL-32835","6133 Metrowest Blvd, Unit 103, Orlando, FL 32835",6133 Metrowest Blvd,Unit 103,Orlando,FL,32835,Orange County,28.51683,-81.464811,condo,2.0,2.0,1386.0,8756.0,1995.0,Inactive,205000,2021-07-19T14:33:17.793Z,384,12.230770136157428
"7147-Yacht-Basin-Ave,-Apt-124,-Orlando,-FL-32835","7147 Yacht Basin Ave, Apt 124, Orlando, FL 32835",7147 Yacht Basin Ave,Apt 124,Orlando,FL,32835,Orange County,28.513265,-81.485006,condo,3.0,2.0,1408.0,8756.0,1995.0,Inactive,200000,2021-06-21T13:47:33.401Z,412,12.206077645517674
"6402-Cava-Alta-Dr,-Unit-210,-Orlando,-FL-32835","6402 Cava Alta Dr, Unit 210, Orlando, FL 32835",6402 Cava Alta Dr,Unit 210,Orlando,FL,32835,Orange County,28.514982,-81.468156,condo,3.0,2.0,1412.0,8756.0,1995.0,Inactive,199000,2020-10-01T11:27:17.175Z,675,12.201065128819632
"3190-Dante-Dr,-Unit-305,-Orlando,-FL-32835","3190 Dante Dr, Unit 305, Orlando, FL 32835",3190 Dante Dr,Unit 305,Orlando,FL,32835,Orange County,28.509208,-81.466884,condo,3.0,2.0,1408.0,8756.0,1995.0,Inactive,195900,2021-04-18T12:05:42.133Z,476,12.18536470856483
"6119-Metrowest-Blvd,-Unit-103,-Orlando,-FL-32835","6119 Metrowest Blvd, Unit 103, Orlando, FL 32835",6119 Metrowest Blvd,Unit 103,Orlando,FL,32835,Orange County,28.515939,-81.464269,condo,2.0,2.0,1361.0,8756.0,1995.0,Inactive,195000,2021-06-16T12:57:48.192Z,417,12.180759965737863
"6685-Queens-Borough-Ave,-Apt-201,-Orlando,-FL-32835","6685 Queens Borough Ave, Apt 201, Orlando, FL 32835",6685 Queens Borough Ave,Apt 201,Orlando,FL,32835,Orange County,28.508914,-81.474842,condo,3.0,2.0,1260.0,8756.0,1995.0,Inactive,185000,2021-06-16T12:10:11.977Z,417,12.128116509451258
"6159-Metrowest-Blvd,-Unit-207,-Orlando,-FL-32835","6159 Metrowest Blvd, Unit 207, Orlando, FL 32835",6159 Metrowest Blvd,Unit 207,Orlando,FL,32835,Orange County,28.515223,-81.466228,condo,2.0,2.0,1138.0,8756.0,1995.0,Inactive,178000,2021-02-11T12:24:14.960Z,542,12.08954444723597
"6177-Metrowest-Blvd,-Unit-206,-Orlando,-FL-32835","6177 Metrowest Blvd, Unit 206, Orlando, FL 32835",6177 Metrowest Blvd,Unit 206,Orlando,FL,32835,Orange County,28.517363,-81.466222,condo,2.0,2.0,1079.0,8756.0,1995.0,Inactive,169000,2021-02-11T12:24:14.957Z,542,12.037659911047468
"6025-Westgate-Dr,-Apt-2517,-Orlando,-FL-32835","6025 Westgate Dr, Apt 2517, Orlando, FL 32835",6025 Westgate Dr,Apt 2517,Orlando,FL,32835,Orange County,28.533275,-81.465169,condo,2.0,2.0,1077.0,8756.0,1995.0,Inactive,165900,2021-06-16T11:56:14.783Z,417,12.019146503887916
"6372-Raleigh-St,-Apt-1902,-Orlando,-FL-32835","6372 Raleigh St, Apt 1902, Orlando, FL 32835",6372 Raleigh St,Apt 1902,Orlando,FL,32835,Orange County,28.525063,-81.469059,condo,2.0,2.0,1051.0,8756.0,1995.0,Inactive,160000,2021-06-19T12:20:46.433Z,414,11.982935344196433
"2586-Robert-Trent-Jones-Dr,-Apt-1111,-Orlando,-FL-32835","2586 Robert Trent Jones Dr, Apt 1111, Orlando, FL 32835",2586 Robert Trent Jones Dr,Apt 1111,Orlando,FL,32835,Orange County,28.514713,-81.472882,condo,2.0,2.0,1150.0,8756.0,1995.0,Inactive,155000,2021-07-02T12:01:18.550Z,401,11.951186847493476
"7200-W-Pointe-Blvd,-Unit-1521,-Orlando,-FL-32835","7200 W Pointe Blvd, Unit 1521, Orlando, FL 32835",7200 W Pointe Blvd,Unit 1521,Orlando,FL,32835,Orange County,28.515748,-81.485706,condo,2.0,2.0,1080.0,8756.0,1995.0,Inactive,150500,2021-03-09T11:25:10.022Z,516,11.921725007667265
"1023-S-Hiawassee-Rd,-Apt-4012,-Orlando,-FL-32835","1023 S Hiawassee Rd, Apt 4012, Orlando, FL 32835",1023 S Hiawassee Rd,Apt 4012,Orlando,FL,32835,Orange County,28.528533,-81.473945,condo,2.0,2.0,934.0,8756.0,1995.0,Inactive,150000,2021-06-20T12:41:01.828Z,413,11.918397239722838
"6627-Queens-Borough-Ave,-Apt-108,-Orlando,-FL-32835","6627 Queens Borough Ave, Apt 108, Orlando, FL 32835",6627 Queens Borough Ave,Apt 108,Orlando,FL,32835,Orange County,28.508927,-81.473582,condo,2.0,2.0,1107.0,8756.0,1995.0,Inactive,145900,2021-02-12T11:48:37.827Z,541,11.890683588496984
"5968-Westgate-Dr,-Apt-201,-Orlando,-FL-32835","5968 Westgate Dr, Apt 201, Orlando, FL 32835",5968 Westgate Dr,Apt 201,Orlando,FL,32835,Orange County,28.531178,-81.463524,condo,2.0,2.0,991.0,8756.0,1995.0,Inactive,145000,2021-06-16T10:31:42.281Z,417,11.884495917930655
"1035-S-Hiawassee-Rd,-Apt-2713,-Orlando,-FL-32835","1035 S Hiawassee Rd, Apt 2713, Orlando, FL 32835",1035 S Hiawassee Rd,Apt 2713,Orlando,FL,32835,Orange County,28.52961,-81.471903,condo,2.0,2.0,829.0,8756.0,1995.0,Inactive,139900,2021-03-14T13:47:17.467Z,511,11.848690308590857
"5980-Westgate-Dr,-Apt-201,-Orlando,-FL-32835","5980 Westgate Dr, Apt 201, Orlando, FL 32835",5980 Westgate Dr,Apt 201,Orlando,FL,32835,Orange County,28.530584,-81.463831,condo,2.0,2.0,991.0,8756.0,1995.0,Inactive,138500,2021-06-16T10:31:42.286Z,417,11.83863282480007
"7200-Westpointe-Blvd,-Apt-1526,-Orlando,-FL-32835","7200 Westpointe Blvd, Apt 1526, Orlando, FL 32835",7200 Westpointe Blvd,Apt 1526,Orlando,FL,32835,Orange County,28.515748,-81.485706,condo,2.0,2.0,1080.0,8756.0,1995.0,Inactive,135000,2020-11-21T11:30:16.973Z,624,11.813037464800539
"6172-Westgate-Dr,-Apt-202,-Orlando,-FL-32835","6172 Westgate Dr, Apt 202, Orlando, FL 32835",6172 Westgate Dr,Apt 202,Orlando,FL,32835,Orange County,28.530625,-81.46731,condo,2.0,2.0,943.0,8756.0,1995.0,Inactive,135000,2021-06-16T10:31:42.286Z,417,11.813037464800539
"1023-S-Hiawassee-Rd,-Apt-4021,-Orlando,-FL-32835","1023 S Hiawassee Rd, Apt 4021, Orlando, FL 32835",1023 S Hiawassee Rd,Apt 4021,Orlando,FL,32835,Orange County,28.528533,-81.473945,condo,2.0,2.0,934.0,8756.0,1995.0,Inactive,130000,2021-07-06T10:04:53.483Z,397,11.775297421715827
"3353-Westchester-Square-Blvd,-Apt-103,-Orlando,-FL-32835","3353 Westchester Square Blvd, Apt 103, Orlando, FL 32835",3353 Westchester Square Blvd,Apt 103,Orlando,FL,32835,Orange County,28.507691,-81.472744,condo,1.0,1.0,885.0,8756.0,1995.0,Inactive,129990,2021-06-16T10:26:00.999Z,417,11.775220496271928
"2612-Robert-Trent-Jones-Dr,-Apt-734,-Orlando,-FL-32835","2612 Robert Trent Jones Dr, Apt 734, Orlando, FL 32835",2612 Robert Trent Jones Dr,Apt 734,Orlando,FL,32835,Orange County,28.515098,-81.472215,condo,1.0,1.0,674.0,8756.0,1995.0,Inactive,130000,2021-06-30T10:26:32.487Z,403,11.775297421715827
"3242-Westchester-Square-Blvd,-Apt-201,-Orlando,-FL-32835","3242 Westchester Square Blvd, Apt 201, Orlando, FL 32835",3242 Westchester Square Blvd,Apt 201,Orlando,FL,32835,Orange County,28.508478,-81.473966,condo,1.0,1.0,930.0,8756.0,1995.0,Inactive,129000,2021-06-26T11:40:46.607Z,407,11.767575435251748
"6154-Westgate-Dr,-Apt-204,-Orlando,-FL-32835","6154 Westgate Dr, Apt 204, Orlando, FL 32835",6154 Westgate Dr,Apt 204,Orlando,FL,32835,Orange County,28.530558,-81.466455,condo,1.0,1.0,722.0,8756.0,1995.0,Inactive,119900,2021-05-12T09:31:25.727Z,452,11.694421681264394
"1023-S-Hiawassee-Rd,-Apt-4025,-Orlando,-FL-32835","1023 S Hiawassee Rd, Apt 4025, Orlando, FL 32835",1023 S Hiawassee Rd,Apt 4025,Orlando,FL,32835,Orange County,28.528533,-81.473945,condo,1.0,1.0,627.0,8756.0,1995.0,Inactive,117000,2021-03-26T10:55:55.732Z,499,11.669937760751914
"1079-S-Hiawassee-Rd,-Apt-1135,-Orlando,-FL-32835","1079 S Hiawassee Rd, Apt 1135, Orlando, FL 32835",1079 S Hiawassee Rd,Apt 1135,Orlando,FL,32835,Orange County,28.528102,-81.471055,condo,1.0,1.0,673.0,8756.0,1995.0,Inactive,110000,2020-09-15T18:37:17.055Z,691,11.608244735642321
"6172-Westgate-Dr,-Apt-103,-Orlando,-FL-32835","6172 Westgate Dr, Apt 103, Orlando, FL 32835",6172 Westgate Dr,Apt 103,Orlando,FL,32835,Orange County,28.530625,-81.46731,condo,2.0,2.0,943.0,8756.0,1995.0,Inactive,133000,2021-03-14T12:32:11.132Z,511,11.798111925972618
"3478-Westchester-Square-Blvd,-Apt-203,-Orlando,-FL-32835","3478 Westchester Square Blvd, Apt 203, Orlando, FL 32835",3478 Westchester Square Blvd,Apt 203,Orlando,FL,32835,Orange County,28.506621,-81.47237,condo,1.0,1.0,930.0,8756.0,1995.0,Inactive,125000,2021-05-12T09:35:21.040Z,452,11.736077016252437
"3428-Soho-St,-Apt-303,-Orlando,-FL-32835","3428 Soho St, Apt 303, Orlando, FL 32835",3428 Soho St,Apt 303,Orlando,FL,32835,Orange County,28.507121,-81.473932,condo,1.0,1.0,945.0,8756.0,1995.0,Inactive,121000,2021-06-16T10:23:56.724Z,417,11.703554089007538
"1029-Edgewood-Ranch-Rd,-Orlando,-FL-32835","1029 Edgewood Ranch Rd, Orlando, FL 32835",1029 Edgewood Ranch Rd,,Orlando,FL,32835,Orange County,28.529252,-81.486046,single_family,4.0,3.0,2501.0,8756.0,1995.0,Inactive,749900,2021-02-11T15:12:27.600Z,542,13.527696476799726
"3258-King-George-Dr,-Orlando,-FL-32835","3258 King George Dr, Orlando, FL 32835",3258 King George Dr,,Orlando,FL,32835,Orange County,28.505651,-81.506485,single_family,4.0,4.0,3878.0,8756.0,1995.0,Inactive,719000,2021-05-12T16:35:03.164Z,452,13.4856180275228
"1888-Vista-Royale-Blvd,-Orlando,-FL-32835","1888 Vista Royale Blvd, Orlando, FL 32835",1888 Vista Royale Blvd,,Orlando,FL,32835,Orange County,28.519815,-81.49782,single_family,3.0,2.0,2178.0,8756.0,1995.0,Inactive,439000,2021-06-16T16:15:36.181Z,417,12.992256969959042
"1009-Almond-Tree-Cir,-Orlando,-FL-32835","1009 Almond Tree Cir, Orlando, FL 32835",1009 Almond Tree Cir,,Orlando,FL,32835,Orange County,28.529646,-81.506587,single_family,4.0,2.0,1940.0,8756.0,1995.0,Inactive,438000,2021-06-16T16:15:35.790Z,417,12.989976472461
"8049-Bridgestone-Dr,-Orlando,-FL-32835","8049 Bridgestone Dr, Orlando, FL 32835",8049 Bridgestone Dr,,Orlando,FL,32835,Orange County,28.523503,-81.495127,single_family,4.0,2.5,1952.0,8756.0,1995.0,Inactive,399900,2021-05-12T16:16:32.904Z,452,12.89897229545694
"2637-Rangeley-Ct,-Orlando,-FL-32835","2637 Rangeley Ct, Orlando, FL 32835",2637 Rangeley Ct,,Orlando,FL,32835,Orange County,28.515359,-81.490894,single_family,3.0,2.0,1890.0,8756.0,1995.0,Inactive,349900,2021-05-12T15:27:11.157Z,452,12.765405536311112
"3009-Barrymore-Ct,-Orlando,-FL-32835","3009 Barrymore Ct, Orlando, FL 32835",3009 Barrymore Ct,,Orlando,FL,32835,Orange County,28.509013,-81.488161,single_family,3.0,2.0,1440.0,8756.0,1995.0,Inactive,329900,2021-06-16T15:36:50.278Z,417,12.706547888433661
"7506-Herricks-Loop,-Orlando,-FL-32835","7506 Herricks Loop, Orlando, FL 32835",7506 Herricks Loop,,Orlando,FL,32835,Orange County,28.541474,-81.484325,single_family,3.0,2.0,1798.0,8756.0,1995.0,Inactive,310000,2021-06-16T15:29:08.961Z,417,12.644330802262578
"3368-Robert-Trent-Jones-Dr,-Unit-20808,-Orlando,-FL-32835","3368 Robert Trent Jones Dr, Unit 20808, Orlando, FL 32835",3368 Robert Trent Jones Dr,Unit 20808,Orlando,FL,32835,Orange County,28.505045,-81.470331,condo,3.0,2.0,2129.0,8756.0,1995.0,Inactive,299900,2021-02-22T15:30:50.326Z,531,12.611207699176356
"1973-Chathamoor-Dr,-Orlando,-FL-32835","1973 Chathamoor Dr, Orlando, FL 32835",1973 Chathamoor Dr,,Orlando,FL,32835,Orange County,28.520285,-81.505038,single_family,3.0,2.0,1654.0,8756.0,1995.0,Inactive,299900,2021-06-16T15:27:18.529Z,417,12.611207699176356
"3362-Robert-Trent-Jones-Dr,-Unit-20707,-Orlando,-FL-32835","3362 Robert Trent Jones Dr, Unit 20707, Orlando, FL 32835",3362 Robert Trent Jones Dr,Unit 20707,Orlando,FL,32835,Orange County,28.505047,-81.471515,condo,3.0,2.0,2129.0,8756.0,1995.0,Inactive,285000,2021-05-12T14:59:27.361Z,452,12.560247968016562
"7453-Herricks-Loop,-Orlando,-FL-32835","7453 Herricks Loop, Orlando, FL 32835",7453 Herricks Loop,,Orlando,FL,32835,Orange County,28.542348,-81.484942,single_family,3.0,2.0,1322.0,8756.0,1995.0,Inactive,279000,2020-09-21T22:57:25.906Z,685,12.53897064502647
"6104-Twain-St,-Unit-101,-Orlando,-FL-32835","6104 Twain St, Unit 101, Orlando, FL 32835",6104 Twain St,Unit 101,Orlando,FL,32835,Orange County,28.509611,-81.464977,condo,3.0,2.5,1665.0,8756.0,1995.0,Inactive,250000,2021-05-12T13:12:05.854Z,452,12.429220196836383
"6157-Metrowest-Blvd,-Unit-202,-Orlando,-FL-32835","6157 Metrowest Blvd, Unit 202, Orlando, FL 32835",6157 Metrowest Blvd,Unit 202,Orlando,FL,32835,Orange County,28.514948,-81.465374,condo,2.0,2.0,1138.0,8756.0,1995.0,Inactive,170000,2020-10-09T14:27:35.917Z,667,12.04355959836804
"300-N-Normandale-Ave,-Orlando,-FL-32835","300 N Normandale Ave, Orlando, FL 32835",300 N Normandale Ave,,Orlando,FL,32835,Orange County,28.546111,-81.460653,single_family,3.0,1.0,920.0,8756.0,1995.0,Inactive,168000,2021-04-18T11:28:19.787Z,476,12.031725210748633
"7340-Westpointe-Blvd,-Apt-317,-Orlando,-FL-32835","7340 Westpointe Blvd, Apt 317, Orlando, FL 32835",7340 Westpointe Blvd,Apt 317,Orlando,FL,32835,Orange County,28.517035,-81.489026,condo,3.0,2.0,1423.0,8756.0,1995.0,Inactive,150000,2021-04-18T11:25:42.354Z,476,11.918397239722838
"6136-Westgate-Dr,-Apt-203,-Orlando,-FL-32835","6136 Westgate Dr, Apt 203, Orlando, FL 32835",6136 Westgate Dr,Apt 203,Orlando,FL,32835,Orange County,28.531235,-81.466384,condo,1.0,1.0,722.0,8756.0,1995.0,Inactive,100000,2021-05-12T09:15:52.032Z,452,11.51293546492023
"3649-King-George-Dr,-Orlando,-FL-32835","3649 King George Dr, Orlando, FL 32835",3649 King George Dr,,Orlando,FL,32835,Orange County,28.504445,-81.505957,single_family,4.0,3.0,3489.0,8756.0,1995.0,Inactive,643000,2021-04-18T15:08:08.511Z,476,13.3739015584285
"3715-Sir-Andrew-St,-Orlando,-FL-32835","3715 Sir Andrew St, Orlando, FL 32835",3715 Sir Andrew St,,Orlando,FL,32835,Orange County,28.503445,-81.505594,single_family,4.0,3.0,2772.0,8756.0,1995.0,Inactive,635000,2021-06-16T16:25:50.695Z,417,13.361381852676738
"6545-Fairway-Hill-Ct,-Orlando,-FL-32835","6545 Fairway Hill Ct, Orlando, FL 32835",6545 Fairway Hill Ct,,Orlando,FL,32835,Orange County,28.527786,-81.47701,single_family,4.0,3.5,2680.0,8756.0,1995.0,Inactive,499999,2021-05-12T16:26:49.122Z,452,13.122363377404328
"1133-Mission-Ridge-Ct,-Orlando,-FL-32835","1133 Mission Ridge Ct, Orlando, FL 32835",1133 Mission Ridge Ct,,Orlando,FL,32835,Orange County,28.524956,-81.47351,single_family,4.0,3.0,2246.0,8756.0,1995.0,Inactive,491000,2021-06-16T16:16:38.444Z,417,13.104201443434462
"7208-Hawksnest-Blvd,-Orlando,-FL-32835","7208 Hawksnest Blvd, Orlando, FL 32835",7208 Hawksnest Blvd,,Orlando,FL,32835,Orange County,28.519067,-81.484662,single_family,3.0,2.0,2155.0,8756.0,1995.0,Inactive,369800,2021-06-16T15:48:02.974Z,417,12.820720302095918
"2920-Barrymore-Ct,-Orlando,-FL-32835","2920 Barrymore Ct, Orlando, FL 32835",2920 Barrymore Ct,,Orlando,FL,32835,Orange County,28.510095,-81.489162,single_family,4.0,2.5,1950.0,8756.0,1995.0,Inactive,365000,2021-06-16T15:48:02.967Z,417,12.807655372286902
"205-Sonoma-Valley-Cir,-Orlando,-FL-32835","205 Sonoma Valley Cir, Orlando, FL 32835",205 Sonoma Valley Cir,,Orlando,FL,32835,Orange County,28.539203,-81.485474,single_family,3.0,2.5,1537.0,8756.0,1995.0,Inactive,300000,2021-06-16T15:27:18.683Z,417,12.611541086966115
"8044-Lesia-Cir,-Orlando,-FL-32835","8044 Lesia Cir, Orlando, FL 32835",8044 Lesia Cir,,Orlando,FL,32835,Orange County,28.539336,-81.494146,single_family,4.0,3.0,2000.0,8756.0,1995.0,Inactive,290990,2021-05-12T14:59:27.396Z,452,12.581047617840303
"96-Winter-Ridge-Cir,-Orlando,-FL-32835","96 Winter Ridge Cir, Orlando, FL 32835",96 Winter Ridge Cir,,Orlando,FL,32835,Orange County,28.54102,-81.47777,condo,3.0,2.0,1204.0,8756.0,1995.0,Inactive,249900,2021-06-16T15:03:25.209Z,417,12.428820118415677
"6210-Twain-St,-Unit-102,-Orlando,-FL-32835","6210 Twain St, Unit 102, Orlando, FL 32835",6210 Twain St,Unit 102,Orlando,FL,32835,Orange County,28.509436,-81.465836,condo,3.0,2.5,1682.0,8756.0,1995.0,Inactive,249900,2021-06-16T14:39:15.488Z,418,12.428820118415677
"6292-Twain-St,-Unit-102,-Orlando,-FL-32835","6292 Twain St, Unit 102, Orlando, FL 32835",6292 Twain St,Unit 102,Orlando,FL,32835,Orange County,28.509425,-81.467662,condo,3.0,2.5,1682.0,8756.0,1995.0,Inactive,249000,2021-06-16T14:39:15.482Z,418,12.425212191503038
"7135-Yacht-Basin-Ave,-Apt-239,-Orlando,-FL-32835","7135 Yacht Basin Ave, Apt 239, Orlando, FL 32835",7135 Yacht Basin Ave,Apt 239,Orlando,FL,32835,Orange County,28.512783,-81.484826,condo,3.0,2.0,1206.0,8756.0,1995.0,Inactive,175000,2021-06-16T12:10:11.973Z,418,12.07254696717504
"7425-Villas-Oak-Ct,-Orlando,-FL-32835","7425 Villas Oak Ct, Orlando, FL 32835",7425 Villas Oak Ct,,Orlando,FL,32835,Orange County,28.541814,-81.483966,condo,2.0,2.0,832.0,8756.0,1995.0,Inactive,165000,2021-06-16T11:56:14.783Z,418,12.013706813470414
"2598-Robert-Trent-Jones-Dr,-Apt-1026,-Orlando,-FL-32835","2598 Robert Trent Jones Dr, Apt 1026, Orlando, FL 32835",2598 Robert Trent Jones Dr,Apt 1026,Orlando,FL,32835,Orange County,28.514204,-81.472754,condo,2.0,2.0,1150.0,8756.0,1995.0,Inactive,159000,2021-06-16T11:56:14.775Z,418,11.976665770490767
"6685-Queens-Borough-Ave,-Apt-208,-Orlando,-FL-32835","6685 Queens Borough Ave, Apt 208, Orlando, FL 32835",6685 Queens Borough Ave,Apt 208,Orlando,FL,32835,Orange County,28.508914,-81.474842,condo,2.0,2.0,1107.0,8756.0,1995.0,Inactive,154888,2020-09-15T21:10:02.829Z,691,11.950464010326245
"2668-Robert-Trent-Jones-Dr,-Apt-423,-Orlando,-FL-32835","2668 Robert Trent Jones Dr, Apt 423, Orlando, FL 32835",2668 Robert Trent Jones Dr,Apt 423,Orlando,FL,32835,Orange County,28.513559,-81.471681,condo,1.0,1.0,854.0,8756.0,1995.0,Inactive,129999,2021-06-16T10:26:00.985Z,418,11.77528972943772
"1073-S-Hiawassee-Rd,-Apt-1026,-Orlando,-FL-32835","1073 S Hiawassee Rd, Apt 1026, Orlando, FL 32835",1073 S Hiawassee Rd,Apt 1026,Orlando,FL,32835,Orange County,28.528861,-81.471522,condo,1.0,1.0,627.0,8756.0,1995.0,Inactive,120000,2021-06-16T10:23:56.688Z,418,11.695255355062795
"1025-S-Hiawassee-Rd,-Apt-2213,-Orlando,-FL-32835","1025 S Hiawassee Rd, Apt 2213, Orlando, FL 32835",1025 S Hiawassee Rd,Apt 2213,Orlando,FL,32835,Orange County,28.528753,-81.473559,condo,1.0,1.0,722.0,8756.0,1995.0,Inactive,105000,2021-05-12T09:15:52.033Z,453,11.561725152903833
"247-Alston-Dr,-Orlando,-FL-32835","247 Alston Dr, Orlando, FL 32835",247 Alston Dr,,Orlando,FL,32835,Orange County,28.544675,-81.481838,condo,3.0,2.5,1467.0,8756.0,1995.0,Inactive,195000,2021-06-16T12:57:48.045Z,418,12.180759965737863
"4108-Winderlakes-Dr,-Orlando,-FL-32835","4108 Winderlakes Dr, Orlando, FL 32835",4108 Winderlakes Dr,,Orlando,FL,32835,Orange County,28.502177,-81.491089,single_family,4.0,2.0,2635.0,8756.0,1995.0,Inactive,429990,2021-06-16T16:13:26.488Z,417,12.971519557218146
"7214-Harbor-Heights-Cir,-Orlando,-FL-32835","7214 Harbor Heights Cir, Orlando, FL 32835",7214 Harbor Heights Cir,,Orlando,FL,32835,Orange County,28.538562,-81.478541,condo,6.0,4.5,2795.0,8756.0,1995.0,Inactive,428000,2021-06-22T15:14:56.330Z,411,12.966880811009803
"6462-Daysbrook-Dr,-Unit-103,-Orlando,-FL-32835","6462 Daysbrook Dr, Unit 103, Orlando, FL 32835",6462 Daysbrook Dr,Unit 103,Orlando,FL,32835,Orange County,28.505238,-81.469516,condo,2.0,2.5,1546.0,8756.0,1995.0,Inactive,235000,2021-06-16T14:12:45.965Z,418,12.367345048436391
"5-N-Hart-Blvd,-Orlando,-FL-32835","5 N Hart Blvd, Orlando, FL 32835",5 N Hart Blvd,,Orlando,FL,32835,Orange County,28.541688,-81.470041,single_family,3.0,2.0,1541.0,8756.0,1995.0,Inactive,285900,2021-02-11T13:55:21.845Z,543,12.563400876030764
"6301-Daysbrook-Dr,-Unit-106,-Orlando,-FL-32835","6301 Daysbrook Dr, Unit 106, Orlando, FL 32835",6301 Daysbrook Dr,Unit 106,Orlando,FL,32835,Orange County,28.505806,-81.468764,condo,2.0,2.5,1546.0,8756.0,1995.0,Inactive,242000,2021-05-12T12:55:39.079Z,453,12.396697137361691
"7350-Westpointe-Blvd,-Apt-226,-Orlando,-FL-32835","7350 Westpointe Blvd, Apt 226, Orlando, FL 32835",7350 Westpointe Blvd,Apt 226,Orlando,FL,32835,Orange County,28.5164,-81.489023,condo,2.0,2.0,1080.0,8756.0,1995.0,Inactive,139000,2021-05-16T13:54:59.280Z,449,11.842236406331555
"3356-Robert-Trent-Jones-Dr,-Unit-20306,-Orlando,-FL-32835","3356 Robert Trent Jones Dr, Unit 20306, Orlando, FL 32835",3356 Robert Trent Jones Dr,Unit 20306,Orlando,FL,32835,Orange County,28.505534,-81.472185,condo,3.0,2.0,2129.0,8756.0,1995.0,Inactive,289900,2021-06-16T15:22:00.685Z,418,12.57729476436913
"6412-Queens-Borough-Ave,-Apt-303,-Orlando,-FL-32835","6412 Queens Borough Ave, Apt 303, Orlando, FL 32835",6412 Queens Borough Ave,Apt 303,Orlando,FL,32835,Orange County,28.509743,-81.471395,condo,2.0,2.0,1233.0,8756.0,1995.0,Inactive,173000,2021-02-11T12:03:40.853Z,543,12.06105265381003
"2558-Robert-Trent-Jones-Dr,-Apt-1431,-Orlando,-FL-32835","2558 Robert Trent Jones Dr, Apt 1431, Orlando, FL 32835",2558 Robert Trent Jones Dr,Apt 1431,Orlando,FL,32835,Orange County,28.516301,-81.472869,condo,2.0,2.0,1150.0,8756.0,1995.0,Inactive,152000,2021-06-16T11:32:04.000Z,418,11.931642378754141
"2558-Robert-Trent-Jones-Dr,-Apt-1422,-Orlando,-FL-32835","2558 Robert Trent Jones Dr, Apt 1422, Orlando, FL 32835",2558 Robert Trent Jones Dr,Apt 1422,Orlando,FL,32835,Orange County,28.516301,-81.472869,condo,1.0,1.0,854.0,8756.0,1995.0,Inactive,115900,2021-06-16T10:23:56.698Z,418,11.660491657418318
"2579-San-Tecla-St,-Unit-106,-Orlando,-FL-32835","2579 San Tecla St, Unit 106, Orlando, FL 32835",2579 San Tecla St,Unit 106,Orlando,FL,32835,Orange County,28.513138,-81.468653,condo,2.0,2.0,1438.0,8756.0,1995.0,Inactive,230000,2021-06-16T14:12:38.702Z,418,12.345838935721968
"7625-Blue-Quail-Ln,-Orlando,-FL-32835","7625 Blue Quail Ln, Orlando, FL 32835",7625 Blue Quail Ln,,Orlando,FL,32835,Orange County,28.515543,-81.505076,single_family,4.0,5.0,4074.0,8756.0,1995.0,Inactive,955840,2020-09-22T02:29:03.809Z,685,13.770346860209536
"3806-Winderlakes-Dr,-Orlando,-FL-32835","3806 Winderlakes Dr, Orlando, FL 32835",3806 Winderlakes Dr,,Orlando,FL,32835,Orange County,28.507641,-81.49117,single_family,3.0,2.5,1829.0,8756.0,1995.0,Inactive,375000,2021-06-16T15:51:46.207Z,417,12.834683971615659
"6172-Westgate-Dr,-Apt-203,-Orlando,-FL-32835","6172 Westgate Dr, Apt 203, Orlando, FL 32835",6172 Westgate Dr,Apt 203,Orlando,FL,32835,Orange County,28.530625,-81.46731,condo,2.0,2.0,943.0,8756.0,1995.0,Inactive,158900,2021-05-12T10:52:04.801Z,453,11.97603664577121
"3364-Westchester-Square-Blvd,-Apt-205,-Orlando,-FL-32835","3364 Westchester Square Blvd, Apt 205, Orlando, FL 32835",3364 Westchester Square Blvd,Apt 205,Orlando,FL,32835,Orange County,28.507421,-81.473143,condo,1.0,1.0,658.0,8756.0,1995.0,Inactive,118995,2021-05-12T09:31:25.732Z,453,11.686845158083344
"6025-Westgate-Dr,-Apt-2513,-Orlando,-FL-32835","6025 Westgate Dr, Apt 2513, Orlando, FL 32835",6025 Westgate Dr,Apt 2513,Orlando,FL,32835,Orange County,28.533275,-81.465169,condo,1.0,1.0,713.0,8756.0,1995.0,Inactive,132000,2021-06-16T10:26:01.000Z,418,11.790564777297387
"5843-Buford-St,-Orlando,-FL-32835","5843 Buford St, Orlando, FL 32835",5843 Buford St,,Orlando,FL,32835,Orange County,28.508113,-81.4624,single_family,4.0,2.0,1959.0,8756.0,1995.0,Inactive,395000,2021-06-16T16:02:40.759Z,417,12.886643575525625
"7329-Whitewater-Ct,-Orlando,-FL-32835","7329 Whitewater Ct, Orlando, FL 32835",7329 Whitewater Ct,,Orlando,FL,32835,Orange County,28.536552,-81.482327,single_family,3.0,2.0,1488.0,8756.0,1995.0,Inactive,300000,2021-02-24T13:38:51.045Z,530,12.611541086966115
"5906-Iona-Ave,-Orlando,-FL-32835","5906 Iona Ave, Orlando, FL 32835",5906 Iona Ave,,Orlando,FL,32835,Orange County,28.534718,-81.461871,single_family,3.0,3.0,1674.0,8756.0,1995.0,Inactive,190000,2021-06-16T12:57:48.043Z,418,12.154784614286667
"3315-Parkchester-Square-St,-Unit-207,-Orlando,-FL-32835","3315 Parkchester Square St, Unit 207, Orlando, FL 32835",3315 Parkchester Square St,Unit 207,Orlando,FL,32835,Orange County,28.508601,-81.471444,condo,2.0,2.0,1107.0,8756.0,1995.0,Inactive,158000,2021-05-12T10:52:04.809Z,453,11.970356641102999
"6000-Buford-St,-Orlando,-FL-32835","6000 Buford St, Orlando, FL 32835",6000 Buford St,,Orlando,FL,32835,Orange County,28.507062,-81.463487,single_family,4.0,3.0,1959.0,8756.0,1995.0,Inactive,360000,2021-05-12T15:33:12.903Z,453,12.793862088206213
"7832-Rollingridge-Ct,-Orlando,-FL-32835","7832 Rollingridge Ct, Orlando, FL 32835",7832 Rollingridge Ct,,Orlando,FL,32835,Orange County,28.523079,-81.491186,single_family,4.0,2.0,1977.0,8756.0,1995.0,Inactive,389900,2021-06-16T16:02:30.195Z,418,12.873648139727594
"215-Dempsey-Way,-Orlando,-FL-32835","215 Dempsey Way, Orlando, FL 32835",215 Dempsey Way,,Orlando,FL,32835,Orange County,28.538943,-81.492612,single_family,4.0,2.0,1824.0,8756.0,1995.0,Inactive,339000,2020-09-28T16:47:04.235Z,678,12.733758336210744
"316-Killington-Way,-Orlando,-FL-32835","316 Killington Way, Orlando, FL 32835",316 Killington Way,,Orlando,FL,32835,Orange County,28.544068,-81.493438,single_family,3.0,2.0,2126.0,8756.0,1995.0,Inactive,375000,2021-06-16T15:51:46.212Z,418,12.834683971615659
"3291-Westchester-Square-Blvd,-Apt-102,-Orlando,-FL-32835","3291 Westchester Square Blvd, Apt 102, Orlando, FL 32835",3291 Westchester Square Blvd,Apt 102,Orlando,FL,32835,Orange County,28.508423,-81.473355,condo,2.0,2.0,1235.0,8756.0,1995.0,Inactive,145000,2021-02-11T11:28:34.664Z,543,11.884495917930655
"3468-Soho-St,-Apt-303,-Orlando,-FL-32835","3468 Soho St, Apt 303, Orlando, FL 32835",3468 Soho St,Apt 303,Orlando,FL,32835,Orange County,28.506421,-81.472907,condo,2.0,2.0,1233.0,8756.0,1995.0,Inactive,149000,2021-04-18T11:16:08.740Z,477,11.91170829631447
"1243-Shelter-Rock-Rd,-Orlando,-FL-32835","1243 Shelter Rock Rd, Orlando, FL 32835",1243 Shelter Rock Rd,,Orlando,FL,32835,Orange County,28.525219,-81.497144,single_family,4.0,3.0,2282.0,8756.0,1995.0,Inactive,575000,2021-05-12T16:27:45.379Z,453,13.26212705890841
"3393-Shallot-Dr,-Unit-107,-Orlando,-FL-32835","3393 Shallot Dr, Unit 107, Orlando, FL 32835",3393 Shallot Dr,Unit 107,Orlando,FL,32835,Orange County,28.507435,-81.467975,condo,3.0,2.5,1682.0,8756.0,1995.0,Inactive,234900,2021-05-12T12:55:38.931Z,453,12.366919427768636
"2897-Polvadero-Ln,-Unit-102,-Orlando,-FL-32835","2897 Polvadero Ln, Unit 102, Orlando, FL 32835",2897 Polvadero Ln,Unit 102,Orlando,FL,32835,Orange County,28.51248,-81.467081,condo,3.0,2.5,1682.0,8756.0,1995.0,Inactive,220000,2020-09-21T20:55:22.308Z,685,12.301387370778713
"5974-Westgate-Dr,-Apt-302,-Orlando,-FL-32835","5974 Westgate Dr, Apt 302, Orlando, FL 32835",5974 Westgate Dr,Apt 302,Orlando,FL,32835,Orange County,28.530649,-81.463515,condo,2.0,2.0,1515.0,8756.0,1995.0,Inactive,179900,2020-11-19T14:57:29.118Z,627,12.100161978566867
"2652-Robert-Trent-Jones-Dr,-Apt-530,-Orlando,-FL-32835","2652 Robert Trent Jones Dr, Apt 530, Orlando, FL 32835",2652 Robert Trent Jones Dr,Apt 530,Orlando,FL,32835,Orange County,28.514178,-81.47185,condo,2.0,2.0,1014.0,8756.0,1995.0,Inactive,159900,2021-06-16T11:56:14.770Z,418,11.982310152711182
"3227-Villa-Strada-Way,-Orlando,-FL-32835","3227 Villa Strada Way, Orlando, FL 32835",3227 Villa Strada Way,,Orlando,FL,32835,Orange County,28.510417,-81.461309,condo,3.0,2.5,1593.0,8756.0,1995.0,Inactive,218000,2021-04-18T12:56:54.234Z,477,12.292254928916668
"7126-Harbor-Heights-Cir,-Orlando,-FL-32835","7126 Harbor Heights Cir, Orlando, FL 32835",7126 Harbor Heights Cir,,Orlando,FL,32835,Orange County,28.538133,-81.47681,condo,3.0,2.0,1248.0,8756.0,1995.0,Inactive,218000,2021-03-14T15:16:15.047Z,512,12.292254928916668
"6451-Old-Park-Ln,-Unit-401,-Orlando,-FL-32835","6451 Old Park Ln, Unit 401, Orlando, FL 32835",6451 Old Park Ln,Unit 401,Orlando,FL,32835,Orange County,28.514841,-81.468906,condo,3.0,2.0,1247.0,8756.0,1995.0,Inactive,210000,2021-05-12T11:58:04.737Z,453,12.25486757159303
"315-S-Observatory-Dr,-Orlando,-FL-32835","315 S Observatory Dr, Orlando, FL 32835",315 S Observatory Dr,,Orlando,FL,32835,Orange County,28.537294,-81.467805,single_family,3.0,1.0,1056.0,8756.0,1995.0,Inactive,199999,2021-04-18T12:05:42.137Z,477,12.206072645530174
"3344-Robert-Trent-Jones-Dr,-Unit-40805,-Orlando,-FL-32835","3344 Robert Trent Jones Dr, Unit 40805, Orlando, FL 32835",3344 Robert Trent Jones Dr,Unit 40805,Orlando,FL,32835,Orange County,28.509043,-81.470116,condo,3.0,2.0,1247.0,8756.0,1995.0,Inactive,194999,2021-05-16T15:25:25.318Z,449,12.180754837545884
"3337-Soho-St,-Apt-104,-Orlando,-FL-32835","3337 Soho St, Apt 104, Orlando, FL 32835",3337 Soho St,Apt 104,Orlando,FL,32835,Orange County,28.507986,-81.474019,condo,3.0,2.0,1410.0,8756.0,1995.0,Inactive,198500,2021-04-18T12:05:42.129Z,477,12.198549416880068
"324-N-Observatory-Dr,-Orlando,-FL-32835","324 N Observatory Dr, Orlando, FL 32835",324 N Observatory Dr,,Orlando,FL,32835,Orange County,28.546131,-81.468679,single_family,3.0,1.0,1024.0,8756.0,1995.0,Inactive,190000,2021-05-12T11:31:34.989Z,453,12.154784614286667
"6451-Old-Park-Ln,-Unit-204,-Orlando,-FL-32835","6451 Old Park Ln, Unit 204, Orlando, FL 32835",6451 Old Park Ln,Unit 204,Orlando,FL,32835,Orange County,28.514816,-81.468758,condo,3.0,2.0,1447.0,8756.0,1995.0,Inactive,190000,2021-05-12T11:31:35.000Z,453,12.154784614286667
"6214-Stevenson-Dr,-Unit-203,-Orlando,-FL-32835","6214 Stevenson Dr, Unit 203, Orlando, FL 32835",6214 Stevenson Dr,Unit 203,Orlando,FL,32835,Orange County,28.508604,-81.466102,condo,3.0,2.0,1216.0,8756.0,1995.0,Inactive,187900,2021-02-11T12:34:07.426Z,543,12.14367050736717
"3326-Robert-Trent-Jones-Dr,-Unit-40402,-Orlando,-FL-32835","3326 Robert Trent Jones Dr, Unit 40402, Orlando, FL 32835",3326 Robert Trent Jones Dr,Unit 40402,Orlando,FL,32835,Orange County,28.506496,-81.470584,condo,3.0,2.0,1447.0,8756.0,1995.0,Inactive,189000,2021-05-12T11:30:11.734Z,453,12.149507585033072
"7147-Yacht-Basin-Ave,-Apt-127,-Orlando,-FL-32835","7147 Yacht Basin Ave, Apt 127, Orlando, FL 32835",7147 Yacht Basin Ave,Apt 127,Orlando,FL,32835,Orange County,28.513265,-81.485006,condo,3.0,2.0,1206.0,8756.0,1995.0,Inactive,184900,2021-04-18T11:50:49.050Z,477,12.127575825689417
"6402-Cava-Alta-Dr,-Unit-406,-Orlando,-FL-32835","6402 Cava Alta Dr, Unit 406, Orlando, FL 32835",6402 Cava Alta Dr,Unit 406,Orlando,FL,32835,Orange County,28.515171,-81.468188,condo,3.0,2.0,1247.0,8756.0,1995.0,Inactive,177990,2020-12-20T13:20:47.119Z,596,12.08948826619818
"6169-Metrowest-Blvd,-Unit-204,-Orlando,-FL-32835","6169 Metrowest Blvd, Unit 204, Orlando, FL 32835",6169 Metrowest Blvd,Unit 204,Orlando,FL,32835,Orange County,28.515821,-81.466843,condo,3.0,2.0,1285.0,8756.0,1995.0,Inactive,175000,2020-12-16T13:09:01.725Z,600,12.07254696717504
"6159-Metrowest-Blvd,-Unit-205,-Orlando,-FL-32835","6159 Metrowest Blvd, Unit 205, Orlando, FL 32835",6159 Metrowest Blvd,Unit 205,Orlando,FL,32835,Orange County,28.515223,-81.466228,condo,2.0,2.0,1124.0,8756.0,1995.0,Inactive,174900,2021-02-11T12:09:40.372Z,543,12.071975378543236
"6324-Raleigh-St,-Apt-711,-Orlando,-FL-32835","6324 Raleigh St, Apt 711, Orlando, FL 32835",6324 Raleigh St,Apt 711,Orlando,FL,32835,Orange County,28.526664,-81.468797,condo,2.0,2.0,1062.0,8756.0,1995.0,Inactive,174900,2021-05-16T15:16:30.245Z,449,12.071975378543236
"6033-Westgate-Dr,-Apt-611,-Orlando,-FL-32835","6033 Westgate Dr, Apt 611, Orlando, FL 32835",6033 Westgate Dr,Apt 611,Orlando,FL,32835,Orange County,28.533289,-81.465616,condo,3.0,2.0,1259.0,8756.0,1995.0,Inactive,169995,2021-05-12T10:58:46.523Z,453,12.043530186343814
"3250-Corona-Village-Way,-Apt-306,-Orlando,-FL-32835","3250 Corona Village Way, Apt 306, Orlando, FL 32835",3250 Corona Village Way,Apt 306,Orlando,FL,32835,Orange County,28.508577,-81.475708,condo,2.0,2.0,1107.0,8756.0,1995.0,Inactive,165000,2020-11-12T14:54:38.816Z,634,12.013706813470414
"6451-Old-Park-Ln,-Unit-207,-Orlando,-FL-32835","6451 Old Park Ln, Unit 207, Orlando, FL 32835",6451 Old Park Ln,Unit 207,Orlando,FL,32835,Orange County,28.514715,-81.468468,condo,2.0,2.0,1112.0,8756.0,1995.0,Inactive,164500,2021-02-11T12:08:13.421Z,543,12.010671928196443
"3280-Soho-St,-Apt-206,-Orlando,-FL-32835","3280 Soho St, Apt 206, Orlando, FL 32835",3280 Soho St,Apt 206,Orlando,FL,32835,Orange County,28.508337,-81.475078,condo,3.0,2.0,1454.0,8756.0,1995.0,Inactive,163000,2021-04-18T11:28:19.778Z,477,12.001511614739405
"7135-Yacht-Basin-Ave,-Apt-238,-Orlando,-FL-32835","7135 Yacht Basin Ave, Apt 238, Orlando, FL 32835",7135 Yacht Basin Ave,Apt 238,Orlando,FL,32835,Orange County,28.512783,-81.484826,condo,2.0,2.0,1050.0,8756.0,1995.0,Inactive,160000,2021-05-16T15:09:05.745Z,449,11.982935344196433
"2668-Robert-Trent-Jones-Dr,-Apt-416,-Orlando,-FL-32835","2668 Robert Trent Jones Dr, Apt 416, Orlando, FL 32835",2668 Robert Trent Jones Dr,Apt 416,Orlando,FL,32835,Orange County,28.513559,-81.471681,condo,2.0,2.0,1150.0,8756.0,1995.0,Inactive,159900,2021-05-12T10:52:04.811Z,453,11.982310152711182
"1015-S-Hiawassee-Rd,-Apt-3527,-Orlando,-FL-32835","1015 S Hiawassee Rd, Apt 3527, Orlando, FL 32835",1015 S Hiawassee Rd,Apt 3527,Orlando,FL,32835,Orange County,28.529861,-81.473527,condo,2.0,2.0,836.0,8756.0,1995.0,Inactive,155900,2021-05-12T10:52:04.810Z,453,11.956976469393481
"3332-Robert-Trent-Jones-Dr,-Unit-20203,-Orlando,-FL-32835","3332 Robert Trent Jones Dr, Unit 20203, Orlando, FL 32835",3332 Robert Trent Jones Dr,Unit 20203,Orlando,FL,32835,Orange County,28.509112,-81.470155,condo,2.0,2.0,1112.0,8756.0,1995.0,Inactive,154900,2021-04-18T11:25:42.353Z,477,11.950541482162043
"7270-Westpointe-Blvd,-Apt-910,-Orlando,-FL-32835","7270 Westpointe Blvd, Apt 910, Orlando, FL 32835",7270 Westpointe Blvd,Apt 910,Orlando,FL,32835,Orange County,28.516099,-81.488439,condo,3.0,2.0,1423.0,8756.0,1995.0,Inactive,147500,2021-05-12T10:35:51.585Z,453,11.901590234400047
"3315-Parkchester-Square-Blvd,-Apt-304,-Orlando,-FL-32835","3315 Parkchester Square Blvd, Apt 304, Orlando, FL 32835",3315 Parkchester Square Blvd,Apt 304,Orlando,FL,32835,Orange County,28.508601,-81.471444,condo,2.0,2.0,1233.0,8756.0,1995.0,Inactive,144900,2020-10-20T15:18:14.257Z,657,11.88380602959621
"6360-Raleigh-St,-Apt-1711,-Orlando,-FL-32835","6360 Raleigh St, Apt 1711, Orlando, FL 32835",6360 Raleigh St,Apt 1711,Orlando,FL,32835,Orange County,28.525735,-81.469353,condo,2.0,2.0,1062.0,8756.0,1995.0,Inactive,140000,2020-09-15T19:57:36.283Z,691,11.849404844423074
"1017-S-Hiawassee-Rd,-Apt-3711,-Orlando,-FL-32835","1017 S Hiawassee Rd, Apt 3711, Orlando, FL 32835",1017 S Hiawassee Rd,Apt 3711,Orlando,FL,32835,Orange County,28.529432,-81.474107,condo,2.0,2.0,934.0,8756.0,1995.0,Inactive,139900,2021-05-16T13:54:59.274Z,449,11.848690308590857
"2632-Robert-Trent-Jones-Dr,-Apt-114,-Orlando,-FL-32835","2632 Robert Trent Jones Dr, Apt 114, Orlando, FL 32835",2632 Robert Trent Jones Dr,Apt 114,Orlando,FL,32835,Orange County,28.514921,-81.470916,condo,1.0,1.0,854.0,8756.0,1995.0,Inactive,136900,2021-04-19T11:02:54.019Z,476,11.827013315851762
"6130-Westgate-Dr,-Apt-103,-Orlando,-FL-32835","6130 Westgate Dr, Apt 103, Orlando, FL 32835",6130 Westgate Dr,Apt 103,Orlando,FL,32835,Orange County,28.531409,-81.465888,condo,2.0,2.0,943.0,8756.0,1995.0,Inactive,132000,2021-05-12T09:53:55.562Z,453,11.790564777297387
"3353-Westchester-Square-Blvd,-Apt-203,-Orlando,-FL-32835","3353 Westchester Square Blvd, Apt 203, Orlando, FL 32835",3353 Westchester Square Blvd,Apt 203,Orlando,FL,32835,Orange County,28.507691,-81.472744,condo,1.0,1.0,930.0,8756.0,1995.0,Inactive,130000,2021-03-10T10:57:57.167Z,516,11.775297421715827
"3344-Corona-Village-Way,-Apt-303,-Orlando,-FL-32835","3344 Corona Village Way, Apt 303, Orlando, FL 32835",3344 Corona Village Way,Apt 303,Orlando,FL,32835,Orange County,28.507904,-81.475451,condo,1.0,1.0,945.0,8756.0,1995.0,Inactive,130000,2020-10-06T12:48:17.570Z,671,11.775297421715827
"5961-Westgate-Dr,-Apt-2024,-Orlando,-FL-32835","5961 Westgate Dr, Apt 2024, Orlando, FL 32835",5961 Westgate Dr,Apt 2024,Orlando,FL,32835,Orange County,28.532841,-81.464348,condo,1.0,1.0,713.0,8756.0,1995.0,Inactive,129900,2021-02-11T10:56:22.659Z,543,11.774527900858468
"6416-Raleigh-St,-Apt-2601,-Orlando,-FL-32835","6416 Raleigh St, Apt 2601, Orlando, FL 32835",6416 Raleigh St,Apt 2601,Orlando,FL,32835,Orange County,28.526165,-81.468149,condo,1.0,1.0,794.0,8756.0,1995.0,Inactive,120000,2021-03-26T10:55:55.742Z,500,11.695255355062795
"3384-Corona-Village-Way,-Apt-305,-Orlando,-FL-32835","3384 Corona Village Way, Apt 305, Orlando, FL 32835",3384 Corona Village Way,Apt 305,Orlando,FL,32835,Orange County,28.507618,-81.474915,condo,1.0,1.0,945.0,8756.0,1995.0,Inactive,119499,2020-10-18T13:18:30.253Z,659,11.691071650353702
"6364-Raleigh-St,-Apt-1604,-Orlando,-FL-32835","6364 Raleigh St, Apt 1604, Orlando, FL 32835",6364 Raleigh St,Apt 1604,Orlando,FL,32835,Orange County,28.525622,-81.468903,condo,1.0,1.0,794.0,8756.0,1995.0,Inactive,119000,2021-03-26T10:55:55.735Z,500,11.686887175419702
"5967-Westgate-Dr,-Apt-1322,-Orlando,-FL-32835","5967 Westgate Dr, Apt 1322, Orlando, FL 32835",5967 Westgate Dr,Apt 1322,Orlando,FL,32835,Orange County,28.5335,-81.463536,condo,1.0,1.0,631.0,8756.0,1995.0,Inactive,110000,2021-05-12T09:31:25.084Z,453,11.608244735642321
"7200-Westpointe-Blvd,-Apt-1515,-Orlando,-FL-32835","7200 Westpointe Blvd, Apt 1515, Orlando, FL 32835",7200 Westpointe Blvd,Apt 1515,Orlando,FL,32835,Orange County,28.515748,-81.485706,condo,1.0,1.0,842.0,8756.0,1995.0,Inactive,101000,2021-04-09T11:14:54.890Z,486,11.522885696764481
"2022-Whitfield-Ln,-Orlando,-FL-32835","2022 Whitfield Ln, Orlando, FL 32835",2022 Whitfield Ln,,Orlando,FL,32835,Orange County,28.510356,-81.505227,single_family,5.0,3.5,3379.0,8756.0,1995.0,Inactive,625000,2021-04-18T15:05:38.267Z,477,13.345508528717259
"8501-Sunset-Willow-Ct,-Orlando,-FL-32835","8501 Sunset Willow Ct, Orlando, FL 32835",8501 Sunset Willow Ct,,Orlando,FL,32835,Orange County,28.502676,-81.500759,single_family,4.0,3.0,2961.0,8756.0,1995.0,Inactive,619900,2021-04-18T15:05:38.269Z,477,13.337315066852122
"4457-Willow-Wind-Ct,-Orlando,-FL-32835","4457 Willow Wind Ct, Orlando, FL 32835",4457 Willow Wind Ct,,Orlando,FL,32835,Orange County,28.498366,-81.50293,single_family,4.0,2.0,2518.0,8756.0,1995.0,Inactive,586000,2021-04-18T15:05:28.682Z,477,13.281076775042335
"7310-Forestwood-Ct,-Orlando,-FL-32835","7310 Forestwood Ct, Orlando, FL 32835",7310 Forestwood Ct,,Orlando,FL,32835,Orange County,28.497892,-81.481932,single_family,4.0,3.0,2796.0,8756.0,1995.0,Inactive,525000,2021-04-18T14:56:51.763Z,477,13.171155446333852
"4545-Woodlands-Village-Dr,-Orlando,-FL-32835","4545 Woodlands Village Dr, Orlando, FL 32835",4545 Woodlands Village Dr,,Orlando,FL,32835,Orange County,28.496543,-81.478062,single_family,4.0,3.0,2440.0,8756.0,1995.0,Inactive,475000,2021-04-18T14:51:57.631Z,477,13.07107218827772
"431-Cinnamon-Bark-Ln,-Orlando,-FL-32835","431 Cinnamon Bark Ln, Orlando, FL 32835",431 Cinnamon Bark Ln,,Orlando,FL,32835,Orange County,28.547468,-81.480222,single_family,4.0,2.0,2814.0,8756.0,1995.0,Inactive,465500,2020-09-21T23:34:25.327Z,685,13.050869523924664
"6540-Fairway-Hill-Ct,-Orlando,-FL-32835","6540 Fairway Hill Ct, Orlando, FL 32835",6540 Fairway Hill Ct,,Orlando,FL,32835,Orange County,28.527412,-81.476608,single_family,4.0,3.0,2647.0,8756.0,1995.0,Inactive,460000,2021-04-18T14:51:53.145Z,477,13.038983942375959
"6312-Buford-St,-Apt-602,-Orlando,-FL-32835","6312 Buford St, Apt 602, Orlando, FL 32835",6312 Buford St,Apt 602,Orlando,FL,32835,Orange County,28.505589,-81.466656,condo,3.0,2.5,2345.0,8756.0,1995.0,Inactive,430000,2021-05-12T16:19:32.900Z,453,12.971542813248437
"7125-7127-Harbor-Heights-Cir,-Orlando,-FL-32835","7125 7127 Harbor Heights Cir, Orlando, FL 32835",7125 7127 Harbor Heights Cir,,Orlando,FL,32835,Orange County,28.537749,-81.476888,apartment,5.0,4.0,2526.0,8756.0,1995.0,Inactive,429000,2021-02-11T14:46:43.298Z,543,12.969214528909768
"7925-Canyon-Lake-Cir,-Orlando,-FL-32835","7925 Canyon Lake Cir, Orlando, FL 32835",7925 Canyon Lake Cir,,Orlando,FL,32835,Orange County,28.529923,-81.493626,single_family,3.0,2.5,2056.0,8756.0,1995.0,Inactive,408000,2021-04-18T14:40:15.056Z,477,12.919024904363686
"6763-Fernridge-Dr,-Orlando,-FL-32835","6763 Fernridge Dr, Orlando, FL 32835",6763 Fernridge Dr,,Orlando,FL,32835,Orange County,28.495735,-81.474171,single_family,4.0,3.0,1871.0,8756.0,1995.0,Inactive,400000,2021-05-12T16:16:32.930Z,453,12.899222326086994
"7825-Saint-Andrews-Cir,-Orlando,-FL-32835","7825 Saint Andrews Cir, Orlando, FL 32835",7825 Saint Andrews Cir,,Orlando,FL,32835,Orange County,28.518942,-81.499156,single_family,4.0,3.0,2372.0,8756.0,1995.0,Inactive,395000,2021-04-18T14:30:25.328Z,478,12.886643575525625
"7700-Rollingridge-Ct,-Orlando,-FL-32835","7700 Rollingridge Ct, Orlando, FL 32835",7700 Rollingridge Ct,,Orlando,FL,32835,Orange County,28.523975,-81.488563,single_family,3.0,2.0,1838.0,8756.0,1995.0,Inactive,387000,2021-02-11T14:36:27.663Z,544,12.866182555987908
"6336-Buford-St,-Apt-608,-Orlando,-FL-32835","6336 Buford St, Apt 608, Orlando, FL 32835",6336 Buford St,Apt 608,Orlando,FL,32835,Orange County,28.505579,-81.467714,condo,3.0,2.5,2345.0,8756.0,1995.0,Inactive,379000,2021-05-12T15:51:27.097Z,454,12.84529412258351
"2715-Grantham-Ct,-Orlando,-FL-32835","2715 Grantham Ct, Orlando, FL 32835",2715 Grantham Ct,,Orlando,FL,32835,Orange County,28.513965,-81.491217,single_family,3.0,2.0,1841.0,8756.0,1995.0,Inactive,369000,2021-05-12T15:33:12.928Z,454,12.818554633046093
"6128-Froggatt-St,-Orlando,-FL-32835","6128 Froggatt St, Orlando, FL 32835",6128 Froggatt St,,Orlando,FL,32835,Orange County,28.507201,-81.466299,single_family,4.0,2.0,2039.0,8756.0,1995.0,Inactive,350000,2021-05-12T15:27:18.901Z,454,12.765691290604371
"7020-W-Livingston-St,-Orlando,-FL-32835","7020 W Livingston St, Orlando, FL 32835",7020 W Livingston St,,Orlando,FL,32835,Orange County,28.546124,-81.476655,apartment,3.0,1.0,2208.0,8756.0,1995.0,Inactive,349000,2021-02-27T14:49:26.264Z,528,12.762830066509972
"1366-Saddleridge-Dr,-Orlando,-FL-32835","1366 Saddleridge Dr, Orlando, FL 32835",1366 Saddleridge Dr,,Orlando,FL,32835,Orange County,28.523983,-81.492325,single_family,4.0,3.0,2581.0,8756.0,1995.0,Inactive,330000,2021-02-11T14:20:54.434Z,544,12.706850963741102
"2748-Grantham-Ct,-Orlando,-FL-32835","2748 Grantham Ct, Orlando, FL 32835",2748 Grantham Ct,,Orlando,FL,32835,Orange County,28.51274,-81.491935,single_family,3.0,2.0,1899.0,8756.0,1995.0,Inactive,319000,2021-02-25T14:59:00.488Z,530,12.672949516558306
"7262-Cherry-Laurel-Dr,-Orlando,-FL-32835","7262 Cherry Laurel Dr, Orlando, FL 32835",7262 Cherry Laurel Dr,,Orlando,FL,32835,Orange County,28.54191,-81.481635,single_family,4.0,2.0,1713.0,8756.0,1995.0,Inactive,319000,2021-04-18T14:06:38.306Z,478,12.672949516558306
"6278-Miramonte-Dr,-Unit-102,-Orlando,-FL-32835","6278 Miramonte Dr, Unit 102, Orlando, FL 32835",6278 Miramonte Dr,Unit 102,Orlando,FL,32835,Orange County,28.510404,-81.468031,condo,3.0,2.5,2010.0,8756.0,1995.0,Inactive,315000,2021-04-18T14:06:38.305Z,478,12.660331092405906
"6336-Buford-St,-Apt-501,-Orlando,-FL-32835","6336 Buford St, Apt 501, Orlando, FL 32835",6336 Buford St,Apt 501,Orlando,FL,32835,Orange County,28.505579,-81.467714,condo,3.0,2.0,2010.0,8756.0,1995.0,Inactive,308000,2021-05-12T15:24:21.405Z,454,12.637858308703688
"6253-Miramonte-Dr,-Unit-104,-Orlando,-FL-32835","6253 Miramonte Dr, Unit 104, Orlando, FL 32835",6253 Miramonte Dr,Unit 104,Orlando,FL,32835,Orange County,28.510753,-81.468401,condo,3.0,2.5,2010.0,8756.0,1995.0,Inactive,314900,2021-02-11T14:20:54.441Z,544,12.66001358269538
"6640-Chantry-St,-Orlando,-FL-32835","6640 Chantry St, Orlando, FL 32835",6640 Chantry St,,Orlando,FL,32835,Orange County,28.542621,-81.474734,single_family,4.0,3.0,1520.0,8756.0,1995.0,Inactive,300000,2020-09-15T19:16:09.143Z,692,12.611541086966115
"7109-Tallowtree-Ln,-Orlando,-FL-32835","7109 Tallowtree Ln, Orlando, FL 32835",7109 Tallowtree Ln,,Orlando,FL,32835,Orange County,28.544628,-81.478162,single_family,3.0,2.0,1647.0,8756.0,1995.0,Inactive,299995,2021-04-18T13:59:28.271Z,478,12.611524420216115
"3362-Robert-Trent-Jones-Dr,-Unit-404,-Orlando,-FL-32835","3362 Robert Trent Jones Dr, Unit 404, Orlando, FL 32835",3362 Robert Trent Jones Dr,Unit 404,Orlando,FL,32835,Orange County,28.505128,-81.471408,condo,3.0,2.0,2129.0,8756.0,1995.0,Inactive,295000,2021-02-11T14:12:54.688Z,544,12.59473402514672
"113-Lake-Dr,-Orlando,-FL-32835","113 Lake Dr, Orlando, FL 32835",113 Lake Dr,,Orlando,FL,32835,Orange County,28.541301,-81.497759,single_family,4.0,3.0,1886.0,8756.0,1995.0,Inactive,292900,2021-05-12T15:05:23.626Z,454,12.587589946944513
"3368-Robert-Trent-Jones-Dr,-Unit-20608,-Orlando,-FL-32835","3368 Robert Trent Jones Dr, Unit 20608, Orlando, FL 32835",3368 Robert Trent Jones Dr,Unit 20608,Orlando,FL,32835,Orange County,28.505045,-81.470331,condo,3.0,2.0,1962.0,8756.0,1995.0,Inactive,285000,2020-09-21T23:28:14.490Z,686,12.560247968016562
"1829-Westpointe-Cir,-Orlando,-FL-32835","1829 Westpointe Cir, Orlando, FL 32835",1829 Westpointe Cir,,Orlando,FL,32835,Orange County,28.520282,-81.503927,single_family,3.0,2.0,1591.0,8756.0,1995.0,Inactive,285000,2020-09-21T23:28:14.488Z,686,12.560247968016562
"252-Brigadoon-Pt,-Orlando,-FL-32835","252 Brigadoon Pt, Orlando, FL 32835",252 Brigadoon Pt,,Orlando,FL,32835,Orange County,28.544635,-81.486405,single_family,3.0,2.0,1568.0,8756.0,1995.0,Inactive,280000,2021-04-18T13:35:23.081Z,478,12.54254845357358
"7262-Catamaran-Dr,-Orlando,-FL-32835","7262 Catamaran Dr, Orlando, FL 32835",7262 Catamaran Dr,,Orlando,FL,32835,Orange County,28.539231,-81.479864,single_family,4.0,2.0,1515.0,8756.0,1995.0,Inactive,270000,2021-04-18T13:35:20.502Z,478,12.506180941677357
"1037-Summer-Lakes-Dr,-Orlando,-FL-32835","1037 Summer Lakes Dr, Orlando, FL 32835",1037 Summer Lakes Dr,,Orlando,FL,32835,Orange County,28.532748,-81.48611,single_family,3.0,2.0,1472.0,8756.0,1995.0,Inactive,270000,2021-05-12T14:32:35.899Z,454,12.506180941677357
"106-Cranfield-Ct,-Orlando,-FL-32835","106 Cranfield Ct, Orlando, FL 32835",106 Cranfield Ct,,Orlando,FL,32835,Orange County,28.541354,-81.492162,single_family,4.0,2.0,1263.0,8756.0,1995.0,Inactive,269000,2021-03-14T15:40:49.443Z,513,12.502470376049185
"433-Satsuma-Ln,-Orlando,-FL-32835","433 Satsuma Ln, Orlando, FL 32835",433 Satsuma Ln,,Orlando,FL,32835,Orange County,28.535845,-81.490664,single_family,3.0,2.0,1120.0,8756.0,1995.0,Inactive,265000,2021-03-05T13:26:55.635Z,522,12.487488878546145
"937-Saint-Croix-Ct,-Orlando,-FL-32835","937 Saint Croix Ct, Orlando, FL 32835",937 Saint Croix Ct,,Orlando,FL,32835,Orange County,28.529707,-81.477003,single_family,3.0,2.0,1272.0,8756.0,1995.0,Inactive,260000,2021-02-11T13:47:52.893Z,544,12.468440756144114
"7041-Tallowtree-Ln,-Orlando,-FL-32835","7041 Tallowtree Ln, Orlando, FL 32835",7041 Tallowtree Ln,,Orlando,FL,32835,Orange County,28.544632,-81.477601,single_family,3.0,2.0,1666.0,8756.0,1995.0,Inactive,259500,2021-04-18T13:19:47.155Z,478,12.466515835145202
"400-S-Hart-Blvd,-Orlando,-FL-32835","400 S Hart Blvd, Orlando, FL 32835",400 S Hart Blvd,,Orlando,FL,32835,Orange County,28.536112,-81.470433,single_family,3.0,2.0,1124.0,8756.0,1995.0,Inactive,250000,2021-05-12T13:12:05.860Z,454,12.429220196836383
"6396-Daysbrook-Dr,-Unit-101,-Orlando,-FL-32835","6396 Daysbrook Dr, Unit 101, Orlando, FL 32835",6396 Daysbrook Dr,Unit 101,Orlando,FL,32835,Orange County,28.505453,-81.469144,condo,3.0,2.5,1665.0,8756.0,1995.0,Inactive,247300,2021-05-12T13:12:05.844Z,454,12.418361497172986
"6080-Twain-St,-Unit-102,-Orlando,-FL-32835","6080 Twain St, Unit 102, Orlando, FL 32835",6080 Twain St,Unit 102,Orlando,FL,32835,Orange County,28.50979,-81.464698,condo,3.0,2.5,1682.0,8756.0,1995.0,Inactive,244900,2021-04-18T13:02:51.778Z,478,12.408609326231229
"7237-Harbor-Heights-Cir,-Orlando,-FL-32835","7237 Harbor Heights Cir, Orlando, FL 32835",7237 Harbor Heights Cir,,Orlando,FL,32835,Orange County,28.538407,-81.479068,condo,3.0,2.0,1216.0,8756.0,1995.0,Inactive,229000,2021-03-14T15:17:20.724Z,513,12.34148164933907
"2896-Polvadero-Ln,-Unit-104,-Orlando,-FL-32835","2896 Polvadero Ln, Unit 104, Orlando, FL 32835",2896 Polvadero Ln,Unit 104,Orlando,FL,32835,Orange County,28.512546,-81.467505,condo,2.0,2.5,1546.0,8756.0,1995.0,Inactive,229000,2021-05-12T12:55:20.327Z,454,12.34148164933907
"533-S-Observatory-Dr,-Orlando,-FL-32835","533 S Observatory Dr, Orlando, FL 32835",533 S Observatory Dr,,Orlando,FL,32835,Orange County,28.534062,-81.467761,single_family,3.0,2.0,1142.0,8756.0,1995.0,Inactive,219900,2021-05-12T11:58:04.794Z,454,12.300932724054114
"241-Grove-St,-Orlando,-FL-32835","241 Grove St, Orlando, FL 32835",241 Grove St,,Orlando,FL,32835,Orange County,28.543876,-81.496837,single_family,2.0,1.0,911.0,8756.0,1995.0,Inactive,209900,2021-04-18T12:33:05.326Z,478,12.254391269970792
"3332-Robert-Trent-Jones-Dr,-Unit-40803,-Orlando,-FL-32835","3332 Robert Trent Jones Dr, Unit 40803, Orlando, FL 32835",3332 Robert Trent Jones Dr,Unit 40803,Orlando,FL,32835,Orange County,28.505906,-81.470596,condo,3.0,2.0,1247.0,8756.0,1995.0,Inactive,180000,2021-02-11T12:24:14.953Z,544,12.100717685412471
"6084-Stevenson-Dr,-Unit-303,-Orlando,-FL-32835","6084 Stevenson Dr, Unit 303, Orlando, FL 32835",6084 Stevenson Dr,Unit 303,Orlando,FL,32835,Orange County,28.508904,-81.464166,condo,3.0,2.0,1206.0,8756.0,1995.0,Inactive,179000,2021-04-18T11:50:49.040Z,478,12.095146671399466
"6124-Westgate-Dr,-Apt-202,-Orlando,-FL-32835","6124 Westgate Dr, Apt 202, Orlando, FL 32835",6124 Westgate Dr,Apt 202,Orlando,FL,32835,Orange County,28.53178,-81.466024,condo,2.0,2.0,1422.0,8756.0,1995.0,Inactive,145000,2020-11-05T11:42:29.998Z,642,11.884495917930655
"6016-Westgate-Dr,-Apt-104,-Orlando,-FL-32835","6016 Westgate Dr, Apt 104, Orlando, FL 32835",6016 Westgate Dr,Apt 104,Orlando,FL,32835,Orange County,28.531215,-81.465369,condo,2.0,2.0,991.0,8756.0,1995.0,Inactive,139000,2021-04-18T10:51:13.885Z,478,11.842236406331555
"7589-Blue-Quail-Ln,-Orlando,-FL-32835","7589 Blue Quail Ln, Orlando, FL 32835",7589 Blue Quail Ln,,Orlando,FL,32835,Orange County,28.515537,-81.506667,single_family,5.0,4.5,4959.0,8756.0,1995.0,Inactive,1031810,2020-09-22T02:30:20.452Z,686,13.84682606871667
"7583-Blue-Quail-Ln,-Orlando,-FL-32835","7583 Blue Quail Ln, Orlando, FL 32835",7583 Blue Quail Ln,,Orlando,FL,32835,Orange County,28.515542,-81.506933,single_family,5.0,4.5,4959.0,8756.0,1995.0,Inactive,1002756,2020-09-22T02:29:03.830Z,686,13.818263764410727
"258-Mileham-Dr,-Orlando,-FL-32835","258 Mileham Dr, Orlando, FL 32835",258 Mileham Dr,,Orlando,FL,32835,Orange County,28.537796,-81.503153,single_family,4.0,3.0,2949.0,8756.0,1995.0,Inactive,499000,2021-02-11T14:57:44.209Z,544,13.120363378739663
"7649-Mount-Carmel-Dr,-Orlando,-FL-32835","7649 Mount Carmel Dr, Orlando, FL 32835",7649 Mount Carmel Dr,,Orlando,FL,32835,Orange County,28.521427,-81.496312,single_family,4.0,3.0,2455.0,8756.0,1995.0,Inactive,498000,2021-04-18T14:56:47.216Z,478,13.118357364036902
"7802-Bardmoor-Hill-Cir,-Orlando,-FL-32835","7802 Bardmoor Hill Cir, Orlando, FL 32835",7802 Bardmoor Hill Cir,,Orlando,FL,32835,Orange County,28.520667,-81.50123,single_family,5.0,3.0,3312.0,8756.0,1995.0,Inactive,486000,2021-04-18T14:56:47.215Z,478,13.093965960493682
"1809-Baillie-Glass-Ln,-Orlando,-FL-32835","1809 Baillie Glass Ln, Orlando, FL 32835",1809 Baillie Glass Ln,,Orlando,FL,32835,Orange County,28.520584,-81.482904,single_family,3.0,2.5,2102.0,8756.0,1995.0,Inactive,429000,2021-02-11T14:46:43.301Z,544,12.969214528909768
"8048-Saint-Andrews-Cir,-Orlando,-FL-32835","8048 Saint Andrews Cir, Orlando, FL 32835",8048 Saint Andrews Cir,,Orlando,FL,32835,Orange County,28.519062,-81.502691,single_family,3.0,2.5,2293.0,8756.0,1995.0,Inactive,400000,2021-03-06T14:30:20.659Z,521,12.899222326086994
"1355-Pleasantridge-Pl,-Orlando,-FL-32835","1355 Pleasantridge Pl, Orlando, FL 32835",1355 Pleasantridge Pl,,Orlando,FL,32835,Orange County,28.523989,-81.493352,single_family,4.0,2.0,2176.0,8756.0,1995.0,Inactive,381000,2021-02-12T13:55:47.584Z,543,12.850557278777309
"7307-Mardell-Ct,-Orlando,-FL-32835","7307 Mardell Ct, Orlando, FL 32835",7307 Mardell Ct,,Orlando,FL,32835,Orange County,28.50722,-81.487473,single_family,4.0,2.5,2114.0,8756.0,1995.0,Inactive,380000,2021-04-18T14:30:20.348Z,478,12.847929163278053
"4602-Conroy-Club-Dr,-Orlando,-FL-32835","4602 Conroy Club Dr, Orlando, FL 32835",4602 Conroy Club Dr,,Orlando,FL,32835,Orange County,28.496215,-81.475118,single_family,4.0,3.0,1820.0,8756.0,1995.0,Inactive,379900,2021-04-18T14:30:20.352Z,478,12.847665971443902
"1369-Countryridge-Pl,-Orlando,-FL-32835","1369 Countryridge Pl, Orlando, FL 32835",1369 Countryridge Pl,,Orlando,FL,32835,Orange County,28.524518,-81.495561,single_family,4.0,2.5,1914.0,8756.0,1995.0,Inactive,368000,2021-02-27T14:39:59.469Z,528,12.81584093453868
"704-Saxby-Ave,-Orlando,-FL-32835","704 Saxby Ave, Orlando, FL 32835",704 Saxby Ave,,Orlando,FL,32835,Orange County,28.533464,-81.477063,single_family,3.0,2.0,1597.0,8756.0,1995.0,Inactive,350000,2021-04-18T14:21:40.787Z,478,12.765691290604371
"7747-Rollingridge-Ct,-Orlando,-FL-32835","7747 Rollingridge Ct, Orlando, FL 32835",7747 Rollingridge Ct,,Orlando,FL,32835,Orange County,28.523643,-81.489617,single_family,4.0,2.0,2036.0,8756.0,1995.0,Inactive,350000,2020-12-12T15:59:07.517Z,605,12.765691290604371
"3374-Flamborough-Dr,-Orlando,-FL-32835","3374 Flamborough Dr, Orlando, FL 32835",3374 Flamborough Dr,,Orlando,FL,32835,Orange County,28.507754,-81.463663,single_family,4.0,2.0,1959.0,8756.0,1995.0,Inactive,324900,2021-02-19T15:16:05.804Z,536,12.691275799522568
"712-Rosemere-Cir,-Orlando,-FL-32835","712 Rosemere Cir, Orlando, FL 32835",712 Rosemere Cir,,Orlando,FL,32835,Orange County,28.530818,-81.506825,single_family,3.0,2.0,1590.0,8756.0,1995.0,Inactive,315000,2021-04-18T14:06:38.306Z,478,12.660331092405906
"7313-Victoria-Cir,-Orlando,-FL-32835","7313 Victoria Cir, Orlando, FL 32835",7313 Victoria Cir,,Orlando,FL,32835,Orange County,28.541489,-81.482691,single_family,3.0,2.0,1636.0,8756.0,1995.0,Inactive,310000,2021-02-11T14:20:54.436Z,544,12.644330802262578
"6316-Miramonte-Dr,-Unit-104,-Orlando,-FL-32835","6316 Miramonte Dr, Unit 104, Orlando, FL 32835",6316 Miramonte Dr,Unit 104,Orlando,FL,32835,Orange County,28.509739,-81.468367,condo,3.0,2.5,2010.0,8756.0,1995.0,Inactive,295000,2021-02-11T14:12:54.686Z,544,12.59473402514672
"3356-Robert-Trent-Jones-Dr,-Unit-30306,-Orlando,-FL-32835","3356 Robert Trent Jones Dr, Unit 30306, Orlando, FL 32835",3356 Robert Trent Jones Dr,Unit 30306,Orlando,FL,32835,Orange County,28.505534,-81.472185,condo,3.0,2.0,2129.0,8756.0,1995.0,Inactive,289900,2021-02-11T13:55:28.915Z,544,12.57729476436913
"322-Tiburon-Ct,-Orlando,-FL-32835","322 Tiburon Ct, Orlando, FL 32835",322 Tiburon Ct,,Orlando,FL,32835,Orange County,28.536276,-81.487767,single_family,3.0,2.5,2086.0,8756.0,1995.0,Inactive,289000,2021-03-14T15:59:40.425Z,513,12.574185427296195
"3368-Robert-Trent-Jones-Dr,-Unit-30608,-Orlando,-FL-32835","3368 Robert Trent Jones Dr, Unit 30608, Orlando, FL 32835",3368 Robert Trent Jones Dr,Unit 30608,Orlando,FL,32835,Orange County,28.505045,-81.470331,condo,3.0,2.0,1962.0,8756.0,1995.0,Inactive,264900,2020-10-16T17:04:22.411Z,662,12.487111450262473
"6650-Chantry-St,-Orlando,-FL-32835","6650 Chantry St, Orlando, FL 32835",6650 Chantry St,,Orlando,FL,32835,Orange County,28.54231,-81.474821,single_family,3.0,2.0,1155.0,8756.0,1995.0,Inactive,235000,2021-04-18T13:02:51.759Z,478,12.367345048436391
"3133-Capri-Isle-Way,-Orlando,-FL-32835","3133 Capri Isle Way, Orlando, FL 32835",3133 Capri Isle Way,,Orlando,FL,32835,Orange County,28.509897,-81.462299,condo,3.0,2.5,1591.0,8756.0,1995.0,Inactive,235000,2021-04-18T13:02:51.757Z,478,12.367345048436391
"6000-Kipling-Ct,-Unit-103,-Orlando,-FL-32835","6000 Kipling Ct, Unit 103, Orlando, FL 32835",6000 Kipling Ct,Unit 103,Orlando,FL,32835,Orange County,28.509784,-81.463825,condo,2.0,2.5,1546.0,8756.0,1995.0,Inactive,227900,2021-03-06T12:07:14.388Z,521,12.336666603113574
"3545-Shallot-Dr,-Unit-106,-Orlando,-FL-32835","3545 Shallot Dr, Unit 106, Orlando, FL 32835",3545 Shallot Dr,Unit 106,Orlando,FL,32835,Orange County,28.507238,-81.469789,condo,2.0,2.5,1546.0,8756.0,1995.0,Inactive,225000,2021-04-18T12:59:12.984Z,478,12.323860125621126
"2847-Metro-Sevilla-Dr,-Unit-102,-Orlando,-FL-32835","2847 Metro Sevilla Dr, Unit 102, Orlando, FL 32835",2847 Metro Sevilla Dr,Unit 102,Orlando,FL,32835,Orange County,28.512439,-81.469231,condo,2.0,2.0,1536.0,8756.0,1995.0,Inactive,219900,2020-09-21T20:55:22.308Z,686,12.300932724054114
"3401-Shallot-Dr,-Unit-106,-Orlando,-FL-32835","3401 Shallot Dr, Unit 106, Orlando, FL 32835",3401 Shallot Dr,Unit 106,Orlando,FL,32835,Orange County,28.507355,-81.46853,condo,2.0,2.5,1546.0,8756.0,1995.0,Inactive,219000,2021-02-26T12:50:30.680Z,529,12.296831574998258
"6382-Daysbrook-Dr,-Unit-102,-Orlando,-FL-32835","6382 Daysbrook Dr, Unit 102, Orlando, FL 32835",6382 Daysbrook Dr,Unit 102,Orlando,FL,32835,Orange County,28.505181,-81.46867,condo,3.0,2.5,1682.0,8756.0,1995.0,Inactive,214990,2021-02-11T13:18:58.395Z,544,12.278351445768509
"3542-Shallot-Dr,-Unit-103,-Orlando,-FL-32835","3542 Shallot Dr, Unit 103, Orlando, FL 32835",3542 Shallot Dr,Unit 103,Orlando,FL,32835,Orange County,28.507252,-81.470259,condo,2.0,2.5,1546.0,8756.0,1995.0,Inactive,214900,2021-03-06T11:55:20.979Z,521,12.277932735946903
"6107-Metrowest-Blvd,-Unit-102,-Orlando,-FL-32835","6107 Metrowest Blvd, Unit 102, Orlando, FL 32835",6107 Metrowest Blvd,Unit 102,Orlando,FL,32835,Orange County,28.514825,-81.464723,condo,3.0,2.5,1678.0,8756.0,1995.0,Inactive,205000,2020-12-04T02:52:06.670Z,613,12.230770136157428
"6127-Metrowest-Blvd,-Unit-104,-Orlando,-FL-32835","6127 Metrowest Blvd, Unit 104, Orlando, FL 32835",6127 Metrowest Blvd,Unit 104,Orlando,FL,32835,Orange County,28.516786,-81.4642,condo,2.0,2.0,1361.0,8756.0,1995.0,Inactive,196900,2020-10-18T14:57:08.498Z,660,12.190456343334482
"6451-Old-Park-Ln,-Unit-103,-Orlando,-FL-32835","6451 Old Park Ln, Unit 103, Orlando, FL 32835",6451 Old Park Ln,Unit 103,Orlando,FL,32835,Orange County,28.515005,-81.468789,condo,3.0,2.0,1247.0,8756.0,1995.0,Inactive,185000,2021-02-11T12:24:14.963Z,544,12.128116509451258
"6434-Cava-Alta-Dr,-Unit-406,-Orlando,-FL-32835","6434 Cava Alta Dr, Unit 406, Orlando, FL 32835",6434 Cava Alta Dr,Unit 406,Orlando,FL,32835,Orange County,28.515554,-81.468881,condo,3.0,2.0,1247.0,8756.0,1995.0,Inactive,182000,2021-04-18T11:50:49.047Z,478,12.111767460549332
"3338-Robert-Trent-Jones-Dr,-Unit-10404,-Orlando,-FL-32835","3338 Robert Trent Jones Dr, Unit 10404, Orlando, FL 32835",3338 Robert Trent Jones Dr,Unit 10404,Orlando,FL,32835,Orange County,28.505799,-81.471162,condo,3.0,2.0,1391.0,8756.0,1995.0,Inactive,180000,2021-04-18T11:50:49.045Z,478,12.100717685412471
"6611-Time-Square-Ave,-Apt-103,-Orlando,-FL-32835","6611 Time Square Ave, Apt 103, Orlando, FL 32835",6611 Time Square Ave,Apt 103,Orlando,FL,32835,Orange County,28.508356,-81.472852,condo,2.0,2.5,1548.0,8756.0,1995.0,Inactive,179900,2021-04-18T11:50:49.043Z,478,12.100161978566867
"311-Nice-Ave,-Orlando,-FL-32835","311 Nice Ave, Orlando, FL 32835",311 Nice Ave,,Orlando,FL,32835,Orange County,28.545585,-81.464057,single_family,3.0,1.5,956.0,8756.0,1995.0,Inactive,179000,2020-09-20T19:15:57.137Z,687,12.095146671399466
"7135-Yacht-Basin-Ave,-Apt-229,-Orlando,-FL-32835","7135 Yacht Basin Ave, Apt 229, Orlando, FL 32835",7135 Yacht Basin Ave,Apt 229,Orlando,FL,32835,Orange County,28.512782,-81.484826,condo,3.0,2.0,1206.0,8756.0,1995.0,Inactive,170000,2021-04-18T11:31:08.920Z,478,12.04355959836804
"6166-Stevenson-Dr,-Unit-310,-Orlando,-FL-32835","6166 Stevenson Dr, Unit 310, Orlando, FL 32835",6166 Stevenson Dr,Unit 310,Orlando,FL,32835,Orange County,28.508519,-81.465465,condo,3.0,2.0,1408.0,8756.0,1995.0,Inactive,165000,2021-04-18T11:28:19.781Z,478,12.013706813470414
"2648-Robert-Trent-Jones-Dr,-Apt-211,-Orlando,-FL-32835","2648 Robert Trent Jones Dr, Apt 211, Orlando, FL 32835",2648 Robert Trent Jones Dr,Apt 211,Orlando,FL,32835,Orange County,28.514265,-81.471206,condo,3.0,2.0,1295.0,8756.0,1995.0,Inactive,150000,2021-02-11T11:28:34.663Z,544,11.918397239722838
"6149-Metrowest-Blvd,-Unit-206,-Orlando,-FL-32835","6149 Metrowest Blvd, Unit 206, Orlando, FL 32835",6149 Metrowest Blvd,Unit 206,Orlando,FL,32835,Orange County,28.516427,-81.465746,condo,2.0,2.0,1124.0,8756.0,1995.0,Inactive,150000,2021-04-18T11:25:42.352Z,478,11.918397239722838
"6404-Raleigh-St,-Apt-2311,-Orlando,-FL-32835","6404 Raleigh St, Apt 2311, Orlando, FL 32835",6404 Raleigh St,Apt 2311,Orlando,FL,32835,Orange County,28.525617,-81.468421,condo,2.0,2.0,1062.0,8756.0,1995.0,Inactive,154900,2020-10-24T14:57:28.368Z,654,11.950541482162043
"3209-Parkchester-Square-Blvd,-Apt-101,-Orlando,-FL-32835","3209 Parkchester Square Blvd, Apt 101, Orlando, FL 32835",3209 Parkchester Square Blvd,Apt 101,Orlando,FL,32835,Orange County,28.509242,-81.471972,condo,2.0,2.0,1107.0,8756.0,1995.0,Inactive,150000,2021-04-18T11:25:42.350Z,478,11.918397239722838
"7210-Westpointe-Blvd,-Apt-1331,-Orlando,-FL-32835","7210 Westpointe Blvd, Apt 1331, Orlando, FL 32835",7210 Westpointe Blvd,Apt 1331,Orlando,FL,32835,Orange County,28.516808,-81.48638,condo,2.0,2.0,1072.0,8756.0,1995.0,Inactive,149000,2021-02-11T11:16:02.607Z,544,11.91170829631447
"6172-Westgate-Dr,-Apt-102,-Orlando,-FL-32835","6172 Westgate Dr, Apt 102, Orlando, FL 32835",6172 Westgate Dr,Apt 102,Orlando,FL,32835,Orange County,28.530625,-81.46731,condo,2.0,2.0,943.0,8756.0,1995.0,Inactive,145000,2021-03-09T11:00:43.234Z,518,11.884495917930655
"1037-S-Hiawassee-Rd,-Apt-2817,-Orlando,-FL-32835","1037 S Hiawassee Rd, Apt 2817, Orlando, FL 32835",1037 S Hiawassee Rd,Apt 2817,Orlando,FL,32835,Orange County,28.529906,-81.471522,condo,2.0,2.0,934.0,8756.0,1995.0,Inactive,138500,2020-11-08T12:16:18.112Z,639,11.83863282480007
"1055-S-Hiawassee-Rd,-Apt-2011,-Orlando,-FL-32835","1055 S Hiawassee Rd, Apt 2011, Orlando, FL 32835",1055 S Hiawassee Rd,Apt 2011,Orlando,FL,32835,Orange County,28.528563,-81.472734,condo,2.0,2.0,934.0,8756.0,1995.0,Inactive,139900,2020-12-04T01:53:02.023Z,613,11.848690308590857
"1021-S-Hiawassee-Rd,-Apt-3921,-Orlando,-FL-32835","1021 S Hiawassee Rd, Apt 3921, Orlando, FL 32835",1021 S Hiawassee Rd,Apt 3921,Orlando,FL,32835,Orange County,28.528946,-81.47423,condo,2.0,2.0,934.0,8756.0,1995.0,Inactive,130000,2021-03-04T11:39:13.151Z,523,11.775297421715827
"6172-Westgate-Dr,-Apt-101,-Orlando,-FL-32835","6172 Westgate Dr, Apt 101, Orlando, FL 32835",6172 Westgate Dr,Apt 101,Orlando,FL,32835,Orange County,28.530625,-81.46731,condo,2.0,2.0,943.0,8756.0,1995.0,Inactive,124000,2020-09-19T12:48:42.363Z,689,11.728044909070785
"7350-Westpointe-Blvd,-Apt-232,-Orlando,-FL-32835","7350 Westpointe Blvd, Apt 232, Orlando, FL 32835",7350 Westpointe Blvd,Apt 232,Orlando,FL,32835,Orange County,28.5164,-81.489023,condo,1.0,1.0,842.0,8756.0,1995.0,Inactive,119000,2021-03-06T09:51:43.145Z,521,11.686887175419702
"1013-S-Hiawassee-Rd,-Apt-3624,-Orlando,-FL-32835","1013 S Hiawassee Rd, Apt 3624, Orlando, FL 32835",1013 S Hiawassee Rd,Apt 3624,Orlando,FL,32835,Orange County,28.529932,-81.474017,condo,1.0,1.0,673.0,8756.0,1995.0,Inactive,119000,2021-04-09T11:26:44.697Z,487,11.686887175419702
"1081-S-Hiawassee-Rd,-Apt-716,-Orlando,-FL-32835","1081 S Hiawassee Rd, Apt 716, Orlando, FL 32835",1081 S Hiawassee Rd,Apt 716,Orlando,FL,32835,Orange County,28.528024,-81.471523,condo,1.0,1.0,627.0,8756.0,1995.0,Inactive,105000,2021-01-15T11:15:13.037Z,571,11.561725152903833
"7762-Jaffa-Dr,-Orlando,-FL-32835","7762 Jaffa Dr, Orlando, FL 32835",7762 Jaffa Dr,,Orlando,FL,32835,Orange County,28.53679,-81.490664,single_family,4.0,2.0,2392.0,8756.0,1995.0,Inactive,330000,2021-04-18T14:16:51.661Z,478,12.706850963741102
"1065-S-Hiawassee-Rd,-Apt-1413,-Orlando,-FL-32835","1065 S Hiawassee Rd, Apt 1413, Orlando, FL 32835",1065 S Hiawassee Rd,Apt 1413,Orlando,FL,32835,Orange County,28.529574,-81.471039,condo,1.0,1.0,673.0,8756.0,1995.0,Inactive,110000,2021-02-18T12:12:21.247Z,537,11.608244735642321
"7360-Westpointe-Blvd,-Apt-121,-Orlando,-FL-32835","7360 Westpointe Blvd, Apt 121, Orlando, FL 32835",7360 Westpointe Blvd,Apt 121,Orlando,FL,32835,Orange County,28.516615,-81.488531,condo,2.0,2.0,1080.0,8756.0,1995.0,Inactive,136900,2021-02-23T12:21:40.417Z,532,11.827013315851762
"3226-Greenwich-Village-Blvd,-Apt-103,-Orlando,-FL-32835","3226 Greenwich Village Blvd, Apt 103, Orlando, FL 32835",3226 Greenwich Village Blvd,Apt 103,Orlando,FL,32835,Orange County,28.508578,-81.473071,condo,1.0,1.0,885.0,8756.0,1995.0,Inactive,119000,2021-03-14T11:36:19.773Z,513,11.686887175419702
"5986-Westgate-Dr,-Apt-103,-Orlando,-FL-32835","5986 Westgate Dr, Apt 103, Orlando, FL 32835",5986 Westgate Dr,Apt 103,Orlando,FL,32835,Orange County,28.530626,-81.46435,condo,1.0,1.0,686.0,8756.0,1995.0,Inactive,109900,2021-03-09T08:35:35.958Z,518,11.60733523953139
"1114-Summer-Lakes-Dr,-Orlando,-FL-32835","1114 Summer Lakes Dr, Orlando, FL 32835",1114 Summer Lakes Dr,,Orlando,FL,32835,Orange County,28.536949,-81.486076,single_family,3.0,2.5,2188.0,8756.0,1995.0,Inactive,278888,2020-12-16T14:38:16.417Z,601,12.538569132178042
"2525-San-Tecla-St,-Unit-104,-Orlando,-FL-32835","2525 San Tecla St, Unit 104, Orlando, FL 32835",2525 San Tecla St,Unit 104,Orlando,FL,32835,Orange County,28.513649,-81.468198,condo,3.0,2.0,1857.0,8756.0,1995.0,Inactive,257900,2020-09-21T21:40:35.394Z,686,12.460331069333806
"5914-Rosette-St,-Orlando,-FL-32835","5914 Rosette St, Orlando, FL 32835",5914 Rosette St,,Orlando,FL,32835,Orange County,28.532874,-81.46219,single_family,3.0,2.0,1160.0,8756.0,1995.0,Inactive,249999,2021-02-11T13:47:15.341Z,544,12.429216196844383
"3356-Robert-Trent-Jones-Dr,-Unit-20506,-Orlando,-FL-32835","3356 Robert Trent Jones Dr, Unit 20506, Orlando, FL 32835",3356 Robert Trent Jones Dr,Unit 20506,Orlando,FL,32835,Orange County,28.505534,-81.472185,condo,2.0,2.0,1962.0,8756.0,1995.0,Inactive,245000,2021-02-11T13:36:33.655Z,544,12.409017571151187
"3522-Shallot-Dr,-Unit-104,-Orlando,-FL-32835","3522 Shallot Dr, Unit 104, Orlando, FL 32835",3522 Shallot Dr,Unit 104,Orlando,FL,32835,Orange County,28.507763,-81.470194,condo,3.0,2.5,1682.0,8756.0,1995.0,Inactive,235000,2021-02-23T13:56:19.183Z,532,12.367345048436391
"6443-Axeitos-Ter,-Unit-108,-Orlando,-FL-32835","6443 Axeitos Ter, Unit 108, Orlando, FL 32835",6443 Axeitos Ter,Unit 108,Orlando,FL,32835,Orange County,28.513272,-81.470257,condo,3.0,2.0,1857.0,8756.0,1995.0,Inactive,234900,2020-09-21T21:20:34.706Z,686,12.366919427768636
"117-N-Hudson-St,-Orlando,-FL-32835","117 N Hudson St, Orlando, FL 32835",117 N Hudson St,,Orlando,FL,32835,Orange County,28.543419,-81.46107,single_family,3.0,2.0,1308.0,8756.0,1995.0,Inactive,227000,2020-09-21T20:57:14.220Z,686,12.33270970174018
"117-Lake-Dr,-Orlando,-FL-32835","117 Lake Dr, Orlando, FL 32835",117 Lake Dr,,Orlando,FL,32835,Orange County,28.541499,-81.497759,single_family,3.0,2.0,1160.0,8756.0,1995.0,Inactive,224900,2020-11-19T15:29:01.049Z,628,12.323415584358154
"2838-Villafuerte-Pt,-Unit-106,-Orlando,-FL-32835","2838 Villafuerte Pt, Unit 106, Orlando, FL 32835",2838 Villafuerte Pt,Unit 106,Orlando,FL,32835,Orange County,28.512361,-81.465939,condo,3.0,2.5,1546.0,8756.0,1995.0,Inactive,217500,2020-09-21T20:56:35.607Z,686,12.289958727201455
"2897-Polvadero-Ln,-Unit-105,-Orlando,-FL-32835","2897 Polvadero Ln, Unit 105, Orlando, FL 32835",2897 Polvadero Ln,Unit 105,Orlando,FL,32835,Orange County,28.512328,-81.46708,condo,3.0,2.5,1682.0,8756.0,1995.0,Inactive,217500,2020-09-24T17:37:05.339Z,683,12.289958727201455
"6440-Axeitos-Ter,-Unit-106,-Orlando,-FL-32835","6440 Axeitos Ter, Unit 106, Orlando, FL 32835",6440 Axeitos Ter,Unit 106,Orlando,FL,32835,Orange County,28.51286,-81.470218,condo,2.0,2.0,1438.0,8756.0,1995.0,Inactive,210000,2020-09-21T20:22:00.090Z,686,12.25486757159303
"2805-Polvadero-Ln,-Unit-106,-Orlando,-FL-32835","2805 Polvadero Ln, Unit 106, Orlando, FL 32835",2805 Polvadero Ln,Unit 106,Orlando,FL,32835,Orange County,28.513179,-81.467387,condo,2.0,2.5,1546.0,8756.0,1995.0,Inactive,210000,2021-03-05T13:03:04.367Z,522,12.25486757159303
"3356-Robert-Trent-Jones-Dr,-Unit-10606,-Orlando,-FL-32835","3356 Robert Trent Jones Dr, Unit 10606, Orlando, FL 32835",3356 Robert Trent Jones Dr,Unit 10606,Orlando,FL,32835,Orange County,28.505534,-81.472185,condo,2.0,2.0,1810.0,8756.0,1995.0,Inactive,205000,2020-11-13T13:24:48.802Z,634,12.230770136157428
"3332-Robert-Trent-Jones-Dr,-Unit-304,-Orlando,-FL-32835","3332 Robert Trent Jones Dr, Unit 304, Orlando, FL 32835",3332 Robert Trent Jones Dr,Unit 304,Orlando,FL,32835,Orange County,28.505906,-81.470595,condo,3.0,2.0,1447.0,8756.0,1995.0,Inactive,188000,2020-11-06T14:47:57.410Z,641,12.144202560946876
"6111-Metrowest-Blvd,-Unit-107,-Orlando,-FL-32835","6111 Metrowest Blvd, Unit 107, Orlando, FL 32835",6111 Metrowest Blvd,Unit 107,Orlando,FL,32835,Orange County,28.515316,-81.464474,condo,3.0,2.5,1678.0,8756.0,1995.0,Inactive,185000,2021-02-11T12:24:14.958Z,544,12.128116509451258
"23-N-Buena-Vista-Ave,-Orlando,-FL-32835","23 N Buena Vista Ave, Orlando, FL 32835",23 N Buena Vista Ave,,Orlando,FL,32835,Orange County,28.542086,-81.468852,single_family,3.0,2.0,1073.0,8756.0,1995.0,Inactive,180000,2020-09-20T19:15:57.139Z,687,12.100717685412471
"6153-Metrowest-Blvd,-Unit-205,-Orlando,-FL-32835","6153 Metrowest Blvd, Unit 205, Orlando, FL 32835",6153 Metrowest Blvd,Unit 205,Orlando,FL,32835,Orange County,28.515707,-81.46557,condo,3.0,2.0,1285.0,8756.0,1995.0,Inactive,177000,2020-09-20T19:15:57.232Z,687,12.083910661257521
"6214-Stevenson-Dr,-Unit-305,-Orlando,-FL-32835","6214 Stevenson Dr, Unit 305, Orlando, FL 32835",6214 Stevenson Dr,Unit 305,Orlando,FL,32835,Orange County,28.508604,-81.466102,condo,3.0,2.0,1408.0,8756.0,1995.0,Inactive,175000,2020-09-20T18:53:00.814Z,687,12.07254696717504
"3326-Robert-Trent-Jones-Dr,-Unit-10602,-Orlando,-FL-32835","3326 Robert Trent Jones Dr, Unit 10602, Orlando, FL 32835",3326 Robert Trent Jones Dr,Unit 10602,Orlando,FL,32835,Orange County,28.50653,-81.470442,condo,3.0,2.0,1247.0,8756.0,1995.0,Inactive,175000,2021-03-04T14:04:59.115Z,523,12.07254696717504
"119-N-Normandale-Ave,-Orlando,-FL-32835","119 N Normandale Ave, Orlando, FL 32835",119 N Normandale Ave,,Orlando,FL,32835,Orange County,28.543565,-81.46005,single_family,2.0,2.0,1350.0,8756.0,1995.0,Inactive,175000,2021-02-11T12:09:40.387Z,544,12.07254696717504
"6153-Metrowest-Blvd,-Unit-307,-Orlando,-FL-32835","6153 Metrowest Blvd, Unit 307, Orlando, FL 32835",6153 Metrowest Blvd,Unit 307,Orlando,FL,32835,Orange County,28.515707,-81.46557,condo,3.0,2.0,1369.0,8756.0,1995.0,Inactive,175000,2020-12-04T02:40:02.617Z,613,12.07254696717504
"6434-Cava-Alta-Dr,-Unit-310,-Orlando,-FL-32835","6434 Cava Alta Dr, Unit 310, Orlando, FL 32835",6434 Cava Alta Dr,Unit 310,Orlando,FL,32835,Orange County,28.515366,-81.468848,condo,3.0,2.0,1412.0,8756.0,1995.0,Inactive,170000,2021-02-11T12:08:13.427Z,544,12.04355959836804
"6100-Stevenson-Dr,-Unit-103,-Orlando,-FL-32835","6100 Stevenson Dr, Unit 103, Orlando, FL 32835",6100 Stevenson Dr,Unit 103,Orlando,FL,32835,Orange County,28.508575,-81.464783,condo,3.0,2.0,1206.0,8756.0,1995.0,Inactive,170000,2020-09-15T21:47:22.437Z,692,12.04355959836804
"3307-Greenwich-Village-Blvd,-Apt-104,-Orlando,-FL-32835","3307 Greenwich Village Blvd, Apt 104, Orlando, FL 32835",3307 Greenwich Village Blvd,Apt 104,Orlando,FL,32835,Orange County,28.50815,-81.472078,condo,3.0,2.0,1410.0,8756.0,1995.0,Inactive,170000,2020-11-10T14:08:50.761Z,637,12.04355959836804
"6682-W-Time-Square-Ave,-Unit-102,-Orlando,-FL-32835","6682 W Time Square Ave, Unit 102, Orlando, FL 32835",6682 W Time Square Ave,Unit 102,Orlando,FL,32835,Orange County,28.507511,-81.473658,condo,2.0,2.5,1548.0,8756.0,1995.0,Inactive,167000,2021-03-14T14:35:46.987Z,513,12.025755079404917
"142-Dorscher-Rd,-Orlando,-FL-32835","142 Dorscher Rd, Orlando, FL 32835",142 Dorscher Rd,,Orlando,FL,32835,Orange County,28.542769,-81.48391,condo,2.0,2.0,810.0,8756.0,1995.0,Inactive,164900,2021-02-11T12:08:13.422Z,544,12.013100572810686
"6451-Old-Park-Ln,-Unit-307,-Orlando,-FL-32835","6451 Old Park Ln, Unit 307, Orlando, FL 32835",6451 Old Park Ln,Unit 307,Orlando,FL,32835,Orange County,28.514715,-81.468468,condo,2.0,2.0,1112.0,8756.0,1995.0,Inactive,160000,2021-02-11T12:03:40.846Z,544,11.982935344196433
"2648-Robert-Trent-Jones-Dr,-Apt-221,-Orlando,-FL-32835","2648 Robert Trent Jones Dr, Apt 221, Orlando, FL 32835",2648 Robert Trent Jones Dr,Apt 221,Orlando,FL,32835,Orange County,28.514265,-81.471206,condo,3.0,2.0,1295.0,8756.0,1995.0,Inactive,155000,2020-10-17T12:15:09.398Z,661,11.951186847493476
"6177-Metrowest-Blvd,-Unit-301,-Orlando,-FL-32835","6177 Metrowest Blvd, Unit 301, Orlando, FL 32835",6177 Metrowest Blvd,Unit 301,Orlando,FL,32835,Orange County,28.517363,-81.466222,condo,2.0,2.0,1138.0,8756.0,1995.0,Inactive,155000,2021-02-25T13:27:10.950Z,530,11.951186847493476
"3213-Greenwich-Village-Blvd,-Apt-102,-Orlando,-FL-32835","3213 Greenwich Village Blvd, Apt 102, Orlando, FL 32835",3213 Greenwich Village Blvd,Apt 102,Orlando,FL,32835,Orange County,28.508871,-81.472688,condo,2.0,2.0,1235.0,8756.0,1995.0,Inactive,150000,2020-11-11T15:27:10.872Z,636,11.918397239722838
"1224-S-Hiawassee-Rd,-Apt-618,-Orlando,-FL-32835","1224 S Hiawassee Rd, Apt 618, Orlando, FL 32835",1224 S Hiawassee Rd,Apt 618,Orlando,FL,32835,Orange County,28.523543,-81.473035,condo,2.0,2.0,1050.0,8756.0,1995.0,Inactive,145990,2020-10-06T13:35:13.415Z,672,11.891300254954798
"2558-Robert-Trent-Jones-Dr,-Apt-1417,-Orlando,-FL-32835","2558 Robert Trent Jones Dr, Apt 1417, Orlando, FL 32835",2558 Robert Trent Jones Dr,Apt 1417,Orlando,FL,32835,Orange County,28.516301,-81.472869,condo,2.0,2.0,1150.0,8756.0,1995.0,Inactive,140000,2021-02-11T11:16:02.579Z,544,11.849404844423074
"6412-Queens-Borough-Ave,-Apt-315,-Orlando,-FL-32835","6412 Queens Borough Ave, Apt 315, Orlando, FL 32835",6412 Queens Borough Ave,Apt 315,Orlando,FL,32835,Orange County,28.509743,-81.471395,condo,3.0,2.0,1260.0,8756.0,1995.0,Inactive,139990,2021-02-11T11:28:34.674Z,544,11.84933341381074
"3242-Westchester-Square-Blvd,-Apt-202,-Orlando,-FL-32835","3242 Westchester Square Blvd, Apt 202, Orlando, FL 32835",3242 Westchester Square Blvd,Apt 202,Orlando,FL,32835,Orange County,28.508478,-81.473966,condo,2.0,2.0,1256.0,8756.0,1995.0,Inactive,139900,2020-12-04T01:53:02.023Z,613,11.848690308590857
"3209-Parkchester-Square-Blvd,-Apt-107,-Orlando,-FL-32835","3209 Parkchester Square Blvd, Apt 107, Orlando, FL 32835",3209 Parkchester Square Blvd,Apt 107,Orlando,FL,32835,Orange County,28.509242,-81.471972,condo,3.0,2.0,1260.0,8756.0,1995.0,Inactive,145000,2020-10-29T11:55:41.405Z,649,11.884495917930655
"6171-Metrowest-Blvd,-Unit-104,-Orlando,-FL-32835","6171 Metrowest Blvd, Unit 104, Orlando, FL 32835",6171 Metrowest Blvd,Unit 104,Orlando,FL,32835,Orange County,28.516304,-81.466629,condo,1.0,1.0,731.0,8756.0,1995.0,Inactive,129900,2020-12-07T11:22:36.117Z,610,11.774527900858468
"7230-Westpointe-Blvd,-Apt-1234,-Orlando,-FL-32835","7230 Westpointe Blvd, Apt 1234, Orlando, FL 32835",7230 Westpointe Blvd,Apt 1234,Orlando,FL,32835,Orange County,28.517122,-81.486798,condo,2.0,1.0,1021.0,8756.0,1995.0,Inactive,126000,2021-02-11T10:56:22.635Z,544,11.744045122410057
"6094-Westgate-Dr,-Apt-201,-Orlando,-FL-32835","6094 Westgate Dr, Apt 201, Orlando, FL 32835",6094 Westgate Dr,Apt 201,Orlando,FL,32835,Orange County,28.532531,-81.466494,condo,1.0,1.0,1228.0,8756.0,1995.0,Inactive,112000,2020-09-15T19:27:14.987Z,692,11.626263078808801
"6347-Goethe-St,-Unit-105,-Orlando,-FL-32835","6347 Goethe St, Unit 105, Orlando, FL 32835",6347 Goethe St,Unit 105,Orlando,FL,32835,Orange County,28.509923,-81.467743,condo,3.0,2.5,1682.0,8756.0,1995.0,Inactive,232000,2021-02-11T13:35:18.558Z,544,12.354496960983985
"6117-Metrowest-Blvd,-Unit-106,-Orlando,-FL-32835","6117 Metrowest Blvd, Unit 106, Orlando, FL 32835",6117 Metrowest Blvd,Unit 106,Orlando,FL,32835,Orange County,28.515735,-81.464234,condo,3.0,2.5,1678.0,8756.0,1995.0,Inactive,216000,2020-09-21T20:55:22.308Z,686,12.283038316285214
"2518-Diamond-Ridge-Ct,-Orlando,-FL-32835","2518 Diamond Ridge Ct, Orlando, FL 32835",2518 Diamond Ridge Ct,,Orlando,FL,32835,Orange County,28.515768,-81.504216,single_family,5.0,4.5,4959.0,8756.0,1995.0,Inactive,945195,2020-09-22T02:30:20.448Z,686,13.759147592377344
"2519-Diamond-Ridge-Ct,-Orlando,-FL-32835","2519 Diamond Ridge Ct, Orlando, FL 32835",2519 Diamond Ridge Ct,,Orlando,FL,32835,Orange County,28.515786,-81.503585,single_family,4.0,3.5,3322.0,8756.0,1995.0,Inactive,769500,2020-09-22T02:25:33.351Z,686,13.553497531805386
"7952-Horse-Ferry-Rd,-Orlando,-FL-32835","7952 Horse Ferry Rd, Orlando, FL 32835",7952 Horse Ferry Rd,,Orlando,FL,32835,Orange County,28.504725,-81.50132,single_family,5.0,4.0,3742.0,8756.0,1995.0,Inactive,675000,2021-02-11T15:06:49.371Z,544,13.42246945133505
"7148-W-Livingston-St,-Orlando,-FL-32835","7148 W Livingston St, Orlando, FL 32835",7148 W Livingston St,,Orlando,FL,32835,Orange County,28.545245,-81.479459,single_family,3.0,3.0,2425.0,8756.0,1995.0,Inactive,649500,2020-12-20T15:40:55.116Z,597,13.383959654737488
"8517-French-Oak-Dr,-Orlando,-FL-32835","8517 French Oak Dr, Orlando, FL 32835",8517 French Oak Dr,,Orlando,FL,32835,Orange County,28.49857,-81.501173,single_family,5.0,3.0,2612.0,8756.0,1995.0,Inactive,599900,2021-02-13T14:54:33.471Z,542,13.304519920584285
"7318-Forestwood-Ct,-Orlando,-FL-32835","7318 Forestwood Ct, Orlando, FL 32835",7318 Forestwood Ct,,Orlando,FL,32835,Orange County,28.497888,-81.482343,single_family,4.0,3.0,3300.0,8756.0,1995.0,Inactive,599000,2021-02-11T15:06:02.253Z,544,13.303018546545275
"2138-Langley-Cir,-Orlando,-FL-32835","2138 Langley Cir, Orlando, FL 32835",2138 Langley Cir,,Orlando,FL,32835,Orange County,28.511191,-81.499213,single_family,5.0,3.0,3186.0,8756.0,1995.0,Inactive,549900,2020-09-22T02:09:16.551Z,686,13.217493541006709
"2426-Baesel-View-Dr,-Orlando,-FL-32835","2426 Baesel View Dr, Orlando, FL 32835",2426 Baesel View Dr,,Orlando,FL,32835,Orange County,28.515851,-81.49662,single_family,4.0,4.0,3453.0,8756.0,1995.0,Inactive,539000,2020-09-22T02:08:59.068Z,686,13.197472705176983
"2643-Rangeley-Ct,-Orlando,-FL-32835","2643 Rangeley Ct, Orlando, FL 32835",2643 Rangeley Ct,,Orlando,FL,32835,Orange County,28.515383,-81.490639,single_family,4.0,2.0,2750.0,8756.0,1995.0,Inactive,535000,2021-02-14T14:59:07.642Z,541,13.190023895035274
"2102-Langley-Cir,-Orlando,-FL-32835","2102 Langley Cir, Orlando, FL 32835",2102 Langley Cir,,Orlando,FL,32835,Orange County,28.511863,-81.500751,single_family,4.0,3.0,2672.0,8756.0,1995.0,Inactive,520000,2020-09-22T02:06:59.985Z,686,13.161586013632684
"4524-Village-Wood-Dr,-Orlando,-FL-32835","4524 Village Wood Dr, Orlando, FL 32835",4524 Village Wood Dr,,Orlando,FL,32835,Orange County,28.496637,-81.47622,single_family,4.0,3.5,2845.0,8756.0,1995.0,Inactive,488000,2020-12-08T16:04:42.213Z,609,13.098072734013513
"6647-Crenshaw-Dr,-Orlando,-FL-32835","6647 Crenshaw Dr, Orlando, FL 32835",6647 Crenshaw Dr,,Orlando,FL,32835,Orange County,28.523795,-81.476448,single_family,5.0,3.0,3072.0,8756.0,1995.0,Inactive,479900,2021-02-11T14:56:03.136Z,544,13.081335111611617
"7858-Bardmoor-Hill-Cir,-Orlando,-FL-32835","7858 Bardmoor Hill Cir, Orlando, FL 32835",7858 Bardmoor Hill Cir,,Orlando,FL,32835,Orange County,28.521303,-81.502705,single_family,6.0,3.0,3838.0,8756.0,1995.0,Inactive,469900,2020-09-30T17:29:58.664Z,677,13.060277313201007
"2610-Tilton-Ct,-Orlando,-FL-32835","2610 Tilton Ct, Orlando, FL 32835",2610 Tilton Ct,,Orlando,FL,32835,Orange County,28.515231,-81.489976,single_family,4.0,3.0,3100.0,8756.0,1995.0,Inactive,450000,2021-02-11T14:50:52.623Z,544,13.017005083966255
"6701-Fairway-Cove-Dr,-Orlando,-FL-32835","6701 Fairway Cove Dr, Orlando, FL 32835",6701 Fairway Cove Dr,,Orlando,FL,32835,Orange County,28.526693,-81.477422,single_family,4.0,3.0,2305.0,8756.0,1995.0,Inactive,439900,2021-02-11T14:46:48.059Z,544,12.994304980578146
"4602-Woodlot-Ct,-Orlando,-FL-32835","4602 Woodlot Ct, Orlando, FL 32835",4602 Woodlot Ct,,Orlando,FL,32835,Orange County,28.494816,-81.48032,single_family,3.0,2.5,2524.0,8756.0,1995.0,Inactive,427900,2020-12-20T15:25:38.415Z,597,12.966647139396802
"4229-Winderlakes-Dr,-Orlando,-FL-32835","4229 Winderlakes Dr, Orlando, FL 32835",4229 Winderlakes Dr,,Orlando,FL,32835,Orange County,28.499448,-81.49116,single_family,4.0,3.0,2193.0,8756.0,1995.0,Inactive,425000,2021-02-11T14:46:43.297Z,544,12.959846800844963
"1869-Vista-Royale-Blvd,-Orlando,-FL-32835","1869 Vista Royale Blvd, Orlando, FL 32835",1869 Vista Royale Blvd,,Orlando,FL,32835,Orange County,28.520232,-81.497305,single_family,4.0,3.0,2457.0,8756.0,1995.0,Inactive,425000,2021-03-06T14:33:35.990Z,521,12.959846800844963
"1824-Vista-Royale-Blvd,-Orlando,-FL-32835","1824 Vista Royale Blvd, Orlando, FL 32835",1824 Vista Royale Blvd,,Orlando,FL,32835,Orange County,28.521144,-81.497802,single_family,3.0,2.0,2003.0,8756.0,1995.0,Inactive,420000,2020-10-10T17:29:33.243Z,667,12.948012371209098
"7601-Torino-Ct,-Orlando,-FL-32835","7601 Torino Ct, Orlando, FL 32835",7601 Torino Ct,,Orlando,FL,32835,Orange County,28.519771,-81.495614,single_family,3.0,2.0,2050.0,8756.0,1995.0,Inactive,420000,2021-02-11T14:46:36.114Z,544,12.948012371209098
"1835-Verde-Way,-Orlando,-FL-32835","1835 Verde Way, Orlando, FL 32835",1835 Verde Way,,Orlando,FL,32835,Orange County,28.520646,-81.495154,single_family,4.0,3.0,2435.0,8756.0,1995.0,Inactive,419000,2020-10-22T16:42:11.487Z,655,12.945628585536271
"1064-Almond-Tree-Cir,-Orlando,-FL-32835","1064 Almond Tree Cir, Orlando, FL 32835",1064 Almond Tree Cir,,Orlando,FL,32835,Orange County,28.527715,-81.507437,single_family,4.0,3.0,2363.0,8756.0,1995.0,Inactive,414900,2020-10-28T17:07:38.921Z,649,12.935795216537384
"1832-Baillie-Glass-Ln,-Orlando,-FL-32835","1832 Baillie Glass Ln, Orlando, FL 32835",1832 Baillie Glass Ln,,Orlando,FL,32835,Orange County,28.519778,-81.484012,single_family,3.0,2.5,2236.0,8756.0,1995.0,Inactive,389900,2021-02-13T14:37:11.713Z,542,12.873648139727594
"6151-Froggatt-St,-Orlando,-FL-32835","6151 Froggatt St, Orlando, FL 32835",6151 Froggatt St,,Orlando,FL,32835,Orange County,28.506826,-81.466803,single_family,4.0,3.5,2511.0,8756.0,1995.0,Inactive,382900,2020-09-22T01:17:07.191Z,686,12.855531749109925
"5986-Buford-St,-Orlando,-FL-32835","5986 Buford St, Orlando, FL 32835",5986 Buford St,,Orlando,FL,32835,Orange County,28.507195,-81.463403,single_family,4.0,3.5,2511.0,8756.0,1995.0,Inactive,369000,2021-02-11T14:27:15.526Z,544,12.818554633046093
"6762-Fernridge-Dr,-Orlando,-FL-32835","6762 Fernridge Dr, Orlando, FL 32835",6762 Fernridge Dr,,Orlando,FL,32835,Orange County,28.495252,-81.474165,single_family,4.0,2.0,1942.0,8756.0,1995.0,Inactive,359800,2020-12-04T04:45:21.962Z,613,12.793306379816553
"7814-Rollingridge-Ct,-Orlando,-FL-32835","7814 Rollingridge Ct, Orlando, FL 32835",7814 Rollingridge Ct,,Orlando,FL,32835,Orange County,28.523133,-81.490341,single_family,4.0,2.0,1977.0,8756.0,1995.0,Inactive,359800,2020-12-04T04:40:04.919Z,613,12.793306379816553
"1032-Nin-St,-Orlando,-FL-32835","1032 Nin St, Orlando, FL 32835",1032 Nin St,,Orlando,FL,32835,Orange County,28.533666,-81.487253,single_family,3.0,2.0,1490.0,8756.0,1995.0,Inactive,314000,2021-02-11T14:15:22.950Z,544,12.657151449598695
"6312-Buford-St,-Apt-402,-Orlando,-FL-32835","6312 Buford St, Apt 402, Orlando, FL 32835",6312 Buford St,Apt 402,Orlando,FL,32835,Orange County,28.505589,-81.466656,condo,3.0,2.5,2345.0,8756.0,1995.0,Inactive,299500,2020-09-21T23:36:03.423Z,686,12.60987303543023
"7804-Jaffa-Dr,-Orlando,-FL-32835","7804 Jaffa Dr, Orlando, FL 32835",7804 Jaffa Dr,,Orlando,FL,32835,Orange County,28.536795,-81.490935,single_family,3.0,2.0,1612.0,8756.0,1995.0,Inactive,289900,2021-02-11T13:55:28.915Z,544,12.57729476436913
"2864-Polana-St,-Unit-105,-Orlando,-FL-32835","2864 Polana St, Unit 105, Orlando, FL 32835",2864 Polana St,Unit 105,Orlando,FL,32835,Orange County,28.512376,-81.466708,condo,3.0,2.5,1682.0,8756.0,1995.0,Inactive,224900,2021-02-11T13:21:10.032Z,544,12.323415584358154
"3314-Robert-Trent-Jones-Dr,-Unit-30801,-Orlando,-FL-32835","3314 Robert Trent Jones Dr, Unit 30801, Orlando, FL 32835",3314 Robert Trent Jones Dr,Unit 30801,Orlando,FL,32835,Orange County,28.509216,-81.470214,condo,3.0,2.0,1247.0,8756.0,1995.0,Inactive,175000,2021-03-04T14:04:59.108Z,523,12.07254696717504
"602-Berks-Ct,-Orlando,-FL-32835","602 Berks Ct, Orlando, FL 32835",602 Berks Ct,,Orlando,FL,32835,Orange County,28.533543,-81.472536,single_family,3.0,2.0,1750.0,8756.0,1995.0,Inactive,275000,2020-11-16T15:11:17.460Z,631,12.524530013005734
"6434-Cava-Alta-Dr,-Unit-304,-Orlando,-FL-32835","6434 Cava Alta Dr, Unit 304, Orlando, FL 32835",6434 Cava Alta Dr,Unit 304,Orlando,FL,32835,Orange County,28.515368,-81.468641,condo,3.0,2.0,1447.0,8756.0,1995.0,Inactive,182900,2020-10-25T14:40:27.799Z,653,12.116700301832573
"427-N-Nowell-St,-Orlando,-FL-32835","427 N Nowell St, Orlando, FL 32835",427 N Nowell St,,Orlando,FL,32835,Orange County,28.547523,-81.463181,single_family,3.0,1.5,1000.0,8756.0,1995.0,Inactive,170000,2021-02-11T12:09:40.359Z,544,12.04355959836804
"6166-Stevenson-Dr,-Unit-302,-Orlando,-FL-32835","6166 Stevenson Dr, Unit 302, Orlando, FL 32835",6166 Stevenson Dr,Unit 302,Orlando,FL,32835,Orange County,28.508519,-81.465465,condo,2.0,2.0,1050.0,8756.0,1995.0,Inactive,160000,2021-02-11T12:03:40.863Z,544,11.982935344196433
"4134-Salmon-Dr,-Orlando,-FL-32835","4134 Salmon Dr, Orlando, FL 32835",4134 Salmon Dr,,Orlando,FL,32835,Orange County,28.504613,-81.489955,single_family,3.0,2.5,2566.0,8756.0,1995.0,Inactive,455000,2020-12-16T15:19:57.320Z,601,13.02805489573287
"111-S-Buena-Vista-Ave,-Orlando,-FL-32835","111 S Buena Vista Ave, Orlando, FL 32835",111 S Buena Vista Ave,,Orlando,FL,32835,Orange County,28.53934,-81.468842,single_family,3.0,2.0,1340.0,8756.0,1995.0,Inactive,279900,2020-10-05T15:30:52.575Z,673,12.5421912482017
"371-Snowshoe-Ct,-Orlando,-FL-32835","371 Snowshoe Ct, Orlando, FL 32835",371 Snowshoe Ct,,Orlando,FL,32835,Orange County,28.546372,-81.493658,single_family,3.0,2.0,1417.0,8756.0,1995.0,Inactive,272000,2021-02-11T13:55:19.641Z,544,12.513561021741964
"6052-Westgate-Dr,-Apt-203,-Orlando,-FL-32835","6052 Westgate Dr, Apt 203, Orlando, FL 32835",6052 Westgate Dr,Apt 203,Orlando,FL,32835,Orange County,28.532134,-81.464594,condo,2.0,1.0,1285.0,8756.0,1995.0,Inactive,140000,2021-02-11T11:16:02.562Z,544,11.849404844423074
"7310-Westpointe-Blvd,-Apt-628,-Orlando,-FL-32835","7310 Westpointe Blvd, Apt 628, Orlando, FL 32835",7310 Westpointe Blvd,Apt 628,Orlando,FL,32835,Orange County,28.516365,-81.490785,condo,1.0,1.0,678.0,8756.0,1995.0,Inactive,115000,2021-02-05T11:47:09.326Z,550,11.652696102959753
"4445-Winderwood-Cir,-Orlando,-FL-32835","4445 Winderwood Cir, Orlando, FL 32835",4445 Winderwood Cir,,Orlando,FL,32835,Orange County,28.496301,-81.490072,single_family,4.0,3.0,2623.0,8756.0,1995.0,Inactive,479900,2021-02-11T14:56:03.137Z,544,13.081335111611617
"6024-Froggatt-St,-Orlando,-FL-32835","6024 Froggatt St, Orlando, FL 32835",6024 Froggatt St,,Orlando,FL,32835,Orange County,28.507333,-81.464415,single_family,4.0,3.5,2711.0,8756.0,1995.0,Inactive,399900,2020-09-22T01:27:30.300Z,686,12.89897229545694
"2864-Polana-St,-Unit-106,-Orlando,-FL-32835","2864 Polana St, Unit 106, Orlando, FL 32835",2864 Polana St,Unit 106,Orlando,FL,32835,Orange County,28.512422,-81.466708,condo,2.0,2.5,1546.0,8756.0,1995.0,Inactive,203000,2020-09-21T20:55:18.723Z,686,12.220966184120165
"8124-Saint-Andrews-Cir,-Orlando,-FL-32835","8124 Saint Andrews Cir, Orlando, FL 32835",8124 Saint Andrews Cir,,Orlando,FL,32835,Orange County,28.518036,-81.500723,single_family,4.0,3.0,2358.0,8756.0,1995.0,Inactive,365000,2021-02-11T14:24:59.048Z,544,12.807655372286902
"3356-Robert-Trent-Jones-Dr,-Unit-30806,-Orlando,-FL-32835","3356 Robert Trent Jones Dr, Unit 30806, Orlando, FL 32835",3356 Robert Trent Jones Dr,Unit 30806,Orlando,FL,32835,Orange County,28.505534,-81.472185,condo,3.0,2.0,2129.0,8756.0,1995.0,Inactive,249900,2021-02-11T13:47:15.339Z,544,12.428820118415677
"2484-San-Tecla-St,-Unit-307,-Orlando,-FL-32835","2484 San Tecla St, Unit 307, Orlando, FL 32835",2484 San Tecla St,Unit 307,Orlando,FL,32835,Orange County,28.514617,-81.46809,condo,2.0,2.0,1112.0,8756.0,1995.0,Inactive,165000,2020-09-15T21:47:22.428Z,692,12.013706813470414
"2668-Rangeley-Ct,-Orlando,-FL-32835","2668 Rangeley Ct, Orlando, FL 32835",2668 Rangeley Ct,,Orlando,FL,32835,Orange County,28.514553,-81.490851,single_family,4.0,2.5,2542.0,8756.0,1995.0,Inactive,350000,2021-02-11T14:23:59.986Z,544,12.765691290604371
"7147-Yacht-Basin-Ave,-Apt-136,-Orlando,-FL-32835","7147 Yacht Basin Ave, Apt 136, Orlando, FL 32835",7147 Yacht Basin Ave,Apt 136,Orlando,FL,32835,Orange County,28.513265,-81.485006,condo,3.0,2.0,1408.0,8756.0,1995.0,Inactive,168900,2020-09-15T21:47:22.438Z,692,12.03706802344148
"24-Sweetbay-Ln,-Orlando,-FL-32835","24 Sweetbay Ln, Orlando, FL 32835",24 Sweetbay Ln,,Orlando,FL,32835,Orange County,28.541551,-81.479761,single_family,3.0,2.0,2149.0,8756.0,1995.0,Inactive,279900,2020-12-14T15:57:22.403Z,603,12.5421912482017
"7641-San-Remo-Pl,-Orlando,-FL-32835","7641 San Remo Pl, Orlando, FL 32835",7641 San Remo Pl,,Orlando,FL,32835,Orange County,28.497885,-81.485687,single_family,5.0,4.0,3865.0,8756.0,1995.0,Inactive,659900,2020-09-22T02:20:11.229Z,686,13.399845102751483
"7276-Hawksnest-Blvd,-Orlando,-FL-32835","7276 Hawksnest Blvd, Orlando, FL 32835",7276 Hawksnest Blvd,,Orlando,FL,32835,Orange County,28.520232,-81.487158,single_family,3.0,2.0,1766.0,8756.0,1995.0,Inactive,359900,2020-12-06T15:46:26.309Z,611,12.79358427261286
"1338-Countryridge-Pl,-Orlando,-FL-32835","1338 Countryridge Pl, Orlando, FL 32835",1338 Countryridge Pl,,Orlando,FL,32835,Orange County,28.525452,-81.49562,single_family,3.0,2.0,1805.0,8756.0,1995.0,Inactive,350000,2021-02-11T14:21:10.929Z,544,12.765691290604371
"215-Westmoor-Bnd,-Orlando,-FL-32835","215 Westmoor Bnd, Orlando, FL 32835",215 Westmoor Bnd,,Orlando,FL,32835,Orange County,28.54493,-81.487678,single_family,3.0,2.0,1763.0,8756.0,1995.0,Inactive,313000,2020-09-21T23:49:35.410Z,686,12.653961664405365
"419-S-Buena-Vista-Ave,-Orlando,-FL-32835","419 S Buena Vista Ave, Orlando, FL 32835",419 S Buena Vista Ave,,Orlando,FL,32835,Orange County,28.535742,-81.468808,single_family,2.0,2.0,1170.0,8756.0,1995.0,Inactive,275000,2020-12-18T17:15:36.122Z,598,12.524530013005734
"7936-Canyon-Lake-Cir,-Orlando,-FL-32835","7936 Canyon Lake Cir, Orlando, FL 32835",7936 Canyon Lake Cir,,Orlando,FL,32835,Orange County,28.529247,-81.49449,single_family,4.0,3.0,2485.0,8756.0,1995.0,Inactive,392000,2021-02-11T14:36:27.655Z,544,12.879019669789754
"7702-Murcott-Cir,-Orlando,-FL-32835","7702 Murcott Cir, Orlando, FL 32835",7702 Murcott Cir,,Orlando,FL,32835,Orange County,28.539933,-81.490691,single_family,3.0,2.0,1667.0,8756.0,1995.0,Inactive,270000,2020-12-04T03:28:30.311Z,613,12.506180941677357
"2897-Polvadero-Ln,-Unit-106,-Orlando,-FL-32835","2897 Polvadero Ln, Unit 106, Orlando, FL 32835",2897 Polvadero Ln,Unit 106,Orlando,FL,32835,Orange County,28.512281,-81.467079,condo,2.0,2.5,1546.0,8756.0,1995.0,Inactive,210000,2021-02-18T13:44:24.573Z,537,12.25486757159303
"6550-Time-Square-Ave,-Apt-103,-Orlando,-FL-32835","6550 Time Square Ave, Apt 103, Orlando, FL 32835",6550 Time Square Ave,Apt 103,Orlando,FL,32835,Orange County,28.508581,-81.471991,condo,2.0,2.5,1548.0,8756.0,1995.0,Inactive,178000,2020-09-20T19:35:01.640Z,687,12.08954444723597
"6352-Raleigh-St,-Apt-1403,-Orlando,-FL-32835","6352 Raleigh St, Apt 1403, Orlando, FL 32835",6352 Raleigh St,Apt 1403,Orlando,FL,32835,Orange County,28.526024,-81.469437,condo,2.0,2.0,1051.0,8756.0,1995.0,Inactive,159900,2021-02-11T12:03:40.844Z,544,11.982310152711182
"7123-Yacht-Basin-Ave,-Apt-311,-Orlando,-FL-32835","7123 Yacht Basin Ave, Apt 311, Orlando, FL 32835",7123 Yacht Basin Ave,Apt 311,Orlando,FL,32835,Orange County,28.513276,-81.484112,condo,2.0,2.0,1050.0,8756.0,1995.0,Inactive,149000,2020-12-04T02:15:07.932Z,613,11.91170829631447
"7961-Canyon-Lake-Cir,-Orlando,-FL-32835","7961 Canyon Lake Cir, Orlando, FL 32835",7961 Canyon Lake Cir,,Orlando,FL,32835,Orange County,28.52971,-81.495885,single_family,4.0,3.0,2438.0,8756.0,1995.0,Inactive,450000,2020-09-22T01:55:47.934Z,686,13.017005083966255
"7699-Mount-Carmel-Dr,-Orlando,-FL-32835","7699 Mount Carmel Dr, Orlando, FL 32835",7699 Mount Carmel Dr,,Orlando,FL,32835,Orange County,28.52163,-81.49763,single_family,3.0,2.0,1793.0,8756.0,1995.0,Inactive,385000,2021-02-11T14:33:10.157Z,544,12.861001210669146
"3368-Robert-Trent-Jones-Dr,-Unit-202,-Orlando,-FL-32835","3368 Robert Trent Jones Dr, Unit 202, Orlando, FL 32835",3368 Robert Trent Jones Dr,Unit 202,Orlando,FL,32835,Orange County,28.508904,-81.470037,condo,3.0,2.0,2002.0,8756.0,1995.0,Inactive,259900,2020-09-21T22:57:25.888Z,686,12.468056068255885
"925-Summer-Lakes-Dr,-Orlando,-FL-32835","925 Summer Lakes Dr, Orlando, FL 32835",925 Summer Lakes Dr,,Orlando,FL,32835,Orange County,28.531305,-81.487278,single_family,2.0,2.0,1236.0,8756.0,1995.0,Inactive,245000,2021-02-11T13:36:33.647Z,544,12.409017571151187
"327-Enka-Ave,-Orlando,-FL-32835","327 Enka Ave, Orlando, FL 32835",327 Enka Ave,,Orlando,FL,32835,Orange County,28.535692,-81.471854,single_family,3.0,2.0,1323.0,8756.0,1995.0,Inactive,214900,2020-09-21T20:56:35.608Z,686,12.277932735946903
"333-Alston-Dr,-Orlando,-FL-32835","333 Alston Dr, Orlando, FL 32835",333 Alston Dr,,Orlando,FL,32835,Orange County,28.54592,-81.48129,condo,2.0,2.0,1007.0,8756.0,1995.0,Inactive,185900,2021-02-11T12:24:14.961Z,544,12.132969552931216
"7255-Somersworth-Dr,-Orlando,-FL-32835","7255 Somersworth Dr, Orlando, FL 32835",7255 Somersworth Dr,,Orlando,FL,32835,Orange County,28.510702,-81.490918,single_family,4.0,2.5,1889.0,8756.0,1995.0,Inactive,354900,2020-12-21T16:12:49.582Z,595,12.779594156325743
"2648-Robert-Trent-Jones-Dr,-Apt-220,-Orlando,-FL-32835","2648 Robert Trent Jones Dr, Apt 220, Orlando, FL 32835",2648 Robert Trent Jones Dr,Apt 220,Orlando,FL,32835,Orange County,28.514265,-81.471206,condo,3.0,2.0,1295.0,8756.0,1995.0,Inactive,152000,2020-10-04T12:36:52.571Z,674,11.931642378754141
"510-N-Nowell-St,-Orlando,-FL-32835","510 N Nowell St, Orlando, FL 32835",510 N Nowell St,,Orlando,FL,32835,Orange County,28.549069,-81.463802,single_family,3.0,2.0,1300.0,8756.0,1995.0,Inactive,187500,2020-09-25T17:49:02.042Z,682,12.141539457711714
"340-S-Candler-Ave,-Orlando,-FL-32835","340 S Candler Ave, Orlando, FL 32835",340 S Candler Ave,,Orlando,FL,32835,Orange County,28.536063,-81.473301,single_family,5.0,3.0,1956.0,8756.0,1995.0,Inactive,259900,2020-09-21T21:29:02.062Z,686,12.468056068255885
"3224-Dante-Dr,-Unit-204,-Orlando,-FL-32835","3224 Dante Dr, Unit 204, Orlando, FL 32835",3224 Dante Dr,Unit 204,Orlando,FL,32835,Orange County,28.508624,-81.466881,condo,3.0,2.0,1408.0,8756.0,1995.0,Inactive,170000,2020-09-20T19:15:57.180Z,687,12.04355959836804
"5953-Westgate-Dr,-Apt-1822,-Orlando,-FL-32835","5953 Westgate Dr, Apt 1822, Orlando, FL 32835",5953 Westgate Dr,Apt 1822,Orlando,FL,32835,Orange County,28.532434,-81.46383,condo,3.0,2.0,1308.0,8756.0,1995.0,Inactive,147000,2021-02-11T11:16:02.602Z,544,11.898194668458823
"1065-S-Hiawassee-Rd,-Apt-1424,-Orlando,-FL-32835","1065 S Hiawassee Rd, Apt 1424, Orlando, FL 32835",1065 S Hiawassee Rd,Apt 1424,Orlando,FL,32835,Orange County,28.529574,-81.471039,condo,1.0,1.0,673.0,8756.0,1995.0,Inactive,119000,2021-02-05T11:47:09.335Z,550,11.686887175419702
"3908-Winding-Lake-Cir,-Orlando,-FL-32835","3908 Winding Lake Cir, Orlando, FL 32835",3908 Winding Lake Cir,,Orlando,FL,32835,Orange County,28.495817,-81.492943,single_family,5.0,3.0,3200.0,8756.0,1995.0,Inactive,499000,2021-02-11T14:57:44.209Z,544,13.120363378739663
"7641-Mount-Carmel-Dr,-Orlando,-FL-32835","7641 Mount Carmel Dr, Orlando, FL 32835",7641 Mount Carmel Dr,,Orlando,FL,32835,Orange County,28.521317,-81.496084,single_family,4.0,2.0,2000.0,8756.0,1995.0,Inactive,425000,2020-11-15T16:30:53.401Z,631,12.959846800844963
"6592-Time-Square-Ave,-Apt-101,-Orlando,-FL-32835","6592 Time Square Ave, Apt 101, Orlando, FL 32835",6592 Time Square Ave,Apt 101,Orlando,FL,32835,Orange County,28.508384,-81.472299,condo,3.0,2.5,1634.0,8756.0,1995.0,Inactive,185000,2020-12-19T14:20:02.900Z,598,12.128116509451258
"2632-Robert-Trent-Jones-Dr,-Apt-116,-Orlando,-FL-32835","2632 Robert Trent Jones Dr, Apt 116, Orlando, FL 32835",2632 Robert Trent Jones Dr,Apt 116,Orlando,FL,32835,Orange County,28.514921,-81.470916,condo,2.0,2.0,1150.0,8756.0,1995.0,Inactive,160000,2020-11-16T12:30:35.729Z,631,11.982935344196433
"5980-Westgate-Dr,-Apt-102,-Orlando,-FL-32835","5980 Westgate Dr, Apt 102, Orlando, FL 32835",5980 Westgate Dr,Apt 102,Orlando,FL,32835,Orange County,28.530584,-81.463831,condo,2.0,2.0,991.0,8756.0,1995.0,Inactive,135000,2020-12-24T11:04:03.157Z,593,11.813037464800539
"3396-Parkchester-Square-Blvd,-Apt-201,-Orlando,-FL-32835","3396 Parkchester Square Blvd, Apt 201, Orlando, FL 32835",3396 Parkchester Square Blvd,Apt 201,Orlando,FL,32835,Orange County,28.507804,-81.471303,condo,1.0,1.0,930.0,8756.0,1995.0,Inactive,132900,2020-10-13T12:43:24.713Z,665,11.797359769127505
"6815-W-Livingston-St,-Orlando,-FL-32835","6815 W Livingston St, Orlando, FL 32835",6815 W Livingston St,,Orlando,FL,32835,Orange County,28.547088,-81.473033,single_family,4.0,2.5,3130.0,8756.0,1995.0,Inactive,520000,2020-12-19T15:42:52.064Z,597,13.161586013632684
"2502-Lielasus-Dr,-Orlando,-FL-32835","2502 Lielasus Dr, Orlando, FL 32835",2502 Lielasus Dr,,Orlando,FL,32835,Orange County,28.514885,-81.497111,single_family,4.0,3.5,3140.0,8756.0,1995.0,Inactive,485000,2020-09-22T02:02:19.920Z,686,13.091906231773164
"7702-Horse-Ferry-Rd,-Orlando,-FL-32835","7702 Horse Ferry Rd, Orlando, FL 32835",7702 Horse Ferry Rd,,Orlando,FL,32835,Orange County,28.510605,-81.495563,single_family,4.0,3.0,2391.0,8756.0,1995.0,Inactive,450000,2020-11-20T20:54:00.665Z,626,13.017005083966255
"5913-Iona-Ave,-Orlando,-FL-32835","5913 Iona Ave, Orlando, FL 32835",5913 Iona Ave,,Orlando,FL,32835,Orange County,28.535251,-81.462234,single_family,3.0,2.0,1386.0,8756.0,1995.0,Inactive,224900,2020-11-14T14:52:43.697Z,633,12.323415584358154
"1041-Nin-St,-Orlando,-FL-32835","1041 Nin St, Orlando, FL 32835",1041 Nin St,,Orlando,FL,32835,Orange County,28.533242,-81.486891,single_family,3.0,2.0,1663.0,8756.0,1995.0,Inactive,270000,2021-02-11T13:55:19.643Z,544,12.506180941677357
"3602-Shallot-Dr,-Unit-105,-Orlando,-FL-32835","3602 Shallot Dr, Unit 105, Orlando, FL 32835",3602 Shallot Dr,Unit 105,Orlando,FL,32835,Orange County,28.506098,-81.469817,condo,3.0,2.5,1682.0,8756.0,1995.0,Inactive,226995,2020-12-22T13:54:00.538Z,595,12.33268767516291
"1037-S-Hiawassee-Rd,-Apt-2828,-Orlando,-FL-32835","1037 S Hiawassee Rd, Apt 2828, Orlando, FL 32835",1037 S Hiawassee Rd,Apt 2828,Orlando,FL,32835,Orange County,28.529906,-81.471522,condo,2.0,2.0,934.0,8756.0,1995.0,Inactive,154900,2021-02-11T11:28:34.667Z,544,11.950541482162043
"6451-Old-Park-Ln,-Unit-308,-Orlando,-FL-32835","6451 Old Park Ln, Unit 308, Orlando, FL 32835",6451 Old Park Ln,Unit 308,Orlando,FL,32835,Orange County,28.514793,-81.468403,condo,3.0,2.0,1247.0,8756.0,1995.0,Inactive,185000,2020-11-24T14:11:35.177Z,623,12.128116509451258
"2632-Robert-Trent-Jones-Dr,-Apt-112,-Orlando,-FL-32835","2632 Robert Trent Jones Dr, Apt 112, Orlando, FL 32835",2632 Robert Trent Jones Dr,Apt 112,Orlando,FL,32835,Orange County,28.514921,-81.470916,condo,1.0,1.0,854.0,8756.0,1995.0,Inactive,118000,2021-01-15T11:53:50.811Z,571,11.678448377988165
"1069-S-Hiawassee-Rd,-Apt-1314,-Orlando,-FL-32835","1069 S Hiawassee Rd, Apt 1314, Orlando, FL 32835",1069 S Hiawassee Rd,Apt 1314,Orlando,FL,32835,Orange County,28.529059,-81.470927,condo,1.0,1.0,673.0,8756.0,1995.0,Inactive,110000,2020-09-24T13:33:00.321Z,684,11.608244735642321
"7320-Westpointe-Blvd,-Apt-522,-Orlando,-FL-32835","7320 Westpointe Blvd, Apt 522, Orlando, FL 32835",7320 Westpointe Blvd,Apt 522,Orlando,FL,32835,Orange County,28.516687,-81.490265,condo,1.0,1.0,842.0,8756.0,1995.0,Inactive,119900,2020-09-15T19:57:36.288Z,692,11.694421681264394
"3480-Soho-St,-Apt-106,-Orlando,-FL-32835","3480 Soho St, Apt 106, Orlando, FL 32835",3480 Soho St,Apt 106,Orlando,FL,32835,Orange County,28.506093,-81.472419,condo,1.0,1.0,918.0,8756.0,1995.0,Inactive,118000,2021-01-15T11:53:50.803Z,571,11.678448377988165
"6356-Raleigh-St,-Apt-1504,-Orlando,-FL-32835","6356 Raleigh St, Apt 1504, Orlando, FL 32835",6356 Raleigh St,Apt 1504,Orlando,FL,32835,Orange County,28.525924,-81.468956,condo,1.0,1.0,794.0,8756.0,1995.0,Inactive,114500,2020-12-19T12:06:41.946Z,598,11.648338835562747
"3455-Westchester-Square-Blvd,-Apt-205,-Orlando,-FL-32835","3455 Westchester Square Blvd, Apt 205, Orlando, FL 32835",3455 Westchester Square Blvd,Apt 205,Orlando,FL,32835,Orange County,28.506987,-81.472031,condo,1.0,1.0,658.0,8756.0,1995.0,Inactive,110000,2020-12-15T12:12:42.832Z,602,11.608244735642321
"1071-S-Hiawassee-Rd,-Apt-1224,-Orlando,-FL-32835","1071 S Hiawassee Rd, Apt 1224, Orlando, FL 32835",1071 S Hiawassee Rd,Apt 1224,Orlando,FL,32835,Orange County,28.528579,-81.470972,condo,1.0,1.0,673.0,8756.0,1995.0,Inactive,109000,2020-11-27T09:16:45.517Z,620,11.599112335481124
"2674-Robert-Trent-Jones-Dr,-Apt-324,-Orlando,-FL-32835","2674 Robert Trent Jones Dr, Apt 324, Orlando, FL 32835",2674 Robert Trent Jones Dr,Apt 324,Orlando,FL,32835,Orange County,28.51333,-81.471237,condo,1.0,1.0,674.0,8756.0,1995.0,Inactive,109000,2020-09-15T19:16:09.126Z,692,11.599112335481124
"1033-S-Hiawassee-Rd,-Apt-2613,-Orlando,-FL-32835","1033 S Hiawassee Rd, Apt 2613, Orlando, FL 32835",1033 S Hiawassee Rd,Apt 2613,Orlando,FL,32835,Orange County,28.529491,-81.472466,condo,1.0,1.0,627.0,8756.0,1995.0,Inactive,95000,2020-10-30T10:17:48.677Z,648,11.461642696843066
"2016-Plan,-Orlando,-FL-32835","2016 Plan, Orlando, FL 32835",2016 Plan,,Orlando,FL,32835,Orange County,28.514706,-81.508453,single_family,4.0,3.5,3314.0,8756.0,1995.0,Inactive,871000,2020-09-22T02:27:04.526Z,686,13.677398403939607
"3403-King-George-Dr,-Orlando,-FL-32835","3403 King George Dr, Orlando, FL 32835",3403 King George Dr,,Orlando,FL,32835,Orange County,28.504951,-81.504591,single_family,5.0,4.5,3908.0,8756.0,1995.0,Inactive,649000,2020-12-04T05:14:26.038Z,613,13.38318953651709
"3685-Winding-Lake-Cir,-Orlando,-FL-32835","3685 Winding Lake Cir, Orlando, FL 32835",3685 Winding Lake Cir,,Orlando,FL,32835,Orange County,28.49861,-81.495879,single_family,5.0,4.0,3539.0,8756.0,1995.0,Inactive,585000,2020-09-22T02:09:16.552Z,686,13.279368835614243
"8024-Westminster-Abbey-Blvd,-Orlando,-FL-32835","8024 Westminster Abbey Blvd, Orlando, FL 32835",8024 Westminster Abbey Blvd,,Orlando,FL,32835,Orange County,28.507348,-81.502204,single_family,4.0,3.0,2910.0,8756.0,1995.0,Inactive,539900,2020-10-29T17:23:05.797Z,648,13.199141068399515
"2149-Saint-Andrews-Cir,-Orlando,-FL-32835","2149 Saint Andrews Cir, Orlando, FL 32835",2149 Saint Andrews Cir,,Orlando,FL,32835,Orange County,28.517795,-81.499095,single_family,4.0,2.5,3079.0,8756.0,1995.0,Inactive,450000,2020-10-22T16:44:16.204Z,655,13.017005083966255
"4531-Winderwood-Cir,-Orlando,-FL-32835","4531 Winderwood Cir, Orlando, FL 32835",4531 Winderwood Cir,,Orlando,FL,32835,Orange County,28.49547,-81.491763,single_family,4.0,2.0,2694.0,8756.0,1995.0,Inactive,439900,2020-12-04T05:00:10.755Z,613,12.994304980578146
"725-Saxby-Ave,-Orlando,-FL-32835","725 Saxby Ave, Orlando, FL 32835",725 Saxby Ave,,Orlando,FL,32835,Orange County,28.532975,-81.476277,single_family,5.0,4.0,4733.0,8756.0,1995.0,Inactive,415000,2020-09-22T01:45:49.606Z,686,12.936036208848487
"1899-Vista-Royale-Blvd,-Orlando,-FL-32835","1899 Vista Royale Blvd, Orlando, FL 32835",1899 Vista Royale Blvd,,Orlando,FL,32835,Orange County,28.519538,-81.497271,single_family,3.0,2.0,1696.0,8756.0,1995.0,Inactive,379000,2020-12-11T16:51:58.191Z,605,12.84529412258351
"4302-Winderlakes-Dr,-Orlando,-FL-32835","4302 Winderlakes Dr, Orlando, FL 32835",4302 Winderlakes Dr,,Orlando,FL,32835,Orange County,28.498814,-81.491791,single_family,3.0,2.0,1829.0,8756.0,1995.0,Inactive,368900,2020-10-17T16:35:21.275Z,660,12.818283594342818
"8611-Sugar-Palm-Ct,-Orlando,-FL-32835","8611 Sugar Palm Ct, Orlando, FL 32835",8611 Sugar Palm Ct,,Orlando,FL,32835,Orange County,28.523465,-81.504894,single_family,3.0,2.0,2020.0,8756.0,1995.0,Inactive,360000,2020-09-22T00:28:41.120Z,686,12.793862088206213
"8491-Island-Palm-Cir,-Orlando,-FL-32835","8491 Island Palm Cir, Orlando, FL 32835",8491 Island Palm Cir,,Orlando,FL,32835,Orange County,28.52304,-81.502085,single_family,4.0,3.0,2467.0,8756.0,1995.0,Inactive,355000,2020-09-22T00:42:20.643Z,686,12.779875885354993
"2626-Gilsom-Ct,-Orlando,-FL-32835","2626 Gilsom Ct, Orlando, FL 32835",2626 Gilsom Ct,,Orlando,FL,32835,Orange County,28.514535,-81.488757,single_family,3.0,2.0,1830.0,8756.0,1995.0,Inactive,349900,2020-09-22T00:28:41.121Z,686,12.765405536311112
"1408-Countryridge-Pl,-Orlando,-FL-32835","1408 Countryridge Pl, Orlando, FL 32835",1408 Countryridge Pl,,Orlando,FL,32835,Orange County,28.52391,-81.496134,single_family,3.0,2.0,2022.0,8756.0,1995.0,Inactive,349900,2020-10-08T17:10:06.873Z,669,12.765405536311112
"1837-Baillie-Glass-Ln,-Orlando,-FL-32835","1837 Baillie Glass Ln, Orlando, FL 32835",1837 Baillie Glass Ln,,Orlando,FL,32835,Orange County,28.519515,-81.483557,single_family,4.0,3.0,1991.0,8756.0,1995.0,Inactive,345000,2020-12-22T15:17:15.603Z,594,12.75130259456002
"7756-Glynde-Hill-Dr,-Unit-5,-Orlando,-FL-32835","7756 Glynde Hill Dr, Unit 5, Orlando, FL 32835",7756 Glynde Hill Dr,Unit 5,Orlando,FL,32835,Orange County,28.520708,-81.499483,single_family,3.0,2.0,1869.0,8756.0,1995.0,Inactive,340000,2020-11-19T17:00:25.052Z,627,12.73670383776449
"948-Summer-Lakes-Dr,-Orlando,-FL-32835","948 Summer Lakes Dr, Orlando, FL 32835",948 Summer Lakes Dr,,Orlando,FL,32835,Orange County,28.530445,-81.487175,single_family,3.0,2.5,2037.0,8756.0,1995.0,Inactive,330000,2020-12-12T15:59:07.513Z,604,12.706850963741102
"6037-Froggatt-St,-Orlando,-FL-32835","6037 Froggatt St, Orlando, FL 32835",6037 Froggatt St,,Orlando,FL,32835,Orange County,28.507902,-81.464656,single_family,4.0,2.0,1959.0,8756.0,1995.0,Inactive,326000,2020-10-21T16:47:01.735Z,656,12.694655727828803
"7321-Hunterdon-Ct,-Orlando,-FL-32835","7321 Hunterdon Ct, Orlando, FL 32835",7321 Hunterdon Ct,,Orlando,FL,32835,Orange County,28.510253,-81.491587,single_family,3.0,2.0,1626.0,8756.0,1995.0,Inactive,319000,2020-11-20T20:05:14.995Z,626,12.672949516558306
"6205-Miramonte-Dr,-Unit-105,-Orlando,-FL-32835","6205 Miramonte Dr, Unit 105, Orlando, FL 32835",6205 Miramonte Dr,Unit 105,Orlando,FL,32835,Orange County,28.511217,-81.468286,condo,3.0,2.5,2010.0,8756.0,1995.0,Inactive,309900,2020-11-20T20:05:05.104Z,626,12.644008170618003
"7317-Hunterdon-Ct,-Orlando,-FL-32835","7317 Hunterdon Ct, Orlando, FL 32835",7317 Hunterdon Ct,,Orlando,FL,32835,Orange County,28.510263,-81.491396,single_family,3.0,2.0,1531.0,8756.0,1995.0,Inactive,299900,2020-12-18T17:32:48.093Z,598,12.611207699176356
"3362-Robert-Trent-Jones-Dr,-Unit-40407,-Orlando,-FL-32835","3362 Robert Trent Jones Dr, Unit 40407, Orlando, FL 32835",3362 Robert Trent Jones Dr,Unit 40407,Orlando,FL,32835,Orange County,28.505047,-81.471515,condo,3.0,2.0,2129.0,8756.0,1995.0,Inactive,295000,2020-09-26T21:18:00.657Z,681,12.59473402514672
"309-Tiburon-Ct,-Orlando,-FL-32835","309 Tiburon Ct, Orlando, FL 32835",309 Tiburon Ct,,Orlando,FL,32835,Orange County,28.536985,-81.487139,single_family,3.0,2.5,1718.0,8756.0,1995.0,Inactive,295000,2020-11-25T15:03:25.456Z,621,12.59473402514672
"6354-Miramonte-Dr,-Unit-102,-Orlando,-FL-32835","6354 Miramonte Dr, Unit 102, Orlando, FL 32835",6354 Miramonte Dr,Unit 102,Orlando,FL,32835,Orange County,28.509442,-81.46873,condo,3.0,2.5,2010.0,8756.0,1995.0,Inactive,295000,2020-10-27T16:27:24.359Z,650,12.59473402514672
"7948-Murcott-Cir,-Orlando,-FL-32835","7948 Murcott Cir, Orlando, FL 32835",7948 Murcott Cir,,Orlando,FL,32835,Orange County,28.539733,-81.491557,single_family,3.0,2.0,1461.0,8756.0,1995.0,Inactive,289990,2020-11-05T16:03:30.805Z,641,12.57760516699832
"5923-Uona-Ave,-Orlando,-FL-32835","5923 Uona Ave, Orlando, FL 32835",5923 Uona Ave,,Orlando,FL,32835,Orange County,28.536184,-81.462507,single_family,3.0,2.0,1414.0,8756.0,1995.0,Inactive,289900,2020-11-17T17:35:14.812Z,629,12.57729476436913
"1141-Summer-Lakes-Dr,-Orlando,-FL-32835","1141 Summer Lakes Dr, Orlando, FL 32835",1141 Summer Lakes Dr,,Orlando,FL,32835,Orange County,28.538255,-81.48688,single_family,3.0,2.0,1316.0,8756.0,1995.0,Inactive,285000,2020-12-18T17:15:45.963Z,598,12.560247968016562
"8014-Sweetgum-Loop,-Orlando,-FL-32835","8014 Sweetgum Loop, Orlando, FL 32835",8014 Sweetgum Loop,,Orlando,FL,32835,Orange County,28.530797,-81.494346,single_family,3.0,2.0,1513.0,8756.0,1995.0,Inactive,279900,2020-10-17T15:25:47.061Z,660,12.5421912482017
"13-S-Lancelot-Ave,-Orlando,-FL-32835","13 S Lancelot Ave, Orlando, FL 32835",13 S Lancelot Ave,,Orlando,FL,32835,Orange County,28.540822,-81.470903,single_family,3.0,2.0,1432.0,8756.0,1995.0,Inactive,279900,2020-11-03T16:39:32.859Z,643,12.5421912482017
"7153-Marvista-Ct,-Orlando,-FL-32835","7153 Marvista Ct, Orlando, FL 32835",7153 Marvista Ct,,Orlando,FL,32835,Orange County,28.528396,-81.477083,single_family,3.0,2.0,1509.0,8756.0,1995.0,Inactive,274800,2020-11-23T15:55:44.065Z,623,12.523802478333899
"7208-Skipper-Ct,-Orlando,-FL-32835","7208 Skipper Ct, Orlando, FL 32835",7208 Skipper Ct,,Orlando,FL,32835,Orange County,28.534611,-81.479314,single_family,3.0,2.0,1492.0,8756.0,1995.0,Inactive,269900,2020-12-10T14:44:22.242Z,607,12.505810504075185
"3356-Robert-Trent-Jones-Dr,-Unit-402,-Orlando,-FL-32835","3356 Robert Trent Jones Dr, Unit 402, Orlando, FL 32835",3356 Robert Trent Jones Dr,Unit 402,Orlando,FL,32835,Orange County,28.508974,-81.470076,condo,3.0,2.0,1962.0,8756.0,1995.0,Inactive,265000,2020-10-06T16:02:46.255Z,671,12.487488878546145
"422-S-Hudson-St,-Orlando,-FL-32835","422 S Hudson St, Orlando, FL 32835",422 S Hudson St,,Orlando,FL,32835,Orange County,28.53522,-81.461587,single_family,4.0,2.0,1769.0,8756.0,1995.0,Inactive,260000,2020-11-03T16:03:46.695Z,643,12.468440756144114
"109-Pier-Point-Ct,-Orlando,-FL-32835","109 Pier Point Ct, Orlando, FL 32835",109 Pier Point Ct,,Orlando,FL,32835,Orange County,28.53896,-81.483717,single_family,3.0,2.0,1221.0,8756.0,1995.0,Inactive,249900,2020-10-29T14:37:50.593Z,648,12.428820118415677
"237-Ashbourne-Dr,-Orlando,-FL-32835","237 Ashbourne Dr, Orlando, FL 32835",237 Ashbourne Dr,,Orlando,FL,32835,Orange County,28.54333,-81.488761,single_family,4.0,2.0,1261.0,8756.0,1995.0,Inactive,245000,2020-11-20T19:32:05.951Z,626,12.409017571151187
"2579-San-Tecla-St,-Unit-108,-Orlando,-FL-32835","2579 San Tecla St, Unit 108, Orlando, FL 32835",2579 San Tecla St,Unit 108,Orlando,FL,32835,Orange County,28.513216,-81.468596,condo,3.0,2.0,1857.0,8756.0,1995.0,Inactive,242000,2020-12-04T03:19:46.295Z,612,12.396697137361691
"3401-Shallot-Dr,-Unit-108,-Orlando,-FL-32835","3401 Shallot Dr, Unit 108, Orlando, FL 32835",3401 Shallot Dr,Unit 108,Orlando,FL,32835,Orange County,28.507344,-81.468643,condo,3.0,2.5,1665.0,8756.0,1995.0,Inactive,243999,2020-09-25T20:25:35.310Z,682,12.404923504275338
"313-Crabtree-Ave,-Orlando,-FL-32835","313 Crabtree Ave, Orlando, FL 32835",313 Crabtree Ave,,Orlando,FL,32835,Orange County,28.536095,-81.473679,single_family,4.0,2.0,1688.0,8756.0,1995.0,Inactive,242990,2020-09-21T21:20:38.128Z,686,12.40077968459976
"3210-Villa-Strada-Way,-Orlando,-FL-32835","3210 Villa Strada Way, Orlando, FL 32835",3210 Villa Strada Way,,Orlando,FL,32835,Orange County,28.510053,-81.461756,condo,3.0,2.5,1769.0,8756.0,1995.0,Inactive,232000,2020-11-17T16:44:33.362Z,629,12.354496960983985
"2837-Villafuerte-Pt,-Unit-104,-Orlando,-FL-32835","2837 Villafuerte Pt, Unit 104, Orlando, FL 32835",2837 Villafuerte Pt,Unit 104,Orlando,FL,32835,Orange County,28.512311,-81.465539,condo,3.0,2.5,1682.0,8756.0,1995.0,Inactive,235000,2020-11-21T14:12:32.551Z,625,12.367345048436391
"6206-Castelven-Dr,-Unit-101,-Orlando,-FL-32835","6206 Castelven Dr, Unit 101, Orlando, FL 32835",6206 Castelven Dr,Unit 101,Orlando,FL,32835,Orange County,28.511794,-81.465435,condo,3.0,2.5,1665.0,8756.0,1995.0,Inactive,235000,2020-11-27T14:43:45.035Z,619,12.367345048436391
"3396-Shallot-Dr,-Unit-102,-Orlando,-FL-32835","3396 Shallot Dr, Unit 102, Orlando, FL 32835",3396 Shallot Dr,Unit 102,Orlando,FL,32835,Orange County,28.507817,-81.467663,condo,3.0,2.5,1682.0,8756.0,1995.0,Inactive,234900,2020-09-21T21:20:34.694Z,686,12.366919427768636
"6465-Cantua-Ln,-Unit-108,-Orlando,-FL-32835","6465 Cantua Ln, Unit 108, Orlando, FL 32835",6465 Cantua Ln,Unit 108,Orlando,FL,32835,Orange County,28.514629,-81.469967,condo,3.0,2.0,1857.0,8756.0,1995.0,Inactive,230000,2020-09-21T21:20:34.700Z,686,12.345838935721968
"327-Alston-Dr,-Orlando,-FL-32835","327 Alston Dr, Orlando, FL 32835",327 Alston Dr,,Orlando,FL,32835,Orange County,28.5457,-81.481288,condo,3.0,2.5,1467.0,8756.0,1995.0,Inactive,229300,2020-11-27T14:39:33.351Z,619,12.342790829935483
"3401-Shallot-Dr,-Orlando,-FL-32835","3401 Shallot Dr, Orlando, FL 32835",3401 Shallot Dr,,Orlando,FL,32835,Orange County,28.50738,-81.468307,condo,3.0,2.5,1634.0,8756.0,1995.0,Inactive,227500,2020-12-11T14:29:12.598Z,605,12.334909912967877
"6135-Metrowest-Blvd,-Unit-107,-Orlando,-FL-32835","6135 Metrowest Blvd, Unit 107, Orlando, FL 32835",6135 Metrowest Blvd,Unit 107,Orlando,FL,32835,Orange County,28.517383,-81.464302,condo,3.0,2.5,1678.0,8756.0,1995.0,Inactive,219900,2020-10-28T14:37:03.357Z,649,12.300932724054114
"2851-Polvadero-Ln,-Unit-106,-Orlando,-FL-32835","2851 Polvadero Ln, Unit 106, Orlando, FL 32835",2851 Polvadero Ln,Unit 106,Orlando,FL,32835,Orange County,28.512786,-81.467067,condo,3.0,2.5,1546.0,8756.0,1995.0,Inactive,217000,2020-09-21T20:55:22.306Z,686,12.28765724080691
"3542-Shallot-Dr,-Unit-106,-Orlando,-FL-32835","3542 Shallot Dr, Unit 106, Orlando, FL 32835",3542 Shallot Dr,Unit 106,Orlando,FL,32835,Orange County,28.507394,-81.470303,condo,2.0,2.5,1546.0,8756.0,1995.0,Inactive,209900,2020-09-21T20:55:18.729Z,686,12.254391269970792
"3362-Robert-Trent-Jones-Dr,-Unit-205,-Orlando,-FL-32835","3362 Robert Trent Jones Dr, Unit 205, Orlando, FL 32835",3362 Robert Trent Jones Dr,Unit 205,Orlando,FL,32835,Orange County,28.505128,-81.471408,condo,2.0,2.0,1810.0,8756.0,1995.0,Inactive,199900,2020-09-21T20:22:00.085Z,686,12.20557752297723
"6673-Time-Square-Ave,-Apt-104,-Orlando,-FL-32835","6673 Time Square Ave, Apt 104, Orlando, FL 32835",6673 Time Square Ave,Apt 104,Orlando,FL,32835,Orange County,28.507736,-81.47384,condo,2.0,2.5,1548.0,8756.0,1995.0,Inactive,199000,2020-09-21T20:22:00.067Z,686,12.201065128819632
"2864-Polana-St,-Unit-103,-Orlando,-FL-32835","2864 Polana St, Unit 103, Orlando, FL 32835",2864 Polana St,Unit 103,Orlando,FL,32835,Orange County,28.512277,-81.466707,condo,2.0,2.5,1546.0,8756.0,1995.0,Inactive,199500,2020-09-21T20:55:18.724Z,686,12.20357452783082
"117-Garden-Cove-Ct,-Orlando,-FL-32835","117 Garden Cove Ct, Orlando, FL 32835",117 Garden Cove Ct,,Orlando,FL,32835,Orange County,28.540758,-81.484251,single_family,2.0,2.0,955.0,8756.0,1995.0,Inactive,185000,2020-11-20T18:54:29.341Z,626,12.128116509451258
"6402-Cava-Alta-Dr,-Unit-104,-Orlando,-FL-32835","6402 Cava Alta Dr, Unit 104, Orlando, FL 32835",6402 Cava Alta Dr,Unit 104,Orlando,FL,32835,Orange County,28.514985,-81.467949,condo,3.0,2.0,1391.0,8756.0,1995.0,Inactive,180900,2020-10-15T15:32:14.036Z,662,12.105705199284083
"3428-Soho-St,-Apt-108,-Orlando,-FL-32835","3428 Soho St, Apt 108, Orlando, FL 32835",3428 Soho St,Apt 108,Orlando,FL,32835,Orange County,28.507121,-81.473932,condo,3.0,2.0,1387.0,8756.0,1995.0,Inactive,174900,2020-11-18T14:09:03.866Z,628,12.071975378543236
"6149-Metrowest-Blvd,-Unit-305,-Orlando,-FL-32835","6149 Metrowest Blvd, Unit 305, Orlando, FL 32835",6149 Metrowest Blvd,Unit 305,Orlando,FL,32835,Orange County,28.516427,-81.465746,condo,2.0,2.0,1124.0,8756.0,1995.0,Inactive,160000,2020-10-08T14:25:58.541Z,669,11.982935344196433
"3332-Robert-Trent-Jones-Dr,-Unit-107,-Orlando,-FL-32835","3332 Robert Trent Jones Dr, Unit 107, Orlando, FL 32835",3332 Robert Trent Jones Dr,Unit 107,Orlando,FL,32835,Orange County,28.505906,-81.470595,condo,2.0,2.0,1112.0,8756.0,1995.0,Inactive,162500,2020-11-24T13:35:28.420Z,622,11.998439434579149
"411-N-Hart-Blvd,-Orlando,-FL-32835","411 N Hart Blvd, Orlando, FL 32835",411 N Hart Blvd,,Orlando,FL,32835,Orange County,28.547236,-81.469839,single_family,3.0,1.0,1122.0,8756.0,1995.0,Inactive,162000,2020-11-14T13:41:33.177Z,632,11.995357787034976
"1079-S-Hiawassee-Rd,-Apt-1122,-Orlando,-FL-32835","1079 S Hiawassee Rd, Apt 1122, Orlando, FL 32835",1079 S Hiawassee Rd,Apt 1122,Orlando,FL,32835,Orange County,28.528102,-81.471055,condo,2.0,2.0,934.0,8756.0,1995.0,Inactive,156900,2020-10-24T14:57:28.373Z,653,11.963370312187111
"7200-Westpointe-Blvd,-Apt-1516,-Orlando,-FL-32835","7200 Westpointe Blvd, Apt 1516, Orlando, FL 32835",7200 Westpointe Blvd,Apt 1516,Orlando,FL,32835,Orange County,28.515748,-81.485706,condo,2.0,2.0,1080.0,8756.0,1995.0,Inactive,155000,2020-09-15T20:43:54.505Z,692,11.951186847493476
"6685-Queens-Borough-Ave,-Apt-56-308,-Orlando,-FL-32835","6685 Queens Borough Ave, Apt 56-308, Orlando, FL 32835",6685 Queens Borough Ave,Apt 56-308,Orlando,FL,32835,Orange County,28.508914,-81.474842,condo,2.0,2.0,1107.0,8756.0,1995.0,Inactive,154900,2020-12-12T13:22:02.127Z,604,11.950541482162043
"6627-Queens-Borough-Ave,-Apt-307,-Orlando,-FL-32835","6627 Queens Borough Ave, Apt 307, Orlando, FL 32835",6627 Queens Borough Ave,Apt 307,Orlando,FL,32835,Orange County,28.508927,-81.473582,condo,2.0,2.0,1107.0,8756.0,1995.0,Inactive,149900,2020-10-03T15:15:44.497Z,674,11.917730355182513
"1083-S-Hiawassee-Rd,-Apt-611,-Orlando,-FL-32835","1083 S Hiawassee Rd, Apt 611, Orlando, FL 32835",1083 S Hiawassee Rd,Apt 611,Orlando,FL,32835,Orange County,28.528113,-81.472196,condo,2.0,2.0,934.0,8756.0,1995.0,Inactive,149000,2020-10-07T14:26:18.927Z,670,11.91170829631447
"326-S-Observatory-Dr,-Orlando,-FL-32835","326 S Observatory Dr, Orlando, FL 32835",326 S Observatory Dr,,Orlando,FL,32835,Orange County,28.537085,-81.468389,single_family,2.0,2.0,1050.0,8756.0,1995.0,Inactive,147500,2020-09-15T20:43:54.469Z,692,11.901590234400047
"6408-Raleigh-St,-Apt-2413,-Orlando,-FL-32835","6408 Raleigh St, Apt 2413, Orlando, FL 32835",6408 Raleigh St,Apt 2413,Orlando,FL,32835,Orange County,28.525883,-81.468592,condo,2.0,2.0,1062.0,8756.0,1995.0,Inactive,143000,2020-10-29T11:55:39.468Z,648,11.870606902224587
"2564-Robert-Trent-Jones-Dr,-Apt-1320,-Orlando,-FL-32835","2564 Robert Trent Jones Dr, Apt 1320, Orlando, FL 32835",2564 Robert Trent Jones Dr,Apt 1320,Orlando,FL,32835,Orange County,28.515843,-81.472902,condo,2.0,2.0,1014.0,8756.0,1995.0,Inactive,141900,2020-09-29T11:12:16.685Z,678,11.862884910339652
"308-N-Observatory-Dr,-Orlando,-FL-32835","308 N Observatory Dr, Orlando, FL 32835",308 N Observatory Dr,,Orlando,FL,32835,Orange County,28.545361,-81.468676,single_family,4.0,2.0,1290.0,8756.0,1995.0,Inactive,129000,2020-12-17T11:53:02.653Z,599,11.767575435251748
"6028-Westgate-Dr,-Apt-204,-Orlando,-FL-32835","6028 Westgate Dr, Apt 204, Orlando, FL 32835",6028 Westgate Dr,Apt 204,Orlando,FL,32835,Orange County,28.531565,-81.465218,condo,1.0,1.0,1184.0,8756.0,1995.0,Inactive,119999,2020-11-06T11:55:37.504Z,640,11.695247021764184
"7320-Westpointe-Blvd,-Apt-516,-Orlando,-FL-32835","7320 Westpointe Blvd, Apt 516, Orlando, FL 32835",7320 Westpointe Blvd,Apt 516,Orlando,FL,32835,Orange County,28.516687,-81.490265,condo,2.0,2.0,1080.0,8756.0,1995.0,Inactive,116500,2020-11-10T09:28:47.602Z,636,11.665655135642039
"1063-S-Hiawassee-Rd,-Apt-1623,-Orlando,-FL-32835","1063 S Hiawassee Rd, Apt 1623, Orlando, FL 32835",1063 S Hiawassee Rd,Apt 1623,Orlando,FL,32835,Orange County,28.529244,-81.471502,condo,1.0,1.0,627.0,8756.0,1995.0,Inactive,109900,2020-12-22T11:21:32.033Z,594,11.60733523953139
"7925-Saint-Andrews-Cir,-Orlando,-FL-32835","7925 Saint Andrews Cir, Orlando, FL 32835",7925 Saint Andrews Cir,,Orlando,FL,32835,Orange County,28.520797,-81.502712,single_family,5.0,3.0,2781.0,8756.0,1995.0,Inactive,419900,2020-11-13T16:19:37.090Z,633,12.947774248188859
"7724-Belvoir-Dr,-Orlando,-FL-32835","7724 Belvoir Dr, Orlando, FL 32835",7724 Belvoir Dr,,Orlando,FL,32835,Orange County,28.521664,-81.499412,single_family,5.0,3.0,2863.0,8756.0,1995.0,Inactive,419000,2020-09-22T01:45:49.611Z,685,12.945628585536271
"7109-Yacht-Basin-Ave,-Unit-4,-Orlando,-FL-32835","7109 Yacht Basin Ave, Unit 4, Orlando, FL 32835",7109 Yacht Basin Ave,Unit 4,Orlando,FL,32835,Orange County,28.512537,-81.484102,condo,3.0,2.0,1206.0,8756.0,1995.0,Inactive,171500,2020-10-21T15:14:31.856Z,656,12.052344376474922
"3250-Corona-Village-Way,-Apt-204,-Orlando,-FL-32835","3250 Corona Village Way, Apt 204, Orlando, FL 32835",3250 Corona Village Way,Apt 204,Orlando,FL,32835,Orange County,28.508577,-81.475708,condo,1.0,1.0,816.0,8756.0,1995.0,Inactive,122000,2020-12-12T12:07:45.154Z,604,11.711784520403112
"6031-Strada-Isle-Way,-Orlando,-FL-32835","6031 Strada Isle Way, Orlando, FL 32835",6031 Strada Isle Way,,Orlando,FL,32835,Orange County,28.510685,-81.463083,condo,3.0,2.5,1756.0,8756.0,1995.0,Inactive,225900,2020-09-21T20:57:14.218Z,686,12.32785212918379
"3344-Corona-Village-Way,-Apt-301,-Orlando,-FL-32835","3344 Corona Village Way, Apt 301, Orlando, FL 32835",3344 Corona Village Way,Apt 301,Orlando,FL,32835,Orange County,28.507904,-81.475451,condo,3.0,2.0,1260.0,8756.0,1995.0,Inactive,132100,2020-09-26T13:01:48.002Z,681,11.791322060504474
"6166-Westgate-Dr,-Apt-104,-Orlando,-FL-32835","6166 Westgate Dr, Apt 104, Orlando, FL 32835",6166 Westgate Dr,Apt 104,Orlando,FL,32835,Orange County,28.530554,-81.466903,condo,2.0,2.0,943.0,8756.0,1995.0,Inactive,129000,2020-11-25T12:34:54.740Z,621,11.767575435251748
"8140-Saint-Andrews-Cir,-Orlando,-FL-32835","8140 Saint Andrews Cir, Orlando, FL 32835",8140 Saint Andrews Cir,,Orlando,FL,32835,Orange County,28.517812,-81.500348,single_family,4.0,2.5,2858.0,8756.0,1995.0,Inactive,479900,2020-09-22T02:02:19.925Z,685,13.081335111611617
"7256-Hawksnest-Blvd,-Orlando,-FL-32835","7256 Hawksnest Blvd, Orlando, FL 32835",7256 Hawksnest Blvd,,Orlando,FL,32835,Orange County,28.520211,-81.486317,single_family,3.0,2.5,2444.0,8756.0,1995.0,Inactive,389999,2020-09-29T16:49:51.525Z,678,12.873902018105829
"7115-Harbor-Heights-Dr,-Orlando,-FL-32835","7115 Harbor Heights Dr, Orlando, FL 32835",7115 Harbor Heights Dr,,Orlando,FL,32835,Orange County,28.537405,-81.477812,condo,3.0,2.0,1216.0,8756.0,1995.0,Inactive,215000,2020-09-21T20:55:18.734Z,686,12.278397958261774
"6178-Westgate-Dr,-Unit-104D,-Orlando,-FL-32835","6178 Westgate Dr, Unit 104D, Orlando, FL 32835",6178 Westgate Dr,Unit 104D,Orlando,FL,32835,Orange County,28.530951,-81.467234,condo,1.0,1.0,722.0,8756.0,1995.0,Inactive,102000,2020-10-16T13:56:46.238Z,661,11.532737896139919
"2440-Baesel-View-Dr,-Orlando,-FL-32835","2440 Baesel View Dr, Orlando, FL 32835",2440 Baesel View Dr,,Orlando,FL,32835,Orange County,28.515606,-81.496759,single_family,4.0,3.5,3310.0,8756.0,1995.0,Inactive,560000,2020-11-06T17:08:42.391Z,640,13.235693848424024
"7804-Hyacinth-Dr,-Orlando,-FL-32835","7804 Hyacinth Dr, Orlando, FL 32835",7804 Hyacinth Dr,,Orlando,FL,32835,Orange County,28.533057,-81.490358,single_family,3.0,2.0,1351.0,8756.0,1995.0,Inactive,274900,2020-11-18T15:39:59.027Z,628,12.524166311833152
"6064-Westgate-Dr,-Apt-203,-Orlando,-FL-32835","6064 Westgate Dr, Apt 203, Orlando, FL 32835",6064 Westgate Dr,Apt 203,Orlando,FL,32835,Orange County,28.532459,-81.465083,condo,1.0,1.0,1184.0,8756.0,1995.0,Inactive,124900,2020-09-15T19:45:41.616Z,692,11.735276702486741
"6025-Westgate-Dr,-Apt-2534,-Orlando,-FL-32835","6025 Westgate Dr, Apt 2534, Orlando, FL 32835",6025 Westgate Dr,Apt 2534,Orlando,FL,32835,Orange County,28.533275,-81.465169,condo,1.0,1.0,713.0,8756.0,1995.0,Inactive,123000,2020-11-12T13:10:19.588Z,634,11.719947764402807
"7463-Victoria-Cir,-Orlando,-FL-32835","7463 Victoria Cir, Orlando, FL 32835",7463 Victoria Cir,,Orlando,FL,32835,Orange County,28.540621,-81.482188,single_family,3.0,2.0,1540.0,8756.0,1995.0,Inactive,279000,2020-11-14T15:45:51.027Z,632,12.53897064502647
"3266-Villa-Strada-Way,-Orlando,-FL-32835","3266 Villa Strada Way, Orlando, FL 32835",3266 Villa Strada Way,,Orlando,FL,32835,Orange County,28.51032,-81.460804,condo,3.0,2.5,1607.0,8756.0,1995.0,Inactive,218990,2020-09-21T20:55:22.313Z,686,12.296785912063768
"7682-Mount-Carmel-Dr,-Orlando,-FL-32835","7682 Mount Carmel Dr, Orlando, FL 32835",7682 Mount Carmel Dr,,Orlando,FL,32835,Orange County,28.52117,-81.497095,single_family,3.0,2.0,2124.0,8756.0,1995.0,Inactive,400000,2020-10-30T16:54:45.282Z,647,12.899222326086994
"6100-Stevenson-Dr,-Unit-108,-Orlando,-FL-32835","6100 Stevenson Dr, Unit 108, Orlando, FL 32835",6100 Stevenson Dr,Unit 108,Orlando,FL,32835,Orange County,28.508575,-81.464783,condo,3.0,2.0,1206.0,8756.0,1995.0,Inactive,170000,2020-11-19T14:23:26.331Z,627,12.04355959836804
"6324-Raleigh-St,-Apt-712,-Orlando,-FL-32835","6324 Raleigh St, Apt 712, Orlando, FL 32835",6324 Raleigh St,Apt 712,Orlando,FL,32835,Orange County,28.526664,-81.468797,condo,2.0,2.0,1062.0,8756.0,1995.0,Inactive,145000,2020-10-20T14:46:11.664Z,657,11.884495917930655
"7210-Westpointe-Blvd,-Apt-1321,-Orlando,-FL-32835","7210 Westpointe Blvd, Apt 1321, Orlando, FL 32835",7210 Westpointe Blvd,Apt 1321,Orlando,FL,32835,Orange County,28.516808,-81.48638,condo,2.0,2.0,1080.0,8756.0,1995.0,Inactive,117900,2020-09-23T12:46:40.040Z,684,11.6776005682537
"7878-Canyon-Lake-Cir,-Orlando,-FL-32835","7878 Canyon Lake Cir, Orlando, FL 32835",7878 Canyon Lake Cir,,Orlando,FL,32835,Orange County,28.528385,-81.49188,single_family,4.0,3.0,2163.0,8756.0,1995.0,Inactive,419900,2020-09-22T01:31:21.057Z,685,12.947774248188859
"4205-Winderlakes-Dr,-Orlando,-FL-32835","4205 Winderlakes Dr, Orlando, FL 32835",4205 Winderlakes Dr,,Orlando,FL,32835,Orange County,28.500382,-81.491206,single_family,4.0,2.5,2111.0,8756.0,1995.0,Inactive,395999,2020-10-21T17:11:02.833Z,656,12.889169490236618
"115-Pier-Point-Ct,-Orlando,-FL-32835","115 Pier Point Ct, Orlando, FL 32835",115 Pier Point Ct,,Orlando,FL,32835,Orange County,28.538731,-81.483931,single_family,3.0,2.0,1221.0,8756.0,1995.0,Inactive,230000,2020-11-12T16:38:10.794Z,634,12.345838935721968
"504-S-Candler-Ave,-Orlando,-FL-32835","504 S Candler Ave, Orlando, FL 32835",504 S Candler Ave,,Orlando,FL,32835,Orange County,28.534585,-81.473287,single_family,3.0,1.0,1085.0,8756.0,1995.0,Inactive,196000,2020-10-27T14:09:18.487Z,650,12.185875040240456
"8107-Wellsmere-Cir,-Orlando,-FL-32835","8107 Wellsmere Cir, Orlando, FL 32835",8107 Wellsmere Cir,,Orlando,FL,32835,Orange County,28.536349,-81.492591,single_family,4.0,2.0,1925.0,8756.0,1995.0,Inactive,325000,2020-09-21T23:52:12.989Z,685,12.691583538230217
"3312-King-George-Dr,-Orlando,-FL-32835","3312 King George Dr, Orlando, FL 32835",3312 King George Dr,,Orlando,FL,32835,Orange County,28.505657,-81.505692,single_family,4.0,3.0,2995.0,8756.0,1995.0,Inactive,564900,2020-09-22T02:09:09.640Z,685,13.244405773536606
"2484-San-Tecla-St,-Unit-304,-Orlando,-FL-32835","2484 San Tecla St, Unit 304, Orlando, FL 32835",2484 San Tecla St,Unit 304,Orlando,FL,32835,Orange County,28.514362,-81.468208,condo,3.0,2.0,1447.0,8756.0,1995.0,Inactive,179900,2020-10-30T13:07:17.401Z,647,12.100161978566867
"4463-Winderlakes-Dr,-Orlando,-FL-32835","4463 Winderlakes Dr, Orlando, FL 32835",4463 Winderlakes Dr,,Orlando,FL,32835,Orange County,28.496335,-81.488902,single_family,3.0,2.5,2371.0,8756.0,1995.0,Inactive,424900,2020-10-05T17:15:35.501Z,672,12.959611479595074
"3209-Parkchester-Square-Blvd,-Apt-208,-Orlando,-FL-32835","3209 Parkchester Square Blvd, Apt 208, Orlando, FL 32835",3209 Parkchester Square Blvd,Apt 208,Orlando,FL,32835,Orange County,28.509242,-81.471972,condo,4.0,2.0,1489.0,8756.0,1995.0,Inactive,140000,2020-11-07T11:41:37.337Z,639,11.849404844423074
"5980-Westgate-Dr,-Apt-202,-Orlando,-FL-32835","5980 Westgate Dr, Apt 202, Orlando, FL 32835",5980 Westgate Dr,Apt 202,Orlando,FL,32835,Orange County,28.530584,-81.463831,condo,2.0,2.0,991.0,8756.0,1995.0,Inactive,125000,2020-11-21T11:30:16.971Z,625,11.736077016252437
"301-Sonoma-Valley-Cir,-Orlando,-FL-32835","301 Sonoma Valley Cir, Orlando, FL 32835",301 Sonoma Valley Cir,,Orlando,FL,32835,Orange County,28.537405,-81.48295,single_family,3.0,2.5,1500.0,8756.0,1995.0,Inactive,255000,2020-10-17T15:03:22.264Z,660,12.449022745701502
"1114-Summer-Lakes-Dr,-Unit-1,-Orlando,-FL-32835","1114 Summer Lakes Dr, Unit 1, Orlando, FL 32835",1114 Summer Lakes Dr,Unit 1,Orlando,FL,32835,Orange County,28.536949,-81.486076,single_family,3.0,2.5,1990.0,8756.0,1995.0,Inactive,234900,2020-09-21T21:20:34.696Z,686,12.366919427768636
"7626-Saint-Stephens-Ct,-Orlando,-FL-32835","7626 Saint Stephens Ct, Orlando, FL 32835",7626 Saint Stephens Ct,,Orlando,FL,32835,Orange County,28.511884,-81.492355,single_family,4.0,3.5,3131.0,8756.0,1995.0,Inactive,479000,2020-09-22T02:08:59.055Z,685,13.079457964073546
"7978-Wellsmere-Cir,-Unit-2,-Orlando,-FL-32835","7978 Wellsmere Cir, Unit 2, Orlando, FL 32835",7978 Wellsmere Cir,Unit 2,Orlando,FL,32835,Orange County,28.534449,-81.495238,single_family,3.0,2.0,1807.0,8756.0,1995.0,Inactive,274900,2020-09-21T22:57:25.886Z,685,12.524166311833152
"6115-Metrowest-Blvd,-Unit-101,-Orlando,-FL-32835","6115 Metrowest Blvd, Unit 101, Orlando, FL 32835",6115 Metrowest Blvd,Unit 101,Orlando,FL,32835,Orange County,28.515427,-81.464755,condo,4.0,3.0,1868.0,8756.0,1995.0,Inactive,239000,2020-10-30T14:39:14.402Z,647,12.384223015005313
"3344-Robert-Trent-Jones-Dr,-Unit-30805,-Orlando,-FL-32835","3344 Robert Trent Jones Dr, Unit 30805, Orlando, FL 32835",3344 Robert Trent Jones Dr,Unit 30805,Orlando,FL,32835,Orange County,28.509043,-81.470116,condo,3.0,2.0,1247.0,8756.0,1995.0,Inactive,172000,2020-09-20T18:53:00.815Z,687,12.055255569732177
"7220-Westpointe-Blvd,-Apt-1417,-Orlando,-FL-32835","7220 Westpointe Blvd, Apt 1417, Orlando, FL 32835",7220 Westpointe Blvd,Apt 1417,Orlando,FL,32835,Orange County,28.516012,-81.486847,condo,3.0,2.0,1423.0,8756.0,1995.0,Inactive,149000,2020-09-15T20:14:56.125Z,692,11.91170829631447
"7546-Park-Springs-Cir,-Orlando,-FL-32835","7546 Park Springs Cir, Orlando, FL 32835",7546 Park Springs Cir,,Orlando,FL,32835,Orange County,28.498803,-81.485386,single_family,6.0,4.5,5244.0,8756.0,1995.0,Inactive,919999,2020-09-22T02:29:03.811Z,685,13.732128949025222
"3314-Robert-Trent-Jones-Dr,-Unit-10601,-Orlando,-FL-32835","3314 Robert Trent Jones Dr, Unit 10601, Orlando, FL 32835",3314 Robert Trent Jones Dr,Unit 10601,Orlando,FL,32835,Orange County,28.509216,-81.470214,condo,3.0,2.0,1247.0,8756.0,1995.0,Inactive,175000,2020-09-20T18:53:00.821Z,687,12.07254696717504
"2763-Metro-Sevilla-Dr,-Unit-105,-Orlando,-FL-32835","2763 Metro Sevilla Dr, Unit 105, Orlando, FL 32835",2763 Metro Sevilla Dr,Unit 105,Orlando,FL,32835,Orange County,28.512807,-81.469402,condo,3.0,2.0,1857.0,8756.0,1995.0,Inactive,259990,2020-10-01T14:25:01.481Z,676,12.468402294013924
"1255-Shelter-Rock-Rd,-Orlando,-FL-32835","1255 Shelter Rock Rd, Orlando, FL 32835",1255 Shelter Rock Rd,,Orlando,FL,32835,Orange County,28.525426,-81.497297,single_family,4.0,5.0,3288.0,8756.0,1995.0,Inactive,455900,2020-09-22T02:00:59.469Z,685,13.030030959662605
"7897-Bridgestone-Dr,-Orlando,-FL-32835","7897 Bridgestone Dr, Orlando, FL 32835",7897 Bridgestone Dr,,Orlando,FL,32835,Orange County,28.526289,-81.491043,single_family,4.0,2.0,2170.0,8756.0,1995.0,Inactive,399900,2020-09-22T01:22:08.019Z,685,12.89897229545694
"717-Lake-Hiawassee-Dr,-Orlando,-FL-32835","717 Lake Hiawassee Dr, Orlando, FL 32835",717 Lake Hiawassee Dr,,Orlando,FL,32835,Orange County,28.532175,-81.479033,single_family,3.0,3.0,1921.0,8756.0,1995.0,Inactive,279900,2020-10-24T16:27:41.500Z,653,12.5421912482017
"221-Murcott-Ct,-Orlando,-FL-32835","221 Murcott Ct, Orlando, FL 32835",221 Murcott Ct,,Orlando,FL,32835,Orange County,28.539137,-81.489402,single_family,3.0,2.0,1459.0,8756.0,1995.0,Inactive,200000,2020-10-18T14:57:08.512Z,659,12.206077645517674
"7360-Westpointe-Blvd,-Apt-128,-Orlando,-FL-32835","7360 Westpointe Blvd, Apt 128, Orlando, FL 32835",7360 Westpointe Blvd,Apt 128,Orlando,FL,32835,Orange County,28.516615,-81.488531,condo,1.0,1.0,678.0,8756.0,1995.0,Inactive,109000,2020-09-25T12:42:54.658Z,682,11.599112335481124
"1031-S-Hiawassee-Rd,-Apt-2527,-Orlando,-FL-32835","1031 S Hiawassee Rd, Apt 2527, Orlando, FL 32835",1031 S Hiawassee Rd,Apt 2527,Orlando,FL,32835,Orange County,28.52927,-81.473065,condo,2.0,2.0,836.0,8756.0,1995.0,Inactive,145000,2020-09-15T20:14:56.127Z,692,11.884495917930655
"6336-Buford-St,-Apt-506,-Orlando,-FL-32835","6336 Buford St, Apt 506, Orlando, FL 32835",6336 Buford St,Apt 506,Orlando,FL,32835,Orange County,28.505579,-81.467714,condo,3.0,2.0,1775.0,8756.0,1995.0,Inactive,279000,2020-09-21T23:28:00.153Z,685,12.53897064502647
"3368-Robert-Trent-Jones-Dr,-Unit-40508,-Orlando,-FL-32835","3368 Robert Trent Jones Dr, Unit 40508, Orlando, FL 32835",3368 Robert Trent Jones Dr,Unit 40508,Orlando,FL,32835,Orange County,28.505045,-81.470331,condo,3.0,2.0,1962.0,8756.0,1995.0,Inactive,275000,2020-09-21T22:57:25.900Z,685,12.524530013005734
"261-Sonoma-Valley-Cir,-Orlando,-FL-32835","261 Sonoma Valley Cir, Orlando, FL 32835",261 Sonoma Valley Cir,,Orlando,FL,32835,Orange County,28.53768,-81.483012,single_family,3.0,2.0,1182.0,8756.0,1995.0,Inactive,235000,2020-10-15T17:20:25.989Z,662,12.367345048436391
"132-Grand-Junction-Blvd,-Orlando,-FL-32835","132 Grand Junction Blvd, Orlando, FL 32835",132 Grand Junction Blvd,,Orlando,FL,32835,Orange County,28.543247,-81.472494,single_family,2.0,2.0,1266.0,8756.0,1995.0,Inactive,200000,2020-10-21T15:37:19.917Z,656,12.206077645517674
"42-Grand-Junction-Blvd,-Orlando,-FL-32835","42 Grand Junction Blvd, Orlando, FL 32835",42 Grand Junction Blvd,,Orlando,FL,32835,Orange County,28.542063,-81.473128,single_family,2.0,1.0,968.0,8756.0,1995.0,Inactive,192987,2020-10-21T15:34:14.426Z,656,12.170383289788202
"3338-Robert-Trent-Jones-Dr,-Unit-30304,-Orlando,-FL-32835","3338 Robert Trent Jones Dr, Unit 30304, Orlando, FL 32835",3338 Robert Trent Jones Dr,Unit 30304,Orlando,FL,32835,Orange County,28.505647,-81.470914,condo,3.0,2.0,1247.0,8756.0,1995.0,Inactive,175000,2020-09-23T17:12:42.568Z,684,12.07254696717504
"3403-Greenwich-Village-Blvd,-Apt-201,-Orlando,-FL-32835","3403 Greenwich Village Blvd, Apt 201, Orlando, FL 32835",3403 Greenwich Village Blvd,Apt 201,Orlando,FL,32835,Orange County,28.507575,-81.471532,condo,2.0,2.0,1181.0,8756.0,1995.0,Inactive,149900,2020-09-20T18:28:21.298Z,687,11.917730355182513
"2484-San-Tecla-St,-Unit-107,-Orlando,-FL-32835","2484 San Tecla St, Unit 107, Orlando, FL 32835",2484 San Tecla St,Unit 107,Orlando,FL,32835,Orange County,28.514617,-81.46809,condo,2.0,2.0,1112.0,8756.0,1995.0,Inactive,144000,2020-09-15T20:43:54.506Z,692,11.87757552297847
"514-N-Nowell-St,-Orlando,-FL-32835","514 N Nowell St, Orlando, FL 32835",514 N Nowell St,,Orlando,FL,32835,Orange County,28.549241,-81.463803,single_family,2.0,2.0,760.0,8756.0,1995.0,Inactive,132000,2020-10-16T15:47:28.308Z,661,11.790564777297387
"6435-Manhattan-Village-Ave,-Apt-101,-Orlando,-FL-32835","6435 Manhattan Village Ave, Apt 101, Orlando, FL 32835",6435 Manhattan Village Ave,Apt 101,Orlando,FL,32835,Orange County,28.508336,-81.47074,condo,1.0,1.0,885.0,8756.0,1995.0,Inactive,119900,2020-09-15T19:16:09.137Z,692,11.694421681264394
"8260-Lexington-View-Ln,-Orlando,-FL-32835","8260 Lexington View Ln, Orlando, FL 32835",8260 Lexington View Ln,,Orlando,FL,32835,Orange County,28.530926,-81.500171,single_family,5.0,3.0,3124.0,8756.0,1995.0,Inactive,469000,2020-10-08T17:26:01.083Z,669,13.058360179622305
"8088-Wellsmere-Cir,-Orlando,-FL-32835","8088 Wellsmere Cir, Orlando, FL 32835",8088 Wellsmere Cir,,Orlando,FL,32835,Orange County,28.535455,-81.493162,single_family,3.0,2.0,1970.0,8756.0,1995.0,Inactive,328800,2020-09-24T20:49:06.793Z,683,12.703207983522068
"7236-Oak-Meadows-Cir,-Orlando,-FL-32835","7236 Oak Meadows Cir, Orlando, FL 32835",7236 Oak Meadows Cir,,Orlando,FL,32835,Orange County,28.540051,-81.48121,condo,2.0,2.0,948.0,8756.0,1995.0,Inactive,175000,2020-09-20T19:15:57.140Z,687,12.07254696717504
"509-N-Nowell-St,-Orlando,-FL-32835","509 N Nowell St, Orlando, FL 32835",509 N Nowell St,,Orlando,FL,32835,Orange County,28.549057,-81.463192,single_family,3.0,1.0,1085.0,8756.0,1995.0,Inactive,165000,2020-10-29T12:39:50.468Z,648,12.013706813470414
"6190-Westgate-Dr,-Apt-303,-Orlando,-FL-32835","6190 Westgate Dr, Apt 303, Orlando, FL 32835",6190 Westgate Dr,Apt 303,Orlando,FL,32835,Orange County,28.531378,-81.466749,condo,2.0,2.0,1422.0,8756.0,1995.0,Inactive,129999,2020-09-15T19:45:41.617Z,692,11.77528972943772
"1021-S-Hiawassee-Rd,-Apt-3924,-Orlando,-FL-32835","1021 S Hiawassee Rd, Apt 3924, Orlando, FL 32835",1021 S Hiawassee Rd,Apt 3924,Orlando,FL,32835,Orange County,28.528946,-81.47423,condo,1.0,1.0,673.0,8756.0,1995.0,Inactive,99500,2020-09-15T19:16:09.124Z,692,11.507922973347437
"7925-Courtleigh-Dr,-Orlando,-FL-32835","7925 Courtleigh Dr, Orlando, FL 32835",7925 Courtleigh Dr,,Orlando,FL,32835,Orange County,28.51221,-81.501546,single_family,5.0,3.0,3108.0,8756.0,1995.0,Inactive,525000,2020-10-22T17:02:45.169Z,655,13.171155446333852
"6402-Cava-Alta-Dr,-Unit-110,-Orlando,-FL-32835","6402 Cava Alta Dr, Unit 110, Orlando, FL 32835",6402 Cava Alta Dr,Unit 110,Orlando,FL,32835,Orange County,28.514982,-81.468156,condo,3.0,2.0,1412.0,8756.0,1995.0,Inactive,182000,2020-10-28T13:56:35.100Z,649,12.111767460549332
"7936-Bridgestone-Dr,-Orlando,-FL-32835","7936 Bridgestone Dr, Orlando, FL 32835",7936 Bridgestone Dr,,Orlando,FL,32835,Orange County,28.525795,-81.492686,single_family,4.0,3.0,2235.0,8756.0,1995.0,Inactive,395000,2020-09-22T01:18:31.306Z,685,12.886643575525625
"7292-Hawksnest-Blvd,-Orlando,-FL-32835","7292 Hawksnest Blvd, Orlando, FL 32835",7292 Hawksnest Blvd,,Orlando,FL,32835,Orange County,28.520211,-81.487887,single_family,3.0,2.5,2516.0,8756.0,1995.0,Inactive,379900,2020-09-28T16:49:53.871Z,679,12.847665971443902
"1160-Palm-Cove-Dr,-Orlando,-FL-32835","1160 Palm Cove Dr, Orlando, FL 32835",1160 Palm Cove Dr,,Orlando,FL,32835,Orange County,28.525487,-81.502914,single_family,3.0,2.0,1765.0,8756.0,1995.0,Inactive,350000,2020-10-02T16:46:24.522Z,675,12.765691290604371
"1212-S-Hiawassee-Rd,-Apt-534,-Orlando,-FL-32835","1212 S Hiawassee Rd, Apt 534, Orlando, FL 32835",1212 S Hiawassee Rd,Apt 534,Orlando,FL,32835,Orange County,28.524296,-81.473187,condo,3.0,2.0,1408.0,8756.0,1995.0,Inactive,158000,2020-10-01T10:10:27.738Z,676,11.970356641102999
"6022-Westgate-Dr,-Apt-204,-Orlando,-FL-32835","6022 Westgate Dr, Apt 204, Orlando, FL 32835",6022 Westgate Dr,Apt 204,Orlando,FL,32835,Orange County,28.531191,-81.464613,condo,2.0,1.0,1285.0,8756.0,1995.0,Inactive,129900,2020-09-15T19:45:41.623Z,692,11.774527900858468
"6392-Miramonte-Dr,-Unit-106,-Orlando,-FL-32835","6392 Miramonte Dr, Unit 106, Orlando, FL 32835",6392 Miramonte Dr,Unit 106,Orlando,FL,32835,Orange County,28.509031,-81.469628,condo,3.0,2.5,2369.0,8756.0,1995.0,Inactive,279900,2020-09-21T23:28:00.151Z,685,12.5421912482017
"8144-Lesia-Cir,-Orlando,-FL-32835","8144 Lesia Cir, Orlando, FL 32835",8144 Lesia Cir,,Orlando,FL,32835,Orange County,28.538698,-81.495522,single_family,3.0,2.0,1636.0,8756.0,1995.0,Inactive,259500,2020-10-15T17:29:10.145Z,662,12.466515835145202
"323-Lucile-Way,-Orlando,-FL-32835","323 Lucile Way, Orlando, FL 32835",323 Lucile Way,,Orlando,FL,32835,Orange County,28.535678,-81.474586,single_family,3.0,2.0,1204.0,8756.0,1995.0,Inactive,235800,2020-09-24T19:18:55.403Z,683,12.370743507958519
"7205-Somersworth-Dr,-Orlando,-FL-32835","7205 Somersworth Dr, Orlando, FL 32835",7205 Somersworth Dr,,Orlando,FL,32835,Orange County,28.513068,-81.491008,single_family,3.0,2.5,2087.0,8756.0,1995.0,Inactive,329600,2020-10-07T17:26:07.266Z,670,12.705638110993434
"3041-Barrymore-Ct,-Orlando,-FL-32835","3041 Barrymore Ct, Orlando, FL 32835",3041 Barrymore Ct,,Orlando,FL,32835,Orange County,28.508378,-81.489372,single_family,3.0,2.5,1957.0,8756.0,1995.0,Inactive,325000,2020-09-21T23:52:12.983Z,685,12.691583538230217
"8529-Peconic-Dr,-Orlando,-FL-32835","8529 Peconic Dr, Orlando, FL 32835",8529 Peconic Dr,,Orlando,FL,32835,Orange County,28.524435,-81.498145,single_family,4.0,4.0,3210.0,8756.0,1995.0,Inactive,339000,2020-09-22T00:23:43.442Z,685,12.733758336210744
"6029-Westgate-Dr,-Apt-726,-Orlando,-FL-32835","6029 Westgate Dr, Apt 726, Orlando, FL 32835",6029 Westgate Dr,Apt 726,Orlando,FL,32835,Orange County,28.533833,-81.465412,condo,1.0,1.0,713.0,8756.0,1995.0,Inactive,115000,2020-09-15T19:16:09.136Z,692,11.652696102959753
"3344-Robert-Trent-Jones-Dr,-Unit-40605,-Orlando,-FL-32835","3344 Robert Trent Jones Dr, Unit 40605, Orlando, FL 32835",3344 Robert Trent Jones Dr,Unit 40605,Orlando,FL,32835,Orange County,28.506385,-81.471408,condo,3.0,2.0,1247.0,8756.0,1995.0,Inactive,172000,2020-10-15T15:20:28.893Z,662,12.055255569732177
"7135-Yacht-Basin-Ave,-Apt-225,-Orlando,-FL-32835","7135 Yacht Basin Ave, Apt 225, Orlando, FL 32835",7135 Yacht Basin Ave,Apt 225,Orlando,FL,32835,Orange County,28.512783,-81.484826,condo,3.0,2.0,1408.0,8756.0,1995.0,Inactive,165000,2020-10-07T14:47:58.800Z,670,12.013706813470414
"8754-Lansmere-Ln,-Orlando,-FL-32835","8754 Lansmere Ln, Orlando, FL 32835",8754 Lansmere Ln,,Orlando,FL,32835,Orange County,28.496143,-81.504005,single_family,4.0,3.5,3813.0,8756.0,1995.0,Inactive,625000,2020-09-22T02:09:44.574Z,685,13.345508528717259
"7671-Milano-Dr,-Orlando,-FL-32835","7671 Milano Dr, Orlando, FL 32835",7671 Milano Dr,,Orlando,FL,32835,Orange County,28.520817,-81.496821,single_family,4.0,3.0,2642.0,8756.0,1995.0,Inactive,435000,2020-09-22T01:51:28.772Z,685,12.983103608918753
"972-Beach-Breeze-Dr,-Orlando,-FL-32835","972 Beach Breeze Dr, Orlando, FL 32835",972 Beach Breeze Dr,,Orlando,FL,32835,Orange County,28.529193,-81.478253,single_family,3.0,2.0,1603.0,8756.0,1995.0,Inactive,245000,2020-09-21T21:20:38.129Z,686,12.409017571151187
"6157-Metrowest-Blvd,-Unit-303,-Orlando,-FL-32835","6157 Metrowest Blvd, Unit 303, Orlando, FL 32835",6157 Metrowest Blvd,Unit 303,Orlando,FL,32835,Orange County,28.514948,-81.465374,condo,2.0,2.0,1079.0,8756.0,1995.0,Inactive,150000,2020-09-15T20:43:54.490Z,692,11.918397239722838
"3075-Capri-Isle-Way,-Orlando,-FL-32835","3075 Capri Isle Way, Orlando, FL 32835",3075 Capri Isle Way,,Orlando,FL,32835,Orange County,28.510552,-81.461603,condo,3.0,2.5,1591.0,8756.0,1995.0,Inactive,199000,2020-09-21T20:22:00.067Z,686,12.201065128819632
"3315-Parkchester-Square-Blvd,-Apt-106,-Orlando,-FL-32835","3315 Parkchester Square Blvd, Apt 106, Orlando, FL 32835",3315 Parkchester Square Blvd,Apt 106,Orlando,FL,32835,Orange County,28.508601,-81.471444,condo,2.0,1.0,1035.0,8756.0,1995.0,Inactive,140000,2020-10-06T12:48:17.570Z,671,11.849404844423074
"3366-Shallot-Dr,-Unit-105,-Orlando,-FL-32835","3366 Shallot Dr, Unit 105, Orlando, FL 32835",3366 Shallot Dr,Unit 105,Orlando,FL,32835,Orange County,28.507311,-81.467584,condo,3.0,2.5,1682.0,8756.0,1995.0,Inactive,229900,2020-09-21T20:57:14.223Z,686,12.345404060459082
"7644-Saint-Stephens-Ct,-Orlando,-FL-32835","7644 Saint Stephens Ct, Orlando, FL 32835",7644 Saint Stephens Ct,,Orlando,FL,32835,Orange County,28.511261,-81.493123,single_family,5.0,4.0,3432.0,8756.0,1995.0,Inactive,539000,2020-09-22T02:08:59.065Z,685,13.197472705176983
"8137-Belshire-Dr,-Orlando,-FL-32835","8137 Belshire Dr, Orlando, FL 32835",8137 Belshire Dr,,Orlando,FL,32835,Orange County,28.49742,-81.494867,single_family,4.0,3.0,2945.0,8756.0,1995.0,Inactive,440000,2020-09-30T17:20:50.920Z,677,12.994532278619134
"7826-Canyon-Lake-Cir,-Orlando,-FL-32835","7826 Canyon Lake Cir, Orlando, FL 32835",7826 Canyon Lake Cir,,Orlando,FL,32835,Orange County,28.529498,-81.488974,single_family,4.0,3.0,2099.0,8756.0,1995.0,Inactive,380000,2020-09-22T01:17:07.163Z,685,12.847929163278053
"7749-Belvoir-Dr,-Orlando,-FL-32835","7749 Belvoir Dr, Orlando, FL 32835",7749 Belvoir Dr,,Orlando,FL,32835,Orange County,28.522509,-81.499672,single_family,5.0,2.5,2641.0,8756.0,1995.0,Inactive,375000,2020-09-22T01:02:18.136Z,685,12.834683971615659
"7123-Yacht-Basin-Ave,-Apt-310,-Orlando,-FL-32835","7123 Yacht Basin Ave, Apt 310, Orlando, FL 32835",7123 Yacht Basin Ave,Apt 310,Orlando,FL,32835,Orange County,28.513276,-81.484112,condo,3.0,2.0,1206.0,8756.0,1995.0,Inactive,165000,2020-09-25T16:08:54.927Z,682,12.013706813470414
"1057-Almond-Tree-Cir,-Orlando,-FL-32835","1057 Almond Tree Cir, Orlando, FL 32835",1057 Almond Tree Cir,,Orlando,FL,32835,Orange County,28.527671,-81.50683,single_family,4.0,3.0,2509.0,8756.0,1995.0,Inactive,447000,2020-09-22T02:00:59.473Z,685,13.010316110729669
"7464-Herricks-Loop,-Orlando,-FL-32835","7464 Herricks Loop, Orlando, FL 32835",7464 Herricks Loop,,Orlando,FL,32835,Orange County,28.541681,-81.484326,single_family,3.0,2.0,1359.0,8756.0,1995.0,Inactive,285000,2020-09-21T23:28:14.501Z,685,12.560247968016562
"112-Brigadoon-Pt,-Orlando,-FL-32835","112 Brigadoon Pt, Orlando, FL 32835",112 Brigadoon Pt,,Orlando,FL,32835,Orange County,28.541914,-81.486383,single_family,3.0,2.0,1841.0,8756.0,1995.0,Inactive,290000,2020-10-03T16:59:40.231Z,674,12.577639650232573
"5977-Strada-Capri-Way,-Orlando,-FL-32835","5977 Strada Capri Way, Orlando, FL 32835",5977 Strada Capri Way,,Orlando,FL,32835,Orange County,28.511366,-81.46242,condo,3.0,2.5,1591.0,8756.0,1995.0,Inactive,219900,2020-09-21T20:55:22.315Z,686,12.300932724054114
"7310-Westpointe-Blvd,-Apt-631,-Orlando,-FL-32835","7310 Westpointe Blvd, Apt 631, Orlando, FL 32835",7310 Westpointe Blvd,Apt 631,Orlando,FL,32835,Orange County,28.516365,-81.490785,condo,2.0,2.0,1071.0,8756.0,1995.0,Inactive,118900,2020-09-30T11:50:05.298Z,677,11.686046493072437
"7903-Saint-Giles-Pl,-Orlando,-FL-32835","7903 Saint Giles Pl, Orlando, FL 32835",7903 Saint Giles Pl,,Orlando,FL,32835,Orange County,28.519726,-81.502285,single_family,4.0,2.5,3133.0,8756.0,1995.0,Inactive,399000,2020-10-07T17:42:37.136Z,670,12.896719202134523
"6714-Fairway-Cove-Dr,-Orlando,-FL-32835","6714 Fairway Cove Dr, Orlando, FL 32835",6714 Fairway Cove Dr,,Orlando,FL,32835,Orange County,28.525755,-81.477314,single_family,5.0,4.0,2862.0,8756.0,1995.0,Inactive,479900,2020-09-22T02:02:19.918Z,685,13.081335111611617
"7821-Westminster-Abbey-Blvd,-Orlando,-FL-32835","7821 Westminster Abbey Blvd, Orlando, FL 32835",7821 Westminster Abbey Blvd,,Orlando,FL,32835,Orange County,28.508015,-81.497327,single_family,4.0,3.0,3287.0,8756.0,1995.0,Inactive,565000,2020-09-22T02:09:16.547Z,685,13.244582780038517
"944-Palm-Cove-Dr,-Orlando,-FL-32835","944 Palm Cove Dr, Orlando, FL 32835",944 Palm Cove Dr,,Orlando,FL,32835,Orange County,28.524732,-81.50635,single_family,4.0,3.0,2253.0,8756.0,1995.0,Inactive,475000,2020-09-22T02:00:59.480Z,685,13.07107218827772
"6412-Queens-Borough-Ave,-Apt-115,-Orlando,-FL-32835","6412 Queens Borough Ave, Apt 115, Orlando, FL 32835",6412 Queens Borough Ave,Apt 115,Orlando,FL,32835,Orange County,28.509743,-81.471395,condo,3.0,2.0,1260.0,8756.0,1995.0,Inactive,160000,2020-09-15T21:10:02.838Z,692,11.982935344196433
"6130-Westgate-Dr,-Apt-102,-Orlando,-FL-32835","6130 Westgate Dr, Apt 102, Orlando, FL 32835",6130 Westgate Dr,Apt 102,Orlando,FL,32835,Orange County,28.531409,-81.465888,condo,2.0,2.0,943.0,8756.0,1995.0,Inactive,132000,2020-09-30T12:23:49.297Z,677,11.790564777297387
"8134-Canyon-Lake-Cir,-Orlando,-FL-32835","8134 Canyon Lake Cir, Orlando, FL 32835",8134 Canyon Lake Cir,,Orlando,FL,32835,Orange County,28.529143,-81.490214,single_family,4.0,3.0,2212.0,8756.0,1995.0,Inactive,298000,2020-09-21T23:34:25.327Z,685,12.604852121186608
"109-Pier-Point-Ct,-Unit-2,-Orlando,-FL-32835","109 Pier Point Ct, Unit 2, Orlando, FL 32835",109 Pier Point Ct,Unit 2,Orlando,FL,32835,Orange County,28.53896,-81.483716,single_family,3.0,2.0,1221.0,8756.0,1995.0,Inactive,249900,2020-10-27T15:08:23.332Z,650,12.428820118415677
"8710-Lansmere-Ln,-Orlando,-FL-32835","8710 Lansmere Ln, Orlando, FL 32835",8710 Lansmere Ln,,Orlando,FL,32835,Orange County,28.494554,-81.503998,single_family,4.0,2.5,2714.0,8756.0,1995.0,Inactive,434999,2020-09-22T01:51:28.772Z,685,12.983101310070822
"3028-Capri-Isle-Way,-Orlando,-FL-32835","3028 Capri Isle Way, Orlando, FL 32835",3028 Capri Isle Way,,Orlando,FL,32835,Orange County,28.511044,-81.462065,condo,3.0,2.5,1562.0,8756.0,1995.0,Inactive,335000,2020-09-22T00:05:03.282Z,685,12.721888795877375
"7015-Harbor-Point-Blvd,-Orlando,-FL-32835","7015 Harbor Point Blvd, Orlando, FL 32835",7015 Harbor Point Blvd,,Orlando,FL,32835,Orange County,28.536639,-81.476682,single_family,3.0,2.0,1488.0,8756.0,1995.0,Inactive,269950,2020-09-21T22:39:06.641Z,685,12.505995740029274
"6124-Westgate-Dr,-Apt-101,-Orlando,-FL-32835","6124 Westgate Dr, Apt 101, Orlando, FL 32835",6124 Westgate Dr,Apt 101,Orlando,FL,32835,Orange County,28.53178,-81.466024,condo,2.0,2.0,943.0,8756.0,1995.0,Inactive,124000,2020-09-15T19:27:14.988Z,692,11.728044909070785
"7928-Barrowood-St,-Orlando,-FL-32835","7928 Barrowood St, Orlando, FL 32835",7928 Barrowood St,,Orlando,FL,32835,Orange County,28.531161,-81.494114,single_family,3.0,2.0,1207.0,8756.0,1995.0,Inactive,259900,2020-09-25T21:09:54.929Z,682,12.468056068255885
"3497-Shallot-Dr,-Unit-108,-Orlando,-FL-32835","3497 Shallot Dr, Unit 108, Orlando, FL 32835",3497 Shallot Dr,Unit 108,Orlando,FL,32835,Orange County,28.507698,-81.469627,condo,3.0,2.5,1665.0,8756.0,1995.0,Inactive,215000,2020-09-21T20:55:22.304Z,686,12.278397958261774
"207-Sonoma-Valley-Cir,-Orlando,-FL-32835","207 Sonoma Valley Cir, Orlando, FL 32835",207 Sonoma Valley Cir,,Orlando,FL,32835,Orange County,28.539201,-81.485271,single_family,3.0,2.0,1221.0,8756.0,1995.0,Inactive,248900,2020-09-21T21:29:02.054Z,685,12.424810506025395
"3326-Robert-Trent-Jones-Dr,-Unit-10502,-Orlando,-FL-32835","3326 Robert Trent Jones Dr, Unit 10502, Orlando, FL 32835",3326 Robert Trent Jones Dr,Unit 10502,Orlando,FL,32835,Orange County,28.506495,-81.470584,condo,3.0,2.0,1412.0,8756.0,1995.0,Inactive,199900,2020-10-08T14:46:35.030Z,669,12.20557752297723
"7-S-John-St,-Orlando,-FL-32835","7 S John St, Orlando, FL 32835",7 S John St,,Orlando,FL,32835,Orange County,28.541004,-81.462099,single_family,3.0,2.0,1461.0,8756.0,1995.0,Inactive,182000,2020-09-20T19:16:03.697Z,687,12.111767460549332
"2173-Lake-Debra-Dr,-Apt-637,-Orlando,-FL-32835","2173 Lake Debra Dr, Apt 637, Orlando, FL 32835",2173 Lake Debra Dr,Apt 637,Orlando,FL,32835,Orange County,28.516049,-81.47635,condo,1.0,1.0,661.0,8756.0,1995.0,Inactive,128000,2020-09-15T19:27:14.998Z,692,11.759793355371237
"1079-S-Hiawassee-Rd,-Apt-1125,-Orlando,-FL-32835","1079 S Hiawassee Rd, Apt 1125, Orlando, FL 32835",1079 S Hiawassee Rd,Apt 1125,Orlando,FL,32835,Orange County,28.528102,-81.471055,condo,1.0,1.0,673.0,8756.0,1995.0,Inactive,99500,2020-09-15T18:37:16.585Z,692,11.507922973347437
"7501-Pacific-Heights-Cir,-Orlando,-FL-32835","7501 Pacific Heights Cir, Orlando, FL 32835",7501 Pacific Heights Cir,,Orlando,FL,32835,Orange County,28.539731,-81.485837,single_family,3.0,2.5,1377.0,8756.0,1995.0,Inactive,259900,2020-09-21T21:40:35.388Z,685,12.468056068255885
"3213-Greenwich-Village-Blvd,-Apt-101,-Orlando,-FL-32835","3213 Greenwich Village Blvd, Apt 101, Orlando, FL 32835",3213 Greenwich Village Blvd,Apt 101,Orlando,FL,32835,Orange County,28.508871,-81.472688,condo,1.0,1.0,885.0,8756.0,1995.0,Inactive,119999,2020-09-24T13:54:08.256Z,683,11.695247021764184
"6466-Cava-Alta-Dr,-Unit-110,-Orlando,-FL-32835","6466 Cava Alta Dr, Unit 110, Orlando, FL 32835",6466 Cava Alta Dr,Unit 110,Orlando,FL,32835,Orange County,28.514956,-81.469281,condo,3.0,2.0,1412.0,8756.0,1995.0,Inactive,179900,2020-09-20T19:15:57.139Z,687,12.100161978566867
"7270-Westpointe-Blvd,-Apt-933,-Orlando,-FL-32835","7270 Westpointe Blvd, Apt 933, Orlando, FL 32835",7270 Westpointe Blvd,Apt 933,Orlando,FL,32835,Orange County,28.516099,-81.488439,condo,2.0,2.0,1127.0,8756.0,1995.0,Inactive,115000,2020-09-15T19:16:09.131Z,692,11.652696102959753
"8142-Belshire-Dr,-Orlando,-FL-32835","8142 Belshire Dr, Orlando, FL 32835",8142 Belshire Dr,,Orlando,FL,32835,Orange County,28.497032,-81.49429,single_family,5.0,3.0,3094.0,8756.0,1995.0,Inactive,529900,2020-09-22T02:08:59.064Z,685,13.180445475627591
"5975-Westgate-Dr,-Apt-1122,-Orlando,-FL-32835","5975 Westgate Dr, Apt 1122, Orlando, FL 32835",5975 Westgate Dr,Apt 1122,Orlando,FL,32835,Orange County,28.533853,-81.463947,condo,3.0,2.0,1308.0,8756.0,1995.0,Inactive,150000,2020-09-15T20:43:54.474Z,692,11.918397239722838
"6324-Raleigh-St,-Unit-120,-Orlando,-FL-32835","6324 Raleigh St, Unit 120, Orlando, FL 32835",6324 Raleigh St,Unit 120,Orlando,FL,32835,Orange County,28.526664,-81.468797,condo,2.0,2.0,1062.0,8756.0,1995.0,Inactive,145000,2020-10-19T11:35:28.081Z,658,11.884495917930655
"33-N-Normandale-Ave,-Orlando,-FL-32835","33 N Normandale Ave, Orlando, FL 32835",33 N Normandale Ave,,Orlando,FL,32835,Orange County,28.542481,-81.460047,single_family,2.0,1.0,843.0,8756.0,1995.0,Inactive,87500,2020-09-19T10:36:03.010Z,688,11.37940550085183
"6070-Westgate-Dr,-Apt-103,-Orlando,-FL-32835","6070 Westgate Dr, Apt 103, Orlando, FL 32835",6070 Westgate Dr,Apt 103,Orlando,FL,32835,Orange County,28.532633,-81.465402,condo,1.0,1.0,686.0,8756.0,1995.0,Inactive,104900,2020-09-24T13:28:40.444Z,683,11.560772327227417
"219-N-Hudson-St,-Orlando,-FL-32835","219 N Hudson St, Orlando, FL 32835",219 N Hudson St,,Orlando,FL,32835,Orange County,28.544831,-81.461081,single_family,3.0,2.0,1308.0,8756.0,1995.0,Inactive,112900,2020-09-23T12:46:40.024Z,684,11.634266607494453
"3190-Dante-Dr,-Unit-205,-Orlando,-FL-32835","3190 Dante Dr, Unit 205, Orlando, FL 32835",3190 Dante Dr,Unit 205,Orlando,FL,32835,Orange County,28.509208,-81.466884,condo,3.0,2.0,1408.0,8756.0,1995.0,Inactive,174900,2020-09-20T18:53:00.818Z,687,12.071975378543236
"7109-Yacht-Basin-Ave,-Apt-411,-Orlando,-FL-32835","7109 Yacht Basin Ave, Apt 411, Orlando, FL 32835",7109 Yacht Basin Ave,Apt 411,Orlando,FL,32835,Orange County,28.512537,-81.484102,condo,2.0,2.0,1050.0,8756.0,1995.0,Inactive,146900,2020-09-15T20:14:56.143Z,692,11.897514169490739
"2948-Barrymore-Ct,-Orlando,-FL-32835","2948 Barrymore Ct, Orlando, FL 32835",2948 Barrymore Ct,,Orlando,FL,32835,Orange County,28.509606,-81.488719,single_family,4.0,2.5,1884.0,8756.0,1995.0,Inactive,285000,2020-09-21T23:28:14.488Z,685,12.560247968016562
"3396-Shallot-Dr,-Unit-101,-Orlando,-FL-32835","3396 Shallot Dr, Unit 101, Orlando, FL 32835",3396 Shallot Dr,Unit 101,Orlando,FL,32835,Orange County,28.507861,-81.467681,condo,3.0,2.5,1665.0,8756.0,1995.0,Inactive,244900,2020-09-21T21:20:38.128Z,685,12.408609326231229
"138-Garden-Cove-Ct,-Orlando,-FL-32835","138 Garden Cove Ct, Orlando, FL 32835",138 Garden Cove Ct,,Orlando,FL,32835,Orange County,28.540487,-81.485019,condo,2.0,2.0,986.0,8756.0,1995.0,Inactive,179900,2020-09-20T19:15:57.058Z,687,12.100161978566867
"6412-Queens-Borough-Ave,-Apt-211,-Orlando,-FL-32835","6412 Queens Borough Ave, Apt 211, Orlando, FL 32835",6412 Queens Borough Ave,Apt 211,Orlando,FL,32835,Orange County,28.509743,-81.471396,condo,2.0,2.0,1233.0,8756.0,1995.0,Inactive,159995,2020-09-24T16:05:48.993Z,683,11.982904093903459
"3406-Soho-St,-Apt-302,-Orlando,-FL-32835","3406 Soho St, Apt 302, Orlando, FL 32835",3406 Soho St,Apt 302,Orlando,FL,32835,Orange County,28.507653,-81.474371,condo,3.0,2.0,1260.0,8756.0,1995.0,Inactive,154000,2020-09-20T18:28:21.312Z,687,11.944714374881176
"309-Baywest-Neighbors-Cir,-Orlando,-FL-32835","309 Baywest Neighbors Cir, Orlando, FL 32835",309 Baywest Neighbors Cir,,Orlando,FL,32835,Orange County,28.543439,-81.495141,single_family,3.0,2.0,1346.0,8756.0,1995.0,Inactive,246000,2020-09-21T21:29:02.053Z,685,12.413090879946887
"1243-Almond-Tree-Ct,-Orlando,-FL-32835","1243 Almond Tree Ct, Orlando, FL 32835",1243 Almond Tree Ct,,Orlando,FL,32835,Orange County,28.523555,-81.506716,single_family,4.0,4.0,4185.0,8756.0,1995.0,Inactive,599900,2020-09-22T02:09:44.584Z,685,13.304519920584285
"3304-Westchester-Blvd,-Unit-202,-Orlando,-FL-32835","3304 Westchester Blvd, Unit 202, Orlando, FL 32835",3304 Westchester Blvd,Unit 202,Orlando,FL,32835,Orange County,28.508154,-81.47375,condo,2.0,2.0,1256.0,8756.0,1995.0,Inactive,142500,2020-09-15T19:57:36.289Z,692,11.86710429621008
"7973-Saint-Andrews-Cir,-Orlando,-FL-32835","7973 Saint Andrews Cir, Orlando, FL 32835",7973 Saint Andrews Cir,,Orlando,FL,32835,Orange County,28.520106,-81.50363,single_family,4.0,2.5,2126.0,8756.0,1995.0,Inactive,390000,2020-09-22T01:17:45.708Z,685,12.873904582205107
"6169-Metrowest-Blvd,-Unit-107,-Orlando,-FL-32835","6169 Metrowest Blvd, Unit 107, Orlando, FL 32835",6169 Metrowest Blvd,Unit 107,Orlando,FL,32835,Orange County,28.515821,-81.466843,condo,3.0,2.0,1369.0,8756.0,1995.0,Inactive,177000,2020-09-20T19:15:57.039Z,687,12.083910661257521
"3362-Robert-Trent-Jones-Dr,-Unit-20107,-Orlando,-FL-32835","3362 Robert Trent Jones Dr, Unit 20107, Orlando, FL 32835",3362 Robert Trent Jones Dr,Unit 20107,Orlando,FL,32835,Orange County,28.505047,-81.471515,condo,2.0,2.0,1962.0,8756.0,1995.0,Inactive,239990,2020-09-21T21:20:38.123Z,685,12.388356701620985
"8612-Old-Winter-Garden-Rd,-Orlando,-FL-32835","8612 Old Winter Garden Rd, Orlando, FL 32835",8612 Old Winter Garden Rd,,Orlando,FL,32835,Orange County,28.541816,-81.503142,single_family,1.0,1.0,625.0,8756.0,1995.0,Inactive,159900,2020-09-15T21:10:02.824Z,691,11.982310152711182
"8030-Bridgestone-Dr,-Orlando,-FL-32835","8030 Bridgestone Dr, Orlando, FL 32835",8030 Bridgestone Dr,,Orlando,FL,32835,Orange County,28.524124,-81.494554,single_family,4.0,3.0,2312.0,8756.0,1995.0,Inactive,375000,2020-09-22T01:02:18.138Z,685,12.834683971615659
"1364-Shelter-Rock-Rd,-Orlando,-FL-32835","1364 Shelter Rock Rd, Orlando, FL 32835",1364 Shelter Rock Rd,,Orlando,FL,32835,Orange County,28.525321,-81.500297,single_family,4.0,4.0,3220.0,8756.0,1995.0,Inactive,579500,2020-09-22T02:09:16.550Z,685,13.269922667385995
"3393-Shallot-Dr,-Unit-102,-Orlando,-FL-32835","3393 Shallot Dr, Unit 102, Orlando, FL 32835",3393 Shallot Dr,Unit 102,Orlando,FL,32835,Orange County,28.507183,-81.467973,condo,3.0,2.5,1682.0,8756.0,1995.0,Inactive,235000,2020-09-21T21:20:34.699Z,685,12.367345048436391
"7832-Cowan-Ct,-Orlando,-FL-32835","7832 Cowan Ct, Orlando, FL 32835",7832 Cowan Ct,,Orlando,FL,32835,Orange County,28.498472,-81.489455,single_family,4.0,2.0,2135.0,8756.0,1995.0,Inactive,420000,2020-09-22T01:31:21.047Z,685,12.948012371209098
"3344-Robert-Trent-Jones-Dr,-Unit-306,-Orlando,-FL-32835","3344 Robert Trent Jones Dr, Unit 306, Orlando, FL 32835",3344 Robert Trent Jones Dr,Unit 306,Orlando,FL,32835,Orange County,28.509043,-81.470116,condo,3.0,2.0,1247.0,8756.0,1995.0,Inactive,169000,2020-09-15T21:47:22.435Z,691,12.037659911047468
"6136-Westgate-Dr,-Apt-103,-Orlando,-FL-32835","6136 Westgate Dr, Apt 103, Orlando, FL 32835",6136 Westgate Dr,Apt 103,Orlando,FL,32835,Orange County,28.531235,-81.466384,condo,1.0,1.0,722.0,8756.0,1995.0,Inactive,99900,2020-09-15T18:37:16.630Z,692,11.511934974596555
"3532-Watercrest-Pl,-Orlando,-FL-32835","3532 Watercrest Pl, Orlando, FL 32835",3532 Watercrest Pl,,Orlando,FL,32835,Orange County,28.50178,-81.496946,single_family,6.0,5.0,3751.0,8756.0,1995.0,Inactive,589999,2020-09-22T02:09:16.550Z,685,13.287877815881902
"6466-Cava-Alta-Dr,-Unit-103,-Orlando,-FL-32835","6466 Cava Alta Dr, Unit 103, Orlando, FL 32835",6466 Cava Alta Dr,Unit 103,Orlando,FL,32835,Orange County,28.515164,-81.469066,condo,3.0,2.0,1247.0,8756.0,1995.0,Inactive,175000,2020-09-20T18:53:00.819Z,687,12.07254696717504
"2652-Robert-Trent-Jones-Dr,-Apt-510,-Orlando,-FL-32835","2652 Robert Trent Jones Dr, Apt 510, Orlando, FL 32835",2652 Robert Trent Jones Dr,Apt 510,Orlando,FL,32835,Orange County,28.514178,-81.47185,condo,2.0,2.0,1014.0,8756.0,1995.0,Inactive,149900,2020-09-15T20:43:54.498Z,691,11.917730355182513
"6312-Raleigh-St,-Apt-514,-Orlando,-FL-32835","6312 Raleigh St, Apt 514, Orlando, FL 32835",6312 Raleigh St,Apt 514,Orlando,FL,32835,Orange County,28.527201,-81.468558,condo,2.0,2.0,1062.0,8756.0,1995.0,Inactive,145000,2020-09-15T20:14:56.115Z,692,11.884495917930655
"7280-Westpointe-Blvd,-Apt-829,-Orlando,-FL-32835","7280 Westpointe Blvd, Apt 829, Orlando, FL 32835",7280 Westpointe Blvd,Apt 829,Orlando,FL,32835,Orange County,28.516093,-81.489208,condo,1.0,1.0,678.0,8756.0,1995.0,Inactive,103900,2020-09-15T18:37:17.035Z,692,11.551193801680078
"4448-Winderlakes-Dr,-Orlando,-FL-32835","4448 Winderlakes Dr, Orlando, FL 32835",4448 Winderlakes Dr,,Orlando,FL,32835,Orange County,28.496878,-81.489653,single_family,3.0,2.0,1839.0,8756.0,1995.0,Inactive,300000,2020-09-21T23:37:48.105Z,685,12.611541086966115
"8110-Canyon-Lake-Cir,-Orlando,-FL-32835","8110 Canyon Lake Cir, Orlando, FL 32835",8110 Canyon Lake Cir,,Orlando,FL,32835,Orange County,28.528383,-81.491295,single_family,4.0,2.0,2194.0,8756.0,1995.0,Inactive,348000,2020-09-22T00:28:41.116Z,685,12.759960632315702
"113-Pier-Point-Ct,-Orlando,-FL-32835","113 Pier Point Ct, Orlando, FL 32835",113 Pier Point Ct,,Orlando,FL,32835,Orange County,28.538858,-81.483835,single_family,3.0,2.0,1233.0,8756.0,1995.0,Inactive,245000,2020-09-21T21:29:02.053Z,685,12.409017571151187
"3368-Robert-Trent-Jones-Dr,-Unit-201,-Orlando,-FL-32835","3368 Robert Trent Jones Dr, Unit 201, Orlando, FL 32835",3368 Robert Trent Jones Dr,Unit 201,Orlando,FL,32835,Orange County,28.505118,-81.469971,condo,2.0,2.0,1810.0,8756.0,1995.0,Inactive,239000,2020-09-21T21:20:34.706Z,685,12.384223015005313
"6112-Westgate-Dr,-Apt-202,-Orlando,-FL-32835","6112 Westgate Dr, Apt 202, Orlando, FL 32835",6112 Westgate Dr,Apt 202,Orlando,FL,32835,Orange County,28.531769,-81.467266,condo,1.0,1.0,1228.0,8756.0,1995.0,Inactive,119900,2020-09-15T19:27:14.973Z,692,11.694421681264394
"1089-Almond-Tree-Cir,-Orlando,-FL-32835","1089 Almond Tree Cir, Orlando, FL 32835",1089 Almond Tree Cir,,Orlando,FL,32835,Orange County,28.526606,-81.506799,single_family,4.0,3.0,2333.0,8756.0,1995.0,Inactive,399999,2020-09-22T01:22:08.026Z,685,12.89921982609012
"8123-Wellsmere-Cir,-Orlando,-FL-32835","8123 Wellsmere Cir, Orlando, FL 32835",8123 Wellsmere Cir,,Orlando,FL,32835,Orange County,28.537239,-81.492676,single_family,3.0,2.0,1853.0,8756.0,1995.0,Inactive,325000,2020-09-21T23:52:12.986Z,685,12.691583538230217
"3368-Robert-Trent-Jones-Dr,-Unit-40808,-Orlando,-FL-32835","3368 Robert Trent Jones Dr, Unit 40808, Orlando, FL 32835",3368 Robert Trent Jones Dr,Unit 40808,Orlando,FL,32835,Orange County,28.508904,-81.470037,condo,3.0,2.0,2129.0,8756.0,1995.0,Inactive,299900,2020-09-21T23:36:03.432Z,685,12.611207699176356
"7309-Victoria-Cir,-Orlando,-FL-32835","7309 Victoria Cir, Orlando, FL 32835",7309 Victoria Cir,,Orlando,FL,32835,Orange County,28.541411,-81.482595,single_family,3.0,2.0,1213.0,8756.0,1995.0,Inactive,202000,2020-09-21T20:22:00.082Z,686,12.216027926866138
"6344-Raleigh-St,-Apt-1112,-Orlando,-FL-32835","6344 Raleigh St, Apt 1112, Orlando, FL 32835",6344 Raleigh St,Apt 1112,Orlando,FL,32835,Orange County,28.526351,-81.469505,condo,2.0,2.0,1248.0,8756.0,1995.0,Inactive,157000,2020-09-15T21:10:02.819Z,691,11.964007453736912
"6017-Westgate-Dr,-Apt-912,-Orlando,-FL-32835","6017 Westgate Dr, Apt 912, Orlando, FL 32835",6017 Westgate Dr,Apt 912,Orlando,FL,32835,Orange County,28.53383,-81.464654,condo,2.0,2.0,1077.0,8756.0,1995.0,Inactive,149900,2020-09-15T20:43:54.470Z,691,11.917730355182513
"1039-S-Hiawassee-Rd,-Apt-2921,-Orlando,-FL-32835","1039 S Hiawassee Rd, Apt 2921, Orlando, FL 32835",1039 S Hiawassee Rd,Apt 2921,Orlando,FL,32835,Orange County,28.530232,-81.472049,condo,2.0,2.0,934.0,8756.0,1995.0,Inactive,144000,2020-09-15T20:14:56.114Z,692,11.87757552297847
"8106-Saint-Albans-Dr,-Orlando,-FL-32835","8106 Saint Albans Dr, Orlando, FL 32835",8106 Saint Albans Dr,,Orlando,FL,32835,Orange County,28.535681,-81.493581,single_family,4.0,2.0,2372.0,8756.0,1995.0,Inactive,344000,2020-09-22T00:23:46.990Z,685,12.748399843328054
"4411-Winderlakes-Dr,-Orlando,-FL-32835","4411 Winderlakes Dr, Orlando, FL 32835",4411 Winderlakes Dr,,Orlando,FL,32835,Orange County,28.498075,-81.489777,single_family,3.0,2.0,2183.0,8756.0,1995.0,Inactive,329000,2020-09-21T23:52:12.991Z,685,12.703816069256568
"1071-S-Hiawassee-Rd,-Apt-1226,-Orlando,-FL-32835","1071 S Hiawassee Rd, Apt 1226, Orlando, FL 32835",1071 S Hiawassee Rd,Apt 1226,Orlando,FL,32835,Orange County,28.528579,-81.470972,condo,1.0,1.0,673.0,8756.0,1995.0,Inactive,139900,2020-09-15T19:57:36.284Z,692,11.848690308590857
"7360-Westpointe-Blvd,-Apt-125,-Orlando,-FL-32835","7360 Westpointe Blvd, Apt 125, Orlando, FL 32835",7360 Westpointe Blvd,Apt 125,Orlando,FL,32835,Orange County,28.516615,-81.488531,condo,1.0,1.0,842.0,8756.0,1995.0,Inactive,122900,2020-09-15T19:27:14.980Z,692,11.719134432217524
