id,formattedaddress,addressline1,addressline2,city,state,zipcode,county,latitude,longitude,propertytype,bedrooms,bathrooms,squarefootage,lotsize,yearbuilt,status,price,listeddate,daysonmarket,log_price
"400-E-Colonial-Dr,-Apt-203,-Orlando,-FL-32803","400 E Colonial Dr, Apt 203, Orlando, FL 32803",400 E Colonial Dr,Apt 203,Orlando,FL,32803,Orange,28.552804,-81.372234,condo,2.0,2.0,1109.0,12197.0,1975.0,Active,264000,2023-09-28T00:00:00.000Z,558,12.483708170000067
"4216-Lake-Underhill-Rd,-Apt-D,-Orlando,-FL-32803","4216 Lake Underhill Rd, Apt D, Orlando, FL 32803",4216 Lake Underhill Rd,Apt D,Orlando,FL,32803,Orange,28.536909,-81.333203,condo,3.0,2.0,1640.0,547114.0,1969.0,Active,273500,2024-04-03T00:00:00.000Z,370,12.519060557144618
"202-S-Bumby-Ave,-Orlando,-FL-32803","202 S Bumby Ave, Orlando, FL 32803",202 S Bumby Ave,,Orlando,FL,32803,Orange,28.540277,-81.352183,multi-family,6.0,3.0,2346.0,12632.0,1941.0,Active,950000,2024-05-08T00:00:00.000Z,335,13.76421831620775
"400-E-Colonial-Dr,-Apt-1609,-Orlando,-FL-32803","400 E Colonial Dr, Apt 1609, Orlando, FL 32803",400 E Colonial Dr,Apt 1609,Orlando,FL,32803,Orange,28.552804,-81.372234,condo,2.0,2.0,1189.0,12197.0,1975.0,Active,399500,2024-05-11T00:00:00.000Z,332,12.897971547314246
"231-Severn-Way,---36,-Orlando,-FL-32803","231 Severn Way, # 36, Orlando, FL 32803",231 Severn Way,# 36,Orlando,FL,32803,Orange,28.540617,-81.35349,single_family,4.0,3.0,3087.0,5487.0,2024.0,Active,863289,2024-05-23T00:00:00.000Z,320,13.668505950697705
"809-E-Ridgewood-St,-Orlando,-FL-32803","809 E Ridgewood St, Orlando, FL 32803",809 E Ridgewood St,,Orlando,FL,32803,Orange,28.546958,-81.367129,single_family,5.0,4.0,4408.0,10890.0,1935.0,Active,1449000,2024-05-24T00:00:00.000Z,319,14.186384911433706
"816-E-Amelia-St,-Orlando,-FL-32803","816 E Amelia St, Orlando, FL 32803",816 E Amelia St,,Orlando,FL,32803,Orange,28.549176,-81.366801,multi-family,2.0,2.0,1359.0,6882.0,1950.0,Active,699000,2024-08-21T00:00:00.000Z,230,13.457407451830088
"608-N-Summerlin-Ave,-Orlando,-FL-32803","608 N Summerlin Ave, Orlando, FL 32803",608 N Summerlin Ave,,Orlando,FL,32803,Orange,28.551419,-81.368882,single_family,2.0,2.0,1050.0,8147.0,1950.0,Active,509000,2024-08-22T00:00:00.000Z,229,13.140205260167273
"727-Park-Lake-Cir,-Orlando,-FL-32803","727 Park Lake Cir, Orlando, FL 32803",727 Park Lake Cir,,Orlando,FL,32803,Orange,28.554339,-81.37067,single_family,5.0,4.0,3046.0,14810.0,1925.0,Active,1650000,2024-08-23T00:00:00.000Z,228,14.316286451937186
"503-N-Summerlin-Ave,-Orlando,-FL-32803","503 N Summerlin Ave, Orlando, FL 32803",503 N Summerlin Ave,,Orlando,FL,32803,Orange,28.54966,-81.368384,single_family,5.0,3.0,4320.0,893.0,2007.0,Active,1499000,2024-08-24T00:00:00.000Z,227,14.22030944419592
"1124-Munster-St,-Orlando,-FL-32803","1124 Munster St, Orlando, FL 32803",1124 Munster St,,Orlando,FL,32803,Orange,28.578035,-81.364655,single_family,3.0,2.0,1806.0,9693.0,1979.0,Active,924900,2024-09-08T00:00:00.000Z,212,13.737441983739734
"700-Eldridge-St,-Orlando,-FL-32803","700 Eldridge St, Orlando, FL 32803",700 Eldridge St,,Orlando,FL,32803,Orange,28.554634,-81.32248,single_family,3.0,2.0,1364.0,9345.0,1925.0,Active,409000,2024-09-18T00:00:00.000Z,202,12.921472880009725
"902-Altaloma-Ave,-Orlando,-FL-32803","902 Altaloma Ave, Orlando, FL 32803",902 Altaloma Ave,,Orlando,FL,32803,Orange,28.556917,-81.359571,single_family,5.0,4.0,3890.0,8336.0,1950.0,Active,1250000,2024-09-19T00:00:00.000Z,201,14.038654909278163
"1513---B-And-1515-E-Livingston-St,-Orlando,-FL-32803","1513 # B And 1515 E Livingston St, Orlando, FL 32803",1513 # B And 1515 E Livingston St,,Orlando,FL,32803,Orange,28.547914,-81.360717,multi-family,4.0,3.0,2994.0,10890.0,1940.0,Active,999000,2024-09-24T00:00:00.000Z,196,13.81451105863119
"1322-Susannah-Blvd,-Orlando,-FL-32803","1322 Susannah Blvd, Orlando, FL 32803",1322 Susannah Blvd,,Orlando,FL,32803,Orange,28.56327,-81.319781,single_family,3.0,2.0,1598.0,26572.0,1944.0,Active,915000,2024-10-17T00:00:00.000Z,173,13.726680437153236
"1218-Nebraska-St,-Orlando,-FL-32803","1218 Nebraska St, Orlando, FL 32803",1218 Nebraska St,,Orlando,FL,32803,Orange,28.565328,-81.363512,single_family,2.0,2.0,1600.0,5612.0,1945.0,Active,599000,2024-10-24T00:00:00.000Z,166,13.303018546545275
"1904-Illinois-St,-Orlando,-FL-32803","1904 Illinois St, Orlando, FL 32803",1904 Illinois St,,Orlando,FL,32803,Orange,28.555613,-81.356976,single_family,4.0,3.0,2761.0,7003.0,2024.0,Active,1299900,2024-10-31T00:00:00.000Z,159,14.07779866568576
"4715-Beach-Blvd,-Orlando,-FL-32803","4715 Beach Blvd, Orlando, FL 32803",4715 Beach Blvd,,Orlando,FL,32803,Orange,28.560005,-81.321281,single_family,5.0,4.0,7323.0,91476.0,1928.0,Active,2450000,2024-10-29T00:00:00.000Z,161,14.711598990684092
"2171-E-South-St,---5,-Orlando,-FL-32803","2171 E South St, # 5, Orlando, FL 32803",2171 E South St,# 5,Orlando,FL,32803,Orange,28.538834,-81.353889,townhouse,4.0,3.0,2163.0,1234.0,2024.0,Active,599990,2024-11-06T00:00:00.000Z,153,13.304669934085782
"4801-Beach-Blvd,-Orlando,-FL-32803","4801 Beach Blvd, Orlando, FL 32803",4801 Beach Blvd,,Orlando,FL,32803,Orange,28.560357,-81.320787,single_family,6.0,4.0,3388.0,23522.0,1929.0,Active,899990,2024-11-04T00:00:00.000Z,155,13.710140042256448
"101-S-Glenwood-Ave,-Orlando,-FL-32803","101 S Glenwood Ave, Orlando, FL 32803",101 S Glenwood Ave,,Orlando,FL,32803,Orange,28.541331,-81.352604,single_family,3.0,2.0,1146.0,6771.0,1953.0,Active,449900,2024-11-15T00:00:00.000Z,144,13.016782837542953
"400-E-Colonial-Dr,-Apt-905,-Orlando,-FL-32803","400 E Colonial Dr, Apt 905, Orlando, FL 32803",400 E Colonial Dr,Apt 905,Orlando,FL,32803,Orange,28.552804,-81.372234,condo,1.0,1.0,799.0,34804440.0,1975.0,Active,269000,2024-11-21T00:00:00.000Z,138,12.502470376049185
"527-Sunrise-Dr,-Orlando,-FL-32803","527 Sunrise Dr, Orlando, FL 32803",527 Sunrise Dr,,Orlando,FL,32803,Orange,28.53613,-81.346313,single_family,3.0,2.0,1252.0,9464.0,1954.0,Active,500000,2024-12-02T00:00:00.000Z,127,13.122365377402328
"1948-Rowena-Ave,-Orlando,-FL-32803","1948 Rowena Ave, Orlando, FL 32803",1948 Rowena Ave,,Orlando,FL,32803,Orange,28.570461,-81.354461,single_family,5.0,4.0,4790.0,17860.0,2024.0,Active,3450000,2024-11-29T00:00:00.000Z,130,15.053885078862573
"2810-Plaza-Terrace-Dr,---2810,-Orlando,-FL-32803","2810 Plaza Terrace Dr, # 2810, Orlando, FL 32803",2810 Plaza Terrace Dr,# 2810,Orlando,FL,32803,Orange,28.561994,-81.347834,condo,1.0,1.0,663.0,7319.0,1972.0,Active,207500,2024-12-10T00:00:00.000Z,119,12.242891437918386
"728-Palm-Dr,-Orlando,-FL-32803","728 Palm Dr, Orlando, FL 32803",728 Palm Dr,,Orlando,FL,32803,Orange,28.554249,-81.355943,single_family,3.0,2.0,1524.0,7206.0,1935.0,Active,565000,2024-12-10T00:00:00.000Z,119,13.244582780038517
"1640-E-Livingston-St,-Orlando,-FL-32803","1640 E Livingston St, Orlando, FL 32803",1640 E Livingston St,,Orlando,FL,32803,Orange,28.547511,-81.358535,single_family,2.0,1.0,1314.0,9701.0,1938.0,Active,545000,2024-12-10T00:00:00.000Z,119,13.208542908506082
"20-Maynard-Ave,-Orlando,-FL-32803","20 Maynard Ave, Orlando, FL 32803",20 Maynard Ave,,Orlando,FL,32803,Orange,28.541678,-81.344487,single_family,2.0,1.0,792.0,8655.0,1949.0,Active,319900,2024-12-14T00:00:00.000Z,115,12.675766851909591
"234-N-Glenwood-Ave,---4,-Orlando,-FL-32803","234 N Glenwood Ave, # 4, Orlando, FL 32803",234 N Glenwood Ave,# 4,Orlando,FL,32803,Orange,28.545621,-81.353129,condo,3.0,2.0,1468.0,605.0,2003.0,Active,389000,2024-12-18T00:00:00.000Z,111,12.871337193291367
"840-Kenilworth-Ter,-Orlando,-FL-32803","840 Kenilworth Ter, Orlando, FL 32803",840 Kenilworth Ter,,Orlando,FL,32803,Orange,28.55633,-81.370849,single_family,5.0,5.0,5100.0,5086.0,1998.0,Active,1649490,2024-12-30T00:00:00.000Z,99,14.31597731343704
"400-E-Colonial-Dr,-Apt-207,-Orlando,-FL-32803","400 E Colonial Dr, Apt 207, Orlando, FL 32803",400 E Colonial Dr,Apt 207,Orlando,FL,32803,Orange,28.552804,-81.372234,condo,2.0,2.0,1250.0,12197.0,1975.0,Active,310000,2024-12-23T00:00:00.000Z,106,12.644330802262578
"1426-Nottingham-St,-Orlando,-FL-32803","1426 Nottingham St, Orlando, FL 32803",1426 Nottingham St,,Orlando,FL,32803,Orange,28.581464,-81.359708,single_family,4.0,3.0,3837.0,20038.0,1949.0,Active,2990000,2025-01-05T00:00:00.000Z,93,14.910784279814974
"2800-E-Anderson-St,-Orlando,-FL-32803","2800 E Anderson St, Orlando, FL 32803",2800 E Anderson St,,Orlando,FL,32803,Orange,28.537677,-81.347385,single_family,3.0,2.0,1385.0,11326.0,1953.0,Active,515000,2025-01-08T00:00:00.000Z,90,13.151924121391561
"606-E-Amelia-St,-Orlando,-FL-32803","606 E Amelia St, Orlando, FL 32803",606 E Amelia St,,Orlando,FL,32803,Orange,28.549159,-81.370173,single_family,4.0,3.0,2554.0,6904.0,1919.0,Active,925000,2025-01-06T00:00:00.000Z,92,13.73755009757506
"2803-E-Pine-St,-Orlando,-FL-32803","2803 E Pine St, Orlando, FL 32803",2803 E Pine St,,Orlando,FL,32803,Orange,28.541848,-81.347484,single_family,3.0,2.0,1470.0,7939.0,1954.0,Active,475000,2025-01-08T00:00:00.000Z,90,13.07107218827772
"2901-Primrose-Ct,-Orlando,-FL-32803","2901 Primrose Ct, Orlando, FL 32803",2901 Primrose Ct,,Orlando,FL,32803,Orange,28.541067,-81.346589,single_family,3.0,3.0,1394.0,7842.0,1954.0,Active,435000,2025-01-14T00:00:00.000Z,84,12.983103608918753
"618-Cathcart-Ave,-Orlando,-FL-32803","618 Cathcart Ave, Orlando, FL 32803",618 Cathcart Ave,,Orlando,FL,32803,Orange,28.55173,-81.371044,multi-family,4.0,2.0,3117.0,12197.0,1937.0,Active,929000,2025-01-10T00:00:00.000Z,88,13.74186509422166
"514-S-Crystal-Lake-Dr,-Orlando,-FL-32803","514 S Crystal Lake Dr, Orlando, FL 32803",514 S Crystal Lake Dr,,Orlando,FL,32803,Orange,28.536583,-81.343852,single_family,3.0,1.0,1134.0,8901.0,1955.0,Active,350000,2025-01-17T00:00:00.000Z,81,12.765691290604371
"805-Wingo-St,-Orlando,-FL-32803","805 Wingo St, Orlando, FL 32803",805 Wingo St,,Orlando,FL,32803,Orange,28.555558,-81.322483,multi-family,0.0,2.0,1722.0,9139.0,1945.0,Active,449900,2025-01-17T00:00:00.000Z,81,13.016782837542953
"832-N-Summerlin-Ave,-Orlando,-FL-32803","832 N Summerlin Ave, Orlando, FL 32803",832 N Summerlin Ave,,Orlando,FL,32803,Orange,28.556205,-81.368832,single_family,4.0,3.0,2306.0,7635.0,1925.0,Active,850000,2025-01-18T00:00:00.000Z,80,13.652992804936396
"2104-Newman-St,-Orlando,-FL-32803","2104 Newman St, Orlando, FL 32803",2104 Newman St,,Orlando,FL,32803,Orange,28.537478,-81.354685,single_family,4.0,3.0,2216.0,14375.0,1946.0,Active,630000,2025-01-22T00:00:00.000Z,76,13.353476685668044
"1830-Park-Lake-St,-Orlando,-FL-32803","1830 Park Lake St, Orlando, FL 32803",1830 Park Lake St,,Orlando,FL,32803,Orange,28.554695,-81.357691,single_family,5.0,4.0,4254.0,10454.0,2025.0,Active,1890000,2025-01-24T00:00:00.000Z,74,14.452087916136215
"420-Sunrise-Dr,-Orlando,-FL-32803","420 Sunrise Dr, Orlando, FL 32803",420 Sunrise Dr,,Orlando,FL,32803,Orange,28.537462,-81.345984,single_family,2.0,2.0,1398.0,10890.0,1953.0,Active,499950,2025-01-24T00:00:00.000Z,74,13.122265372602016
"3118-Clemwood-St,-Orlando,-FL-32803","3118 Clemwood St, Orlando, FL 32803",3118 Clemwood St,,Orlando,FL,32803,Orange,28.531635,-81.343751,single_family,3.0,2.0,2429.0,10890.0,1965.0,Active,730000,2025-01-29T00:00:00.000Z,69,13.500801182986649
"527-Broadway-Ave,-Orlando,-FL-32803","527 Broadway Ave, Orlando, FL 32803",527 Broadway Ave,,Orlando,FL,32803,Orange,28.550381,-81.37241,single_family,6.0,4.0,3635.0,8699.0,1911.0,Active,1295000,2025-01-31T00:00:00.000Z,67,14.07402202531625
"528-Broadway-Ave,-Orlando,-FL-32803","528 Broadway Ave, Orlando, FL 32803",528 Broadway Ave,,Orlando,FL,32803,Orange,28.550517,-81.372989,multi-family,4.0,3.0,2063.0,7060.0,1970.0,Active,749000,2025-01-31T00:00:00.000Z,67,13.52649559761195
"863-Strathmore-Dr,-Orlando,-FL-32803","863 Strathmore Dr, Orlando, FL 32803",863 Strathmore Dr,,Orlando,FL,32803,Orange,28.531355,-81.337719,single_family,4.0,3.0,2559.0,8829.0,2010.0,Active,950000,2025-01-31T00:00:00.000Z,67,13.76421831620775
"1120-Portland-Ave,-Apt-4,-Orlando,-FL-32803","1120 Portland Ave, Apt 4, Orlando, FL 32803",1120 Portland Ave,Apt 4,Orlando,FL,32803,Orange,28.561045,-81.36366,condo,2.0,2.0,1026.0,8463.0,1982.0,Active,299990,2025-02-03T00:00:00.000Z,64,12.611507753188329
"1317-Weber-St,-Orlando,-FL-32803","1317 Weber St, Orlando, FL 32803",1317 Weber St,,Orlando,FL,32803,Orange,28.55891,-81.3629,townhouse,3.0,2.0,1751.0,3716.0,2025.0,Active,669999,2025-02-01T00:00:00.000Z,66,13.415032991367148
"1921-E-Jefferson-St,-Orlando,-FL-32803","1921 E Jefferson St, Orlando, FL 32803",1921 E Jefferson St,,Orlando,FL,32803,Orange,28.54522,-81.356251,multi-family,4.0,3.0,1699.0,8389.0,1940.0,Active,870000,2025-02-04T00:00:00.000Z,63,13.676249640055394
"2707-Illinois-St,-Orlando,-FL-32803","2707 Illinois St, Orlando, FL 32803",2707 Illinois St,,Orlando,FL,32803,Orange,28.556282,-81.348635,single_family,2.0,1.0,1045.0,7141.0,1955.0,Active,425000,2025-02-09T00:00:00.000Z,58,12.959846800844963
"1911-Canton-St,-Orlando,-FL-32803","1911 Canton St, Orlando, FL 32803",1911 Canton St,,Orlando,FL,32803,Orange,28.559759,-81.356988,single_family,3.0,2.0,1400.0,11761.0,1951.0,Active,639999,2025-02-07T00:00:00.000Z,60,13.369223455335854
"416-Davis-Dr,-Orlando,-FL-32803","416 Davis Dr, Orlando, FL 32803",416 Davis Dr,,Orlando,FL,32803,Orange,28.548437,-81.35791,single_family,3.0,2.0,1441.0,7149.0,1950.0,Active,499000,2025-02-08T00:00:00.000Z,59,13.120363378739663
"1419-E-Amelia-St,-Orlando,-FL-32803","1419 E Amelia St, Orlando, FL 32803",1419 E Amelia St,,Orlando,FL,32803,Orange,28.549738,-81.361832,single_family,2.0,2.0,1417.0,2300.0,1993.0,Active,819999,2025-02-07T00:00:00.000Z,60,13.617059619240436
"1419-E-Amelia-Treet,-Orlando,-FL-32803","1419 E Amelia Treet, Orlando, FL 32803",1419 E Amelia Treet,,Orlando,FL,32803,Orange,28.54969,-81.361855,single_family,2.0,2.0,1417.0,2300.0,1993.0,Active,844999,2025-02-10T00:00:00.000Z,57,13.64709190633931
"400-E-Colonial-Dr,-Apt-1607,-Orlando,-FL-32803","400 E Colonial Dr, Apt 1607, Orlando, FL 32803",400 E Colonial Dr,Apt 1607,Orlando,FL,32803,Orange,28.552804,-81.372234,condo,1.0,1.0,1988.0,12197.0,1975.0,Active,550000,2025-02-12T00:00:00.000Z,55,13.217675375388819
"728-N-Summerlin-Ave,-Orlando,-FL-32803","728 N Summerlin Ave, Orlando, FL 32803",728 N Summerlin Ave,,Orlando,FL,32803,Orange,28.554354,-81.36876,single_family,3.0,2.0,2084.0,6160.0,1930.0,Active,975000,2025-02-13T00:00:00.000Z,54,13.790193775620484
"1830-Lake-Sue-Dr,-Orlando,-FL-32803","1830 Lake Sue Dr, Orlando, FL 32803",1830 Lake Sue Dr,,Orlando,FL,32803,Orange,28.569111,-81.348893,land,2.0,1.0,1371.0,6325.0,1948.0,Active,429000,2025-02-13T00:00:00.000Z,54,12.969214528909768
"627-N-Hyer-Ave,-Orlando,-FL-32803","627 N Hyer Ave, Orlando, FL 32803",627 N Hyer Ave,,Orlando,FL,32803,Orange,28.552293,-81.366209,single_family,6.0,4.0,3202.0,6856.0,1935.0,Active,1200000,2025-02-14T00:00:00.000Z,53,13.997832948091215
"204-Park-Lake-St,-Orlando,-FL-32803","204 Park Lake St, Orlando, FL 32803",204 Park Lake St,,Orlando,FL,32803,Orange,28.554787,-81.374886,single_family,2.0,1.0,1404.0,7029.0,1928.0,Active,599000,2025-02-17T00:00:00.000Z,50,13.303018546545275
"2715-Kilgore-Street-St,-Orlando,-FL-32803","2715 Kilgore Street St, Orlando, FL 32803",2715 Kilgore Street St,,Orlando,FL,32803,Orange,28.543536,-81.348293,single_family,3.0,1.0,1024.0,6504.0,1965.0,Active,389000,2025-02-20T00:00:00.000Z,47,12.871337193291367
"2413-Weber-St,-Orlando,-FL-32803","2413 Weber St, Orlando, FL 32803",2413 Weber St,,Orlando,FL,32803,Orange,28.5589,-81.351486,single_family,2.0,2.0,1447.0,9062.0,1953.0,Active,489000,2025-02-24T00:00:00.000Z,43,13.100119813444692
"303-S-Forest-Ave,-Orlando,-FL-32803","303 S Forest Ave, Orlando, FL 32803",303 S Forest Ave,,Orlando,FL,32803,Orange,28.539508,-81.354645,single_family,2.0,1.0,944.0,9020.0,1950.0,Active,340000,2025-02-24T00:00:00.000Z,43,12.73670383776449
"718-E-Livingston-St,-Orlando,-FL-32803","718 E Livingston St, Orlando, FL 32803",718 E Livingston St,,Orlando,FL,32803,Orange,28.547332,-81.367716,single_family,4.0,4.0,2268.0,6875.0,1925.0,Active,1149000,2025-02-28T00:00:00.000Z,39,13.954403427152533
"400-E-Colonial-Dr,-Apt-1504,-Orlando,-FL-32803","400 E Colonial Dr, Apt 1504, Orlando, FL 32803",400 E Colonial Dr,Apt 1504,Orlando,FL,32803,Orange,28.552805,-81.372231,condo,2.0,2.0,1189.0,12197.0,1975.0,Active,355000,2025-03-01T00:00:00.000Z,38,12.779875885354993
"4217-Park-Lake-St,-Orlando,-FL-32803","4217 Park Lake St, Orlando, FL 32803",4217 Park Lake St,,Orlando,FL,32803,Orange,28.555585,-81.331551,single_family,4.0,2.0,1749.0,20104.0,1950.0,Active,629999,2025-03-02T00:00:00.000Z,37,13.353475098367715
"25-S-Graham-Ave,-Orlando,-FL-32803","25 S Graham Ave, Orlando, FL 32803",25 S Graham Ave,,Orlando,FL,32803,Orange,28.541654,-81.349671,single_family,3.0,2.0,1832.0,7510.0,2025.0,Active,649900,2025-03-05T00:00:00.000Z,34,13.384575322579519
"1708-Bennett-Rd,-Orlando,-FL-32803","1708 Bennett Rd, Orlando, FL 32803",1708 Bennett Rd,,Orlando,FL,32803,Orange,28.567534,-81.334068,single_family,3.0,1.0,1012.0,7426.0,1956.0,Active,425000,2025-03-05T00:00:00.000Z,34,12.959846800844963
"1132-Hardy-Ave,-Orlando,-FL-32803","1132 Hardy Ave, Orlando, FL 32803",1132 Hardy Ave,,Orlando,FL,32803,Orange,28.561627,-81.357041,single_family,3.0,2.0,2100.0,3357.0,2015.0,Active,584900,2025-03-05T00:00:00.000Z,34,13.27919788112362
"4212-Lake-Underhill-Rd,---5,-Orlando,-FL-32803","4212 Lake Underhill Rd, # 5, Orlando, FL 32803",4212 Lake Underhill Rd,# 5,Orlando,FL,32803,Orange,28.534983,-81.333128,condo,2.0,1.0,1000.0,547114.0,1969.0,Active,184990,2025-03-04T00:00:00.000Z,35,12.128062454228429
"421-Broadway-Ave,-Orlando,-FL-32803","421 Broadway Ave, Orlando, FL 32803",421 Broadway Ave,,Orlando,FL,32803,Orange,28.548343,-81.372428,single_family,5.0,4.0,2310.0,4484.0,1915.0,Active,850000,2025-03-06T00:00:00.000Z,33,13.652992804936396
"1412-Nebraska-St,-Orlando,-FL-32803","1412 Nebraska St, Orlando, FL 32803",1412 Nebraska St,,Orlando,FL,32803,Orange,28.565334,-81.361803,single_family,2.0,2.0,1257.0,5611.0,1951.0,Active,425000,2025-03-06T00:00:00.000Z,33,12.959846800844963
"1800-Wycliff-Dr,-Orlando,-FL-32803","1800 Wycliff Dr, Orlando, FL 32803",1800 Wycliff Dr,,Orlando,FL,32803,Orange,28.568556,-81.361245,single_family,3.0,3.0,2440.0,11326.0,1954.0,Active,965000,2025-03-06T00:00:00.000Z,33,13.779884416590017
"4376-Lake-Underhill-Rd,-Apt-C,-Orlando,-FL-32803","4376 Lake Underhill Rd, Apt C, Orlando, FL 32803",4376 Lake Underhill Rd,Apt C,Orlando,FL,32803,Orange,28.535363,-81.333076,condo,2.0,1.0,1000.0,547114.0,1970.0,Active,205000,2025-03-10T00:00:00.000Z,29,12.230770136157428
"510-N-Summerlin-Ave,-Orlando,-FL-32803","510 N Summerlin Ave, Orlando, FL 32803",510 N Summerlin Ave,,Orlando,FL,32803,Orange,28.549864,-81.368804,multi-family,3.0,3.0,1903.0,5015.0,1925.0,Active,849000,2025-03-12T00:00:00.000Z,27,13.651815643149092
"1513-Pinecrest-Pl,-Orlando,-FL-32803","1513 Pinecrest Pl, Orlando, FL 32803",1513 Pinecrest Pl,,Orlando,FL,32803,Orange,28.554891,-81.360974,single_family,4.0,2.0,1958.0,6270.0,1922.0,Active,675000,2025-03-12T00:00:00.000Z,27,13.42246945133505
"1900-Garvin-St,-Orlando,-FL-32803","1900 Garvin St, Orlando, FL 32803",1900 Garvin St,,Orlando,FL,32803,Orange,28.557467,-81.357183,single_family,4.0,3.0,2309.0,6083.0,2013.0,Active,764900,2025-03-12T00:00:00.000Z,27,13.547501692669542
"2109-E-Central-Blvd,-Orlando,-FL-32803","2109 E Central Blvd, Orlando, FL 32803",2109 E Central Blvd,,Orlando,FL,32803,Orange,28.54257,-81.35442,single_family,5.0,4.0,3306.0,8723.0,2016.0,Active,1100000,2025-03-13T00:00:00.000Z,26,13.910821646859095
"4214-Lake-Underhill-Rd,-Apt-A,-Orlando,-FL-32803","4214 Lake Underhill Rd, Apt A, Orlando, FL 32803",4214 Lake Underhill Rd,Apt A,Orlando,FL,32803,Orange,28.535362,-81.333076,condo,3.0,2.0,1640.0,547114.0,1969.0,Active,289900,2025-03-13T00:00:00.000Z,26,12.57729476436913
"3308-Middlesex-Rd,-Orlando,-FL-32803","3308 Middlesex Rd, Orlando, FL 32803",3308 Middlesex Rd,,Orlando,FL,32803,Orange,28.581061,-81.35887,single_family,3.0,2.0,2960.0,9801.0,1988.0,Active,1525000,2025-03-14T00:00:00.000Z,25,14.23750562376114
"647-E-Livingston-St,-Orlando,-FL-32803","647 E Livingston St, Orlando, FL 32803",647 E Livingston St,,Orlando,FL,32803,Orange,28.547811,-81.368724,single_family,3.0,2.0,1857.0,6588.0,1919.0,Active,725000,2025-03-14T00:00:00.000Z,25,13.493928313146206
"4200-Lake-Underhill-Rd,---2B1,-Orlando,-FL-32803","4200 Lake Underhill Rd, # 2B1, Orlando, FL 32803",4200 Lake Underhill Rd,# 2B1,Orlando,FL,32803,Orange,28.535938,-81.333763,condo,2.0,2.0,1400.0,547114.0,1969.0,Active,253000,2025-03-15T00:00:00.000Z,24,12.441148720271016
"2410-E-Church-St,-Orlando,-FL-32803","2410 E Church St, Orlando, FL 32803",2410 E Church St,,Orlando,FL,32803,Orange,28.540313,-81.351107,single_family,4.0,2.0,1722.0,7017.0,1955.0,Active,775000,2025-03-14T00:00:00.000Z,25,13.560619598657233
"1901-Lake-Sue-Dr,-Orlando,-FL-32803","1901 Lake Sue Dr, Orlando, FL 32803",1901 Lake Sue Dr,,Orlando,FL,32803,Orange,28.569539,-81.348367,single_family,3.0,3.0,2460.0,14375.0,1963.0,Active,1285700,2025-03-16T00:00:00.000Z,23,14.066814652858458
"833-N-Thornton-Ave,-Orlando,-FL-32803","833 N Thornton Ave, Orlando, FL 32803",833 N Thornton Ave,,Orlando,FL,32803,Orange,28.556195,-81.365183,single_family,3.0,3.0,1640.0,6589.0,1946.0,Active,599000,2025-03-19T00:00:00.000Z,20,13.303018546545275
"1612-E-Washington-St,-Orlando,-FL-32803","1612 E Washington St, Orlando, FL 32803",1612 E Washington St,,Orlando,FL,32803,Orange,28.543757,-81.359655,single_family,4.0,4.0,3794.0,11326.0,2010.0,Active,1650000,2025-03-20T00:00:00.000Z,19,14.316286451937186
"2421-Laura-Pl,-Orlando,-FL-32803","2421 Laura Pl, Orlando, FL 32803",2421 Laura Pl,,Orlando,FL,32803,Orange,28.558188,-81.351265,single_family,3.0,2.0,1914.0,6997.0,1953.0,Active,450000,2025-03-20T00:00:00.000Z,19,13.017005083966255
"525-S-Crystal-Lake-Dr,-Orlando,-FL-32803","525 S Crystal Lake Dr, Orlando, FL 32803",525 S Crystal Lake Dr,,Orlando,FL,32803,Orange,28.535922,-81.343288,single_family,3.0,3.0,1693.0,7038.0,1950.0,Active,475000,2025-03-20T00:00:00.000Z,19,13.07107218827772
"1638-Mount-Vernon-St,-Orlando,-FL-32803","1638 Mount Vernon St, Orlando, FL 32803",1638 Mount Vernon St,,Orlando,FL,32803,Orange,28.550141,-81.358682,single_family,3.0,2.0,1316.0,6894.0,1940.0,Active,575000,2025-03-21T00:00:00.000Z,18,13.26212705890841
"831-N-Fern-Creek-Ave,---101,-Orlando,-FL-32803","831 N Fern Creek Ave, # 101, Orlando, FL 32803",831 N Fern Creek Ave,# 101,Orlando,FL,32803,Orange,28.555977,-81.360101,condo,2.0,2.0,1400.0,7790.5,2002.0,Active,435000,2025-03-21T00:00:00.000Z,18,12.983103608918753
"926-Mayfair-Cir,-Orlando,-FL-32803","926 Mayfair Cir, Orlando, FL 32803",926 Mayfair Cir,,Orlando,FL,32803,Orange,28.537208,-81.352529,single_family,2.0,1.0,1110.0,6493.0,1951.0,Active,420000,2025-03-24T00:00:00.000Z,15,12.948012371209098
"1027-Altaloma-Ave,-Orlando,-FL-32803","1027 Altaloma Ave, Orlando, FL 32803",1027 Altaloma Ave,,Orlando,FL,32803,Orange,28.559874,-81.359142,single_family,3.0,2.0,1422.0,2517.0,2005.0,Active,549900,2025-03-25T00:00:00.000Z,14,13.217493541006709
"2507-E-Central-Blvd,-Unit-21,-Orlando,-FL-32803","2507 E Central Blvd, Unit 21, Orlando, FL 32803",2507 E Central Blvd,Unit 21,Orlando,FL,32803,Orange,28.542606,-81.350683,condo,1.0,1.0,537.0,2427.0,1972.0,Active,170000,2025-03-28T00:00:00.000Z,11,12.04355959836804
"1500-Pinecrest-Pl,-Orlando,-FL-32803","1500 Pinecrest Pl, Orlando, FL 32803",1500 Pinecrest Pl,,Orlando,FL,32803,Orange,28.55451,-81.361436,single_family,2.0,2.0,1429.0,6219.0,1957.0,Active,590000,2025-03-27T00:00:00.000Z,12,13.28787951079572
"2501-Weber-St,-Orlando,-FL-32803","2501 Weber St, Orlando, FL 32803",2501 Weber St,,Orlando,FL,32803,Orange,28.559066,-81.351022,single_family,2.0,1.0,1003.0,15682.0,1953.0,Active,535000,2025-03-29T00:00:00.000Z,10,13.190023895035274
"3901-Ibis-Dr,-Orlando,-FL-32803","3901 Ibis Dr, Orlando, FL 32803",3901 Ibis Dr,,Orlando,FL,32803,Orange,28.562322,-81.336733,single_family,3.0,2.0,1902.0,8298.0,1955.0,Active,499000,2025-03-30T00:00:00.000Z,9,13.120363378739663
"1632-Haven-Dr,-Orlando,-FL-32803","1632 Haven Dr, Orlando, FL 32803",1632 Haven Dr,,Orlando,FL,32803,Orange,28.56665,-81.366463,single_family,3.0,2.0,1772.0,3750.0,2025.0,Active,724000,2025-03-31T00:00:00.000Z,8,13.49254805258237
"526-S-Crystal-Lake-Dr,-Orlando,-FL-32803","526 S Crystal Lake Dr, Orlando, FL 32803",526 S Crystal Lake Dr,,Orlando,FL,32803,Orange,28.536151,-81.343847,single_family,3.0,1.0,1134.0,8902.0,1955.0,Active,375000,2025-04-01T00:00:00.000Z,7,12.834683971615659
"3305-Renlee-Pl,-Orlando,-FL-32803","3305 Renlee Pl, Orlando, FL 32803",3305 Renlee Pl,,Orlando,FL,32803,Orange,28.533805,-81.341585,single_family,3.0,2.0,1286.0,7701.0,1955.0,Active,489900,2025-04-02T00:00:00.000Z,6,13.101958608857487
"2639-Betty-St,-Orlando,-FL-32803","2639 Betty St, Orlando, FL 32803",2639 Betty St,,Orlando,FL,32803,Orange,28.555583,-81.34841,single_family,3.0,1.0,1263.0,7508.0,1953.0,Active,349000,2025-04-02T00:00:00.000Z,6,12.762830066509972
"1510-E-Ridgewood-St,-Orlando,-FL-32803","1510 E Ridgewood St, Orlando, FL 32803",1510 E Ridgewood St,,Orlando,FL,32803,Orange,28.54647,-81.360914,single_family,3.0,2.0,1700.0,7570.0,1951.0,Active,600000,2025-04-03T00:00:00.000Z,5,13.304686600863562
"5345-Sunrise-Blvd,-Orlando,-FL-32803","5345 Sunrise Blvd, Orlando, FL 32803",5345 Sunrise Blvd,,Orlando,FL,32803,Orange,28.564255,-81.317052,single_family,3.0,2.0,1107.0,7479.0,1984.0,Active,449000,2025-04-03T00:00:00.000Z,5,13.014780393893403
"415-N-Fern-Creek-Ave,-Orlando,-FL-32803","415 N Fern Creek Ave, Orlando, FL 32803",415 N Fern Creek Ave,,Orlando,FL,32803,Orange,28.548243,-81.359934,single_family,9.0,6.0,2539.0,7020.0,1925.0,Active,1075000,2025-04-03T00:00:00.000Z,5,13.887832149776026
"4312-Lake-Underhill-Rd,---19,-Orlando,-FL-32803","4312 Lake Underhill Rd, # 19, Orlando, FL 32803",4312 Lake Underhill Rd,# 19,Orlando,FL,32803,Orange,28.534983,-81.333128,condo,2.0,1.0,1000.0,547114.0,1970.0,Active,210000,2025-04-03T00:00:00.000Z,5,12.25486757159303
"1602-Park-Lake-St,-Unit-2,-Orlando,-FL-32803","1602 Park Lake St, Unit 2, Orlando, FL 32803",1602 Park Lake St,Unit 2,Orlando,FL,32803,Orange,28.554766,-81.359985,townhouse,3.0,2.0,2150.0,1452.0,2022.0,Active,699999,2025-04-04T00:00:00.000Z,4,13.458835614025542
"616-Strathmore-Dr,-Orlando,-FL-32803","616 Strathmore Dr, Orlando, FL 32803",616 Strathmore Dr,,Orlando,FL,32803,Orange,28.534525,-81.340476,single_family,3.0,2.0,1592.0,9594.0,1957.0,Active,600000,2025-04-04T00:00:00.000Z,4,13.304686600863562
"1849-Oak-Ln,-Orlando,-FL-32803","1849 Oak Ln, Orlando, FL 32803",1849 Oak Ln,,Orlando,FL,32803,Orange,28.568781,-81.350586,single_family,5.0,5.0,5188.0,23522.0,2026.0,Active,3295000,2025-04-04T00:00:00.000Z,4,15.007917029408835
"2004-E-Marks-St,-Orlando,-FL-32803","2004 E Marks St, Orlando, FL 32803",2004 E Marks St,,Orlando,FL,32803,Orange,28.556636,-81.35598,single_family,3.0,2.0,1416.0,7609.0,1940.0,Active,535000,2025-04-04T00:00:00.000Z,4,13.190023895035274
"105-N-Hillside-Ave,-Orlando,-FL-32803","105 N Hillside Ave, Orlando, FL 32803",105 N Hillside Ave,,Orlando,FL,32803,Orange,28.544483,-81.353627,single_family,3.0,2.0,1270.0,8604.0,1957.0,Active,665000,2025-01-08T00:00:00.000Z,89,13.407543823396258
"1630-Haven-Dr,-Orlando,-FL-32803","1630 Haven Dr, Orlando, FL 32803",1630 Haven Dr,,Orlando,FL,32803,Orange,28.566382,-81.366546,single_family,3.0,2.0,1668.0,7920.0,2024.0,Active,699990,2025-02-10T00:00:00.000Z,56,13.45882275680003
"750-Hempstead-Ave,-Orlando,-FL-32803","750 Hempstead Ave, Orlando, FL 32803",750 Hempstead Ave,,Orlando,FL,32803,Orange,28.531538,-81.354772,single_family,4.0,2.0,1767.0,7160.0,1953.0,Active,600000,2025-03-30T00:00:00.000Z,7,13.304686600863562
"5108-Sunrise-Blvd,-Orlando,-FL-32803","5108 Sunrise Blvd, Orlando, FL 32803",5108 Sunrise Blvd,,Orlando,FL,32803,Orange,28.563702,-81.317356,single_family,4.0,3.0,2000.0,7501.0,1950.0,Inactive,479999,2025-03-14T00:00:00.000Z,22,13.081541382884074
"1615-Cole-Rd,-Orlando,-FL-32803","1615 Cole Rd, Orlando, FL 32803",1615 Cole Rd,,Orlando,FL,32803,Orange,28.56624,-81.348272,single_family,3.0,1.0,1214.0,8932.0,1952.0,Inactive,450000,2025-03-25T00:00:00.000Z,11,13.017005083966255
"2724-Oxford-St,-Orlando,-FL-32803","2724 Oxford St, Orlando, FL 32803",2724 Oxford St,,Orlando,FL,32803,Orange,28.534792,-81.348755,single_family,4.0,3.0,3563.0,12632.0,2024.0,Inactive,1190000,2024-09-26T00:00:00.000Z,189,13.989464705423494
"1701-Ferris-Ave,-Orlando,-FL-32803","1701 Ferris Ave, Orlando, FL 32803",1701 Ferris Ave,,Orlando,FL,32803,Orange,28.566774,-81.368072,single_family,4.0,4.0,2685.0,7976.0,2025.0,Inactive,1190000,2025-01-20T00:00:00.000Z,73,13.989464705423494
"3611-Chelsea-St,-Orlando,-FL-32803","3611 Chelsea St, Orlando, FL 32803",3611 Chelsea St,,Orlando,FL,32803,Orange,28.563088,-81.339582,single_family,4.0,3.0,3306.0,8403.0,2025.0,Inactive,1329666,2025-03-07T00:00:00.000Z,25,14.100439092908799
"108-S-Glenwood-Ave,-Orlando,-FL-32803","108 S Glenwood Ave, Orlando, FL 32803",108 S Glenwood Ave,,Orlando,FL,32803,Orange,28.541079,-81.353215,single_family,2.0,1.0,868.0,6918.0,1953.0,Inactive,429900,2024-07-06T00:00:00.000Z,268,12.971310228604022
"1616-E-Marks-St,-Orlando,-FL-32803","1616 E Marks St, Orlando, FL 32803",1616 E Marks St,,Orlando,FL,32803,Orange,28.556476,-81.359595,single_family,4.0,3.0,2380.0,7241.0,1948.0,Inactive,865000,2024-09-05T00:00:00.000Z,207,13.670485941982712
"1436-Georgia-Blvd,-Orlando,-FL-32803","1436 Georgia Blvd, Orlando, FL 32803",1436 Georgia Blvd,,Orlando,FL,32803,Orange,28.565505,-81.354554,single_family,3.0,2.0,1159.0,8422.0,1949.0,Inactive,535000,2025-03-27T00:00:00.000Z,3,13.190023895035274
"541-Meridale-Ave,-Orlando,-FL-32803","541 Meridale Ave, Orlando, FL 32803",541 Meridale Ave,,Orlando,FL,32803,Orange,28.551004,-81.356879,single_family,2.0,1.0,1135.0,9465.0,1954.0,Inactive,425000,2025-03-21T00:00:00.000Z,8,12.959846800844963
"625-Hillcrest-St,-Orlando,-FL-32803","625 Hillcrest St, Orlando, FL 32803",625 Hillcrest St,,Orlando,FL,32803,Orange,28.552552,-81.369543,single_family,4.0,2.0,2778.0,6748.0,1923.0,Inactive,950000,2025-03-26T00:00:00.000Z,3,13.76421831620775
"803-E-Harwood-St,-Orlando,-FL-32803","803 E Harwood St, Orlando, FL 32803",803 E Harwood St,,Orlando,FL,32803,Orange,28.548797,-81.367464,single_family,5.0,4.0,3037.0,10454.0,1925.0,Inactive,258140,2025-03-05T00:00:00.000Z,23,12.461261226248569
"4268-Lake-Underhill-Rd,---4,-Orlando,-FL-32803","4268 Lake Underhill Rd, # 4, Orlando, FL 32803",4268 Lake Underhill Rd,# 4,Orlando,FL,32803,Orange,28.534983,-81.333128,condo,2.0,2.0,1250.0,547114.0,1969.0,Inactive,176000,2025-03-11T00:00:00.000Z,17,12.07824495582233
"726-Eldridge-St,-Orlando,-FL-32803","726 Eldridge St, Orlando, FL 32803",726 Eldridge St,,Orlando,FL,32803,Orange,28.554696,-81.322114,single_family,3.0,2.0,1588.0,5964.0,2024.0,Inactive,450000,2024-09-26T00:00:00.000Z,182,13.017005083966255
"849-Kenilworth-Ter,-Orlando,-FL-32803","849 Kenilworth Ter, Orlando, FL 32803",849 Kenilworth Ter,,Orlando,FL,32803,Orange,28.556556,-81.370485,single_family,4.0,5.0,4894.0,9003.0,2014.0,Inactive,2590000,2025-03-15T00:00:00.000Z,12,14.767168819776032
"610-Litchfield-Way,-Orlando,-FL-32803","610 Litchfield Way, Orlando, FL 32803",610 Litchfield Way,,Orlando,FL,32803,Orange,28.53422,-81.350167,single_family,3.0,2.0,1459.0,10019.0,1949.0,Inactive,469000,2024-12-10T00:00:00.000Z,106,13.058360179622305
"4201-Park-Lake-St,-Orlando,-FL-32803","4201 Park Lake St, Orlando, FL 32803",4201 Park Lake St,,Orlando,FL,32803,Orange,28.555116,-81.332228,single_family,3.0,2.0,1361.0,12197.0,1958.0,Inactive,330000,2025-02-12T00:00:00.000Z,42,12.706850963741102
"2422-Kilgore-St,-Unit-30,-Orlando,-FL-32803","2422 Kilgore St, Unit 30, Orlando, FL 32803",2422 Kilgore St,Unit 30,Orlando,FL,32803,Orange,28.542951,-81.350969,condo,1.0,1.0,537.0,3311.0,1972.0,Inactive,175000,2024-09-15T00:00:00.000Z,191,12.07254696717504
"1001-Nottingham-St,-Orlando,-FL-32803","1001 Nottingham St, Orlando, FL 32803",1001 Nottingham St,,Orlando,FL,32803,Orange,28.582115,-81.366659,single_family,3.0,2.0,2276.0,11326.0,1951.0,Inactive,869900,2024-12-09T00:00:00.000Z,106,13.676134691052392
"2856-Plaza-Terrace-Dr,---2856,-Orlando,-FL-32803","2856 Plaza Terrace Dr, # 2856, Orlando, FL 32803",2856 Plaza Terrace Dr,# 2856,Orlando,FL,32803,Orange,28.561532,-81.347081,condo,1.0,1.0,663.0,7319.0,1972.0,Inactive,234900,2025-03-06T00:00:00.000Z,19,12.366919427768636
"801-Springview-Dr,-Orlando,-FL-32803","801 Springview Dr, Orlando, FL 32803",801 Springview Dr,,Orlando,FL,32803,Orange,28.53174,-81.33553,single_family,4.0,2.0,2426.0,11326.0,1956.0,Inactive,710000,2025-03-14T00:00:00.000Z,11,13.47302165746721
"972-Pinelli-St,-Orlando,-FL-32803","972 Pinelli St, Orlando, FL 32803",972 Pinelli St,,Orlando,FL,32803,Orange,28.558527,-81.320953,single_family,2.0,1.0,970.0,6750.0,1925.0,Inactive,239000,2025-02-24T00:00:00.000Z,28,12.384223015005313
"1130-Hardy-Ave,-Orlando,-FL-32803","1130 Hardy Ave, Orlando, FL 32803",1130 Hardy Ave,,Orlando,FL,32803,Orange,28.561627,-81.357255,townhouse,4.0,3.0,2177.0,5156.0,2015.0,Inactive,599999,2025-02-04T00:00:00.000Z,47,13.304684934198283
"2424-Shrewsbury-Rd,-Orlando,-FL-32803","2424 Shrewsbury Rd, Orlando, FL 32803",2424 Shrewsbury Rd,,Orlando,FL,32803,Orange,28.573217,-81.360199,single_family,3.0,2.0,2725.0,12632.0,1957.0,Inactive,1200000,2025-03-14T00:00:00.000Z,9,13.997832948091215
"2164-Forest-Cir,---33,-Orlando,-FL-32803","2164 Forest Cir, # 33, Orlando, FL 32803",2164 Forest Cir,# 33,Orlando,FL,32803,Orange,28.540375,-81.354195,single_family,4.0,3.0,2430.0,5563.0,2024.0,Inactive,777414,2024-05-23T00:00:00.000Z,303,13.563729592300296
"259-Severn-Way,---38,-Orlando,-FL-32803","259 Severn Way, # 38, Orlando, FL 32803",259 Severn Way,# 38,Orlando,FL,32803,Orange,28.539804,-81.353582,single_family,5.0,3.0,3087.0,5478.0,2024.0,Inactive,853941,2024-12-26T00:00:00.000Z,86,13.657618554773466
"2164-Forest-Cir,-Orlando,-FL-32803","2164 Forest Cir, Orlando, FL 32803",2164 Forest Cir,,Orlando,FL,32803,Orange,28.540351,-81.354198,townhouse,3.0,3.0,2430.0,7790.5,1955.0,Inactive,777414,2025-03-17T00:00:00.000Z,5,13.563729592300296
"3903-Mockingbird-Ln,-Orlando,-FL-32803","3903 Mockingbird Ln, Orlando, FL 32803",3903 Mockingbird Ln,,Orlando,FL,32803,Orange,28.565597,-81.336847,single_family,3.0,2.0,1669.0,13939.0,1954.0,Inactive,679900,2025-03-19T00:00:00.000Z,3,13.429702478318
"812-Montana-St,-Orlando,-FL-32803","812 Montana St, Orlando, FL 32803",812 Montana St,,Orlando,FL,32803,Orange,28.561868,-81.366799,single_family,4.0,3.0,2994.0,6103.0,2024.0,Inactive,1249000,2024-12-02T00:00:00.000Z,109,14.037854589747907
"1532-Lake-Shore-Dr,-Orlando,-FL-32803","1532 Lake Shore Dr, Orlando, FL 32803",1532 Lake Shore Dr,,Orlando,FL,32803,Orange,28.572028,-81.360119,single_family,3.0,2.0,2658.0,54450.0,1958.0,Inactive,2195000,2025-03-17T00:00:00.000Z,3,14.60169306007217
"1416-Bennett-Rd,-Orlando,-FL-32803","1416 Bennett Rd, Orlando, FL 32803",1416 Bennett Rd,,Orlando,FL,32803,Orange,28.565228,-81.334009,single_family,3.0,2.0,2031.0,8863.0,1955.0,Inactive,325000,2025-03-18T00:00:00.000Z,2,12.691583538230217
"3007-E-Central-Blvd,---3007,-Orlando,-FL-32803","3007 E Central Blvd, # 3007, Orlando, FL 32803",3007 E Central Blvd,# 3007,Orlando,FL,32803,Orange,28.542614,-81.345315,condo,3.0,2.0,2053.0,1390.0,2006.0,Inactive,477000,2025-03-18T00:00:00.000Z,2,13.07527386630434
"1120-Portland-Ave,-Apt-2,-Orlando,-FL-32803","1120 Portland Ave, Apt 2, Orlando, FL 32803",1120 Portland Ave,Apt 2,Orlando,FL,32803,Orange,28.561059,-81.363595,condo,2.0,2.0,1018.0,8463.0,1982.0,Inactive,299999,2025-03-12T00:00:00.000Z,7,12.611537753638338
"1324-Utah-Blvd,-Orlando,-FL-32803","1324 Utah Blvd, Orlando, FL 32803",1324 Utah Blvd,,Orlando,FL,32803,Orange,28.563754,-81.353101,single_family,4.0,3.0,3410.0,9399.0,2020.0,Inactive,1499000,2025-02-27T00:00:00.000Z,19,14.22030944419592
"619-Woodward-St,-Orlando,-FL-32803","619 Woodward St, Orlando, FL 32803",619 Woodward St,,Orlando,FL,32803,Orange,28.554345,-81.370169,single_family,3.0,2.0,1754.0,6765.0,1920.0,Inactive,700000,2025-03-13T00:00:00.000Z,5,13.45883704259595
"935-Pinegrove-Ave,-Orlando,-FL-32803","935 Pinegrove Ave, Orlando, FL 32803",935 Pinegrove Ave,,Orlando,FL,32803,Orange,28.558019,-81.363152,multi-family,6.0,6.0,3468.0,7790.5,2015.0,Inactive,897000,2024-12-16T00:00:00.000Z,91,13.706812255867513
"3803-Bobolink-Ln,-Orlando,-FL-32803","3803 Bobolink Ln, Orlando, FL 32803",3803 Bobolink Ln,,Orlando,FL,32803,Orange,28.56645,-81.337646,single_family,3.0,2.0,1384.0,7608.0,1955.0,Inactive,539000,2025-03-14T00:00:00.000Z,3,13.197472705176983
"215-N-Glenwood-Ave,-Orlando,-FL-32803","215 N Glenwood Ave, Orlando, FL 32803",215 N Glenwood Ave,,Orlando,FL,32803,Orange,28.545396,-81.352715,multi-family,4.0,2.0,1455.0,5039.0,1945.0,Inactive,529000,2025-01-07T00:00:00.000Z,66,13.178745601197818
"4200-Lake-Underhill-Rd,-Apt-A,-Orlando,-FL-32803","4200 Lake Underhill Rd, Apt A, Orlando, FL 32803",4200 Lake Underhill Rd,Apt A,Orlando,FL,32803,Orange,28.535362,-81.333076,condo,2.0,2.0,1400.0,547114.0,1969.0,Inactive,253000,2024-12-18T00:00:00.000Z,85,12.441148720271016
"202-S-Hampton-Ave,-Orlando,-FL-32803","202 S Hampton Ave, Orlando, FL 32803",202 S Hampton Ave,,Orlando,FL,32803,Orange,28.540249,-81.356284,single_family,3.0,2.0,1684.0,8751.0,1953.0,Inactive,525000,2025-03-04T00:00:00.000Z,9,13.171155446333852
"2138-Forest-Cir,-Orlando,-FL-32803","2138 Forest Cir, Orlando, FL 32803",2138 Forest Cir,,Orlando,FL,32803,Orange,28.54035,-81.354359,townhouse,3.0,3.0,2430.0,7790.5,1955.0,Inactive,781832,2025-03-09T00:00:00.000Z,3,13.569396441734122
"500-Christor-Pl,-Orlando,-FL-32803","500 Christor Pl, Orlando, FL 32803",500 Christor Pl,,Orlando,FL,32803,Orange,28.549997,-81.371577,single_family,1.0,1.0,552.0,5552.0,1926.0,Inactive,349500,2024-07-27T00:00:00.000Z,227,12.764261701882237
"816-Laurel-Ave,---1,-Orlando,-FL-32803","816 Laurel Ave, # 1, Orlando, FL 32803",816 Laurel Ave,# 1,Orlando,FL,32803,Orange,28.555569,-81.367823,condo,3.0,2.0,1968.0,9762.0,2001.0,Inactive,450000,2025-01-31T00:00:00.000Z,36,13.017005083966255
"831-N-Fern-Creek-Ave,-Orlando,-FL-32803","831 N Fern Creek Ave, Orlando, FL 32803",831 N Fern Creek Ave,,Orlando,FL,32803,Orange,28.555982,-81.3601,townhouse,2.0,2.0,1400.0,3946.0,2002.0,Inactive,449000,2024-09-07T00:00:00.000Z,181,13.014780393893403
"105-Hillside-Ave,-Orlando,-FL-32803","105 Hillside Ave, Orlando, FL 32803",105 Hillside Ave,,Orlando,FL,32803,Orange,28.544483,-81.353627,single_family,3.0,2.0,1270.0,8604.0,1957.0,Inactive,675000,2025-01-08T00:00:00.000Z,58,13.42246945133505
"3076-Plaza-Terrace-Dr,---3076,-Orlando,-FL-32803","3076 Plaza Terrace Dr, # 3076, Orlando, FL 32803",3076 Plaza Terrace Dr,# 3076,Orlando,FL,32803,Orange,28.56156,-81.343684,condo,1.0,1.0,663.0,9675.0,1972.0,Inactive,217000,2024-12-17T00:00:00.000Z,79,12.28765724080691
"1734-Weltin-St,-Orlando,-FL-32803","1734 Weltin St, Orlando, FL 32803",1734 Weltin St,,Orlando,FL,32803,Orange,28.562448,-81.358062,single_family,3.0,1.0,1242.0,10019.0,1953.0,Inactive,465000,2025-01-24T00:00:00.000Z,41,13.049794835104816
"116-S-Glenwood-Ave,-Orlando,-FL-32803","116 S Glenwood Ave, Orlando, FL 32803",116 S Glenwood Ave,,Orlando,FL,32803,Orange,28.540776,-81.35321,single_family,2.0,2.0,959.0,6918.0,1952.0,Inactive,359000,2025-01-28T00:00:00.000Z,37,12.791080452981857
"400-E-Colonial-Dr,-Apt-806,-Orlando,-FL-32803","400 E Colonial Dr, Apt 806, Orlando, FL 32803",400 E Colonial Dr,Apt 806,Orlando,FL,32803,Orange,28.552804,-81.372234,condo,1.0,1.0,799.0,12197.0,1975.0,Inactive,219000,2025-02-04T00:00:00.000Z,29,12.296831574998258
"945-N-Fern-Creek-Ave,-Orlando,-FL-32803","945 N Fern Creek Ave, Orlando, FL 32803",945 N Fern Creek Ave,,Orlando,FL,32803,Orange,28.558346,-81.360152,townhouse,3.0,2.0,1850.0,5324.0,2003.0,Inactive,474900,2025-02-14T00:00:00.000Z,19,13.07086164024146
"1625-E-Ridgewood-St,-Orlando,-FL-32803","1625 E Ridgewood St, Orlando, FL 32803",1625 E Ridgewood St,,Orlando,FL,32803,Orange,28.546951,-81.359202,single_family,4.0,4.0,3600.0,15682.0,1935.0,Inactive,270000,2025-02-27T00:00:00.000Z,6,12.506180941677357
"4001-Pelican-Ln,-Orlando,-FL-32803","4001 Pelican Ln, Orlando, FL 32803",4001 Pelican Ln,,Orlando,FL,32803,Orange,28.56163,-81.335405,single_family,4.0,2.0,1600.0,8655.0,1970.0,Inactive,545000,2024-08-22T00:00:00.000Z,194,13.208542908506082
"939-La-Salle-Ave,-Orlando,-FL-32803","939 La Salle Ave, Orlando, FL 32803",939 La Salle Ave,,Orlando,FL,32803,Orange,28.558172,-81.361102,single_family,2.0,1.0,1120.0,6366.0,1940.0,Inactive,439990,2025-02-06T00:00:00.000Z,26,12.994509551139792
"3714-Virginia-Dr,-Orlando,-FL-32803","3714 Virginia Dr, Orlando, FL 32803",3714 Virginia Dr,,Orlando,FL,32803,Orange,28.564316,-81.338305,single_family,3.0,2.0,1237.0,8400.0,1956.0,Inactive,599990,2025-02-28T00:00:00.000Z,4,13.304669934085782
"730-Warwick-Pl,-Orlando,-FL-32803","730 Warwick Pl, Orlando, FL 32803",730 Warwick Pl,,Orlando,FL,32803,Orange,28.532154,-81.353877,single_family,3.0,2.0,1130.0,7601.0,1950.0,Inactive,400000,2025-02-03T00:00:00.000Z,27,12.899222326086994
"2171-E-South-St,-Orlando,-FL-32803","2171 E South St, Orlando, FL 32803",2171 E South St,,Orlando,FL,32803,Orange,28.538875,-81.353896,townhouse,4.0,3.0,2183.0,7790.5,1955.0,Inactive,606033,2025-02-24T00:00:00.000Z,6,13.314691369088152
"2175-E-South-St,-Orlando,-FL-32803","2175 E South St, Orlando, FL 32803",2175 E South St,,Orlando,FL,32803,Orange,28.538876,-81.353827,townhouse,4.0,3.0,2180.0,7790.5,1955.0,Inactive,565682,2025-02-24T00:00:00.000Z,6,13.245789129615778
"2138-Forest-Cir,---32,-Orlando,-FL-32803","2138 Forest Cir, # 32, Orlando, FL 32803",2138 Forest Cir,# 32,Orlando,FL,32803,Orange,28.540382,-81.354355,single_family,4.0,3.0,2430.0,5832.0,2024.0,Inactive,781832,2024-05-23T00:00:00.000Z,282,13.569396441734122
"1409-Mount-Vernon-St,---1,-Orlando,-FL-32803","1409 Mount Vernon St, # 1, Orlando, FL 32803",1409 Mount Vernon St,# 1,Orlando,FL,32803,Orange,28.550663,-81.362163,condo,3.0,2.0,1794.0,6882.0,1999.0,Inactive,449000,2024-06-29T00:00:00.000Z,245,13.014780393893403
"620-Park-Lake-St,-Orlando,-FL-32803","620 Park Lake St, Orlando, FL 32803",620 Park Lake St,,Orlando,FL,32803,Orange,28.554683,-81.370311,single_family,3.0,2.0,1820.0,6141.0,1923.0,Inactive,699000,2025-02-20T00:00:00.000Z,9,13.457407451830088
"2180-Forest-Cir,-Orlando,-FL-32803","2180 Forest Cir, Orlando, FL 32803",2180 Forest Cir,,Orlando,FL,32803,Orange,28.540375,-81.354057,townhouse,3.0,3.0,2430.0,7790.5,1955.0,Inactive,782536,2025-02-22T00:00:00.000Z,7,13.570296484623624
"2704-E-Pine-St,-Orlando,-FL-32803","2704 E Pine St, Orlando, FL 32803",2704 E Pine St,,Orlando,FL,32803,Orange,28.541156,-81.348523,townhouse,2.0,2.0,1240.0,2001.0,1984.0,Inactive,321000,2024-05-30T00:00:00.000Z,274,12.679199517372098
"1410-Mount-Vernon-St,-Orlando,-FL-32803","1410 Mount Vernon St, Orlando, FL 32803",1410 Mount Vernon St,,Orlando,FL,32803,Orange,28.550115,-81.36215,single_family,2.0,2.0,1040.0,6884.0,1947.0,Inactive,399000,2024-12-01T00:00:00.000Z,89,12.896719202134523
"1915-Weber-St,-Orlando,-FL-32803","1915 Weber St, Orlando, FL 32803",1915 Weber St,,Orlando,FL,32803,Orange,28.558879,-81.356734,single_family,3.0,2.0,1483.0,6934.0,1948.0,Inactive,559000,2024-12-12T00:00:00.000Z,78,13.233906541044401
"3109-E-Jefferson-St,-Orlando,-FL-32803","3109 E Jefferson St, Orlando, FL 32803",3109 E Jefferson St,,Orlando,FL,32803,Orange,28.545259,-81.344308,single_family,3.0,2.0,975.0,3012.0,1960.0,Inactive,320000,2024-11-15T00:00:00.000Z,104,12.676079399771027
"2409-Kilgore-St,-Orlando,-FL-32803","2409 Kilgore St, Orlando, FL 32803",2409 Kilgore St,,Orlando,FL,32803,Orange,28.543519,-81.35127,townhouse,4.0,3.0,2235.0,2602.0,2010.0,Inactive,479000,2025-01-14T00:00:00.000Z,44,13.079457964073546
"3624-Chelsea-St,-Orlando,-FL-32803","3624 Chelsea St, Orlando, FL 32803",3624 Chelsea St,,Orlando,FL,32803,Orange,28.562602,-81.339085,single_family,3.0,2.0,1376.0,7903.0,1955.0,Inactive,509900,2025-02-13T00:00:00.000Z,14,13.141971868210181
"1728-Weltin-St,-Orlando,-FL-32803","1728 Weltin St, Orlando, FL 32803",1728 Weltin St,,Orlando,FL,32803,Orange,28.562502,-81.35828,single_family,2.0,1.0,1101.0,11761.0,1953.0,Inactive,399900,2025-02-17T00:00:00.000Z,10,12.89897229545694
"2960-Plaza-Terrace-Dr,---2960,-Orlando,-FL-32803","2960 Plaza Terrace Dr, # 2960, Orlando, FL 32803",2960 Plaza Terrace Dr,# 2960,Orlando,FL,32803,Orange,28.561551,-81.34519,condo,2.0,2.0,890.0,7319.0,1972.0,Inactive,267500,2025-01-31T00:00:00.000Z,26,12.496878583628968
"4803-Roush-Ave,-Orlando,-FL-32803","4803 Roush Ave, Orlando, FL 32803",4803 Roush Ave,,Orlando,FL,32803,Orange,28.557392,-81.320332,single_family,3.0,2.0,948.0,7722.0,1960.0,Inactive,339900,2025-02-01T00:00:00.000Z,25,12.736409677721657
"1120-N-Thornton-Ave,-Orlando,-FL-32803","1120 N Thornton Ave, Orlando, FL 32803",1120 N Thornton Ave,,Orlando,FL,32803,Orange,28.561036,-81.365742,single_family,4.0,4.0,2938.0,4380.0,2025.0,Inactive,1149000,2024-12-28T00:00:00.000Z,59,13.954403427152533
"1633-Illinois-St,-Orlando,-FL-32803","1633 Illinois St, Orlando, FL 32803",1633 Illinois St,,Orlando,FL,32803,Orange,28.556078,-81.359133,single_family,5.0,4.0,3398.0,8585.0,2025.0,Inactive,1479000,2024-09-09T00:00:00.000Z,166,14.20687741782523
"945-N-Fern-Creek-Ave,---3,-Orlando,-FL-32803","945 N Fern Creek Ave, # 3, Orlando, FL 32803",945 N Fern Creek Ave,# 3,Orlando,FL,32803,Orange,28.558254,-81.360166,townhouse,3.0,2.0,1850.0,5324.0,2003.0,Inactive,474900,2025-02-14T00:00:00.000Z,7,13.07086164024146
"2179-E-South-St,---3,-Orlando,-FL-32803","2179 E South St, # 3, Orlando, FL 32803",2179 E South St,# 3,Orlando,FL,32803,Orange,28.538837,-81.353828,townhouse,4.0,3.0,2163.0,1234.0,2024.0,Inactive,589469,2024-08-05T00:00:00.000Z,199,13.28697910707935
"601-E-Ridgewood-St,-Orlando,-FL-32803","601 E Ridgewood St, Orlando, FL 32803",601 E Ridgewood St,,Orlando,FL,32803,Orange,28.546838,-81.370397,townhouse,3.0,2.0,3713.0,3341.0,1958.0,Inactive,1699995,2024-04-17T00:00:00.000Z,308,14.3461364560825
"1006-E-Harwood-St,-Orlando,-FL-32803","1006 E Harwood St, Orlando, FL 32803",1006 E Harwood St,,Orlando,FL,32803,Orange,28.548264,-81.365985,single_family,4.0,3.0,3000.0,6718.0,2025.0,Inactive,1550000,2024-03-25T00:00:00.000Z,330,14.253766134056512
"1627-Illinois-St,-Orlando,-FL-32803","1627 Illinois St, Orlando, FL 32803",1627 Illinois St,,Orlando,FL,32803,Orange,28.556076,-81.359302,single_family,4.0,3.0,2911.0,7397.0,2024.0,Inactive,1275000,2024-12-02T00:00:00.000Z,78,14.058457520888082
"2916-Oxford-St,-Orlando,-FL-32803","2916 Oxford St, Orlando, FL 32803",2916 Oxford St,,Orlando,FL,32803,Orange,28.535227,-81.346015,single_family,3.0,2.0,1388.0,7602.0,1955.0,Inactive,520000,2024-09-27T00:00:00.000Z,142,13.161586013632684
"613-E-Ridgewood-St,-Apt-5,-Orlando,-FL-32803","613 E Ridgewood St, Apt 5, Orlando, FL 32803",613 E Ridgewood St,Apt 5,Orlando,FL,32803,Orange,28.546874,-81.369883,condo,1.0,1.0,685.0,14606.0,1926.0,Inactive,195000,2025-02-11T00:00:00.000Z,5,12.180759965737863
"2423-E-Central-Blvd,-Unit-2,-Orlando,-FL-32803","2423 E Central Blvd, Unit 2, Orlando, FL 32803",2423 E Central Blvd,Unit 2,Orlando,FL,32803,Orange,28.542601,-81.351105,condo,1.0,1.0,537.0,2413.0,1972.0,Inactive,179000,2024-11-16T00:00:00.000Z,91,12.095146671399466
"1250-Chichester-St,-Orlando,-FL-32803","1250 Chichester St, Orlando, FL 32803",1250 Chichester St,,Orlando,FL,32803,Orange,28.580632,-81.362306,single_family,3.0,2.0,1494.0,11326.0,1950.0,Inactive,849000,2025-02-12T00:00:00.000Z,3,13.651815643149092
"415-N-Shine-Ave,-Orlando,-FL-32803","415 N Shine Ave, Orlando, FL 32803",415 N Shine Ave,,Orlando,FL,32803,Orange,28.548098,-81.361943,single_family,5.0,5.0,2356.0,7594.0,1922.0,Inactive,729900,2025-01-30T00:00:00.000Z,13,13.500664187489477
"1825-Park-Lake-St,-Orlando,-FL-32803","1825 Park Lake St, Orlando, FL 32803",1825 Park Lake St,,Orlando,FL,32803,Orange,28.555206,-81.357989,single_family,2.0,1.0,1026.0,6604.0,1952.0,Inactive,405000,2025-02-07T00:00:00.000Z,5,12.91164481522143
"719-Mayfair-Cir,-Orlando,-FL-32803","719 Mayfair Cir, Orlando, FL 32803",719 Mayfair Cir,,Orlando,FL,32803,Orange,28.534049,-81.352829,single_family,3.0,2.0,1550.0,17860.0,1948.0,Inactive,550000,2025-01-09T00:00:00.000Z,33,13.217675375388819
"2519-Kilgore-St,---20,-Orlando,-FL-32803","2519 Kilgore St, # 20, Orlando, FL 32803",2519 Kilgore St,# 20,Orlando,FL,32803,Orange,28.543514,-81.350124,condo,2.0,2.0,823.0,3603.0,1983.0,Inactive,224900,2025-01-11T00:00:00.000Z,30,12.323415584358154
"925-La-Salle-Ave,-Orlando,-FL-32803","925 La Salle Ave, Orlando, FL 32803",925 La Salle Ave,,Orlando,FL,32803,Orange,28.557645,-81.361095,single_family,3.0,2.0,1244.0,6405.0,1948.0,Inactive,448600,2024-08-22T00:00:00.000Z,171,13.01388913022314
"1102-Wilkinson-St,-Orlando,-FL-32803","1102 Wilkinson St, Orlando, FL 32803",1102 Wilkinson St,,Orlando,FL,32803,Orange,28.579782,-81.365452,single_family,3.0,2.0,1604.0,10019.0,1948.0,Inactive,750000,2025-01-31T00:00:00.000Z,9,13.527829818844937
"4043-Bobolink-Ln,-Orlando,-FL-32803","4043 Bobolink Ln, Orlando, FL 32803",4043 Bobolink Ln,,Orlando,FL,32803,Orange,28.566457,-81.333965,single_family,3.0,1.0,1120.0,8794.0,1957.0,Inactive,440000,2024-10-31T00:00:00.000Z,99,12.994532278619134
"1910-Illinois-St,-Orlando,-FL-32803","1910 Illinois St, Orlando, FL 32803",1910 Illinois St,,Orlando,FL,32803,Orange,28.555615,-81.356821,single_family,3.0,2.0,1346.0,7005.0,1925.0,Inactive,474999,2024-11-02T00:00:00.000Z,96,13.071070083016778
"3123-Raven-Rd,-Orlando,-FL-32803","3123 Raven Rd, Orlando, FL 32803",3123 Raven Rd,,Orlando,FL,32803,Orange,28.567181,-81.344444,single_family,4.0,3.0,2249.0,9003.0,1956.0,Inactive,599999,2024-09-20T00:00:00.000Z,138,13.304684934198283
"2519-Kilgore-St,---203,-Orlando,-FL-32803","2519 Kilgore St, # 203, Orlando, FL 32803",2519 Kilgore St,# 203,Orlando,FL,32803,Orange,28.543514,-81.350124,condo,2.0,2.0,823.0,3603.0,1983.0,Inactive,224900,2025-01-11T00:00:00.000Z,25,12.323415584358154
"333-N-Forest-Ave,-Orlando,-FL-32803","333 N Forest Ave, Orlando, FL 32803",333 N Forest Ave,,Orlando,FL,32803,Orange,28.547106,-81.354975,single_family,4.0,3.0,1632.0,4753.0,2001.0,Inactive,624900,2025-01-31T00:00:00.000Z,5,13.345348516171933
"400-E-Colonial-Dr,-Apt-208,-Orlando,-FL-32803","400 E Colonial Dr, Apt 208, Orlando, FL 32803",400 E Colonial Dr,Apt 208,Orlando,FL,32803,Orange,28.552804,-81.372234,condo,2.0,2.0,1109.0,12197.0,1975.0,Inactive,256000,2024-11-08T00:00:00.000Z,88,12.45293662970407
"1021-Chichester-St,-Orlando,-FL-32803","1021 Chichester St, Orlando, FL 32803",1021 Chichester St,,Orlando,FL,32803,Orange,28.581208,-81.365967,single_family,3.0,2.0,1876.0,8438.0,1946.0,Inactive,609977,2024-10-25T00:00:00.000Z,101,13.321178169925345
"1111-Chichester-St,-Orlando,-FL-32803","1111 Chichester St, Orlando, FL 32803",1111 Chichester St,,Orlando,FL,32803,Orange,28.581194,-81.365168,single_family,3.0,2.0,1474.0,6750.0,1950.0,Inactive,660000,2024-11-08T00:00:00.000Z,87,13.399996629152975
"44-N-Glenwood-Ave,-Orlando,-FL-32803","44 N Glenwood Ave, Orlando, FL 32803",44 N Glenwood Ave,,Orlando,FL,32803,Orange,28.54389,-81.353206,multi-family,4.0,2.0,1843.0,7126.0,1945.0,Inactive,599000,2024-10-02T00:00:00.000Z,123,13.303018546545275
"1509-Woodward-St,---1-3,-Orlando,-FL-32803","1509 Woodward St, # 1-3, Orlando, FL 32803",1509 Woodward St,# 1-3,Orlando,FL,32803,Orange,28.554138,-81.361092,multi-family,4.0,3.0,2586.0,6220.0,1922.0,Inactive,735000,2024-07-22T00:00:00.000Z,194,13.507627138738266
"2179-E-South-St,-Orlando,-FL-32803","2179 E South St, Orlando, FL 32803",2179 E South St,,Orlando,FL,32803,Orange,28.538877,-81.353759,townhouse,4.0,3.0,2163.0,7790.5,1955.0,Inactive,589469,2025-01-24T00:00:00.000Z,8,13.28697910707935
"1415-Virginia-Dr,-Orlando,-FL-32803","1415 Virginia Dr, Orlando, FL 32803",1415 Virginia Dr,,Orlando,FL,32803,Orange,28.564255,-81.361802,single_family,4.0,3.0,1650.0,4865.0,1930.0,Inactive,528220,2024-10-31T00:00:00.000Z,92,13.177270035722405
"1022-N-Bumby-Ave,-Orlando,-FL-32803","1022 N Bumby Ave, Orlando, FL 32803",1022 N Bumby Ave,,Orlando,FL,32803,Orange,28.559551,-81.352445,single_family,3.0,2.0,1590.0,9127.0,1952.0,Inactive,575000,2024-12-09T00:00:00.000Z,53,13.26212705890841
"3606-Ibis-Dr,-Orlando,-FL-32803","3606 Ibis Dr, Orlando, FL 32803",3606 Ibis Dr,,Orlando,FL,32803,Orange,28.561875,-81.339885,single_family,3.0,2.0,1705.0,7594.0,1957.0,Inactive,698700,2024-12-13T00:00:00.000Z,48,13.456978175768944
"2524-Shrewsbury-Rd,-Orlando,-FL-32803","2524 Shrewsbury Rd, Orlando, FL 32803",2524 Shrewsbury Rd,,Orlando,FL,32803,Orange,28.575057,-81.359793,single_family,5.0,4.0,4224.0,16553.0,1957.0,Inactive,1795000,2024-09-10T00:00:00.000Z,140,14.400516137007425
"2607-E-Jefferson-St,-Orlando,-FL-32803","2607 E Jefferson St, Orlando, FL 32803",2607 E Jefferson St,,Orlando,FL,32803,Orange,28.54533,-81.349499,townhouse,3.0,2.0,1615.0,3136.0,2006.0,Inactive,450000,2025-01-10T00:00:00.000Z,18,13.017005083966255
"1012-N-Fern-Creek-Ave,-Orlando,-FL-32803","1012 N Fern Creek Ave, Orlando, FL 32803",1012 N Fern Creek Ave,,Orlando,FL,32803,Orange,28.559088,-81.360655,single_family,2.0,1.0,925.0,6053.0,1953.0,Inactive,398000,2025-01-21T00:00:00.000Z,5,12.894209796826232
"2115-Valencia-Rd,-Orlando,-FL-32803","2115 Valencia Rd, Orlando, FL 32803",2115 Valencia Rd,,Orlando,FL,32803,Orange,28.548461,-81.354438,single_family,3.0,2.0,1636.0,7458.0,1950.0,Inactive,494777,2024-11-19T00:00:00.000Z,67,13.111864456102934
"1801-Woodward-St,-Orlando,-FL-32803","1801 Woodward St, Orlando, FL 32803",1801 Woodward St,,Orlando,FL,32803,Orange,28.554213,-81.358812,single_family,3.0,2.0,1440.0,3450.0,1999.0,Inactive,505000,2025-01-16T00:00:00.000Z,9,13.132315688453556
"33-S-Graham-Ave,-Orlando,-FL-32803","33 S Graham Ave, Orlando, FL 32803",33 S Graham Ave,,Orlando,FL,32803,Orange,28.541654,-81.349671,single_family,3.0,2.0,1832.0,7510.0,2025.0,Inactive,649000,2024-08-17T00:00:00.000Z,160,13.38318953651709
"3602-Pelican-Ln,-Orlando,-FL-32803","3602 Pelican Ln, Orlando, FL 32803",3602 Pelican Ln,,Orlando,FL,32803,Orange,28.561149,-81.340132,single_family,3.0,2.0,1392.0,9668.0,1955.0,Inactive,539000,2024-12-09T00:00:00.000Z,43,13.197472705176983
"1613-Oriole-Ave,-Orlando,-FL-32803","1613 Oriole Ave, Orlando, FL 32803",1613 Oriole Ave,,Orlando,FL,32803,Orange,28.566333,-81.342569,single_family,4.0,3.0,1752.0,6999.0,1955.0,Inactive,440000,2025-01-13T00:00:00.000Z,7,12.994532278619134
"826-Floral-Dr,-Orlando,-FL-32803","826 Floral Dr, Orlando, FL 32803",826 Floral Dr,,Orlando,FL,32803,Orange,28.555998,-81.352867,single_family,3.0,2.0,1332.0,7997.0,1940.0,Inactive,480000,2024-11-07T00:00:00.000Z,72,13.081543466215237
"3809-Pelican-Ln,-Orlando,-FL-32803","3809 Pelican Ln, Orlando, FL 32803",3809 Pelican Ln,,Orlando,FL,32803,Orange,28.561627,-81.33704,single_family,2.0,1.0,1205.0,6723.0,1957.0,Inactive,449000,2025-01-14T00:00:00.000Z,4,13.014780393893403
"1926-Lake-Sue-Dr,-Orlando,-FL-32803","1926 Lake Sue Dr, Orlando, FL 32803",1926 Lake Sue Dr,,Orlando,FL,32803,Orange,28.57058,-81.348918,single_family,2.0,2.0,1376.0,6900.0,1956.0,Inactive,575000,2025-01-15T00:00:00.000Z,3,13.26212705890841
"2514-E-Marks-St,-Orlando,-FL-32803","2514 E Marks St, Orlando, FL 32803",2514 E Marks St,,Orlando,FL,32803,Orange,28.55632,-81.350481,single_family,3.0,2.0,1263.0,8000.0,1953.0,Inactive,450000,2025-01-14T00:00:00.000Z,3,13.017005083966255
"1500-E-Harwood-St,-Orlando,-FL-32803","1500 E Harwood St, Orlando, FL 32803",1500 E Harwood St,,Orlando,FL,32803,Orange,28.54824,-81.361287,single_family,3.0,2.0,2001.0,7310.0,1945.0,Inactive,669000,2024-07-31T00:00:00.000Z,169,13.41354083387756
"2183-E-South-St,---2,-Orlando,-FL-32803","2183 E South St, # 2, Orlando, FL 32803",2183 E South St,# 2,Orlando,FL,32803,Orange,28.538841,-81.353691,townhouse,4.0,3.0,2163.0,1234.0,2024.0,Inactive,584221,2024-08-05T00:00:00.000Z,164,13.278036326562907
"2183-E-South-St,-Orlando,-FL-32803","2183 E South St, Orlando, FL 32803",2183 E South St,,Orlando,FL,32803,Orange,28.538878,-81.35369,townhouse,4.0,3.0,2180.0,7790.5,1955.0,Inactive,584221,2025-01-08T00:00:00.000Z,7,13.278036326562907
"820-Altaloma-Ave,-Orlando,-FL-32803","820 Altaloma Ave, Orlando, FL 32803",820 Altaloma Ave,,Orlando,FL,32803,Orange,28.555556,-81.359113,multi-family,5.0,4.0,2352.0,6576.0,1990.0,Inactive,750000,2024-10-31T00:00:00.000Z,72,13.527829818844937
"1112-Chichester-St,-Orlando,-FL-32803","1112 Chichester St, Orlando, FL 32803",1112 Chichester St,,Orlando,FL,32803,Orange,28.580681,-81.364985,land,3.0,3.0,2252.0,16988.0,1946.0,Inactive,749000,2024-11-11T00:00:00.000Z,60,13.52649559761195
"1621-E-Amelia-St,-Orlando,-FL-32803","1621 E Amelia St, Orlando, FL 32803",1621 E Amelia St,,Orlando,FL,32803,Orange,28.549756,-81.359301,single_family,2.0,2.0,1203.0,6913.0,1938.0,Inactive,460000,2024-10-24T00:00:00.000Z,77,13.038983942375959
"1409-E-Amelia-St,-Orlando,-FL-32803","1409 E Amelia St, Orlando, FL 32803",1409 E Amelia St,,Orlando,FL,32803,Orange,28.549737,-81.362144,multi-family,4.0,2.0,1964.0,6885.0,1925.0,Inactive,614000,2024-06-04T00:00:00.000Z,218,13.327751835792448
"921-Pinegrove-Ave,-Orlando,-FL-32803","921 Pinegrove Ave, Orlando, FL 32803",921 Pinegrove Ave,,Orlando,FL,32803,Orange,28.557592,-81.363151,multi-family,4.0,2.0,1372.0,7446.0,1948.0,Inactive,614000,2024-06-04T00:00:00.000Z,218,13.327751835792448
"1415-E-Amelia-St,-Orlando,-FL-32803","1415 E Amelia St, Orlando, FL 32803",1415 E Amelia St,,Orlando,FL,32803,Orange,28.549738,-81.361988,multi-family,2.0,2.0,1786.0,6880.0,1925.0,Inactive,595000,2024-06-04T00:00:00.000Z,218,13.296318365198623
"1324-Spokane-Ave,-Orlando,-FL-32803","1324 Spokane Ave, Orlando, FL 32803",1324 Spokane Ave,,Orlando,FL,32803,Orange,28.563174,-81.361832,townhouse,3.0,2.0,1718.0,3343.0,2006.0,Inactive,505000,2024-11-15T00:00:00.000Z,54,13.132315688453556
"2517-Ridge-Ave,-Orlando,-FL-32803","2517 Ridge Ave, Orlando, FL 32803",2517 Ridge Ave,,Orlando,FL,32803,Orange,28.571336,-81.349176,single_family,3.0,2.0,2074.0,6500.0,2015.0,Inactive,949900,2025-01-02T00:00:00.000Z,6,13.764113047620114
"1017-N-Thornton-Ave,-Orlando,-FL-32803","1017 N Thornton Ave, Orlando, FL 32803",1017 N Thornton Ave,,Orlando,FL,32803,Orange,28.559311,-81.365175,multi-family,6.0,5.0,2710.0,9026.0,1953.0,Inactive,850000,2024-10-01T00:00:00.000Z,98,13.652992804936396
"4801-Beach-Blvd,---P1,-Orlando,-FL-32803","4801 Beach Blvd, # P1, Orlando, FL 32803",4801 Beach Blvd,# P1,Orlando,FL,32803,Orange,28.560205,-81.320709,single_family,6.0,4.0,3388.0,23522.0,1929.0,Inactive,925000,2024-11-04T00:00:00.000Z,64,13.73755009757506
"1815-Garvin-St,-Orlando,-FL-32803","1815 Garvin St, Orlando, FL 32803",1815 Garvin St,,Orlando,FL,32803,Orange,28.557963,-81.357654,single_family,2.0,2.0,980.0,6945.0,1935.0,Inactive,399000,2024-10-29T00:00:00.000Z,69,12.896719202134523
"3513-Ibis-Dr,-Orlando,-FL-32803","3513 Ibis Dr, Orlando, FL 32803",3513 Ibis Dr,,Orlando,FL,32803,Orange,28.562272,-81.340619,single_family,3.0,2.0,1816.0,8909.0,1958.0,Inactive,609000,2024-12-06T00:00:00.000Z,29,13.31957518872681
"740-Eldridge-St,-Orlando,-FL-32803","740 Eldridge St, Orlando, FL 32803",740 Eldridge St,,Orlando,FL,32803,Orange,28.555212,-81.321274,single_family,3.0,2.0,1676.0,11761.0,1948.0,Inactive,475000,2024-09-25T00:00:00.000Z,100,13.07107218827772
"1613-Christy-Ave,-Orlando,-FL-32803","1613 Christy Ave, Orlando, FL 32803",1613 Christy Ave,,Orlando,FL,32803,Orange,28.566093,-81.349079,single_family,3.0,1.0,1449.0,9456.0,1952.0,Inactive,430000,2024-12-27T00:00:00.000Z,7,12.971542813248437
"400-E-Colonial-Dr,-Apt-808,-Orlando,-FL-32803","400 E Colonial Dr, Apt 808, Orlando, FL 32803",400 E Colonial Dr,Apt 808,Orlando,FL,32803,Orange,28.552804,-81.372234,condo,2.0,2.0,1109.0,12197.0,1975.0,Inactive,309990,2024-02-25T00:00:00.000Z,311,12.64429854378182
"1515-E-Ridgewood-St,-Orlando,-FL-32803","1515 E Ridgewood St, Orlando, FL 32803",1515 E Ridgewood St,,Orlando,FL,32803,Orange,28.547009,-81.360748,single_family,3.0,2.0,1530.0,7567.0,1950.0,Inactive,549000,2024-07-26T00:00:00.000Z,159,13.215855541983634
"815-S-Lake-Formosa-Dr,-Orlando,-FL-32803","815 S Lake Formosa Dr, Orlando, FL 32803",815 S Lake Formosa Dr,,Orlando,FL,32803,Orange,28.567826,-81.367029,single_family,4.0,3.0,3197.0,14810.0,1954.0,Inactive,1399900,2024-12-27T00:00:00.000Z,5,14.1519120777994
"743-Herman-Ave,-Orlando,-FL-32803","743 Herman Ave, Orlando, FL 32803",743 Herman Ave,,Orlando,FL,32803,Orange,28.555287,-81.323362,single_family,3.0,2.0,1479.0,6741.0,2024.0,Inactive,450000,2024-11-08T00:00:00.000Z,50,13.017005083966255
"1627-E-Amelia-St,-Orlando,-FL-32803","1627 E Amelia St, Orlando, FL 32803",1627 E Amelia St,,Orlando,FL,32803,Orange,28.549757,-81.359145,single_family,2.0,2.0,1084.0,6913.0,1963.0,Inactive,440000,2024-09-03T00:00:00.000Z,115,12.994532278619134
"2620-Betty-St,-Orlando,-FL-32803","2620 Betty St, Orlando, FL 32803",2620 Betty St,,Orlando,FL,32803,Orange,28.555146,-81.349112,single_family,3.0,2.0,1293.0,7126.0,1953.0,Inactive,410000,2024-10-20T00:00:00.000Z,65,12.923914877701906
"1632-E-Ridgewood-St,-Orlando,-FL-32803","1632 E Ridgewood St, Orlando, FL 32803",1632 E Ridgewood St,,Orlando,FL,32803,Orange,28.546489,-81.358848,single_family,3.0,1.0,1293.0,8088.0,1948.0,Inactive,499000,2024-12-18T00:00:00.000Z,5,13.120363378739663
"2209-Montana-St,-Orlando,-FL-32803","2209 Montana St, Orlando, FL 32803",2209 Montana St,,Orlando,FL,32803,Orange,28.562524,-81.354361,single_family,4.0,3.0,3118.0,7998.0,2025.0,Inactive,1499000,2024-09-09T00:00:00.000Z,103,14.22030944419592
"3207-Middlesex-Rd,-Orlando,-FL-32803","3207 Middlesex Rd, Orlando, FL 32803",3207 Middlesex Rd,,Orlando,FL,32803,Orange,28.579708,-81.360325,single_family,5.0,6.0,4944.0,14810.0,2025.0,Inactive,3895000,2024-06-21T00:00:00.000Z,182,15.175204494026362
"935-Jamajo-Blvd,-Orlando,-FL-32803","935 Jamajo Blvd, Orlando, FL 32803",935 Jamajo Blvd,,Orlando,FL,32803,Orange,28.555921,-81.32436,single_family,2.0,1.0,1000.0,6761.0,1953.0,Inactive,279000,2024-09-13T00:00:00.000Z,97,12.53897064502647
"1841-Palm-Ln,-Orlando,-FL-32803","1841 Palm Ln, Orlando, FL 32803",1841 Palm Ln,,Orlando,FL,32803,Orange,28.569651,-81.351643,single_family,3.0,2.0,1792.0,12632.0,1952.0,Inactive,649900,2024-12-14T00:00:00.000Z,5,13.384575322579519
"2315-Weber-St,-Orlando,-FL-32803","2315 Weber St, Orlando, FL 32803",2315 Weber St,,Orlando,FL,32803,Orange,28.558501,-81.352528,single_family,3.0,1.0,1180.0,8640.0,1950.0,Inactive,424500,2024-11-08T00:00:00.000Z,38,12.958669640443368
"1921-Canton-St,-Orlando,-FL-32803","1921 Canton St, Orlando, FL 32803",1921 Canton St,,Orlando,FL,32803,Orange,28.559766,-81.356439,single_family,3.0,2.0,1334.0,5998.0,1973.0,Inactive,369000,2024-10-22T00:00:00.000Z,54,12.818554633046093
"1235-Park-Lake-St,-Orlando,-FL-32803","1235 Park Lake St, Orlando, FL 32803",1235 Park Lake St,,Orlando,FL,32803,Orange,28.555399,-81.363044,single_family,2.0,1.0,1128.0,7574.0,1922.0,Inactive,459900,2024-11-15T00:00:00.000Z,28,13.038766527911386
"610-Strathmore-Dr,-Orlando,-FL-32803","610 Strathmore Dr, Orlando, FL 32803",610 Strathmore Dr,,Orlando,FL,32803,Orange,28.534731,-81.340478,single_family,4.0,2.0,1801.0,9593.0,1956.0,Inactive,590000,2024-11-07T00:00:00.000Z,35,13.28787951079572
"507-Buckminster-Cir,-Orlando,-FL-32803","507 Buckminster Cir, Orlando, FL 32803",507 Buckminster Cir,,Orlando,FL,32803,Orange,28.536657,-81.348977,single_family,2.0,1.0,813.0,10454.0,1948.0,Inactive,450000,2024-10-11T00:00:00.000Z,61,13.017005083966255
"1421-Baltimore-Ave,-Orlando,-FL-32803","1421 Baltimore Ave, Orlando, FL 32803",1421 Baltimore Ave,,Orlando,FL,32803,Orange,28.564872,-81.369783,single_family,4.0,4.0,2634.0,6823.0,1948.0,Inactive,899000,2024-11-16T00:00:00.000Z,25,13.70903942580019
"245-Severn-Way,---37,-Orlando,-FL-32803","245 Severn Way, # 37, Orlando, FL 32803",245 Severn Way,# 37,Orlando,FL,32803,Orange,28.53955634,-81.35361875,single_family,4.0,3.0,3087.0,5482.0,2024.0,Inactive,878301,2024-05-23T00:00:00.000Z,201,13.685745777028883
"631-S-Crystal-Lake-Dr,-Orlando,-FL-32803","631 S Crystal Lake Dr, Orlando, FL 32803",631 S Crystal Lake Dr,,Orlando,FL,32803,Orange,28.533823,-81.343326,single_family,3.0,2.0,1360.0,7555.0,1957.0,Inactive,400000,2024-11-07T00:00:00.000Z,28,12.899222326086994
"2011-Oregon-St,-Orlando,-FL-32803","2011 Oregon St, Orlando, FL 32803",2011 Oregon St,,Orlando,FL,32803,Orange,28.560227,-81.355754,single_family,3.0,2.0,1228.0,10019.0,1952.0,Inactive,519750,2024-11-22T00:00:00.000Z,13,13.161105129720333
"1515-Montana-St,-Orlando,-FL-32803","1515 Montana St, Orlando, FL 32803",1515 Montana St,,Orlando,FL,32803,Orange,28.562395,-81.360876,single_family,3.0,2.0,1447.0,4591.0,1997.0,Inactive,569000,2024-11-29T00:00:00.000Z,6,13.251637470576167
"340-N-Forest-Ave,-Orlando,-FL-32803","340 N Forest Ave, Orlando, FL 32803",340 N Forest Ave,,Orlando,FL,32803,Orange,28.547376,-81.355424,single_family,3.0,2.0,1325.0,5511.0,2003.0,Inactive,575000,2024-09-15T00:00:00.000Z,80,13.26212705890841
"1304-Altaloma-Ave,-Orlando,-FL-32803","1304 Altaloma Ave, Orlando, FL 32803",1304 Altaloma Ave,,Orlando,FL,32803,Orange,28.562592,-81.359753,multi-family,8.0,4.0,3100.0,13939.0,1962.0,Inactive,1150000,2024-09-17T00:00:00.000Z,78,13.955273369904273
"4316-Lake-Underhill-Rd,-Apt-B,-Orlando,-FL-32803","4316 Lake Underhill Rd, Apt B, Orlando, FL 32803",4316 Lake Underhill Rd,Apt B,Orlando,FL,32803,Orange,28.535362,-81.333076,condo,3.0,2.0,1640.0,7790.5,1969.0,Inactive,289900,2024-10-28T00:00:00.000Z,36,12.57729476436913
"2886-Plaza-Terrace-Dr,---2886,-Orlando,-FL-32803","2886 Plaza Terrace Dr, # 2886, Orlando, FL 32803",2886 Plaza Terrace Dr,# 2886,Orlando,FL,32803,Orange,28.561535,-81.346631,condo,2.0,2.0,890.0,7319.0,1972.0,Inactive,274000,2024-08-08T00:00:00.000Z,112,12.520887034998584
"400-E-Colonial-Dr,-Apt-907,-Orlando,-FL-32803","400 E Colonial Dr, Apt 907, Orlando, FL 32803",400 E Colonial Dr,Apt 907,Orlando,FL,32803,Orange,28.552804,-81.372234,condo,2.0,2.0,1189.0,12197.0,1975.0,Inactive,300000,2024-08-29T00:00:00.000Z,90,12.611541086966115
"1000-N-Forest-Ave,-Orlando,-FL-32803","1000 N Forest Ave, Orlando, FL 32803",1000 N Forest Ave,,Orlando,FL,32803,Orange,28.558703,-81.355403,single_family,2.0,1.0,885.0,6873.0,1947.0,Inactive,349900,2024-11-21T00:00:00.000Z,6,12.765405536311112
"813-Chichester-St,-Orlando,-FL-32803","813 Chichester St, Orlando, FL 32803",813 Chichester St,,Orlando,FL,32803,Orange,28.580661,-81.36894,single_family,2.0,2.0,2009.0,8509.0,1951.0,Inactive,689000,2024-11-22T00:00:00.000Z,4,13.442998001373553
"337-Cathcart-Ave,---6,-Orlando,-FL-32803","337 Cathcart Ave, # 6, Orlando, FL 32803",337 Cathcart Ave,# 6,Orlando,FL,32803,Orange,28.547252,-81.370362,condo,3.0,2.0,1870.0,1624.0,2000.0,Inactive,600000,2024-05-27T00:00:00.000Z,181,13.304686600863562
"2408-Laura-Pl,-Orlando,-FL-32803","2408 Laura Pl, Orlando, FL 32803",2408 Laura Pl,,Orlando,FL,32803,Orange,28.557741,-81.351694,single_family,3.0,2.0,1136.0,7007.0,1954.0,Inactive,384900,2024-05-31T00:00:00.000Z,176,12.860741437345885
"748-Altaloma-Ave,-Orlando,-FL-32803","748 Altaloma Ave, Orlando, FL 32803",748 Altaloma Ave,,Orlando,FL,32803,Orange,28.554584,-81.359098,single_family,3.0,2.0,1644.0,3577.0,1999.0,Inactive,650000,2024-11-04T00:00:00.000Z,18,13.384729180332174
"2204-Vivada-St,-Orlando,-FL-32803","2204 Vivada St, Orlando, FL 32803",2204 Vivada St,,Orlando,FL,32803,Orange,28.560636,-81.354102,single_family,4.0,3.0,2964.0,9337.0,2023.0,Inactive,1175000,2024-09-25T00:00:00.000Z,57,13.976779556623864
"1414-Pinecrest-Pl,-Orlando,-FL-32803","1414 Pinecrest Pl, Orlando, FL 32803",1414 Pinecrest Pl,,Orlando,FL,32803,Orange,28.554516,-81.362062,single_family,3.0,2.0,1115.0,6220.0,1922.0,Inactive,490900,2024-11-17T00:00:00.000Z,4,13.10399775711883
"2956-Plaza-Terrace-Dr,---2956,-Orlando,-FL-32803","2956 Plaza Terrace Dr, # 2956, Orlando, FL 32803",2956 Plaza Terrace Dr,# 2956,Orlando,FL,32803,Orange,28.561551,-81.34519,condo,2.0,2.0,890.0,890.0,1972.0,Inactive,265000,2024-09-15T00:00:00.000Z,66,12.487488878546145
"4316-Lake-Underhill-Rd,---17A2,-Orlando,-FL-32803","4316 Lake Underhill Rd, # 17A2, Orlando, FL 32803",4316 Lake Underhill Rd,# 17A2,Orlando,FL,32803,Orange,28.535362,-81.333076,condo,3.0,2.0,1640.0,7790.5,1969.0,Inactive,289900,2024-10-28T00:00:00.000Z,22,12.57729476436913
"217-Severn-Way,---35,-Orlando,-FL-32803","217 Severn Way, # 35, Orlando, FL 32803",217 Severn Way,# 35,Orlando,FL,32803,Orange,28.54023272,-81.35363386,single_family,4.0,3.0,3087.0,5491.0,2024.0,Inactive,891319,2024-05-23T00:00:00.000Z,179,13.700458789000905
"1809-Lake-Sue-Dr,-Orlando,-FL-32803","1809 Lake Sue Dr, Orlando, FL 32803",1809 Lake Sue Dr,,Orlando,FL,32803,Orange,28.568302,-81.348345,single_family,3.0,2.0,2512.0,7813.0,2023.0,Inactive,1239000,2024-07-08T00:00:00.000Z,132,14.029815967713455
"400-E-Colonial-Dr,-Apt-902,-Orlando,-FL-32803","400 E Colonial Dr, Apt 902, Orlando, FL 32803",400 E Colonial Dr,Apt 902,Orlando,FL,32803,Orange,28.552804,-81.372234,condo,2.0,2.0,1189.0,12197.0,1975.0,Inactive,319900,2024-09-25T00:00:00.000Z,52,12.675766851909591
"1120-N-Hampton-Ave,-Orlando,-FL-32803","1120 N Hampton Ave, Orlando, FL 32803",1120 N Hampton Ave,,Orlando,FL,32803,Orange,28.561273,-81.356561,single_family,3.0,2.0,1979.0,8517.0,1954.0,Inactive,529900,2024-09-26T00:00:00.000Z,51,13.180445475627591
"1312-N-Fern-Creek-Ave,-Orlando,-FL-32803","1312 N Fern Creek Ave, Orlando, FL 32803",1312 N Fern Creek Ave,,Orlando,FL,32803,Orange,28.56266,-81.360769,single_family,3.0,2.0,1337.0,7454.0,1935.0,Inactive,560000,2024-11-05T00:00:00.000Z,10,13.235693848424024
"727-Buckminster-Cir,-Orlando,-FL-32803","727 Buckminster Cir, Orlando, FL 32803",727 Buckminster Cir,,Orlando,FL,32803,Orange,28.533207,-81.350927,single_family,5.0,4.0,3433.0,13939.0,2024.0,Inactive,1199000,2024-06-25T00:00:00.000Z,141,13.99699926803766
"1918-Nebraska-St,-Orlando,-FL-32803","1918 Nebraska St, Orlando, FL 32803",1918 Nebraska St,,Orlando,FL,32803,Orange,28.565397,-81.356801,single_family,4.0,3.0,2772.0,15682.0,1920.0,Inactive,765000,2024-08-23T00:00:00.000Z,82,13.547632419997361
"855-Chichester-St,-Orlando,-FL-32803","855 Chichester St, Orlando, FL 32803",855 Chichester St,,Orlando,FL,32803,Orange,28.581222,-81.367161,single_family,3.0,2.0,1949.0,11761.0,1947.0,Inactive,799900,2024-09-30T00:00:00.000Z,44,13.592243248992402
"400-E-Colonial-Dr,-Apt-301,-Orlando,-FL-32803","400 E Colonial Dr, Apt 301, Orlando, FL 32803",400 E Colonial Dr,Apt 301,Orlando,FL,32803,Orange,28.552804,-81.372234,condo,1.0,1.0,799.0,12197.0,1975.0,Inactive,189900,2024-09-24T00:00:00.000Z,49,12.15425816271595
"825-N-Primrose-Dr,-Apt-110,-Orlando,-FL-32803","825 N Primrose Dr, Apt 110, Orlando, FL 32803",825 N Primrose Dr,Apt 110,Orlando,FL,32803,Orange,28.556781,-81.347605,condo,2.0,1.0,832.0,3989.0,1966.0,Inactive,210000,2024-10-02T00:00:00.000Z,41,12.25486757159303
"1007-Terrace-Blvd,-Orlando,-FL-32803","1007 Terrace Blvd, Orlando, FL 32803",1007 Terrace Blvd,,Orlando,FL,32803,Orange,28.558951,-81.36657,single_family,3.0,3.0,1871.0,8127.0,1951.0,Inactive,759000,2024-08-22T00:00:00.000Z,81,13.539758373899955
"2415-Laura-Pl,-Orlando,-FL-32803","2415 Laura Pl, Orlando, FL 32803",2415 Laura Pl,,Orlando,FL,32803,Orange,28.558185,-81.351483,single_family,2.0,1.0,956.0,6998.0,1953.0,Inactive,350000,2024-10-03T00:00:00.000Z,36,12.765691290604371
"2916-Lake-Shore-Dr,-Orlando,-FL-32803","2916 Lake Shore Dr, Orlando, FL 32803",2916 Lake Shore Dr,,Orlando,FL,32803,Orange,28.578146,-81.36082,single_family,4.0,3.0,4599.0,31799.0,1941.0,Inactive,3175000,2024-11-04T00:00:00.000Z,4,14.97081850526951
"647-E-Marks-St,-Orlando,-FL-32803","647 E Marks St, Orlando, FL 32803",647 E Marks St,,Orlando,FL,32803,Orange,28.557069,-81.368788,single_family,3.0,2.0,2702.0,11326.0,1997.0,Inactive,1270000,2024-08-24T00:00:00.000Z,74,14.054528245836039
"400-E-Colonial-Dr,-Apt-1606,-Orlando,-FL-32803","400 E Colonial Dr, Apt 1606, Orlando, FL 32803",400 E Colonial Dr,Apt 1606,Orlando,FL,32803,Orange,28.552804,-81.372234,condo,1.0,1.0,1988.0,12197.0,1975.0,Inactive,389900,2024-10-23T00:00:00.000Z,14,12.873648139727594
"645-E-Marks-St,-Orlando,-FL-32803","645 E Marks St, Orlando, FL 32803",645 E Marks St,,Orlando,FL,32803,Orange,28.55707,-81.369061,single_family,4.0,3.0,4017.0,16988.0,1925.0,Inactive,1595000,2024-10-31T00:00:00.000Z,6,14.282384921160133
"1508-Bodell-Ln,-Orlando,-FL-32803","1508 Bodell Ln, Orlando, FL 32803",1508 Bodell Ln,,Orlando,FL,32803,Orange,28.565158,-81.357829,multi-family,3.0,3.0,2052.0,10454.0,1965.0,Inactive,575000,2024-11-01T00:00:00.000Z,5,13.26212705890841
"1210-And-1212-Altaloma-Ave,-Orlando,-FL-32803","1210 And 1212 Altaloma Ave, Orlando, FL 32803",1210 And 1212 Altaloma Ave,,Orlando,FL,32803,Orange,28.562247,-81.359747,single_family,6.0,4.0,2872.0,7030.0,1950.0,Inactive,895000,2024-06-02T00:00:00.000Z,156,13.704580114574805
"1115-Ayrshire-St,-Orlando,-FL-32803","1115 Ayrshire St, Orlando, FL 32803",1115 Ayrshire St,,Orlando,FL,32803,Orange,28.579403,-81.365024,single_family,3.0,2.0,1590.0,6772.0,1956.0,Inactive,649000,2024-10-28T00:00:00.000Z,8,13.38318953651709
"3607-Clemwood-Dr,-Orlando,-FL-32803","3607 Clemwood Dr, Orlando, FL 32803",3607 Clemwood Dr,,Orlando,FL,32803,Orange,28.532158,-81.339518,single_family,3.0,2.0,1505.0,10019.0,1957.0,Inactive,465000,2024-10-31T00:00:00.000Z,5,13.049794835104816
"1509-Robin-Rd,-Orlando,-FL-32803","1509 Robin Rd, Orlando, FL 32803",1509 Robin Rd,,Orlando,FL,32803,Orange,28.565684,-81.335461,single_family,3.0,2.0,1562.0,10454.0,1956.0,Inactive,679000,2024-11-01T00:00:00.000Z,4,13.428377879293798
"2115-E-Concord-St,-Orlando,-FL-32803","2115 E Concord St, Orlando, FL 32803",2115 E Concord St,,Orlando,FL,32803,Orange,28.551523,-81.354539,single_family,2.0,1.0,1040.0,7012.0,1951.0,Inactive,385000,2024-10-17T00:00:00.000Z,18,12.861001210669146
"627-E-Amelia-St,-Apt-A,-Orlando,-FL-32803","627 E Amelia St, Apt A, Orlando, FL 32803",627 E Amelia St,Apt A,Orlando,FL,32803,Orange,28.549877,-81.369797,condo,2.0,2.0,1024.0,6240.0,1971.0,Inactive,319900,2024-08-13T00:00:00.000Z,80,12.675766851909591
"2612-E-Jefferson-St,-Orlando,-FL-32803","2612 E Jefferson St, Orlando, FL 32803",2612 E Jefferson St,,Orlando,FL,32803,Orange,28.544776,-81.349221,multi-family,5.0,4.0,2185.0,6630.0,1945.0,Inactive,449900,2024-09-03T00:00:00.000Z,56,13.016782837542953
"4222-Lake-Underhill-Rd,-Apt-A,-Orlando,-FL-32803","4222 Lake Underhill Rd, Apt A, Orlando, FL 32803",4222 Lake Underhill Rd,Apt A,Orlando,FL,32803,Orange,28.535362,-81.333076,condo,2.0,2.0,1400.0,547114.0,1969.0,Inactive,239000,2024-07-03T00:00:00.000Z,115,12.384223015005313
"3006-E-Anderson-St,-Orlando,-FL-32803","3006 E Anderson St, Orlando, FL 32803",3006 E Anderson St,,Orlando,FL,32803,Orange,28.537741,-81.344531,single_family,4.0,2.0,1344.0,7702.0,1957.0,Inactive,449000,2024-02-23T00:00:00.000Z,245,13.014780393893403
"1911-Park-Lake-St,-Orlando,-FL-32803","1911 Park Lake St, Orlando, FL 32803",1911 Park Lake St,,Orlando,FL,32803,Orange,28.555235,-81.356819,townhouse,3.0,2.0,1573.0,3504.0,2024.0,Inactive,599990,2024-08-09T00:00:00.000Z,77,13.304669934085782
"1227-E-Ridgewood-St,-Orlando,-FL-32803","1227 E Ridgewood St, Orlando, FL 32803",1227 E Ridgewood St,,Orlando,FL,32803,Orange,28.546989,-81.363212,single_family,3.0,2.0,3334.0,10454.0,1926.0,Inactive,1150000,2024-10-20T00:00:00.000Z,5,13.955273369904273
"1138-Jamajo-Blvd,-Orlando,-FL-32803","1138 Jamajo Blvd, Orlando, FL 32803",1138 Jamajo Blvd,,Orlando,FL,32803,Orange,28.557756,-81.324978,multi-family,3.0,3.0,2092.0,7014.0,1955.0,Inactive,400000,2024-10-12T00:00:00.000Z,7,12.899222326086994
"3223-Renlee-Pl,-Orlando,-FL-32803","3223 Renlee Pl, Orlando, FL 32803",3223 Renlee Pl,,Orlando,FL,32803,Orange,28.533796,-81.342673,single_family,3.0,2.0,1661.0,7688.0,1993.0,Inactive,575000,2024-10-15T00:00:00.000Z,3,13.26212705890841
"517-Broadway-Ave,-Orlando,-FL-32803","517 Broadway Ave, Orlando, FL 32803",517 Broadway Ave,,Orlando,FL,32803,Orange,28.550192,-81.372485,single_family,4.0,2.0,2240.0,5460.0,1926.0,Inactive,979000,2024-06-21T00:00:00.000Z,118,13.794287942962585
"1220-Christy-Ave,-Orlando,-FL-32803","1220 Christy Ave, Orlando, FL 32803",1220 Christy Ave,,Orlando,FL,32803,Orange,28.563089,-81.349701,single_family,5.0,5.0,4487.0,12197.0,2024.0,Inactive,1999999,2024-08-08T00:00:00.000Z,70,14.508657738524219
"1503-Minnesota-St,-Orlando,-FL-32803","1503 Minnesota St, Orlando, FL 32803",1503 Minnesota St,,Orlando,FL,32803,Orange,28.565004,-81.361252,multi-family,4.0,2.0,1947.0,8436.0,1956.0,Inactive,480000,2024-06-03T00:00:00.000Z,134,13.081543466215237
"1227-Virginia-Dr,-Orlando,-FL-32803","1227 Virginia Dr, Orlando, FL 32803",1227 Virginia Dr,,Orlando,FL,32803,Orange,28.564282,-81.363357,single_family,4.0,2.0,1200.0,5484.0,1930.0,Inactive,400000,2024-06-05T00:00:00.000Z,132,12.899222326086994
"2312-Corrine-Dr,-Orlando,-FL-32803","2312 Corrine Dr, Orlando, FL 32803",2312 Corrine Dr,,Orlando,FL,32803,Orange,28.567548,-81.353087,single_family,3.0,2.0,1471.0,11761.0,1949.0,Inactive,419900,2024-09-09T00:00:00.000Z,33,12.947774248188859
"2721-Illinois-St,-Orlando,-FL-32803","2721 Illinois St, Orlando, FL 32803",2721 Illinois St,,Orlando,FL,32803,Orange,28.556289,-81.348168,single_family,3.0,1.0,1108.0,7141.0,1956.0,Inactive,425000,2024-07-05T00:00:00.000Z,98,12.959846800844963
"2913-E-Washington-St,-Orlando,-FL-32803","2913 E Washington St, Orlando, FL 32803",2913 E Washington St,,Orlando,FL,32803,Orange,28.544437,-81.346354,townhouse,3.0,2.0,1727.0,3424.0,2016.0,Inactive,474900,2024-08-10T00:00:00.000Z,62,13.07086164024146
"1607-N-Bumby-Ave,-Orlando,-FL-32803","1607 N Bumby Ave, Orlando, FL 32803",1607 N Bumby Ave,,Orlando,FL,32803,Orange,28.565603,-81.351492,single_family,2.0,1.0,958.0,8683.0,1951.0,Inactive,400000,2024-09-21T00:00:00.000Z,19,12.899222326086994
"1508-Pinecrest-Pl,-Orlando,-FL-32803","1508 Pinecrest Pl, Orlando, FL 32803",1508 Pinecrest Pl,,Orlando,FL,32803,Orange,28.554507,-81.361124,single_family,2.0,2.0,1293.0,6219.0,1922.0,Inactive,475000,2024-06-03T00:00:00.000Z,128,13.07107218827772
"907-Garden-Plz,-Orlando,-FL-32803","907 Garden Plz, Orlando, FL 32803",907 Garden Plz,,Orlando,FL,32803,Orange,28.556905,-81.353784,single_family,2.0,1.0,877.0,7322.0,1949.0,Inactive,325000,2024-10-03T00:00:00.000Z,3,12.691583538230217
"2806-Kilgore-St,-Orlando,-FL-32803","2806 Kilgore St, Orlando, FL 32803",2806 Kilgore St,,Orlando,FL,32803,Orange,28.542995,-81.347347,townhouse,3.0,2.0,1755.0,3510.0,2016.0,Inactive,475000,2024-05-09T00:00:00.000Z,147,13.07107218827772
"1609-Reppard-Rd,-Orlando,-FL-32803","1609 Reppard Rd, Orlando, FL 32803",1609 Reppard Rd,,Orlando,FL,32803,Orange,28.566071,-81.359688,single_family,3.0,2.0,1852.0,12197.0,1962.0,Inactive,649999,2024-08-23T00:00:00.000Z,41,13.38472764187182
"1707-Oriole-Ave,-Orlando,-FL-32803","1707 Oriole Ave, Orlando, FL 32803",1707 Oriole Ave,,Orlando,FL,32803,Orange,28.567103,-81.342581,single_family,3.0,2.0,1350.0,6999.0,1956.0,Inactive,448000,2024-08-02T00:00:00.000Z,61,13.012550743537489
"1001-N-Glenwood-Ave,-Orlando,-FL-32803","1001 N Glenwood Ave, Orlando, FL 32803",1001 N Glenwood Ave,,Orlando,FL,32803,Orange,28.558735,-81.35287,single_family,3.0,2.0,1126.0,7781.0,1991.0,Inactive,439000,2024-08-07T00:00:00.000Z,55,12.992256969959042
"1400-Nottingham-St,-Orlando,-FL-32803","1400 Nottingham St, Orlando, FL 32803",1400 Nottingham St,,Orlando,FL,32803,Orange,28.581481,-81.360604,single_family,5.0,4.0,4266.0,16988.0,2024.0,Inactive,3500000,2024-03-16T00:00:00.000Z,196,15.068273812173887
"1124-N-Bumby-Ave,-Orlando,-FL-32803","1124 N Bumby Ave, Orlando, FL 32803",1124 N Bumby Ave,,Orlando,FL,32803,Orange,28.56178,-81.351972,single_family,3.0,2.0,1273.0,9750.0,1951.0,Inactive,582500,2024-07-08T00:00:00.000Z,82,13.275086181158716
"515-Altaloma-Ave,-Orlando,-FL-32803","515 Altaloma Ave, Orlando, FL 32803",515 Altaloma Ave,,Orlando,FL,32803,Orange,28.550036,-81.357894,single_family,3.0,2.0,1177.0,9563.0,1960.0,Inactive,500000,2024-06-11T00:00:00.000Z,108,13.122365377402328
"808-Herman-Ave,-Orlando,-FL-32803","808 Herman Ave, Orlando, FL 32803",808 Herman Ave,,Orlando,FL,32803,Orange,28.555719,-81.323939,single_family,2.0,1.0,1248.0,13504.0,1927.0,Inactive,280000,2024-07-20T00:00:00.000Z,68,12.54254845357358
"2515-Kilgore-St,---103,-Orlando,-FL-32803","2515 Kilgore St, # 103, Orlando, FL 32803",2515 Kilgore St,# 103,Orlando,FL,32803,Orange,28.543514,-81.350124,condo,2.0,2.0,823.0,3603.0,1983.0,Inactive,244995,2024-07-27T00:00:00.000Z,60,12.408997162862972
"749-Altaloma-Ave,-Orlando,-FL-32803","749 Altaloma Ave, Orlando, FL 32803",749 Altaloma Ave,,Orlando,FL,32803,Orange,28.554582,-81.358818,single_family,3.0,2.0,1732.0,3376.0,2001.0,Inactive,600000,2024-07-25T00:00:00.000Z,60,13.304686600863562
"1515-Nottingham-St,-Orlando,-FL-32803","1515 Nottingham St, Orlando, FL 32803",1515 Nottingham St,,Orlando,FL,32803,Orange,28.582005,-81.358573,single_family,5.0,3.0,4285.0,15246.0,2000.0,Inactive,2195000,2024-04-25T00:00:00.000Z,150,14.60169306007217
"400-E-Colonial-Dr,-Apt-604,-Orlando,-FL-32803","400 E Colonial Dr, Apt 604, Orlando, FL 32803",400 E Colonial Dr,Apt 604,Orlando,FL,32803,Orange,28.552804,-81.372234,condo,2.0,2.0,1189.0,12197.0,1975.0,Inactive,289000,2024-07-06T00:00:00.000Z,78,12.574185427296195
"2329-Hickory-Ln,-Orlando,-FL-32803","2329 Hickory Ln, Orlando, FL 32803",2329 Hickory Ln,,Orlando,FL,32803,Orange,28.56847,-81.352965,single_family,3.0,2.0,1761.0,9021.0,1955.0,Inactive,729000,2024-09-19T00:00:00.000Z,3,13.499430382731967
"3045-Plaza-Terrace-Dr,-Orlando,-FL-32803","3045 Plaza Terrace Dr, Orlando, FL 32803",3045 Plaza Terrace Dr,,Orlando,FL,32803,Orange,28.562183,-81.344942,single_family,3.0,2.0,1517.0,9346.0,1967.0,Inactive,450000,2024-08-26T00:00:00.000Z,25,13.017005083966255
"640-Terrace-Blvd,-Orlando,-FL-32803","640 Terrace Blvd, Orlando, FL 32803",640 Terrace Blvd,,Orlando,FL,32803,Orange,28.557475,-81.369068,single_family,2.0,2.0,1907.0,10890.0,1981.0,Inactive,695000,2024-09-09T00:00:00.000Z,11,13.451668563394815
"521-Sunrise-Dr,-Orlando,-FL-32803","521 Sunrise Dr, Orlando, FL 32803",521 Sunrise Dr,,Orlando,FL,32803,Orange,28.536331,-81.34634,single_family,2.0,1.0,858.0,9785.0,1954.0,Inactive,349000,2024-08-10T00:00:00.000Z,40,12.762830066509972
"2609-Jamie-Cir,-Orlando,-FL-32803","2609 Jamie Cir, Orlando, FL 32803",2609 Jamie Cir,,Orlando,FL,32803,Orange,28.557703,-81.349591,single_family,3.0,2.0,1223.0,7495.0,1954.0,Inactive,393000,2024-04-22T00:00:00.000Z,149,12.881567435377423
"2023-Mount-Vernon-St,-Orlando,-FL-32803","2023 Mount Vernon St, Orlando, FL 32803",2023 Mount Vernon St,,Orlando,FL,32803,Orange,28.550714,-81.355202,single_family,5.0,3.0,2636.0,8255.0,1957.0,Inactive,899000,2024-06-10T00:00:00.000Z,98,13.70903942580019
"1075-Terrace-Blvd,-Orlando,-FL-32803","1075 Terrace Blvd, Orlando, FL 32803",1075 Terrace Blvd,,Orlando,FL,32803,Orange,28.561044,-81.368184,single_family,3.0,2.0,1963.0,10890.0,1964.0,Inactive,799000,2024-08-14T00:00:00.000Z,32,13.591117476312084
"411-E-Livingston-St,-Apt-C,-Orlando,-FL-32803","411 E Livingston St, Apt C, Orlando, FL 32803",411 E Livingston St,Apt C,Orlando,FL,32803,Orange,28.547831,-81.372177,condo,2.0,2.0,1020.0,2007.0,1925.0,Inactive,345000,2024-08-17T00:00:00.000Z,27,12.75130259456002
"726-Essex-Pl,-Orlando,-FL-32803","726 Essex Pl, Orlando, FL 32803",726 Essex Pl,,Orlando,FL,32803,Orange,28.532377,-81.352976,single_family,2.0,2.0,1048.0,6880.0,1951.0,Inactive,430000,2024-09-09T00:00:00.000Z,4,12.971542813248437
"2401-Norfolk-Rd,-Orlando,-FL-32803","2401 Norfolk Rd, Orlando, FL 32803",2401 Norfolk Rd,,Orlando,FL,32803,Orange,28.572318,-81.361666,single_family,3.0,4.0,3341.0,20038.0,1956.0,Inactive,1295000,2024-09-05T00:00:00.000Z,6,14.07402202531625
"2008-Stanley-St,-Orlando,-FL-32803","2008 Stanley St, Orlando, FL 32803",2008 Stanley St,,Orlando,FL,32803,Orange,28.548777,-81.355654,single_family,2.0,1.0,1005.0,7811.0,1950.0,Inactive,400000,2024-08-09T00:00:00.000Z,32,12.899222326086994
"740-Wessex-Pl,-Orlando,-FL-32803","740 Wessex Pl, Orlando, FL 32803",740 Wessex Pl,,Orlando,FL,32803,Orange,28.533917,-81.349129,single_family,3.0,2.0,1246.0,10890.0,1950.0,Inactive,385000,2024-04-18T00:00:00.000Z,144,12.861001210669146
"820-Meridale-Ave,-Orlando,-FL-32803","820 Meridale Ave, Orlando, FL 32803",820 Meridale Ave,,Orlando,FL,32803,Orange,28.555687,-81.357414,single_family,2.0,3.0,1250.0,2502.0,2003.0,Inactive,439000,2024-08-14T00:00:00.000Z,24,12.992256969959042
"1818-Garvin-St,-Orlando,-FL-32803","1818 Garvin St, Orlando, FL 32803",1818 Garvin St,,Orlando,FL,32803,Orange,28.557445,-81.357491,single_family,3.0,2.0,1282.0,6957.0,1952.0,Inactive,500000,2024-08-11T00:00:00.000Z,26,13.122365377402328
"3223-Middlesex-Rd,-Orlando,-FL-32803","3223 Middlesex Rd, Orlando, FL 32803",3223 Middlesex Rd,,Orlando,FL,32803,Orange,28.580329,-81.359328,single_family,3.0,2.0,2159.0,16117.0,1951.0,Inactive,1225000,2024-07-11T00:00:00.000Z,51,14.018452218287162
"1906-Weltin-St,-Orlando,-FL-32803","1906 Weltin St, Orlando, FL 32803",1906 Weltin St,,Orlando,FL,32803,Orange,28.562457,-81.356529,single_family,3.0,2.0,1336.0,10454.0,1953.0,Inactive,459900,2024-08-25T00:00:00.000Z,5,13.038766527911386
"504-Buckminster-Cir,-Orlando,-FL-32803","504 Buckminster Cir, Orlando, FL 32803",504 Buckminster Cir,,Orlando,FL,32803,Orange,28.536484,-81.349445,single_family,3.0,2.0,2185.0,10454.0,1948.0,Inactive,899000,2024-07-19T00:00:00.000Z,41,13.70903942580019
"2066-Leysmill-Aly,---2,-Orlando,-FL-32803","2066 Leysmill Aly, # 2, Orlando, FL 32803",2066 Leysmill Aly,# 2,Orlando,FL,32803,Orange,28.538878,-81.35369,townhouse,4.0,3.0,2163.0,1234.0,2024.0,Inactive,599990,2024-08-05T00:00:00.000Z,23,13.304669934085782
"2050-Leysmill-Aly,---3,-Orlando,-FL-32803","2050 Leysmill Aly, # 3, Orlando, FL 32803",2050 Leysmill Aly,# 3,Orlando,FL,32803,Orange,28.538877,-81.353759,townhouse,4.0,3.0,2163.0,1234.0,2024.0,Inactive,657990,2024-08-05T00:00:00.000Z,23,13.396946532402362
"602-E-Livingston-St,---3,-Orlando,-FL-32803","602 E Livingston St, # 3, Orlando, FL 32803",602 E Livingston St,# 3,Orlando,FL,32803,Orange,28.547397,-81.370359,condo,3.0,2.0,1870.0,1640.0,2000.0,Inactive,519900,2024-06-06T00:00:00.000Z,82,13.161393687816775
"3012-Chelsea-St,-Orlando,-FL-32803","3012 Chelsea St, Orlando, FL 32803",3012 Chelsea St,,Orlando,FL,32803,Orange,28.562517,-81.345511,single_family,3.0,3.0,1876.0,8476.0,1955.0,Inactive,675000,2024-06-27T00:00:00.000Z,61,13.42246945133505
"2111-Weber-St,-Orlando,-FL-32803","2111 Weber St, Orlando, FL 32803",2111 Weber St,,Orlando,FL,32803,Orange,28.558471,-81.35493,single_family,2.0,1.0,786.0,8611.0,1941.0,Inactive,440000,2024-07-18T00:00:00.000Z,40,12.994532278619134
"4334-Lake-Underhill-Rd,-Apt-A,-Orlando,-FL-32803","4334 Lake Underhill Rd, Apt A, Orlando, FL 32803",4334 Lake Underhill Rd,Apt A,Orlando,FL,32803,Orange,28.535362,-81.333076,condo,2.0,2.0,1250.0,547114.0,1970.0,Inactive,256000,2024-08-09T00:00:00.000Z,18,12.45293662970407
"2408-Norfolk-Rd,-Orlando,-FL-32803","2408 Norfolk Rd, Orlando, FL 32803",2408 Norfolk Rd,,Orlando,FL,32803,Orange,28.573624,-81.361958,single_family,4.0,3.0,2878.0,35284.0,1958.0,Inactive,1549000,2024-05-30T00:00:00.000Z,88,14.25312076497659
"2907-E-Washington-St,-Orlando,-FL-32803","2907 E Washington St, Orlando, FL 32803",2907 E Washington St,,Orlando,FL,32803,Orange,28.544435,-81.34655,single_family,6.0,4.0,2187.0,7034.0,1951.0,Inactive,634000,2024-07-24T00:00:00.000Z,32,13.359805810705184
"2018-Leysmill-Aly,-Orlando,-FL-32803","2018 Leysmill Aly, Orlando, FL 32803",2018 Leysmill Aly,,Orlando,FL,32803,Orange,28.538875,-81.353896,single_family,4.0,3.0,2163.0,7790.5,1955.0,Inactive,695990,2024-08-15T00:00:00.000Z,9,13.453092008198468
"2050-Leysmill-Aly,-Orlando,-FL-32803","2050 Leysmill Aly, Orlando, FL 32803",2050 Leysmill Aly,,Orlando,FL,32803,Orange,28.538877,-81.353759,single_family,4.0,3.0,2163.0,7790.5,1955.0,Inactive,658990,2024-08-17T00:00:00.000Z,7,13.39846515633524
"2066-Leysmill-Aly,-Orlando,-FL-32803","2066 Leysmill Aly, Orlando, FL 32803",2066 Leysmill Aly,,Orlando,FL,32803,Orange,28.538878,-81.35369,single_family,4.0,3.0,2163.0,7790.5,1955.0,Inactive,599990,2024-08-17T00:00:00.000Z,7,13.304669934085782
"3421-Pelican-Ln,-Orlando,-FL-32803","3421 Pelican Ln, Orlando, FL 32803",3421 Pelican Ln,,Orlando,FL,32803,Orange,28.561596,-81.341798,single_family,3.0,2.0,1415.0,7511.0,1956.0,Inactive,389000,2024-08-19T00:00:00.000Z,5,12.871337193291367
"2034-Leysmill-Aly,-Orlando,-FL-32803","2034 Leysmill Aly, Orlando, FL 32803",2034 Leysmill Aly,,Orlando,FL,32803,Orange,28.538876,-81.353827,single_family,4.0,3.0,2163.0,7790.5,1955.0,Inactive,654990,2024-08-20T00:00:00.000Z,4,13.392376774064973
"1601-Flamingo-Dr,-Orlando,-FL-32803","1601 Flamingo Dr, Orlando, FL 32803",1601 Flamingo Dr,,Orlando,FL,32803,Orange,28.565785,-81.362425,single_family,2.0,2.0,1580.0,9273.0,1952.0,Inactive,664900,2024-08-22T00:00:00.000Z,2,13.407393436374978
"3415-Chelsea-St,-Orlando,-FL-32803","3415 Chelsea St, Orlando, FL 32803",3415 Chelsea St,,Orlando,FL,32803,Orange,28.563341,-81.34156,single_family,3.0,2.0,2082.0,19166.0,1956.0,Inactive,799000,2024-08-09T00:00:00.000Z,14,13.591117476312084
"400-E-Colonial-Dr,-Apt-501,-Orlando,-FL-32803","400 E Colonial Dr, Apt 501, Orlando, FL 32803",400 E Colonial Dr,Apt 501,Orlando,FL,32803,Orange,28.552804,-81.372234,condo,1.0,1.0,799.0,12197.0,1975.0,Inactive,260000,2024-03-01T00:00:00.000Z,174,12.468440756144114
"767-Lake-Baldwin-Ln,-Orlando,-FL-32803","767 Lake Baldwin Ln, Orlando, FL 32803",767 Lake Baldwin Ln,,Orlando,FL,32803,Orange,28.555021,-81.326886,townhouse,3.0,2.0,2001.0,2623.0,2020.0,Inactive,560000,2024-05-09T00:00:00.000Z,105,13.235693848424024
"3807-Pelican-Ln,-Orlando,-FL-32803","3807 Pelican Ln, Orlando, FL 32803",3807 Pelican Ln,,Orlando,FL,32803,Orange,28.561626,-81.33726,single_family,2.0,1.0,1008.0,6723.0,1957.0,Inactive,398000,2024-06-25T00:00:00.000Z,58,12.894209796826232
"1600-Margate-Ave,-Orlando,-FL-32803","1600 Margate Ave, Orlando, FL 32803",1600 Margate Ave,,Orlando,FL,32803,Orange,28.565586,-81.351188,single_family,3.0,1.0,1205.0,7488.0,1952.0,Inactive,475000,2024-08-08T00:00:00.000Z,13,13.07107218827772
"4222-Lake-Underhill-Rd,---8B2,-Orlando,-FL-32803","4222 Lake Underhill Rd, # 8B2, Orlando, FL 32803",4222 Lake Underhill Rd,# 8B2,Orlando,FL,32803,Orange,28.535362,-81.333076,condo,2.0,2.0,1400.0,547114.0,1969.0,Inactive,154900,2024-08-04T00:00:00.000Z,15,11.950541482162043
"3019-Huntington-St,-Orlando,-FL-32803","3019 Huntington St, Orlando, FL 32803",3019 Huntington St,,Orlando,FL,32803,Orange,28.533077,-81.344727,single_family,3.0,2.0,1434.0,10454.0,1957.0,Inactive,419000,2024-07-19T00:00:00.000Z,30,12.945628585536271
"1406-N-Fern-Creek-Ave,-Orlando,-FL-32803","1406 N Fern Creek Ave, Orlando, FL 32803",1406 N Fern Creek Ave,,Orlando,FL,32803,Orange,28.56433,-81.360755,single_family,2.0,2.0,1181.0,6789.0,1920.0,Inactive,480000,2024-08-14T00:00:00.000Z,4,13.081543466215237
"1002-N-Glenwood-Ave,-Orlando,-FL-32803","1002 N Glenwood Ave, Orlando, FL 32803",1002 N Glenwood Ave,,Orlando,FL,32803,Orange,28.558728,-81.353456,single_family,3.0,2.0,1546.0,7029.0,1953.0,Inactive,510000,2024-08-06T00:00:00.000Z,9,13.1421679654829
"3610-Clemwood-Dr,-Orlando,-FL-32803","3610 Clemwood Dr, Orlando, FL 32803",3610 Clemwood Dr,,Orlando,FL,32803,Orange,28.531684,-81.339173,single_family,3.0,2.0,1592.0,8419.0,1957.0,Inactive,489000,2024-04-04T00:00:00.000Z,132,13.100119813444692
"1020-Baldwin-Cove-Way,-Orlando,-FL-32803","1020 Baldwin Cove Way, Orlando, FL 32803",1020 Baldwin Cove Way,,Orlando,FL,32803,Orange,28.559195,-81.319958,single_family,5.0,3.0,3402.0,6754.0,2014.0,Inactive,1199000,2024-05-10T00:00:00.000Z,95,13.99699926803766
"572-Buckminster-Cir,-Orlando,-FL-32803","572 Buckminster Cir, Orlando, FL 32803",572 Buckminster Cir,,Orlando,FL,32803,Orange,28.534489,-81.349881,single_family,3.0,2.0,2147.0,7950.0,1948.0,Inactive,495000,2024-06-20T00:00:00.000Z,54,13.112315061750808
"607-E-Harwood-St,---607,-Orlando,-FL-32803","607 E Harwood St, # 607, Orlando, FL 32803",607 E Harwood St,# 607,Orlando,FL,32803,Orange,28.548819,-81.370193,multi-family,3.0,3.0,2144.0,8434.0,1941.0,Inactive,949000,2024-02-14T00:00:00.000Z,176,13.76316513133229
"2215-Stanley-St,-Orlando,-FL-32803","2215 Stanley St, Orlando, FL 32803",2215 Stanley St,,Orlando,FL,32803,Orange,28.549298,-81.353431,single_family,2.0,1.0,1083.0,7784.0,1950.0,Inactive,398000,2024-08-06T00:00:00.000Z,2,12.894209796826232
"2721-E-Marks-St,-Orlando,-FL-32803","2721 E Marks St, Orlando, FL 32803",2721 E Marks St,,Orlando,FL,32803,Orange,28.557644,-81.348196,single_family,3.0,2.0,1574.0,7193.0,1955.0,Inactive,625000,2024-02-29T00:00:00.000Z,160,13.345508528717259
"1245-Ayrshire-St,-Orlando,-FL-32803","1245 Ayrshire St, Orlando, FL 32803",1245 Ayrshire St,,Orlando,FL,32803,Orange,28.579357,-81.362546,single_family,4.0,3.0,2719.0,13504.0,1948.0,Inactive,1395000,2024-07-26T00:00:00.000Z,12,14.148405690083225
"901-Jamajo-Blvd,-Orlando,-FL-32803","901 Jamajo Blvd, Orlando, FL 32803",901 Jamajo Blvd,,Orlando,FL,32803,Orange,28.55548,-81.324359,single_family,5.0,2.0,1300.0,9464.0,1940.0,Inactive,256000,2024-05-24T00:00:00.000Z,74,12.45293662970407
"830-And-828-N-Hyer-Ave,-Orlando,-FL-32803","830 And 828 N Hyer Ave, Orlando, FL 32803",830 And 828 N Hyer Ave,,Orlando,FL,32803,Orange,28.55607,-81.366817,single_family,4.0,2.0,1616.0,6730.0,1967.0,Inactive,589000,2024-08-01T00:00:00.000Z,5,13.286183160425152
"4222-Lake-Underhill-Rd,---8,-Orlando,-FL-32803","4222 Lake Underhill Rd, # 8, Orlando, FL 32803",4222 Lake Underhill Rd,# 8,Orlando,FL,32803,Orange,28.535363,-81.333076,condo,2.0,2.0,1400.0,547114.0,1969.0,Inactive,167000,2024-08-04T00:00:00.000Z,2,12.025755079404917
"828-And-830-N-Hyer-Ave,-Orlando,-FL-32803","828 And 830 N Hyer Ave, Orlando, FL 32803",828 And 830 N Hyer Ave,,Orlando,FL,32803,Orange,28.55607,-81.366817,multi-family,4.0,2.0,1616.0,6730.0,1967.0,Inactive,589000,2024-07-05T00:00:00.000Z,31,13.286183160425152
"546-Buckminster-Cir,-Orlando,-FL-32803","546 Buckminster Cir, Orlando, FL 32803",546 Buckminster Cir,,Orlando,FL,32803,Orange,28.535207,-81.349494,single_family,3.0,2.0,1818.0,8836.0,1948.0,Inactive,469900,2024-08-02T00:00:00.000Z,3,13.060277313201007
"733-N-Summerlin-Ave,-Orlando,-FL-32803","733 N Summerlin Ave, Orlando, FL 32803",733 N Summerlin Ave,,Orlando,FL,32803,Orange,28.554402,-81.368297,single_family,3.0,1.0,1162.0,6113.0,1925.0,Inactive,425000,2024-07-29T00:00:00.000Z,6,12.959846800844963
"1909-Park-Lake-St,-Orlando,-FL-32803","1909 Park Lake St, Orlando, FL 32803",1909 Park Lake St,,Orlando,FL,32803,Orange,28.555229,-81.356815,townhouse,3.0,2.0,1790.0,7005.0,2024.0,Inactive,639900,2024-05-13T00:00:00.000Z,82,13.36906875587051
"828-N-Hyer-Ave,-Orlando,-FL-32803","828 N Hyer Ave, Orlando, FL 32803",828 N Hyer Ave,,Orlando,FL,32803,Orange,28.55607,-81.366817,multi-family,4.0,2.0,1616.0,6730.0,1967.0,Inactive,589000,2024-07-05T00:00:00.000Z,29,13.286183160425152
"830-N-Hyer-Ave,-Orlando,-FL-32803","830 N Hyer Ave, Orlando, FL 32803",830 N Hyer Ave,,Orlando,FL,32803,Orange,28.556074,-81.366722,single_family,4.0,2.0,1616.0,6730.0,1967.0,Inactive,589000,2024-08-01T00:00:00.000Z,2,13.286183160425152
"2424-Chelsea-St,-Orlando,-FL-32803","2424 Chelsea St, Orlando, FL 32803",2424 Chelsea St,,Orlando,FL,32803,Orange,28.561337,-81.350131,single_family,3.0,2.0,2155.0,53579.0,1950.0,Inactive,930000,2024-06-29T00:00:00.000Z,32,13.742940940397677
"2902-Plaza-Terrace-Dr,---2902,-Orlando,-FL-32803","2902 Plaza Terrace Dr, # 2902, Orlando, FL 32803",2902 Plaza Terrace Dr,# 2902,Orlando,FL,32803,Orange,28.561598,-81.346352,condo,1.0,1.0,663.0,7319.0,1972.0,Inactive,225000,2024-07-26T00:00:00.000Z,5,12.323860125621126
"1823-Garvin-St,-Orlando,-FL-32803","1823 Garvin St, Orlando, FL 32803",1823 Garvin St,,Orlando,FL,32803,Orange,28.558016,-81.357331,multi-family,3.0,2.0,1677.0,4619.0,2008.0,Inactive,500000,2024-07-07T00:00:00.000Z,22,13.122365377402328
"751-Palm-Dr,-Orlando,-FL-32803","751 Palm Dr, Orlando, FL 32803",751 Palm Dr,,Orlando,FL,32803,Orange,28.554994,-81.35545,single_family,3.0,2.0,1583.0,6206.0,1940.0,Inactive,499000,2024-06-13T00:00:00.000Z,45,13.120363378739663
"4260-Lake-Underhill-Rd,-Apt-B,-Orlando,-FL-32803","4260 Lake Underhill Rd, Apt B, Orlando, FL 32803",4260 Lake Underhill Rd,Apt B,Orlando,FL,32803,Orange,28.535363,-81.333076,condo,2.0,2.0,1250.0,547114.0,1970.0,Inactive,245000,2024-07-18T00:00:00.000Z,10,12.409017571151187
"1911-E-Jefferson-St,-Orlando,-FL-32803","1911 E Jefferson St, Orlando, FL 32803",1911 E Jefferson St,,Orlando,FL,32803,Orange,28.54522,-81.356624,single_family,3.0,2.0,1632.0,8343.0,1947.0,Inactive,590000,2024-05-30T00:00:00.000Z,58,13.28787951079572
"25-N-Hillside-Ave,-Orlando,-FL-32803","25 N Hillside Ave, Orlando, FL 32803",25 N Hillside Ave,,Orlando,FL,32803,Orange,28.543296,-81.353613,multi-family,4.0,2.0,1579.0,7056.0,1967.0,Inactive,579000,2024-07-18T00:00:00.000Z,9,13.269059483669357
"1201-Tanager-Dr,-Orlando,-FL-32803","1201 Tanager Dr, Orlando, FL 32803",1201 Tanager Dr,,Orlando,FL,32803,Orange,28.563061,-81.340138,single_family,3.0,2.0,1255.0,11326.0,1955.0,Inactive,428000,2024-07-24T00:00:00.000Z,3,12.966880811009803
"803-N-Thornton-Ave,-Orlando,-FL-32803","803 N Thornton Ave, Orlando, FL 32803",803 N Thornton Ave,,Orlando,FL,32803,Orange,28.555249,-81.36531,multi-family,7.0,4.0,3120.0,8124.0,1947.0,Inactive,1395000,2024-05-16T00:00:00.000Z,71,14.148405690083225
"647-E-Amelia-St,-Orlando,-FL-32803","647 E Amelia St, Orlando, FL 32803",647 E Amelia St,,Orlando,FL,32803,Orange,28.549658,-81.368801,single_family,3.0,1.0,1272.0,5016.0,1925.0,Inactive,550000,2024-07-11T00:00:00.000Z,15,13.217675375388819
"2125-Stanley-St,-Orlando,-FL-32803","2125 Stanley St, Orlando, FL 32803",2125 Stanley St,,Orlando,FL,32803,Orange,28.549291,-81.354039,single_family,3.0,1.0,1120.0,7803.0,1950.0,Inactive,379000,2024-07-16T00:00:00.000Z,10,12.84529412258351
"4312-Lake-Underhill-Rd,---19D3,-Orlando,-FL-32803","4312 Lake Underhill Rd, # 19D3, Orlando, FL 32803",4312 Lake Underhill Rd,# 19D3,Orlando,FL,32803,Orange,28.535362,-81.333076,condo,2.0,2.0,1000.0,7790.5,1970.0,Inactive,211000,2024-07-18T00:00:00.000Z,8,12.259618151783465
"2600-Cole-Rd,-Orlando,-FL-32803","2600 Cole Rd, Orlando, FL 32803",2600 Cole Rd,,Orlando,FL,32803,Orange,28.566772,-81.349677,land,3.0,1.0,1083.0,13504.0,1951.0,Inactive,490000,2024-07-09T00:00:00.000Z,16,13.102162710901053
"1521-Iowa-Pl,-Orlando,-FL-32803","1521 Iowa Pl, Orlando, FL 32803",1521 Iowa Pl,,Orlando,FL,32803,Orange,28.565818,-81.35352,single_family,5.0,4.0,2354.0,10890.0,1985.0,Inactive,865000,2024-07-18T00:00:00.000Z,7,13.670485941982712
"2608-Illinois-St,-Orlando,-FL-32803","2608 Illinois St, Orlando, FL 32803",2608 Illinois St,,Orlando,FL,32803,Orange,28.555832,-81.349562,single_family,2.0,1.0,1058.0,7477.0,1953.0,Inactive,392000,2024-07-10T00:00:00.000Z,14,12.879019669789754
"747-Garden-Plz,-Orlando,-FL-32803","747 Garden Plz, Orlando, FL 32803",747 Garden Plz,,Orlando,FL,32803,Orange,28.554833,-81.353798,single_family,4.0,3.0,1979.0,7637.0,1940.0,Inactive,899900,2024-07-13T00:00:00.000Z,11,13.710040036256004
"1926-Lake-Sue-Dr-W,-Orlando,-FL-32803","1926 Lake Sue Dr W, Orlando, FL 32803",1926 Lake Sue Dr W,,Orlando,FL,32803,Orange,28.570603,-81.348919,single_family,2.0,2.0,1376.0,6900.0,1956.0,Inactive,569000,2024-05-07T00:00:00.000Z,74,13.251637470576167
"1006-Nottingham-St,-Orlando,-FL-32803","1006 Nottingham St, Orlando, FL 32803",1006 Nottingham St,,Orlando,FL,32803,Orange,28.581591,-81.366562,single_family,4.0,3.0,2725.0,6750.0,1992.0,Inactive,868000,2024-06-17T00:00:00.000Z,32,13.673948145715556
"3910-Finch-St,-Orlando,-FL-32803","3910 Finch St, Orlando, FL 32803",3910 Finch St,,Orlando,FL,32803,Orange,28.566797,-81.336469,single_family,4.0,3.0,2226.0,9385.0,1954.0,Inactive,725000,2024-07-14T00:00:00.000Z,5,13.493928313146206
"2-Maynard-Ave,-Orlando,-FL-32803","2 Maynard Ave, Orlando, FL 32803",2 Maynard Ave,,Orlando,FL,32803,Orange,28.542199,-81.344495,single_family,2.0,1.0,792.0,8706.0,1949.0,Inactive,359000,2024-07-15T00:00:00.000Z,4,12.791080452981857
"536-N-Hampton-Ave,-Orlando,-FL-32803","536 N Hampton Ave, Orlando, FL 32803",536 N Hampton Ave,,Orlando,FL,32803,Orange,28.550863,-81.356467,single_family,3.0,2.0,1281.0,7731.0,1956.0,Inactive,559000,2024-06-23T00:00:00.000Z,25,13.233906541044401
"3222-Renlee-Pl,-Orlando,-FL-32803","3222 Renlee Pl, Orlando, FL 32803",3222 Renlee Pl,,Orlando,FL,32803,Orange,28.533328,-81.342667,single_family,3.0,2.0,1251.0,7688.0,1955.0,Inactive,409900,2024-07-13T00:00:00.000Z,4,12.923670946108873
"339-Cathcart-Ave,---5,-Orlando,-FL-32803","339 Cathcart Ave, # 5, Orlando, FL 32803",339 Cathcart Ave,# 5,Orlando,FL,32803,Orange,28.547252,-81.370362,condo,3.0,2.0,1870.0,1624.0,2000.0,Inactive,575000,2024-06-07T00:00:00.000Z,39,13.26212705890841
"735-Terrace-Blvd,-Orlando,-FL-32803","735 Terrace Blvd, Orlando, FL 32803",735 Terrace Blvd,,Orlando,FL,32803,Orange,28.558353,-81.367438,single_family,4.0,3.0,3798.0,8685.0,1930.0,Inactive,1795000,2024-03-01T00:00:00.000Z,133,14.400516137007425
"2706-E-Pine-St,-Orlando,-FL-32803","2706 E Pine St, Orlando, FL 32803",2706 E Pine St,,Orlando,FL,32803,Orange,28.541156,-81.34846,townhouse,2.0,2.0,1240.0,2001.0,1984.0,Inactive,369900,2024-05-09T00:00:00.000Z,64,12.820990681250251
"2816-E-Jefferson-St,-Orlando,-FL-32803","2816 E Jefferson St, Orlando, FL 32803",2816 E Jefferson St,,Orlando,FL,32803,Orange,28.544815,-81.347024,single_family,3.0,1.0,960.0,7009.0,1954.0,Inactive,339900,2024-07-02T00:00:00.000Z,8,12.736409677721657
"862-Strathmore-Dr,-Orlando,-FL-32803","862 Strathmore Dr, Orlando, FL 32803",862 Strathmore Dr,,Orlando,FL,32803,Orange,28.530797,-81.337853,single_family,4.0,3.0,2426.0,10019.0,2010.0,Inactive,800000,2024-07-04T00:00:00.000Z,6,13.592368256649284
"4308-Lake-Underhill-Rd,---18,-Orlando,-FL-32803","4308 Lake Underhill Rd, # 18, Orlando, FL 32803",4308 Lake Underhill Rd,# 18,Orlando,FL,32803,Orange,28.535363,-81.333076,condo,2.0,2.0,1250.0,547114.0,1970.0,Inactive,220000,2024-05-26T00:00:00.000Z,44,12.301387370778713
"1205-Nottingham-St,-Orlando,-FL-32803","1205 Nottingham St, Orlando, FL 32803",1205 Nottingham St,,Orlando,FL,32803,Orange,28.582066,-81.363985,single_family,3.0,2.0,1636.0,15682.0,1950.0,Inactive,850000,2024-06-27T00:00:00.000Z,12,13.652992804936396
"4376-Lake-Underhill-Rd,-Apt-B,-Orlando,-FL-32803","4376 Lake Underhill Rd, Apt B, Orlando, FL 32803",4376 Lake Underhill Rd,Apt B,Orlando,FL,32803,Orange,28.535362,-81.333076,condo,2.0,1.0,1000.0,547114.0,1970.0,Inactive,208000,2024-05-06T00:00:00.000Z,63,12.245298166364206
"1607-Park-Lake-St,-Orlando,-FL-32803","1607 Park Lake St, Orlando, FL 32803",1607 Park Lake St,,Orlando,FL,32803,Orange,28.555184,-81.360042,single_family,3.0,2.0,1243.0,6599.0,1940.0,Inactive,599900,2024-05-16T00:00:00.000Z,53,13.304519920584285
"719-Mount-Vernon-St,-Apt-8,-Orlando,-FL-32803","719 Mount Vernon St, Apt 8, Orlando, FL 32803",719 Mount Vernon St,Apt 8,Orlando,FL,32803,Orange,28.550697,-81.36785,condo,1.0,1.0,540.0,2671.0,1966.0,Inactive,235000,2024-06-07T00:00:00.000Z,29,12.367345048436391
"386-N-Glenwood-Ave,-Orlando,-FL-32803","386 N Glenwood Ave, Orlando, FL 32803",386 N Glenwood Ave,,Orlando,FL,32803,Orange,28.547396,-81.353198,townhouse,2.0,2.0,1479.0,2955.0,2004.0,Inactive,440000,2024-06-29T00:00:00.000Z,7,12.994532278619134
"4322-Lake-Underhill-Rd,---14,-Orlando,-FL-32803","4322 Lake Underhill Rd, # 14, Orlando, FL 32803",4322 Lake Underhill Rd,# 14,Orlando,FL,32803,Orange,28.535363,-81.333076,condo,2.0,1.0,1000.0,547114.0,1969.0,Inactive,205000,2024-07-01T00:00:00.000Z,4,12.230770136157428
"1908-Oregon-St,---1,-Orlando,-FL-32803","1908 Oregon St, # 1, Orlando, FL 32803",1908 Oregon St,# 1,Orlando,FL,32803,Orange,28.560183,-81.356899,condo,3.0,2.0,1946.0,3750.0,2009.0,Inactive,444995,2024-05-14T00:00:00.000Z,51,13.005820572343934
"2112-Forest-Cir,-Orlando,-FL-32803","2112 Forest Cir, Orlando, FL 32803",2112 Forest Cir,,Orlando,FL,32803,Orange,28.541151,-81.354094,single_family,3.0,2.0,1449.0,7793.0,1950.0,Inactive,545000,2024-06-20T00:00:00.000Z,14,13.208542908506082
"3226-Clemwood-Dr,-Orlando,-FL-32803","3226 Clemwood Dr, Orlando, FL 32803",3226 Clemwood Dr,,Orlando,FL,32803,Orange,28.531942,-81.342421,single_family,3.0,2.0,2016.0,23958.0,1955.0,Inactive,895000,2024-06-27T00:00:00.000Z,4,13.704580114574805
"2917-Pickfair-St,-Orlando,-FL-32803","2917 Pickfair St, Orlando, FL 32803",2917 Pickfair St,,Orlando,FL,32803,Orange,28.534891,-81.345921,single_family,2.0,1.0,1111.0,8180.0,1958.0,Inactive,414900,2024-05-24T00:00:00.000Z,36,12.935795216537384
"121-Rosearden-Dr,-Orlando,-FL-32803","121 Rosearden Dr, Orlando, FL 32803",121 Rosearden Dr,,Orlando,FL,32803,Orange,28.54479,-81.357718,single_family,4.0,3.0,2700.0,8173.0,1949.0,Inactive,1100000,2024-06-03T00:00:00.000Z,25,13.910821646859095
"1511-Park-Lake-St,-Orlando,-FL-32803","1511 Park Lake St, Orlando, FL 32803",1511 Park Lake St,,Orlando,FL,32803,Orange,28.555482,-81.361032,single_family,3.0,2.0,1533.0,8477.0,1950.0,Inactive,549000,2024-05-17T00:00:00.000Z,41,13.215855541983634
"1210-Altaloma-Ave,-Orlando,-FL-32803","1210 Altaloma Ave, Orlando, FL 32803",1210 Altaloma Ave,,Orlando,FL,32803,Orange,28.562247,-81.359747,multi-family,6.0,5.0,2872.0,7030.0,1950.0,Inactive,895000,2024-06-04T00:00:00.000Z,23,13.704580114574805
"941-Pinegrove-Ave,-Orlando,-FL-32803","941 Pinegrove Ave, Orlando, FL 32803",941 Pinegrove Ave,,Orlando,FL,32803,Orange,28.558161,-81.363152,multi-family,4.0,2.0,1704.0,7423.0,1979.0,Inactive,650000,2024-05-31T00:00:00.000Z,26,13.384729180332174
"3815-Virginia-Dr,-Orlando,-FL-32803","3815 Virginia Dr, Orlando, FL 32803",3815 Virginia Dr,,Orlando,FL,32803,Orange,28.564764,-81.337134,single_family,3.0,2.0,1372.0,10454.0,1954.0,Inactive,499000,2024-05-22T00:00:00.000Z,34,13.120363378739663
"2214-Corrine-Dr,-Orlando,-FL-32803","2214 Corrine Dr, Orlando, FL 32803",2214 Corrine Dr,,Orlando,FL,32803,Orange,28.567444,-81.354499,single_family,3.0,2.0,1555.0,10454.0,1949.0,Inactive,368900,2024-05-22T00:00:00.000Z,29,12.818283594342818
"400-E-Colonial-Dr,-Apt-1102,-Orlando,-FL-32803","400 E Colonial Dr, Apt 1102, Orlando, FL 32803",400 E Colonial Dr,Apt 1102,Orlando,FL,32803,Orange,28.552804,-81.372234,condo,2.0,2.0,1189.0,7790.5,1975.0,Inactive,369500,2023-12-05T00:00:00.000Z,197,12.819908725726677
"1920-Valencia-Rd,-Orlando,-FL-32803","1920 Valencia Rd, Orlando, FL 32803",1920 Valencia Rd,,Orlando,FL,32803,Orange,28.548191,-81.356334,single_family,3.0,1.0,1107.0,8538.0,1950.0,Inactive,419000,2024-05-16T00:00:00.000Z,33,12.945628585536271
"750-Essex-Pl,-Orlando,-FL-32803","750 Essex Pl, Orlando, FL 32803",750 Essex Pl,,Orlando,FL,32803,Orange,28.531551,-81.352966,single_family,3.0,2.0,1630.0,7149.0,1950.0,Inactive,535000,2023-06-30T00:00:00.000Z,350,13.190023895035274
"1715-Dauphin-Ln,-Orlando,-FL-32803","1715 Dauphin Ln, Orlando, FL 32803",1715 Dauphin Ln,,Orlando,FL,32803,Orange,28.567209,-81.366947,single_family,3.0,2.0,1703.0,8108.0,1926.0,Inactive,599000,2024-05-23T00:00:00.000Z,22,13.303018546545275
"606-E-Livingston-St,-Orlando,-FL-32803","606 E Livingston St, Orlando, FL 32803",606 E Livingston St,,Orlando,FL,32803,Orange,28.547407,-81.370171,townhouse,4.0,3.0,1870.0,1640.0,2000.0,Inactive,695000,2024-03-23T00:00:00.000Z,82,13.451668563394815
"729-Floral-Dr,-Orlando,-FL-32803","729 Floral Dr, Orlando, FL 32803",729 Floral Dr,,Orlando,FL,32803,Orange,28.554255,-81.352392,single_family,2.0,1.0,924.0,8448.0,1940.0,Inactive,330000,2024-05-24T00:00:00.000Z,20,12.706850963741102
"2415-Chelsea-St,-Orlando,-FL-32803","2415 Chelsea St, Orlando, FL 32803",2415 Chelsea St,,Orlando,FL,32803,Orange,28.562144,-81.351145,single_family,4.0,4.0,3189.0,10019.0,2024.0,Inactive,1800000,2024-06-01T00:00:00.000Z,12,14.403297778421795
"305-Altaloma-Ave,-Orlando,-FL-32803","305 Altaloma Ave, Orlando, FL 32803",305 Altaloma Ave,,Orlando,FL,32803,Orange,28.546054,-81.357891,single_family,3.0,2.0,1460.0,7945.0,1950.0,Inactive,440000,2023-09-23T00:00:00.000Z,262,12.994532278619134
"606-E-Livingston-St,---1,-Orlando,-FL-32803","606 E Livingston St, # 1, Orlando, FL 32803",606 E Livingston St,# 1,Orlando,FL,32803,Orange,28.547402,-81.370164,townhouse,4.0,3.0,1870.0,20473.0,2000.0,Inactive,695000,2024-03-23T00:00:00.000Z,80,13.451668563394815
"1026-Jamajo-Blvd,-Orlando,-FL-32803","1026 Jamajo Blvd, Orlando, FL 32803",1026 Jamajo Blvd,,Orlando,FL,32803,Orange,28.556722,-81.324935,single_family,3.0,2.0,912.0,7685.0,1940.0,Inactive,260000,2024-05-16T00:00:00.000Z,24,12.468440756144114
"947-N-Fern-Creek-Ave,---2,-Orlando,-FL-32803","947 N Fern Creek Ave, # 2, Orlando, FL 32803",947 N Fern Creek Ave,# 2,Orlando,FL,32803,Orange,28.558254,-81.360166,condo,3.0,2.0,1850.0,5324.0,2003.0,Inactive,420000,2024-04-11T00:00:00.000Z,58,12.948012371209098
"2411-Kilgore-St,-Orlando,-FL-32803","2411 Kilgore St, Orlando, FL 32803",2411 Kilgore St,,Orlando,FL,32803,Orange,28.54352,-81.351208,townhouse,4.0,3.0,2235.0,2602.0,2010.0,Inactive,509900,2024-05-02T00:00:00.000Z,37,13.141971868210181
"1618-New-York-Ave,-Orlando,-FL-32803","1618 New York Ave, Orlando, FL 32803",1618 New York Ave,,Orlando,FL,32803,Orange,28.566166,-81.370916,single_family,3.0,2.0,1417.0,3403.0,2004.0,Inactive,599000,2024-04-23T00:00:00.000Z,45,13.303018546545275
"812-Nottingham-St,-Orlando,-FL-32803","812 Nottingham St, Orlando, FL 32803",812 Nottingham St,,Orlando,FL,32803,Orange,28.58105,-81.369039,single_family,2.0,2.0,1164.0,10019.0,1953.0,Inactive,474000,2024-06-04T00:00:00.000Z,3,13.06896471037963
"719-Warwick-Pl,-Orlando,-FL-32803","719 Warwick Pl, Orlando, FL 32803",719 Warwick Pl,,Orlando,FL,32803,Orange,28.532612,-81.353337,single_family,4.0,2.0,1594.0,7349.0,1949.0,Inactive,530000,2024-05-30T00:00:00.000Z,5,13.180634172318978
"1088-Avila-Ln,-Orlando,-FL-32803","1088 Avila Ln, Orlando, FL 32803",1088 Avila Ln,,Orlando,FL,32803,Orange,28.560159,-81.318809,single_family,4.0,3.0,2046.0,2866.0,2015.0,Inactive,536100,2024-05-01T00:00:00.000Z,32,13.192077855137523
"1940-Lake-Sue-Dr,-Orlando,-FL-32803","1940 Lake Sue Dr, Orlando, FL 32803",1940 Lake Sue Dr,,Orlando,FL,32803,Orange,28.570858,-81.348884,single_family,3.0,4.0,2907.0,11326.0,1955.0,Inactive,939000,2024-03-30T00:00:00.000Z,61,13.752571823152559
"3300-Clemwood-Dr,-Orlando,-FL-32803","3300 Clemwood Dr, Orlando, FL 32803",3300 Clemwood Dr,,Orlando,FL,32803,Orange,28.531908,-81.3419,single_family,3.0,2.0,1698.0,27443.0,1961.0,Inactive,750000,2024-05-14T00:00:00.000Z,16,13.527829818844937
"629-E-Ridgewood-St,-Orlando,-FL-32803","629 E Ridgewood St, Orlando, FL 32803",629 E Ridgewood St,,Orlando,FL,32803,Orange,28.546941,-81.369308,single_family,4.0,3.0,2481.0,6796.0,2000.0,Inactive,884999,2023-12-13T00:00:00.000Z,168,13.693342923990066
"1220-E-Livingston-St,-Orlando,-FL-32803","1220 E Livingston St, Orlando, FL 32803",1220 E Livingston St,,Orlando,FL,32803,Orange,28.547409,-81.363503,single_family,3.0,1.0,1717.0,10019.0,1916.0,Inactive,550000,2024-05-20T00:00:00.000Z,9,13.217675375388819
"3919-Chelsea-St,-Orlando,-FL-32803","3919 Chelsea St, Orlando, FL 32803",3919 Chelsea St,,Orlando,FL,32803,Orange,28.563116,-81.336141,single_family,4.0,3.0,1928.0,8995.0,1955.0,Inactive,727000,2024-05-25T00:00:00.000Z,4,13.49668313203053
"1005-E-Ridgewood-St,-Orlando,-FL-32803","1005 E Ridgewood St, Orlando, FL 32803",1005 E Ridgewood St,,Orlando,FL,32803,Orange,28.546882,-81.366187,single_family,3.0,2.0,2511.0,7986.0,1939.0,Inactive,740000,2024-03-01T00:00:00.000Z,84,13.51440681653079
"1907-Garvin-St,-Orlando,-FL-32803","1907 Garvin St, Orlando, FL 32803",1907 Garvin St,,Orlando,FL,32803,Orange,28.557973,-81.357032,single_family,2.0,2.0,1713.0,6935.0,2006.0,Inactive,699900,2024-05-10T00:00:00.000Z,14,13.45869417545215
"128-S-Bumby-Ave,---6,-Orlando,-FL-32803","128 S Bumby Ave, # 6, Orlando, FL 32803",128 S Bumby Ave,# 6,Orlando,FL,32803,Orange,28.540888,-81.352066,townhouse,3.0,2.0,2200.0,765.0,2004.0,Inactive,434900,2024-02-17T00:00:00.000Z,96,12.982873697962253
"759-Lake-Baldwin-Ln,-Orlando,-FL-32803","759 Lake Baldwin Ln, Orlando, FL 32803",759 Lake Baldwin Ln,,Orlando,FL,32803,Orange,28.554891,-81.326891,townhouse,3.0,2.0,1842.0,3973.0,2020.0,Inactive,499500,2024-04-08T00:00:00.000Z,44,13.121364879070743
"790-Eldridge-St,-Orlando,-FL-32803","790 Eldridge St, Orlando, FL 32803",790 Eldridge St,,Orlando,FL,32803,Orange,28.556559,-81.32067,single_family,3.0,2.0,1240.0,10019.0,1946.0,Inactive,267000,2023-11-14T00:00:00.000Z,189,12.495007682693725
"3315-Clemwood-Dr,-Orlando,-FL-32803","3315 Clemwood Dr, Orlando, FL 32803",3315 Clemwood Dr,,Orlando,FL,32803,Orange,28.53258,-81.341254,single_family,3.0,2.0,1639.0,20473.0,1953.0,Inactive,499000,2024-01-25T00:00:00.000Z,113,13.120363378739663
"606-E-Livingston-St,-Unit-1,-Orlando,-FL-32803","606 E Livingston St, Unit 1, Orlando, FL 32803",606 E Livingston St,Unit 1,Orlando,FL,32803,Orange,28.547402,-81.370164,townhouse,4.0,3.0,1870.0,7790.5,2000.0,Inactive,711188,2024-03-23T00:00:00.000Z,55,13.474693496245571
"510-Christor-Pl,-Orlando,-FL-32803","510 Christor Pl, Orlando, FL 32803",510 Christor Pl,,Orlando,FL,32803,Orange,28.550032,-81.371265,single_family,3.0,2.0,1626.0,5557.0,1926.0,Inactive,640000,2024-05-10T00:00:00.000Z,4,13.369225017834633
"1800-Merritt-Park-Dr,-Orlando,-FL-32803","1800 Merritt Park Dr, Orlando, FL 32803",1800 Merritt Park Dr,,Orlando,FL,32803,Orange,28.568004,-81.354472,single_family,3.0,2.0,2110.0,16117.0,1957.0,Inactive,750000,2024-05-11T00:00:00.000Z,3,13.527829818844937
"120-Primrose-Ct,-Orlando,-FL-32803","120 Primrose Ct, Orlando, FL 32803",120 Primrose Ct,,Orlando,FL,32803,Orange,28.541069,-81.346319,single_family,3.0,1.0,1081.0,7989.0,1954.0,Inactive,334900,2023-12-08T00:00:00.000Z,155,12.721590244743798
"1210-Bennett-Rd,-Orlando,-FL-32803","1210 Bennett Rd, Orlando, FL 32803",1210 Bennett Rd,,Orlando,FL,32803,Orange,28.563396,-81.333949,single_family,3.0,1.0,1196.0,8264.0,1959.0,Inactive,450000,2024-04-10T00:00:00.000Z,31,13.017005083966255
"936-N-Hampton-Ave,-Orlando,-FL-32803","936 N Hampton Ave, Orlando, FL 32803",936 N Hampton Ave,,Orlando,FL,32803,Orange,28.558104,-81.356414,single_family,3.0,2.0,1470.0,4427.0,1930.0,Inactive,550000,2024-05-09T00:00:00.000Z,2,13.217675375388819
"4376-Lake-Underhill-Rd,---15,-Orlando,-FL-32803","4376 Lake Underhill Rd, # 15, Orlando, FL 32803",4376 Lake Underhill Rd,# 15,Orlando,FL,32803,Orange,28.535363,-81.333076,condo,2.0,1.0,1000.0,547114.0,1970.0,Inactive,220000,2024-05-06T00:00:00.000Z,3,12.301387370778713
"719-Mount-Vernon-St,-Apt-6,-Orlando,-FL-32803","719 Mount Vernon St, Apt 6, Orlando, FL 32803",719 Mount Vernon St,Apt 6,Orlando,FL,32803,Orange,28.550697,-81.36785,condo,1.0,1.0,812.0,2671.0,1966.0,Inactive,269900,2024-05-01T00:00:00.000Z,7,12.505810504075185
"537-Mayfair-Cir,-Orlando,-FL-32803","537 Mayfair Cir, Orlando, FL 32803",537 Mayfair Cir,,Orlando,FL,32803,Orange,28.535178,-81.349897,single_family,3.0,3.0,2171.0,10454.0,2008.0,Inactive,699500,2024-05-03T00:00:00.000Z,5,13.458122502679217
"1911-Maplewood-Dr,-Orlando,-FL-32803","1911 Maplewood Dr, Orlando, FL 32803",1911 Maplewood Dr,,Orlando,FL,32803,Orange,28.569354,-81.352479,single_family,4.0,3.0,1594.0,9960.0,1954.0,Inactive,635000,2024-05-04T00:00:00.000Z,4,13.361381852676738
"1411-Nottingham-St,-Orlando,-FL-32803","1411 Nottingham St, Orlando, FL 32803",1411 Nottingham St,,Orlando,FL,32803,Orange,28.582006,-81.36013,single_family,5.0,4.0,3948.0,13504.0,2010.0,Inactive,2999999,2024-02-26T00:00:00.000Z,71,14.914122846632385
"1822-Weltin-St,-Orlando,-FL-32803","1822 Weltin St, Orlando, FL 32803",1822 Weltin St,,Orlando,FL,32803,Orange,28.562464,-81.356973,single_family,3.0,2.0,1590.0,9023.0,1953.0,Inactive,550000,2024-04-25T00:00:00.000Z,12,13.217675375388819
"920-Palm-Dr,-Orlando,-FL-32803","920 Palm Dr, Orlando, FL 32803",920 Palm Dr,,Orlando,FL,32803,Orange,28.557681,-81.355996,single_family,3.0,2.0,1225.0,7681.0,1940.0,Inactive,470000,2024-04-10T00:00:00.000Z,26,13.060490101343552
"647-Woodward-St,-Orlando,-FL-32803","647 Woodward St, Orlando, FL 32803",647 Woodward St,,Orlando,FL,32803,Orange,28.554352,-81.369071,single_family,4.0,3.0,2100.0,6158.0,1925.0,Inactive,699000,2024-05-02T00:00:00.000Z,4,13.457407451830088
"5204-Sunrise-Blvd,-Orlando,-FL-32803","5204 Sunrise Blvd, Orlando, FL 32803",5204 Sunrise Blvd,,Orlando,FL,32803,Orange,28.563707,-81.316889,single_family,3.0,2.0,1050.0,7498.0,1984.0,Inactive,399000,2024-01-15T00:00:00.000Z,110,12.896719202134523
"723-Mount-Vernon-St,-Orlando,-FL-32803","723 Mount Vernon St, Orlando, FL 32803",723 Mount Vernon St,,Orlando,FL,32803,Orange,28.550625,-81.367593,single_family,4.0,2.0,2241.0,8807.0,1925.0,Inactive,849900,2024-04-18T00:00:00.000Z,15,13.652875151095039
"1303-Utah-Blvd,-Orlando,-FL-32803","1303 Utah Blvd, Orlando, FL 32803",1303 Utah Blvd,,Orlando,FL,32803,Orange,28.563013,-81.35245,single_family,3.0,1.0,1190.0,12197.0,1949.0,Inactive,465000,2024-05-01T00:00:00.000Z,2,13.049794835104816
"4860-Beach-Blvd,-Orlando,-FL-32803","4860 Beach Blvd, Orlando, FL 32803",4860 Beach Blvd,,Orlando,FL,32803,Orange,28.560054,-81.320002,single_family,3.0,2.0,1814.0,2931.0,2014.0,Inactive,549000,2024-04-18T00:00:00.000Z,14,13.215855541983634
"2005-Virginia-Dr,-Orlando,-FL-32803","2005 Virginia Dr, Orlando, FL 32803",2005 Virginia Dr,,Orlando,FL,32803,Orange,28.564352,-81.355972,single_family,2.0,1.0,975.0,5752.0,1953.0,Inactive,395900,2024-04-25T00:00:00.000Z,7,12.888919458981409
"821-Wingo-St,-Orlando,-FL-32803","821 Wingo St, Orlando, FL 32803",821 Wingo St,,Orlando,FL,32803,Orange,28.55651,-81.322337,multi-family,4.0,3.0,1656.0,16553.0,1952.0,Inactive,580000,2023-11-08T00:00:00.000Z,175,13.270785106659046
"828-N-Eola-Dr,-Orlando,-FL-32803","828 N Eola Dr, Orlando, FL 32803",828 N Eola Dr,,Orlando,FL,32803,Orange,28.555973,-81.369874,single_family,4.0,3.0,1860.0,8230.0,1930.0,Inactive,745000,2024-04-25T00:00:00.000Z,5,13.521140839642674
"800-Lake-Highland-Dr,-Orlando,-FL-32803","800 Lake Highland Dr, Orlando, FL 32803",800 Lake Highland Dr,,Orlando,FL,32803,Orange,28.561038,-81.367292,single_family,3.0,2.0,1580.0,8989.0,1950.0,Inactive,509000,2024-04-19T00:00:00.000Z,10,13.140205260167273
"804-Park-Lake-St,-Orlando,-FL-32803","804 Park Lake St, Orlando, FL 32803",804 Park Lake St,,Orlando,FL,32803,Orange,28.554711,-81.367397,single_family,5.0,4.0,3256.0,6508.0,2024.0,Inactive,1645000,2024-03-04T00:00:00.000Z,54,14.31325155008416
"2659-Lake-Shore-Dr,-Orlando,-FL-32803","2659 Lake Shore Dr, Orlando, FL 32803",2659 Lake Shore Dr,,Orlando,FL,32803,Orange,28.575857,-81.358564,single_family,4.0,3.0,3704.0,14810.0,1956.0,Inactive,2349000,2023-10-26T00:00:00.000Z,183,14.66950068935403
"746-Essex-Pl,-Orlando,-FL-32803","746 Essex Pl, Orlando, FL 32803",746 Essex Pl,,Orlando,FL,32803,Orange,28.531718,-81.352968,single_family,2.0,2.0,1496.0,6884.0,1951.0,Inactive,595000,2024-04-05T00:00:00.000Z,20,13.296318365198623
"1701-Garvin-St,-Orlando,-FL-32803","1701 Garvin St, Orlando, FL 32803",1701 Garvin St,,Orlando,FL,32803,Orange,28.55788,-81.359127,single_family,3.0,2.0,1513.0,4400.0,1925.0,Inactive,499000,2024-04-09T00:00:00.000Z,15,13.120363378739663
"1915-Oregon-St,-Orlando,-FL-32803","1915 Oregon St, Orlando, FL 32803",1915 Oregon St,,Orlando,FL,32803,Orange,28.560696,-81.356669,single_family,5.0,4.0,3371.0,8712.0,1925.0,Inactive,1095000,2024-03-14T00:00:00.000Z,40,13.90626583447433
"1323-Morris-Ave,-Orlando,-FL-32803","1323 Morris Ave, Orlando, FL 32803",1323 Morris Ave,,Orlando,FL,32803,Orange,28.563095,-81.357593,single_family,3.0,2.0,1552.0,8796.0,1953.0,Inactive,525000,2024-04-18T00:00:00.000Z,5,13.171155446333852
"664-Hempstead-Ave,-Orlando,-FL-32803","664 Hempstead Ave, Orlando, FL 32803",664 Hempstead Ave,,Orlando,FL,32803,Orange,28.533665,-81.354711,single_family,2.0,1.0,990.0,8463.0,1947.0,Inactive,449900,2024-04-04T00:00:00.000Z,15,13.016782837542953
"4378-Lake-Underhill-Rd,---15D--8,-Orlando,-FL-32803","4378 Lake Underhill Rd, # 15D -8, Orlando, FL 32803",4378 Lake Underhill Rd,# 15D -8,Orlando,FL,32803,Orange,28.535362,-81.333076,condo,2.0,1.0,1000.0,7790.5,1970.0,Inactive,199000,2024-04-05T00:00:00.000Z,14,12.201065128819632
"2811-Clemwood-St,-Orlando,-FL-32803","2811 Clemwood St, Orlando, FL 32803",2811 Clemwood St,,Orlando,FL,32803,Orange,28.532151,-81.346875,single_family,3.0,2.0,1568.0,10454.0,1959.0,Inactive,645000,2024-04-11T00:00:00.000Z,7,13.377007146164305
"1348-Susannah-Blvd,-Orlando,-FL-32803","1348 Susannah Blvd, Orlando, FL 32803",1348 Susannah Blvd,,Orlando,FL,32803,Orange,28.563841,-81.319874,land,6.0,4.0,2176.0,13939.0,1942.0,Inactive,550000,2024-02-13T00:00:00.000Z,59,13.217675375388819
"1200-Altaloma-Ave,-Orlando,-FL-32803","1200 Altaloma Ave, Orlando, FL 32803",1200 Altaloma Ave,,Orlando,FL,32803,Orange,28.561972,-81.359742,single_family,3.0,2.0,1727.0,7034.0,1950.0,Inactive,550000,2024-03-12T00:00:00.000Z,31,13.217675375388819
"120-S-Bumby-Ave,---10,-Orlando,-FL-32803","120 S Bumby Ave, # 10, Orlando, FL 32803",120 S Bumby Ave,# 10,Orlando,FL,32803,Orange,28.541067,-81.352111,townhouse,3.0,3.0,2200.0,765.0,2004.0,Inactive,499000,2024-01-22T00:00:00.000Z,78,13.120363378739663
"1202-Altaloma-Ave,-Orlando,-FL-32803","1202 Altaloma Ave, Orlando, FL 32803",1202 Altaloma Ave,,Orlando,FL,32803,Orange,28.562111,-81.359635,single_family,3.0,2.0,1380.0,3516.0,1997.0,Inactive,494900,2024-02-22T00:00:00.000Z,47,13.11211302154816
"410-E-Livingston-St,-Orlando,-FL-32803","410 E Livingston St, Orlando, FL 32803",410 E Livingston St,,Orlando,FL,32803,Orange,28.547298,-81.372184,multi-family,5.0,5.0,2097.0,6100.0,1930.0,Inactive,875000,2024-03-18T00:00:00.000Z,22,13.681980308196241
"400-E-Colonial-Dr,-Apt-104,-Orlando,-FL-32803","400 E Colonial Dr, Apt 104, Orlando, FL 32803",400 E Colonial Dr,Apt 104,Orlando,FL,32803,Orange,28.552804,-81.372234,condo,2.0,2.0,1189.0,12197.0,1975.0,Inactive,325000,2024-03-24T00:00:00.000Z,15,12.691583538230217
"2414-Jamie-Cir,-Orlando,-FL-32803","2414 Jamie Cir, Orlando, FL 32803",2414 Jamie Cir,,Orlando,FL,32803,Orange,28.557023,-81.351416,single_family,3.0,1.0,1299.0,7670.0,1954.0,Inactive,439900,2024-04-04T00:00:00.000Z,4,12.994304980578146
"2878-Plaza-Terrace-Dr,---2878,-Orlando,-FL-32803","2878 Plaza Terrace Dr, # 2878, Orlando, FL 32803",2878 Plaza Terrace Dr,# 2878,Orlando,FL,32803,Orange,28.561594,-81.346631,condo,1.0,1.0,663.0,7319.0,1972.0,Inactive,209000,2024-04-04T00:00:00.000Z,4,12.250094315624496
"2513-E-Central-Blvd,-Unit-A,-Orlando,-FL-32803","2513 E Central Blvd, Unit A, Orlando, FL 32803",2513 E Central Blvd,Unit A,Orlando,FL,32803,Orange,28.542553,-81.350311,townhouse,3.0,2.0,1700.0,3753.0,2022.0,Inactive,588999,2024-02-10T00:00:00.000Z,55,13.286181462633724
"2822-Oxford-St,-Orlando,-FL-32803","2822 Oxford St, Orlando, FL 32803",2822 Oxford St,,Orlando,FL,32803,Orange,28.535222,-81.34667,single_family,2.0,2.0,1163.0,7571.0,1953.0,Inactive,450000,2024-03-28T00:00:00.000Z,6,13.017005083966255
"1220-Wilkinson-St,-Orlando,-FL-32803","1220 Wilkinson St, Orlando, FL 32803",1220 Wilkinson St,,Orlando,FL,32803,Orange,28.579745,-81.363433,single_family,3.0,2.0,1723.0,10019.0,1951.0,Inactive,950000,2024-03-28T00:00:00.000Z,4,13.76421831620775
"925-Mayfair-Cir,-Orlando,-FL-32803","925 Mayfair Cir, Orlando, FL 32803",925 Mayfair Cir,,Orlando,FL,32803,Orange,28.537614,-81.352865,land,4.0,3.0,2963.0,9269.0,2022.0,Inactive,269900,2023-10-02T00:00:00.000Z,180,12.505810504075185
"1039-Morris-Ave,-Orlando,-FL-32803","1039 Morris Ave, Orlando, FL 32803",1039 Morris Ave,,Orlando,FL,32803,Orange,28.560026,-81.358148,single_family,1.0,1.0,528.0,2639.0,1953.0,Inactive,250000,2024-01-26T00:00:00.000Z,64,12.429220196836383
"2246-Valencia-Rd,-Orlando,-FL-32803","2246 Valencia Rd, Orlando, FL 32803",2246 Valencia Rd,,Orlando,FL,32803,Orange,28.548864,-81.352685,single_family,2.0,1.0,973.0,9820.0,1951.0,Inactive,389900,2024-01-23T00:00:00.000Z,66,12.873648139727594
"3037-E-Jefferson-St,-Orlando,-FL-32803","3037 E Jefferson St, Orlando, FL 32803",3037 E Jefferson St,,Orlando,FL,32803,Orange,28.545363,-81.344777,multi-family,3.0,2.0,1755.0,13939.0,2022.0,Inactive,515000,2024-03-07T00:00:00.000Z,21,13.151924121391561
"714-E-Amelia-St,-Orlando,-FL-32803","714 E Amelia St, Orlando, FL 32803",714 E Amelia St,,Orlando,FL,32803,Orange,28.549163,-81.367896,single_family,4.0,4.0,2442.0,7348.0,1922.0,Inactive,1299900,2024-03-16T00:00:00.000Z,12,14.07779866568576
"1012-Park-Lake-St,-Orlando,-FL-32803","1012 Park Lake St, Orlando, FL 32803",1012 Park Lake St,,Orlando,FL,32803,Orange,28.554676,-81.366005,single_family,4.0,3.0,2460.0,8141.0,1923.0,Inactive,545000,2024-03-21T00:00:00.000Z,7,13.208542908506082
"835-N-Eola-Dr,-Orlando,-FL-32803","835 N Eola Dr, Orlando, FL 32803",835 N Eola Dr,,Orlando,FL,32803,Orange,28.556195,-81.369313,single_family,2.0,2.0,1367.0,7344.0,1951.0,Inactive,549000,2024-03-08T00:00:00.000Z,19,13.215855541983634
"400-E-Colonial-Dr,-Apt-210,-Orlando,-FL-32803","400 E Colonial Dr, Apt 210, Orlando, FL 32803",400 E Colonial Dr,Apt 210,Orlando,FL,32803,Orange,28.552804,-81.372234,condo,1.0,1.0,799.0,12197.0,1975.0,Inactive,199500,2023-09-24T00:00:00.000Z,184,12.20357452783082
"827-Mayfair-Cir,-Orlando,-FL-32803","827 Mayfair Cir, Orlando, FL 32803",827 Mayfair Cir,,Orlando,FL,32803,Orange,28.535673,-81.354166,single_family,2.0,1.0,1190.0,6991.0,1951.0,Inactive,470000,2024-03-22T00:00:00.000Z,4,13.060490101343552
"2021-E-Washington-St,-Orlando,-FL-32803","2021 E Washington St, Orlando, FL 32803",2021 E Washington St,,Orlando,FL,32803,Orange,28.544294,-81.355153,single_family,2.0,2.0,1215.0,7106.0,1950.0,Inactive,549000,2024-03-11T00:00:00.000Z,14,13.215855541983634
"1076-Avila-Ln,-Orlando,-FL-32803","1076 Avila Ln, Orlando, FL 32803",1076 Avila Ln,,Orlando,FL,32803,Orange,28.559878,-81.318804,single_family,3.0,2.0,1838.0,3040.0,2014.0,Inactive,535900,2024-03-11T00:00:00.000Z,13,13.191704721500981
"921-Eldridge-St,-Orlando,-FL-32803","921 Eldridge St, Orlando, FL 32803",921 Eldridge St,,Orlando,FL,32803,Orange,28.558205,-81.319336,single_family,3.0,2.0,2116.0,12197.0,1948.0,Inactive,530000,2023-10-26T00:00:00.000Z,149,13.180634172318978
"519-E-Livingston-St,-Orlando,-FL-32803","519 E Livingston St, Orlando, FL 32803",519 E Livingston St,,Orlando,FL,32803,Orange,28.54785,-81.370804,single_family,9.0,6.0,4928.0,10454.0,1925.0,Inactive,1844400,2024-03-03T00:00:00.000Z,20,14.427665121496279
"2508-Norfolk-Rd,-Orlando,-FL-32803","2508 Norfolk Rd, Orlando, FL 32803",2508 Norfolk Rd,,Orlando,FL,32803,Orange,28.574182,-81.361579,land,4.0,3.0,3426.0,13068.0,1958.0,Inactive,1359000,2024-01-08T00:00:00.000Z,74,14.122260428968183
"4302-Hargrave-St,---A,-Orlando,-FL-32803","4302 Hargrave St, # A, Orlando, FL 32803",4302 Hargrave St,# A,Orlando,FL,32803,Orange,28.554171,-81.326942,multi-family,4.0,4.0,1769.0,6747.0,1984.0,Inactive,489500,2024-02-16T00:00:00.000Z,35,13.101141783851535
"1334-N-Bumby-Ave,-Orlando,-FL-32803","1334 N Bumby Ave, Orlando, FL 32803",1334 N Bumby Ave,,Orlando,FL,32803,Orange,28.564117,-81.352007,single_family,2.0,1.0,720.0,9751.0,1950.0,Inactive,389000,2024-01-18T00:00:00.000Z,63,12.871337193291367
"3700-Ibis-Dr,-Orlando,-FL-32803","3700 Ibis Dr, Orlando, FL 32803",3700 Ibis Dr,,Orlando,FL,32803,Orange,28.561877,-81.338933,single_family,3.0,2.0,1801.0,7640.0,1957.0,Inactive,475000,2024-01-30T00:00:00.000Z,51,13.07107218827772
"850-Nottingham-St,-Orlando,-FL-32803","850 Nottingham St, Orlando, FL 32803",850 Nottingham St,,Orlando,FL,32803,Orange,28.581519,-81.367926,single_family,3.0,2.0,1473.0,13504.0,1955.0,Inactive,575000,2024-03-15T00:00:00.000Z,6,13.26212705890841
"747-Eldridge-St,-Orlando,-FL-32803","747 Eldridge St, Orlando, FL 32803",747 Eldridge St,,Orlando,FL,32803,Orange,28.555239,-81.320588,multi-family,2.0,2.0,1104.0,10454.0,1947.0,Inactive,399000,2023-11-07T00:00:00.000Z,133,12.896719202134523
"2021-Tangerine-St,-Orlando,-FL-32803","2021 Tangerine St, Orlando, FL 32803",2021 Tangerine St,,Orlando,FL,32803,Orange,28.536122,-81.355035,single_family,3.0,2.0,1692.0,11326.0,1948.0,Inactive,485000,2024-01-12T00:00:00.000Z,67,13.091906231773164
"2105-Vivada-St,-Orlando,-FL-32803","2105 Vivada St, Orlando, FL 32803",2105 Vivada St,,Orlando,FL,32803,Orange,28.561113,-81.354966,single_family,3.0,3.0,1766.0,6509.0,1951.0,Inactive,625000,2024-03-14T00:00:00.000Z,5,13.345508528717259
"4401-Beach-Blvd,-Orlando,-FL-32803","4401 Beach Blvd, Orlando, FL 32803",4401 Beach Blvd,,Orlando,FL,32803,Orange,28.559949,-81.324478,single_family,3.0,2.0,2314.0,64033.0,1930.0,Inactive,950000,2024-01-10T00:00:00.000Z,67,13.76421831620775
"1714-Cardinal-Rd,-Orlando,-FL-32803","1714 Cardinal Rd, Orlando, FL 32803",1714 Cardinal Rd,,Orlando,FL,32803,Orange,28.567299,-81.342272,single_family,2.0,2.0,1132.0,6999.0,1954.0,Inactive,439000,2024-02-14T00:00:00.000Z,31,12.992256969959042
"218-S-Forest-Ave,-Orlando,-FL-32803","218 S Forest Ave, Orlando, FL 32803",218 S Forest Ave,,Orlando,FL,32803,Orange,28.539857,-81.355264,single_family,3.0,2.0,1746.0,8804.0,1943.0,Inactive,575000,2024-03-08T00:00:00.000Z,6,13.26212705890841
"4222-Lake-Underhill-Rd,-Apt-D,-Orlando,-FL-32803","4222 Lake Underhill Rd, Apt D, Orlando, FL 32803",4222 Lake Underhill Rd,Apt D,Orlando,FL,32803,Orange,28.535362,-81.333076,condo,2.0,2.0,1400.0,547114.0,1969.0,Inactive,240000,2024-02-15T00:00:00.000Z,27,12.388398368982115
"1600-Asbury-Ave,-Orlando,-FL-32803","1600 Asbury Ave, Orlando, FL 32803",1600 Asbury Ave,,Orlando,FL,32803,Orange,28.565778,-81.350383,single_family,5.0,4.0,3929.0,7498.0,1952.0,Inactive,1599999,2024-02-19T00:00:00.000Z,22,14.28551418721001
"1300-Sasoon-Ave,-Orlando,-FL-32803","1300 Sasoon Ave, Orlando, FL 32803",1300 Sasoon Ave,,Orlando,FL,32803,Orange,28.56273,-81.318413,single_family,3.0,2.0,1066.0,6614.0,1985.0,Inactive,389900,2023-12-11T00:00:00.000Z,89,12.873648139727594
"847-Park-Lake-Ct,-Orlando,-FL-32803","847 Park Lake Ct, Orlando, FL 32803",847 Park Lake Ct,,Orlando,FL,32803,Orange,28.55597,-81.371646,single_family,5.0,5.0,3289.0,12197.0,1945.0,Inactive,970000,2023-08-25T00:00:00.000Z,195,13.785052381406869
"3144-Plaza-Terrace-Dr,---3144,-Orlando,-FL-32803","3144 Plaza Terrace Dr, # 3144, Orlando, FL 32803",3144 Plaza Terrace Dr,# 3144,Orlando,FL,32803,Orange,28.56119,-81.344363,condo,2.0,2.0,890.0,7790.5,1972.0,Inactive,269000,2024-01-18T00:00:00.000Z,48,12.502470376049185
"2519-Weber-St,-Orlando,-FL-32803","2519 Weber St, Orlando, FL 32803",2519 Weber St,,Orlando,FL,32803,Orange,28.559148,-81.350292,single_family,2.0,2.0,1275.0,22651.0,1954.0,Inactive,629000,2024-02-11T00:00:00.000Z,23,13.351888125506433
"608-Hillcrest-St,-Orlando,-FL-32803","608 Hillcrest St, Orlando, FL 32803",608 Hillcrest St,,Orlando,FL,32803,Orange,28.552051,-81.37003,single_family,2.0,2.0,1084.0,7229.0,1930.0,Inactive,455000,2023-09-10T00:00:00.000Z,173,13.02805489573287
"1644-E-Livingston-St,-Orlando,-FL-32803","1644 E Livingston St, Orlando, FL 32803",1644 E Livingston St,,Orlando,FL,32803,Orange,28.54744,-81.358324,single_family,6.0,4.0,2499.0,4850.0,1925.0,Inactive,899900,2023-10-31T00:00:00.000Z,122,13.710040036256004
"509-Sunglow-Dr,-Orlando,-FL-32803","509 Sunglow Dr, Orlando, FL 32803",509 Sunglow Dr,,Orlando,FL,32803,Orange,28.536774,-81.344454,single_family,3.0,2.0,1247.0,12197.0,1956.0,Inactive,535000,2024-02-22T00:00:00.000Z,8,13.190023895035274
"3808-Pelican-Ln,-Orlando,-FL-32803","3808 Pelican Ln, Orlando, FL 32803",3808 Pelican Ln,,Orlando,FL,32803,Orange,28.561167,-81.337259,single_family,2.0,2.0,1338.0,8347.0,1953.0,Inactive,439000,2023-11-09T00:00:00.000Z,112,12.992256969959042
"2105-Ridgewood-St,-Orlando,-FL-32803","2105 Ridgewood St, Orlando, FL 32803",2105 Ridgewood St,,Orlando,FL,32803,Orange,28.546718,-81.355038,single_family,3.0,2.0,2102.0,4325.0,2002.0,Inactive,619000,2024-01-12T00:00:00.000Z,48,13.335862167174314
"3210-Renlee-Pl,-Orlando,-FL-32803","3210 Renlee Pl, Orlando, FL 32803",3210 Renlee Pl,,Orlando,FL,32803,Orange,28.533324,-81.343102,single_family,3.0,2.0,1855.0,7688.0,1955.0,Inactive,475000,2023-10-20T00:00:00.000Z,131,13.07107218827772
"855-Nottingham-St,-Orlando,-FL-32803","855 Nottingham St, Orlando, FL 32803",855 Nottingham St,,Orlando,FL,32803,Orange,28.582101,-81.367983,single_family,3.0,2.0,1656.0,8406.0,1962.0,Inactive,689900,2024-02-19T00:00:00.000Z,8,13.444303388018582
"1510-E-Livingston-St,-Orlando,-FL-32803","1510 E Livingston St, Orlando, FL 32803",1510 E Livingston St,,Orlando,FL,32803,Orange,28.547381,-81.360927,single_family,3.0,2.0,1506.0,7569.0,1947.0,Inactive,475000,2024-02-15T00:00:00.000Z,9,13.07107218827772
"1710-Oregon-St,-Orlando,-FL-32803","1710 Oregon St, Orlando, FL 32803",1710 Oregon St,,Orlando,FL,32803,Orange,28.560132,-81.358812,single_family,4.0,3.0,1940.0,7791.0,1949.0,Inactive,675000,2024-02-22T00:00:00.000Z,2,13.42246945133505
"2901-Pickfair-St,-Orlando,-FL-32803","2901 Pickfair St, Orlando, FL 32803",2901 Pickfair St,,Orlando,FL,32803,Orange,28.534888,-81.346481,single_family,3.0,2.0,1016.0,8182.0,1958.0,Inactive,415000,2023-11-03T00:00:00.000Z,111,12.936036208848487
"2718-E-Jefferson-St,-Orlando,-FL-32803","2718 E Jefferson St, Orlando, FL 32803",2718 E Jefferson St,,Orlando,FL,32803,Orange,28.544787,-81.348052,multi-family,4.0,4.0,2400.0,13068.0,1987.0,Inactive,860000,2024-02-09T00:00:00.000Z,13,13.664688831019712
"1416-N-Forest-Ave,-Orlando,-FL-32803","1416 N Forest Ave, Orlando, FL 32803",1416 N Forest Ave,,Orlando,FL,32803,Orange,28.564741,-81.355512,single_family,3.0,2.0,1721.0,7832.0,1956.0,Inactive,425000,2024-02-16T00:00:00.000Z,5,12.959846800844963
"2422-Kilgore-St,-Unit-29,-Orlando,-FL-32803","2422 Kilgore St, Unit 29, Orlando, FL 32803",2422 Kilgore St,Unit 29,Orlando,FL,32803,Orange,28.542951,-81.350969,condo,1.0,1.0,537.0,3311.0,1972.0,Inactive,188900,2023-12-21T00:00:00.000Z,61,12.148978347281835
"1626-Mt-Vernon-St,-Orlando,-FL-32803","1626 Mt Vernon St, Orlando, FL 32803",1626 Mt Vernon St,,Orlando,FL,32803,Orange,28.550136,-81.35915,single_family,3.0,1.0,1428.0,6534.0,1945.0,Inactive,350000,2024-01-27T00:00:00.000Z,22,12.765691290604371
"3115-E-Central-Blvd,-Orlando,-FL-32803","3115 E Central Blvd, Orlando, FL 32803",3115 E Central Blvd,,Orlando,FL,32803,Orange,28.542644,-81.344208,single_family,3.0,2.0,1722.0,10454.0,1970.0,Inactive,475000,2023-11-01T00:00:00.000Z,108,13.07107218827772
"854-Huntington-Pl,-Orlando,-FL-32803","854 Huntington Pl, Orlando, FL 32803",854 Huntington Pl,,Orlando,FL,32803,Orange,28.532325,-81.349832,single_family,2.0,1.0,1228.0,11761.0,1950.0,Inactive,370000,2024-02-10T00:00:00.000Z,7,12.821260987319457
"1400-Lake-Highland-Dr,-Orlando,-FL-32803","1400 Lake Highland Dr, Orlando, FL 32803",1400 Lake Highland Dr,,Orlando,FL,32803,Orange,28.561043,-81.363148,single_family,2.0,2.0,1429.0,10890.0,1935.0,Inactive,794900,2024-02-08T00:00:00.000Z,7,13.58597285758029
"1300-Tanager-Dr,-Orlando,-FL-32803","1300 Tanager Dr, Orlando, FL 32803",1300 Tanager Dr,,Orlando,FL,32803,Orange,28.564127,-81.339917,single_family,3.0,3.0,1477.0,14375.0,1955.0,Inactive,775000,2024-02-12T00:00:00.000Z,3,13.560619598657233
"400-E-Colonial-Dr,-Apt-304,-Orlando,-FL-32803","400 E Colonial Dr, Apt 304, Orlando, FL 32803",400 E Colonial Dr,Apt 304,Orlando,FL,32803,Orange,28.552804,-81.372234,condo,2.0,2.0,1189.0,12197.0,1975.0,Inactive,309900,2023-09-07T00:00:00.000Z,156,12.644008170618003
"3202-Middlesex-Rd,-Orlando,-FL-32803","3202 Middlesex Rd, Orlando, FL 32803",3202 Middlesex Rd,,Orlando,FL,32803,Orange,28.580255,-81.360514,single_family,4.0,3.0,2817.0,19166.0,1937.0,Inactive,1699000,2023-09-11T00:00:00.000Z,152,14.345550989235415
"2888-Plaza-Terrace-Dr,---2888,-Orlando,-FL-32803","2888 Plaza Terrace Dr, # 2888, Orlando, FL 32803",2888 Plaza Terrace Dr,# 2888,Orlando,FL,32803,Orange,28.561594,-81.346631,condo,2.0,2.0,890.0,7319.0,1972.0,Inactive,284000,2023-11-21T00:00:00.000Z,81,12.556733038263905
"908-Garden-Plz,-Orlando,-FL-32803","908 Garden Plz, Orlando, FL 32803",908 Garden Plz,,Orlando,FL,32803,Orange,28.55707,-81.354502,single_family,3.0,1.0,1092.0,9540.0,1949.0,Inactive,439000,2023-12-16T00:00:00.000Z,56,12.992256969959042
"941-Jamajo-Blvd,-Orlando,-FL-32803","941 Jamajo Blvd, Orlando, FL 32803",941 Jamajo Blvd,,Orlando,FL,32803,Orange,28.556054,-81.324504,single_family,4.0,3.0,1881.0,6772.0,2023.0,Inactive,549000,2024-02-03T00:00:00.000Z,5,13.215855541983634
"13-N-Hampton-Ave,-Orlando,-FL-32803","13 N Hampton Ave, Orlando, FL 32803",13 N Hampton Ave,,Orlando,FL,32803,Orange,28.542845,-81.355713,single_family,4.0,3.0,1882.0,3798.0,2024.0,Inactive,680000,2021-12-22T00:00:00.000Z,777,13.429849547739444
"21-N-Hampton-Ave,-Orlando,-FL-32803","21 N Hampton Ave, Orlando, FL 32803",21 N Hampton Ave,,Orlando,FL,32803,Orange,28.542976,-81.355614,single_family,4.0,3.0,1882.0,3798.0,2024.0,Inactive,680000,2021-12-23T00:00:00.000Z,776,13.429849547739444
"18-Celia-Ln,-Orlando,-FL-32803","18 Celia Ln, Orlando, FL 32803",18 Celia Ln,,Orlando,FL,32803,Orange,28.543514,-81.359155,single_family,4.0,4.0,3048.0,6320.0,2007.0,Inactive,1024000,2024-01-12T00:00:00.000Z,26,13.839228061143613
"2884-Plaza-Terrace-Dr,---2884,-Orlando,-FL-32803","2884 Plaza Terrace Dr, # 2884, Orlando, FL 32803",2884 Plaza Terrace Dr,# 2884,Orlando,FL,32803,Orange,28.561594,-81.346631,condo,2.0,2.0,890.0,7319.0,1972.0,Inactive,255000,2024-01-25T00:00:00.000Z,12,12.449022745701502
"1502-Illinois-St,-Orlando,-FL-32803","1502 Illinois St, Orlando, FL 32803",1502 Illinois St,,Orlando,FL,32803,Orange,28.555983,-81.361382,single_family,3.0,1.0,1120.0,5225.0,1930.0,Inactive,469000,2024-02-02T00:00:00.000Z,4,13.058360179622305
"607-Broadway-Ave,---2,-Orlando,-FL-32803","607 Broadway Ave, # 2, Orlando, FL 32803",607 Broadway Ave,# 2,Orlando,FL,32803,Orange,28.55165,-81.372304,condo,3.0,2.0,1800.0,10890.0,1985.0,Inactive,457000,2024-02-02T00:00:00.000Z,4,13.032440858057756
"701-S-Bumby-Ave,-Orlando,-FL-32803","701 S Bumby Ave, Orlando, FL 32803",701 S Bumby Ave,,Orlando,FL,32803,Orange,28.533917,-81.35156,single_family,3.0,2.0,1905.0,9879.0,1949.0,Inactive,750000,2024-01-31T00:00:00.000Z,3,13.527829818844937
"2505-Norfolk-Rd,-Orlando,-FL-32803","2505 Norfolk Rd, Orlando, FL 32803",2505 Norfolk Rd,,Orlando,FL,32803,Orange,28.573658,-81.360476,single_family,3.0,2.0,3485.0,14375.0,2000.0,Inactive,1590000,2024-01-31T00:00:00.000Z,2,14.279245203127035
"741-Garden-Plz,-Orlando,-FL-32803","741 Garden Plz, Orlando, FL 32803",741 Garden Plz,,Orlando,FL,32803,Orange,28.554621,-81.353748,single_family,3.0,2.0,1164.0,7467.0,1940.0,Inactive,484000,2024-01-25T00:00:00.000Z,6,13.089842251812337
"3112-Pickfair-St,-Orlando,-FL-32803","3112 Pickfair St, Orlando, FL 32803",3112 Pickfair St,,Orlando,FL,32803,Orange,28.534366,-81.344014,single_family,3.0,2.0,1261.0,10454.0,1958.0,Inactive,419900,2023-12-20T00:00:00.000Z,41,12.947774248188859
"2118-E-Jefferson-St,-Orlando,-FL-32803","2118 E Jefferson St, Orlando, FL 32803",2118 E Jefferson St,,Orlando,FL,32803,Orange,28.544693,-81.354146,single_family,3.0,2.0,2333.0,5580.0,2023.0,Inactive,849900,2024-01-16T00:00:00.000Z,9,13.652875151095039
"2421-Betty-St,-Orlando,-FL-32803","2421 Betty St, Orlando, FL 32803",2421 Betty St,,Orlando,FL,32803,Orange,28.555202,-81.351159,single_family,3.0,2.0,1381.0,8253.0,1953.0,Inactive,398000,2024-01-16T00:00:00.000Z,8,12.894209796826232
"803-Pinar-Dr,-Orlando,-FL-32803","803 Pinar Dr, Orlando, FL 32803",803 Pinar Dr,,Orlando,FL,32803,Orange,28.53488,-81.269691,single_family,4.0,3.0,2357.0,16117.0,1972.0,Inactive,599000,2024-01-20T00:00:00.000Z,2,13.303018546545275
"2868-Plaza-Terrace-Dr,---2868,-Orlando,-FL-32803","2868 Plaza Terrace Dr, # 2868, Orlando, FL 32803",2868 Plaza Terrace Dr,# 2868,Orlando,FL,32803,Orange,28.561594,-81.346631,condo,2.0,2.0,890.0,7319.0,1972.0,Inactive,280000,2024-01-12T00:00:00.000Z,7,12.54254845357358
"1301-Falcon-Dr,-Orlando,-FL-32803","1301 Falcon Dr, Orlando, FL 32803",1301 Falcon Dr,,Orlando,FL,32803,Orange,28.563754,-81.346609,single_family,4.0,3.0,3563.0,17424.0,2023.0,Inactive,1449000,2023-09-07T00:00:00.000Z,133,14.186384911433706
"739-Eldridge-St,-Orlando,-FL-32803","739 Eldridge St, Orlando, FL 32803",739 Eldridge St,,Orlando,FL,32803,Orange,28.554711,-81.320986,single_family,2.0,1.0,810.0,10890.0,1956.0,Inactive,249000,2024-01-10T00:00:00.000Z,8,12.425212191503038
"2313-Lake-Sue-Dr,-Orlando,-FL-32803","2313 Lake Sue Dr, Orlando, FL 32803",2313 Lake Sue Dr,,Orlando,FL,32803,Orange,28.572704,-81.349315,single_family,3.0,2.0,2516.0,18295.0,1952.0,Inactive,819900,2023-08-25T00:00:00.000Z,144,13.61693888024446
"2022-Nebraska-St,-Orlando,-FL-32803","2022 Nebraska St, Orlando, FL 32803",2022 Nebraska St,,Orlando,FL,32803,Orange,28.565431,-81.355577,single_family,4.0,3.0,3122.0,7500.0,2003.0,Inactive,869000,2023-09-28T00:00:00.000Z,110,13.675099554994853
"1807-1809-E-Jefferson-St,-Orlando,-FL-32803","1807/1809 E Jefferson St, Orlando, FL 32803",1807/1809 E Jefferson St,,Orlando,FL,32803,Orange,28.545218,-81.357761,multi-family,4.0,2.0,1616.0,9569.0,1974.0,Inactive,590000,2023-11-09T00:00:00.000Z,68,13.28787951079572
"4220-Lake-Underhill-Rd,---7D6,-Orlando,-FL-32803","4220 Lake Underhill Rd, # 7D6, Orlando, FL 32803",4220 Lake Underhill Rd,# 7D6,Orlando,FL,32803,Orange,28.535362,-81.333076,condo,2.0,1.0,1000.0,547114.0,1970.0,Inactive,194900,2023-12-06T00:00:00.000Z,41,12.180247016318816
"4220-Lake-Underhill-Rd,-Unit-7D6,-Orlando,-FL-32803","4220 Lake Underhill Rd, Unit 7D6, Orlando, FL 32803",4220 Lake Underhill Rd,Unit 7D6,Orlando,FL,32803,Orange,28.535362,-81.333076,condo,2.0,1.0,1000.0,7790.5,1970.0,Inactive,194900,2023-12-06T00:00:00.000Z,41,12.180247016318816
"1422-Cole-Rd,-Orlando,-FL-32803","1422 Cole Rd, Orlando, FL 32803",1422 Cole Rd,,Orlando,FL,32803,Orange,28.565079,-81.348753,single_family,5.0,4.0,3431.0,7496.0,2023.0,Inactive,1199900,2024-01-08T00:00:00.000Z,8,13.997749611354916
"1120-Portland-Ave,-Apt-7,-Orlando,-FL-32803","1120 Portland Ave, Apt 7, Orlando, FL 32803",1120 Portland Ave,Apt 7,Orlando,FL,32803,Orange,28.561059,-81.363595,condo,2.0,2.0,1016.0,8463.0,1982.0,Inactive,314900,2024-01-10T00:00:00.000Z,6,12.66001358269538
"2120-Vivada-St,-Orlando,-FL-32803","2120 Vivada St, Orlando, FL 32803",2120 Vivada St,,Orlando,FL,32803,Orange,28.56064,-81.354323,single_family,3.0,2.0,1634.0,8004.0,1957.0,Inactive,610000,2024-01-12T00:00:00.000Z,4,13.321215875492413
"2611-Cole-Rd,-Orlando,-FL-32803","2611 Cole Rd, Orlando, FL 32803",2611 Cole Rd,,Orlando,FL,32803,Orange,28.567199,-81.349375,single_family,3.0,2.0,1578.0,11761.0,1952.0,Inactive,515000,2023-12-26T00:00:00.000Z,18,13.151924121391561
"2219-Valencia-Rd,-Orlando,-FL-32803","2219 Valencia Rd, Orlando, FL 32803",2219 Valencia Rd,,Orlando,FL,32803,Orange,28.548476,-81.353187,single_family,3.0,2.0,1322.0,10890.0,1950.0,Inactive,460000,2023-12-30T00:00:00.000Z,14,13.038983942375959
"1626-E-Marks-St,-Orlando,-FL-32803","1626 E Marks St, Orlando, FL 32803",1626 E Marks St,,Orlando,FL,32803,Orange,28.556479,-81.359283,single_family,2.0,1.0,1012.0,7238.0,1951.0,Inactive,419900,2023-12-11T00:00:00.000Z,32,12.947774248188859
"711-E-Concord-St,-Orlando,-FL-32803","711 E Concord St, Orlando, FL 32803",711 E Concord St,,Orlando,FL,32803,Orange,28.551567,-81.368096,single_family,3.0,3.0,1736.0,8151.0,1930.0,Inactive,639000,2023-11-28T00:00:00.000Z,43,13.367661298303675
"1716-Garvin-St,-Orlando,-FL-32803","1716 Garvin St, Orlando, FL 32803",1716 Garvin St,,Orlando,FL,32803,Orange,28.557426,-81.358553,single_family,3.0,3.0,1626.0,6327.0,1940.0,Inactive,515000,2023-11-20T00:00:00.000Z,50,13.151924121391561
"338-Cathcart-Ave,-Orlando,-FL-32803","338 Cathcart Ave, Orlando, FL 32803",338 Cathcart Ave,,Orlando,FL,32803,Orange,28.547173,-81.370868,single_family,3.0,2.0,1196.0,5593.0,1912.0,Inactive,520000,2024-01-01T00:00:00.000Z,8,13.161586013632684
"415-E-Livingston-St,-Apt-F,-Orlando,-FL-32803","415 E Livingston St, Apt F, Orlando, FL 32803",415 E Livingston St,Apt F,Orlando,FL,32803,Orange,28.547833,-81.372013,condo,2.0,2.0,1020.0,1996.0,1925.0,Inactive,325000,2024-01-04T00:00:00.000Z,5,12.691583538230217
"119-N-Glenwood-Ave,-Orlando,-FL-32803","119 N Glenwood Ave, Orlando, FL 32803",119 N Glenwood Ave,,Orlando,FL,32803,Orange,28.544793,-81.352645,single_family,3.0,1.0,1437.0,7333.0,1945.0,Inactive,369900,2024-01-05T00:00:00.000Z,4,12.820990681250251
"1835-Palm-Ln,-Orlando,-FL-32803","1835 Palm Ln, Orlando, FL 32803",1835 Palm Ln,,Orlando,FL,32803,Orange,28.569444,-81.351639,single_family,3.0,2.0,2073.0,12632.0,1952.0,Inactive,716000,2023-09-21T00:00:00.000Z,109,13.481436842589853
"3000-Kilgore-St,-Orlando,-FL-32803","3000 Kilgore St, Orlando, FL 32803",3000 Kilgore St,,Orlando,FL,32803,Orange,28.543004,-81.345547,single_family,3.0,2.0,1064.0,6343.0,1964.0,Inactive,329900,2024-01-03T00:00:00.000Z,4,12.706547888433661
"725-Wilkinson-St,-Orlando,-FL-32803","725 Wilkinson St, Orlando, FL 32803",725 Wilkinson St,,Orlando,FL,32803,Orange,28.5797,-81.370359,single_family,3.0,2.0,1960.0,11326.0,1951.0,Inactive,679000,2023-11-09T00:00:00.000Z,52,13.428377879293798
"520-Broadway-Ave,-Apt-9,-Orlando,-FL-32803","520 Broadway Ave, Apt 9, Orlando, FL 32803",520 Broadway Ave,Apt 9,Orlando,FL,32803,Orange,28.550252,-81.373039,condo,1.0,1.0,1000.0,7790.5,1960.0,Inactive,249000,2023-12-23T00:00:00.000Z,6,12.425212191503038
"514-E-Concord-St,-Orlando,-FL-32803","514 E Concord St, Orlando, FL 32803",514 E Concord St,,Orlando,FL,32803,Orange,28.550753,-81.371119,single_family,3.0,3.0,1832.0,5563.0,1930.0,Inactive,799000,2023-07-21T00:00:00.000Z,160,13.591117476312084
"615-Springview-Dr,-Orlando,-FL-32803","615 Springview Dr, Orlando, FL 32803",615 Springview Dr,,Orlando,FL,32803,Orange,28.53464,-81.335512,single_family,3.0,2.0,1484.0,9855.0,1958.0,Inactive,432900,2023-12-01T00:00:00.000Z,27,12.978264343429714
"641-Terrace-Blvd,-Orlando,-FL-32803","641 Terrace Blvd, Orlando, FL 32803",641 Terrace Blvd,,Orlando,FL,32803,Orange,28.559075,-81.369134,land,5.0,3.0,2618.0,7228.0,1938.0,Inactive,829900,2023-09-06T00:00:00.000Z,112,13.629061695550266
"130-S-Bumby-Ave,---5,-Orlando,-FL-32803","130 S Bumby Ave, # 5, Orlando, FL 32803",130 S Bumby Ave,# 5,Orlando,FL,32803,Orange,28.540834,-81.35211,townhouse,3.0,3.0,2200.0,765.0,2004.0,Inactive,489900,2023-10-06T00:00:00.000Z,77,13.101958608857487
"608-Hillside-Ave,-Orlando,-FL-32803","608 Hillside Ave, Orlando, FL 32803",608 Hillside Ave,,Orlando,FL,32803,Orange,28.551718,-81.354308,single_family,4.0,1.0,1326.0,6510.0,1955.0,Inactive,410000,2023-12-15T00:00:00.000Z,6,12.923914877701906
"1620-Georgia-Blvd,-Orlando,-FL-32803","1620 Georgia Blvd, Orlando, FL 32803",1620 Georgia Blvd,,Orlando,FL,32803,Orange,28.566495,-81.354569,single_family,2.0,1.0,926.0,8375.0,1949.0,Inactive,400000,2023-11-23T00:00:00.000Z,27,12.899222326086994
"1206-Nottingham-St,-Orlando,-FL-32803","1206 Nottingham St, Orlando, FL 32803",1206 Nottingham St,,Orlando,FL,32803,Orange,28.581543,-81.363953,land,4.0,3.0,2191.0,24829.0,1947.0,Inactive,1350000,2023-12-04T00:00:00.000Z,16,14.115615891155079
"825-N-Primrose-Dr,-Apt-204,-Orlando,-FL-32803","825 N Primrose Dr, Apt 204, Orlando, FL 32803",825 N Primrose Dr,Apt 204,Orlando,FL,32803,Orange,28.556341,-81.347606,condo,1.0,1.0,618.0,4091.0,1966.0,Inactive,189900,2023-12-11T00:00:00.000Z,8,12.15425816271595
"1809-Garvin-St,-Orlando,-FL-32803","1809 Garvin St, Orlando, FL 32803",1809 Garvin St,,Orlando,FL,32803,Orange,28.557961,-81.35781,single_family,4.0,3.0,2407.0,6941.0,1930.0,Inactive,709500,2023-10-27T00:00:00.000Z,48,13.472317185024512
"1700-Virginia-Dr,-Orlando,-FL-32803","1700 Virginia Dr, Orlando, FL 32803",1700 Virginia Dr,,Orlando,FL,32803,Orange,28.563747,-81.359284,single_family,3.0,2.0,1344.0,9762.0,1925.0,Inactive,399000,2023-11-16T00:00:00.000Z,28,12.896719202134523
"400-Mayfair-Cir,-Orlando,-FL-32803","400 Mayfair Cir, Orlando, FL 32803",400 Mayfair Cir,,Orlando,FL,32803,Orange,28.537296,-81.351544,single_family,3.0,1.0,1032.0,9909.0,1948.0,Inactive,419000,2023-11-07T00:00:00.000Z,36,12.945628585536271
"105-S-Graham-Ave,-Orlando,-FL-32803","105 S Graham Ave, Orlando, FL 32803",105 S Graham Ave,,Orlando,FL,32803,Orange,28.540984,-81.34956,townhouse,2.0,2.0,1311.0,1900.0,1985.0,Inactive,362900,2023-09-19T00:00:00.000Z,84,12.801885348777414
"816-Nottingham-St,-Orlando,-FL-32803","816 Nottingham St, Orlando, FL 32803",816 Nottingham St,,Orlando,FL,32803,Orange,28.581153,-81.368904,single_family,3.0,1.0,966.0,6558.0,1948.0,Inactive,450000,2023-11-02T00:00:00.000Z,38,13.017005083966255
"4314-Lake-Underhill-Rd,---19D5,-Orlando,-FL-32803","4314 Lake Underhill Rd, # 19D5, Orlando, FL 32803",4314 Lake Underhill Rd,# 19D5,Orlando,FL,32803,Orange,28.535363,-81.333076,condo,2.0,1.0,1000.0,547114.0,1970.0,Inactive,200000,2023-11-09T00:00:00.000Z,31,12.206077645517674
"601-Roberta-Ave,-Orlando,-FL-32803","601 Roberta Ave, Orlando, FL 32803",601 Roberta Ave,,Orlando,FL,32803,Orange,28.534939,-81.340851,single_family,3.0,2.0,1279.0,8272.0,1952.0,Inactive,469999,2023-09-15T00:00:00.000Z,85,13.060487973686241
"2501-Virginia-Dr,-Orlando,-FL-32803","2501 Virginia Dr, Orlando, FL 32803",2501 Virginia Dr,,Orlando,FL,32803,Orange,28.565244,-81.350687,single_family,4.0,2.0,1392.0,8513.0,1952.0,Inactive,459000,2023-11-29T00:00:00.000Z,7,13.036807667689546
"623-E-Amelia-St,-Apt-B,-Orlando,-FL-32803","623 E Amelia St, Apt B, Orlando, FL 32803",623 E Amelia St,Apt B,Orlando,FL,32803,Orange,28.549879,-81.369804,condo,2.0,2.0,1024.0,6240.0,1971.0,Inactive,250000,2023-11-27T00:00:00.000Z,8,12.429220196836383
"745-S-Hampton-Ave,-Orlando,-FL-32803","745 S Hampton Ave, Orlando, FL 32803",745 S Hampton Ave,,Orlando,FL,32803,Orange,28.531703,-81.35514,single_family,3.0,2.0,2291.0,7196.0,1950.0,Inactive,599000,2023-10-27T00:00:00.000Z,37,13.303018546545275
"806-Meridale-Ave,-Orlando,-FL-32803","806 Meridale Ave, Orlando, FL 32803",806 Meridale Ave,,Orlando,FL,32803,Orange,28.555273,-81.357485,single_family,3.0,2.0,1132.0,5004.0,1935.0,Inactive,420000,2023-10-19T00:00:00.000Z,43,12.948012371209098
"1707-Weltin-St,-Orlando,-FL-32803","1707 Weltin St, Orlando, FL 32803",1707 Weltin St,,Orlando,FL,32803,Orange,28.563078,-81.359167,single_family,4.0,3.0,2720.0,23958.0,1952.0,Inactive,1300000,2023-05-31T00:00:00.000Z,183,14.077875591662238
"1617-Margate-Ave,-Orlando,-FL-32803","1617 Margate Ave, Orlando, FL 32803",1617 Margate Ave,,Orlando,FL,32803,Orange,28.566294,-81.350699,single_family,3.0,1.0,1132.0,7599.0,1952.0,Inactive,429000,2023-11-23T00:00:00.000Z,6,12.969214528909768
"1879-Oak-Ln,-Orlando,-FL-32803","1879 Oak Ln, Orlando, FL 32803",1879 Oak Ln,,Orlando,FL,32803,Orange,28.570431,-81.350613,single_family,3.0,2.0,1909.0,23522.0,1950.0,Inactive,675000,2023-07-28T00:00:00.000Z,123,13.42246945133505
"410-Altaloma-Ave,-Orlando,-FL-32803","410 Altaloma Ave, Orlando, FL 32803",410 Altaloma Ave,,Orlando,FL,32803,Orange,28.548179,-81.358413,single_family,5.0,4.0,2422.0,13939.0,1950.0,Inactive,720000,2023-06-28T00:00:00.000Z,148,13.487007879880162
"1712-Weber-St,-Orlando,-FL-32803","1712 Weber St, Orlando, FL 32803",1712 Weber St,,Orlando,FL,32803,Orange,28.558328,-81.358662,single_family,4.0,3.0,2172.0,10454.0,1955.0,Inactive,745000,2023-11-11T00:00:00.000Z,12,13.521140839642674
"1628-Haven-Dr,-Orlando,-FL-32803","1628 Haven Dr, Orlando, FL 32803",1628 Haven Dr,,Orlando,FL,32803,Orange,28.566381,-81.366546,multi-family,1.0,1.0,1203.0,8004.0,1948.0,Inactive,435000,2023-10-25T00:00:00.000Z,28,12.983103608918753
"825-N-Primrose-Dr,-Apt-107,-Orlando,-FL-32803","825 N Primrose Dr, Apt 107, Orlando, FL 32803",825 N Primrose Dr,Apt 107,Orlando,FL,32803,Orange,28.556563,-81.347471,condo,2.0,1.0,832.0,3577.0,1966.0,Inactive,193900,2023-09-07T00:00:00.000Z,75,12.17510299851502
"3506-Ibis-Dr,-Orlando,-FL-32803","3506 Ibis Dr, Orlando, FL 32803",3506 Ibis Dr,,Orlando,FL,32803,Orange,28.561873,-81.340867,single_family,3.0,2.0,1430.0,7507.0,1955.0,Inactive,450000,2023-10-19T00:00:00.000Z,31,13.017005083966255
"1702-Cardinal-Rd,-Orlando,-FL-32803","1702 Cardinal Rd, Orlando, FL 32803",1702 Cardinal Rd,,Orlando,FL,32803,Orange,28.566914,-81.342266,single_family,3.0,2.0,1958.0,6999.0,1956.0,Inactive,644900,2023-08-17T00:00:00.000Z,93,13.37685209562527
"1831-Park-Lake-St,-Orlando,-FL-32803","1831 Park Lake St, Orlando, FL 32803",1831 Park Lake St,,Orlando,FL,32803,Orange,28.555209,-81.357698,single_family,3.0,2.0,1485.0,4940.0,1998.0,Inactive,550000,2023-11-10T00:00:00.000Z,5,13.217675375388819
"1324-E-Marks-St,-Orlando,-FL-32803","1324 E Marks St, Orlando, FL 32803",1324 E Marks St,,Orlando,FL,32803,Orange,28.556465,-81.362399,townhouse,3.0,2.0,2278.0,4109.0,2006.0,Inactive,540000,2023-06-24T00:00:00.000Z,143,13.199326270390594
"1504-Minnesota-St,-Orlando,-FL-32803","1504 Minnesota St, Orlando, FL 32803",1504 Minnesota St,,Orlando,FL,32803,Orange,28.564556,-81.361181,single_family,2.0,1.0,945.0,5613.0,1930.0,Inactive,389900,2023-10-25T00:00:00.000Z,20,12.873648139727594
"717-Woodward-St,-Orlando,-FL-32803","717 Woodward St, Orlando, FL 32803",717 Woodward St,,Orlando,FL,32803,Orange,28.554357,-81.367828,single_family,4.0,3.0,2274.0,9730.0,1927.0,Inactive,939900,2023-11-02T00:00:00.000Z,12,13.7535298295508
"502-Lake-Como-Cir,-Orlando,-FL-32803","502 Lake Como Cir, Orlando, FL 32803",502 Lake Como Cir,,Orlando,FL,32803,Orange,28.536969,-81.352019,single_family,4.0,3.0,2020.0,7974.0,1959.0,Inactive,605000,2023-11-09T00:00:00.000Z,5,13.312985389904174
"1616-E-Jefferson-St,-Orlando,-FL-32803","1616 E Jefferson St, Orlando, FL 32803",1616 E Jefferson St,,Orlando,FL,32803,Orange,28.544676,-81.359445,single_family,3.0,2.0,1748.0,8363.0,1938.0,Inactive,599000,2023-08-23T00:00:00.000Z,80,13.303018546545275
"2710-E-Pine-St,-Orlando,-FL-32803","2710 E Pine St, Orlando, FL 32803",2710 E Pine St,,Orlando,FL,32803,Orange,28.541157,-81.34832,townhouse,2.0,2.0,1300.0,3001.0,1984.0,Inactive,389900,2023-11-10T00:00:00.000Z,1,12.873648139727594
"1407-Illinois-St,-Orlando,-FL-32803","1407 Illinois St, Orlando, FL 32803",1407 Illinois St,,Orlando,FL,32803,Orange,28.556467,-81.362397,townhouse,3.0,2.0,2278.0,4109.0,2006.0,Inactive,545000,2022-09-15T00:00:00.000Z,421,13.208542908506082
"1219-Park-Lake-St,-Orlando,-FL-32803","1219 Park Lake St, Orlando, FL 32803",1219 Park Lake St,,Orlando,FL,32803,Orange,28.555507,-81.36367,single_family,2.0,2.0,1575.0,7532.0,1922.0,Inactive,499900,2023-07-03T00:00:00.000Z,130,13.12216535779974
"2419-Weber-St,-Orlando,-FL-32803","2419 Weber St, Orlando, FL 32803",2419 Weber St,,Orlando,FL,32803,Orange,28.558993,-81.351249,single_family,3.0,2.0,1322.0,12197.0,1953.0,Inactive,490000,2023-11-03T00:00:00.000Z,7,13.102162710901053
"800-Montana-St,-Orlando,-FL-32803","800 Montana St, Orlando, FL 32803",800 Montana St,,Orlando,FL,32803,Orange,28.561869,-81.367266,multi-family,4.0,4.0,2127.0,6103.0,1930.0,Inactive,625000,2023-06-09T00:00:00.000Z,153,13.345508528717259
"1410-Cardinal-Rd,-Orlando,-FL-32803","1410 Cardinal Rd, Orlando, FL 32803",1410 Cardinal Rd,,Orlando,FL,32803,Orange,28.564371,-81.343002,single_family,3.0,1.0,1536.0,10019.0,1973.0,Inactive,639000,2023-08-17T00:00:00.000Z,84,13.367661298303675
"1610-Oregon-St,-Orlando,-FL-32803","1610 Oregon St, Orlando, FL 32803",1610 Oregon St,,Orlando,FL,32803,Orange,28.560152,-81.359932,single_family,2.0,1.0,796.0,5687.0,1947.0,Inactive,399000,2023-11-02T00:00:00.000Z,5,12.896719202134523
"706-Braidwood-Ln,-Orlando,-FL-32803","706 Braidwood Ln, Orlando, FL 32803",706 Braidwood Ln,,Orlando,FL,32803,Orange,28.53305,-81.339522,single_family,3.0,2.0,1651.0,9088.0,1956.0,Inactive,425000,2023-08-28T00:00:00.000Z,69,12.959846800844963
"4270-Lake-Underhill-Rd,-Apt-B,-Orlando,-FL-32803","4270 Lake Underhill Rd, Apt B, Orlando, FL 32803",4270 Lake Underhill Rd,Apt B,Orlando,FL,32803,Orange,28.535363,-81.333076,condo,2.0,2.0,1400.0,7790.5,1969.0,Inactive,249500,2023-10-28T00:00:00.000Z,7,12.427218202181711
"3210-Pickfair-St,-Orlando,-FL-32803","3210 Pickfair St, Orlando, FL 32803",3210 Pickfair St,,Orlando,FL,32803,Orange,28.534095,-81.343111,single_family,2.0,1.0,1319.0,7688.0,1952.0,Inactive,325000,2023-09-28T00:00:00.000Z,33,12.691583538230217
"1819-Lake-Sue-Dr,-Orlando,-FL-32803","1819 Lake Sue Dr, Orlando, FL 32803",1819 Lake Sue Dr,,Orlando,FL,32803,Orange,28.568628,-81.348351,single_family,3.0,2.0,1640.0,6250.0,1950.0,Inactive,599000,2023-10-25T00:00:00.000Z,6,13.303018546545275
"1421-Weber-St,-Orlando,-FL-32803","1421 Weber St, Orlando, FL 32803",1421 Weber St,,Orlando,FL,32803,Orange,28.558823,-81.361506,single_family,3.0,2.0,960.0,5803.0,1990.0,Inactive,349900,2023-09-19T00:00:00.000Z,41,12.765405536311112
"1115-Munster-St,-Orlando,-FL-32803","1115 Munster St, Orlando, FL 32803",1115 Munster St,,Orlando,FL,32803,Orange,28.578538,-81.365136,single_family,3.0,2.0,1865.0,9070.0,1951.0,Inactive,925000,2023-10-24T00:00:00.000Z,5,13.73755009757506
"2025-Merritt-Park-Dr,-Orlando,-FL-32803","2025 Merritt Park Dr, Orlando, FL 32803",2025 Merritt Park Dr,,Orlando,FL,32803,Orange,28.570419,-81.353931,single_family,4.0,2.0,1423.0,11326.0,1954.0,Inactive,480000,2023-10-18T00:00:00.000Z,10,13.081543466215237
"1511-Canton-St,-Orlando,-FL-32803","1511 Canton St, Orlando, FL 32803",1511 Canton St,,Orlando,FL,32803,Orange,28.559732,-81.361018,multi-family,4.0,2.0,1652.0,7481.0,1968.0,Inactive,470000,2023-10-19T00:00:00.000Z,7,13.060490101343552
"3630-Corrine-Dr,-Orlando,-FL-32803","3630 Corrine Dr, Orlando, FL 32803",3630 Corrine Dr,,Orlando,FL,32803,Orange,28.567604,-81.339053,single_family,3.0,2.0,1192.0,8003.0,1954.0,Inactive,440000,2023-08-14T00:00:00.000Z,72,12.994532278619134
"1603-Woodward-St,-Unit-19,-Orlando,-FL-32803","1603 Woodward St, Unit 19, Orlando, FL 32803",1603 Woodward St,Unit 19,Orlando,FL,32803,Orange,28.554191,-81.360102,townhouse,3.0,2.0,2066.0,1460.0,2018.0,Inactive,581000,2023-08-21T00:00:00.000Z,61,13.272507757002963
"2506-E-Church-St,-Orlando,-FL-32803","2506 E Church St, Orlando, FL 32803",2506 E Church St,,Orlando,FL,32803,Orange,28.540242,-81.350621,townhouse,3.0,2.0,1743.0,7017.0,2016.0,Inactive,499000,2023-09-19T00:00:00.000Z,30,13.120363378739663
"3324-Pelham-Rd,-Orlando,-FL-32803","3324 Pelham Rd, Orlando, FL 32803",3324 Pelham Rd,,Orlando,FL,32803,Orange,28.581221,-81.372314,single_family,2.0,1.0,1404.0,8027.0,1944.0,Inactive,350000,2023-09-28T00:00:00.000Z,21,12.765691290604371
"603-E-Ridgewood-St,-Orlando,-FL-32803","603 E Ridgewood St, Orlando, FL 32803",603 E Ridgewood St,,Orlando,FL,32803,Orange,28.546839,-81.370289,townhouse,3.0,4.0,3218.0,1350.0,1928.0,Inactive,1625000,2023-09-28T00:00:00.000Z,21,14.301018989130402
"1216-N-Bumby-Ave,-Orlando,-FL-32803","1216 N Bumby Ave, Orlando, FL 32803",1216 N Bumby Ave,,Orlando,FL,32803,Orange,28.562398,-81.351981,single_family,4.0,3.0,2024.0,9750.0,1957.0,Inactive,560000,2023-07-11T00:00:00.000Z,99,13.235693848424024
"1017-N-Forest-Ave,-Orlando,-FL-32803","1017 N Forest Ave, Orlando, FL 32803",1017 N Forest Ave,,Orlando,FL,32803,Orange,28.559264,-81.354849,single_family,2.0,1.0,997.0,6578.0,1950.0,Inactive,399000,2023-10-11T00:00:00.000Z,6,12.896719202134523
"1913-E-Marks-St,-Orlando,-FL-32803","1913 E Marks St, Orlando, FL 32803",1913 E Marks St,,Orlando,FL,32803,Orange,28.557091,-81.356706,single_family,3.0,2.0,1936.0,8358.0,1930.0,Inactive,595000,2023-10-10T00:00:00.000Z,4,13.296318365198623
"3811-Bobolink-Ln,-Orlando,-FL-32803","3811 Bobolink Ln, Orlando, FL 32803",3811 Bobolink Ln,,Orlando,FL,32803,Orange,28.566451,-81.337084,single_family,4.0,3.0,2296.0,12632.0,1954.0,Inactive,659000,2023-10-06T00:00:00.000Z,6,13.398480330934175
"1338-Belgrade-Ave,-Orlando,-FL-32803","1338 Belgrade Ave, Orlando, FL 32803",1338 Belgrade Ave,,Orlando,FL,32803,Orange,28.563629,-81.362739,single_family,2.0,1.0,1092.0,5164.0,1951.0,Inactive,419000,2023-09-28T00:00:00.000Z,13,12.945628585536271
"1612-E-Central-Blvd,-Orlando,-FL-32803","1612 E Central Blvd, Orlando, FL 32803",1612 E Central Blvd,,Orlando,FL,32803,Orange,28.542501,-81.359527,single_family,1.0,1.0,840.0,8132.0,1953.0,Inactive,390000,2023-08-09T00:00:00.000Z,56,12.873904582205107
"2011-Weber-St,-Orlando,-FL-32803","2011 Weber St, Orlando, FL 32803",2011 Weber St,,Orlando,FL,32803,Orange,28.55846,-81.355697,single_family,3.0,2.0,1184.0,7681.0,1946.0,Inactive,450000,2023-09-26T00:00:00.000Z,8,13.017005083966255
"649-Park-Lake-St,-Orlando,-FL-32803","649 Park Lake St, Orlando, FL 32803",649 Park Lake St,,Orlando,FL,32803,Orange,28.555167,-81.369371,single_family,3.0,2.0,1160.0,6209.0,1930.0,Inactive,409000,2023-09-27T00:00:00.000Z,4,12.921472880009725
"2707-Kilgore-St,-Orlando,-FL-32803","2707 Kilgore St, Orlando, FL 32803",2707 Kilgore St,,Orlando,FL,32803,Orange,28.543533,-81.348605,single_family,3.0,2.0,1654.0,6504.0,2009.0,Inactive,499999,2023-09-22T00:00:00.000Z,6,13.122363377404328
"1335-Hardy-Ave,-Orlando,-FL-32803","1335 Hardy Ave, Orlando, FL 32803",1335 Hardy Ave,,Orlando,FL,32803,Orange,28.563498,-81.356621,single_family,4.0,3.0,2202.0,8592.0,1953.0,Inactive,739900,2023-09-06T00:00:00.000Z,21,13.51427167244672
"320-N-Forest-Ave,-Orlando,-FL-32803","320 N Forest Ave, Orlando, FL 32803",320 N Forest Ave,,Orlando,FL,32803,Orange,28.546689,-81.355414,single_family,4.0,3.0,2194.0,5524.0,2001.0,Inactive,625000,2023-03-18T00:00:00.000Z,191,13.345508528717259
"2806-Pickfair-St,-Orlando,-FL-32803","2806 Pickfair St, Orlando, FL 32803",2806 Pickfair St,,Orlando,FL,32803,Orange,28.534345,-81.347036,single_family,3.0,2.0,1452.0,8135.0,1958.0,Inactive,399000,2023-09-17T00:00:00.000Z,8,12.896719202134523
"2420-Illinois-St,-Orlando,-FL-32803","2420 Illinois St, Orlando, FL 32803",2420 Illinois St,,Orlando,FL,32803,Orange,28.555504,-81.351163,single_family,3.0,2.0,1497.0,8250.0,1953.0,Inactive,489900,2023-09-08T00:00:00.000Z,15,13.101958608857487
"830-Floral-Dr,-Orlando,-FL-32803","830 Floral Dr, Orlando, FL 32803",830 Floral Dr,,Orlando,FL,32803,Orange,28.556201,-81.352913,single_family,3.0,2.0,1089.0,8234.0,1940.0,Inactive,409000,2023-06-23T00:00:00.000Z,91,12.921472880009725
"810-Park-Lake-St,-Orlando,-FL-32803","810 Park Lake St, Orlando, FL 32803",810 Park Lake St,,Orlando,FL,32803,Orange,28.55471,-81.367241,single_family,2.0,1.0,1118.0,6517.0,1947.0,Inactive,499000,2023-06-30T00:00:00.000Z,84,13.120363378739663
"1922-Canton-St,-Orlando,-FL-32803","1922 Canton St, Orlando, FL 32803",1922 Canton St,,Orlando,FL,32803,Orange,28.559265,-81.356432,single_family,2.0,2.0,1296.0,6655.0,1930.0,Inactive,429900,2023-08-13T00:00:00.000Z,40,12.971310228604022
"4224-Lake-Underhill-Rd,-Apt-A,-Orlando,-FL-32803","4224 Lake Underhill Rd, Apt A, Orlando, FL 32803",4224 Lake Underhill Rd,Apt A,Orlando,FL,32803,Orange,28.536983,-81.333133,condo,2.0,2.0,1450.0,547114.0,1969.0,Inactive,250000,2023-09-11T00:00:00.000Z,11,12.429220196836383
"1105-Chichester-St,-Orlando,-FL-32803","1105 Chichester St, Orlando, FL 32803",1105 Chichester St,,Orlando,FL,32803,Orange,28.581197,-81.36534,single_family,3.0,2.0,1594.0,8100.0,1955.0,Inactive,609900,2023-07-18T00:00:00.000Z,60,13.321051927896255
"4020-Ibis-Dr,-Orlando,-FL-32803","4020 Ibis Dr, Orlando, FL 32803",4020 Ibis Dr,,Orlando,FL,32803,Orange,28.561891,-81.334841,single_family,4.0,3.0,1430.0,7728.0,1956.0,Inactive,499000,2023-09-13T00:00:00.000Z,3,13.120363378739663
"505-E-Amelia-St,-Orlando,-FL-32803","505 E Amelia St, Orlando, FL 32803",505 E Amelia St,,Orlando,FL,32803,Orange,28.549694,-81.371417,single_family,5.0,4.0,2609.0,6732.0,1991.0,Inactive,1250000,2023-08-01T00:00:00.000Z,42,14.038654909278163
"2415-Cole-Rd,-Orlando,-FL-32803","2415 Cole Rd, Orlando, FL 32803",2415 Cole Rd,,Orlando,FL,32803,Orange,28.567215,-81.35108,single_family,3.0,2.0,1098.0,7496.0,1952.0,Inactive,429000,2023-08-23T00:00:00.000Z,20,12.969214528909768
"1801-Maplewood-Dr,-Orlando,-FL-32803","1801 Maplewood Dr, Orlando, FL 32803",1801 Maplewood Dr,,Orlando,FL,32803,Orange,28.567997,-81.352455,single_family,3.0,2.0,1505.0,9600.0,1956.0,Inactive,529000,2023-08-04T00:00:00.000Z,37,13.178745601197818
"2501-E-Central-Blvd,-Unit-11,-Orlando,-FL-32803","2501 E Central Blvd, Unit 11, Orlando, FL 32803",2501 E Central Blvd,Unit 11,Orlando,FL,32803,Orange,28.542689,-81.350896,condo,1.0,1.0,524.0,2337.0,1972.0,Inactive,190000,2023-08-26T00:00:00.000Z,15,12.154784614286667
"1909-Garvin-St,-Orlando,-FL-32803","1909 Garvin St, Orlando, FL 32803",1909 Garvin St,,Orlando,FL,32803,Orange,28.55788,-81.356875,single_family,4.0,3.0,1713.0,3464.0,2004.0,Inactive,499900,2023-09-01T00:00:00.000Z,6,13.12216535779974
"400-E-Colonial-Dr,-Apt-102,-Orlando,-FL-32803","400 E Colonial Dr, Apt 102, Orlando, FL 32803",400 E Colonial Dr,Apt 102,Orlando,FL,32803,Orange,28.552805,-81.372231,condo,2.0,2.0,1189.0,12197.0,1975.0,Inactive,335000,2023-08-25T00:00:00.000Z,8,12.721888795877375
"3001-Raven-Rd,-Orlando,-FL-32803","3001 Raven Rd, Orlando, FL 32803",3001 Raven Rd,,Orlando,FL,32803,Orange,28.567163,-81.345851,single_family,3.0,2.0,1790.0,9385.0,1959.0,Inactive,629000,2023-05-24T00:00:00.000Z,100,13.351888125506433
"1208-Chichester-St,-Orlando,-FL-32803","1208 Chichester St, Orlando, FL 32803",1208 Chichester St,,Orlando,FL,32803,Orange,28.580661,-81.363879,single_family,4.0,3.0,3496.0,10019.0,2022.0,Inactive,1495000,2023-07-14T00:00:00.000Z,49,14.217637433703022
"1410-Altaloma-Ave,-Orlando,-FL-32803","1410 Altaloma Ave, Orlando, FL 32803",1410 Altaloma Ave,,Orlando,FL,32803,Orange,28.564441,-81.3598,single_family,4.0,3.0,1943.0,6511.0,1925.0,Inactive,615000,2023-08-08T00:00:00.000Z,24,13.329379172803593
"2510-E-Church-St,-Orlando,-FL-32803","2510 E Church St, Orlando, FL 32803",2510 E Church St,,Orlando,FL,32803,Orange,28.540243,-81.350459,single_family,3.0,2.0,1456.0,7017.0,1956.0,Inactive,450000,2023-08-27T00:00:00.000Z,5,13.017005083966255
"400-E-Colonial-Dr,-Apt-105,-Orlando,-FL-32803","400 E Colonial Dr, Apt 105, Orlando, FL 32803",400 E Colonial Dr,Apt 105,Orlando,FL,32803,Orange,28.552804,-81.372234,condo,1.0,1.0,799.0,12197.0,1975.0,Inactive,219900,2023-08-01T00:00:00.000Z,26,12.300932724054114
"841-Mayfair-Cir,-Orlando,-FL-32803","841 Mayfair Cir, Orlando, FL 32803",841 Mayfair Cir,,Orlando,FL,32803,Orange,28.536357,-81.354146,single_family,3.0,2.0,1339.0,8896.0,1950.0,Inactive,468000,2023-08-17T00:00:00.000Z,9,13.056225711649638
"1225-Cole-Rd,-Orlando,-FL-32803","1225 Cole Rd, Orlando, FL 32803",1225 Cole Rd,,Orlando,FL,32803,Orange,28.563425,-81.348228,single_family,2.0,1.0,993.0,7629.0,1953.0,Inactive,422500,2023-06-30T00:00:00.000Z,55,12.95394709264047
"430-Davis-Dr,-Orlando,-FL-32803","430 Davis Dr, Orlando, FL 32803",430 Davis Dr,,Orlando,FL,32803,Orange,28.549177,-81.357788,single_family,3.0,2.0,1917.0,8168.0,1950.0,Inactive,605000,2023-08-14T00:00:00.000Z,9,13.312985389904174
"4216-Lake-Underhill-Rd,---6A2-6,-Orlando,-FL-32803","4216 Lake Underhill Rd, # 6A2-6, Orlando, FL 32803",4216 Lake Underhill Rd,# 6A2-6,Orlando,FL,32803,Orange,28.535363,-81.333076,condo,3.0,2.0,1640.0,547114.0,1969.0,Inactive,285000,2023-06-16T00:00:00.000Z,66,12.560247968016562
"635-E-Amelia-St,-Orlando,-FL-32803","635 E Amelia St, Orlando, FL 32803",635 E Amelia St,,Orlando,FL,32803,Orange,28.549792,-81.369195,single_family,4.0,3.0,2706.0,10454.0,1925.0,Inactive,899000,2023-05-30T00:00:00.000Z,79,13.70903942580019
"2508-Betty-St,-Orlando,-FL-32803","2508 Betty St, Orlando, FL 32803",2508 Betty St,,Orlando,FL,32803,Orange,28.554741,-81.350689,single_family,3.0,2.0,1333.0,8139.0,1953.0,Inactive,475000,2023-08-02T00:00:00.000Z,13,13.07107218827772
"3911-Finch-St,-Orlando,-FL-32803","3911 Finch St, Orlando, FL 32803",3911 Finch St,,Orlando,FL,32803,Orange,28.5673,-81.336482,single_family,2.0,1.0,1380.0,9000.0,1955.0,Inactive,425000,2023-08-11T00:00:00.000Z,4,12.959846800844963
"437-N-Shine-Ave,-Orlando,-FL-32803","437 N Shine Ave, Orlando, FL 32803",437 N Shine Ave,,Orlando,FL,32803,Orange,28.548985,-81.361986,single_family,3.0,2.0,1036.0,9032.0,1915.0,Inactive,309900,2023-05-04T00:00:00.000Z,102,12.644008170618003
"1419-N-Fern-Creek-Ave,-Orlando,-FL-32803","1419 N Fern Creek Ave, Orlando, FL 32803",1419 N Fern Creek Ave,,Orlando,FL,32803,Orange,28.56471,-81.36021,single_family,3.0,2.0,1217.0,6534.0,1947.0,Inactive,525000,2023-07-05T00:00:00.000Z,38,13.171155446333852
"1608-E-Concord-St,-Orlando,-FL-32803","1608 E Concord St, Orlando, FL 32803",1608 E Concord St,,Orlando,FL,32803,Orange,28.55096,-81.359832,townhouse,3.0,2.0,1681.0,1900.0,2019.0,Inactive,590000,2023-08-03T00:00:00.000Z,8,13.28787951079572
"4005-Virginia-Dr,-Orlando,-FL-32803","4005 Virginia Dr, Orlando, FL 32803",4005 Virginia Dr,,Orlando,FL,32803,Orange,28.564771,-81.335478,single_family,3.0,2.0,1680.0,13068.0,1956.0,Inactive,749999,2023-07-21T00:00:00.000Z,18,13.527828485512494
"906-Altaloma-Ave,-Orlando,-FL-32803","906 Altaloma Ave, Orlando, FL 32803",906 Altaloma Ave,,Orlando,FL,32803,Orange,28.55707,-81.359535,single_family,2.0,1.0,964.0,8337.0,1947.0,Inactive,375000,2023-07-30T00:00:00.000Z,4,12.834683971615659
"1745-Flamingo-Dr,-Orlando,-FL-32803","1745 Flamingo Dr, Orlando, FL 32803",1745 Flamingo Dr,,Orlando,FL,32803,Orange,28.568121,-81.362463,single_family,3.0,2.0,1680.0,9615.0,1956.0,Inactive,650000,2023-07-27T00:00:00.000Z,6,13.384729180332174
"3626-Bobolink-Ln,-Orlando,-FL-32803","3626 Bobolink Ln, Orlando, FL 32803",3626 Bobolink Ln,,Orlando,FL,32803,Orange,28.565922,-81.33921,single_family,3.0,2.0,1192.0,8769.0,1953.0,Inactive,430000,2023-07-28T00:00:00.000Z,5,12.971542813248437
"3620-Chelsea-St,-Orlando,-FL-32803","3620 Chelsea St, Orlando, FL 32803",3620 Chelsea St,,Orlando,FL,32803,Orange,28.562601,-81.339303,single_family,3.0,1.0,1112.0,7843.0,1955.0,Inactive,399000,2023-06-13T00:00:00.000Z,49,12.896719202134523
"1925-E-Marks-St,-Orlando,-FL-32803","1925 E Marks St, Orlando, FL 32803",1925 E Marks St,,Orlando,FL,32803,Orange,28.556924,-81.356937,single_family,4.0,3.0,2970.0,7450.0,2023.0,Inactive,1095000,2023-07-02T00:00:00.000Z,30,13.90626583447433
"3078-Plaza-Terrace-Dr,---3078,-Orlando,-FL-32803","3078 Plaza Terrace Dr, # 3078, Orlando, FL 32803",3078 Plaza Terrace Dr,# 3078,Orlando,FL,32803,Orange,28.56156,-81.343682,condo,1.0,1.0,663.0,9675.0,1972.0,Inactive,205000,2023-07-26T00:00:00.000Z,5,12.230770136157428
"2638-Homer-Cir,-Orlando,-FL-32803","2638 Homer Cir, Orlando, FL 32803",2638 Homer Cir,,Orlando,FL,32803,Orange,28.554473,-81.348389,single_family,3.0,1.0,1594.0,6717.0,1953.0,Inactive,369000,2023-07-28T00:00:00.000Z,3,12.818554633046093
"5357-Sunrise-Blvd,-Orlando,-FL-32803","5357 Sunrise Blvd, Orlando, FL 32803",5357 Sunrise Blvd,,Orlando,FL,32803,Orange,28.564259,-81.31674,single_family,3.0,2.0,1107.0,7478.0,1984.0,Inactive,375000,2023-06-22T00:00:00.000Z,34,12.834683971615659
"3158-Plaza-Terrace-Dr,---3158,-Orlando,-FL-32803","3158 Plaza Terrace Dr, # 3158, Orlando, FL 32803",3158 Plaza Terrace Dr,# 3158,Orlando,FL,32803,Orange,28.56119,-81.344363,condo,2.0,2.0,890.0,7790.5,1972.0,Inactive,285000,2023-07-20T00:00:00.000Z,4,12.560247968016562
"1606-Park-Lake-St,-Unit-10,-Orlando,-FL-32803","1606 Park Lake St, Unit 10, Orlando, FL 32803",1606 Park Lake St,Unit 10,Orlando,FL,32803,Orange,28.55456,-81.360176,townhouse,3.0,2.0,2190.0,2769.0,2023.0,Inactive,600000,2023-04-26T00:00:00.000Z,88,13.304686600863562
"3007-Clemwood-St,-Orlando,-FL-32803","3007 Clemwood St, Orlando, FL 32803",3007 Clemwood St,,Orlando,FL,32803,Orange,28.532163,-81.345198,single_family,3.0,2.0,1426.0,10454.0,1958.0,Inactive,470000,2023-07-11T00:00:00.000Z,6,13.060490101343552
"400-E-Colonial-Dr,-Apt-807,-Orlando,-FL-32803","400 E Colonial Dr, Apt 807, Orlando, FL 32803",400 E Colonial Dr,Apt 807,Orlando,FL,32803,Orange,28.552804,-81.372234,condo,2.0,2.0,1189.0,12197.0,1975.0,Inactive,330000,2023-06-29T00:00:00.000Z,14,12.706850963741102
"602-E-Amelia-St,-Orlando,-FL-32803","602 E Amelia St, Orlando, FL 32803",602 E Amelia St,,Orlando,FL,32803,Orange,28.549158,-81.370314,single_family,4.0,2.0,1796.0,5525.0,1920.0,Inactive,698800,2023-07-07T00:00:00.000Z,6,13.457121288265629
"2226-Forest-Cir,-Orlando,-FL-32803","2226 Forest Cir, Orlando, FL 32803",2226 Forest Cir,,Orlando,FL,32803,Orange,28.53907704,-81.35365909,townhouse,3.0,2.0,2307.0,1232.0,2023.0,Inactive,676990,2023-03-15T00:00:00.000Z,119,13.425413257862177
"2224-Forest-Cir,-Orlando,-FL-32803","2224 Forest Cir, Orlando, FL 32803",2224 Forest Cir,,Orlando,FL,32803,Orange,28.53960485,-81.35416334,townhouse,3.0,2.0,2307.0,1232.0,2023.0,Inactive,659990,2023-03-15T00:00:00.000Z,119,13.399981477545996
"2224-Severn-Way,-Orlando,-FL-32803","2224 Severn Way, Orlando, FL 32803",2224 Severn Way,,Orlando,FL,32803,Orange,28.53971795,-81.35379856,townhouse,3.0,2.0,2234.0,1232.0,2023.0,Inactive,689990,2023-03-15T00:00:00.000Z,119,13.444433833010114
"2226-Severn-Way,-Orlando,-FL-32803","2226 Severn Way, Orlando, FL 32803",2226 Severn Way,,Orlando,FL,32803,Orange,28.53957658,-81.35375565,townhouse,3.0,2.0,2251.0,1232.0,2023.0,Inactive,699990,2023-03-15T00:00:00.000Z,119,13.45882275680003
"2238-Severn-Way,-Orlando,-FL-32803","2238 Severn Way, Orlando, FL 32803",2238 Severn Way,,Orlando,FL,32803,Orange,28.5395106,-81.35375565,single_family,4.0,3.0,2645.0,1232.0,2023.0,Inactive,869990,2023-05-05T00:00:00.000Z,68,13.676238145749672
"2232-Severn-Way,-Orlando,-FL-32803","2232 Severn Way, Orlando, FL 32803",2232 Severn Way,,Orlando,FL,32803,Orange,28.53959808,-81.35384908,single_family,4.0,3.0,3165.0,1232.0,2023.0,Inactive,929990,2023-05-05T00:00:00.000Z,68,13.742930187663257
"711-High-St,-Orlando,-FL-32803","711 High St, Orlando, FL 32803",711 High St,,Orlando,FL,32803,Orange,28.555075,-81.322122,single_family,2.0,1.0,840.0,8245.0,1956.0,Inactive,245000,2023-07-07T00:00:00.000Z,5,12.409017571151187
"3914-Bobolink-Ln,-Orlando,-FL-32803","3914 Bobolink Ln, Orlando, FL 32803",3914 Bobolink Ln,,Orlando,FL,32803,Orange,28.565943,-81.336214,single_family,4.0,3.0,1589.0,9194.0,1954.0,Inactive,495000,2023-06-30T00:00:00.000Z,7,13.112315061750808
"3511-Corrine-Dr,-Orlando,-FL-32803","3511 Corrine Dr, Orlando, FL 32803",3511 Corrine Dr,,Orlando,FL,32803,Orange,28.568146,-81.340917,single_family,2.0,1.0,839.0,8540.0,1952.0,Inactive,399000,2023-06-15T00:00:00.000Z,21,12.896719202134523
"101-Forest-Cir,-Orlando,-FL-32803","101 Forest Cir, Orlando, FL 32803",101 Forest Cir,,Orlando,FL,32803,Orange,28.541309,-81.353606,single_family,4.0,1.0,1212.0,8673.0,1950.0,Inactive,380000,2023-05-31T00:00:00.000Z,35,12.847929163278053
"2209-Illinois-St,-Orlando,-FL-32803","2209 Illinois St, Orlando, FL 32803",2209 Illinois St,,Orlando,FL,32803,Orange,28.556014,-81.353367,single_family,2.0,1.0,1087.0,7108.0,1940.0,Inactive,435000,2023-05-31T00:00:00.000Z,34,12.983103608918753
"2025-E-Concord-St,-Orlando,-FL-32803","2025 E Concord St, Orlando, FL 32803",2025 E Concord St,,Orlando,FL,32803,Orange,28.551606,-81.355163,single_family,2.0,2.0,1187.0,7014.0,1959.0,Inactive,423000,2023-06-08T00:00:00.000Z,26,12.955129822091815
"301-S-Hampton-Ave,-Orlando,-FL-32803","301 S Hampton Ave, Orlando, FL 32803",301 S Hampton Ave,,Orlando,FL,32803,Orange,28.539494,-81.355681,single_family,2.0,1.0,886.0,8804.0,1950.0,Inactive,379000,2023-06-30T00:00:00.000Z,4,12.84529412258351
"837-N-Fern-Creek-Ave,---200,-Orlando,-FL-32803","837 N Fern Creek Ave, # 200, Orlando, FL 32803",837 N Fern Creek Ave,# 200,Orlando,FL,32803,Orange,28.556178,-81.360112,townhouse,3.0,3.0,2025.0,3918.0,2003.0,Inactive,499000,2023-06-24T00:00:00.000Z,9,13.120363378739663
"806-E-Concord-St,-Orlando,-FL-32803","806 E Concord St, Orlando, FL 32803",806 E Concord St,,Orlando,FL,32803,Orange,28.551001,-81.36731,single_family,4.0,3.0,2043.0,6787.0,1925.0,Inactive,569000,2023-06-29T00:00:00.000Z,4,13.251637470576167
"519-Sunglow-Dr,-Orlando,-FL-32803","519 Sunglow Dr, Orlando, FL 32803",519 Sunglow Dr,,Orlando,FL,32803,Orange,28.536361,-81.344239,single_family,3.0,2.0,1212.0,11326.0,1956.0,Inactive,485000,2023-06-29T00:00:00.000Z,3,13.091906231773164
"738-S-Bumby-Ave,-Orlando,-FL-32803","738 S Bumby Ave, Orlando, FL 32803",738 S Bumby Ave,,Orlando,FL,32803,Orange,28.531891,-81.352041,single_family,4.0,2.0,1541.0,7293.0,1950.0,Inactive,489900,2023-06-21T00:00:00.000Z,6,13.101958608857487
"15-N-Hampton-Ave,-Orlando,-FL-32803","15 N Hampton Ave, Orlando, FL 32803",15 N Hampton Ave,,Orlando,FL,32803,Orange,28.542828,-81.355711,single_family,4.0,3.0,1882.0,3798.0,2023.0,Inactive,680000,2021-12-23T00:00:00.000Z,548,13.429849547739444
"2220-Rowena-Ave,-Orlando,-FL-32803","2220 Rowena Ave, Orlando, FL 32803",2220 Rowena Ave,,Orlando,FL,32803,Orange,28.570376,-81.352865,single_family,4.0,3.0,4111.0,16553.0,2020.0,Inactive,2995000,2023-04-24T00:00:00.000Z,60,14.912455123421447
"811-Laurel-Ave,-Orlando,-FL-32803","811 Laurel Ave, Orlando, FL 32803",811 Laurel Ave,,Orlando,FL,32803,Orange,28.555398,-81.367285,single_family,4.0,3.0,2545.0,5414.0,1925.0,Inactive,849900,2023-04-26T00:00:00.000Z,58,13.652875151095039
"1800-Palm-Ln,-Orlando,-FL-32803","1800 Palm Ln, Orlando, FL 32803",1800 Palm Ln,,Orlando,FL,32803,Orange,28.567985,-81.35205,single_family,3.0,1.0,1153.0,9520.0,1955.0,Inactive,375000,2023-06-05T00:00:00.000Z,16,12.834683971615659
"4449-Beach-Blvd,-Orlando,-FL-32803","4449 Beach Blvd, Orlando, FL 32803",4449 Beach Blvd,,Orlando,FL,32803,Orange,28.560003,-81.323783,single_family,4.0,3.0,1932.0,37026.0,1955.0,Inactive,900000,2023-06-14T00:00:00.000Z,7,13.710151153416941
"4382-Lake-Underhill-Rd,-Apt-C,-Orlando,-FL-32803","4382 Lake Underhill Rd, Apt C, Orlando, FL 32803",4382 Lake Underhill Rd,Apt C,Orlando,FL,32803,Orange,28.535363,-81.333076,condo,2.0,2.0,1250.0,547114.0,1970.0,Inactive,200000,2023-06-15T00:00:00.000Z,6,12.206077645517674
"3014-E-Washington-St,-Orlando,-FL-32803","3014 E Washington St, Orlando, FL 32803",3014 E Washington St,,Orlando,FL,32803,Orange,28.54392,-81.344977,single_family,2.0,2.0,758.0,8176.0,1950.0,Inactive,325000,2023-06-16T00:00:00.000Z,5,12.691583538230217
"3221-Underhill-Ct,-Orlando,-FL-32803","3221 Underhill Ct, Orlando, FL 32803",3221 Underhill Ct,,Orlando,FL,32803,Orange,28.536238,-81.34257,single_family,2.0,1.0,977.0,11761.0,1950.0,Inactive,395000,2023-06-15T00:00:00.000Z,5,12.886643575525625
"1909-Valencia-Rd,-Orlando,-FL-32803","1909 Valencia Rd, Orlando, FL 32803",1909 Valencia Rd,,Orlando,FL,32803,Orange,28.548597,-81.357002,single_family,2.0,1.0,1313.0,6794.0,1950.0,Inactive,349000,2023-05-04T00:00:00.000Z,44,12.762830066509972
"605-Broadway-Ave,---1,-Orlando,-FL-32803","605 Broadway Ave, # 1, Orlando, FL 32803",605 Broadway Ave,# 1,Orlando,FL,32803,Orange,28.55165,-81.372304,condo,3.0,2.0,1800.0,25700.0,1985.0,Inactive,445000,2023-06-05T00:00:00.000Z,12,13.005831808336863
"818-Mount-Vernon-St,-Orlando,-FL-32803","818 Mount Vernon St, Orlando, FL 32803",818 Mount Vernon St,,Orlando,FL,32803,Orange,28.550113,-81.366814,single_family,3.0,2.0,1610.0,7134.0,1934.0,Inactive,580000,2023-05-12T00:00:00.000Z,35,13.270785106659046
"827-Altaloma-Ave,-Orlando,-FL-32803","827 Altaloma Ave, Orlando, FL 32803",827 Altaloma Ave,,Orlando,FL,32803,Orange,28.55595,-81.358692,townhouse,3.0,2.0,1700.0,1042.0,2003.0,Inactive,429000,2023-06-10T00:00:00.000Z,5,12.969214528909768
"4200-Lake-Underhill-Rd,---2B3,-Orlando,-FL-32803","4200 Lake Underhill Rd, # 2B3, Orlando, FL 32803",4200 Lake Underhill Rd,# 2B3,Orlando,FL,32803,Orange,28.535363,-81.333076,condo,2.0,2.0,1400.0,547114.0,1969.0,Inactive,229900,2023-06-11T00:00:00.000Z,4,12.345404060459082
"2301-Oregon-St,-Orlando,-FL-32803","2301 Oregon St, Orlando, FL 32803",2301 Oregon St,,Orlando,FL,32803,Orange,28.560306,-81.353098,single_family,3.0,2.0,1331.0,8694.0,1949.0,Inactive,445000,2023-04-25T00:00:00.000Z,50,13.005831808336863
"2923-E-Jefferson-St,-Orlando,-FL-32803","2923 E Jefferson St, Orlando, FL 32803",2923 E Jefferson St,,Orlando,FL,32803,Orange,28.545351,-81.345923,single_family,3.0,3.0,1775.0,8659.0,1964.0,Inactive,599000,2023-05-20T00:00:00.000Z,24,13.303018546545275
"2527-Kilgore-St,---202,-Orlando,-FL-32803","2527 Kilgore St, # 202, Orlando, FL 32803",2527 Kilgore St,# 202,Orlando,FL,32803,Orange,28.543514,-81.350124,condo,2.0,2.0,823.0,3603.0,1983.0,Inactive,225000,2023-06-05T00:00:00.000Z,8,12.323860125621126
"1025-N-Forest-Ave,-Orlando,-FL-32803","1025 N Forest Ave, Orlando, FL 32803",1025 N Forest Ave,,Orlando,FL,32803,Orange,28.559539,-81.354853,single_family,3.0,1.0,1024.0,6578.0,1948.0,Inactive,399000,2023-06-09T00:00:00.000Z,2,12.896719202134523
"1607-Woodward-St,-Unit-14,-Orlando,-FL-32803","1607 Woodward St, Unit 14, Orlando, FL 32803",1607 Woodward St,Unit 14,Orlando,FL,32803,Orange,28.554385,-81.360105,townhouse,3.0,2.0,2073.0,1350.0,2018.0,Inactive,584900,2023-01-22T00:00:00.000Z,138,13.27919788112362
"539-N-Fern-Creek-Ave,-Orlando,-FL-32803","539 N Fern Creek Ave, Orlando, FL 32803",539 N Fern Creek Ave,,Orlando,FL,32803,Orange,28.550927,-81.360065,townhouse,3.0,2.0,1730.0,1924.0,2020.0,Inactive,590000,2023-06-02T00:00:00.000Z,7,13.28787951079572
"1414-E-Harwood-St,-Orlando,-FL-32803","1414 E Harwood St, Orlando, FL 32803",1414 E Harwood St,,Orlando,FL,32803,Orange,28.548312,-81.361564,single_family,3.0,2.0,1348.0,3934.0,1926.0,Inactive,469900,2023-06-02T00:00:00.000Z,7,13.060277313201007
"343-Broadway-Ave,-Orlando,-FL-32803","343 Broadway Ave, Orlando, FL 32803",343 Broadway Ave,,Orlando,FL,32803,Orange,28.547292,-81.372402,single_family,3.0,3.0,1835.0,4349.0,1930.0,Inactive,699999,2022-06-29T00:00:00.000Z,344,13.458835614025542
"825-Chichester-St,-Orlando,-FL-32803","825 Chichester St, Orlando, FL 32803",825 Chichester St,,Orlando,FL,32803,Orange,28.580912,-81.368544,single_family,3.0,2.0,2064.0,11761.0,1950.0,Inactive,700000,2023-05-12T00:00:00.000Z,27,13.45883704259595
"2502-E-Marks-St,-Orlando,-FL-32803","2502 E Marks St, Orlando, FL 32803",2502 E Marks St,,Orlando,FL,32803,Orange,28.556278,-81.350943,single_family,3.0,2.0,1493.0,8164.0,1953.0,Inactive,369900,2023-06-05T00:00:00.000Z,3,12.820990681250251
"4318-Lake-Underhill-Rd,-Apt-B,-Orlando,-FL-32803","4318 Lake Underhill Rd, Apt B, Orlando, FL 32803",4318 Lake Underhill Rd,Apt B,Orlando,FL,32803,Orange,28.535362,-81.333076,condo,3.0,2.0,1640.0,10000.0,1969.0,Inactive,299999,2023-05-24T00:00:00.000Z,14,12.611537753638338
"1637-E-Amelia-St,-Orlando,-FL-32803","1637 E Amelia St, Orlando, FL 32803",1637 E Amelia St,,Orlando,FL,32803,Orange,28.549662,-81.358696,townhouse,3.0,2.0,1797.0,2372.0,2014.0,Inactive,499000,2022-11-30T00:00:00.000Z,184,13.120363378739663
"113-N-Hampton-Ave,-Orlando,-FL-32803","113 N Hampton Ave, Orlando, FL 32803",113 N Hampton Ave,,Orlando,FL,32803,Orange,28.544565,-81.355807,multi-family,2.0,2.0,1200.0,5977.0,1950.0,Inactive,499000,2023-05-18T00:00:00.000Z,14,13.120363378739663
"1201-Munster-St,-Orlando,-FL-32803","1201 Munster St, Orlando, FL 32803",1201 Munster St,,Orlando,FL,32803,Orange,28.578547,-81.364118,single_family,4.0,3.0,2510.0,12197.0,1952.0,Inactive,895000,2023-04-28T00:00:00.000Z,33,13.704580114574805
"714-E-Concord-St,-Orlando,-FL-32803","714 E Concord St, Orlando, FL 32803",714 E Concord St,,Orlando,FL,32803,Orange,28.550994,-81.367932,single_family,2.0,1.0,1036.0,6766.0,1945.0,Inactive,429000,2023-05-19T00:00:00.000Z,11,12.969214528909768
"349-Hillside-Ave,-Orlando,-FL-32803","349 Hillside Ave, Orlando, FL 32803",349 Hillside Ave,,Orlando,FL,32803,Orange,28.547554,-81.353546,single_family,3.0,2.0,1230.0,6139.0,2002.0,Inactive,495000,2023-05-25T00:00:00.000Z,4,13.112315061750808
"1919-And-1917-Garvin-St,-Orlando,-FL-32803","1919 And 1917 Garvin St, Orlando, FL 32803",1919 And 1917 Garvin St,,Orlando,FL,32803,Orange,28.55798,-81.356565,multi-family,3.0,2.0,947.0,6932.0,1930.0,Inactive,399000,2023-05-18T00:00:00.000Z,8,12.896719202134523
"12-N-Forest-Ave,-Orlando,-FL-32803","12 N Forest Ave, Orlando, FL 32803",12 N Forest Ave,,Orlando,FL,32803,Orange,28.542692,-81.355211,single_family,3.0,2.0,1248.0,5807.0,1925.0,Inactive,440000,2023-05-19T00:00:00.000Z,5,12.994532278619134
"1022-N-Forest-Ave,-Orlando,-FL-32803","1022 N Forest Ave, Orlando, FL 32803",1022 N Forest Ave,,Orlando,FL,32803,Orange,28.559291,-81.355413,single_family,4.0,3.0,2675.0,9753.0,2017.0,Inactive,925000,2023-05-18T00:00:00.000Z,5,13.73755009757506
"3615-Pelican-Ln,-Orlando,-FL-32803","3615 Pelican Ln, Orlando, FL 32803",3615 Pelican Ln,,Orlando,FL,32803,Orange,28.561601,-81.339399,single_family,3.0,2.0,1186.0,7790.0,1960.0,Inactive,449000,2023-04-04T00:00:00.000Z,47,13.014780393893403
"4892-Beach-Blvd,-Orlando,-FL-32803","4892 Beach Blvd, Orlando, FL 32803",4892 Beach Blvd,,Orlando,FL,32803,Orange,28.560499,-81.319179,single_family,4.0,3.0,2077.0,2877.0,2014.0,Inactive,649000,2023-04-27T00:00:00.000Z,22,13.38318953651709
"107-Primrose-Ct,-Orlando,-FL-32803","107 Primrose Ct, Orlando, FL 32803",107 Primrose Ct,,Orlando,FL,32803,Orange,28.54137,-81.345847,single_family,3.0,1.0,1008.0,7094.0,1954.0,Inactive,360000,2023-05-12T00:00:00.000Z,4,12.793862088206213
"2024-Anderson-Pl,-Orlando,-FL-32803","2024 Anderson Pl, Orlando, FL 32803",2024 Anderson Pl,,Orlando,FL,32803,Orange,28.536542,-81.354925,single_family,2.0,2.0,1535.0,8886.0,1948.0,Inactive,575000,2023-05-10T00:00:00.000Z,4,13.26212705890841
"4033-Ibis-Dr,-Orlando,-FL-32803","4033 Ibis Dr, Orlando, FL 32803",4033 Ibis Dr,,Orlando,FL,32803,Orange,28.562327,-81.334219,single_family,3.0,1.0,1190.0,6412.0,1956.0,Inactive,449000,2023-05-11T00:00:00.000Z,3,13.014780393893403
"347-Broadway-Ave,-Orlando,-FL-32803","347 Broadway Ave, Orlando, FL 32803",347 Broadway Ave,,Orlando,FL,32803,Orange,28.54742,-81.372404,single_family,2.0,1.0,1008.0,4549.0,1925.0,Inactive,425000,2023-04-14T00:00:00.000Z,29,12.959846800844963
"2423-Chelsea-St,-Orlando,-FL-32803","2423 Chelsea St, Orlando, FL 32803",2423 Chelsea St,,Orlando,FL,32803,Orange,28.56235,-81.35096,single_family,4.0,3.0,2975.0,14810.0,2020.0,Inactive,1150000,2023-05-03T00:00:00.000Z,8,13.955273369904273
"33-N-Primrose-Dr,-Orlando,-FL-32803","33 N Primrose Dr, Orlando, FL 32803",33 N Primrose Dr,,Orlando,FL,32803,Orange,28.543518,-81.347628,single_family,1.0,1.0,1208.0,7140.0,1955.0,Inactive,300000,2023-05-05T00:00:00.000Z,6,12.611541086966115
"111-S-Glenwood-Ave,-Orlando,-FL-32803","111 S Glenwood Ave, Orlando, FL 32803",111 S Glenwood Ave,,Orlando,FL,32803,Orange,28.541056,-81.3526,single_family,2.0,1.0,1218.0,6771.0,1953.0,Inactive,449000,2023-05-05T00:00:00.000Z,6,13.014780393893403
"1013-S-Lake-Formosa-Dr,-Orlando,-FL-32803","1013 S Lake Formosa Dr, Orlando, FL 32803",1013 S Lake Formosa Dr,,Orlando,FL,32803,Orange,28.568438,-81.365826,single_family,2.0,2.0,1848.0,17860.0,1972.0,Inactive,850000,2023-05-09T00:00:00.000Z,2,13.652992804936396
"1907-Illinois-St,-Orlando,-FL-32803","1907 Illinois St, Orlando, FL 32803",1907 Illinois St,,Orlando,FL,32803,Orange,28.556136,-81.356984,single_family,5.0,4.0,2848.0,7003.0,1930.0,Inactive,975000,2022-11-04T00:00:00.000Z,187,13.790193775620484
"4856-Beach-Blvd,-Orlando,-FL-32803","4856 Beach Blvd, Orlando, FL 32803",4856 Beach Blvd,,Orlando,FL,32803,Orange,28.559993,-81.320081,single_family,3.0,2.0,1758.0,2871.0,2014.0,Inactive,599900,2023-05-05T00:00:00.000Z,5,13.304519920584285
"933-La-Salle-Ave,-Orlando,-FL-32803","933 La Salle Ave, Orlando, FL 32803",933 La Salle Ave,,Orlando,FL,32803,Orange,28.557843,-81.361098,single_family,4.0,3.0,2662.0,12632.0,1940.0,Inactive,599000,2023-05-05T00:00:00.000Z,5,13.303018546545275
"1312-Heron-Dr,-Orlando,-FL-32803","1312 Heron Dr, Orlando, FL 32803",1312 Heron Dr,,Orlando,FL,32803,Orange,28.564237,-81.343802,single_family,4.0,3.0,2513.0,12197.0,1956.0,Inactive,819000,2023-05-03T00:00:00.000Z,6,13.615840583835682
"1606-Park-Lake-St,-Unit-9,-Orlando,-FL-32803","1606 Park Lake St, Unit 9, Orlando, FL 32803",1606 Park Lake St,Unit 9,Orlando,FL,32803,Orange,28.554569,-81.360107,townhouse,3.0,2.0,2181.0,1350.0,2023.0,Inactive,620000,2023-04-26T00:00:00.000Z,10,13.3374763699232
"520-N-Shine-Ave,-Orlando,-FL-32803","520 N Shine Ave, Orlando, FL 32803",520 N Shine Ave,,Orlando,FL,32803,Orange,28.550241,-81.362888,single_family,3.0,4.0,2981.0,4711.0,2009.0,Inactive,950000,2023-02-17T00:00:00.000Z,75,13.76421831620775
"415-E-Livingston-St,-Apt-H,-Orlando,-FL-32803","415 E Livingston St, Apt H, Orlando, FL 32803",415 E Livingston St,Apt H,Orlando,FL,32803,Orange,28.547833,-81.372013,condo,2.0,2.0,1020.0,1996.0,1925.0,Inactive,359000,2023-04-01T00:00:00.000Z,32,12.791080452981857
"2210-Vivada-St,-Orlando,-FL-32803","2210 Vivada St, Orlando, FL 32803",2210 Vivada St,,Orlando,FL,32803,Orange,28.560639,-81.35386,single_family,4.0,2.0,1795.0,9330.0,1949.0,Inactive,635000,2023-04-26T00:00:00.000Z,7,13.361381852676738
"1917-E-Central-Blvd,-Orlando,-FL-32803","1917 E Central Blvd, Orlando, FL 32803",1917 E Central Blvd,,Orlando,FL,32803,Orange,28.54313,-81.35636,single_family,4.0,3.0,3374.0,6052.0,2008.0,Inactive,949900,2023-03-01T00:00:00.000Z,59,13.764113047620114
"3022-E-Washington-St,-Orlando,-FL-32803","3022 E Washington St, Orlando, FL 32803",3022 E Washington St,,Orlando,FL,32803,Orange,28.543923,-81.344602,single_family,3.0,1.0,1286.0,8181.0,1950.0,Inactive,445000,2023-04-27T00:00:00.000Z,2,13.005831808336863
"1606-Park-Lake-St,-Unit-8,-Orlando,-FL-32803","1606 Park Lake St, Unit 8, Orlando, FL 32803",1606 Park Lake St,Unit 8,Orlando,FL,32803,Orange,28.554571,-81.360046,townhouse,3.0,2.0,2120.0,1350.0,2023.0,Inactive,620000,2023-03-21T00:00:00.000Z,35,13.3374763699232
"1806-Janice-Ave,-Orlando,-FL-32803","1806 Janice Ave, Orlando, FL 32803",1806 Janice Ave,,Orlando,FL,32803,Orange,28.568441,-81.347959,single_family,3.0,2.0,1368.0,6122.0,1955.0,Inactive,505000,2023-04-21T00:00:00.000Z,4,13.132315688453556
"1519-E-Ridgewood-St,-Orlando,-FL-32803","1519 E Ridgewood St, Orlando, FL 32803",1519 E Ridgewood St,,Orlando,FL,32803,Orange,28.54701,-81.360574,single_family,3.0,2.0,1432.0,7564.0,1928.0,Inactive,739000,2023-03-31T00:00:00.000Z,23,13.513054553109397
"1606-Park-Lake-St,-Unit-7,-Orlando,-FL-32803","1606 Park Lake St, Unit 7, Orlando, FL 32803",1606 Park Lake St,Unit 7,Orlando,FL,32803,Orange,28.554571,-81.359985,townhouse,3.0,2.0,2150.0,1351.0,2023.0,Inactive,620000,2023-03-21T00:00:00.000Z,32,13.3374763699232
"1235-Susannah-Blvd,-Orlando,-FL-32803","1235 Susannah Blvd, Orlando, FL 32803",1235 Susannah Blvd,,Orlando,FL,32803,Orange,28.561969,-81.318782,land,4.0,3.0,3156.0,10890.0,1955.0,Inactive,225000,2023-01-21T00:00:00.000Z,90,12.323860125621126
"5-N-Forest-Ave,-Orlando,-FL-32803","5 N Forest Ave, Orlando, FL 32803",5 N Forest Ave,,Orlando,FL,32803,Orange,28.542569,-81.354693,single_family,4.0,3.0,1757.0,4672.0,2004.0,Inactive,670000,2023-03-31T00:00:00.000Z,21,13.415034483903348
"3217-Underhill-Ct,-Orlando,-FL-32803","3217 Underhill Ct, Orlando, FL 32803",3217 Underhill Ct,,Orlando,FL,32803,Orange,28.535919,-81.342969,single_family,2.0,1.0,902.0,9676.0,1950.0,Inactive,375000,2023-04-14T00:00:00.000Z,7,12.834683971615659
"1627-E-Concord-St,-Orlando,-FL-32803","1627 E Concord St, Orlando, FL 32803",1627 E Concord St,,Orlando,FL,32803,Orange,28.551566,-81.35915,single_family,4.0,2.0,1524.0,6125.0,1926.0,Inactive,569000,2023-04-14T00:00:00.000Z,5,13.251637470576167
"1621-Park-Lake-St,---S,-Orlando,-FL-32803","1621 Park Lake St, # S, Orlando, FL 32803",1621 Park Lake St,# S,Orlando,FL,32803,Orange,28.555201,-81.359412,townhouse,3.0,2.0,1965.0,6300.0,1999.0,Inactive,405000,2023-02-19T00:00:00.000Z,58,12.91164481522143
"1301-Hardy-Ave,-Orlando,-FL-32803","1301 Hardy Ave, Orlando, FL 32803",1301 Hardy Ave,,Orlando,FL,32803,Orange,28.562914,-81.356619,single_family,3.0,2.0,1848.0,9584.0,1953.0,Inactive,630000,2023-04-03T00:00:00.000Z,15,13.353476685668044
"1911-Stanley-St,-Orlando,-FL-32803","1911 Stanley St, Orlando, FL 32803",1911 Stanley St,,Orlando,FL,32803,Orange,28.549286,-81.356963,single_family,3.0,2.0,1525.0,6462.0,1950.0,Inactive,550000,2023-04-11T00:00:00.000Z,7,13.217675375388819
"11-S-Lakewood-Dr,-Orlando,-FL-32803","11 S Lakewood Dr, Orlando, FL 32803",11 S Lakewood Dr,,Orlando,FL,32803,Orange,28.541864,-81.344896,single_family,3.0,1.0,1243.0,7848.0,1951.0,Inactive,365000,2023-03-17T00:00:00.000Z,30,12.807655372286902
"305-S-Lakewood-Dr,-Orlando,-FL-32803","305 S Lakewood Dr, Orlando, FL 32803",305 S Lakewood Dr,,Orlando,FL,32803,Orange,28.53939,-81.344859,single_family,4.0,2.0,1314.0,7840.0,1951.0,Inactive,380000,2023-04-04T00:00:00.000Z,11,12.847929163278053
"826-Wessex-Pl,-Orlando,-FL-32803","826 Wessex Pl, Orlando, FL 32803",826 Wessex Pl,,Orlando,FL,32803,Orange,28.532858,-81.350714,single_family,4.0,3.0,2406.0,14375.0,1949.0,Inactive,599000,2023-04-05T00:00:00.000Z,8,13.303018546545275
"919-Floral-Dr,-Orlando,-FL-32803","919 Floral Dr, Orlando, FL 32803",919 Floral Dr,,Orlando,FL,32803,Orange,28.55757,-81.352467,single_family,3.0,2.0,1247.0,11326.0,1949.0,Inactive,375000,2023-03-11T00:00:00.000Z,32,12.834683971615659
"1302-Cole-Rd,-Orlando,-FL-32803","1302 Cole Rd, Orlando, FL 32803",1302 Cole Rd,,Orlando,FL,32803,Orange,28.563618,-81.348732,single_family,4.0,2.0,1657.0,7500.0,1953.0,Inactive,649900,2023-04-07T00:00:00.000Z,5,13.384575322579519
"4701-Roush-Ave,-Orlando,-FL-32803","4701 Roush Ave, Orlando, FL 32803",4701 Roush Ave,,Orlando,FL,32803,Orange,28.557392,-81.321161,single_family,3.0,2.0,1176.0,8101.0,1942.0,Inactive,364990,2023-03-23T00:00:00.000Z,19,12.80762797472638
"825-N-Primrose-Dr,-Apt-205,-Orlando,-FL-32803","825 N Primrose Dr, Apt 205, Orlando, FL 32803",825 N Primrose Dr,Apt 205,Orlando,FL,32803,Orange,28.556341,-81.347606,condo,2.0,1.0,832.0,4091.0,1966.0,Inactive,195000,2023-02-09T00:00:00.000Z,59,12.180759965737863
"2030-Sue-Harbor-Cv,-Orlando,-FL-32803","2030 Sue Harbor Cv, Orlando, FL 32803",2030 Sue Harbor Cv,,Orlando,FL,32803,Orange,28.57099,-81.350619,single_family,4.0,3.0,3012.0,16553.0,1977.0,Inactive,850000,2023-03-30T00:00:00.000Z,9,13.652992804936396
"1505-Mount-Vernon-St,-Orlando,-FL-32803","1505 Mount Vernon St, Orlando, FL 32803",1505 Mount Vernon St,,Orlando,FL,32803,Orange,28.550658,-81.361222,single_family,2.0,2.0,1416.0,6855.0,1920.0,Inactive,445000,2023-01-24T00:00:00.000Z,73,13.005831808336863
"339-Broadway-Ave,-Orlando,-FL-32803","339 Broadway Ave, Orlando, FL 32803",339 Broadway Ave,,Orlando,FL,32803,Orange,28.547168,-81.3724,single_family,2.0,1.0,1176.0,4301.0,1925.0,Inactive,494500,2023-03-31T00:00:00.000Z,4,13.11130445228755
"3330-Lake-Shore-Dr,-Orlando,-FL-32803","3330 Lake Shore Dr, Orlando, FL 32803",3330 Lake Shore Dr,,Orlando,FL,32803,Orange,28.580311,-81.357288,single_family,5.0,5.0,4499.0,28750.0,1937.0,Inactive,3550000,2023-01-30T00:00:00.000Z,63,15.0824584431417
"907-N-Hyer-Ave,-Orlando,-FL-32803","907 N Hyer Ave, Orlando, FL 32803",907 N Hyer Ave,,Orlando,FL,32803,Orange,28.557304,-81.366207,single_family,3.0,2.0,1308.0,9011.0,1949.0,Inactive,499990,2023-03-31T00:00:00.000Z,3,13.122345377242327
"1030-E-Marks-St,-Orlando,-FL-32803","1030 E Marks St, Orlando, FL 32803",1030 E Marks St,,Orlando,FL,32803,Orange,28.556366,-81.366036,townhouse,3.0,2.0,1880.0,2259.0,2019.0,Inactive,599000,2022-10-20T00:00:00.000Z,164,13.303018546545275
"400-E-Colonial-Dr,-Apt-1610,-Orlando,-FL-32803","400 E Colonial Dr, Apt 1610, Orlando, FL 32803",400 E Colonial Dr,Apt 1610,Orlando,FL,32803,Orange,28.552804,-81.372234,condo,1.0,1.0,799.0,12197.0,1975.0,Inactive,213995,2023-01-25T00:00:00.000Z,67,12.273712602240513
"1418-E-Amelia-St,-Orlando,-FL-32803","1418 E Amelia St, Orlando, FL 32803",1418 E Amelia St,,Orlando,FL,32803,Orange,28.549225,-81.361801,single_family,2.0,2.0,1215.0,6138.0,1939.0,Inactive,465000,2022-12-19T00:00:00.000Z,103,13.049794835104816
"1415-Altaloma-Ave,-Orlando,-FL-32803","1415 Altaloma Ave, Orlando, FL 32803",1415 Altaloma Ave,,Orlando,FL,32803,Orange,28.564668,-81.359242,single_family,3.0,2.0,1395.0,9244.0,1950.0,Inactive,535000,2023-03-30T00:00:00.000Z,2,13.190023895035274
"1101-Morris-Ave,-Orlando,-FL-32803","1101 Morris Ave, Orlando, FL 32803",1101 Morris Ave,,Orlando,FL,32803,Orange,28.560576,-81.357653,single_family,3.0,2.0,1078.0,4954.0,1920.0,Inactive,369900,2022-07-07T00:00:00.000Z,267,12.820990681250251
"4401-Park-Lake-St,-Orlando,-FL-32803","4401 Park Lake St, Orlando, FL 32803",4401 Park Lake St,,Orlando,FL,32803,Orange,28.555473,-81.331363,single_family,4.0,3.0,3313.0,27443.0,2023.0,Inactive,950000,2023-01-20T00:00:00.000Z,69,13.76421831620775
"725-Palm-Dr,-Orlando,-FL-32803","725 Palm Dr, Orlando, FL 32803",725 Palm Dr,,Orlando,FL,32803,Orange,28.554073,-81.355264,single_family,2.0,1.0,1224.0,8247.0,1945.0,Inactive,395000,2023-03-23T00:00:00.000Z,7,12.886643575525625
"1137-Morris-Ave,-Orlando,-FL-32803","1137 Morris Ave, Orlando, FL 32803",1137 Morris Ave,,Orlando,FL,32803,Orange,28.561769,-81.357581,single_family,4.0,3.0,2092.0,8503.0,2013.0,Inactive,679000,2023-03-24T00:00:00.000Z,6,13.428377879293798
"219-S-Lakewood-Dr,-Orlando,-FL-32803","219 S Lakewood Dr, Orlando, FL 32803",219 S Lakewood Dr,,Orlando,FL,32803,Orange,28.539719,-81.344864,single_family,3.0,2.0,1840.0,7841.0,1951.0,Inactive,410000,2023-01-26T00:00:00.000Z,61,12.923914877701906
"1510-Oriole-Ave,-Orlando,-FL-32803","1510 Oriole Ave, Orlando, FL 32803",1510 Oriole Ave,,Orlando,FL,32803,Orange,28.565643,-81.343745,single_family,3.0,2.0,1840.0,20909.0,1969.0,Inactive,550000,2023-03-24T00:00:00.000Z,4,13.217675375388819
"879-Prim-Dr,-Orlando,-FL-32803","879 Prim Dr, Orlando, FL 32803",879 Prim Dr,,Orlando,FL,32803,Orange,28.557221,-81.348415,single_family,3.0,3.0,1365.0,7106.0,1955.0,Inactive,445000,2023-03-22T00:00:00.000Z,4,13.005831808336863
"4306-Hargrave-St,-Orlando,-FL-32803","4306 Hargrave St, Orlando, FL 32803",4306 Hargrave St,,Orlando,FL,32803,Orange,28.554156,-81.326624,single_family,3.0,2.0,1945.0,6748.0,2022.0,Inactive,549900,2023-03-07T00:00:00.000Z,18,13.217493541006709
"3130-Plaza-Terrace-Dr,-Orlando,-FL-32803","3130 Plaza Terrace Dr, Orlando, FL 32803",3130 Plaza Terrace Dr,,Orlando,FL,32803,Orange,28.561188,-81.343488,condo,2.0,2.0,890.0,7790.5,1972.0,Inactive,280000,2023-03-19T00:00:00.000Z,5,12.54254845357358
"3152-Plaza-Terrace-Dr,---3152,-Orlando,-FL-32803","3152 Plaza Terrace Dr, # 3152, Orlando, FL 32803",3152 Plaza Terrace Dr,# 3152,Orlando,FL,32803,Orange,28.56119,-81.344363,condo,2.0,2.0,890.0,7790.5,1972.0,Inactive,291000,2023-02-05T00:00:00.000Z,46,12.581081982573842
"864-N-Thornton-Ave,-Orlando,-FL-32803","864 N Thornton Ave, Orlando, FL 32803",864 N Thornton Ave,,Orlando,FL,32803,Orange,28.556565,-81.365693,townhouse,3.0,2.0,1948.0,1465.0,2018.0,Inactive,599000,2023-02-10T00:00:00.000Z,41,13.303018546545275
"3512-Ibis-Dr,-Orlando,-FL-32803","3512 Ibis Dr, Orlando, FL 32803",3512 Ibis Dr,,Orlando,FL,32803,Orange,28.561874,-81.340612,single_family,3.0,2.0,1365.0,9025.0,1955.0,Inactive,450000,2023-02-23T00:00:00.000Z,27,13.017005083966255
"3260-Lake-Shore-Dr,-Orlando,-FL-32803","3260 Lake Shore Dr, Orlando, FL 32803",3260 Lake Shore Dr,,Orlando,FL,32803,Orange,28.579536,-81.358603,single_family,5.0,4.0,6709.0,16988.0,2021.0,Inactive,5495000,2022-12-08T00:00:00.000Z,103,15.519349327803464
"2026-E-Central-Blvd,-Orlando,-FL-32803","2026 E Central Blvd, Orlando, FL 32803",2026 E Central Blvd,,Orlando,FL,32803,Orange,28.542015,-81.354877,single_family,2.0,2.0,1254.0,7786.0,1943.0,Inactive,515000,2023-03-16T00:00:00.000Z,5,13.151924121391561
"842-Mayfair-Cir,-Orlando,-FL-32803","842 Mayfair Cir, Orlando, FL 32803",842 Mayfair Cir,,Orlando,FL,32803,Orange,28.536165,-81.353598,single_family,2.0,1.0,1112.0,8886.0,1949.0,Inactive,429900,2023-03-19T00:00:00.000Z,2,12.971310228604022
"4342-Rixey-St,-Orlando,-FL-32803","4342 Rixey St, Orlando, FL 32803",4342 Rixey St,,Orlando,FL,32803,Orange,28.555043,-81.325904,single_family,3.0,2.0,2084.0,12197.0,2021.0,Inactive,575000,2023-03-15T00:00:00.000Z,4,13.26212705890841
"2809-E-Pine-St,-Orlando,-FL-32803","2809 E Pine St, Orlando, FL 32803",2809 E Pine St,,Orlando,FL,32803,Orange,28.54185,-81.347256,single_family,2.0,2.0,999.0,7155.0,1954.0,Inactive,400000,2023-02-17T00:00:00.000Z,29,12.899222326086994
"3623-Ibis-Dr,-Orlando,-FL-32803","3623 Ibis Dr, Orlando, FL 32803",3623 Ibis Dr,,Orlando,FL,32803,Orange,28.56231,-81.339173,single_family,4.0,3.0,2238.0,7258.0,1957.0,Inactive,685000,2023-03-14T00:00:00.000Z,2,13.437175577097312
"3814-Corrine-Dr,-Orlando,-FL-32803","3814 Corrine Dr, Orlando, FL 32803",3814 Corrine Dr,,Orlando,FL,32803,Orange,28.567614,-81.337191,single_family,3.0,1.0,1431.0,8442.0,1954.0,Inactive,449000,2023-02-13T00:00:00.000Z,30,13.014780393893403
"912-Oregon-St,-Orlando,-FL-32803","912 Oregon St, Orlando, FL 32803",912 Oregon St,,Orlando,FL,32803,Orange,28.560129,-81.365872,single_family,3.0,2.0,1379.0,8795.0,1949.0,Inactive,539000,2023-02-16T00:00:00.000Z,27,13.197472705176983
"3101-Pickfair-St,-Orlando,-FL-32803","3101 Pickfair St, Orlando, FL 32803",3101 Pickfair St,,Orlando,FL,32803,Orange,28.5349,-81.34461,single_family,3.0,1.0,891.0,8188.0,1958.0,Inactive,375000,2023-01-05T00:00:00.000Z,67,12.834683971615659
"4378-Lake-Underhill-Rd,-Apt-A,-Orlando,-FL-32803","4378 Lake Underhill Rd, Apt A, Orlando, FL 32803",4378 Lake Underhill Rd,Apt A,Orlando,FL,32803,Orange,28.535363,-81.333076,condo,2.0,1.0,1000.0,547114.0,1970.0,Inactive,184900,2023-02-19T00:00:00.000Z,20,12.127575825689417
"4403-Park-Lake-St,-Orlando,-FL-32803","4403 Park Lake St, Orlando, FL 32803",4403 Park Lake St,,Orlando,FL,32803,Orange,28.5555,-81.331173,single_family,3.0,2.0,1391.0,26572.0,1958.0,Inactive,405000,2023-03-07T00:00:00.000Z,4,12.91164481522143
"512-E-Amelia-St,-Orlando,-FL-32803","512 E Amelia St, Orlando, FL 32803",512 E Amelia St,,Orlando,FL,32803,Orange,28.549155,-81.371097,single_family,4.0,3.0,2535.0,6918.0,1936.0,Inactive,649900,2022-10-26T00:00:00.000Z,134,13.384575322579519
"1140-Georgia-Blvd,-Orlando,-FL-32803","1140 Georgia Blvd, Orlando, FL 32803",1140 Georgia Blvd,,Orlando,FL,32803,Orange,28.561849,-81.353808,single_family,2.0,1.0,1202.0,7894.0,1948.0,Inactive,385000,2023-03-04T00:00:00.000Z,5,12.861001210669146
"1917-E-Concord-St,-Orlando,-FL-32803","1917 E Concord St, Orlando, FL 32803",1917 E Concord St,,Orlando,FL,32803,Orange,28.551551,-81.356486,single_family,2.0,1.0,801.0,5520.0,1947.0,Inactive,374500,2023-03-03T00:00:00.000Z,5,12.833349752162816
"2847-Plaza-Terrace-Dr,-Orlando,-FL-32803","2847 Plaza Terrace Dr, Orlando, FL 32803",2847 Plaza Terrace Dr,,Orlando,FL,32803,Orange,28.562143,-81.347065,single_family,4.0,3.0,2377.0,8224.0,1966.0,Inactive,579900,2022-11-21T00:00:00.000Z,106,13.270612678298292
"1622-Wycliff-Dr,-Orlando,-FL-32803","1622 Wycliff Dr, Orlando, FL 32803",1622 Wycliff Dr,,Orlando,FL,32803,Orange,28.566542,-81.361223,single_family,4.0,2.0,1802.0,10890.0,1952.0,Inactive,525000,2023-03-01T00:00:00.000Z,6,13.171155446333852
"3101-Plaza-Terrace-Dr,-Orlando,-FL-32803","3101 Plaza Terrace Dr, Orlando, FL 32803",3101 Plaza Terrace Dr,,Orlando,FL,32803,Orange,28.562189,-81.344241,single_family,4.0,2.0,1295.0,9375.0,1968.0,Inactive,419900,2023-03-03T00:00:00.000Z,3,12.947774248188859
"1300-N-Fern-Creek-Ave,-Orlando,-FL-32803","1300 N Fern Creek Ave, Orlando, FL 32803",1300 N Fern Creek Ave,,Orlando,FL,32803,Orange,28.562398,-81.360641,single_family,3.0,2.0,1360.0,4077.0,1997.0,Inactive,570000,2023-02-24T00:00:00.000Z,7,13.25339339419516
"4260-Lake-Underhill-Rd,---9C1,-Orlando,-FL-32803","4260 Lake Underhill Rd, # 9C1, Orlando, FL 32803",4260 Lake Underhill Rd,# 9C1,Orlando,FL,32803,Orange,28.535363,-81.333076,condo,2.0,2.0,1250.0,547114.0,1970.0,Inactive,205000,2022-11-17T00:00:00.000Z,105,12.230770136157428
"2809-E-Central-Blvd,-Orlando,-FL-32803","2809 E Central Blvd, Orlando, FL 32803",2809 E Central Blvd,,Orlando,FL,32803,Orange,28.54261,-81.347302,single_family,2.0,2.0,1276.0,7022.0,1953.0,Inactive,349000,2023-02-17T00:00:00.000Z,12,12.762830066509972
"3620-Pelican-Ln,-Orlando,-FL-32803","3620 Pelican Ln, Orlando, FL 32803",3620 Pelican Ln,,Orlando,FL,32803,Orange,28.561151,-81.339155,single_family,3.0,3.0,3211.0,8227.0,1978.0,Inactive,762133,2022-10-28T00:00:00.000Z,122,13.543877672226827
"870-N-Thornton-Ave,-Orlando,-FL-32803","870 N Thornton Ave, Orlando, FL 32803",870 N Thornton Ave,,Orlando,FL,32803,Orange,28.556634,-81.365693,townhouse,3.0,2.0,1892.0,2198.0,2018.0,Inactive,605000,2023-02-01T00:00:00.000Z,26,13.312985389904174
"621-Cathcart-Ave,-Apt-5,-Orlando,-FL-32803","621 Cathcart Ave, Apt 5, Orlando, FL 32803",621 Cathcart Ave,Apt 5,Orlando,FL,32803,Orange,28.551726,-81.370248,condo,2.0,2.0,1160.0,4803.0,1980.0,Inactive,294000,2022-09-12T00:00:00.000Z,167,12.591338447675579
"705-E-Amelia-St,-Orlando,-FL-32803","705 E Amelia St, Orlando, FL 32803",705 E Amelia St,,Orlando,FL,32803,Orange,28.549661,-81.368115,single_family,3.0,2.0,1904.0,4211.0,2007.0,Inactive,749000,2022-12-19T00:00:00.000Z,68,13.52649559761195
"1231-E-Amelia-St,-Orlando,-FL-32803","1231 E Amelia St, Orlando, FL 32803",1231 E Amelia St,,Orlando,FL,32803,Orange,28.549734,-81.363119,single_family,2.0,2.0,1533.0,7367.0,1936.0,Inactive,595000,2023-02-16T00:00:00.000Z,9,13.296318365198623
"2211-Oregon-St,-Orlando,-FL-32803","2211 Oregon St, Orlando, FL 32803",2211 Oregon St,,Orlando,FL,32803,Orange,28.560298,-81.353695,single_family,2.0,1.0,1236.0,6505.0,1956.0,Inactive,400000,2023-02-07T00:00:00.000Z,15,12.899222326086994
"857-Mayfair-Cir,-Orlando,-FL-32803","857 Mayfair Cir, Orlando, FL 32803",857 Mayfair Cir,,Orlando,FL,32803,Orange,28.536709,-81.353943,single_family,3.0,2.0,1501.0,10890.0,1945.0,Inactive,469000,2023-02-17T00:00:00.000Z,5,13.058360179622305
"1715-N-Bumby-Ave,-Orlando,-FL-32803","1715 N Bumby Ave, Orlando, FL 32803",1715 N Bumby Ave,,Orlando,FL,32803,Orange,28.567511,-81.351552,single_family,4.0,3.0,1299.0,8978.0,1951.0,Inactive,375000,2022-05-27T00:00:00.000Z,268,12.834683971615659
"1020-Herman-Ave,-Orlando,-FL-32803","1020 Herman Ave, Orlando, FL 32803",1020 Herman Ave,,Orlando,FL,32803,Orange,28.55777,-81.323941,single_family,2.0,2.0,916.0,6757.0,1949.0,Inactive,255000,2023-01-30T00:00:00.000Z,20,12.449022745701502
"201-N-Hillside-Ave,-Orlando,-FL-32803","201 N Hillside Ave, Orlando, FL 32803",201 N Hillside Ave,,Orlando,FL,32803,Orange,28.545084,-81.353632,single_family,4.0,3.0,2685.0,7265.0,2023.0,Inactive,935000,2023-02-03T00:00:00.000Z,15,13.74830287778897
"1015-N-Hampton-Ave,-Orlando,-FL-32803","1015 N Hampton Ave, Orlando, FL 32803",1015 N Hampton Ave,,Orlando,FL,32803,Orange,28.559134,-81.355917,single_family,3.0,2.0,1979.0,9787.0,1952.0,Inactive,624900,2022-10-21T00:00:00.000Z,117,13.345348516171933
"2209-Merritt-Park-Dr,-Orlando,-FL-32803","2209 Merritt Park Dr, Orlando, FL 32803",2209 Merritt Park Dr,,Orlando,FL,32803,Orange,28.572004,-81.353876,single_family,3.0,3.0,2439.0,6650.0,1971.0,Inactive,839900,2022-11-17T00:00:00.000Z,89,13.64103930673094
"2323-Hickory-Ln,-Orlando,-FL-32803","2323 Hickory Ln, Orlando, FL 32803",2323 Hickory Ln,,Orlando,FL,32803,Orange,28.568466,-81.353217,single_family,3.0,2.0,1713.0,8800.0,1955.0,Inactive,499000,2022-12-30T00:00:00.000Z,46,13.120363378739663
"2608-Betty-St,-Orlando,-FL-32803","2608 Betty St, Orlando, FL 32803",2608 Betty St,,Orlando,FL,32803,Orange,28.555138,-81.34958,single_family,2.0,1.0,939.0,7126.0,1953.0,Inactive,367500,2022-11-04T00:00:00.000Z,99,12.814481318719762
"4330-Rixey-St,-Orlando,-FL-32803","4330 Rixey St, Orlando, FL 32803",4330 Rixey St,,Orlando,FL,32803,Orange,28.555037,-81.326465,land,3.0,2.0,2003.0,6074.0,1955.0,Inactive,140000,2023-02-04T00:00:00.000Z,7,11.849404844423074
"4330-Lake-Underhill-Rd,---12D5,-Orlando,-FL-32803","4330 Lake Underhill Rd, # 12D5, Orlando, FL 32803",4330 Lake Underhill Rd,# 12D5,Orlando,FL,32803,Orange,28.535363,-81.333076,condo,2.0,1.0,1000.0,547114.0,1970.0,Inactive,179900,2023-01-23T00:00:00.000Z,18,12.100161978566867
"1412-N-Bumby-Ave,-Orlando,-FL-32803","1412 N Bumby Ave, Orlando, FL 32803",1412 N Bumby Ave,,Orlando,FL,32803,Orange,28.56453,-81.352013,single_family,3.0,2.0,1544.0,9751.0,1951.0,Inactive,440000,2022-09-02T00:00:00.000Z,160,12.994532278619134
"937-Jamajo-Blvd,-Orlando,-FL-32803","937 Jamajo Blvd, Orlando, FL 32803",937 Jamajo Blvd,,Orlando,FL,32803,Orange,28.556058,-81.32436,single_family,3.0,2.0,1215.0,13504.0,1925.0,Inactive,399990,2022-12-14T00:00:00.000Z,57,12.89919732583699
"909-Oregon-St,-Orlando,-FL-32803","909 Oregon St, Orlando, FL 32803",909 Oregon St,,Orlando,FL,32803,Orange,28.560662,-81.366075,single_family,3.0,2.0,1579.0,8859.0,1950.0,Inactive,550000,2023-02-01T00:00:00.000Z,8,13.217675375388819
"2105-Linda-St,-Orlando,-FL-32803","2105 Linda St, Orlando, FL 32803",2105 Linda St,,Orlando,FL,32803,Orange,28.563541,-81.355009,single_family,3.0,2.0,1489.0,8630.0,1954.0,Inactive,474900,2022-11-17T00:00:00.000Z,83,13.07086164024146
"2006-E-Central-Blvd,-Orlando,-FL-32803","2006 E Central Blvd, Orlando, FL 32803",2006 E Central Blvd,,Orlando,FL,32803,Orange,28.542006,-81.355641,single_family,2.0,1.0,1225.0,7646.0,1946.0,Inactive,399500,2022-11-29T00:00:00.000Z,70,12.897971547314246
"1107-E-Ridgewood-St,-Orlando,-FL-32803","1107 E Ridgewood St, Orlando, FL 32803",1107 E Ridgewood St,,Orlando,FL,32803,Orange,28.546973,-81.365212,single_family,3.0,2.0,1623.0,10454.0,1939.0,Inactive,595000,2022-06-01T00:00:00.000Z,250,13.296318365198623
"1418-E-Harwood-St,-Orlando,-FL-32803","1418 E Harwood St, Orlando, FL 32803",1418 E Harwood St,,Orlando,FL,32803,Orange,28.548313,-81.361438,single_family,2.0,1.0,737.0,4015.0,1915.0,Inactive,281900,2022-09-16T00:00:00.000Z,141,12.549311224453131
"2124-E-Jefferson-St,-Orlando,-FL-32803","2124 E Jefferson St, Orlando, FL 32803",2124 E Jefferson St,,Orlando,FL,32803,Orange,28.544861,-81.35476,single_family,4.0,3.0,2711.0,8400.0,2023.0,Inactive,925000,2023-01-04T00:00:00.000Z,31,13.73755009757506
"1812-Oregon-St,-Orlando,-FL-32803","1812 Oregon St, Orlando, FL 32803",1812 Oregon St,,Orlando,FL,32803,Orange,28.560149,-81.357687,single_family,4.0,3.0,2818.0,6942.0,2019.0,Inactive,849000,2022-11-14T00:00:00.000Z,81,13.651815643149092
"1602-Park-Lake-St,-Unit-5,-Orlando,-FL-32803","1602 Park Lake St, Unit 5, Orlando, FL 32803",1602 Park Lake St,Unit 5,Orlando,FL,32803,Orange,28.554763,-81.360205,townhouse,3.0,2.0,2192.0,2950.0,2022.0,Inactive,645000,2022-09-07T00:00:00.000Z,148,13.377007146164305
"804-Mount-Vernon-St,-Orlando,-FL-32803","804 Mount Vernon St, Orlando, FL 32803",804 Mount Vernon St,,Orlando,FL,32803,Orange,28.550109,-81.367285,single_family,3.0,2.0,2981.0,7114.0,1925.0,Inactive,898900,2023-01-27T00:00:00.000Z,6,13.70892818503167
"2215-Oregon-St,-Orlando,-FL-32803","2215 Oregon St, Orlando, FL 32803",2215 Oregon St,,Orlando,FL,32803,Orange County,28.5603,-81.353513,single_family,4.0,3.0,2963.0,8691.0,2022.0,Inactive,884990,2022-02-28T00:10:32.000Z,338,13.693332754446832
"751-S-Hampton-Ave,-Orlando,-FL-32803","751 S Hampton Ave, Orlando, FL 32803",751 S Hampton Ave,,Orlando,FL,32803,Orange County,28.531535,-81.355138,single_family,2.0,1.0,1251.0,7472.0,1958.0,Inactive,399000,2022-12-17T22:05:58.000Z,46,12.896719202134523
"4209-Park-Lake-St,-Orlando,-FL-32803","4209 Park Lake St, Orlando, FL 32803",4209 Park Lake St,,Orlando,FL,32803,Orange County,28.555258,-81.331922,single_family,3.0,2.0,1201.0,13939.0,1958.0,Inactive,399000,2023-01-30T13:11:13.000Z,2,12.896719202134523
"552-Buckminster-Cir,-Orlando,-FL-32803","552 Buckminster Cir, Orlando, FL 32803",552 Buckminster Cir,,Orlando,FL,32803,Orange County,28.535016,-81.349567,single_family,3.0,2.0,1341.0,8837.0,1948.0,Inactive,489000,2022-08-05T15:06:35.000Z,179,13.100119813444692
"1602-Park-Lake-St,-Unit-3,-Orlando,-FL-32803","1602 Park Lake St, Unit 3, Orlando, FL 32803",1602 Park Lake St,Unit 3,Orlando,FL,32803,Orange County,28.554764,-81.360049,townhouse,3.0,2.0,2120.0,1460.0,2022.0,Inactive,625000,2022-09-07T20:29:32.000Z,146,13.345508528717259
"521-Altaloma-Ave,-Orlando,-FL-32803","521 Altaloma Ave, Orlando, FL 32803",521 Altaloma Ave,,Orlando,FL,32803,Orange County,28.550226,-81.357896,single_family,3.0,2.0,1665.0,9028.0,1950.0,Inactive,574995,2023-01-27T01:11:15.000Z,4,13.26211836323355
"1036-N-Fern-Creek-Ave,-Orlando,-FL-32803","1036 N Fern Creek Ave, Orlando, FL 32803",1036 N Fern Creek Ave,,Orlando,FL,32803,Orange County,28.559931,-81.360707,single_family,3.0,1.0,1012.0,8712.0,1915.0,Inactive,385000,2022-09-14T19:32:08.000Z,138,12.861001210669146
"1021-Garden-Plz,-Orlando,-FL-32803","1021 Garden Plz, Orlando, FL 32803",1021 Garden Plz,,Orlando,FL,32803,Orange County,28.559373,-81.353876,single_family,4.0,3.0,2685.0,7893.0,2022.0,Inactive,899000,2022-05-10T18:23:27.000Z,269,13.70903942580019
"4222-Lake-Underhill-Rd,-Apt-C,-Orlando,-FL-32803","4222 Lake Underhill Rd, Apt C, Orlando, FL 32803",4222 Lake Underhill Rd,Apt C,Orlando,FL,32803,Orange County,28.535363,-81.333076,condo,2.0,2.0,1400.0,547114.0,1969.0,Inactive,209900,2022-11-04T19:11:41.000Z,91,12.254391269970792
"2705-Virginia-Dr,-Orlando,-FL-32803","2705 Virginia Dr, Orlando, FL 32803",2705 Virginia Dr,,Orlando,FL,32803,Orange County,28.56443,-81.349044,single_family,3.0,2.0,1372.0,9345.0,1951.0,Inactive,474900,2022-12-13T15:11:41.000Z,52,13.07086164024146
"968-Burns-St,-Orlando,-FL-32803","968 Burns St, Orlando, FL 32803",968 Burns St,,Orlando,FL,32803,Orange County,28.558585,-81.32195,single_family,3.0,2.0,1822.0,10019.0,2001.0,Inactive,475000,2022-11-08T19:17:39.000Z,86,13.07107218827772
"2017-Anderson-Pl,-Orlando,-FL-32803","2017 Anderson Pl, Orlando, FL 32803",2017 Anderson Pl,,Orlando,FL,32803,Orange County,28.5371,-81.355254,single_family,4.0,3.0,3250.0,12632.0,2007.0,Inactive,879000,2023-01-19T19:14:50.000Z,11,13.686541314323094
"3119-Wessex-St,-Orlando,-FL-32803","3119 Wessex St, Orlando, FL 32803",3119 Wessex St,,Orlando,FL,32803,Orange County,28.533995,-81.343771,single_family,3.0,2.0,1498.0,10019.0,1958.0,Inactive,480000,2022-12-17T16:05:47.000Z,43,13.081543466215237
"4386-Lake-Underhill-Rd,---20,-Orlando,-FL-32803","4386 Lake Underhill Rd, # 20, Orlando, FL 32803",4386 Lake Underhill Rd,# 20,Orlando,FL,32803,Orange County,28.535363,-81.333076,condo,2.0,2.0,1250.0,547114.0,1970.0,Inactive,217500,2022-10-31T16:23:37.000Z,90,12.289958727201455
"1517-Robin-Rd,-Orlando,-FL-32803","1517 Robin Rd, Orlando, FL 32803",1517 Robin Rd,,Orlando,FL,32803,Orange County,28.565955,-81.335538,single_family,3.0,2.0,1452.0,10454.0,1957.0,Inactive,500000,2023-01-19T21:11:10.000Z,8,13.122365377402328
"1208-Portland-Ave,-Orlando,-FL-32803","1208 Portland Ave, Orlando, FL 32803",1208 Portland Ave,,Orlando,FL,32803,Orange County,28.561649,-81.363506,single_family,4.0,2.0,1750.0,2551.0,2002.0,Inactive,534900,2023-01-12T21:41:46.000Z,14,13.189836962025913
"2206-Montana-St,-Orlando,-FL-32803","2206 Montana St, Orlando, FL 32803",2206 Montana St,,Orlando,FL,32803,Orange County,28.562057,-81.354354,single_family,3.0,2.0,1343.0,7286.0,1954.0,Inactive,450000,2022-08-26T14:11:36.000Z,152,13.017005083966255
"1004-Lake-Highland-Dr,-Orlando,-FL-32803","1004 Lake Highland Dr, Orlando, FL 32803",1004 Lake Highland Dr,,Orlando,FL,32803,Orange County,28.561037,-81.366046,single_family,2.0,1.0,1540.0,11761.0,1950.0,Inactive,450000,2023-01-10T19:11:29.000Z,15,13.017005083966255
"1329-Margate-Ave,-Orlando,-FL-32803","1329 Margate Ave, Orlando, FL 32803",1329 Margate Ave,,Orlando,FL,32803,Orange County,28.564102,-81.350669,single_family,2.0,2.0,1322.0,8001.0,1951.0,Inactive,399000,2022-07-15T17:35:41.000Z,193,12.896719202134523
"614-E-Livingston-St,-Orlando,-FL-32803","614 E Livingston St, Orlando, FL 32803",614 E Livingston St,,Orlando,FL,32803,Orange County,28.547313,-81.369938,single_family,4.0,3.0,2283.0,6874.0,1925.0,Inactive,825000,2022-12-08T15:07:02.000Z,47,13.623139877437296
"2524-E-Church-St,-Orlando,-FL-32803","2524 E Church St, Orlando, FL 32803",2524 E Church St,,Orlando,FL,32803,Orange County,28.540246,-81.34997,multi-family,3.0,2.0,1381.0,7288.0,1956.0,Inactive,379000,2022-11-11T15:17:29.000Z,72,12.84529412258351
"2513-E-Central-Blvd,---B,-Orlando,-FL-32803","2513 E Central Blvd, # B, Orlando, FL 32803",2513 E Central Blvd,# B,Orlando,FL,32803,Orange County,28.542457,-81.350309,townhouse,3.0,2.0,1700.0,3753.0,2022.0,Inactive,489000,2022-08-19T20:23:36.000Z,154,13.100119813444692
"627-Woodward-St,-Orlando,-FL-32803","627 Woodward St, Orlando, FL 32803",627 Woodward St,,Orlando,FL,32803,Orange County,28.554347,-81.36985,single_family,4.0,3.0,2553.0,6152.0,1925.0,Inactive,775000,2022-06-02T18:23:27.000Z,230,13.560619598657233
"4334-Lake-Underhill-Rd,---11C3,-Orlando,-FL-32803","4334 Lake Underhill Rd, # 11C3, Orlando, FL 32803",4334 Lake Underhill Rd,# 11C3,Orlando,FL,32803,Orange County,28.535363,-81.333076,condo,2.0,2.0,1250.0,547114.0,1970.0,Inactive,221500,2022-11-11T23:29:12.000Z,68,12.308182383129823
"2011-Buckminster-Cir,-Orlando,-FL-32803","2011 Buckminster Cir, Orlando, FL 32803",2011 Buckminster Cir,,Orlando,FL,32803,Orange County,28.534427,-81.354988,single_family,3.0,2.0,1086.0,9615.0,1950.0,Inactive,399000,2023-01-03T19:47:44.000Z,15,12.896719202134523
"3048-Plaza-Terrace-Dr,---3048,-Orlando,-FL-32803","3048 Plaza Terrace Dr, # 3048, Orlando, FL 32803",3048 Plaza Terrace Dr,# 3048,Orlando,FL,32803,Orange County,28.561564,-81.344161,condo,2.0,2.0,890.0,7790.5,1972.0,Inactive,280000,2022-12-26T20:06:30.000Z,12,12.54254845357358
"725-Braidwood-Ln,-Orlando,-FL-32803","725 Braidwood Ln, Orlando, FL 32803",725 Braidwood Ln,,Orlando,FL,32803,Orange County,28.532606,-81.338844,single_family,2.0,1.0,874.0,8507.0,1956.0,Inactive,330000,2022-12-12T22:23:58.000Z,25,12.706850963741102
"2608-E-Pine-St,-Orlando,-FL-32803","2608 E Pine St, Orlando, FL 32803",2608 E Pine St,,Orlando,FL,32803,Orange County,28.541152,-81.349104,townhouse,2.0,2.0,1160.0,2000.0,1985.0,Inactive,329000,2022-12-27T20:07:08.000Z,10,12.703816069256568
"2029-Woodlawn-Dr,-Orlando,-FL-32803","2029 Woodlawn Dr, Orlando, FL 32803",2029 Woodlawn Dr,,Orlando,FL,32803,Orange County,28.570022,-81.349937,single_family,3.0,2.0,1520.0,14375.0,1962.0,Inactive,529000,2022-08-05T13:35:45.000Z,154,13.178745601197818
"400-E-Colonial-Dr,-Apt-306,-Orlando,-FL-32803","400 E Colonial Dr, Apt 306, Orlando, FL 32803",400 E Colonial Dr,Apt 306,Orlando,FL,32803,Orange County,28.552804,-81.372234,condo,1.0,1.0,799.0,7790.5,1975.0,Inactive,200000,2022-11-01T06:08:12.000Z,59,12.206077645517674
"1201-Wilkinson-St,-Orlando,-FL-32803","1201 Wilkinson St, Orlando, FL 32803",1201 Wilkinson St,,Orlando,FL,32803,Orange County,28.580297,-81.364132,single_family,3.0,2.0,2055.0,10890.0,1951.0,Inactive,662999,2022-12-02T22:41:50.000Z,25,13.404530269168
"1602-Park-Lake-St,-Unit-1,-Orlando,-FL-32803","1602 Park Lake St, Unit 1, Orlando, FL 32803",1602 Park Lake St,Unit 1,Orlando,FL,32803,Orange County,28.554766,-81.359879,townhouse,3.0,2.0,2212.0,3610.0,2022.0,Inactive,645000,2022-08-22T15:47:59.000Z,126,13.377007146164305
"1847-Park-Lake-St,-Orlando,-FL-32803","1847 Park Lake St, Orlando, FL 32803",1847 Park Lake St,,Orlando,FL,32803,Orange County,28.555117,-81.357483,single_family,3.0,2.0,1316.0,6355.0,1945.0,Inactive,299000,2022-11-09T23:35:15.000Z,44,12.608202196848836
"2421-E-Marks-St,-Orlando,-FL-32803","2421 E Marks St, Orlando, FL 32803",2421 E Marks St,,Orlando,FL,32803,Orange County,28.556737,-81.35118,single_family,3.0,1.0,1143.0,7919.0,1953.0,Inactive,369900,2022-10-21T14:29:43.000Z,61,12.820990681250251
"515-Meridale-Ave,-Orlando,-FL-32803","515 Meridale Ave, Orlando, FL 32803",515 Meridale Ave,,Orlando,FL,32803,Orange County,28.550005,-81.356867,single_family,2.0,1.0,1157.0,9444.0,1954.0,Inactive,349500,2022-12-09T19:07:58.000Z,11,12.764261701882237
"2710-Illinois-St,-Orlando,-FL-32803","2710 Illinois St, Orlando, FL 32803",2710 Illinois St,,Orlando,FL,32803,Orange County,28.555852,-81.348394,single_family,4.0,3.0,1806.0,7497.0,1956.0,Inactive,615000,2022-12-09T22:35:56.000Z,10,13.329379172803593
"1815-Woodlawn-Dr,-Orlando,-FL-32803","1815 Woodlawn Dr, Orlando, FL 32803",1815 Woodlawn Dr,,Orlando,FL,32803,Orange County,28.568372,-81.349908,land,3.0,2.0,2007.0,7478.0,1949.0,Inactive,375000,2022-11-07T19:18:39.000Z,39,12.834683971615659
"1814-Janice-Ave,-Orlando,-FL-32803","1814 Janice Ave, Orlando, FL 32803",1814 Janice Ave,,Orlando,FL,32803,Orange County,28.568991,-81.347969,single_family,3.0,2.0,1346.0,6088.0,1952.0,Inactive,450000,2022-11-24T18:17:37.000Z,22,13.017005083966255
"2508-Boyd-Ave,-Orlando,-FL-32803","2508 Boyd Ave, Orlando, FL 32803",2508 Boyd Ave,,Orlando,FL,32803,Orange County,28.568377,-81.349476,single_family,3.0,1.0,1208.0,6563.0,1949.0,Inactive,475000,2022-12-06T18:08:09.000Z,10,13.07107218827772
"806-E-Livingston-St,-Orlando,-FL-32803","806 E Livingston St, Orlando, FL 32803",806 E Livingston St,,Orlando,FL,32803,Orange County,28.547349,-81.36725,multi-family,3.0,2.0,1398.0,6378.0,1959.0,Inactive,599900,2022-07-28T21:29:12.000Z,138,13.304519920584285
"1127-Morris-Ave,-Orlando,-FL-32803","1127 Morris Ave, Orlando, FL 32803",1127 Morris Ave,,Orlando,FL,32803,Orange County,28.561428,-81.357576,single_family,3.0,1.0,1198.0,8506.0,1952.0,Inactive,395000,2022-10-19T14:35:50.000Z,56,12.886643575525625
"725-Wessex-Pl,-Orlando,-FL-32803","725 Wessex Pl, Orlando, FL 32803",725 Wessex Pl,,Orlando,FL,32803,Orange County,28.533534,-81.348646,single_family,5.0,4.0,2607.0,12197.0,1950.0,Inactive,489000,2022-11-30T16:18:41.000Z,13,13.100119813444692
"707-Mayfair-Cir,-Orlando,-FL-32803","707 Mayfair Cir, Orlando, FL 32803",707 Mayfair Cir,,Orlando,FL,32803,Orange County,28.533893,-81.352222,single_family,4.0,3.0,2559.0,10019.0,1950.0,Inactive,549900,2022-11-18T20:42:00.000Z,23,13.217493541006709
"1735-Wycliff-Dr,-Orlando,-FL-32803","1735 Wycliff Dr, Orlando, FL 32803",1735 Wycliff Dr,,Orlando,FL,32803,Orange County,28.567894,-81.360715,single_family,3.0,2.0,1835.0,9123.0,1953.0,Inactive,649000,2022-12-01T16:06:55.000Z,10,13.38318953651709
"1700-Robin-Rd,-Orlando,-FL-32803","1700 Robin Rd, Orlando, FL 32803",1700 Robin Rd,,Orlando,FL,32803,Orange County,28.567617,-81.336023,single_family,3.0,2.0,2140.0,8262.0,1954.0,Inactive,625000,2022-08-04T19:42:11.000Z,126,13.345508528717259
"1620-Park-Lake-St,-Orlando,-FL-32803","1620 Park Lake St, Orlando, FL 32803",1620 Park Lake St,,Orlando,FL,32803,Orange County,28.554677,-81.359411,single_family,3.0,2.0,1275.0,7066.0,1925.0,Inactive,498999,2022-06-20T16:04:04.000Z,169,13.120361374733656
"3114-E-Jefferson-St,-Orlando,-FL-32803","3114 E Jefferson St, Orlando, FL 32803",3114 E Jefferson St,,Orlando,FL,32803,Orange County,28.544847,-81.344154,single_family,3.0,2.0,925.0,7717.0,1968.0,Inactive,305000,2022-08-19T15:23:54.000Z,109,12.628070334272698
"721-Herman-Ave,-Orlando,-FL-32803","721 Herman Ave, Orlando, FL 32803",721 Herman Ave,,Orlando,FL,32803,Orange County,28.554207,-81.323337,single_family,3.0,2.0,1100.0,7493.0,1925.0,Inactive,254900,2022-10-05T15:35:52.000Z,62,12.448630513463613
"4-N-Glenwood-Ave,-Orlando,-FL-32803","4 N Glenwood Ave, Orlando, FL 32803",4 N Glenwood Ave,,Orlando,FL,32803,Orange County,28.542478,-81.353148,single_family,4.0,3.0,2273.0,7979.0,1955.0,Inactive,500000,2022-07-22T16:07:15.000Z,135,13.122365377402328
"3006-Huntington-St,-Orlando,-FL-32803","3006 Huntington St, Orlando, FL 32803",3006 Huntington St,,Orlando,FL,32803,Orange County,28.532536,-81.345202,single_family,3.0,2.0,2085.0,10454.0,1957.0,Inactive,500000,2022-08-26T13:29:35.000Z,97,13.122365377402328
"2801-E-Central-Blvd,-Orlando,-FL-32803","2801 E Central Blvd, Orlando, FL 32803",2801 E Central Blvd,,Orlando,FL,32803,Orange County,28.542607,-81.347615,multi-family,6.0,4.0,2172.0,7022.0,1996.0,Inactive,599900,2022-10-28T19:07:45.000Z,33,13.304519920584285
"4258-Lake-Underhill-Rd,-Apt-D,-Orlando,-FL-32803","4258 Lake Underhill Rd, Apt D, Orlando, FL 32803",4258 Lake Underhill Rd,Apt D,Orlando,FL,32803,Orange County,28.535363,-81.333076,condo,2.0,2.0,1250.0,547114.0,1970.0,Inactive,250000,2022-11-01T23:42:00.000Z,29,12.429220196836383
"2020-Vivada-St,-Orlando,-FL-32803","2020 Vivada St, Orlando, FL 32803",2020 Vivada St,,Orlando,FL,32803,Orange County,28.560626,-81.355369,single_family,3.0,2.0,1700.0,8814.0,1957.0,Inactive,469000,2022-11-18T23:06:32.000Z,12,13.058360179622305
"1410-Christy-Ave,-Orlando,-FL-32803","1410 Christy Ave, Orlando, FL 32803",1410 Christy Ave,,Orlando,FL,32803,Orange County,28.564892,-81.34956,single_family,4.0,3.0,2622.0,7495.0,2022.0,Inactive,1195000,2022-09-17T19:41:31.000Z,73,13.993657580167481
"919-Mayfair-Cir,-Orlando,-FL-32803","919 Mayfair Cir, Orlando, FL 32803",919 Mayfair Cir,,Orlando,FL,32803,Orange County,28.537515,-81.353062,single_family,2.0,1.0,1260.0,5945.0,1948.0,Inactive,395000,2022-11-07T00:35:35.000Z,23,12.886643575525625
"1602-Park-Lake-St,-Unit-4,-Orlando,-FL-32803","1602 Park Lake St, Unit 4, Orlando, FL 32803",1602 Park Lake St,Unit 4,Orlando,FL,32803,Orange County,28.554764,-81.360111,townhouse,3.0,2.0,2081.0,1460.0,2022.0,Inactive,615000,2022-09-07T21:11:30.000Z,82,13.329379172803593
"3909-Mockingbird-Ln,-Orlando,-FL-32803","3909 Mockingbird Ln, Orlando, FL 32803",3909 Mockingbird Ln,,Orlando,FL,32803,Orange County,28.565598,-81.336497,single_family,4.0,3.0,2107.0,13939.0,1954.0,Inactive,590000,2022-11-17T10:17:29.000Z,11,13.28787951079572
"1418-Mount-Vernon-St,-Orlando,-FL-32803","1418 Mount Vernon St, Orlando, FL 32803",1418 Mount Vernon St,,Orlando,FL,32803,Orange County,28.550116,-81.361799,single_family,3.0,1.0,1289.0,10454.0,1922.0,Inactive,425000,2022-11-10T04:48:13.000Z,16,12.959846800844963
"2518-Weber-St,-Orlando,-FL-32803","2518 Weber St, Orlando, FL 32803",2518 Weber St,,Orlando,FL,32803,Orange County,28.558476,-81.350403,single_family,2.0,2.0,990.0,6903.0,1953.0,Inactive,425000,2022-11-08T11:05:06.000Z,15,12.959846800844963
"3916-Finch-St,-Orlando,-FL-32803","3916 Finch St, Orlando, FL 32803",3916 Finch St,,Orlando,FL,32803,Orange County,28.566798,-81.336235,single_family,3.0,2.0,1660.0,9385.0,1954.0,Inactive,515000,2022-11-10T17:06:37.000Z,11,13.151924121391561
"811-E-Marks-St,-Orlando,-FL-32803","811 E Marks St, Orlando, FL 32803",811 E Marks St,,Orlando,FL,32803,Orange County,28.557067,-81.367152,single_family,4.0,3.0,2901.0,9401.0,1998.0,Inactive,899000,2022-11-04T13:06:21.000Z,14,13.70903942580019
"620-E-Marks-St,-Orlando,-FL-32803","620 E Marks St, Orlando, FL 32803",620 E Marks St,,Orlando,FL,32803,Orange County,28.556556,-81.369745,single_family,4.0,3.0,2634.0,6002.0,1924.0,Inactive,899000,2022-10-25T18:47:54.000Z,21,13.70903942580019
"726-Tam-O-Shanter-Dr,-Orlando,-FL-32803","726 Tam O Shanter Dr, Orlando, FL 32803",726 Tam O Shanter Dr,,Orlando,FL,32803,Orange County,28.532294,-81.338057,single_family,3.0,2.0,1385.0,8360.0,1956.0,Inactive,399000,2022-10-25T21:08:46.000Z,21,12.896719202134523
"3014-Kilgore-St,-Orlando,-FL-32803","3014 Kilgore St, Orlando, FL 32803",3014 Kilgore St,,Orlando,FL,32803,Orange County,28.543008,-81.345034,townhouse,3.0,2.0,1960.0,6896.0,2017.0,Inactive,449000,2022-10-28T10:47:17.000Z,18,13.014780393893403
"845-Floral-Dr,-Orlando,-FL-32803","845 Floral Dr, Orlando, FL 32803",845 Floral Dr,,Orlando,FL,32803,Orange County,28.556658,-81.352363,single_family,3.0,3.0,1951.0,8138.0,1940.0,Inactive,545000,2022-11-02T16:07:00.000Z,12,13.208542908506082
"817-Mayfair-Cir,-Orlando,-FL-32803","817 Mayfair Cir, Orlando, FL 32803",817 Mayfair Cir,,Orlando,FL,32803,Orange County,28.535331,-81.354125,single_family,2.0,1.0,1359.0,7889.0,1950.0,Inactive,410000,2022-07-29T18:29:29.000Z,105,12.923914877701906
"4386-Lake-Underhill-Rd,-Apt-C,-Orlando,-FL-32803","4386 Lake Underhill Rd, Apt C, Orlando, FL 32803",4386 Lake Underhill Rd,Apt C,Orlando,FL,32803,Orange County,28.535363,-81.333076,condo,2.0,2.0,1250.0,7790.5,1970.0,Inactive,218000,2022-09-12T00:08:39.000Z,61,12.292254928916668
"3230-N-Orange-Ave,-Orlando,-FL-32803","3230 N Orange Ave, Orlando, FL 32803",3230 N Orange Ave,,Orlando,FL,32803,Orange County,28.580112,-81.372184,single_family,5.0,4.0,2721.0,10454.0,1925.0,Inactive,1195000,2022-08-19T00:22:58.000Z,84,13.993657580167481
"1015-E-Amelia-St,-Orlando,-FL-32803","1015 E Amelia St, Orlando, FL 32803",1015 E Amelia St,,Orlando,FL,32803,Orange County,28.549729,-81.365856,single_family,2.0,2.0,1526.0,8400.0,1950.0,Inactive,449000,2022-08-26T21:11:08.000Z,76,13.014780393893403
"3904-Corrine-Dr,-Orlando,-FL-32803","3904 Corrine Dr, Orlando, FL 32803",3904 Corrine Dr,,Orlando,FL,32803,Orange County,28.567615,-81.336724,single_family,3.0,2.0,1430.0,8370.0,1954.0,Inactive,469900,2022-08-30T17:47:51.000Z,71,13.060277313201007
"1404-Mount-Vernon-St,-Orlando,-FL-32803","1404 Mount Vernon St, Orlando, FL 32803",1404 Mount Vernon St,,Orlando,FL,32803,Orange County,28.550115,-81.362305,single_family,2.0,1.0,918.0,6889.0,1950.0,Inactive,405000,2022-10-06T12:29:11.000Z,34,12.91164481522143
"2501-Lake-Shore-Dr,-Orlando,-FL-32803","2501 Lake Shore Dr, Orlando, FL 32803",2501 Lake Shore Dr,,Orlando,FL,32803,Orange County,28.574293,-81.357003,single_family,4.0,3.0,3643.0,11761.0,2008.0,Inactive,2600000,2022-10-27T19:08:26.000Z,11,14.77102238760702
"4200-Lake-Underhill-Rd,-Unit-2B1,-Orlando,-FL-32803","4200 Lake Underhill Rd, Unit 2B1, Orlando, FL 32803",4200 Lake Underhill Rd,Unit 2B1,Orlando,FL,32803,Orange County,28.535363,-81.333076,condo,2.0,2.0,1400.0,7790.5,1969.0,Inactive,224000,2022-09-10T00:11:22.000Z,58,12.319405795112926
"2300-E-Central-Blvd,-Orlando,-FL-32803","2300 E Central Blvd, Orlando, FL 32803",2300 E Central Blvd,,Orlando,FL,32803,Orange County,28.542013,-81.352715,single_family,4.0,3.0,2032.0,10454.0,1948.0,Inactive,599999,2022-10-20T16:35:55.000Z,17,13.304684934198283
"2916-E-Marks-St,-Orlando,-FL-32803","2916 E Marks St, Orlando, FL 32803",2916 E Marks St,,Orlando,FL,32803,Orange County,28.557119,-81.346297,single_family,3.0,2.0,1340.0,8690.0,1956.0,Inactive,359500,2022-08-04T19:42:11.000Z,93,12.792472237780538
"706-Strathmore-Dr,-Orlando,-FL-32803","706 Strathmore Dr, Orlando, FL 32803",706 Strathmore Dr,,Orlando,FL,32803,Orange County,28.533169,-81.34046,single_family,4.0,2.0,1678.0,9595.0,1957.0,Inactive,445000,2022-08-15T23:35:18.000Z,81,13.005831808336863
"935-N-Hyer-Ave,-Orlando,-FL-32803","935 N Hyer Ave, Orlando, FL 32803",935 N Hyer Ave,,Orlando,FL,32803,Orange County,28.558033,-81.366204,single_family,3.0,2.0,1982.0,8203.0,1950.0,Inactive,550000,2022-10-20T16:47:48.000Z,14,13.217675375388819
"638-Woodward-St,-Orlando,-FL-32803","638 Woodward St, Orlando, FL 32803",638 Woodward St,,Orlando,FL,32803,Orange County,28.55383,-81.369389,single_family,3.0,2.0,1316.0,6736.0,1930.0,Inactive,455000,2022-10-23T16:05:25.000Z,8,13.02805489573287
"3222-N-Orange-Ave,-Orlando,-FL-32803","3222 N Orange Ave, Orlando, FL 32803",3222 N Orange Ave,,Orlando,FL,32803,Orange County,28.579896,-81.372436,single_family,3.0,2.0,1189.0,7007.0,1949.0,Inactive,445000,2022-09-05T19:06:06.000Z,54,13.005831808336863
"2104-Tangerine-St,-Orlando,-FL-32803","2104 Tangerine St, Orlando, FL 32803",2104 Tangerine St,,Orlando,FL,32803,Orange County,28.535595,-81.354593,single_family,3.0,2.0,1311.0,6287.0,1951.0,Inactive,410000,2022-09-22T14:36:12.000Z,37,12.923914877701906
"2510-Boyd-Ave,-Orlando,-FL-32803","2510 Boyd Ave, Orlando, FL 32803",2510 Boyd Ave,,Orlando,FL,32803,Orange County,28.568378,-81.349312,multi-family,2.0,2.0,1508.0,6562.0,1952.0,Inactive,475000,2022-10-17T19:06:43.000Z,11,13.07107218827772
"1040-Herman-Ave,-Orlando,-FL-32803","1040 Herman Ave, Orlando, FL 32803",1040 Herman Ave,,Orlando,FL,32803,Orange County,28.55832,-81.323942,single_family,2.0,1.0,1019.0,13504.0,1952.0,Inactive,310000,2022-09-15T18:17:59.000Z,40,12.644330802262578
"617-N-Hyer-Ave,-Orlando,-FL-32803","617 N Hyer Ave, Orlando, FL 32803",617 N Hyer Ave,,Orlando,FL,32803,Orange County,28.551878,-81.366204,multi-family,2.0,2.0,2823.0,6856.0,1935.0,Inactive,1260000,2022-05-18T14:06:50.000Z,160,14.04662307257814
"815-E-Concord-St,-Orlando,-FL-32803","815 E Concord St, Orlando, FL 32803",815 E Concord St,,Orlando,FL,32803,Orange County,28.551568,-81.367007,single_family,2.0,2.0,1440.0,7698.0,1935.0,Inactive,625000,2022-07-08T21:55:14.000Z,108,13.345508528717259
"346-Roswell-Ave,-Orlando,-FL-32803","346 Roswell Ave, Orlando, FL 32803",346 Roswell Ave,,Orlando,FL,32803,Orange County,28.547542,-81.354687,single_family,3.0,2.0,1243.0,6134.0,2001.0,Inactive,440000,2022-08-01T23:05:53.000Z,83,12.994532278619134
"238-N-Glenwood-Ave,-Orlando,-FL-32803","238 N Glenwood Ave, Orlando, FL 32803",238 N Glenwood Ave,,Orlando,FL,32803,Orange County,28.54571,-81.353131,townhouse,3.0,2.0,1468.0,604.0,2003.0,Inactive,349900,2022-06-01T21:11:19.000Z,142,12.765405536311112
"455-Buckminster-Cir,-Orlando,-FL-32803","455 Buckminster Cir, Orlando, FL 32803",455 Buckminster Cir,,Orlando,FL,32803,Orange County,28.537391,-81.349414,single_family,3.0,2.0,1009.0,7746.0,1948.0,Inactive,450000,2022-09-16T13:06:01.000Z,35,13.017005083966255
"3218-Anderson-Pl,-Orlando,-FL-32803","3218 Anderson Pl, Orlando, FL 32803",3218 Anderson Pl,,Orlando,FL,32803,Orange County,28.536544,-81.343015,single_family,2.0,2.0,1119.0,9098.0,1950.0,Inactive,365000,2022-07-22T15:11:36.000Z,89,12.807655372286902
"441-N-Fern-Creek-Ave,-Orlando,-FL-32803","441 N Fern Creek Ave, Orlando, FL 32803",441 N Fern Creek Ave,,Orlando,FL,32803,Orange County,28.549162,-81.359947,multi-family,0.0,2.0,1366.0,7560.0,1949.0,Inactive,484900,2022-05-17T15:42:44.000Z,153,13.0917000253722
"1711-Canton-St,-Orlando,-FL-32803","1711 Canton St, Orlando, FL 32803",1711 Canton St,,Orlando,FL,32803,Orange County,28.55975,-81.358801,single_family,2.0,1.0,1008.0,7593.0,1953.0,Inactive,379000,2022-09-23T15:07:10.000Z,23,12.84529412258351
"1647-E-Ridgewood-St,-Orlando,-FL-32803","1647 E Ridgewood St, Orlando, FL 32803",1647 E Ridgewood St,,Orlando,FL,32803,Orange County,28.546994,-81.358353,single_family,3.0,2.0,1532.0,7277.0,1939.0,Inactive,549900,2022-10-07T04:55:34.000Z,10,13.217493541006709
"1419-E-Ridgewood-St,-Orlando,-FL-32803","1419 E Ridgewood St, Orlando, FL 32803",1419 E Ridgewood St,,Orlando,FL,32803,Orange County,28.547004,-81.361426,single_family,2.0,1.0,1055.0,6111.0,1924.0,Inactive,499900,2022-09-03T13:47:07.000Z,41,13.12216535779974
"1409-Cole-Rd,-Orlando,-FL-32803","1409 Cole Rd, Orlando, FL 32803",1409 Cole Rd,,Orlando,FL,32803,Orange County,28.564553,-81.348245,single_family,2.0,1.0,825.0,7585.0,1953.0,Inactive,369900,2022-09-21T21:23:37.000Z,20,12.820990681250251
"3002-Plaza-Terrace-Dr,---3002,-Orlando,-FL-32803","3002 Plaza Terrace Dr, # 3002, Orlando, FL 32803",3002 Plaza Terrace Dr,# 3002,Orlando,FL,32803,Orange County,28.561561,-81.344463,condo,2.0,2.0,890.0,9675.0,1972.0,Inactive,274900,2022-09-26T22:08:29.000Z,12,12.524166311833152
"1606-E-Jefferson-St,-Orlando,-FL-32803","1606 E Jefferson St, Orlando, FL 32803",1606 E Jefferson St,,Orlando,FL,32803,Orange County,28.544677,-81.359819,single_family,3.0,2.0,2083.0,8365.0,1940.0,Inactive,725000,2022-07-11T18:06:06.000Z,88,13.493928313146206
"700-Wingo-St,-Orlando,-FL-32803","700 Wingo St, Orlando, FL 32803",700 Wingo St,,Orlando,FL,32803,Orange County,28.554066,-81.32294,single_family,3.0,2.0,1334.0,5251.0,1950.0,Inactive,340000,2022-08-04T19:42:11.000Z,64,12.73670383776449
"1401-Dolive-Dr,-Orlando,-FL-32803","1401 Dolive Dr, Orlando, FL 32803",1401 Dolive Dr,,Orlando,FL,32803,Orange County,28.569234,-81.362406,single_family,3.0,3.0,4282.0,13939.0,1974.0,Inactive,2595000,2022-07-19T14:06:53.000Z,78,14.769097459938507
"817-Altaloma-Ave,-Orlando,-FL-32803","817 Altaloma Ave, Orlando, FL 32803",817 Altaloma Ave,,Orlando,FL,32803,Orange County,28.555563,-81.358748,single_family,2.0,1.0,723.0,4569.0,1930.0,Inactive,379995,2022-08-17T22:11:06.000Z,46,12.847916005331378
"1607-Woodward-St,-Unit-11,-Orlando,-FL-32803","1607 Woodward St, Unit 11, Orlando, FL 32803",1607 Woodward St,Unit 11,Orlando,FL,32803,Orange County,28.554387,-81.359873,townhouse,3.0,2.0,2097.0,3324.0,2018.0,Inactive,599000,2022-09-21T01:47:40.000Z,12,13.303018546545275
"421-E-Concord-St,-Orlando,-FL-32803","421 E Concord St, Orlando, FL 32803",421 E Concord St,,Orlando,FL,32803,Orange County,28.551299,-81.371783,single_family,4.0,2.0,2181.0,7383.0,1926.0,Inactive,799000,2022-07-13T12:23:31.000Z,80,13.591117476312084
"3142-Plaza-Terrace-Dr,---3142,-Orlando,-FL-32803","3142 Plaza Terrace Dr, # 3142, Orlando, FL 32803",3142 Plaza Terrace Dr,# 3142,Orlando,FL,32803,Orange County,28.56119,-81.344363,condo,2.0,2.0,890.0,9675.0,1972.0,Inactive,289900,2022-09-16T04:48:26.000Z,15,12.57729476436913
"2019-E-Jefferson-St,-Orlando,-FL-32803","2019 E Jefferson St, Orlando, FL 32803",2019 E Jefferson St,,Orlando,FL,32803,Orange County,28.545237,-81.355313,single_family,3.0,2.0,1320.0,7215.0,1940.0,Inactive,499000,2022-07-13T18:51:07.000Z,78,13.120363378739663
"1915-Garvin-St,-Orlando,-FL-32803","1915 Garvin St, Orlando, FL 32803",1915 Garvin St,,Orlando,FL,32803,Orange County,28.558073,-81.356722,townhouse,4.0,3.0,1718.0,3464.0,2004.0,Inactive,499999,2022-09-14T19:09:24.000Z,14,13.122363377404328
"514-Sunglow-Dr,-Orlando,-FL-32803","514 Sunglow Dr, Orlando, FL 32803",514 Sunglow Dr,,Orlando,FL,32803,Orange County,28.53668,-81.345087,single_family,3.0,2.0,1247.0,7700.0,1957.0,Inactive,399000,2022-07-13T13:23:42.000Z,76,12.896719202134523
"805-E-Amelia-St,-Orlando,-FL-32803","805 E Amelia St, Orlando, FL 32803",805 E Amelia St,,Orlando,FL,32803,Orange County,28.549721,-81.36728,single_family,3.0,2.0,1658.0,7114.0,1950.0,Inactive,599000,2022-09-10T20:06:04.000Z,10,13.303018546545275
"2026-Merritt-Park-Dr,-Orlando,-FL-32803","2026 Merritt Park Dr, Orlando, FL 32803",2026 Merritt Park Dr,,Orlando,FL,32803,Orange County,28.570463,-81.35447,single_family,3.0,2.0,2511.0,17860.0,2016.0,Inactive,824999,2022-07-21T20:42:26.000Z,60,13.623138665316818
"1913-Garvin-St,-Orlando,-FL-32803","1913 Garvin St, Orlando, FL 32803",1913 Garvin St,,Orlando,FL,32803,Orange County,28.557882,-81.356719,townhouse,4.0,3.0,1718.0,3469.0,2004.0,Inactive,499000,2022-09-09T18:09:30.000Z,10,13.120363378739663
"609-Springview-Dr,-Orlando,-FL-32803","609 Springview Dr, Orlando, FL 32803",609 Springview Dr,,Orlando,FL,32803,Orange County,28.534847,-81.335487,single_family,2.0,2.0,1143.0,9867.0,1958.0,Inactive,350000,2022-08-11T18:29:44.000Z,38,12.765691290604371
"1414-Illinois-St,-Orlando,-FL-32803","1414 Illinois St, Orlando, FL 32803",1414 Illinois St,,Orlando,FL,32803,Orange County,28.55591,-81.362054,single_family,3.0,4.0,1947.0,8387.0,1944.0,Inactive,499355,2022-08-12T21:24:39.000Z,36,13.1210745472194
"1308-Susannah-Blvd,-Orlando,-FL-32803","1308 Susannah Blvd, Orlando, FL 32803",1308 Susannah Blvd,,Orlando,FL,32803,Orange County,28.563085,-81.31975,single_family,4.0,3.0,1850.0,20473.0,1943.0,Inactive,650000,2022-09-02T00:09:38.000Z,16,13.384729180332174
"1333-1335-N-Fern-Creek-Ave,-Orlando,-FL-32803","1333/1335 N Fern Creek Ave, Orlando, FL 32803",1333/1335 N Fern Creek Ave,,Orlando,FL,32803,Orange County,28.563496,-81.360206,multi-family,4.0,2.0,1920.0,6870.0,1971.0,Inactive,639000,2022-06-08T18:51:57.000Z,99,13.367661298303675
"341-Hillside-Ave,-Orlando,-FL-32803","341 Hillside Ave, Orlando, FL 32803",341 Hillside Ave,,Orlando,FL,32803,Orange County,28.547239,-81.353543,single_family,3.0,2.0,1468.0,5228.0,2002.0,Inactive,484900,2022-09-06T19:07:17.000Z,9,13.0917000253722
"720-Eldridge-St,-Orlando,-FL-32803","720 Eldridge St, Orlando, FL 32803",720 Eldridge St,,Orlando,FL,32803,Orange County,28.554661,-81.322208,single_family,4.0,1.0,1218.0,14375.0,1947.0,Inactive,259900,2022-08-31T04:46:52.000Z,15,12.468056068255885
"1502-Bodell-Ln,-Orlando,-FL-32803","1502 Bodell Ln, Orlando, FL 32803",1502 Bodell Ln,,Orlando,FL,32803,Orange County,28.564917,-81.357826,multi-family,3.0,3.0,2164.0,10454.0,1965.0,Inactive,599000,2022-08-30T15:17:54.000Z,14,13.303018546545275
"4010-Bobolink-Ln,-Orlando,-FL-32803","4010 Bobolink Ln, Orlando, FL 32803",4010 Bobolink Ln,,Orlando,FL,32803,Orange County,28.565959,-81.335261,single_family,3.0,2.0,1961.0,10454.0,1957.0,Inactive,495000,2022-09-01T11:29:33.000Z,10,13.112315061750808
"2854-Plaza-Terrace-Dr,-Orlando,-FL-32803","2854 Plaza Terrace Dr, Orlando, FL 32803",2854 Plaza Terrace Dr,,Orlando,FL,32803,Orange County,28.561591,-81.347081,condo,1.0,1.0,663.0,7319.0,1972.0,Inactive,205000,2022-08-31T10:06:25.000Z,10,12.230770136157428
"2204-Valencia-Rd,-Orlando,-FL-32803","2204 Valencia Rd, Orlando, FL 32803",2204 Valencia Rd,,Orlando,FL,32803,Orange County,28.547972,-81.353818,single_family,2.0,1.0,821.0,7823.0,1950.0,Inactive,350000,2022-07-22T23:11:05.000Z,48,12.765691290604371
"1601-Reppard-Rd,-Orlando,-FL-32803","1601 Reppard Rd, Orlando, FL 32803",1601 Reppard Rd,,Orlando,FL,32803,Orange County,28.565832,-81.359687,single_family,3.0,2.0,1647.0,11326.0,1955.0,Inactive,599900,2022-07-07T13:27:26.000Z,63,13.304519920584285
"1315-Susannah-Blvd,-Orlando,-FL-32803","1315 Susannah Blvd, Orlando, FL 32803",1315 Susannah Blvd,,Orlando,FL,32803,Orange County,28.563275,-81.318945,single_family,3.0,2.0,1602.0,8424.0,1985.0,Inactive,425000,2022-08-04T19:42:11.000Z,34,12.959846800844963
"3215-Pickfair-St,-Orlando,-FL-32803","3215 Pickfair St, Orlando, FL 32803",3215 Pickfair St,,Orlando,FL,32803,Orange County,28.534564,-81.342898,single_family,3.0,2.0,1563.0,7687.0,1955.0,Inactive,399000,2022-08-05T14:29:35.000Z,32,12.896719202134523
"2813-Primrose-Ct,-Orlando,-FL-32803","2813 Primrose Ct, Orlando, FL 32803",2813 Primrose Ct,,Orlando,FL,32803,Orange County,28.54111,-81.347026,single_family,3.0,1.0,1140.0,7842.0,1954.0,Inactive,389900,2022-08-10T17:35:39.000Z,26,12.873648139727594
"2637-Kilgore-St,-Orlando,-FL-32803","2637 Kilgore St, Orlando, FL 32803",2637 Kilgore St,,Orlando,FL,32803,Orange County,28.543414,-81.349153,townhouse,3.0,2.0,1763.0,3380.0,2021.0,Inactive,459500,2022-08-25T01:10:45.000Z,12,13.037896397054075
"4260-Lake-Underhill-Rd,-Apt-C,-Orlando,-FL-32803","4260 Lake Underhill Rd, Apt C, Orlando, FL 32803",4260 Lake Underhill Rd,Apt C,Orlando,FL,32803,Orange County,28.535363,-81.333076,condo,2.0,2.0,1250.0,547114.0,1970.0,Inactive,224900,2022-08-25T18:42:11.000Z,11,12.323415584358154
"335-Roswell-Ave,-Orlando,-FL-32803","335 Roswell Ave, Orlando, FL 32803",335 Roswell Ave,,Orlando,FL,32803,Orange County,28.547114,-81.354258,single_family,3.0,2.0,1981.0,4756.0,2001.0,Inactive,525000,2022-08-27T18:35:43.000Z,9,13.171155446333852
"733-Warwick-Pl,-Orlando,-FL-32803","733 Warwick Pl, Orlando, FL 32803",733 Warwick Pl,,Orlando,FL,32803,Orange County,28.532085,-81.353331,single_family,4.0,3.0,3341.0,7352.0,2022.0,Inactive,1100300,2022-04-12T17:51:11.000Z,143,13.911094336700634
"1131-N-Forest-Ave,-Orlando,-FL-32803","1131 N Forest Ave, Orlando, FL 32803",1131 N Forest Ave,,Orlando,FL,32803,Orange County,28.561521,-81.354438,single_family,4.0,3.0,2353.0,19602.0,1954.0,Inactive,699000,2022-08-04T19:42:11.000Z,29,13.457407451830088
"1220-Spokane-Ave,-Orlando,-FL-32803","1220 Spokane Ave, Orlando, FL 32803",1220 Spokane Ave,,Orlando,FL,32803,Orange County,28.561865,-81.361698,single_family,2.0,2.0,1080.0,3116.0,1995.0,Inactive,379000,2022-08-12T11:41:04.000Z,22,12.84529412258351
"516-N-Shine-Ave,-Orlando,-FL-32803","516 N Shine Ave, Orlando, FL 32803",516 N Shine Ave,,Orlando,FL,32803,Orange County,28.550114,-81.362882,single_family,2.0,2.0,1216.0,4605.0,1925.0,Inactive,470000,2022-08-18T20:47:39.000Z,13,13.060490101343552
"3625-Chelsea-St,-Orlando,-FL-32803","3625 Chelsea St, Orlando, FL 32803",3625 Chelsea St,,Orlando,FL,32803,Orange County,28.563097,-81.338928,single_family,3.0,2.0,1541.0,8408.0,1955.0,Inactive,469000,2022-07-28T21:35:46.000Z,33,13.058360179622305
"520-Hillcrest-St,-Orlando,-FL-32803","520 Hillcrest St, Orlando, FL 32803",520 Hillcrest St,,Orlando,FL,32803,Orange County,28.552005,-81.370823,single_family,3.0,2.0,1639.0,6741.0,1952.0,Inactive,516000,2022-08-10T20:29:37.000Z,20,13.153863982446317
"1709-Garvin-St,-Orlando,-FL-32803","1709 Garvin St, Orlando, FL 32803",1709 Garvin St,,Orlando,FL,32803,Orange County,28.557944,-81.358844,single_family,2.0,1.0,1225.0,6324.0,1930.0,Inactive,399000,2022-08-18T12:29:08.000Z,13,12.896719202134523
"531-Cathcart-Ave,-Orlando,-FL-32803","531 Cathcart Ave, Orlando, FL 32803",531 Cathcart Ave,,Orlando,FL,32803,Orange County,28.550567,-81.370305,single_family,4.0,3.0,2456.0,7558.0,1911.0,Inactive,700000,2022-06-20T13:07:03.000Z,71,13.45883704259595
"505-N-Hillside-Ave,-Orlando,-FL-32803","505 N Hillside Ave, Orlando, FL 32803",505 N Hillside Ave,,Orlando,FL,32803,Orange County,28.549704,-81.353809,single_family,3.0,2.0,1190.0,7182.0,1958.0,Inactive,453000,2022-07-24T01:23:06.000Z,32,13.023649611968253
"1101-Chichester-St,-Orlando,-FL-32803","1101 Chichester St, Orlando, FL 32803",1101 Chichester St,,Orlando,FL,32803,Orange County,28.581201,-81.365542,single_family,3.0,2.0,2238.0,9450.0,1949.0,Inactive,839000,2022-08-04T19:42:11.000Z,20,13.639967177343745
"1500-E-Ridgewood-St,-Orlando,-FL-32803","1500 E Ridgewood St, Orlando, FL 32803",1500 E Ridgewood St,,Orlando,FL,32803,Orange County,28.546467,-81.361262,single_family,2.0,2.0,1826.0,7576.0,1950.0,Inactive,560000,2022-08-10T00:48:17.000Z,13,13.235693848424024
"3219-Palmer-St,-Orlando,-FL-32803","3219 Palmer St, Orlando, FL 32803",3219 Palmer St,,Orlando,FL,32803,Orange County,28.535335,-81.342783,single_family,3.0,2.0,1229.0,7700.0,1950.0,Inactive,395000,2022-08-12T12:06:24.000Z,11,12.886643575525625
"6-N-Lakewood-Dr,-Orlando,-FL-32803","6 N Lakewood Dr, Orlando, FL 32803",6 N Lakewood Dr,,Orlando,FL,32803,Orange County,28.542722,-81.345882,single_family,3.0,2.0,1865.0,4147.0,2019.0,Inactive,449500,2022-07-07T12:34:57.000Z,45,13.015893357585442
"932-N-Hyer-Ave,-Orlando,-FL-32803","932 N Hyer Ave, Orlando, FL 32803",932 N Hyer Ave,,Orlando,FL,32803,Orange County,28.557858,-81.366833,single_family,3.0,2.0,1668.0,9959.0,1949.0,Inactive,549900,2022-07-07T16:47:57.000Z,44,13.217493541006709
"2117-Buckminster-Cir,-Orlando,-FL-32803","2117 Buckminster Cir, Orlando, FL 32803",2117 Buckminster Cir,,Orlando,FL,32803,Orange County,28.533878,-81.353309,single_family,2.0,2.0,1346.0,6610.0,1947.0,Inactive,475000,2022-08-10T15:06:08.000Z,10,13.07107218827772
"2028-Illinois-St,-Orlando,-FL-32803","2028 Illinois St, Orlando, FL 32803",2028 Illinois St,,Orlando,FL,32803,Orange County,28.555549,-81.355031,single_family,4.0,3.0,2166.0,6610.0,2020.0,Inactive,739900,2022-08-04T19:42:11.000Z,15,13.51427167244672
"400-E-Colonial-Dr,-Apt-1404,-Orlando,-FL-32803","400 E Colonial Dr, Apt 1404, Orlando, FL 32803",400 E Colonial Dr,Apt 1404,Orlando,FL,32803,Orange County,28.552804,-81.372234,condo,2.0,2.0,1189.0,7790.5,1975.0,Inactive,380000,2022-06-11T18:31:37.000Z,68,12.847929163278053
"841-N-Fern-Creek-Ave,---201,-Orlando,-FL-32803","841 N Fern Creek Ave, # 201, Orlando, FL 32803",841 N Fern Creek Ave,# 201,Orlando,FL,32803,Orange County,28.556178,-81.360112,condo,3.0,3.0,2093.0,3918.0,2003.0,Inactive,465000,2022-07-15T18:23:46.000Z,33,13.049794835104816
"2422-E-Jefferson-St,-Orlando,-FL-32803","2422 E Jefferson St, Orlando, FL 32803",2422 E Jefferson St,,Orlando,FL,32803,Orange County,28.544763,-81.351282,single_family,2.0,1.0,1058.0,6737.0,1925.0,Inactive,350000,2022-06-17T17:08:54.000Z,60,12.765691290604371
"1002-Mount-Vernon-St,---2,-Orlando,-FL-32803","1002 Mount Vernon St, # 2, Orlando, FL 32803",1002 Mount Vernon St,# 2,Orlando,FL,32803,Orange County,28.550187,-81.366248,condo,2.0,2.0,858.0,1712.0,1981.0,Inactive,269900,2022-07-27T14:19:04.000Z,21,12.505810504075185
"2838-Plaza-Terrace-Dr,-Orlando,-FL-32803","2838 Plaza Terrace Dr, Orlando, FL 32803",2838 Plaza Terrace Dr,,Orlando,FL,32803,Orange County,28.561589,-81.347359,condo,2.0,2.0,890.0,7319.0,1972.0,Inactive,265000,2022-07-02T17:15:28.000Z,44,12.487488878546145
"2408-Virginia-Dr,-Orlando,-FL-32803","2408 Virginia Dr, Orlando, FL 32803",2408 Virginia Dr,,Orlando,FL,32803,Orange County,28.565049,-81.351556,single_family,4.0,4.0,3306.0,10019.0,2022.0,Inactive,1005000,2022-02-27T14:11:43.534Z,169,13.820499094499693
"400-E-Colonial-Dr,-Apt-209,-Orlando,-FL-32803","400 E Colonial Dr, Apt 209, Orlando, FL 32803",400 E Colonial Dr,Apt 209,Orlando,FL,32803,Orange County,28.552804,-81.372234,condo,2.0,2.0,1189.0,12197.0,1975.0,Inactive,280000,2022-04-14T12:56:10.986Z,123,12.54254845357358
"1415-Christy-Ave,-Orlando,-FL-32803","1415 Christy Ave, Orlando, FL 32803",1415 Christy Ave,,Orlando,FL,32803,Orange County,28.565076,-81.349064,single_family,5.0,4.0,3447.0,7497.0,2022.0,Inactive,1144626,2022-05-12T15:17:18.256Z,95,13.950589377705656
"819-E-Amelia-St,-Orlando,-FL-32803","819 E Amelia St, Orlando, FL 32803",819 E Amelia St,,Orlando,FL,32803,Orange County,28.549724,-81.366809,single_family,3.0,2.0,1568.0,7134.0,1925.0,Inactive,464900,2022-05-13T15:03:32.534Z,94,13.049579758676577
"2513-E-Central-Blvd,---A,-Orlando,-FL-32803","2513 E Central Blvd, # A, Orlando, FL 32803",2513 E Central Blvd,# A,Orlando,FL,32803,Orange County,28.542457,-81.350309,townhouse,3.0,2.0,1700.0,3753.0,2022.0,Inactive,479000,2022-08-05T17:42:41.501Z,10,13.079457964073546
"2620-Marble-Ave,-Orlando,-FL-32803","2620 Marble Ave, Orlando, FL 32803",2620 Marble Ave,,Orlando,FL,32803,Orange County,28.568491,-81.347037,single_family,3.0,3.0,1664.0,7500.0,1955.0,Inactive,399000,2022-05-19T14:28:11.824Z,88,12.896719202134523
"711-Essex-Pl,-Orlando,-FL-32803","711 Essex Pl, Orlando, FL 32803",711 Essex Pl,,Orlando,FL,32803,Orange County,28.532983,-81.352438,single_family,4.0,3.0,2454.0,8097.0,1950.0,Inactive,839000,2022-05-26T15:48:02.301Z,81,13.639967177343745
"611-E-Concord-St,-Orlando,-FL-32803","611 E Concord St, Orlando, FL 32803",611 E Concord St,,Orlando,FL,32803,Orange County,28.551353,-81.370159,single_family,3.0,2.0,2525.0,10000.0,1925.0,Inactive,950000,2022-05-30T16:05:05.597Z,77,13.76421831620775
"1728-Virginia-Dr,-Orlando,-FL-32803","1728 Virginia Dr, Orlando, FL 32803",1728 Virginia Dr,,Orlando,FL,32803,Orange County,28.563766,-81.358462,townhouse,4.0,3.0,2009.0,886.0,2005.0,Inactive,484900,2022-06-09T14:16:03.688Z,67,13.0917000253722
"1609-Park-Lake-St,-Orlando,-FL-32803","1609 Park Lake St, Orlando, FL 32803",1609 Park Lake St,,Orlando,FL,32803,Orange County,28.555186,-81.359886,single_family,4.0,3.0,2241.0,6600.0,2010.0,Inactive,675000,2022-06-17T16:06:08.137Z,59,13.42246945133505
"2515-Boyd-Ave,-Orlando,-FL-32803","2515 Boyd Ave, Orlando, FL 32803",2515 Boyd Ave,,Orlando,FL,32803,Orange County,28.568863,-81.34899,single_family,5.0,4.0,2820.0,7500.0,2022.0,Inactive,1150000,2020-09-21T23:36:03.423Z,692,13.955273369904273
"3708-Corrine-Dr,-Orlando,-FL-32803","3708 Corrine Dr, Orlando, FL 32803",3708 Corrine Dr,,Orlando,FL,32803,Orange County,28.567608,-81.338617,single_family,4.0,3.0,2152.0,7879.0,1954.0,Inactive,574900,2022-06-22T16:39:55.156Z,54,13.261953131042814
"729-Springview-Dr,-Orlando,-FL-32803","729 Springview Dr, Orlando, FL 32803",729 Springview Dr,,Orlando,FL,32803,Orange County,28.532432,-81.335484,single_family,4.0,3.0,2121.0,9855.0,1956.0,Inactive,459999,2022-06-23T17:16:54.507Z,53,13.038981768465277
"1207-Falcon-Dr,-Orlando,-FL-32803","1207 Falcon Dr, Orlando, FL 32803",1207 Falcon Dr,,Orlando,FL,32803,Orange County,28.5634,-81.346312,single_family,5.0,3.0,2311.0,17424.0,1955.0,Inactive,635000,2022-06-24T16:21:52.540Z,52,13.361381852676738
"3001-Clemwood-St,-Orlando,-FL-32803","3001 Clemwood St, Orlando, FL 32803",3001 Clemwood St,,Orlando,FL,32803,Orange County,28.532161,-81.345438,single_family,3.0,2.0,1577.0,10454.0,1959.0,Inactive,549000,2022-06-28T15:52:29.032Z,48,13.215855541983634
"2707-E-Marks-St,-Orlando,-FL-32803","2707 E Marks St, Orlando, FL 32803",2707 E Marks St,,Orlando,FL,32803,Orange County,28.557649,-81.348684,single_family,3.0,2.0,1215.0,8092.0,1955.0,Inactive,375000,2022-06-29T14:49:06.525Z,47,12.834683971615659
"1501-Park-Lake-St,-Orlando,-FL-32803","1501 Park Lake St, Orlando, FL 32803",1501 Park Lake St,,Orlando,FL,32803,Orange County,28.555486,-81.361377,multi-family,3.0,2.0,1348.0,7501.0,1948.0,Inactive,515000,2022-07-01T16:06:53.955Z,43,13.151924121391561
"1336-N-Fern-Creek-Ave,-Orlando,-FL-32803","1336 N Fern Creek Ave, Orlando, FL 32803",1336 N Fern Creek Ave,,Orlando,FL,32803,Orange County,28.563612,-81.360782,single_family,3.0,2.0,1341.0,7431.0,1925.0,Inactive,575000,2022-07-02T16:05:48.743Z,42,13.26212705890841
"1930-Rowena-Ave,-Orlando,-FL-32803","1930 Rowena Ave, Orlando, FL 32803",1930 Rowena Ave,,Orlando,FL,32803,Orange County,28.570333,-81.354814,single_family,4.0,3.0,2574.0,11326.0,1925.0,Inactive,799999,2022-07-02T16:23:49.782Z,42,13.592367006650065
"4264-Lake-Underhill-Rd,---4C2,-Orlando,-FL-32803","4264 Lake Underhill Rd, # 4C2, Orlando, FL 32803",4264 Lake Underhill Rd,# 4C2,Orlando,FL,32803,Orange County,28.535363,-81.333076,condo,2.0,2.0,1250.0,7790.5,1969.0,Inactive,220000,2022-07-16T12:40:15.661Z,29,12.301387370778713
"614-N-Summerlin-Ave,-Orlando,-FL-32803","614 N Summerlin Ave, Orlando, FL 32803",614 N Summerlin Ave,,Orlando,FL,32803,Orange County,28.551584,-81.368884,multi-family,3.0,2.0,2210.0,8146.0,1928.0,Inactive,535000,2022-07-06T16:51:36.327Z,38,13.190023895035274
"2218-Valencia-Rd,-Orlando,-FL-32803","2218 Valencia Rd, Orlando, FL 32803",2218 Valencia Rd,,Orlando,FL,32803,Orange County,28.547979,-81.35321,single_family,3.0,2.0,1442.0,7826.0,1950.0,Inactive,479000,2022-07-07T15:43:33.487Z,37,13.079457964073546
"1001-N-Shine-Ave,-Orlando,-FL-32803","1001 N Shine Ave, Orlando, FL 32803",1001 N Shine Ave,,Orlando,FL,32803,Orange County,28.558725,-81.362205,single_family,3.0,1.0,1044.0,7263.0,1947.0,Inactive,399000,2022-07-07T15:19:04.868Z,38,12.896719202134523
"2409-Illinois-St,-Orlando,-FL-32803","2409 Illinois St, Orlando, FL 32803",2409 Illinois St,,Orlando,FL,32803,Orange County,28.555965,-81.351616,single_family,3.0,1.0,1356.0,8030.0,1953.0,Inactive,425000,2022-07-08T15:21:31.550Z,37,12.959846800844963
"408-E-Harwood-St,-Orlando,-FL-32803","408 E Harwood St, Orlando, FL 32803",408 E Harwood St,,Orlando,FL,32803,Orange County,28.548344,-81.372214,single_family,4.0,2.0,1617.0,2390.0,1920.0,Inactive,435000,2020-09-22T02:00:59.479Z,691,12.983103608918753
"2513-E-Central-Blvd,---C,-Orlando,-FL-32803","2513 E Central Blvd, # C, Orlando, FL 32803",2513 E Central Blvd,# C,Orlando,FL,32803,Orange County,28.542457,-81.350309,townhouse,3.0,2.0,1700.0,3753.0,2022.0,Inactive,479000,2022-07-13T15:18:56.336Z,32,13.079457964073546
"3715-Chelsea-St,-Orlando,-FL-32803","3715 Chelsea St, Orlando, FL 32803",3715 Chelsea St,,Orlando,FL,32803,Orange County,28.563105,-81.338274,single_family,3.0,1.0,1233.0,8396.0,1955.0,Inactive,359000,2022-07-14T15:09:16.144Z,31,12.791080452981857
"400-E-Colonial-Dr,-Apt-1105,-Orlando,-FL-32803","400 E Colonial Dr, Apt 1105, Orlando, FL 32803",400 E Colonial Dr,Apt 1105,Orlando,FL,32803,Orange County,28.552804,-81.372234,condo,1.0,1.0,799.0,12197.0,1975.0,Inactive,200000,2020-09-20T19:15:57.139Z,692,12.206077645517674
"808-Palm-Dr,-Orlando,-FL-32803","808 Palm Dr, Orlando, FL 32803",808 Palm Dr,,Orlando,FL,32803,Orange County,28.555404,-81.355961,single_family,3.0,2.0,1421.0,7212.0,1937.0,Inactive,480000,2022-07-15T15:44:47.640Z,29,13.081543466215237
"2916-Plaza-Terrace-Dr,-Orlando,-FL-32803","2916 Plaza Terrace Dr, Orlando, FL 32803",2916 Plaza Terrace Dr,,Orlando,FL,32803,Orange County,28.561602,-81.34591,condo,2.0,2.0,890.0,7319.0,1972.0,Inactive,269900,2022-07-20T12:00:43.189Z,25,12.505810504075185
"915-Oregon-St,-Orlando,-FL-32803","915 Oregon St, Orlando, FL 32803",915 Oregon St,,Orlando,FL,32803,Orange County,28.560662,-81.365872,single_family,2.0,2.0,1395.0,8859.0,1950.0,Inactive,549000,2022-07-22T16:45:14.908Z,22,13.215855541983634
"1503-Weber-St,-Orlando,-FL-32803","1503 Weber St, Orlando, FL 32803",1503 Weber St,,Orlando,FL,32803,Orange County,28.558823,-81.361225,single_family,2.0,2.0,1076.0,7077.0,1940.0,Inactive,410000,2022-07-23T16:20:18.666Z,21,12.923914877701906
"3910-Wren-Ln,-Orlando,-FL-32803","3910 Wren Ln, Orlando, FL 32803",3910 Wren Ln,,Orlando,FL,32803,Orange County,28.563446,-81.336512,single_family,3.0,2.0,1665.0,9904.0,1955.0,Inactive,515000,2022-07-28T16:17:09.383Z,16,13.151924121391561
"2210-E-Anderson-St,-Orlando,-FL-32803","2210 E Anderson St, Orlando, FL 32803",2210 E Anderson St,,Orlando,FL,32803,Orange County,28.537718,-81.353214,single_family,2.0,1.0,1138.0,12197.0,1952.0,Inactive,320000,2022-08-05T11:26:42.804Z,9,12.676079399771027
"711-E-Livingston-St,-Orlando,-FL-32803","711 E Livingston St, Orlando, FL 32803",711 E Livingston St,,Orlando,FL,32803,Orange County,28.547873,-81.368035,single_family,4.0,3.0,1600.0,6842.0,1937.0,Inactive,435000,2022-08-05T11:26:42.793Z,9,12.983103608918753
"3134-Plaza-Terrace-Dr,---3134,-Orlando,-FL-32803","3134 Plaza Terrace Dr, # 3134, Orlando, FL 32803",3134 Plaza Terrace Dr,# 3134,Orlando,FL,32803,Orange County,28.561188,-81.343488,condo,1.0,1.0,663.0,9675.0,1972.0,Inactive,200000,2022-08-05T11:24:53.281Z,9,12.206077645517674
"918-N-Hyer-Ave,-Orlando,-FL-32803","918 N Hyer Ave, Orlando, FL 32803",918 N Hyer Ave,,Orlando,FL,32803,Orange County,28.55749,-81.366829,single_family,3.0,2.0,1798.0,9717.0,1948.0,Inactive,599000,2022-06-09T14:38:58.717Z,65,13.303018546545275
"1908-E-Jefferson-St,-Orlando,-FL-32803","1908 E Jefferson St, Orlando, FL 32803",1908 E Jefferson St,,Orlando,FL,32803,Orange County,28.544671,-81.356803,single_family,5.0,4.0,3516.0,7790.5,1955.0,Inactive,1300000,2022-06-02T15:56:03.775Z,66,14.077875591662238
"15-N-Hampton-Ave,-Lot-4,-Orlando,-FL-32803","15 N Hampton Ave, Lot 4, Orlando, FL 32803",15 N Hampton Ave,Lot 4,Orlando,FL,32803,Orange County,28.542828,-81.355711,single_family,4.0,3.0,1882.0,7790.5,1955.0,Inactive,660000,2022-02-16T14:24:47.782Z,172,13.399996629152975
"2122-Mount-Vernon-St,-Orlando,-FL-32803","2122 Mount Vernon St, Orlando, FL 32803",2122 Mount Vernon St,,Orlando,FL,32803,Orange County,28.550187,-81.354287,single_family,3.0,2.0,2032.0,7790.5,1955.0,Inactive,639900,2022-07-08T16:01:17.265Z,36,13.36906875587051
"21-N-Hampton-Ave,-Lot-2,-Orlando,-FL-32803","21 N Hampton Ave, Lot 2, Orlando, FL 32803",21 N Hampton Ave,Lot 2,Orlando,FL,32803,Orange County,28.542975,-81.355713,single_family,4.0,3.0,1882.0,7790.5,1955.0,Inactive,620000,2021-12-23T14:42:19.613Z,233,13.3374763699232
"13-N-Hampton-Ave,-Lot-3,-Orlando,-FL-32803","13 N Hampton Ave, Lot 3, Orlando, FL 32803",13 N Hampton Ave,Lot 3,Orlando,FL,32803,Orange County,28.542827,-81.355711,single_family,4.0,3.0,1882.0,7790.5,1955.0,Inactive,620000,2022-04-29T16:08:38.288Z,106,13.3374763699232
"812-Hillcrest-St,-Orlando,-FL-32803","812 Hillcrest St, Orlando, FL 32803",812 Hillcrest St,,Orlando,FL,32803,Orange County,28.551986,-81.367012,apartment,3.0,2.0,1485.0,7790.5,1955.0,Inactive,619000,2022-06-23T17:47:25.301Z,51,13.335862167174314
"947-N-Shine-Ave,-Orlando,-FL-32803","947 N Shine Ave, Orlando, FL 32803",947 N Shine Ave,,Orlando,FL,32803,Orange County,28.558447,-81.362237,condo,3.0,2.0,1842.0,7790.5,1955.0,Inactive,557908,2022-06-25T15:48:42.401Z,49,13.231951145626786
"1217-Canton-St,-Orlando,-FL-32803","1217 Canton St, Orlando, FL 32803",1217 Canton St,,Orlando,FL,32803,Orange County,28.559738,-81.363671,single_family,3.0,2.0,1503.0,7790.5,1955.0,Inactive,499000,2022-06-15T15:48:05.779Z,59,13.120363378739663
"2513-E-Central-Blvd,-Unit-B,-Orlando,-FL-32803","2513 E Central Blvd, Unit B, Orlando, FL 32803",2513 E Central Blvd,Unit B,Orlando,FL,32803,Orange County,28.542457,-81.350309,condo,3.0,2.0,1700.0,7790.5,1955.0,Inactive,485000,2022-06-25T15:26:15.442Z,49,13.091906231773164
"1121-Utah-Blvd,-Orlando,-FL-32803","1121 Utah Blvd, Orlando, FL 32803",1121 Utah Blvd,,Orlando,FL,32803,Orange County,28.561295,-81.352425,single_family,2.0,1.0,853.0,7790.5,1955.0,Inactive,399900,2022-05-20T14:30:37.686Z,85,12.89897229545694
"644-S-Hampton-Ave,-Orlando,-FL-32803","644 S Hampton Ave, Orlando, FL 32803",644 S Hampton Ave,,Orlando,FL,32803,Orange County,28.533349,-81.355721,single_family,2.0,1.0,910.0,7790.5,1955.0,Inactive,367500,2022-03-25T13:01:49.509Z,141,12.814481318719762
"400-E-Colonial-Dr,-Apt-607,-Orlando,-FL-32803","400 E Colonial Dr, Apt 607, Orlando, FL 32803",400 E Colonial Dr,Apt 607,Orlando,FL,32803,Orange County,28.552804,-81.372234,condo,2.0,2.0,1250.0,7790.5,1955.0,Inactive,264000,2022-05-26T13:16:54.074Z,79,12.483708170000067
"4256-Lake-Underhill-Rd,-Unit-10C3,-Orlando,-FL-32803","4256 Lake Underhill Rd, Unit 10C3, Orlando, FL 32803",4256 Lake Underhill Rd,Unit 10C3,Orlando,FL,32803,Orange County,28.535363,-81.333076,condo,2.0,2.0,1250.0,7790.5,1955.0,Inactive,240000,2022-06-11T12:01:59.838Z,63,12.388398368982115
"830-Strathmore-Dr,-Orlando,-FL-32803","830 Strathmore Dr, Orlando, FL 32803",830 Strathmore Dr,,Orlando,FL,32803,Orange County,28.530781,-81.338729,single_family,4.0,3.0,2525.0,7790.5,1955.0,Inactive,800000,2022-06-17T16:15:20.423Z,57,13.592368256649284
"809-E-Harwood-St,-Orlando,-FL-32803","809 E Harwood St, Orlando, FL 32803",809 E Harwood St,,Orlando,FL,32803,Orange County,28.548799,-81.36711,single_family,2.0,1.0,1262.0,7790.5,1955.0,Inactive,315000,2022-07-07T14:41:51.697Z,37,12.660331092405906
"2802-E-Anderson-St,-Orlando,-FL-32803","2802 E Anderson St, Orlando, FL 32803",2802 E Anderson St,,Orlando,FL,32803,Orange County,28.537694,-81.347117,single_family,3.0,2.0,1205.0,7790.5,1955.0,Inactive,389000,2022-06-03T14:53:53.632Z,71,12.871337193291367
"3024-Lake-Shore-Dr,-Orlando,-FL-32803","3024 Lake Shore Dr, Orlando, FL 32803",3024 Lake Shore Dr,,Orlando,FL,32803,Orange County,28.579248,-81.36012,single_family,6.0,5.0,4500.0,7790.5,1955.0,Inactive,3750000,2022-05-25T16:02:16.557Z,80,15.137266664613225
"719-High-St,-Orlando,-FL-32803","719 High St, Orlando, FL 32803",719 High St,,Orlando,FL,32803,Orange County,28.555257,-81.321802,single_family,3.0,2.0,1449.0,7790.5,1955.0,Inactive,419500,2021-06-16T14:12:45.958Z,423,12.946821188676783
"400-E-Colonial-Dr,-Apt-709,-Orlando,-FL-32803","400 E Colonial Dr, Apt 709, Orlando, FL 32803",400 E Colonial Dr,Apt 709,Orlando,FL,32803,Orange County,28.552804,-81.372234,condo,2.0,2.0,1250.0,7790.5,1955.0,Inactive,339000,2022-05-18T13:36:05.787Z,87,12.733758336210744
"817-E-Livingston-St,-Orlando,-FL-32803","817 E Livingston St, Orlando, FL 32803",817 E Livingston St,,Orlando,FL,32803,Orange County,28.547882,-81.366791,single_family,5.0,4.0,3064.0,7790.5,1955.0,Inactive,875000,2020-09-28T17:23:53.514Z,684,13.681980308196241
"2508-E-Church-St,-Orlando,-FL-32803","2508 E Church St, Orlando, FL 32803",2508 E Church St,,Orlando,FL,32803,Orange County,28.540242,-81.350621,condo,3.0,2.0,1743.0,7790.5,1955.0,Inactive,419000,2022-06-18T15:22:52.032Z,56,12.945628585536271
"813-Kenilworth-Ter,-Orlando,-FL-32803","813 Kenilworth Ter, Orlando, FL 32803",813 Kenilworth Ter,,Orlando,FL,32803,Orange County,28.555429,-81.370305,single_family,5.0,4.0,4485.0,7790.5,1955.0,Inactive,1699000,2022-06-11T16:08:51.379Z,63,14.345550989235415
"4388-Lake-Underhill-C-4-Rd,-Unit-21,-Orlando,-FL-32803","4388 Lake Underhill C 4 Rd, Unit 21, Orlando, FL 32803",4388 Lake Underhill C 4 Rd,Unit 21,Orlando,FL,32803,Orange County,28.535363,-81.333076,condo,2.0,2.0,1250.0,7790.5,1955.0,Inactive,205000,2022-06-11T11:35:49.666Z,63,12.230770136157428
"507-Sunglow-Dr,-Orlando,-FL-32803","507 Sunglow Dr, Orlando, FL 32803",507 Sunglow Dr,,Orlando,FL,32803,Orange County,28.537142,-81.344883,single_family,3.0,2.0,1374.0,7790.5,1955.0,Inactive,550000,2022-06-23T17:35:18.848Z,50,13.217675375388819
"316-S-Glenwood-Ave,-Orlando,-FL-32803","316 S Glenwood Ave, Orlando, FL 32803",316 S Glenwood Ave,,Orlando,FL,32803,Orange County,28.538998,-81.353185,single_family,2.0,1.0,924.0,7790.5,1955.0,Inactive,350000,2022-05-21T13:51:20.122Z,84,12.765691290604371
"637-Woodward-St,-Units-637-&-635,-Orlando,-FL-32803","637 Woodward St, Units 637 & 635, Orlando, FL 32803",637 Woodward St,Units 637 & 635,Orlando,FL,32803,Orange County,28.554349,-81.369538,apartment,4.0,4.0,2491.0,7790.5,1955.0,Inactive,691000,2022-05-08T15:16:28.194Z,97,13.445896549926763
"407-Westminster-St,-Orlando,-FL-32803","407 Westminster St, Orlando, FL 32803",407 Westminster St,,Orlando,FL,32803,Orange County,28.582105,-81.372753,single_family,2.0,1.0,986.0,7790.5,1955.0,Inactive,369900,2022-06-17T13:55:36.493Z,57,12.820990681250251
"1200-Tanager-Dr,-Orlando,-FL-32803","1200 Tanager Dr, Orlando, FL 32803",1200 Tanager Dr,,Orlando,FL,32803,Orange County,28.563437,-81.340864,single_family,3.0,2.0,1860.0,7790.5,1955.0,Inactive,779900,2022-06-25T16:16:57.111Z,49,13.566922267533435
"4355-Daubert-St,-Orlando,-FL-32803","4355 Daubert St, Orlando, FL 32803",4355 Daubert St,,Orlando,FL,32803,Orange County,28.556443,-81.325038,single_family,3.0,2.0,1900.0,7790.5,1955.0,Inactive,539000,2022-05-21T15:14:11.607Z,84,13.197472705176983
"4264-Lake-Underhill-Rd,-Unit-4C2,-Orlando,-FL-32803","4264 Lake Underhill Rd, Unit 4C2, Orlando, FL 32803",4264 Lake Underhill Rd,Unit 4C2,Orlando,FL,32803,Orange County,28.535363,-81.333076,condo,2.0,2.0,1250.0,7790.5,1955.0,Inactive,220000,2022-07-06T15:18:30.821Z,38,12.301387370778713
"2519-Cole-Rd,-Orlando,-FL-32803","2519 Cole Rd, Orlando, FL 32803",2519 Cole Rd,,Orlando,FL,32803,Orange County,28.567226,-81.350146,single_family,2.0,2.0,1274.0,7790.5,1955.0,Inactive,430000,2022-03-26T14:13:14.791Z,140,12.971542813248437
"1345-Utah-Blvd,-Orlando,-FL-32803","1345 Utah Blvd, Orlando, FL 32803",1345 Utah Blvd,,Orlando,FL,32803,Orange County,28.564542,-81.35257,single_family,3.0,1.0,1212.0,7790.5,1955.0,Inactive,480000,2022-06-10T15:01:27.668Z,64,13.081543466215237
"2513-E-Central-Blvd,-Unit-C,-Orlando,-FL-32803","2513 E Central Blvd, Unit C, Orlando, FL 32803",2513 E Central Blvd,Unit C,Orlando,FL,32803,Orange County,28.542457,-81.350309,condo,3.0,2.0,1700.0,7790.5,1955.0,Inactive,479000,2022-07-09T15:51:53.892Z,35,13.079457964073546
"3709-Lochinvar-Ln,-Orlando,-FL-32803","3709 Lochinvar Ln, Orlando, FL 32803",3709 Lochinvar Ln,,Orlando,FL,32803,Orange County,28.533302,-81.338343,single_family,3.0,2.0,1490.0,7790.5,1955.0,Inactive,475000,2021-02-19T15:07:49.834Z,540,13.07107218827772
"36-S-Graham-Ave,-Orlando,-FL-32803","36 S Graham Ave, Orlando, FL 32803",36 S Graham Ave,,Orlando,FL,32803,Orange County,28.541582,-81.350028,condo,3.0,2.0,1460.0,7790.5,1955.0,Inactive,410000,2022-05-20T14:03:28.917Z,85,12.923914877701906
"2609-Homer-Cir,-Orlando,-FL-32803","2609 Homer Cir, Orlando, FL 32803",2609 Homer Cir,,Orlando,FL,32803,Orange County,28.554876,-81.349576,single_family,2.0,1.0,1211.0,7790.5,1955.0,Inactive,337000,2022-06-03T13:55:08.294Z,71,12.727841176689147
"400-E-Colonial-Dr,-Apt-409,-Orlando,-FL-32803","400 E Colonial Dr, Apt 409, Orlando, FL 32803",400 E Colonial Dr,Apt 409,Orlando,FL,32803,Orange County,28.552804,-81.372234,condo,2.0,2.0,1250.0,7790.5,1955.0,Inactive,310000,2021-04-18T13:35:20.548Z,482,12.644330802262578
"4044-Bobolink-Ln,-Orlando,-FL-32803","4044 Bobolink Ln, Orlando, FL 32803",4044 Bobolink Ln,,Orlando,FL,32803,Orange County,28.56599,-81.33395,single_family,3.0,1.0,1406.0,7790.5,1955.0,Inactive,346900,2022-06-07T13:28:17.921Z,67,12.756794715628809
"1223-Lake-Highland-Dr,-Orlando,-FL-32803","1223 Lake Highland Dr, Orlando, FL 32803",1223 Lake Highland Dr,,Orlando,FL,32803,Orange County,28.561479,-81.363505,single_family,3.0,2.0,1657.0,7790.5,1955.0,Inactive,525000,2020-09-22T01:45:49.605Z,690,13.171155446333852
"1104-E-Livingston-St,-Orlando,-FL-32803","1104 E Livingston St, Orlando, FL 32803",1104 E Livingston St,,Orlando,FL,32803,Orange County,28.547351,-81.365178,single_family,2.0,2.0,1130.0,7790.5,1955.0,Inactive,469000,2022-05-14T14:13:36.267Z,91,13.058360179622305
"1400-Weber-St,-Orlando,-FL-32803","1400 Weber St, Orlando, FL 32803",1400 Weber St,,Orlando,FL,32803,Orange County,28.558446,-81.362014,single_family,3.0,2.0,1842.0,7790.5,1955.0,Inactive,577908,2022-05-11T14:37:30.165Z,94,13.267171695813257
"1721-Weltin-St,-Orlando,-FL-32803","1721 Weltin St, Orlando, FL 32803",1721 Weltin St,,Orlando,FL,32803,Orange County,28.563087,-81.358554,single_family,3.0,2.0,1415.0,7790.5,1955.0,Inactive,475000,2022-05-12T14:27:49.253Z,93,13.07107218827772
"936-Mayfair-Cir,-Orlando,-FL-32803","936 Mayfair Cir, Orlando, FL 32803",936 Mayfair Cir,,Orlando,FL,32803,Orange County,28.537288,-81.352204,single_family,2.0,1.0,936.0,7790.5,1955.0,Inactive,390000,2022-05-08T14:31:41.596Z,97,12.873904582205107
"4258-Lake-Underhill-Rd,-Unit-10,-Orlando,-FL-32803","4258 Lake Underhill Rd, Unit 10, Orlando, FL 32803",4258 Lake Underhill Rd,Unit 10,Orlando,FL,32803,Orange County,28.535363,-81.333076,condo,2.0,2.0,1250.0,7790.5,1955.0,Inactive,110000,2022-03-04T10:17:05.059Z,162,11.608244735642321
"523-Mayfair-Cir,-Orlando,-FL-32803","523 Mayfair Cir, Orlando, FL 32803",523 Mayfair Cir,,Orlando,FL,32803,Orange County,28.535646,-81.349778,single_family,4.0,3.0,3321.0,7790.5,1955.0,Inactive,974900,2021-06-16T15:22:36.205Z,423,13.790091206363067
"834-N-Hyer-Ave,-Orlando,-FL-32803","834 N Hyer Ave, Orlando, FL 32803",834 N Hyer Ave,,Orlando,FL,32803,Orange County,28.556207,-81.366817,apartment,4.0,2.0,1616.0,7790.5,1955.0,Inactive,625000,2022-05-18T15:23:59.047Z,87,13.345508528717259
"2214-Valencia-Rd,-Orlando,-FL-32803","2214 Valencia Rd, Orlando, FL 32803",2214 Valencia Rd,,Orlando,FL,32803,Orange County,28.547976,-81.353413,single_family,2.0,1.0,859.0,7790.5,1955.0,Inactive,347500,2022-06-11T13:45:34.891Z,63,12.758522821680685
"400-E-Colonial-Dr,-Apt-1202,-Orlando,-FL-32803","400 E Colonial Dr, Apt 1202, Orlando, FL 32803",400 E Colonial Dr,Apt 1202,Orlando,FL,32803,Orange County,28.552804,-81.372234,condo,2.0,2.0,1189.0,7790.5,1955.0,Inactive,347500,2022-05-13T14:06:39.613Z,92,12.758522821680685
"2103-Palmer-St,-Orlando,-FL-32803","2103 Palmer St, Orlando, FL 32803",2103 Palmer St,,Orlando,FL,32803,Orange County,28.535265,-81.35476,single_family,2.0,1.0,1084.0,7790.5,1955.0,Inactive,390000,2022-05-12T14:12:01.824Z,93,12.873904582205107
"3052-Plaza-Terrace-Dr,-Unit-3052,-Orlando,-FL-32803","3052 Plaza Terrace Dr, Unit 3052, Orlando, FL 32803",3052 Plaza Terrace Dr,Unit 3052,Orlando,FL,32803,Orange County,28.561564,-81.344161,condo,1.0,1.0,663.0,7790.5,1955.0,Inactive,195000,2022-05-16T11:42:03.325Z,89,12.180759965737863
"1615-Canton-St,-Orlando,-FL-32803","1615 Canton St, Orlando, FL 32803",1615 Canton St,,Orlando,FL,32803,Orange County,28.559699,-81.359769,single_family,2.0,2.0,1484.0,7790.5,1955.0,Inactive,499999,2022-03-10T13:45:25.495Z,156,13.122363377404328
"715-E-Amelia-St,-Orlando,-FL-32803","715 E Amelia St, Orlando, FL 32803",715 E Amelia St,,Orlando,FL,32803,Orange County,28.549757,-81.367768,single_family,2.0,1.0,1030.0,7790.5,1955.0,Inactive,450000,2022-03-24T14:12:18.079Z,142,13.017005083966255
"400-E-Colonial-Dr,-Apt-303,-Orlando,-FL-32803","400 E Colonial Dr, Apt 303, Orlando, FL 32803",400 E Colonial Dr,Apt 303,Orlando,FL,32803,Orange County,28.552804,-81.372234,condo,2.0,2.0,1109.0,7790.5,1955.0,Inactive,265000,2022-04-15T13:08:14.489Z,120,12.487488878546145
"710-E-Concord-St,-Orlando,-FL-32803","710 E Concord St, Orlando, FL 32803",710 E Concord St,,Orlando,FL,32803,Orange County,28.550992,-81.368088,single_family,4.0,4.0,3580.0,7790.5,1955.0,Inactive,935880,2022-05-14T15:17:41.670Z,91,13.74924361062503
"1804-E-Marks-St,-Orlando,-FL-32803","1804 E Marks St, Orlando, FL 32803",1804 E Marks St,,Orlando,FL,32803,Orange County,28.55662,-81.357994,condo,5.0,4.0,2026.0,7790.5,1955.0,Inactive,530000,2022-04-27T19:37:46.137Z,107,13.180634172318978
"715-Springview-Dr,-Orlando,-FL-32803","715 Springview Dr, Orlando, FL 32803",715 Springview Dr,,Orlando,FL,32803,Orange County,28.533034,-81.335492,single_family,3.0,2.0,1412.0,7790.5,1955.0,Inactive,425000,2021-08-31T16:13:58.076Z,346,12.959846800844963
"609-Broadway-Ave,-Unit-3,-Orlando,-FL-32803","609 Broadway Ave, Unit 3, Orlando, FL 32803",609 Broadway Ave,Unit 3,Orlando,FL,32803,Orange County,28.55165,-81.372304,condo,3.0,2.0,1800.0,7790.5,1955.0,Inactive,385000,2022-05-08T14:31:41.578Z,97,12.861001210669146
"5119-Sunrise-Blvd,-Orlando,-FL-32803","5119 Sunrise Blvd, Orlando, FL 32803",5119 Sunrise Blvd,,Orlando,FL,32803,Orange County,28.564252,-81.317355,single_family,2.0,2.0,988.0,7790.5,1955.0,Inactive,299999,2022-06-02T13:58:58.140Z,72,12.611537753638338
"1002-E-Marks-St,-Orlando,-FL-32803","1002 E Marks St, Orlando, FL 32803",1002 E Marks St,,Orlando,FL,32803,Orange County,28.556572,-81.36625,apartment,4.0,2.0,1440.0,7790.5,1955.0,Inactive,650000,2022-01-10T14:03:30.713Z,215,13.384729180332174
"1241-Canton-St,-Orlando,-FL-32803","1241 Canton St, Orlando, FL 32803",1241 Canton St,,Orlando,FL,32803,Orange County,28.559666,-81.362815,apartment,3.0,2.0,1254.0,7790.5,1955.0,Inactive,519000,2022-05-13T15:03:44.237Z,92,13.159661088928443
"4332-Lake-Underhill-Rd,-Apt-B,-Orlando,-FL-32803","4332 Lake Underhill Rd, Apt B, Orlando, FL 32803",4332 Lake Underhill Rd,Apt B,Orlando,FL,32803,Orange County,28.535363,-81.333076,condo,2.0,1.0,1000.0,7790.5,1955.0,Inactive,199900,2022-05-27T11:45:06.314Z,78,12.20557752297723
"1910-Stanley-St,-Orlando,-FL-32803","1910 Stanley St, Orlando, FL 32803",1910 Stanley St,,Orlando,FL,32803,Orange County,28.548872,-81.357005,single_family,2.0,1.0,1144.0,7790.5,1955.0,Inactive,405000,2022-05-08T14:31:58.325Z,97,12.91164481522143
"827-N-Eola-Dr,-Orlando,-FL-32803","827 N Eola Dr, Orlando, FL 32803",827 N Eola Dr,,Orlando,FL,32803,Orange County,28.555909,-81.36929,single_family,4.0,3.0,3236.0,7790.5,1955.0,Inactive,1450000,2022-05-10T15:10:16.268Z,95,14.187074804051692
"835-Kenilworth-Ter,-Orlando,-FL-32803","835 Kenilworth Ter, Orlando, FL 32803",835 Kenilworth Ter,,Orlando,FL,32803,Orange County,28.556144,-81.370353,single_family,5.0,4.0,4521.0,7790.5,1955.0,Inactive,1750000,2022-04-28T20:59:54.813Z,106,14.375126917328105
"1416-Oriole-Ave,-Orlando,-FL-32803","1416 Oriole Ave, Orlando, FL 32803",1416 Oriole Ave,,Orlando,FL,32803,Orange County,28.565223,-81.344158,single_family,3.0,2.0,1983.0,7790.5,1955.0,Inactive,790000,2022-05-08T15:16:32.930Z,97,13.579789490265188
"4388-Lake-Underhill-Rd,-Unit-21D,-Orlando,-FL-32803","4388 Lake Underhill Rd, Unit 21D, Orlando, FL 32803",4388 Lake Underhill Rd,Unit 21D,Orlando,FL,32803,Orange County,28.535362,-81.333076,condo,2.0,2.0,1250.0,7790.5,1955.0,Inactive,205000,2022-06-03T12:11:28.817Z,71,12.230770136157428
"2002-E-Washington-St,-Orlando,-FL-32803","2002 E Washington St, Orlando, FL 32803",2002 E Washington St,,Orlando,FL,32803,Orange County,28.543709,-81.355848,single_family,3.0,2.0,1805.0,7790.5,1955.0,Inactive,775000,2022-05-04T17:19:04.577Z,100,13.560619598657233
"2978-Plaza-Terrace-Dr,-Unit-2978,-Orlando,-FL-32803","2978 Plaza Terrace Dr, Unit 2978, Orlando, FL 32803",2978 Plaza Terrace Dr,Unit 2978,Orlando,FL,32803,Orange County,28.561611,-81.344913,condo,2.0,2.0,890.0,7790.5,1955.0,Inactive,260000,2022-03-19T12:51:04.826Z,147,12.468440756144114
"400-E-Colonial-Dr,-Apt-1501,-Orlando,-FL-32803","400 E Colonial Dr, Apt 1501, Orlando, FL 32803",400 E Colonial Dr,Apt 1501,Orlando,FL,32803,Orange County,28.552804,-81.372234,condo,1.0,1.0,799.0,7790.5,1955.0,Inactive,204900,2022-03-17T11:42:35.929Z,149,12.230282214644559
"2106-Linda-St,-Orlando,-FL-32803","2106 Linda St, Orlando, FL 32803",2106 Linda St,,Orlando,FL,32803,Orange County,28.56306,-81.355001,single_family,3.0,2.0,1399.0,7790.5,1955.0,Inactive,475000,2022-04-15T14:44:01.679Z,120,13.07107218827772
"2108-Valencia-Rd,-Orlando,-FL-32803","2108 Valencia Rd, Orlando, FL 32803",2108 Valencia Rd,,Orlando,FL,32803,Orange County,28.547963,-81.354629,single_family,3.0,1.0,1045.0,7790.5,1955.0,Inactive,429900,2021-12-17T09:43:58.829Z,239,12.971310228604022
"1305-Georgia-Blvd,-Orlando,-FL-32803","1305 Georgia Blvd, Orlando, FL 32803",1305 Georgia Blvd,,Orlando,FL,32803,Orange County,28.562921,-81.353478,single_family,3.0,2.0,1388.0,7790.5,1955.0,Inactive,689999,2022-04-22T17:07:43.836Z,112,13.444446876573442
"1430-Haven-Dr,-Orlando,-FL-32803","1430 Haven Dr, Orlando, FL 32803",1430 Haven Dr,,Orlando,FL,32803,Orange County,28.565243,-81.366524,single_family,2.0,2.0,1518.0,7790.5,1955.0,Inactive,494900,2022-04-22T16:53:56.527Z,112,13.11211302154816
"856-Wessex-Pl,-Orlando,-FL-32803","856 Wessex Pl, Orlando, FL 32803",856 Wessex Pl,,Orlando,FL,32803,Orange County,28.531918,-81.351032,single_family,2.0,1.0,1071.0,7790.5,1955.0,Inactive,379000,2022-04-06T14:18:36.622Z,129,12.84529412258351
"3609-Pelican-Ln,-Orlando,-FL-32803","3609 Pelican Ln, Orlando, FL 32803",3609 Pelican Ln,,Orlando,FL,32803,Orange County,28.5616,-81.339637,single_family,3.0,2.0,1170.0,7790.5,1955.0,Inactive,452500,2021-11-18T14:21:47.900Z,268,13.022545252064427
"1030-N-Bumby-Ave,-Orlando,-FL-32803","1030 N Bumby Ave, Orlando, FL 32803",1030 N Bumby Ave,,Orlando,FL,32803,Orange County,28.55969,-81.352428,single_family,2.0,1.0,1074.0,7790.5,1955.0,Inactive,399500,2020-12-24T14:52:50.309Z,597,12.897971547314246
"2523-E-Marks-St,-Orlando,-FL-32803","2523 E Marks St, Orlando, FL 32803",2523 E Marks St,,Orlando,FL,32803,Orange County,28.556841,-81.350256,single_family,2.0,1.0,928.0,7790.5,1955.0,Inactive,385000,2022-04-14T13:53:11.018Z,121,12.861001210669146
"2828-Plaza-Terrace-Dr,-Unit-2828,-Orlando,-FL-32803","2828 Plaza Terrace Dr, Unit 2828, Orlando, FL 32803",2828 Plaza Terrace Dr,Unit 2828,Orlando,FL,32803,Orange County,28.561589,-81.347359,condo,2.0,2.0,890.0,7790.5,1955.0,Inactive,264900,2022-02-12T12:30:07.066Z,182,12.487111450262473
"2910-Oxford-St,-Orlando,-FL-32803","2910 Oxford St, Orlando, FL 32803",2910 Oxford St,,Orlando,FL,32803,Orange County,28.535226,-81.346234,single_family,3.0,2.0,1531.0,7790.5,1955.0,Inactive,499000,2022-04-12T17:36:15.550Z,122,13.120363378739663
"2018-Stanley-St,-Orlando,-FL-32803","2018 Stanley St, Orlando, FL 32803",2018 Stanley St,,Orlando,FL,32803,Orange County,28.548782,-81.355249,single_family,3.0,2.0,1344.0,7790.5,1955.0,Inactive,389000,2022-04-16T14:06:44.090Z,119,12.871337193291367
"117-Primrose-Ct,-Orlando,-FL-32803","117 Primrose Ct, Orlando, FL 32803",117 Primrose Ct,,Orlando,FL,32803,Orange County,28.541177,-81.345844,single_family,3.0,2.0,1134.0,7790.5,1955.0,Inactive,374900,2022-04-26T17:10:20.439Z,108,12.834417270098413
"2824-Plaza-Terrace-Dr,-Unit-2824,-Orlando,-FL-32803","2824 Plaza Terrace Dr, Unit 2824, Orlando, FL 32803",2824 Plaza Terrace Dr,Unit 2824,Orlando,FL,32803,Orange County,28.561589,-81.347359,condo,2.0,2.0,890.0,7790.5,1955.0,Inactive,259000,2022-05-05T12:48:47.300Z,100,12.464587201678082
"535-N-Hampton-Ave,-Orlando,-FL-32803","535 N Hampton Ave, Orlando, FL 32803",535 N Hampton Ave,,Orlando,FL,32803,Orange County,28.550842,-81.355875,single_family,3.0,2.0,1397.0,7790.5,1955.0,Inactive,433000,2022-04-09T14:03:34.672Z,126,12.978495316450783
"1600-Mount-Vernon-St,-Orlando,-FL-32803","1600 Mount Vernon St, Orlando, FL 32803",1600 Mount Vernon St,,Orlando,FL,32803,Orange County,28.550234,-81.360079,single_family,3.0,2.0,1450.0,7790.5,1955.0,Inactive,514500,2022-03-24T14:12:46.172Z,142,13.15095277788895
"2502-Weber-St,-Orlando,-FL-32803","2502 Weber St, Orlando, FL 32803",2502 Weber St,,Orlando,FL,32803,Orange County,28.558466,-81.351051,single_family,2.0,2.0,1128.0,7790.5,1955.0,Inactive,425000,2022-04-11T15:32:53.463Z,123,12.959846800844963
"2201-Virginia-Dr,-Orlando,-FL-32803","2201 Virginia Dr, Orlando, FL 32803",2201 Virginia Dr,,Orlando,FL,32803,Orange County,28.564377,-81.354907,single_family,3.0,1.0,1439.0,7790.5,1955.0,Inactive,389000,2020-10-13T16:39:12.216Z,668,12.871337193291367
"1513-E-Amelia-St,-Orlando,-FL-32803","1513 E Amelia St, Orlando, FL 32803",1513 E Amelia St,,Orlando,FL,32803,Orange County,28.549741,-81.360897,single_family,4.0,3.0,2434.0,7790.5,1955.0,Inactive,750000,2022-04-07T14:33:39.832Z,128,13.527829818844937
"1639-E-Ridgewood-St,-Orlando,-FL-32803","1639 E Ridgewood St, Orlando, FL 32803",1639 E Ridgewood St,,Orlando,FL,32803,Orange County,28.546992,-81.358563,single_family,3.0,2.0,1628.0,7790.5,1955.0,Inactive,539000,2021-08-31T17:17:29.305Z,346,13.197472705176983
"3020-Chelsea-St,-Orlando,-FL-32803","3020 Chelsea St, Orlando, FL 32803",3020 Chelsea St,,Orlando,FL,32803,Orange County,28.562522,-81.345019,single_family,3.0,2.0,1350.0,7790.5,1955.0,Inactive,500000,2022-04-07T14:00:43.095Z,128,13.122365377402328
"511-Sunrise-Dr,-Orlando,-FL-32803","511 Sunrise Dr, Orlando, FL 32803",511 Sunrise Dr,,Orlando,FL,32803,Orange County,28.536671,-81.346101,single_family,3.0,2.0,1893.0,7790.5,1955.0,Inactive,330000,2022-04-08T13:55:53.141Z,127,12.706850963741102
"2912-Plaza-Terrace-Dr,-Unit-2912,-Orlando,-FL-32803","2912 Plaza Terrace Dr, Unit 2912, Orlando, FL 32803",2912 Plaza Terrace Dr,Unit 2912,Orlando,FL,32803,Orange County,28.561602,-81.34591,condo,2.0,2.0,890.0,7790.5,1955.0,Inactive,288800,2022-02-03T12:29:45.200Z,191,12.573493148598692
"400-E-Colonial-Dr,-Apt-107,-Orlando,-FL-32803","400 E Colonial Dr, Apt 107, Orlando, FL 32803",400 E Colonial Dr,Apt 107,Orlando,FL,32803,Orange County,28.552804,-81.372234,condo,2.0,2.0,1250.0,7790.5,1955.0,Inactive,279900,2022-02-05T11:58:41.489Z,187,12.5421912482017
"3039-Middlesex-Rd,-Orlando,-FL-32803","3039 Middlesex Rd, Orlando, FL 32803",3039 Middlesex Rd,,Orlando,FL,32803,Orange County,28.579304,-81.360758,single_family,4.0,3.0,2710.0,7790.5,1955.0,Inactive,925000,2022-04-04T14:47:57.800Z,129,13.73755009757506
"1626-Margate-Ave,-Orlando,-FL-32803","1626 Margate Ave, Orlando, FL 32803",1626 Margate Ave,,Orlando,FL,32803,Orange County,28.566617,-81.351204,single_family,2.0,1.0,1076.0,7790.5,1955.0,Inactive,390000,2022-03-16T13:32:08.456Z,148,12.873904582205107
"808-Montana-St,-Orlando,-FL-32803","808 Montana St, Orlando, FL 32803",808 Montana St,,Orlando,FL,32803,Orange County,28.561868,-81.366955,single_family,3.0,2.0,2520.0,7790.5,1955.0,Inactive,785000,2022-04-19T17:18:14.829Z,113,13.573440270649085
"3105-E-Washington-St,-Orlando,-FL-32803","3105 E Washington St, Orlando, FL 32803",3105 E Washington St,,Orlando,FL,32803,Orange County,28.544457,-81.344452,single_family,2.0,2.0,854.0,7790.5,1955.0,Inactive,295000,2022-03-31T12:00:56.728Z,133,12.59473402514672
"1417-Dauphin-Ln,-Orlando,-FL-32803","1417 Dauphin Ln, Orlando, FL 32803",1417 Dauphin Ln,,Orlando,FL,32803,Orange County,28.564731,-81.366982,single_family,2.0,1.0,918.0,7790.5,1955.0,Inactive,400000,2022-04-05T14:05:41.151Z,128,12.899222326086994
"1805-Montana-St,-Orlando,-FL-32803","1805 Montana St, Orlando, FL 32803",1805 Montana St,,Orlando,FL,32803,Orange County,28.562111,-81.357459,single_family,3.0,2.0,1863.0,7790.5,1955.0,Inactive,560000,2022-03-26T14:32:17.186Z,138,13.235693848424024
"3914-Pelican-Ln,-Orlando,-FL-32803","3914 Pelican Ln, Orlando, FL 32803",3914 Pelican Ln,,Orlando,FL,32803,Orange County,28.561169,-81.336379,single_family,3.0,2.0,1649.0,7790.5,1955.0,Inactive,525000,2022-03-26T14:28:45.483Z,138,13.171155446333852
"555-N-Fern-Creek-Ave,-Unit-1,-Orlando,-FL-32803","555 N Fern Creek Ave, Unit 1, Orlando, FL 32803",555 N Fern Creek Ave,Unit 1,Orlando,FL,32803,Orange County,28.551186,-81.360068,condo,3.0,2.0,1695.0,7790.5,1955.0,Inactive,519000,2022-02-08T14:00:43.114Z,184,13.159661088928443
"400-E-Colonial-Dr,-Apt-408,-Orlando,-FL-32803","400 E Colonial Dr, Apt 408, Orlando, FL 32803",400 E Colonial Dr,Apt 408,Orlando,FL,32803,Orange County,28.552804,-81.372234,condo,2.0,2.0,1109.0,7790.5,1955.0,Inactive,220000,2022-03-05T11:42:31.420Z,159,12.301387370778713
"646-E-Livingston-St,-Orlando,-FL-32803","646 E Livingston St, Orlando, FL 32803",646 E Livingston St,,Orlando,FL,32803,Orange County,28.547322,-81.368691,single_family,3.0,3.0,2794.0,7790.5,1955.0,Inactive,825000,2022-02-12T14:32:39.589Z,180,13.623139877437296
"3404-Chelsea-St,-Orlando,-FL-32803","3404 Chelsea St, Orlando, FL 32803",3404 Chelsea St,,Orlando,FL,32803,Orange County,28.56268,-81.342138,single_family,3.0,2.0,1670.0,7790.5,1955.0,Inactive,398600,2022-04-04T13:53:44.259Z,129,12.895716195538418
"825-N-Primrose-Dr,-Apt-102,-Orlando,-FL-32803","825 N Primrose Dr, Apt 102, Orlando, FL 32803",825 N Primrose Dr,Apt 102,Orlando,FL,32803,Orange County,28.556341,-81.347606,condo,1.0,1.0,636.0,7790.5,1955.0,Inactive,148500,2022-04-13T13:34:17.550Z,120,11.908346971208951
"1511-Falcon-Ct,-Orlando,-FL-32803","1511 Falcon Ct, Orlando, FL 32803",1511 Falcon Ct,,Orlando,FL,32803,Orange County,28.564975,-81.345526,single_family,2.0,2.0,1901.0,7790.5,1955.0,Inactive,649000,2022-02-18T14:21:41.884Z,174,13.38318953651709
"2821-Kilgore-St,-Orlando,-FL-32803","2821 Kilgore St, Orlando, FL 32803",2821 Kilgore St,,Orlando,FL,32803,Orange County,28.543522,-81.346848,apartment,4.0,2.0,1380.0,7790.5,1955.0,Inactive,465000,2022-03-17T14:08:57.734Z,147,13.049794835104816
"849-N-Eola-Dr,-Orlando,-FL-32803","849 N Eola Dr, Orlando, FL 32803",849 N Eola Dr,,Orlando,FL,32803,Orange County,28.556494,-81.369464,single_family,5.0,4.0,3486.0,7790.5,1955.0,Inactive,1398000,2022-02-18T14:28:44.999Z,174,14.150553917083219
"839-Altaloma-Ave-Unit-A,-Orlando,-FL-32803","839 Altaloma Ave Unit A, Orlando, FL 32803",839 Altaloma Ave Unit A,,Orlando,FL,32803,Orange County,28.556226,-81.358776,condo,3.0,2.0,1974.0,7790.5,1955.0,Inactive,429900,2022-03-26T14:13:14.784Z,138,12.971310228604022
"1508-Lake-Shore-Dr,-Orlando,-FL-32803","1508 Lake Shore Dr, Orlando, FL 32803",1508 Lake Shore Dr,,Orlando,FL,32803,Orange County,28.571017,-81.360887,single_family,4.0,3.0,3612.0,7790.5,1955.0,Inactive,2650000,2021-12-30T14:28:06.477Z,224,14.790070575320824
"623-N-Hyer-Ave,-Orlando,-FL-32803","623 N Hyer Ave, Orlando, FL 32803",623 N Hyer Ave,,Orlando,FL,32803,Orange County,28.552155,-81.366207,single_family,5.0,3.0,2128.0,7790.5,1955.0,Inactive,650000,2020-10-28T17:18:48.977Z,651,13.384729180332174
"1014-Park-Lake-St,-Orlando,-FL-32803","1014 Park Lake St, Orlando, FL 32803",1014 Park Lake St,,Orlando,FL,32803,Orange County,28.554675,-81.365836,single_family,5.0,5.0,3339.0,7790.5,1955.0,Inactive,649999,2020-10-23T17:37:04.280Z,656,13.38472764187182
"852-N-Thornton-Ave,-Orlando,-FL-32803","852 N Thornton Ave, Orlando, FL 32803",852 N Thornton Ave,,Orlando,FL,32803,Orange County,28.556435,-81.365694,condo,3.0,2.0,1880.0,7790.5,1955.0,Inactive,555000,2022-03-25T13:55:41.697Z,139,13.22672519452875
"1001-N-Forest-Ave,-Orlando,-FL-32803","1001 N Forest Ave, Orlando, FL 32803",1001 N Forest Ave,,Orlando,FL,32803,Orange County,28.55871,-81.354841,single_family,3.0,2.0,1046.0,7790.5,1955.0,Inactive,374900,2020-12-04T04:40:04.895Z,615,12.834417270098413
"107-S-Glenwood-Ave,-Orlando,-FL-32803","107 S Glenwood Ave, Orlando, FL 32803",107 S Glenwood Ave,,Orlando,FL,32803,Orange County,28.541193,-81.352602,single_family,2.0,1.0,1097.0,7790.5,1955.0,Inactive,299999,2022-04-07T13:01:47.595Z,126,12.611537753638338
"1050-Terrace-Blvd,-Orlando,-FL-32803","1050 Terrace Blvd, Orlando, FL 32803",1050 Terrace Blvd,,Orlando,FL,32803,Orange County,28.560157,-81.367953,single_family,2.0,3.0,2831.0,7790.5,1955.0,Inactive,1249000,2022-03-11T14:36:26.964Z,153,14.037854589747907
"1059-N-Bumby-Ave,-Orlando,-FL-32803","1059 N Bumby Ave, Orlando, FL 32803",1059 N Bumby Ave,,Orlando,FL,32803,Orange County,28.560805,-81.350916,single_family,3.0,2.0,1263.0,7790.5,1955.0,Inactive,589000,2021-06-30T13:53:01.860Z,407,13.286183160425152
"1303-Chichester-St,-Orlando,-FL-32803","1303 Chichester St, Orlando, FL 32803",1303 Chichester St,,Orlando,FL,32803,Orange County,28.581126,-81.361524,single_family,3.0,2.0,2016.0,7790.5,1955.0,Inactive,995000,2022-04-02T14:44:55.820Z,131,13.81049902116535
"2727-Virginia-Dr,-Orlando,-FL-32803","2727 Virginia Dr, Orlando, FL 32803",2727 Virginia Dr,,Orlando,FL,32803,Orange County,28.56431,-81.348238,single_family,5.0,2.0,2631.0,7790.5,1955.0,Inactive,579000,2022-01-07T14:01:37.669Z,216,13.269059483669357
"3314-Pelham-Rd,-Orlando,-FL-32803","3314 Pelham Rd, Orlando, FL 32803",3314 Pelham Rd,,Orlando,FL,32803,Orange County,28.580944,-81.372533,single_family,2.0,2.0,1453.0,7790.5,1955.0,Inactive,475000,2022-03-22T13:35:21.653Z,142,13.07107218827772
"3911-Bobolink-Ln,-Orlando,-FL-32803","3911 Bobolink Ln, Orlando, FL 32803",3911 Bobolink Ln,,Orlando,FL,32803,Orange County,28.566452,-81.33646,single_family,4.0,2.0,2500.0,7790.5,1955.0,Inactive,599995,2020-09-23T21:07:03.683Z,686,13.304678267509395
"937-La-Salle-Ave,-Orlando,-FL-32803","937 La Salle Ave, Orlando, FL 32803",937 La Salle Ave,,Orlando,FL,32803,Orange County,28.558041,-81.3611,single_family,3.0,2.0,1281.0,7790.5,1955.0,Inactive,355000,2022-03-04T13:06:50.294Z,160,12.779875885354993
"1806-E-Livingston-St,-Orlando,-FL-32803","1806 E Livingston St, Orlando, FL 32803",1806 E Livingston St,,Orlando,FL,32803,Orange County,28.547476,-81.357602,single_family,3.0,2.0,1141.0,7790.5,1955.0,Inactive,439900,2022-03-19T14:16:41.162Z,145,12.994304980578146
"112-S-Primrose-Dr,-Orlando,-FL-32803","112 S Primrose Dr, Orlando, FL 32803",112 S Primrose Dr,,Orlando,FL,32803,Orange County,28.540842,-81.348058,condo,2.0,2.0,1201.0,7790.5,1955.0,Inactive,329900,2022-03-08T13:19:29.558Z,156,12.706547888433661
"400-E-Colonial-Dr,-Apt-1306,-Orlando,-FL-32803","400 E Colonial Dr, Apt 1306, Orlando, FL 32803",400 E Colonial Dr,Apt 1306,Orlando,FL,32803,Orange County,28.552804,-81.372234,condo,1.0,1.0,799.0,7790.5,1955.0,Inactive,184000,2022-02-26T08:56:01.857Z,166,12.122696471358964
"3023-E-Jefferson-St,-Orlando,-FL-32803","3023 E Jefferson St, Orlando, FL 32803",3023 E Jefferson St,,Orlando,FL,32803,Orange County,28.545362,-81.344933,condo,3.0,2.0,1840.0,7790.5,1955.0,Inactive,429000,2020-09-20T19:16:03.705Z,689,12.969214528909768
"1810-E-Robinson-St,-Orlando,-FL-32803","1810 E Robinson St, Orlando, FL 32803",1810 E Robinson St,,Orlando,FL,32803,Orange County,28.545665,-81.358021,apartment,4.0,2.0,1931.0,7790.5,1955.0,Inactive,296900,2022-01-15T11:40:31.801Z,208,12.601154028883599
"3063-Plaza-Terrace-Dr,-Orlando,-FL-32803","3063 Plaza Terrace Dr, Orlando, FL 32803",3063 Plaza Terrace Dr,,Orlando,FL,32803,Orange County,28.562185,-81.344709,single_family,2.0,2.0,1686.0,7790.5,1955.0,Inactive,485900,2022-03-08T13:49:04.267Z,156,13.093760178428509
"3233-Renlee-Pl,-Orlando,-FL-32803","3233 Renlee Pl, Orlando, FL 32803",3233 Renlee Pl,,Orlando,FL,32803,Orange County,28.533799,-81.342237,single_family,3.0,2.0,1322.0,7790.5,1955.0,Inactive,384790,2021-04-18T14:21:40.769Z,480,12.860455608726777
"2113-Anderson-Pl,-Orlando,-FL-32803","2113 Anderson Pl, Orlando, FL 32803",2113 Anderson Pl,,Orlando,FL,32803,Orange County,28.537119,-81.354186,single_family,3.0,2.0,2269.0,7790.5,1955.0,Inactive,735000,2022-03-19T14:39:37.621Z,145,13.507627138738266
"362-N-Glenwood-Ave,-Orlando,-FL-32803","362 N Glenwood Ave, Orlando, FL 32803",362 N Glenwood Ave,,Orlando,FL,32803,Orange County,28.547082,-81.353193,condo,2.0,2.0,1497.0,7790.5,1955.0,Inactive,375000,2022-03-28T14:19:19.563Z,136,12.834683971615659
"2974-Plaza-Terrace-Dr,-Unit-2974,-Orlando,-FL-32803","2974 Plaza Terrace Dr, Unit 2974, Orlando, FL 32803",2974 Plaza Terrace Dr,Unit 2974,Orlando,FL,32803,Orange County,28.56161,-81.34519,condo,2.0,2.0,890.0,7790.5,1955.0,Inactive,269000,2022-03-01T11:51:00.516Z,163,12.502470376049185
"2876-Plaza-Terrace-Dr,-Unit-2876,-Orlando,-FL-32803","2876 Plaza Terrace Dr, Unit 2876, Orlando, FL 32803",2876 Plaza Terrace Dr,Unit 2876,Orlando,FL,32803,Orange County,28.561594,-81.346631,condo,1.0,1.0,663.0,7790.5,1955.0,Inactive,169000,2022-03-24T11:42:12.650Z,140,12.037659911047468
"1802-Oak-Ln,-Orlando,-FL-32803","1802 Oak Ln, Orlando, FL 32803",1802 Oak Ln,,Orlando,FL,32803,Orange County,28.567994,-81.351169,single_family,4.0,3.0,2112.0,7790.5,1955.0,Inactive,589000,2021-12-02T15:08:30.103Z,252,13.286183160425152
"2623-Chelsea-St,-Orlando,-FL-32803","2623 Chelsea St, Orlando, FL 32803",2623 Chelsea St,,Orlando,FL,32803,Orange County,28.562641,-81.349419,single_family,5.0,4.0,3348.0,7790.5,1955.0,Inactive,1300000,2021-02-11T15:12:27.596Z,546,14.077875591662238
"3032-Westchester-Ave,-Orlando,-FL-32803","3032 Westchester Ave, Orlando, FL 32803",3032 Westchester Ave,,Orlando,FL,32803,Orange County,28.579195,-81.367342,single_family,4.0,3.0,2533.0,7790.5,1955.0,Inactive,825000,2022-02-09T14:28:43.734Z,183,13.623139877437296
"2215-Weber-St,-Orlando,-FL-32803","2215 Weber St, Orlando, FL 32803",2215 Weber St,,Orlando,FL,32803,Orange County,28.558488,-81.353555,single_family,3.0,1.0,1416.0,7790.5,1955.0,Inactive,399900,2022-03-19T14:02:01.949Z,145,12.89897229545694
"1110-Bennett-Rd,-Orlando,-FL-32803","1110 Bennett Rd, Orlando, FL 32803",1110 Bennett Rd,,Orlando,FL,32803,Orange County,28.562549,-81.33392,single_family,3.0,1.0,1085.0,7790.5,1955.0,Inactive,379900,2022-03-02T13:03:27.894Z,162,12.847665971443902
"706-Wingo-St,-Orlando,-FL-32803","706 Wingo St, Orlando, FL 32803",706 Wingo St,,Orlando,FL,32803,Orange County,28.554344,-81.322963,single_family,2.0,1.0,804.0,7790.5,1955.0,Inactive,230000,2022-03-18T12:53:14.216Z,146,12.345838935721968
"624-N-Summerlin-Ave,-Orlando,-FL-32803","624 N Summerlin Ave, Orlando, FL 32803",624 N Summerlin Ave,,Orlando,FL,32803,Orange County,28.551877,-81.368888,single_family,4.0,3.0,2500.0,7790.5,1955.0,Inactive,765000,2021-12-04T14:41:21.709Z,250,13.547632419997361
"1912-Stanley-St,-Orlando,-FL-32803","1912 Stanley St, Orlando, FL 32803",1912 Stanley St,,Orlando,FL,32803,Orange County,28.548874,-81.356794,single_family,3.0,2.0,1401.0,7790.5,1955.0,Inactive,439000,2022-01-08T13:11:33.871Z,215,12.992256969959042
"3222-Palmer-St,-Orlando,-FL-32803","3222 Palmer St, Orlando, FL 32803",3222 Palmer St,,Orlando,FL,32803,Orange County,28.534868,-81.342685,single_family,3.0,2.0,1240.0,7790.5,1955.0,Inactive,427990,2022-03-05T13:52:25.950Z,159,12.966857446305458
"625-Tam-O-Shanter-Dr,-Orlando,-FL-32803","625 Tam O Shanter Dr, Orlando, FL 32803",625 Tam O Shanter Dr,,Orlando,FL,32803,Orange County,28.533856,-81.337538,single_family,4.0,2.0,2466.0,7790.5,1955.0,Inactive,375000,2022-03-05T13:30:39.096Z,159,12.834683971615659
"742-N-Fern-Creek-Ave,-Orlando,-FL-32803","742 N Fern Creek Ave, Orlando, FL 32803",742 N Fern Creek Ave,,Orlando,FL,32803,Orange County,28.554624,-81.360579,condo,3.0,2.0,2464.0,7790.5,1955.0,Inactive,524900,2022-03-04T14:06:13.891Z,160,13.170964952363363
"1828-Woodward-St,-Orlando,-FL-32803","1828 Woodward St, Orlando, FL 32803",1828 Woodward St,,Orlando,FL,32803,Orange County,28.553784,-81.357716,single_family,4.0,5.0,3329.0,7790.5,1955.0,Inactive,960000,2020-09-22T02:25:26.733Z,688,13.774689605110144
"2675-Middlesex-Rd,-Orlando,-FL-32803","2675 Middlesex Rd, Orlando, FL 32803",2675 Middlesex Rd,,Orlando,FL,32803,Orange County,28.575844,-81.361572,single_family,3.0,2.0,2348.0,7790.5,1955.0,Inactive,1050000,2022-02-24T14:16:50.627Z,168,13.864301674514206
"2012-Forest-Cir,-Orlando,-FL-32803","2012 Forest Cir, Orlando, FL 32803",2012 Forest Cir,,Orlando,FL,32803,Orange County,28.540292,-81.355394,single_family,3.0,1.0,1483.0,7790.5,1955.0,Inactive,339900,2022-02-11T13:06:34.684Z,181,12.736409677721657
"423-S-Bumby-Ave,-Orlando,-FL-32803","423 S Bumby Ave, Orlando, FL 32803",423 S Bumby Ave,,Orlando,FL,32803,Orange County,28.537715,-81.351573,single_family,4.0,2.0,1743.0,7790.5,1955.0,Inactive,485000,2021-12-08T14:48:26.260Z,246,13.091906231773164
"827-N-Hyer-Ave,-Orlando,-FL-32803","827 N Hyer Ave, Orlando, FL 32803",827 N Hyer Ave,,Orlando,FL,32803,Orange County,28.555929,-81.366211,single_family,2.0,1.0,1132.0,7790.5,1955.0,Inactive,250000,2021-06-16T14:39:15.483Z,421,12.429220196836383
"2424-Kilgore-St,-Unit-33,-Orlando,-FL-32803","2424 Kilgore St, Unit 33, Orlando, FL 32803",2424 Kilgore St,Unit 33,Orlando,FL,32803,Orange County,28.542951,-81.350969,condo,1.0,1.0,537.0,7790.5,1955.0,Inactive,159000,2022-03-03T10:20:34.249Z,161,11.976665770490767
"1216-E-Marks-St,-Orlando,-FL-32803","1216 E Marks St, Orlando, FL 32803",1216 E Marks St,,Orlando,FL,32803,Orange County,28.556609,-81.36369,single_family,5.0,4.0,2915.0,7790.5,1955.0,Inactive,874990,2021-08-19T18:28:59.530Z,356,13.681968879572567
"1822-Canton-St,-Orlando,-FL-32803","1822 Canton St, Orlando, FL 32803",1822 Canton St,,Orlando,FL,32803,Orange County,28.559251,-81.357362,single_family,3.0,1.0,864.0,7790.5,1955.0,Inactive,350000,2021-06-25T14:29:43.337Z,412,12.765691290604371
"1507-Christy-Ave,-Orlando,-FL-32803","1507 Christy Ave, Orlando, FL 32803",1507 Christy Ave,,Orlando,FL,32803,Orange County,28.565488,-81.34907,single_family,3.0,1.0,925.0,7790.5,1955.0,Inactive,359000,2022-02-25T13:40:47.028Z,167,12.791080452981857
"4260-Lake-Underhill-Rd,-Unit-9C2,-Orlando,-FL-32803","4260 Lake Underhill Rd, Unit 9C2, Orlando, FL 32803",4260 Lake Underhill Rd,Unit 9C2,Orlando,FL,32803,Orange County,28.535362,-81.333076,condo,2.0,2.0,1250.0,7790.5,1955.0,Inactive,239000,2022-02-25T12:00:31.667Z,167,12.384223015005313
"2512-Laura-Pl,-Orlando,-FL-32803","2512 Laura Pl, Orlando, FL 32803",2512 Laura Pl,,Orlando,FL,32803,Orange County,28.557761,-81.350608,single_family,2.0,2.0,1628.0,7790.5,1955.0,Inactive,492000,2022-02-25T14:16:42.616Z,167,13.106236027992704
"1109-Ayrshire-St,-Orlando,-FL-32803","1109 Ayrshire St, Orlando, FL 32803",1109 Ayrshire St,,Orlando,FL,32803,Orange County,28.579407,-81.365219,single_family,4.0,3.0,2277.0,7790.5,1955.0,Inactive,750000,2022-02-18T14:21:43.900Z,173,13.527829818844937
"906-Royal-Palm-Ct,-Orlando,-FL-32803","906 Royal Palm Ct, Orlando, FL 32803",906 Royal Palm Ct,,Orlando,FL,32803,Orange County,28.556469,-81.355102,single_family,3.0,2.0,1428.0,7790.5,1955.0,Inactive,397000,2022-01-14T13:35:42.157Z,208,12.891694078557842
"4380-Lake-Underhill-Rd,-Unit-16C3,-Orlando,-FL-32803","4380 Lake Underhill Rd, Unit 16C3, Orlando, FL 32803",4380 Lake Underhill Rd,Unit 16C3,Orlando,FL,32803,Orange County,28.535363,-81.333076,condo,2.0,2.0,1250.0,7790.5,1955.0,Inactive,199900,2022-02-17T11:57:26.385Z,174,12.20557752297723
"1221-Minnesota-St,-Orlando,-FL-32803","1221 Minnesota St, Orlando, FL 32803",1221 Minnesota St,,Orlando,FL,32803,Orange County,28.565019,-81.36359,apartment,10.0,6.0,4548.0,7790.5,1955.0,Inactive,1400000,2021-08-19T18:30:11.243Z,356,14.151983508870947
"1011-Ayrshire-St,-Orlando,-FL-32803","1011 Ayrshire St, Orlando, FL 32803",1011 Ayrshire St,,Orlando,FL,32803,Orange County,28.579418,-81.365805,single_family,5.0,4.0,2940.0,7790.5,1955.0,Inactive,939999,2022-02-11T13:54:18.052Z,180,13.753635154246187
"800-Altaloma-Ave,-Orlando,-FL-32803","800 Altaloma Ave, Orlando, FL 32803",800 Altaloma Ave,,Orlando,FL,32803,Orange County,28.555194,-81.359108,apartment,3.0,3.0,1500.0,7790.5,1955.0,Inactive,520000,2021-12-30T14:16:18.929Z,223,13.161586013632684
"1513-Woodward-St,-Orlando,-FL-32803","1513 Woodward St, Orlando, FL 32803",1513 Woodward St,,Orlando,FL,32803,Orange County,28.554164,-81.360962,apartment,6.0,4.0,3084.0,7790.5,1955.0,Inactive,779900,2021-02-11T15:10:49.429Z,545,13.566922267533435
"1350-Sasoon-Ave,-Orlando,-FL-32803","1350 Sasoon Ave, Orlando, FL 32803",1350 Sasoon Ave,,Orlando,FL,32803,Orange County,28.563588,-81.318413,single_family,4.0,2.0,1000.0,7790.5,1955.0,Inactive,399999,2022-02-01T12:59:59.542Z,190,12.89921982609012
"505-Sunglow-Dr,-Orlando,-FL-32803","505 Sunglow Dr, Orlando, FL 32803",505 Sunglow Dr,,Orlando,FL,32803,Orange County,28.537319,-81.345045,single_family,3.0,2.0,1264.0,7790.5,1955.0,Inactive,399900,2022-02-25T13:59:51.699Z,166,12.89897229545694
"2016-E-Central-Blvd,-Orlando,-FL-32803","2016 E Central Blvd, Orlando, FL 32803",2016 E Central Blvd,,Orlando,FL,32803,Orange County,28.542011,-81.35526,single_family,4.0,4.0,2519.0,7790.5,1955.0,Inactive,749000,2022-02-05T13:49:13.205Z,186,13.52649559761195
"2302-Leu-Rd,-Orlando,-FL-32803","2302 Leu Rd, Orlando, FL 32803",2302 Leu Rd,,Orlando,FL,32803,Orange County,28.569527,-81.353991,single_family,3.0,2.0,2379.0,7790.5,1955.0,Inactive,679000,2021-06-16T16:21:47.438Z,420,13.428377879293798
"2315-Virginia-Dr,-Orlando,-FL-32803","2315 Virginia Dr, Orlando, FL 32803",2315 Virginia Dr,,Orlando,FL,32803,Orange County,28.564803,-81.353573,single_family,4.0,2.0,1836.0,7790.5,1955.0,Inactive,568000,2022-02-11T13:48:13.743Z,180,13.249878458265119
"3904-Mockingbird-Ln,-Orlando,-FL-32803","3904 Mockingbird Ln, Orlando, FL 32803",3904 Mockingbird Ln,,Orlando,FL,32803,Orange County,28.565095,-81.336659,single_family,2.0,2.0,1015.0,7790.5,1955.0,Inactive,535000,2021-10-08T15:25:34.240Z,306,13.190023895035274
"710-S-Primrose-Dr,-Orlando,-FL-32803","710 S Primrose Dr, Orlando, FL 32803",710 S Primrose Dr,,Orlando,FL,32803,Orange County,28.533643,-81.347933,single_family,4.0,2.0,2570.0,7790.5,1955.0,Inactive,599999,2022-01-23T13:57:27.093Z,199,13.304684934198283
"2015-Linda-St,-Orlando,-FL-32803","2015 Linda St, Orlando, FL 32803",2015 Linda St,,Orlando,FL,32803,Orange County,28.563531,-81.355669,single_family,3.0,2.0,1269.0,7790.5,1955.0,Inactive,410000,2022-02-25T14:05:25.460Z,166,12.923914877701906
"2525-Azalea-Dr,-Orlando,-FL-32803","2525 Azalea Dr, Orlando, FL 32803",2525 Azalea Dr,,Orlando,FL,32803,Orange County,28.569689,-81.34886,single_family,3.0,2.0,2172.0,7790.5,1955.0,Inactive,685000,2022-01-25T14:17:37.758Z,197,13.437175577097312
"4749-Hargrave-St,-Orlando,-FL-32803","4749 Hargrave St, Orlando, FL 32803",4749 Hargrave St,,Orlando,FL,32803,Orange County,28.554656,-81.327741,single_family,2.0,1.0,1098.0,7790.5,1955.0,Inactive,379000,2022-02-10T13:39:36.577Z,181,12.84529412258351
"2409-Cole-Rd,-Orlando,-FL-32803","2409 Cole Rd, Orlando, FL 32803",2409 Cole Rd,,Orlando,FL,32803,Orange County,28.567212,-81.351314,single_family,3.0,2.0,1519.0,7790.5,1955.0,Inactive,524900,2021-08-12T19:53:42.341Z,363,13.170964952363363
"3114-Kilgore-St,-Orlando,-FL-32803","3114 Kilgore St, Orlando, FL 32803",3114 Kilgore St,,Orlando,FL,32803,Orange County,28.543064,-81.344147,single_family,3.0,3.0,848.0,7790.5,1955.0,Inactive,304900,2022-01-18T12:43:47.857Z,204,12.627742412734825
"541-N-Shine-Ave,-Orlando,-FL-32803","541 N Shine Ave, Orlando, FL 32803",541 N Shine Ave,,Orlando,FL,32803,Orange County,28.550896,-81.362473,single_family,2.0,1.0,692.0,7790.5,1955.0,Inactive,290000,2022-02-12T12:55:16.473Z,179,12.577639650232573
"3018-Oxford-St,-Orlando,-FL-32803","3018 Oxford St, Orlando, FL 32803",3018 Oxford St,,Orlando,FL,32803,Orange County,28.535237,-81.344705,single_family,3.0,2.0,1247.0,7790.5,1955.0,Inactive,389000,2022-01-23T13:36:50.637Z,199,12.871337193291367
"1500-Bennett-Rd,-Orlando,-FL-32803","1500 Bennett Rd, Orlando, FL 32803",1500 Bennett Rd,,Orlando,FL,32803,Orange County,28.565383,-81.334014,single_family,2.0,1.0,876.0,7790.5,1955.0,Inactive,379000,2022-02-08T13:28:59.505Z,183,12.84529412258351
"1217-Oregon-St,-Orlando,-FL-32803","1217 Oregon St, Orlando, FL 32803",1217 Oregon St,,Orlando,FL,32803,Orange County,28.560655,-81.363637,apartment,6.0,6.0,4106.0,7790.5,1955.0,Inactive,1250000,2022-01-21T14:22:55.300Z,201,14.038654909278163
"710-N-Lake-Formosa-Dr,-Orlando,-FL-32803","710 N Lake Formosa Dr, Orlando, FL 32803",710 N Lake Formosa Dr,,Orlando,FL,32803,Orange County,28.569542,-81.36931,single_family,3.0,2.0,2560.0,7790.5,1955.0,Inactive,949000,2021-10-30T15:33:29.214Z,284,13.76316513133229
"726-Warwick-Pl,-Orlando,-FL-32803","726 Warwick Pl, Orlando, FL 32803",726 Warwick Pl,,Orlando,FL,32803,Orange County,28.532319,-81.353879,single_family,3.0,2.0,1215.0,7790.5,1955.0,Inactive,369000,2022-02-12T13:53:48.063Z,179,12.818554633046093
"2014-Forest-Cir,-Orlando,-FL-32803","2014 Forest Cir, Orlando, FL 32803",2014 Forest Cir,,Orlando,FL,32803,Orange County,28.541137,-81.355252,single_family,2.0,1.0,1157.0,7790.5,1955.0,Inactive,350000,2021-07-11T15:59:39.541Z,395,12.765691290604371
"1335-Morris-Ave,-Orlando,-FL-32803","1335 Morris Ave, Orlando, FL 32803",1335 Morris Ave,,Orlando,FL,32803,Orange County,28.563479,-81.357573,single_family,3.0,2.0,1410.0,7790.5,1955.0,Inactive,474900,2022-01-28T13:35:17.062Z,194,13.07086164024146
"533-S-Primrose-Dr,-Orlando,-FL-32803","533 S Primrose Dr, Orlando, FL 32803",533 S Primrose Dr,,Orlando,FL,32803,Orange County,28.535929,-81.347327,single_family,3.0,2.0,1208.0,7790.5,1955.0,Inactive,365000,2021-09-14T17:40:14.292Z,330,12.807655372286902
"1416-Altaloma-Ave,-Orlando,-FL-32803","1416 Altaloma Ave, Orlando, FL 32803",1416 Altaloma Ave,,Orlando,FL,32803,Orange County,28.564716,-81.359805,single_family,2.0,2.0,1360.0,7790.5,1955.0,Inactive,429000,2022-01-11T13:58:57.532Z,211,12.969214528909768
"1632-N-Bumby-Ave,-Orlando,-FL-32803","1632 N Bumby Ave, Orlando, FL 32803",1632 N Bumby Ave,,Orlando,FL,32803,Orange County,28.566482,-81.352043,single_family,2.0,1.0,936.0,7790.5,1955.0,Inactive,364000,2021-09-20T17:30:02.420Z,324,12.804911893867851
"749-Floral-Dr,-Orlando,-FL-32803","749 Floral Dr, Orlando, FL 32803",749 Floral Dr,,Orlando,FL,32803,Orange County,28.554915,-81.352321,single_family,2.0,1.0,842.0,7790.5,1955.0,Inactive,349900,2022-01-21T13:46:45.631Z,201,12.765405536311112
"3901-Chelsea-St,-Orlando,-FL-32803","3901 Chelsea St, Orlando, FL 32803",3901 Chelsea St,,Orlando,FL,32803,Orange County,28.563115,-81.336725,single_family,3.0,2.0,1712.0,7790.5,1955.0,Inactive,449900,2021-11-10T15:13:09.455Z,273,13.016782837542953
"5106-Sunrise-Blvd,-Orlando,-FL-32803","5106 Sunrise Blvd, Orlando, FL 32803",5106 Sunrise Blvd,,Orlando,FL,32803,Orange County,28.563701,-81.317512,single_family,2.0,2.0,1336.0,7790.5,1955.0,Inactive,280000,2021-12-15T13:26:03.870Z,238,12.54254845357358
"1339-Utah-Blvd,-Orlando,-FL-32803","1339 Utah Blvd, Orlando, FL 32803",1339 Utah Blvd,,Orlando,FL,32803,Orange County,28.564303,-81.352462,single_family,3.0,2.0,2082.0,7790.5,1955.0,Inactive,625000,2022-01-14T14:12:10.591Z,208,13.345508528717259
"1915-Park-Lake-St,-Orlando,-FL-32803","1915 Park Lake St, Orlando, FL 32803",1915 Park Lake St,,Orlando,FL,32803,Orange County,28.555231,-81.356659,single_family,3.0,2.0,1652.0,7790.5,1955.0,Inactive,419000,2020-09-22T01:55:40.942Z,687,12.945628585536271
"1614-Nebraska-St,-Orlando,-FL-32803","1614 Nebraska St, Orlando, FL 32803",1614 Nebraska St,,Orlando,FL,32803,Orange County,28.565369,-81.359847,apartment,4.0,2.0,1500.0,7790.5,1955.0,Inactive,500000,2021-11-03T14:46:09.861Z,280,13.122365377402328
"5-N-Fern-Creek-Ave,-Orlando,-FL-32803","5 N Fern Creek Ave, Orlando, FL 32803",5 N Fern Creek Ave,,Orlando,FL,32803,Orange County,28.54309,-81.360007,single_family,3.0,3.0,2547.0,7790.5,1955.0,Inactive,695000,2022-01-21T14:14:46.565Z,201,13.451668563394815
"1024-E-Marks-St,-Orlando,-FL-32803","1024 E Marks St, Orlando, FL 32803",1024 E Marks St,,Orlando,FL,32803,Orange County,28.556572,-81.365867,condo,3.0,2.0,1893.0,7790.5,1955.0,Inactive,535000,2022-01-14T14:09:33.045Z,208,13.190023895035274
"1015-Lake-Highland-Dr,-Orlando,-FL-32803","1015 Lake Highland Dr, Orlando, FL 32803",1015 Lake Highland Dr,,Orlando,FL,32803,Orange County,28.56153,-81.365709,single_family,3.0,2.0,1428.0,7790.5,1955.0,Inactive,464900,2022-01-21T13:57:08.643Z,201,13.049579758676577
"1812-Janice-Ave,-Orlando,-FL-32803","1812 Janice Ave, Orlando, FL 32803",1812 Janice Ave,,Orlando,FL,32803,Orange County,28.568854,-81.347967,single_family,2.0,1.0,945.0,7790.5,1955.0,Inactive,345000,2022-01-14T13:27:45.390Z,208,12.75130259456002
"734-Royal-Palm-Ct,-Orlando,-FL-32803","734 Royal Palm Ct, Orlando, FL 32803",734 Royal Palm Ct,,Orlando,FL,32803,Orange County,28.554368,-81.353117,single_family,3.0,2.0,1276.0,7790.5,1955.0,Inactive,400000,2021-11-12T14:59:01.985Z,271,12.899222326086994
"2733-Oxford-St,-Orlando,-FL-32803","2733 Oxford St, Orlando, FL 32803",2733 Oxford St,,Orlando,FL,32803,Orange County,28.535334,-81.347883,single_family,3.0,2.0,1226.0,7790.5,1955.0,Inactive,375000,2021-09-08T15:06:50.062Z,336,12.834683971615659
"9-N-Graham-Ave,-Orlando,-FL-32803","9 N Graham Ave, Orlando, FL 32803",9 N Graham Ave,,Orlando,FL,32803,Orange County,28.542888,-81.349531,apartment,4.0,2.0,1698.0,7790.5,1955.0,Inactive,600000,2021-08-19T18:28:00.773Z,356,13.304686600863562
"602-Lake-Como-Cir,-Orlando,-FL-32803","602 Lake Como Cir, Orlando, FL 32803",602 Lake Como Cir,,Orlando,FL,32803,Orange County,28.534934,-81.352765,single_family,2.0,1.0,1022.0,7790.5,1955.0,Inactive,334900,2021-08-12T19:41:34.830Z,363,12.721590244743798
"1000-E-Harwood-St,-Orlando,-FL-32803","1000 E Harwood St, Orlando, FL 32803",1000 E Harwood St,,Orlando,FL,32803,Orange County,28.548262,-81.366214,single_family,4.0,3.0,3200.0,7790.5,1955.0,Inactive,749000,2020-09-22T02:09:16.553Z,687,13.52649559761195
"614-E-Marks-St,-Orlando,-FL-32803","614 E Marks St, Orlando, FL 32803",614 E Marks St,,Orlando,FL,32803,Orange County,28.556556,-81.370078,single_family,4.0,3.0,3871.0,7790.5,1955.0,Inactive,1300000,2022-01-08T13:59:18.943Z,214,14.077875591662238
"2918-2920-E-Jefferson-St,-Orlando,-FL-32803","2918 2920 E Jefferson St, Orlando, FL 32803",2918 2920 E Jefferson St,,Orlando,FL,32803,Orange County,28.544826,-81.346088,apartment,4.0,4.0,2280.0,7790.5,1955.0,Inactive,575000,2022-01-22T14:19:09.013Z,200,13.26212705890841
"3216-Renlee-Pl,-Orlando,-FL-32803","3216 Renlee Pl, Orlando, FL 32803",3216 Renlee Pl,,Orlando,FL,32803,Orange County,28.533326,-81.342885,single_family,3.0,2.0,1230.0,7790.5,1955.0,Inactive,329000,2021-08-12T19:34:35.800Z,363,12.703816069256568
"1239-Virginia-Dr,-Orlando,-FL-32803","1239 Virginia Dr, Orlando, FL 32803",1239 Virginia Dr,,Orlando,FL,32803,Orange County,28.564279,-81.362852,apartment,4.0,3.0,1571.0,7790.5,1955.0,Inactive,525000,2021-07-11T16:38:35.580Z,395,13.171155446333852
"725-Nottingham-St,-Orlando,-FL-32803","725 Nottingham St, Orlando, FL 32803",725 Nottingham St,,Orlando,FL,32803,Orange County,28.580484,-81.370247,single_family,2.0,1.0,947.0,7790.5,1955.0,Inactive,419900,2021-10-02T15:51:41.002Z,312,12.947774248188859
"744-Palm-Dr,-Orlando,-FL-32803","744 Palm Dr, Orlando, FL 32803",744 Palm Dr,,Orlando,FL,32803,Orange County,28.554744,-81.355951,single_family,4.0,4.0,2519.0,7790.5,1955.0,Inactive,735000,2020-09-23T22:36:07.743Z,685,13.507627138738266
"2407-Chelsea-St,-Orlando,-FL-32803","2407 Chelsea St, Orlando, FL 32803",2407 Chelsea St,,Orlando,FL,32803,Orange County,28.562028,-81.351424,single_family,4.0,2.0,2220.0,7790.5,1955.0,Inactive,724900,2021-12-13T14:18:39.734Z,240,13.493790372788638
"1501-Woodward-St,-Orlando,-FL-32803","1501 Woodward St, Orlando, FL 32803",1501 Woodward St,,Orlando,FL,32803,Orange County,28.554169,-81.361431,apartment,4.0,3.0,1600.0,7790.5,1955.0,Inactive,505000,2021-09-11T16:12:02.466Z,333,13.132315688453556
"518-S-Hampton-Ave,-Orlando,-FL-32803","518 S Hampton Ave, Orlando, FL 32803",518 S Hampton Ave,,Orlando,FL,32803,Orange County,28.536073,-81.355756,single_family,3.0,2.0,1547.0,7790.5,1955.0,Inactive,440000,2021-12-03T14:30:18.212Z,250,12.994532278619134
"1215-Park-Lake-St,-Orlando,-FL-32803","1215 Park Lake St, Orlando, FL 32803",1215 Park Lake St,,Orlando,FL,32803,Orange County,28.555508,-81.363827,single_family,3.0,2.0,1414.0,7790.5,1955.0,Inactive,395000,2021-12-04T13:59:07.880Z,249,12.886643575525625
"3410-Ibis-Dr,-Orlando,-FL-32803","3410 Ibis Dr, Orlando, FL 32803",3410 Ibis Dr,,Orlando,FL,32803,Orange County,28.56187,-81.342293,single_family,3.0,2.0,1409.0,7790.5,1955.0,Inactive,375000,2021-10-08T14:42:31.038Z,306,12.834683971615659
"805-N-Fern-Creek-Ave,-Orlando,-FL-32803","805 N Fern Creek Ave, Orlando, FL 32803",805 N Fern Creek Ave,,Orlando,FL,32803,Orange County,28.555188,-81.360198,condo,2.0,2.0,1300.0,7790.5,1955.0,Inactive,285000,2020-12-09T14:55:46.107Z,609,12.560247968016562
"1921-E-Livingston-St,-Orlando,-FL-32803","1921 E Livingston St, Orlando, FL 32803",1921 E Livingston St,,Orlando,FL,32803,Orange County,28.547917,-81.35633,single_family,3.0,1.0,1000.0,7790.5,1955.0,Inactive,375000,2021-12-25T13:36:47.066Z,228,12.834683971615659
"1515-E-Harwood-St,-Orlando,-FL-32803","1515 E Harwood St, Orlando, FL 32803",1515 E Harwood St,,Orlando,FL,32803,Orange County,28.548805,-81.36071,single_family,5.0,3.0,2568.0,7790.5,1955.0,Inactive,579900,2021-09-18T16:02:22.882Z,326,13.270612678298292
"11-N-Forest-Ave,-Unit-3,-Orlando,-FL-32803","11 N Forest Ave, Unit 3, Orlando, FL 32803",11 N Forest Ave,Unit 3,Orlando,FL,32803,Orange County,28.542734,-81.354704,condo,3.0,2.0,1613.0,7790.5,1955.0,Inactive,392000,2021-09-08T15:01:58.705Z,336,12.879019669789754
"21-S-Glenwood-Ave,-Orlando,-FL-32803","21 S Glenwood Ave, Orlando, FL 32803",21 S Glenwood Ave,,Orlando,FL,32803,Orange County,28.541503,-81.352607,single_family,2.0,1.0,1076.0,7790.5,1955.0,Inactive,335000,2021-09-16T16:40:21.061Z,328,12.721888795877375
"1610-Wycliff-Dr,-Orlando,-FL-32803","1610 Wycliff Dr, Orlando, FL 32803",1610 Wycliff Dr,,Orlando,FL,32803,Orange County,28.566033,-81.361215,single_family,4.0,3.0,3030.0,7790.5,1955.0,Inactive,1244999,2021-09-14T18:14:38.627Z,330,14.034646087880946
"1514-Mount-Vernon-St,-Orlando,-FL-32803","1514 Mount Vernon St, Orlando, FL 32803",1514 Mount Vernon St,,Orlando,FL,32803,Orange County,28.550117,-81.360902,single_family,3.0,2.0,1296.0,7790.5,1955.0,Inactive,476000,2022-01-18T14:07:40.089Z,204,13.073175234051686
"3715-Wren-Ln,-Orlando,-FL-32803","3715 Wren Ln, Orlando, FL 32803",3715 Wren Ln,,Orlando,FL,32803,Orange County,28.563931,-81.338299,single_family,3.0,2.0,1425.0,7790.5,1955.0,Inactive,449000,2021-11-20T14:47:24.177Z,263,13.014780393893403
"1406-Montana-St,-Orlando,-FL-32803","1406 Montana St, Orlando, FL 32803",1406 Montana St,,Orlando,FL,32803,Orange County,28.561988,-81.362955,single_family,2.0,1.0,894.0,7790.5,1955.0,Inactive,317000,2021-10-21T14:30:33.842Z,293,12.666660207428574
"1600-Baltimore-Ave,-Orlando,-FL-32803","1600 Baltimore Ave, Orlando, FL 32803",1600 Baltimore Ave,,Orlando,FL,32803,Orange County,28.565477,-81.3702,apartment,4.0,2.0,1486.0,7790.5,1955.0,Inactive,600000,2021-04-18T15:08:08.513Z,479,13.304686600863562
"2500-E-Central-Blvd,-Orlando,-FL-32803","2500 E Central Blvd, Orlando, FL 32803",2500 E Central Blvd,,Orlando,FL,32803,Orange County,28.542056,-81.350775,condo,3.0,2.0,1990.0,7790.5,1955.0,Inactive,475000,2021-09-30T15:23:59.594Z,314,13.07107218827772
"3608-Corrine-Dr,-Orlando,-FL-32803","3608 Corrine Dr, Orlando, FL 32803",3608 Corrine Dr,,Orlando,FL,32803,Orange County,28.567598,-81.339925,single_family,3.0,2.0,1192.0,7790.5,1955.0,Inactive,394990,2021-12-04T14:05:37.994Z,249,12.886618258813554
"623-Strathmore-Dr,-Orlando,-FL-32803","623 Strathmore Dr, Orlando, FL 32803",623 Strathmore Dr,,Orlando,FL,32803,Orange County,28.534111,-81.339914,single_family,3.0,2.0,1510.0,7790.5,1955.0,Inactive,339900,2022-01-07T13:07:52.663Z,215,12.736409677721657
"3219-N-Orange-Ave,-Orlando,-FL-32803","3219 N Orange Ave, Orlando, FL 32803",3219 N Orange Ave,,Orlando,FL,32803,Orange County,28.579557,-81.371862,single_family,2.0,2.0,1431.0,7790.5,1955.0,Inactive,380000,2021-12-17T14:08:14.864Z,236,12.847929163278053
"1406-E-Ridgewood-St,-Orlando,-FL-32803","1406 E Ridgewood St, Orlando, FL 32803",1406 E Ridgewood St,,Orlando,FL,32803,Orange County,28.546461,-81.361903,single_family,5.0,3.0,2008.0,7790.5,1955.0,Inactive,649900,2021-11-20T15:12:05.498Z,263,13.384575322579519
"3801-Wren-Ln,-Orlando,-FL-32803","3801 Wren Ln, Orlando, FL 32803",3801 Wren Ln,,Orlando,FL,32803,Orange County,28.563938,-81.337565,single_family,3.0,2.0,1512.0,7790.5,1955.0,Inactive,459000,2021-11-12T15:01:13.331Z,271,13.036807667689546
"1700-Canton-St,-Orlando,-FL-32803","1700 Canton St, Orlando, FL 32803",1700 Canton St,,Orlando,FL,32803,Orange County,28.559225,-81.359132,single_family,3.0,2.0,1464.0,7790.5,1955.0,Inactive,399900,2021-09-10T15:30:43.767Z,334,12.89897229545694
"2330-Cherrywood-Ln,-Orlando,-FL-32803","2330 Cherrywood Ln, Orlando, FL 32803",2330 Cherrywood Ln,,Orlando,FL,32803,Orange County,28.568773,-81.35297,single_family,3.0,2.0,1999.0,7790.5,1955.0,Inactive,569900,2021-10-13T15:01:48.057Z,301,13.253217940515357
"1237-E-Livingston-St,-Orlando,-FL-32803","1237 E Livingston St, Orlando, FL 32803",1237 E Livingston St,,Orlando,FL,32803,Orange County,28.547944,-81.362849,single_family,4.0,2.0,2251.0,7790.5,1955.0,Inactive,515000,2021-06-16T16:23:40.949Z,420,13.151924121391561
"520-Broadway-Ave,-Apt-11,-Orlando,-FL-32803","520 Broadway Ave, Apt 11, Orlando, FL 32803",520 Broadway Ave,Apt 11,Orlando,FL,32803,Orange County,28.550252,-81.373039,condo,2.0,2.0,1200.0,7790.5,1955.0,Inactive,294900,2021-11-25T13:17:34.463Z,258,12.594394985777612
"2992-Plaza-Terrace-Dr,-Unit-2992,-Orlando,-FL-32803","2992 Plaza Terrace Dr, Unit 2992, Orlando, FL 32803",2992 Plaza Terrace Dr,Unit 2992,Orlando,FL,32803,Orange County,28.561611,-81.344913,condo,2.0,2.0,890.0,7790.5,1955.0,Inactive,240000,2021-11-12T12:56:12.689Z,271,12.388398368982115
"2609-Betty-St,-Orlando,-FL-32803","2609 Betty St, Orlando, FL 32803",2609 Betty St,,Orlando,FL,32803,Orange County,28.555564,-81.349583,single_family,2.0,1.0,1389.0,7790.5,1955.0,Inactive,357900,2021-05-12T15:17:01.391Z,455,12.788011690826771
"4896-Beach-Blvd,-Orlando,-FL-32803","4896 Beach Blvd, Orlando, FL 32803",4896 Beach Blvd,,Orlando,FL,32803,Orange County,28.560501,-81.319074,single_family,3.0,2.0,1838.0,7790.5,1955.0,Inactive,438000,2021-11-30T14:23:20.320Z,253,12.989976472461
"2024-Tangerine-St,-Orlando,-FL-32803","2024 Tangerine St, Orlando, FL 32803",2024 Tangerine St,,Orlando,FL,32803,Orange County,28.535589,-81.354934,single_family,3.0,2.0,1951.0,7790.5,1955.0,Inactive,550000,2021-12-04T14:35:52.815Z,249,13.217675375388819
"810-Mount-Vernon-St,-Orlando,-FL-32803","810 Mount Vernon St, Orlando, FL 32803",810 Mount Vernon St,,Orlando,FL,32803,Orange County,28.55011,-81.367128,single_family,3.0,2.0,1980.0,7790.5,1955.0,Inactive,550000,2021-08-19T18:26:46.522Z,356,13.217675375388819
"2700-E-Church-St,-Orlando,-FL-32803","2700 E Church St, Orlando, FL 32803",2700 E Church St,,Orlando,FL,32803,Orange County,28.540254,-81.348711,single_family,3.0,2.0,1100.0,7790.5,1955.0,Inactive,369900,2021-12-01T14:11:20.154Z,252,12.820990681250251
"1419-Lake-Highland-Dr,-Orlando,-FL-32803","1419 Lake Highland Dr, Orlando, FL 32803",1419 Lake Highland Dr,,Orlando,FL,32803,Orange County,28.561577,-81.362441,condo,3.0,2.0,1816.0,7790.5,1955.0,Inactive,470000,2021-12-02T15:02:13.533Z,251,13.060490101343552
"752-Floral-Dr,-Orlando,-FL-32803","752 Floral Dr, Orlando, FL 32803",752 Floral Dr,,Orlando,FL,32803,Orange County,28.555057,-81.352837,single_family,3.0,2.0,1486.0,7790.5,1955.0,Inactive,450000,2021-11-12T14:59:01.983Z,271,13.017005083966255
"2515-Illinois-St,-Orlando,-FL-32803","2515 Illinois St, Orlando, FL 32803",2515 Illinois St,,Orlando,FL,32803,Orange County,28.556015,-81.350488,single_family,3.0,2.0,1335.0,7790.5,1955.0,Inactive,409999,2021-07-19T16:32:30.880Z,387,12.92391243868049
"1623-E-Washington-St,-Orlando,-FL-32803","1623 E Washington St, Orlando, FL 32803",1623 E Washington St,,Orlando,FL,32803,Orange County,28.544289,-81.359339,single_family,4.0,2.0,2324.0,7790.5,1955.0,Inactive,599000,2021-08-31T17:21:30.538Z,344,13.303018546545275
"1521-Asbury-Ave,-Orlando,-FL-32803","1521 Asbury Ave, Orlando, FL 32803",1521 Asbury Ave,,Orlando,FL,32803,Orange County,28.565713,-81.349883,single_family,3.0,1.0,1078.0,7790.5,1955.0,Inactive,340000,2021-11-10T14:59:21.783Z,273,12.73670383776449
"745-Hempstead-Ave,-Orlando,-FL-32803","745 Hempstead Ave, Orlando, FL 32803",745 Hempstead Ave,,Orlando,FL,32803,Orange County,28.531722,-81.354229,single_family,3.0,2.0,1655.0,7790.5,1955.0,Inactive,475000,2021-08-19T17:57:38.549Z,356,13.07107218827772
"1916-Garvin-St,-Orlando,-FL-32803","1916 Garvin St, Orlando, FL 32803",1916 Garvin St,,Orlando,FL,32803,Orange County,28.557477,-81.356564,single_family,4.0,2.0,1716.0,7790.5,1955.0,Inactive,425000,2021-07-19T16:52:50.026Z,387,12.959846800844963
"2414-Illinois-St,-Orlando,-FL-32803","2414 Illinois St, Orlando, FL 32803",2414 Illinois St,,Orlando,FL,32803,Orange County,28.555501,-81.351394,single_family,2.0,1.0,1094.0,7790.5,1955.0,Inactive,415000,2021-11-08T14:43:18.786Z,275,12.936036208848487
"1312-Georgia-Blvd,-Orlando,-FL-32803","1312 Georgia Blvd, Orlando, FL 32803",1312 Georgia Blvd,,Orlando,FL,32803,Orange County,28.563235,-81.354065,single_family,3.0,2.0,1116.0,7790.5,1955.0,Inactive,382000,2021-10-27T14:29:16.903Z,287,12.853178505386333
"2602-Betty-St,-Orlando,-FL-32803","2602 Betty St, Orlando, FL 32803",2602 Betty St,,Orlando,FL,32803,Orange County,28.555134,-81.349812,single_family,2.0,1.0,1288.0,7790.5,1955.0,Inactive,359900,2021-10-05T14:51:49.763Z,309,12.79358427261286
"2403-Jamie-Cir,-Orlando,-FL-32803","2403 Jamie Cir, Orlando, FL 32803",2403 Jamie Cir,,Orlando,FL,32803,Orange County,28.557463,-81.351892,single_family,3.0,3.0,1025.0,7790.5,1955.0,Inactive,330000,2021-12-01T13:59:46.824Z,252,12.706850963741102
"3610-Wren-Ln,-Orlando,-FL-32803","3610 Wren Ln, Orlando, FL 32803",3610 Wren Ln,,Orlando,FL,32803,Orange County,28.56342,-81.339455,single_family,4.0,3.0,3321.0,7790.5,1955.0,Inactive,999900,2021-08-19T18:29:04.733Z,356,13.81541155306345
"607-Lake-Como-Cir,-Orlando,-FL-32803","607 Lake Como Cir, Orlando, FL 32803",607 Lake Como Cir,,Orlando,FL,32803,Orange County,28.534868,-81.351313,single_family,3.0,2.0,1986.0,7790.5,1955.0,Inactive,469900,2021-08-19T18:23:35.976Z,356,13.060277313201007
"1718-Virginia-Dr,-Unit-A,-Orlando,-FL-32803","1718 Virginia Dr, Unit A, Orlando, FL 32803",1718 Virginia Dr,Unit A,Orlando,FL,32803,Orange County,28.563763,-81.358711,condo,3.0,2.0,2009.0,7790.5,1955.0,Inactive,485000,2021-11-18T14:30:11.126Z,265,13.091906231773164
"1503-Asbury-Ave,-Orlando,-FL-32803","1503 Asbury Ave, Orlando, FL 32803",1503 Asbury Ave,,Orlando,FL,32803,Orange County,28.565095,-81.349874,single_family,3.0,2.0,1536.0,7790.5,1955.0,Inactive,439900,2021-12-08T14:38:41.049Z,245,12.994304980578146
"507-S-Primrose-Dr,-Orlando,-FL-32803","507 S Primrose Dr, Orlando, FL 32803",507 S Primrose Dr,,Orlando,FL,32803,Orange County,28.536699,-81.347336,single_family,3.0,2.0,1448.0,7790.5,1955.0,Inactive,379500,2021-09-08T15:06:43.059Z,336,12.846612510860464
"415-Westminster-St,-Orlando,-FL-32803","415 Westminster St, Orlando, FL 32803",415 Westminster St,,Orlando,FL,32803,Orange County,28.582111,-81.372434,single_family,3.0,1.0,1077.0,7790.5,1955.0,Inactive,375000,2021-10-22T15:12:15.094Z,292,12.834683971615659
"2906-E-Marks-St,-Orlando,-FL-32803","2906 E Marks St, Orlando, FL 32803",2906 E Marks St,,Orlando,FL,32803,Orange County,28.557114,-81.346698,single_family,3.0,1.0,1194.0,7790.5,1955.0,Inactive,350000,2021-08-19T17:01:01.053Z,356,12.765691290604371
"3248-N-Orange-Ave,-Orlando,-FL-32803","3248 N Orange Ave, Orlando, FL 32803",3248 N Orange Ave,,Orlando,FL,32803,Orange County,28.580568,-81.371653,single_family,3.0,2.0,1450.0,7790.5,1955.0,Inactive,465000,2021-11-30T14:25:22.343Z,253,13.049794835104816
"2414-E-Marks-St,-Orlando,-FL-32803","2414 E Marks St, Orlando, FL 32803",2414 E Marks St,,Orlando,FL,32803,Orange County,28.556271,-81.351405,single_family,3.0,2.0,1308.0,7790.5,1955.0,Inactive,359000,2021-08-12T19:53:32.549Z,362,12.791080452981857
"640-Roberta-Ave,-Orlando,-FL-32803","640 Roberta Ave, Orlando, FL 32803",640 Roberta Ave,,Orlando,FL,32803,Orange County,28.533809,-81.341347,single_family,3.0,2.0,1647.0,7790.5,1955.0,Inactive,349000,2021-05-12T15:33:12.924Z,455,12.762830066509972
"2048-Sue-Harbor-Cv,-Orlando,-FL-32803","2048 Sue Harbor Cv, Orlando, FL 32803",2048 Sue Harbor Cv,,Orlando,FL,32803,Orange County,28.57149,-81.351245,single_family,5.0,4.0,4800.0,7790.5,1955.0,Inactive,1398000,2021-04-18T15:14:15.123Z,479,14.150553917083219
"526-Buckminster-Cir,-Orlando,-FL-32803","526 Buckminster Cir, Orlando, FL 32803",526 Buckminster Cir,,Orlando,FL,32803,Orange County,28.535809,-81.349394,single_family,2.0,2.0,1099.0,7790.5,1955.0,Inactive,325000,2021-11-18T13:58:57.411Z,265,12.691583538230217
"1002-Mount-Vernon-St,-Unit-2,-Orlando,-FL-32803","1002 Mount Vernon St, Unit 2, Orlando, FL 32803",1002 Mount Vernon St,Unit 2,Orlando,FL,32803,Orange County,28.550187,-81.366248,condo,2.0,2.0,858.0,7790.5,1955.0,Inactive,244900,2021-10-09T13:18:48.187Z,305,12.408609326231229
"4390-Lake-Underhill-Rd,-Unit-21C8,-Orlando,-FL-32803","4390 Lake Underhill Rd, Unit 21C8, Orlando, FL 32803",4390 Lake Underhill Rd,Unit 21C8,Orlando,FL,32803,Orange County,28.535362,-81.333076,condo,2.0,2.0,1250.0,7790.5,1955.0,Inactive,192000,2021-11-03T12:28:55.581Z,280,12.165255859329688
"2621-Norfolk-Rd,-Orlando,-FL-32803","2621 Norfolk Rd, Orlando, FL 32803",2621 Norfolk Rd,,Orlando,FL,32803,Orange County,28.575988,-81.360431,single_family,3.0,2.0,2534.0,7790.5,1955.0,Inactive,1050000,2021-11-13T15:16:44.869Z,270,13.864301674514206
"1018-E-Marks-St,-Unit-1,-Orlando,-FL-32803","1018 E Marks St, Unit 1, Orlando, FL 32803",1018 E Marks St,Unit 1,Orlando,FL,32803,Orange County,28.556571,-81.365957,condo,3.0,2.0,1948.0,7790.5,1955.0,Inactive,534900,2021-09-16T17:09:42.056Z,328,13.189836962025913
"1610-Christy-Ave,-Orlando,-FL-32803","1610 Christy Ave, Orlando, FL 32803",1610 Christy Ave,,Orlando,FL,32803,Orange County,28.566143,-81.349581,single_family,5.0,2.0,2045.0,7790.5,1955.0,Inactive,485000,2021-11-21T15:02:54.019Z,262,13.091906231773164
"706-E-Livingston-St,-Orlando,-FL-32803","706 E Livingston St, Orlando, FL 32803",706 E Livingston St,,Orlando,FL,32803,Orange County,28.547329,-81.368191,single_family,2.0,2.0,1280.0,7790.5,1955.0,Inactive,425000,2021-10-21T15:02:53.295Z,293,12.959846800844963
"3240-N-Orange-Ave,-Orlando,-FL-32803","3240 N Orange Ave, Orlando, FL 32803",3240 N Orange Ave,,Orlando,FL,32803,Orange County,28.580376,-81.371877,single_family,2.0,1.0,1102.0,7790.5,1955.0,Inactive,335000,2021-11-21T13:42:49.314Z,262,12.721888795877375
"617-E-Amelia-St,-Apt-B,-Orlando,-FL-32803","617 E Amelia St, Apt B, Orlando, FL 32803",617 E Amelia St,Apt B,Orlando,FL,32803,Orange County,28.549873,-81.369747,condo,2.0,2.0,1024.0,7790.5,1955.0,Inactive,225000,2021-11-13T12:45:13.099Z,270,12.323860125621126
"3012-Wessex-St,-Orlando,-FL-32803","3012 Wessex St, Orlando, FL 32803",3012 Wessex St,,Orlando,FL,32803,Orange County,28.533449,-81.344965,single_family,2.0,1.0,1048.0,7790.5,1955.0,Inactive,339900,2021-11-09T14:01:05.285Z,274,12.736409677721657
"1621-Illinois-St,-Orlando,-FL-32803","1621 Illinois St, Orlando, FL 32803",1621 Illinois St,,Orlando,FL,32803,Orange County,28.556075,-81.359457,single_family,3.0,1.0,1066.0,7790.5,1955.0,Inactive,299000,2021-05-12T14:59:20.110Z,455,12.608202196848836
"4314-Lake-Underhill-Rd,-Unit-19D5,-Orlando,-FL-32803","4314 Lake Underhill Rd, Unit 19D5, Orlando, FL 32803",4314 Lake Underhill Rd,Unit 19D5,Orlando,FL,32803,Orange County,28.535363,-81.333076,condo,2.0,1.0,1000.0,7790.5,1955.0,Inactive,154900,2021-08-08T12:55:24.560Z,367,11.950541482162043
"2305-Buckminster-Cir,-Orlando,-FL-32803","2305 Buckminster Cir, Orlando, FL 32803",2305 Buckminster Cir,,Orlando,FL,32803,Orange County,28.533579,-81.35237,single_family,3.0,2.0,1940.0,7790.5,1955.0,Inactive,449900,2021-08-19T17:50:52.781Z,356,13.016782837542953
"3704-Chelsea-St,-Orlando,-FL-32803","3704 Chelsea St, Orlando, FL 32803",3704 Chelsea St,,Orlando,FL,32803,Orange County,28.562606,-81.338648,single_family,3.0,1.0,1112.0,7790.5,1955.0,Inactive,357000,2021-10-27T14:29:16.905Z,287,12.785493861878301
"1501-E-Harwood-St,-Orlando,-FL-32803","1501 E Harwood St, Orlando, FL 32803",1501 E Harwood St,,Orlando,FL,32803,Orange County,28.548801,-81.361295,single_family,5.0,3.0,2501.0,7790.5,1955.0,Inactive,650000,2021-08-19T18:28:00.780Z,355,13.384729180332174
"2320-Hickory-Ln,-Orlando,-FL-32803","2320 Hickory Ln, Orlando, FL 32803",2320 Hickory Ln,,Orlando,FL,32803,Orange County,28.568009,-81.353459,single_family,3.0,2.0,1382.0,7790.5,1955.0,Inactive,439000,2021-11-06T15:04:15.408Z,277,12.992256969959042
"3800-Mockingbird-Ln,-Orlando,-FL-32803","3800 Mockingbird Ln, Orlando, FL 32803",3800 Mockingbird Ln,,Orlando,FL,32803,Orange County,28.565093,-81.337605,single_family,3.0,2.0,1503.0,7790.5,1955.0,Inactive,449500,2021-11-12T14:57:32.440Z,271,13.015893357585442
"2984-Plaza-Terrace-Dr,-Unit-2984,-Orlando,-FL-32803","2984 Plaza Terrace Dr, Unit 2984, Orlando, FL 32803",2984 Plaza Terrace Dr,Unit 2984,Orlando,FL,32803,Orange County,28.561611,-81.344913,condo,2.0,2.0,890.0,7790.5,1955.0,Inactive,230000,2021-11-12T12:48:06.136Z,271,12.345838935721968
"1119-N-Thornton-Ave,-Orlando,-FL-32803","1119 N Thornton Ave, Orlando, FL 32803",1119 N Thornton Ave,,Orlando,FL,32803,Orange County,28.56113,-81.365173,single_family,3.0,2.0,1690.0,7790.5,1955.0,Inactive,479900,2021-08-19T18:23:44.762Z,355,13.081335111611617
"3101-Oxford-St,-Orlando,-FL-32803","3101 Oxford St, Orlando, FL 32803",3101 Oxford St,,Orlando,FL,32803,Orange County,28.53571,-81.344303,single_family,3.0,2.0,1247.0,7790.5,1955.0,Inactive,374900,2021-10-22T14:39:09.209Z,292,12.834417270098413
"700-S-Lake-Formosa-Dr,-Orlando,-FL-32803","700 S Lake Formosa Dr, Orlando, FL 32803",700 S Lake Formosa Dr,,Orlando,FL,32803,Orange County,28.56731,-81.368211,single_family,2.0,1.0,1638.0,7790.5,1955.0,Inactive,549000,2021-10-21T15:23:36.948Z,293,13.215855541983634
"1108-Weber-St,-Orlando,-FL-32803","1108 Weber St, Orlando, FL 32803",1108 Weber St,,Orlando,FL,32803,Orange County,28.558398,-81.365178,apartment,4.0,2.0,1730.0,7790.5,1955.0,Inactive,457000,2021-06-16T16:16:38.443Z,420,13.032440858057756
"1238-Minnesota-St,-Orlando,-FL-32803","1238 Minnesota St, Orlando, FL 32803",1238 Minnesota St,,Orlando,FL,32803,Orange County,28.564568,-81.36289,single_family,2.0,1.0,1164.0,7790.5,1955.0,Inactive,350000,2021-11-10T14:58:25.407Z,273,12.765691290604371
"300-Maynard-Ave,-Orlando,-FL-32803","300 Maynard Ave, Orlando, FL 32803",300 Maynard Ave,,Orlando,FL,32803,Orange County,28.539498,-81.344438,single_family,3.0,1.0,758.0,7790.5,1955.0,Inactive,277400,2021-08-12T19:19:01.118Z,362,12.533219391759038
"1820-Oak-Ln,-Orlando,-FL-32803","1820 Oak Ln, Orlando, FL 32803",1820 Oak Ln,,Orlando,FL,32803,Orange County,28.568225,-81.351172,single_family,3.0,3.0,2023.0,7790.5,1955.0,Inactive,549000,2021-08-31T17:17:29.365Z,344,13.215855541983634
"640-Hempstead-Ave,-Orlando,-FL-32803","640 Hempstead Ave, Orlando, FL 32803",640 Hempstead Ave,,Orlando,FL,32803,Orange County,28.534398,-81.35415,single_family,3.0,2.0,2067.0,7790.5,1955.0,Inactive,499999,2021-09-28T15:47:45.028Z,316,13.122363377404328
"3219-Underhill-Ct,-Orlando,-FL-32803","3219 Underhill Ct, Orlando, FL 32803",3219 Underhill Ct,,Orlando,FL,32803,Orange County,28.536169,-81.342878,single_family,4.0,1.0,1917.0,7790.5,1955.0,Inactive,310000,2021-09-23T16:58:55.409Z,321,12.644330802262578
"3704-Glen-Garry-Ln,-Orlando,-FL-32803","3704 Glen Garry Ln, Orlando, FL 32803",3704 Glen Garry Ln,,Orlando,FL,32803,Orange County,28.5337,-81.338574,single_family,3.0,3.0,1503.0,7790.5,1955.0,Inactive,405000,2021-10-16T15:29:59.897Z,298,12.91164481522143
"212-S-Glenwood-Ave,-Orlando,-FL-32803","212 S Glenwood Ave, Orlando, FL 32803",212 S Glenwood Ave,,Orlando,FL,32803,Orange County,28.539988,-81.353199,single_family,4.0,2.0,1739.0,7790.5,1955.0,Inactive,399400,2021-10-06T15:20:20.981Z,308,12.897721203716351
"835-Wessex-Pl,-Orlando,-FL-32803","835 Wessex Pl, Orlando, FL 32803",835 Wessex Pl,,Orlando,FL,32803,Orange County,28.532349,-81.350439,single_family,2.0,1.0,1038.0,7790.5,1955.0,Inactive,358000,2021-10-15T14:44:26.139Z,299,12.788291058675025
"1603-Woodward-St,-Unit-18,-Orlando,-FL-32803","1603 Woodward St, Unit 18, Orlando, FL 32803",1603 Woodward St,Unit 18,Orlando,FL,32803,Orange County,28.554192,-81.36004,condo,3.0,2.0,1829.0,7790.5,1955.0,Inactive,475000,2021-10-23T14:54:12.262Z,291,13.07107218827772
"940-N-Shine-Ave,-Orlando,-FL-32803","940 N Shine Ave, Orlando, FL 32803",940 N Shine Ave,,Orlando,FL,32803,Orange County,28.558161,-81.362705,single_family,2.0,1.0,953.0,7790.5,1955.0,Inactive,385000,2021-10-29T15:11:39.269Z,285,12.861001210669146
"445-Mayfair-Cir,-Orlando,-FL-32803","445 Mayfair Cir, Orlando, FL 32803",445 Mayfair Cir,,Orlando,FL,32803,Orange County,28.537634,-81.35104,single_family,4.0,3.0,2520.0,7790.5,1955.0,Inactive,700000,2020-09-22T02:12:22.088Z,687,13.45883704259595
"335-Cathcart-Ave,-Orlando,-FL-32803","335 Cathcart Ave, Orlando, FL 32803",335 Cathcart Ave,,Orlando,FL,32803,Orange County,28.547027,-81.370244,single_family,4.0,3.0,3162.0,7790.5,1955.0,Inactive,995900,2021-06-16T16:34:52.729Z,420,13.811403134036105
"2121-Tangerine-St,-Orlando,-FL-32803","2121 Tangerine St, Orlando, FL 32803",2121 Tangerine St,,Orlando,FL,32803,Orange County,28.536011,-81.354218,single_family,3.0,2.0,1454.0,7790.5,1955.0,Inactive,449000,2021-10-01T15:36:41.381Z,313,13.014780393893403
"1427-Baltimore-Ave,-Orlando,-FL-32803","1427 Baltimore Ave, Orlando, FL 32803",1427 Baltimore Ave,,Orlando,FL,32803,Orange County,28.565079,-81.369782,single_family,3.0,1.0,1344.0,7790.5,1955.0,Inactive,400000,2021-10-16T15:19:24.901Z,298,12.899222326086994
"3014-Plaza-Terrace-Dr,-Unit-3014,-Orlando,-FL-32803","3014 Plaza Terrace Dr, Unit 3014, Orlando, FL 32803",3014 Plaza Terrace Dr,Unit 3014,Orlando,FL,32803,Orange County,28.561561,-81.344463,condo,2.0,2.0,890.0,7790.5,1955.0,Inactive,215000,2021-11-05T13:36:43.730Z,278,12.278397958261774
"1912-Park-Lake-St,-Orlando,-FL-32803","1912 Park Lake St, Orlando, FL 32803",1912 Park Lake St,,Orlando,FL,32803,Orange County,28.554705,-81.35669,condo,3.0,2.0,1771.0,7790.5,1955.0,Inactive,360000,2021-08-31T16:30:49.532Z,344,12.793862088206213
"1810-Nebraska-St,-Orlando,-FL-32803","1810 Nebraska St, Orlando, FL 32803",1810 Nebraska St,,Orlando,FL,32803,Orange County,28.565395,-81.358062,single_family,2.0,2.0,1875.0,7790.5,1955.0,Inactive,485000,2021-10-22T15:25:53.125Z,292,13.091906231773164
"2612-E-Central-Blvd,-Unit-C,-Orlando,-FL-32803","2612 E Central Blvd, Unit C, Orlando, FL 32803",2612 E Central Blvd,Unit C,Orlando,FL,32803,Orange County,28.542046,-81.349237,condo,3.0,2.0,1604.0,7790.5,1955.0,Inactive,385000,2020-09-22T00:23:43.441Z,687,12.861001210669146
"400-E-Colonial-Dr,-Apt-1207,-Orlando,-FL-32803","400 E Colonial Dr, Apt 1207, Orlando, FL 32803",400 E Colonial Dr,Apt 1207,Orlando,FL,32803,Orange County,28.552804,-81.372234,condo,2.0,2.0,1189.0,7790.5,1955.0,Inactive,289000,2021-09-11T15:16:54.954Z,333,12.574185427296195
"3019-Wessex-St,-Orlando,-FL-32803","3019 Wessex St, Orlando, FL 32803",3019 Wessex St,,Orlando,FL,32803,Orange County,28.533988,-81.344737,single_family,3.0,2.0,1446.0,7790.5,1955.0,Inactive,379000,2021-07-02T14:40:27.049Z,404,12.84529412258351
"2409-E-Marks-St,-Orlando,-FL-32803","2409 E Marks St, Orlando, FL 32803",2409 E Marks St,,Orlando,FL,32803,Orange County,28.55673,-81.351627,single_family,2.0,2.0,1192.0,7790.5,1955.0,Inactive,350000,2021-10-21T14:44:14.061Z,293,12.765691290604371
"1620-E-Harwood-St,-Orlando,-FL-32803","1620 E Harwood St, Orlando, FL 32803",1620 E Harwood St,,Orlando,FL,32803,Orange County,28.548284,-81.359289,apartment,3.0,2.0,1547.0,7790.5,1955.0,Inactive,395000,2021-11-06T14:54:28.025Z,277,12.886643575525625
"1720-Canton-St,-Orlando,-FL-32803","1720 Canton St, Orlando, FL 32803",1720 Canton St,,Orlando,FL,32803,Orange County,28.559298,-81.358459,single_family,3.0,2.0,1793.0,7790.5,1955.0,Inactive,459000,2021-11-12T15:01:13.333Z,271,13.036807667689546
"2221-E-Concord-St,-Orlando,-FL-32803","2221 E Concord St, Orlando, FL 32803",2221 E Concord St,,Orlando,FL,32803,Orange County,28.551625,-81.353276,single_family,2.0,1.0,1030.0,7790.5,1955.0,Inactive,349900,2021-04-18T14:30:20.342Z,479,12.765405536311112
"800-Mayfair-Cir,-Orlando,-FL-32803","800 Mayfair Cir, Orlando, FL 32803",800 Mayfair Cir,,Orlando,FL,32803,Orange County,28.535016,-81.353355,single_family,3.0,3.0,2332.0,7790.5,1955.0,Inactive,699000,2021-10-05T15:27:17.030Z,309,13.457407451830088
"720-Nottingham-St,-Orlando,-FL-32803","720 Nottingham St, Orlando, FL 32803",720 Nottingham St,,Orlando,FL,32803,Orange County,28.580335,-81.369658,single_family,3.0,2.0,1530.0,7790.5,1955.0,Inactive,549900,2021-10-01T15:42:24.274Z,313,13.217493541006709
"802-Plaza-Ct,-Orlando,-FL-32803","802 Plaza Ct, Orlando, FL 32803",802 Plaza Ct,,Orlando,FL,32803,Orange County,28.555362,-81.354725,single_family,3.0,2.0,1471.0,7790.5,1955.0,Inactive,369000,2021-08-12T19:53:32.558Z,362,12.818554633046093
"623-Mayfair-Cir,-Orlando,-FL-32803","623 Mayfair Cir, Orlando, FL 32803",623 Mayfair Cir,,Orlando,FL,32803,Orange County,28.533972,-81.351313,single_family,2.0,2.0,1028.0,7790.5,1955.0,Inactive,325000,2021-10-15T14:33:18.896Z,299,12.691583538230217
"2016-Forest-Cir,-Orlando,-FL-32803","2016 Forest Cir, Orlando, FL 32803",2016 Forest Cir,,Orlando,FL,32803,Orange County,28.540322,-81.355157,single_family,2.0,1.0,1217.0,7790.5,1955.0,Inactive,299000,2021-08-31T15:59:38.761Z,344,12.608202196848836
"1742-Gay-Dr,-Orlando,-FL-32803","1742 Gay Dr, Orlando, FL 32803",1742 Gay Dr,,Orlando,FL,32803,Orange County,28.568121,-81.36212,single_family,5.0,3.0,2188.0,7790.5,1955.0,Inactive,730000,2021-09-30T15:49:00.726Z,314,13.500801182986649
"2808-Kilgore-St,-Orlando,-FL-32803","2808 Kilgore St, Orlando, FL 32803",2808 Kilgore St,,Orlando,FL,32803,Orange County,28.542995,-81.347308,condo,3.0,2.0,1619.0,7790.5,1955.0,Inactive,359900,2020-09-22T00:05:03.277Z,687,12.79358427261286
"400-E-Colonial-Dr,-Apt-1608,-Orlando,-FL-32803","400 E Colonial Dr, Apt 1608, Orlando, FL 32803",400 E Colonial Dr,Apt 1608,Orlando,FL,32803,Orange County,28.552804,-81.372234,condo,2.0,2.0,1109.0,7790.5,1955.0,Inactive,269000,2021-08-08T15:19:29.379Z,367,12.502470376049185
"1339-Susannah-Blvd,-Orlando,-FL-32803","1339 Susannah Blvd, Orlando, FL 32803",1339 Susannah Blvd,,Orlando,FL,32803,Orange County,28.563685,-81.319088,single_family,3.0,2.0,1248.0,7790.5,1955.0,Inactive,279000,2021-09-30T13:33:58.365Z,314,12.53897064502647
"613-E-Ridgewood-St,-Apt-4,-Orlando,-FL-32803","613 E Ridgewood St, Apt 4, Orlando, FL 32803",613 E Ridgewood St,Apt 4,Orlando,FL,32803,Orange County,28.546982,-81.369942,single_family,1.0,1.0,685.0,7790.5,1955.0,Inactive,220000,2021-10-26T12:20:13.056Z,288,12.301387370778713
"839-N-Summerlin-Ave,-Orlando,-FL-32803","839 N Summerlin Ave, Orlando, FL 32803",839 N Summerlin Ave,,Orlando,FL,32803,Orange County,28.555668,-81.368413,single_family,4.0,3.0,2706.0,7790.5,1955.0,Inactive,849000,2021-09-17T16:05:24.551Z,327,13.651815643149092
"1805-Oregon-St,-Orlando,-FL-32803","1805 Oregon St, Orlando, FL 32803",1805 Oregon St,,Orlando,FL,32803,Orange County,28.560656,-81.358042,single_family,3.0,2.0,1231.0,7790.5,1955.0,Inactive,405000,2021-08-19T17:37:07.752Z,355,12.91164481522143
"1804-E-Amelia-St,-Orlando,-FL-32803","1804 E Amelia St, Orlando, FL 32803",1804 E Amelia St,,Orlando,FL,32803,Orange County,28.549306,-81.357954,single_family,3.0,2.0,1926.0,7790.5,1955.0,Inactive,585000,2021-08-31T17:19:36.272Z,343,13.279368835614243
"41-N-Glenwood-Ave-Unit-A,-Orlando,-FL-32803","41 N Glenwood Ave Unit A, Orlando, FL 32803",41 N Glenwood Ave Unit A,,Orlando,FL,32803,Orange County,28.543749,-81.352737,condo,3.0,2.0,1723.0,7790.5,1955.0,Inactive,415000,2021-10-15T15:03:42.385Z,299,12.936036208848487
"1052-Avila-Ln,-Orlando,-FL-32803","1052 Avila Ln, Orlando, FL 32803",1052 Avila Ln,,Orlando,FL,32803,Orange County,28.559701,-81.319532,single_family,3.0,2.0,1786.0,7790.5,1955.0,Inactive,425000,2021-09-25T20:09:02.137Z,318,12.959846800844963
"1809-E-Concord-St,-Orlando,-FL-32803","1809 E Concord St, Orlando, FL 32803",1809 E Concord St,,Orlando,FL,32803,Orange County,28.551586,-81.357845,single_family,2.0,1.0,980.0,7790.5,1955.0,Inactive,324900,2021-08-12T19:34:46.600Z,362,12.691275799522568
"2511-Kilgore-St,-Orlando,-FL-32803","2511 Kilgore St, Orlando, FL 32803",2511 Kilgore St,,Orlando,FL,32803,Orange County,28.543518,-81.350366,single_family,3.0,1.0,1260.0,7790.5,1955.0,Inactive,317900,2021-07-11T15:12:56.323Z,395,12.669495292537231
"826-N-Hyer-Ave,-Orlando,-FL-32803","826 N Hyer Ave, Orlando, FL 32803",826 N Hyer Ave,,Orlando,FL,32803,Orange County,28.555933,-81.366818,single_family,4.0,2.0,1231.0,7790.5,1955.0,Inactive,264900,2021-09-25T19:01:34.113Z,318,12.487111450262473
"913-La-Salle-Ave,-Orlando,-FL-32803","913 La Salle Ave, Orlando, FL 32803",913 La Salle Ave,,Orlando,FL,32803,Orange County,28.557249,-81.36109,single_family,3.0,3.0,2643.0,7790.5,1955.0,Inactive,685000,2021-06-19T15:36:31.649Z,417,13.437175577097312
"1420-Pinecrest-Pl,-Orlando,-FL-32803","1420 Pinecrest Pl, Orlando, FL 32803",1420 Pinecrest Pl,,Orlando,FL,32803,Orange County,28.554513,-81.361749,single_family,3.0,2.0,1092.0,7790.5,1955.0,Inactive,399900,2021-09-08T15:06:50.070Z,336,12.89897229545694
"2517-E-Central-Blvd,-Orlando,-FL-32803","2517 E Central Blvd, Orlando, FL 32803",2517 E Central Blvd,,Orlando,FL,32803,Orange County,28.542599,-81.350119,single_family,2.0,2.0,1104.0,7790.5,1955.0,Inactive,305000,2021-06-16T15:36:23.197Z,420,12.628070334272698
"1336-Spokane-Ave,-Orlando,-FL-32803","1336 Spokane Ave, Orlando, FL 32803",1336 Spokane Ave,,Orlando,FL,32803,Orange County,28.563623,-81.361876,single_family,3.0,2.0,1363.0,7790.5,1955.0,Inactive,410000,2021-04-18T14:45:35.295Z,479,12.923914877701906
"1212-Minnesota-St,-Orlando,-FL-32803","1212 Minnesota St, Orlando, FL 32803",1212 Minnesota St,,Orlando,FL,32803,Orange County,28.564613,-81.363752,apartment,2.0,2.0,960.0,7790.5,1955.0,Inactive,350000,2021-07-11T15:23:34.601Z,395,12.765691290604371
"1632-Utah-Blvd,-Orlando,-FL-32803","1632 Utah Blvd, Orlando, FL 32803",1632 Utah Blvd,,Orlando,FL,32803,Orange County,28.56639,-81.353132,single_family,3.0,2.0,1294.0,7790.5,1955.0,Inactive,375500,2021-08-12T19:53:00.545Z,362,12.836016413298626
"4614-Roush-Ave,-Orlando,-FL-32803","4614 Roush Ave, Orlando, FL 32803",4614 Roush Ave,,Orlando,FL,32803,Orange County,28.556835,-81.321971,single_family,3.0,2.0,1865.0,7790.5,1955.0,Inactive,299000,2021-08-19T17:00:52.217Z,355,12.608202196848836
"2811-E-Central-Blvd,-Orlando,-FL-32803","2811 E Central Blvd, Orlando, FL 32803",2811 E Central Blvd,,Orlando,FL,32803,Orange County,28.542481,-81.347465,condo,3.0,2.0,1780.0,7790.5,1955.0,Inactive,845000,2021-09-21T18:54:13.069Z,322,13.647093089770562
"714-Park-Lake-St,-Orlando,-FL-32803","714 Park Lake St, Orlando, FL 32803",714 Park Lake St,,Orlando,FL,32803,Orange County,28.554714,-81.367864,single_family,4.0,4.0,2917.0,7790.5,1955.0,Inactive,659000,2020-11-19T17:34:20.512Z,628,13.398480330934175
"230-N-Glenwood-Ave,-Unit-6,-Orlando,-FL-32803","230 N Glenwood Ave, Unit 6, Orlando, FL 32803",230 N Glenwood Ave,Unit 6,Orlando,FL,32803,Orange County,28.54554,-81.353129,condo,3.0,2.0,1468.0,7790.5,1955.0,Inactive,324900,2021-09-18T14:37:14.358Z,326,12.691275799522568
"1211-Munster-St,-Orlando,-FL-32803","1211 Munster St, Orlando, FL 32803",1211 Munster St,,Orlando,FL,32803,Orange County,28.578542,-81.36385,single_family,2.0,1.0,1117.0,7790.5,1955.0,Inactive,425000,2021-10-14T15:38:54.865Z,300,12.959846800844963
"1421-N-Hampton-Ave,-Orlando,-FL-32803","1421 N Hampton Ave, Orlando, FL 32803",1421 N Hampton Ave,,Orlando,FL,32803,Orange County,28.564882,-81.355995,single_family,4.0,2.0,1505.0,7790.5,1955.0,Inactive,425000,2021-09-16T16:52:48.532Z,327,12.959846800844963
"724-Braidwood-Ln,-Orlando,-FL-32803","724 Braidwood Ln, Orlando, FL 32803",724 Braidwood Ln,,Orlando,FL,32803,Orange County,28.532431,-81.339473,single_family,4.0,2.0,1851.0,7790.5,1955.0,Inactive,409900,2021-08-19T17:37:07.723Z,355,12.923670946108873
"1639-N-Bumby-Ave,-Orlando,-FL-32803","1639 N Bumby Ave, Orlando, FL 32803",1639 N Bumby Ave,,Orlando,FL,32803,Orange County,28.566792,-81.351508,single_family,2.0,2.0,1424.0,7790.5,1955.0,Inactive,485000,2021-09-17T15:58:52.231Z,327,13.091906231773164
"3100-Clemwood-St,-Orlando,-FL-32803","3100 Clemwood St, Orlando, FL 32803",3100 Clemwood St,,Orlando,FL,32803,Orange County,28.53163,-81.344474,single_family,3.0,2.0,1568.0,7790.5,1955.0,Inactive,434900,2021-09-24T20:47:55.164Z,319,12.982873697962253
"1915-E-Concord-St,-Orlando,-FL-32803","1915 E Concord St, Orlando, FL 32803",1915 E Concord St,,Orlando,FL,32803,Orange County,28.551591,-81.356643,single_family,3.0,3.0,1438.0,7790.5,1955.0,Inactive,379990,2021-07-19T16:45:51.852Z,386,12.847902847211566
"1811-Maplewood-Dr,-Orlando,-FL-32803","1811 Maplewood Dr, Orlando, FL 32803",1811 Maplewood Dr,,Orlando,FL,32803,Orange County,28.568449,-81.352463,single_family,3.0,2.0,1792.0,7790.5,1955.0,Inactive,524900,2021-08-19T18:23:44.750Z,355,13.170964952363363
"3008-Chelsea-St,-Orlando,-FL-32803","3008 Chelsea St, Orlando, FL 32803",3008 Chelsea St,,Orlando,FL,32803,Orange County,28.562515,-81.345729,single_family,4.0,2.0,1872.0,7790.5,1955.0,Inactive,460000,2021-08-19T17:57:38.566Z,355,13.038983942375959
"1607-Woodward-St,-Unit-13,-Orlando,-FL-32803","1607 Woodward St, Unit 13, Orlando, FL 32803",1607 Woodward St,Unit 13,Orlando,FL,32803,Orange County,28.554385,-81.360043,condo,3.0,2.0,1854.0,7790.5,1955.0,Inactive,469900,2021-07-19T17:00:17.858Z,386,13.060277313201007
"804-Floral-Dr,-Orlando,-FL-32803","804 Floral Dr, Orlando, FL 32803",804 Floral Dr,,Orlando,FL,32803,Orange County,28.555245,-81.352888,single_family,2.0,1.0,837.0,7790.5,1955.0,Inactive,315000,2021-09-10T14:13:54.479Z,334,12.660331092405906
"1309-Lang-Ave,-Orlando,-FL-32803","1309 Lang Ave, Orlando, FL 32803",1309 Lang Ave,,Orlando,FL,32803,Orange County,28.562486,-81.364898,single_family,2.0,1.0,844.0,7790.5,1955.0,Inactive,300000,2021-08-12T19:09:06.566Z,362,12.611541086966115
"4314-Lake-Underhill-Rd,-Unit-19D6,-Orlando,-FL-32803","4314 Lake Underhill Rd, Unit 19D6, Orlando, FL 32803",4314 Lake Underhill Rd,Unit 19D6,Orlando,FL,32803,Orange County,28.535362,-81.333076,condo,2.0,1.0,1000.0,7790.5,1955.0,Inactive,149500,2021-08-08T12:55:24.536Z,367,11.915058360753719
"4585-Beach-Blvd,-Orlando,-FL-32803","4585 Beach Blvd, Orlando, FL 32803",4585 Beach Blvd,,Orlando,FL,32803,Orange County,28.560036,-81.32328,single_family,4.0,3.0,2992.0,7790.5,1955.0,Inactive,899000,2021-08-19T18:28:59.546Z,355,13.70903942580019
"1340-Susannah-Blvd,-Orlando,-FL-32803","1340 Susannah Blvd, Orlando, FL 32803",1340 Susannah Blvd,,Orlando,FL,32803,Orange County,28.56357,-81.31983,single_family,3.0,2.0,1200.0,7790.5,1955.0,Inactive,490000,2021-09-14T17:59:07.302Z,329,13.102162710901053
"620-Strathmore-Dr,-Orlando,-FL-32803","620 Strathmore Dr, Orlando, FL 32803",620 Strathmore Dr,,Orlando,FL,32803,Orange County,28.53427,-81.340473,single_family,3.0,2.0,1532.0,7790.5,1955.0,Inactive,385000,2021-06-19T14:49:54.926Z,417,12.861001210669146
"1415-Chichester-St,-Orlando,-FL-32803","1415 Chichester St, Orlando, FL 32803",1415 Chichester St,,Orlando,FL,32803,Orange County,28.581099,-81.360029,single_family,3.0,2.0,2043.0,7790.5,1955.0,Inactive,650000,2021-09-08T15:42:15.047Z,336,13.384729180332174
"3605-Chelsea-St,-Orlando,-FL-32803","3605 Chelsea St, Orlando, FL 32803",3605 Chelsea St,,Orlando,FL,32803,Orange County,28.563058,-81.339821,single_family,4.0,2.0,1541.0,7790.5,1955.0,Inactive,499900,2020-11-11T18:52:43.671Z,636,13.12216535779974
"1064-Avila-Ln,-Orlando,-FL-32803","1064 Avila Ln, Orlando, FL 32803",1064 Avila Ln,,Orlando,FL,32803,Orange County,28.559707,-81.319158,single_family,3.0,2.0,1683.0,7790.5,1955.0,Inactive,425000,2021-09-09T15:24:20.831Z,335,12.959846800844963
"3108-Plaza-Terrace-Dr,-Unit-3108,-Orlando,-FL-32803","3108 Plaza Terrace Dr, Unit 3108, Orlando, FL 32803",3108 Plaza Terrace Dr,Unit 3108,Orlando,FL,32803,Orange County,28.561561,-81.343379,condo,1.0,1.0,663.0,7790.5,1955.0,Inactive,162500,2021-09-12T15:24:17.476Z,332,11.998439434579149
"100-S-Hampton-Ave,-Orlando,-FL-32803","100 S Hampton Ave, Orlando, FL 32803",100 S Hampton Ave,,Orlando,FL,32803,Orange County,28.54084,-81.356292,single_family,3.0,2.0,1242.0,7790.5,1955.0,Inactive,479000,2021-09-11T16:09:08.640Z,332,13.079457964073546
"1120-Portland-Ave,-Apt-10,-Orlando,-FL-32803","1120 Portland Ave, Apt 10, Orlando, FL 32803",1120 Portland Ave,Apt 10,Orlando,FL,32803,Orange County,28.561059,-81.363595,condo,2.0,2.0,1024.0,7790.5,1955.0,Inactive,210000,2021-09-14T15:49:12.191Z,330,12.25486757159303
"810-E-Concord-St,-Orlando,-FL-32803","810 E Concord St, Orlando, FL 32803",810 E Concord St,,Orlando,FL,32803,Orange County,28.551003,-81.367154,single_family,3.0,2.0,2178.0,7790.5,1955.0,Inactive,474900,2021-08-19T17:57:38.484Z,355,13.07086164024146
"715-Palm-Dr,-Orlando,-FL-32803","715 Palm Dr, Orlando, FL 32803",715 Palm Dr,,Orlando,FL,32803,Orange County,28.553739,-81.35528,single_family,2.0,1.0,1215.0,7790.5,1955.0,Inactive,319000,2021-07-11T15:53:32.059Z,394,12.672949516558306
"1729-Merritt-Park-Dr,-Orlando,-FL-32803","1729 Merritt Park Dr, Orlando, FL 32803",1729 Merritt Park Dr,,Orlando,FL,32803,Orange County,28.567545,-81.353414,single_family,3.0,1.0,1113.0,7790.5,1955.0,Inactive,340000,2021-06-30T14:49:03.132Z,406,12.73670383776449
"4208-Lake-Underhill-Rd,-Unit-5D4,-Orlando,-FL-32803","4208 Lake Underhill Rd, Unit 5D4, Orlando, FL 32803",4208 Lake Underhill Rd,Unit 5D4,Orlando,FL,32803,Orange County,28.535362,-81.333076,condo,2.0,1.0,1000.0,7790.5,1955.0,Inactive,125000,2021-09-10T11:42:01.412Z,334,11.736077016252437
"980-Baldwin-Cove-Way,-Orlando,-FL-32803","980 Baldwin Cove Way, Orlando, FL 32803",980 Baldwin Cove Way,,Orlando,FL,32803,Orange County,28.558688,-81.318598,single_family,5.0,4.0,3467.0,7790.5,1955.0,Inactive,649000,2021-07-19T17:10:36.307Z,386,13.38318953651709
"1700-Flamingo-Dr,-Orlando,-FL-32803","1700 Flamingo Dr, Orlando, FL 32803",1700 Flamingo Dr,,Orlando,FL,32803,Orange County,28.566962,-81.362977,single_family,3.0,2.0,2232.0,7790.5,1955.0,Inactive,554900,2021-07-11T16:31:32.552Z,394,13.226544998438879
"1227-E-Livingston-St,-Orlando,-FL-32803","1227 E Livingston St, Orlando, FL 32803",1227 E Livingston St,,Orlando,FL,32803,Orange County,28.547954,-81.363228,apartment,4.0,3.0,2648.0,7790.5,1955.0,Inactive,640000,2021-09-11T16:16:13.834Z,332,13.369225017834633
"640-S-Lake-Formosa-Dr,-Orlando,-FL-32803","640 S Lake Formosa Dr, Orlando, FL 32803",640 S Lake Formosa Dr,,Orlando,FL,32803,Orange County,28.567586,-81.368619,single_family,4.0,3.0,2787.0,7790.5,1955.0,Inactive,899000,2021-06-16T16:34:52.702Z,419,13.70903942580019
"1603-Woodward-St,-Unit-17,-Orlando,-FL-32803","1603 Woodward St, Unit 17, Orlando, FL 32803",1603 Woodward St,Unit 17,Orlando,FL,32803,Orange County,28.554193,-81.359978,condo,3.0,2.0,1960.0,7790.5,1955.0,Inactive,489000,2021-08-31T17:01:02.858Z,343,13.100119813444692
"339-Cathcart-Ave,-Unit-5,-Orlando,-FL-32803","339 Cathcart Ave, Unit 5, Orlando, FL 32803",339 Cathcart Ave,Unit 5,Orlando,FL,32803,Orange County,28.547252,-81.370362,condo,3.0,2.0,1870.0,7790.5,1955.0,Inactive,399999,2021-04-18T14:46:57.111Z,479,12.89921982609012
"710-Woodward-St,-Orlando,-FL-32803","710 Woodward St, Orlando, FL 32803",710 Woodward St,,Orlando,FL,32803,Orange County,28.553831,-81.368097,single_family,2.0,1.0,1176.0,7790.5,1955.0,Inactive,382900,2021-08-12T19:53:32.536Z,362,12.855531749109925
"2110-Hillcrest-St,-Orlando,-FL-32803","2110 Hillcrest St, Orlando, FL 32803",2110 Hillcrest St,,Orlando,FL,32803,Orange County,28.551996,-81.354702,single_family,3.0,3.0,1930.0,7790.5,1955.0,Inactive,679900,2021-08-19T18:28:42.709Z,355,13.429702478318
"2215-E-Washington-St,-Orlando,-FL-32803","2215 E Washington St, Orlando, FL 32803",2215 E Washington St,,Orlando,FL,32803,Orange County,28.544185,-81.353207,apartment,2.0,2.0,1200.0,7790.5,1955.0,Inactive,319000,2021-08-31T15:59:38.759Z,343,12.672949516558306
"609-E-Ridgewood-St,-Orlando,-FL-32803","609 E Ridgewood St, Orlando, FL 32803",609 E Ridgewood St,,Orlando,FL,32803,Orange County,28.54684,-81.370079,condo,3.0,2.0,3761.0,7790.5,1955.0,Inactive,1350000,2021-02-27T15:02:30.800Z,529,14.115615891155079
"941-N-Fern-Creek-Ave,-Unit-5,-Orlando,-FL-32803","941 N Fern Creek Ave, Unit 5, Orlando, FL 32803",941 N Fern Creek Ave,Unit 5,Orlando,FL,32803,Orange County,28.558254,-81.360166,condo,3.0,2.0,1850.0,7790.5,1955.0,Inactive,353000,2021-07-19T16:34:29.060Z,386,12.77422616877261
"1916-Fern-Cir,-Orlando,-FL-32803","1916 Fern Cir, Orlando, FL 32803",1916 Fern Cir,,Orlando,FL,32803,Orange County,28.547078,-81.356334,single_family,3.0,2.0,1182.0,7790.5,1955.0,Inactive,299000,2021-09-08T14:33:36.714Z,336,12.608202196848836
"827-N-Summerlin-Ave,-Orlando,-FL-32803","827 N Summerlin Ave, Orlando, FL 32803",827 N Summerlin Ave,,Orlando,FL,32803,Orange County,28.556018,-81.368266,single_family,3.0,2.0,2118.0,7790.5,1955.0,Inactive,724900,2021-08-31T17:21:47.754Z,343,13.493790372788638
"501-E-Harwood-St,-Orlando,-FL-32803","501 E Harwood St, Orlando, FL 32803",501 E Harwood St,,Orlando,FL,32803,Orange County,28.548772,-81.371559,single_family,3.0,2.0,2270.0,7790.5,1955.0,Inactive,650000,2021-06-19T15:36:24.610Z,416,13.384729180332174
"2206-E-Anderson-St,-Orlando,-FL-32803","2206 E Anderson St, Orlando, FL 32803",2206 E Anderson St,,Orlando,FL,32803,Orange County,28.537617,-81.353518,single_family,4.0,3.0,2297.0,7790.5,1955.0,Inactive,599900,2021-06-22T15:28:03.600Z,413,13.304519920584285
"1729-Reppard-Rd,-Orlando,-FL-32803","1729 Reppard Rd, Orlando, FL 32803",1729 Reppard Rd,,Orlando,FL,32803,Seminole County,28.567772,-81.359716,single_family,3.0,3.0,2274.0,7790.5,1955.0,Inactive,745000,2021-08-19T18:28:42.734Z,355,13.521140839642674
"1735-Flamingo-Dr,-Orlando,-FL-32803","1735 Flamingo Dr, Orlando, FL 32803",1735 Flamingo Dr,,Orlando,FL,32803,Seminole County,28.567884,-81.362459,single_family,4.0,3.0,2543.0,7790.5,1955.0,Inactive,597000,2021-08-19T18:26:55.934Z,355,13.299674067415213
"1231-Park-Lake-St,-Orlando,-FL-32803","1231 Park Lake St, Orlando, FL 32803",1231 Park Lake St,,Orlando,FL,32803,Seminole County,28.555502,-81.363201,single_family,3.0,2.0,1826.0,7790.5,1955.0,Inactive,439900,2021-05-12T16:26:49.120Z,454,12.994304980578146
"1644-E-Concord-St,-Unit-2,-Orlando,-FL-32803","1644 E Concord St, Unit 2, Orlando, FL 32803",1644 E Concord St,Unit 2,Orlando,FL,32803,Seminole County,28.551111,-81.358402,single_family,3.0,2.0,1434.0,7790.5,1955.0,Inactive,398000,2021-07-04T15:54:32.998Z,401,12.894209796826232
"3024-Plaza-Terrace-Dr,-Unit-3024,-Orlando,-FL-32803","3024 Plaza Terrace Dr, Unit 3024, Orlando, FL 32803",3024 Plaza Terrace Dr,Unit 3024,Orlando,FL,32803,Orange County,28.561561,-81.344463,condo,1.0,1.0,663.0,7790.5,1955.0,Inactive,170000,2021-08-31T12:43:13.562Z,344,12.04355959836804
"1600-Utah-Blvd,-Orlando,-FL-32803","1600 Utah Blvd, Orlando, FL 32803",1600 Utah Blvd,,Orlando,FL,32803,Orange County,28.565342,-81.353104,single_family,3.0,2.0,1425.0,7790.5,1955.0,Inactive,419000,2021-08-19T17:37:07.722Z,355,12.945628585536271
"2505-E-Central-Blvd,-Unit-20,-Orlando,-FL-32803","2505 E Central Blvd, Unit 20, Orlando, FL 32803",2505 E Central Blvd,Unit 20,Orlando,FL,32803,Orange County,28.542606,-81.350683,condo,1.0,1.0,524.0,7790.5,1955.0,Inactive,138300,2021-08-31T10:45:23.867Z,344,11.837187748284698
"114-N-Glenwood-Ave,-Orlando,-FL-32803","114 N Glenwood Ave, Orlando, FL 32803",114 N Glenwood Ave,,Orlando,FL,32803,Orange County,28.544637,-81.353214,single_family,3.0,2.0,1162.0,7790.5,1955.0,Inactive,400000,2021-08-31T16:30:31.857Z,343,12.899222326086994
"2920-Oxford-St,-Orlando,-FL-32803","2920 Oxford St, Orlando, FL 32803",2920 Oxford St,,Orlando,FL,32803,Orange County,28.535231,-81.345579,single_family,3.0,2.0,1474.0,7790.5,1955.0,Inactive,375000,2021-08-19T17:37:00.581Z,355,12.834683971615659
"4318-Lake-Underhill-Rd,-Unit-17A5,-Orlando,-FL-32803","4318 Lake Underhill Rd, Unit 17A5, Orlando, FL 32803",4318 Lake Underhill Rd,Unit 17A5,Orlando,FL,32803,Orange County,28.535362,-81.333076,condo,3.0,2.0,1640.0,7790.5,1955.0,Inactive,229000,2021-09-08T13:56:16.973Z,336,12.34148164933907
"2324-Hickory-Ln,-Orlando,-FL-32803","2324 Hickory Ln, Orlando, FL 32803",2324 Hickory Ln,,Orlando,FL,32803,Orange County,28.568013,-81.35321,single_family,3.0,3.0,2200.0,7790.5,1955.0,Inactive,535000,2021-06-19T15:36:24.617Z,416,13.190023895035274
"1126-N-Hampton-Ave,-Orlando,-FL-32803","1126 N Hampton Ave, Orlando, FL 32803",1126 N Hampton Ave,,Orlando,FL,32803,Orange County,28.561443,-81.356564,single_family,3.0,1.0,1248.0,7790.5,1955.0,Inactive,359900,2021-08-12T19:41:34.831Z,362,12.79358427261286
"2815-E-Central-Blvd,-Orlando,-FL-32803","2815 E Central Blvd, Orlando, FL 32803",2815 E Central Blvd,,Orlando,FL,32803,Orange County,28.542611,-81.347146,condo,3.0,2.0,1840.0,7790.5,1955.0,Inactive,449000,2021-05-12T16:19:23.364Z,454,13.014780393893403
"1800-Oregon-St,-Orlando,-FL-32803","1800 Oregon St, Orlando, FL 32803",1800 Oregon St,,Orlando,FL,32803,Orange County,28.560218,-81.358152,single_family,2.0,1.0,952.0,7790.5,1955.0,Inactive,329000,2021-08-12T19:34:46.622Z,362,12.703816069256568
"921-La-Salle-Ave,-Orlando,-FL-32803","921 La Salle Ave, Orlando, FL 32803",921 La Salle Ave,,Orlando,FL,32803,Orange County,28.557513,-81.361093,single_family,2.0,1.0,1044.0,7790.5,1955.0,Inactive,319000,2021-08-12T19:21:25.341Z,362,12.672949516558306
"804-Strathmore-Dr,-Orlando,-FL-32803","804 Strathmore Dr, Orlando, FL 32803",804 Strathmore Dr,,Orlando,FL,32803,Orange County,28.531289,-81.339738,single_family,3.0,2.0,1590.0,7790.5,1955.0,Inactive,519900,2021-08-31T17:09:15.590Z,343,13.161393687816775
"2808-E-Central-Blvd,-Orlando,-FL-32803","2808 E Central Blvd, Orlando, FL 32803",2808 E Central Blvd,,Orlando,FL,32803,Orange County,28.542128,-81.347322,single_family,4.0,3.0,1856.0,7790.5,1955.0,Inactive,494900,2021-08-19T18:20:47.561Z,355,13.11211302154816
"4320-Roush-Ave,-Orlando,-FL-32803","4320 Roush Ave, Orlando, FL 32803",4320 Roush Ave,,Orlando,FL,32803,Orange County,28.556782,-81.325969,single_family,3.0,2.0,1900.0,7790.5,1955.0,Inactive,420000,2020-09-22T01:18:31.301Z,687,12.948012371209098
"2606-E-Church-St,-Orlando,-FL-32803","2606 E Church St, Orlando, FL 32803",2606 E Church St,,Orlando,FL,32803,Orange County,28.54025,-81.349287,apartment,6.0,4.0,3422.0,7790.5,1955.0,Inactive,650000,2021-05-12T16:35:03.161Z,454,13.384729180332174
"1434-1436-Lake-Highland-Dr,-Orlando,-FL-32803","1434-1436 Lake Highland Dr, Orlando, FL 32803",1434-1436 Lake Highland Dr,,Orlando,FL,32803,Orange County,28.561039,-81.361846,apartment,6.0,4.0,3020.0,7790.5,1955.0,Inactive,697500,2021-08-19T18:28:42.691Z,355,13.455259226368387
"1421-Pinecrest-Pl,-Orlando,-FL-32803","1421 Pinecrest Pl, Orlando, FL 32803",1421 Pinecrest Pl,,Orlando,FL,32803,Orange County,28.554965,-81.361756,single_family,3.0,2.0,1282.0,7790.5,1955.0,Inactive,425000,2021-08-19T17:37:07.753Z,355,12.959846800844963
"715-Braidwood-Ln,-Orlando,-FL-32803","715 Braidwood Ln, Orlando, FL 32803",715 Braidwood Ln,,Orlando,FL,32803,Orange County,28.532729,-81.339008,single_family,3.0,1.0,1137.0,7790.5,1955.0,Inactive,300000,2021-08-12T19:09:13.854Z,362,12.611541086966115
"1803-Canton-St,-Orlando,-FL-32803","1803 Canton St, Orlando, FL 32803",1803 Canton St,,Orlando,FL,32803,Orange County,28.55976,-81.358144,single_family,3.0,2.0,1448.0,7790.5,1955.0,Inactive,379990,2021-07-11T16:09:56.136Z,394,12.847902847211566
"1717-Teal-Rd,-Orlando,-FL-32803","1717 Teal Rd, Orlando, FL 32803",1717 Teal Rd,,Orlando,FL,32803,Orange County,28.56745,-81.340965,single_family,2.0,1.0,1112.0,7790.5,1955.0,Inactive,350000,2021-08-12T19:38:11.369Z,362,12.765691290604371
"2610-E-Pine-St,-Orlando,-FL-32803","2610 E Pine St, Orlando, FL 32803",2610 E Pine St,,Orlando,FL,32803,Orange County,28.541152,-81.349042,condo,2.0,2.0,1377.0,7790.5,1955.0,Inactive,289000,2021-08-12T19:09:06.564Z,362,12.574185427296195
"4024-Pelican-Ln,-Orlando,-FL-32803","4024 Pelican Ln, Orlando, FL 32803",4024 Pelican Ln,,Orlando,FL,32803,Orange County,28.561172,-81.334619,single_family,3.0,2.0,1244.0,7790.5,1955.0,Inactive,349900,2021-07-19T16:34:21.042Z,386,12.765405536311112
"2954-Plaza-Terrace-Dr,-Unit-2954,-Orlando,-FL-32803","2954 Plaza Terrace Dr, Unit 2954, Orlando, FL 32803",2954 Plaza Terrace Dr,Unit 2954,Orlando,FL,32803,Orange County,28.561605,-81.345638,condo,2.0,2.0,890.0,7790.5,1955.0,Inactive,229000,2021-08-08T13:57:41.566Z,366,12.34148164933907
"507-N-Hyer-Ave-Unit-A,-Orlando,-FL-32803","507 N Hyer Ave Unit A, Orlando, FL 32803",507 N Hyer Ave Unit A,,Orlando,FL,32803,Orange County,28.549812,-81.36626,condo,3.0,4.0,2272.0,7790.5,1955.0,Inactive,570000,2021-06-16T16:23:40.949Z,419,13.25339339419516
"500-Meridale-Ave,-Orlando,-FL-32803","500 Meridale Ave, Orlando, FL 32803",500 Meridale Ave,,Orlando,FL,32803,Orange County,28.549673,-81.35747,single_family,3.0,2.0,2050.0,7790.5,1955.0,Inactive,549000,2021-06-16T16:25:50.703Z,419,13.215855541983634
"551-N-Fern-Creek-Ave,-Unit-2,-Orlando,-FL-32803","551 N Fern Creek Ave, Unit 2, Orlando, FL 32803",551 N Fern Creek Ave,Unit 2,Orlando,FL,32803,Orange County,28.55112,-81.360067,condo,3.0,2.0,1681.0,7790.5,1955.0,Inactive,499900,2021-06-19T15:35:09.757Z,416,13.12216535779974
"714-Clemwood-Pl,-Orlando,-FL-32803","714 Clemwood Pl, Orlando, FL 32803",714 Clemwood Pl,,Orlando,FL,32803,Orange County,28.532996,-81.341335,single_family,3.0,2.0,2219.0,7790.5,1955.0,Inactive,465000,2021-06-16T16:21:47.495Z,419,13.049794835104816
"1239-Mount-Vernon-St,-Orlando,-FL-32803","1239 Mount Vernon St, Orlando, FL 32803",1239 Mount Vernon St,,Orlando,FL,32803,Orange County,28.550659,-81.362814,single_family,2.0,2.0,1354.0,7790.5,1955.0,Inactive,440000,2021-06-16T16:15:36.181Z,419,12.994532278619134
"3700-Bobolink-Ln,-Orlando,-FL-32803","3700 Bobolink Ln, Orlando, FL 32803",3700 Bobolink Ln,,Orlando,FL,32803,Orange County,28.565928,-81.338774,single_family,3.0,2.0,1402.0,7790.5,1955.0,Inactive,425000,2021-07-19T16:48:57.294Z,386,12.959846800844963
"2615-Betty-St,-Orlando,-FL-32803","2615 Betty St, Orlando, FL 32803",2615 Betty St,,Orlando,FL,32803,Orange County,28.555568,-81.349349,single_family,2.0,1.0,970.0,7790.5,1955.0,Inactive,320000,2021-07-11T15:12:48.602Z,394,12.676079399771027
"3158-Plaza-Terrace-Dr,-Unit-3158,-Orlando,-FL-32803","3158 Plaza Terrace Dr, Unit 3158, Orlando, FL 32803",3158 Plaza Terrace Dr,Unit 3158,Orlando,FL,32803,Orange County,28.56119,-81.344363,condo,2.0,2.0,890.0,7790.5,1955.0,Inactive,210000,2021-05-12T11:31:34.989Z,454,12.25486757159303
"3112-Plaza-Terrace-Dr,-Orlando,-FL-32803","3112 Plaza Terrace Dr, Orlando, FL 32803",3112 Plaza Terrace Dr,,Orlando,FL,32803,Orange County,28.561188,-81.343488,condo,2.0,2.0,890.0,7790.5,1955.0,Inactive,205000,2021-08-08T13:55:40.062Z,366,12.230770136157428
"3011-Middlesex-Rd,-Orlando,-FL-32803","3011 Middlesex Rd, Orlando, FL 32803",3011 Middlesex Rd,,Orlando,FL,32803,Orange County,28.578542,-81.36133,single_family,4.0,3.0,3421.0,7790.5,1955.0,Inactive,999900,2021-04-18T15:19:25.633Z,478,13.81541155306345
"1517-Woodward-St,-Orlando,-FL-32803","1517 Woodward St, Orlando, FL 32803",1517 Woodward St,,Orlando,FL,32803,Orange County,28.554162,-81.360806,single_family,3.0,2.0,2381.0,7790.5,1955.0,Inactive,599000,2021-06-16T16:21:47.515Z,419,13.303018546545275
"508-E-Amelia-St,-Orlando,-FL-32803","508 E Amelia St, Orlando, FL 32803",508 E Amelia St,,Orlando,FL,32803,Orange County,28.549154,-81.371253,apartment,3.0,3.0,1779.0,7790.5,1955.0,Inactive,560000,2021-07-19T17:06:08.292Z,386,13.235693848424024
"1718-Christy-Ave,-Orlando,-FL-32803","1718 Christy Ave, Orlando, FL 32803",1718 Christy Ave,,Orlando,FL,32803,Orange County,28.567347,-81.34886,single_family,3.0,2.0,1509.0,7790.5,1955.0,Inactive,479000,2021-08-19T17:57:38.576Z,355,13.079457964073546
"807-Chichester-St,-Orlando,-FL-32803","807 Chichester St, Orlando, FL 32803",807 Chichester St,,Orlando,FL,32803,Orange County,28.580477,-81.368989,single_family,2.0,1.0,1170.0,7790.5,1955.0,Inactive,425000,2021-07-19T16:48:57.289Z,386,12.959846800844963
"1627-Ferris-Ave,-Orlando,-FL-32803","1627 Ferris Ave, Orlando, FL 32803",1627 Ferris Ave,,Orlando,FL,32803,Orange County,28.566219,-81.367928,condo,3.0,2.0,1898.0,7790.5,1955.0,Inactive,414900,2021-06-25T15:33:16.451Z,410,12.935795216537384
"631-N-Hyer-Ave,-Orlando,-FL-32803","631 N Hyer Ave, Orlando, FL 32803",631 N Hyer Ave,,Orlando,FL,32803,Orange County,28.552431,-81.366211,single_family,4.0,1.0,1542.0,7790.5,1955.0,Inactive,399000,2021-07-19T16:45:51.854Z,386,12.896719202134523
"1240-E-Livingston-St,-Orlando,-FL-32803","1240 E Livingston St, Orlando, FL 32803",1240 E Livingston St,,Orlando,FL,32803,Orange County,28.547369,-81.362645,single_family,2.0,2.0,1149.0,7790.5,1955.0,Inactive,399000,2021-07-19T16:45:51.852Z,386,12.896719202134523
"1200-N-Bumby-Ave,-Orlando,-FL-32803","1200 N Bumby Ave, Orlando, FL 32803",1200 N Bumby Ave,,Orlando,FL,32803,Orange County,28.561986,-81.351975,single_family,3.0,2.0,1476.0,7790.5,1955.0,Inactive,339000,2021-08-12T19:34:35.801Z,361,12.733758336210744
"3800-Bobolink-Ln,-Orlando,-FL-32803","3800 Bobolink Ln, Orlando, FL 32803",3800 Bobolink Ln,,Orlando,FL,32803,Orange County,28.56594,-81.337637,single_family,2.0,1.0,1152.0,7790.5,1955.0,Inactive,305000,2021-08-12T19:19:01.112Z,361,12.628070334272698
"321-S-Forest-Ave,-Orlando,-FL-32803","321 S Forest Ave, Orlando, FL 32803",321 S Forest Ave,,Orlando,FL,32803,Orange County,28.538895,-81.354744,single_family,3.0,2.0,1468.0,7790.5,1955.0,Inactive,295000,2021-06-16T15:36:23.175Z,419,12.59473402514672
"724-Hempstead-Ave,-Orlando,-FL-32803","724 Hempstead Ave, Orlando, FL 32803",724 Hempstead Ave,,Orlando,FL,32803,Orange County,28.532405,-81.354783,single_family,2.0,1.0,929.0,7790.5,1955.0,Inactive,290000,2021-08-08T15:55:22.920Z,366,12.577639650232573
"2812-E-Jefferson-St,-Orlando,-FL-32803","2812 E Jefferson St, Orlando, FL 32803",2812 E Jefferson St,,Orlando,FL,32803,Orange County,28.544814,-81.347179,single_family,3.0,1.0,1232.0,7790.5,1955.0,Inactive,278000,2021-04-18T13:59:28.264Z,478,12.535379989788607
"2520-E-Jefferson-St,-Orlando,-FL-32803","2520 E Jefferson St, Orlando, FL 32803",2520 E Jefferson St,,Orlando,FL,32803,Orange County,28.544777,-81.350028,single_family,3.0,2.0,1195.0,7790.5,1955.0,Inactive,220000,2021-08-08T13:57:41.521Z,366,12.301387370778713
"2804-Plaza-Terrace-Dr,-Unit-2804,-Orlando,-FL-32803","2804 Plaza Terrace Dr, Unit 2804, Orlando, FL 32803",2804 Plaza Terrace Dr,Unit 2804,Orlando,FL,32803,Orange County,28.562054,-81.347833,condo,2.0,2.0,890.0,7790.5,1955.0,Inactive,215000,2021-08-19T14:26:32.502Z,355,12.278397958261774
"400-E-Colonial-Dr,-Apt-308,-Orlando,-FL-32803","400 E Colonial Dr, Apt 308, Orlando, FL 32803",400 E Colonial Dr,Apt 308,Orlando,FL,32803,Orange County,28.552804,-81.372234,condo,2.0,2.0,1109.0,7790.5,1955.0,Inactive,199000,2021-08-08T13:55:40.016Z,366,12.201065128819632
"2852-Plaza-Terrace-Dr,-Unit-2852,-Orlando,-FL-32803","2852 Plaza Terrace Dr, Unit 2852, Orlando, FL 32803",2852 Plaza Terrace Dr,Unit 2852,Orlando,FL,32803,Orange County,28.561591,-81.347081,condo,2.0,2.0,890.0,7790.5,1955.0,Inactive,193900,2021-08-08T13:07:39.269Z,366,12.17510299851502
"511-N-Hyer-Ave,-Orlando,-FL-32803","511 N Hyer Ave, Orlando, FL 32803",511 N Hyer Ave,,Orlando,FL,32803,Orange County,28.549985,-81.366275,condo,1.0,1.0,847.0,7790.5,1955.0,Inactive,191693,2021-07-19T13:51:14.300Z,386,12.163655629639377
"3100-Wessex-St,-Orlando,-FL-32803","3100 Wessex St, Orlando, FL 32803",3100 Wessex St,,Orlando,FL,32803,Orange County,28.533452,-81.34449,single_family,3.0,2.0,1232.0,7790.5,1955.0,Inactive,369900,2021-06-16T15:48:02.982Z,419,12.820990681250251
"1919-E-Marks-St,-Orlando,-FL-32803","1919 E Marks St, Orlando, FL 32803",1919 E Marks St,,Orlando,FL,32803,Orange County,28.557094,-81.356473,single_family,2.0,1.0,940.0,7790.5,1955.0,Inactive,300000,2021-08-12T19:09:13.850Z,361,12.611541086966115
"23-N-Glenwood-Ave,-Orlando,-FL-32803","23 N Glenwood Ave, Orlando, FL 32803",23 N Glenwood Ave,,Orlando,FL,32803,Orange County,28.543155,-81.352571,condo,2.0,2.0,940.0,7790.5,1955.0,Inactive,279000,2021-07-02T14:01:26.084Z,403,12.53897064502647
"1509-N-Forest-Ave,-Orlando,-FL-32803","1509 N Forest Ave, Orlando, FL 32803",1509 N Forest Ave,,Orlando,FL,32803,Orange County,28.565294,-81.354885,single_family,2.0,1.0,822.0,7790.5,1955.0,Inactive,280000,2021-06-25T14:19:34.799Z,410,12.54254845357358
"4270-Lake-Underhill-Rd,-Apt-C,-Orlando,-FL-32803","4270 Lake Underhill Rd, Apt C, Orlando, FL 32803",4270 Lake Underhill Rd,Apt C,Orlando,FL,32803,Orange County,28.535362,-81.333076,condo,3.0,2.0,1556.0,7790.5,1955.0,Inactive,200000,2021-07-02T12:46:57.125Z,403,12.206077645517674
"2858-Plaza-Terrace-Dr,-Unit-2858,-Orlando,-FL-32803","2858 Plaza Terrace Dr, Unit 2858, Orlando, FL 32803",2858 Plaza Terrace Dr,Unit 2858,Orlando,FL,32803,Orange County,28.561591,-81.347081,condo,1.0,1.0,663.0,7790.5,1955.0,Inactive,155000,2021-06-19T11:59:37.442Z,416,11.951186847493476
"1615-E-Ridgewood-St,-Orlando,-FL-32803","1615 E Ridgewood St, Orlando, FL 32803",1615 E Ridgewood St,,Orlando,FL,32803,Orange County,28.547021,-81.359579,apartment,10.0,7.0,6068.0,7790.5,1955.0,Inactive,1800000,2021-05-12T16:46:09.407Z,452,14.403297778421795
"719-Park-Lake-Cir,-Orlando,-FL-32803","719 Park Lake Cir, Orlando, FL 32803",719 Park Lake Cir,,Orlando,FL,32803,Orange County,28.55388,-81.370673,single_family,5.0,4.0,4220.0,7790.5,1955.0,Inactive,1275000,2021-04-18T15:19:30.384Z,476,14.058457520888082
"1412-Nottingham-St,-Orlando,-FL-32803","1412 Nottingham St, Orlando, FL 32803",1412 Nottingham St,,Orlando,FL,32803,Orange County,28.581475,-81.360293,single_family,4.0,3.0,2790.0,7790.5,1955.0,Inactive,949000,2021-06-16T16:33:00.212Z,417,13.76316513133229
"711-E-Amelia-St,-Orlando,-FL-32803","711 E Amelia St, Orlando, FL 32803",711 E Amelia St,,Orlando,FL,32803,Orange County,28.549756,-81.367956,single_family,3.0,2.0,1871.0,7790.5,1955.0,Inactive,629000,2021-05-12T16:31:04.340Z,452,13.351888125506433
"3300-Sherwood-Rd,-Orlando,-FL-32803","3300 Sherwood Rd, Orlando, FL 32803",3300 Sherwood Rd,,Orlando,FL,32803,Orange County,28.581135,-81.361983,single_family,3.0,2.0,1673.0,7790.5,1955.0,Inactive,599000,2021-06-16T16:21:47.493Z,417,13.303018546545275
"508-Hillcrest-St,-Orlando,-FL-32803","508 Hillcrest St, Orlando, FL 32803",508 Hillcrest St,,Orlando,FL,32803,Orange County,28.552002,-81.371282,single_family,3.0,2.0,1850.0,7790.5,1955.0,Inactive,550000,2021-06-16T16:21:47.468Z,417,13.217675375388819
"601-E-Amelia-St,-Orlando,-FL-32803","601 E Amelia St, Orlando, FL 32803",601 E Amelia St,,Orlando,FL,32803,Orange County,28.549651,-81.37037,apartment,3.0,2.0,1680.0,7790.5,1955.0,Inactive,515000,2021-06-16T16:19:18.224Z,417,13.151924121391561
"1041-N-Shine-Ave,-Orlando,-FL-32803","1041 N Shine Ave, Orlando, FL 32803",1041 N Shine Ave,,Orlando,FL,32803,Orange County,28.560065,-81.362233,condo,4.0,3.0,1727.0,7790.5,1955.0,Inactive,499900,2021-02-11T14:57:44.216Z,542,13.12216535779974
"1043-N-Shine-Ave,-Orlando,-FL-32803","1043 N Shine Ave, Orlando, FL 32803",1043 N Shine Ave,,Orlando,FL,32803,Orange County,28.560094,-81.362136,condo,4.0,3.0,1759.0,7790.5,1955.0,Inactive,499900,2021-02-11T14:57:44.213Z,542,13.12216535779974
"1435-Lake-Highland-Dr,-Orlando,-FL-32803","1435 Lake Highland Dr, Orlando, FL 32803",1435 Lake Highland Dr,,Orlando,FL,32803,Orange County,28.561469,-81.36197,condo,3.0,2.0,1887.0,7790.5,1955.0,Inactive,499000,2021-06-16T16:16:38.462Z,417,13.120363378739663
"819-Wilkinson-St,-Orlando,-FL-32803","819 Wilkinson St, Orlando, FL 32803",819 Wilkinson St,,Orlando,FL,32803,Orange County,28.580351,-81.367906,single_family,2.0,2.0,1832.0,7790.5,1955.0,Inactive,499000,2021-06-16T16:19:18.224Z,417,13.120363378739663
"3021-Plaza-Terrace-Dr,-Orlando,-FL-32803","3021 Plaza Terrace Dr, Orlando, FL 32803",3021 Plaza Terrace Dr,,Orlando,FL,32803,Orange County,28.56218,-81.345182,single_family,3.0,2.0,1680.0,7790.5,1955.0,Inactive,494900,2021-04-18T14:56:47.227Z,476,13.11211302154816
"925-N-Fern-Creek-Ave,-Orlando,-FL-32803","925 N Fern Creek Ave, Orlando, FL 32803",925 N Fern Creek Ave,,Orlando,FL,32803,Orange County,28.557794,-81.360121,condo,3.0,2.0,1900.0,7790.5,1955.0,Inactive,485000,2021-06-16T16:16:19.191Z,417,13.091906231773164
"908-Canton-St,-Orlando,-FL-32803","908 Canton St, Orlando, FL 32803",908 Canton St,,Orlando,FL,32803,Orange County,28.559221,-81.366078,single_family,3.0,2.0,1326.0,7790.5,1955.0,Inactive,459900,2020-10-23T16:57:58.106Z,653,13.038766527911386
"4904-Beach-Blvd,-Orlando,-FL-32803","4904 Beach Blvd, Orlando, FL 32803",4904 Beach Blvd,,Orlando,FL,32803,Orange County,28.560505,-81.318864,single_family,4.0,3.0,1670.0,7790.5,1955.0,Inactive,459900,2021-04-18T14:56:47.217Z,476,13.038766527911386
"520-S-Lake-Formosa-Dr,-Orlando,-FL-32803","520 S Lake Formosa Dr, Orlando, FL 32803",520 S Lake Formosa Dr,,Orlando,FL,32803,Orange County,28.566288,-81.370498,single_family,2.0,1.0,1116.0,7790.5,1955.0,Inactive,450000,2021-06-25T15:35:10.994Z,408,13.017005083966255
"1087-Avila-Ln,-Orlando,-FL-32803","1087 Avila Ln, Orlando, FL 32803",1087 Avila Ln,,Orlando,FL,32803,Orange County,28.560145,-81.319167,single_family,3.0,2.0,1838.0,7790.5,1955.0,Inactive,425000,2021-06-22T15:14:56.319Z,411,12.959846800844963
"1504-E-Livingston-St,-Orlando,-FL-32803","1504 E Livingston St, Orlando, FL 32803",1504 E Livingston St,,Orlando,FL,32803,Orange County,28.54738,-81.361101,single_family,4.0,2.0,1631.0,7790.5,1955.0,Inactive,425000,2021-06-16T16:13:26.428Z,417,12.959846800844963
"2403-Illinois-St,-Orlando,-FL-32803","2403 Illinois St, Orlando, FL 32803",2403 Illinois St,,Orlando,FL,32803,Orange County,28.555982,-81.35186,single_family,2.0,2.0,1057.0,7790.5,1955.0,Inactive,399999,2021-06-16T16:05:28.476Z,417,12.89921982609012
"1315-N-Fern-Creek-Ave,-Orlando,-FL-32803","1315 N Fern Creek Ave, Orlando, FL 32803",1315 N Fern Creek Ave,,Orlando,FL,32803,Orange County,28.562928,-81.360196,single_family,3.0,2.0,1552.0,7790.5,1955.0,Inactive,399000,2021-06-19T15:23:21.983Z,414,12.896719202134523
"1341-Morris-Ave,-Orlando,-FL-32803","1341 Morris Ave, Orlando, FL 32803",1341 Morris Ave,,Orlando,FL,32803,Orange County,28.563672,-81.357569,single_family,3.0,2.0,1379.0,7790.5,1955.0,Inactive,399000,2021-06-19T15:23:07.917Z,414,12.896719202134523
"3320-Pelham-Rd,-Orlando,-FL-32803","3320 Pelham Rd, Orlando, FL 32803",3320 Pelham Rd,,Orlando,FL,32803,Orange County,28.581114,-81.37243,single_family,3.0,2.0,1395.0,7790.5,1955.0,Inactive,377900,2021-06-16T15:51:46.212Z,417,12.842387535536778
"2495-E-Jefferson-St,-Orlando,-FL-32803","2495 E Jefferson St, Orlando, FL 32803",2495 E Jefferson St,,Orlando,FL,32803,Orange County,28.545398,-81.350668,condo,3.0,2.0,1683.0,7790.5,1955.0,Inactive,374900,2021-06-19T14:58:22.301Z,414,12.834417270098413
"3603-Clemwood-Dr,-Orlando,-FL-32803","3603 Clemwood Dr, Orlando, FL 32803",3603 Clemwood Dr,,Orlando,FL,32803,Orange County,28.532194,-81.339823,single_family,3.0,2.0,1516.0,7790.5,1955.0,Inactive,350000,2021-06-19T14:49:47.735Z,414,12.765691290604371
"104-Forest-Cir,-Orlando,-FL-32803","104 Forest Cir, Orlando, FL 32803",104 Forest Cir,,Orlando,FL,32803,Orange County,28.540583,-81.355731,single_family,2.0,1.0,1357.0,7790.5,1955.0,Inactive,339900,2021-05-12T15:27:18.901Z,452,12.736409677721657
"1909-Fern-Cir,-Orlando,-FL-32803","1909 Fern Cir, Orlando, FL 32803",1909 Fern Cir,,Orlando,FL,32803,Orange County,28.547236,-81.357127,single_family,3.0,1.0,1325.0,7790.5,1955.0,Inactive,339000,2021-06-16T15:38:04.287Z,417,12.733758336210744
"3401-Corrine-Dr,-Orlando,-FL-32803","3401 Corrine Dr, Orlando, FL 32803",3401 Corrine Dr,,Orlando,FL,32803,Orange County,28.568143,-81.342008,single_family,2.0,1.0,1197.0,7790.5,1955.0,Inactive,339900,2021-06-29T14:47:10.845Z,404,12.736409677721657
"2014-Palmer-St,-Orlando,-FL-32803","2014 Palmer St, Orlando, FL 32803",2014 Palmer St,,Orlando,FL,32803,Orange County,28.534755,-81.355257,single_family,2.0,1.0,906.0,7790.5,1955.0,Inactive,330000,2021-06-26T16:13:30.813Z,407,12.706850963741102
"2618-Kilgore-St,-Unit-1,-Orlando,-FL-32803","2618 Kilgore St, Unit 1, Orlando, FL 32803",2618 Kilgore St,Unit 1,Orlando,FL,32803,Orange County,28.543015,-81.349033,condo,3.0,2.0,1812.0,7790.5,1955.0,Inactive,330000,2021-06-16T15:36:50.292Z,417,12.706850963741102
"2740-Oxford-St,-Orlando,-FL-32803","2740 Oxford St, Orlando, FL 32803",2740 Oxford St,,Orlando,FL,32803,Orange County,28.534795,-81.348258,single_family,2.0,1.0,1127.0,7790.5,1955.0,Inactive,330000,2021-06-26T16:13:30.810Z,407,12.706850963741102
"815-High-St,-Orlando,-FL-32803","815 High St, Orlando, FL 32803",815 High St,,Orlando,FL,32803,Orange County,28.556271,-81.321244,single_family,4.0,3.0,1332.0,7790.5,1955.0,Inactive,325000,2021-06-16T15:36:23.204Z,417,12.691583538230217
"636-E-Tam-O-Shanter-Dr,-Orlando,-FL-32803","636 E Tam O Shanter Dr, Orlando, FL 32803",636 E Tam O Shanter Dr,,Orlando,FL,32803,Orange County,28.533428,-81.338071,single_family,2.0,1.0,897.0,7790.5,1955.0,Inactive,319000,2021-06-16T15:36:23.195Z,417,12.672949516558306
"621-E-Amelia-St,-Apt-A,-Orlando,-FL-32803","621 E Amelia St, Apt A, Orlando, FL 32803",621 E Amelia St,Apt A,Orlando,FL,32803,Orange County,28.549878,-81.369806,condo,2.0,2.0,1365.0,7790.5,1955.0,Inactive,225000,2021-07-02T13:22:55.553Z,401,12.323860125621126
"623-E-Amelia-St,-Apt-A,-Orlando,-FL-32803","623 E Amelia St, Apt A, Orlando, FL 32803",623 E Amelia St,Apt A,Orlando,FL,32803,Orange County,28.549878,-81.369806,condo,2.0,2.0,1024.0,7790.5,1955.0,Inactive,189000,2021-06-16T12:57:48.037Z,417,12.149507585033072
"4380-Lake-Underhill-Rd,-Unit-2,-Orlando,-FL-32803","4380 Lake Underhill Rd, Unit 2, Orlando, FL 32803",4380 Lake Underhill Rd,Unit 2,Orlando,FL,32803,Orange County,28.535362,-81.333076,condo,2.0,2.0,1250.0,7790.5,1955.0,Inactive,175000,2021-06-16T11:57:16.530Z,417,12.07254696717504
"400-E-Colonial-Dr,-Apt-310,-Orlando,-FL-32803","400 E Colonial Dr, Apt 310, Orlando, FL 32803",400 E Colonial Dr,Apt 310,Orlando,FL,32803,Orange County,28.552804,-81.372234,condo,1.0,1.0,799.0,7790.5,1955.0,Inactive,169000,2021-04-18T11:28:19.780Z,476,12.037659911047468
"4314-Lake-Underhill-Rd,-Unit-19,-Orlando,-FL-32803","4314 Lake Underhill Rd, Unit 19, Orlando, FL 32803",4314 Lake Underhill Rd,Unit 19,Orlando,FL,32803,Orange County,28.535363,-81.333076,condo,2.0,1.0,1000.0,7790.5,1955.0,Inactive,155000,2021-06-25T11:53:46.062Z,408,11.951186847493476
"812-E-Livingston-St,-Orlando,-FL-32803","812 E Livingston St, Orlando, FL 32803",812 E Livingston St,,Orlando,FL,32803,Orange County,28.547337,-81.366939,single_family,3.0,2.0,2330.0,7790.5,1955.0,Inactive,825000,2021-06-16T16:32:05.745Z,417,13.623139877437296
"1426-Lake-Highland-Dr,-Orlando,-FL-32803","1426 Lake Highland Dr, Orlando, FL 32803",1426 Lake Highland Dr,,Orlando,FL,32803,Orange County,28.56095,-81.362161,condo,3.0,2.0,1771.0,7790.5,1955.0,Inactive,499000,2021-06-16T16:19:18.209Z,417,13.120363378739663
"3321-Clemwood-Dr,-Orlando,-FL-32803","3321 Clemwood Dr, Orlando, FL 32803",3321 Clemwood Dr,,Orlando,FL,32803,Orange County,28.532495,-81.340848,single_family,3.0,3.0,2002.0,7790.5,1955.0,Inactive,450000,2021-06-16T16:15:42.925Z,417,13.017005083966255
"932-Mayfair-Cir,-Orlando,-FL-32803","932 Mayfair Cir, Orlando, FL 32803",932 Mayfair Cir,,Orlando,FL,32803,Orange County,28.537261,-81.352369,single_family,3.0,2.0,1500.0,7790.5,1955.0,Inactive,409000,2021-05-12T16:19:15.131Z,452,12.921472880009725
"1600-Wycliff-Dr,-Orlando,-FL-32803","1600 Wycliff Dr, Orlando, FL 32803",1600 Wycliff Dr,,Orlando,FL,32803,Orange County,28.565793,-81.36121,single_family,2.0,2.0,1101.0,7790.5,1955.0,Inactive,400000,2021-06-16T16:05:28.486Z,417,12.899222326086994
"645-Roberta-Ave,-Orlando,-FL-32803","645 Roberta Ave, Orlando, FL 32803",645 Roberta Ave,,Orlando,FL,32803,Orange County,28.533496,-81.340823,single_family,2.0,2.0,1800.0,7790.5,1955.0,Inactive,385000,2021-06-16T16:02:30.192Z,417,12.861001210669146
"2185-Ridgewood-St,-Orlando,-FL-32803","2185 Ridgewood St, Orlando, FL 32803",2185 Ridgewood St,,Orlando,FL,32803,Orange County,28.546805,-81.354,single_family,3.0,2.0,1594.0,7790.5,1955.0,Inactive,379900,2021-06-16T15:51:46.221Z,417,12.847665971443902
"615-Cathcart-Ave,-Orlando,-FL-32803","615 Cathcart Ave, Orlando, FL 32803",615 Cathcart Ave,,Orlando,FL,32803,Orange County,28.551558,-81.370396,single_family,3.0,1.0,1192.0,7790.5,1955.0,Inactive,359000,2021-06-16T15:45:33.678Z,417,12.791080452981857
"1212-Portland-Ave,-Orlando,-FL-32803","1212 Portland Ave, Orlando, FL 32803",1212 Portland Ave,,Orlando,FL,32803,Orange County,28.561922,-81.363567,single_family,2.0,1.0,850.0,7790.5,1955.0,Inactive,319900,2021-06-16T15:29:12.254Z,417,12.675766851909591
"2900-Pickfair-St,-Orlando,-FL-32803","2900 Pickfair St, Orlando, FL 32803",2900 Pickfair St,,Orlando,FL,32803,Orange County,28.534349,-81.346475,single_family,2.0,1.0,1184.0,7790.5,1955.0,Inactive,275000,2021-06-16T15:03:25.236Z,417,12.524530013005734
"4300-Lake-Underhill-Rd,-Unit-302,-Orlando,-FL-32803","4300 Lake Underhill Rd, Unit 302, Orlando, FL 32803",4300 Lake Underhill Rd,Unit 302,Orlando,FL,32803,Orange County,28.535478,-81.333127,condo,2.0,2.0,1400.0,7790.5,1955.0,Inactive,176000,2021-06-16T11:57:16.533Z,417,12.07824495582233
"4326-Lake-Underhill-Rd,-Apt-D,-Orlando,-FL-32803","4326 Lake Underhill Rd, Apt D, Orlando, FL 32803",4326 Lake Underhill Rd,Apt D,Orlando,FL,32803,Orange County,28.535362,-81.333107,condo,2.0,2.0,1400.0,7790.5,1955.0,Inactive,175000,2021-06-16T11:57:16.530Z,417,12.07254696717504
"4010-Finch-St,-Orlando,-FL-32803","4010 Finch St, Orlando, FL 32803",4010 Finch St,,Orlando,FL,32803,Orange County,28.566806,-81.335288,single_family,3.0,2.0,1468.0,7790.5,1955.0,Inactive,470000,2021-06-16T16:15:50.506Z,417,13.060490101343552
"1316-Belgrade-Ave,-Orlando,-FL-32803","1316 Belgrade Ave, Orlando, FL 32803",1316 Belgrade Ave,,Orlando,FL,32803,Orange County,28.562941,-81.362731,single_family,3.0,2.0,1278.0,7790.5,1955.0,Inactive,419000,2021-06-16T16:05:35.770Z,417,12.945628585536271
"1705-Virginia-Dr,-Orlando,-FL-32803","1705 Virginia Dr, Orlando, FL 32803",1705 Virginia Dr,,Orlando,FL,32803,Orange County,28.564264,-81.359235,single_family,4.0,2.0,1713.0,7790.5,1955.0,Inactive,415000,2021-02-11T14:46:48.052Z,543,12.936036208848487
"1908-Oregon-St,-Unit-1,-Orlando,-FL-32803","1908 Oregon St, Unit 1, Orlando, FL 32803",1908 Oregon St,Unit 1,Orlando,FL,32803,Orange County,28.560183,-81.356899,condo,3.0,2.0,1946.0,7790.5,1955.0,Inactive,359000,2021-04-18T14:30:20.336Z,477,12.791080452981857
"703-E-Marks-St,-Orlando,-FL-32803","703 E Marks St, Orlando, FL 32803",703 E Marks St,,Orlando,FL,32803,Orange County,28.557069,-81.368372,single_family,3.0,2.0,2358.0,7790.5,1955.0,Inactive,549900,2021-05-12T16:27:37.094Z,452,13.217493541006709
"846-N-Thornton-Ave,-Orlando,-FL-32803","846 N Thornton Ave, Orlando, FL 32803",846 N Thornton Ave,,Orlando,FL,32803,Orange County,28.556373,-81.365694,condo,3.0,2.0,1948.0,7790.5,1955.0,Inactive,519000,2021-04-18T14:56:51.759Z,477,13.159661088928443
"1335-Spokane-Ave,-Orlando,-FL-32803","1335 Spokane Ave, Orlando, FL 32803",1335 Spokane Ave,,Orlando,FL,32803,Orange County,28.563511,-81.361276,condo,3.0,2.0,1718.0,7790.5,1955.0,Inactive,429000,2021-05-12T16:19:23.363Z,452,12.969214528909768
"400-E-Colonial-Dr,-Apt-906,-Orlando,-FL-32803","400 E Colonial Dr, Apt 906, Orlando, FL 32803",400 E Colonial Dr,Apt 906,Orlando,FL,32803,Orange County,28.552804,-81.372234,condo,1.0,1.0,799.0,7790.5,1955.0,Inactive,190000,2020-11-11T15:21:46.642Z,634,12.154784614286667
"2830-Plaza-Terrace-Dr,-Unit-2830,-Orlando,-FL-32803","2830 Plaza Terrace Dr, Unit 2830, Orlando, FL 32803",2830 Plaza Terrace Dr,Unit 2830,Orlando,FL,32803,Orange County,28.561589,-81.347359,condo,2.0,2.0,890.0,7790.5,1955.0,Inactive,180000,2021-06-16T12:10:11.961Z,418,12.100717685412471
"1501-Lake-Shore-Dr,-Orlando,-FL-32803","1501 Lake Shore Dr, Orlando, FL 32803",1501 Lake Shore Dr,,Orlando,FL,32803,Orange County,28.572061,-81.361367,single_family,3.0,2.0,2596.0,7790.5,1955.0,Inactive,979000,2020-09-22T02:25:33.346Z,685,13.794287942962585
"943-Pinegrove-Ave,-Orlando,-FL-32803","943 Pinegrove Ave, Orlando, FL 32803",943 Pinegrove Ave,,Orlando,FL,32803,Orange County,28.558304,-81.363153,apartment,8.0,4.0,2960.0,7790.5,1955.0,Inactive,850000,2021-06-19T15:42:45.292Z,414,13.652992804936396
"613-Woodward-St,-Orlando,-FL-32803","613 Woodward St, Orlando, FL 32803",613 Woodward St,,Orlando,FL,32803,Orange County,28.554344,-81.370355,single_family,3.0,3.0,2596.0,7790.5,1955.0,Inactive,699000,2021-06-16T16:28:51.954Z,417,13.457407451830088
"4316-Lake-Underhill-Rd,-Apt-D,-Orlando,-FL-32803","4316 Lake Underhill Rd, Apt D, Orlando, FL 32803",4316 Lake Underhill Rd,Apt D,Orlando,FL,32803,Orange County,28.535363,-81.333076,condo,3.0,2.0,1640.0,7790.5,1955.0,Inactive,249900,2021-06-16T14:39:15.481Z,418,12.428820118415677
"517-Cathcart-Ave,-Orlando,-FL-32803","517 Cathcart Ave, Orlando, FL 32803",517 Cathcart Ave,,Orlando,FL,32803,Orange County,28.550145,-81.37022,apartment,6.0,3.0,3222.0,7790.5,1955.0,Inactive,635000,2021-06-16T16:25:50.695Z,417,13.361381852676738
"2515-E-Central-Blvd,-Orlando,-FL-32803","2515 E Central Blvd, Orlando, FL 32803",2515 E Central Blvd,,Orlando,FL,32803,Orange County,28.542596,-81.350353,single_family,3.0,2.0,1847.0,7790.5,1955.0,Inactive,450000,2021-05-12T16:22:53.860Z,452,13.017005083966255
"302-S-Hampton-Ave,-Orlando,-FL-32803","302 S Hampton Ave, Orlando, FL 32803",302 S Hampton Ave,,Orlando,FL,32803,Orange County,28.539492,-81.356274,single_family,3.0,2.0,1068.0,7790.5,1955.0,Inactive,402000,2021-06-16T16:05:28.477Z,417,12.904209855160254
"3201-Anderson-Pl,-Orlando,-FL-32803","3201 Anderson Pl, Orlando, FL 32803",3201 Anderson Pl,,Orlando,FL,32803,Orange County,28.536981,-81.343301,single_family,2.0,2.0,1243.0,7790.5,1955.0,Inactive,385000,2021-05-12T15:51:27.133Z,452,12.861001210669146
"2020-Palmer-St,-Orlando,-FL-32803","2020 Palmer St, Orlando, FL 32803",2020 Palmer St,,Orlando,FL,32803,Orange County,28.534758,-81.355055,single_family,2.0,1.0,880.0,7790.5,1955.0,Inactive,329000,2021-06-16T15:36:50.261Z,418,12.703816069256568
"1327-Portland-Ave,-Orlando,-FL-32803","1327 Portland Ave, Orlando, FL 32803",1327 Portland Ave,,Orlando,FL,32803,Orange County,28.563318,-81.363086,single_family,3.0,2.0,2000.0,7790.5,1955.0,Inactive,525000,2021-04-18T15:05:28.680Z,477,13.171155446333852
"2105-Forest-Cir,-Orlando,-FL-32803","2105 Forest Cir, Orlando, FL 32803",2105 Forest Cir,,Orlando,FL,32803,Orange County,28.540824,-81.354446,single_family,3.0,2.0,1974.0,7790.5,1955.0,Inactive,515000,2021-05-12T16:26:56.866Z,452,13.151924121391561
"731-Palm-Dr,-Orlando,-FL-32803","731 Palm Dr, Orlando, FL 32803",731 Palm Dr,,Orlando,FL,32803,Orange County,28.55422,-81.355204,single_family,3.0,2.0,1234.0,7790.5,1955.0,Inactive,380000,2020-10-09T17:25:31.587Z,667,12.847929163278053
"315-N-Hampton-Ave,-Orlando,-FL-32803","315 N Hampton Ave, Orlando, FL 32803",315 N Hampton Ave,,Orlando,FL,32803,Orange County,28.546547,-81.355818,single_family,5.0,4.0,1988.0,7790.5,1955.0,Inactive,534900,2021-06-16T16:19:21.755Z,417,13.189836962025913
"4852-Beach-Blvd,-Orlando,-FL-32803","4852 Beach Blvd, Orlando, FL 32803",4852 Beach Blvd,,Orlando,FL,32803,Orange County,28.559933,-81.32016,single_family,4.0,3.0,2080.0,7790.5,1955.0,Inactive,425000,2021-06-16T16:13:26.429Z,417,12.959846800844963
"400-E-Colonial-Dr,-Apt-1005,-Orlando,-FL-32803","400 E Colonial Dr, Apt 1005, Orlando, FL 32803",400 E Colonial Dr,Apt 1005,Orlando,FL,32803,Orange County,28.552804,-81.372234,condo,1.0,1.0,799.0,7790.5,1955.0,Inactive,169900,2021-04-18T11:50:49.042Z,477,12.042971193457888
"110-S-Primrose-Dr,-Orlando,-FL-32803","110 S Primrose Dr, Orlando, FL 32803",110 S Primrose Dr,,Orlando,FL,32803,Orange County,28.540897,-81.348059,condo,2.0,2.0,1300.0,7790.5,1955.0,Inactive,299900,2021-05-12T15:17:01.374Z,453,12.611207699176356
"400-E-Colonial-Dr,-Apt-504,-Orlando,-FL-32803","400 E Colonial Dr, Apt 504, Orlando, FL 32803",400 E Colonial Dr,Apt 504,Orlando,FL,32803,Orange County,28.552804,-81.372234,condo,2.0,2.0,1250.0,7790.5,1955.0,Inactive,290000,2020-11-19T16:41:06.298Z,626,12.577639650232573
"400-E-Colonial-Dr,-Apt-1507,-Orlando,-FL-32803","400 E Colonial Dr, Apt 1507, Orlando, FL 32803",400 E Colonial Dr,Apt 1507,Orlando,FL,32803,Orange County,28.552804,-81.372234,condo,2.0,2.0,1250.0,7790.5,1955.0,Inactive,240000,2021-05-12T12:55:39.083Z,453,12.388398368982115
"2001-Montana-St,-Orlando,-FL-32803","2001 Montana St, Orlando, FL 32803",2001 Montana St,,Orlando,FL,32803,Orange County,28.562727,-81.356107,single_family,4.0,2.0,1679.0,7790.5,1955.0,Inactive,495000,2021-06-16T16:16:38.446Z,418,13.112315061750808
"3007-E-Central-Blvd,-Unit-3007,-Orlando,-FL-32803","3007 E Central Blvd, Unit 3007, Orlando, FL 32803",3007 E Central Blvd,Unit 3007,Orlando,FL,32803,Orange County,28.542607,-81.345315,condo,3.0,2.0,2053.0,7790.5,1955.0,Inactive,325000,2020-11-02T17:20:59.063Z,643,12.691583538230217
"732-Wilkinson-St,-Orlando,-FL-32803","732 Wilkinson St, Orlando, FL 32803",732 Wilkinson St,,Orlando,FL,32803,Orange County,28.579063,-81.369629,single_family,4.0,3.0,4736.0,7790.5,1955.0,Inactive,1199000,2020-09-22T02:39:54.742Z,685,13.99699926803766
"2020-Forest-Cir,-Orlando,-FL-32803","2020 Forest Cir, Orlando, FL 32803",2020 Forest Cir,,Orlando,FL,32803,Orange County,28.54114,-81.355055,single_family,3.0,1.0,1227.0,7790.5,1955.0,Inactive,359900,2021-05-12T15:33:12.902Z,453,12.79358427261286
"1724-Virginia-Dr,-Unit-C,-Orlando,-FL-32803","1724 Virginia Dr, Unit C, Orlando, FL 32803",1724 Virginia Dr,Unit C,Orlando,FL,32803,Orange County,28.563765,-81.358575,condo,3.0,2.0,2005.0,7790.5,1955.0,Inactive,445000,2021-05-12T16:22:53.662Z,453,13.005831808336863
"943-Pine-Grove-Ave,-Orlando,-FL-32803","943 Pine Grove Ave, Orlando, FL 32803",943 Pine Grove Ave,,Orlando,FL,32803,Orange County,28.558304,-81.363153,apartment,8.0,4.0,2960.0,7790.5,1955.0,Inactive,850000,2021-06-16T16:33:00.200Z,418,13.652992804936396
"841-Altaloma-Ave,-Orlando,-FL-32803","841 Altaloma Ave, Orlando, FL 32803",841 Altaloma Ave,,Orlando,FL,32803,Orange County,28.556378,-81.358738,apartment,4.0,3.0,2336.0,7790.5,1955.0,Inactive,529000,2021-05-12T16:26:56.872Z,453,13.178745601197818
"1087-Executive-Center-Dr,-Orlando,-FL-32803","1087 Executive Center Dr, Orlando, FL 32803",1087 Executive Center Dr,,Orlando,FL,32803,Orange County,28.561796,-81.342607,single_family,3.0,2.0,2005.0,7790.5,1955.0,Inactive,499999,2021-04-18T14:56:51.751Z,477,13.122363377404328
"830-Huntington-Pl,-Orlando,-FL-32803","830 Huntington Pl, Orlando, FL 32803",830 Huntington Pl,,Orlando,FL,32803,Orange County,28.532895,-81.348812,single_family,4.0,2.0,1738.0,7790.5,1955.0,Inactive,449900,2020-10-15T18:51:23.793Z,661,13.016782837542953
"2016-Vivada-St,-Orlando,-FL-32803","2016 Vivada St, Orlando, FL 32803",2016 Vivada St,,Orlando,FL,32803,Orange County,28.560623,-81.355552,single_family,3.0,2.0,1352.0,7790.5,1955.0,Inactive,434900,2021-04-18T14:48:59.237Z,477,12.982873697962253
"2232-Valencia-Rd,-Orlando,-FL-32803","2232 Valencia Rd, Orlando, FL 32803",2232 Valencia Rd,,Orlando,FL,32803,Orange County,28.548283,-81.352652,single_family,2.0,1.0,1292.0,7790.5,1955.0,Inactive,339000,2021-06-16T15:38:04.285Z,418,12.733758336210744
"3601-Corrine-Dr,-Orlando,-FL-32803","3601 Corrine Dr, Orlando, FL 32803",3601 Corrine Dr,,Orlando,FL,32803,Orange County,28.568147,-81.340263,single_family,3.0,1.0,1398.0,7790.5,1955.0,Inactive,325000,2021-04-18T14:21:40.772Z,477,12.691583538230217
"4378-Lake-Underhill-Rd,-Apt-B,-Orlando,-FL-32803","4378 Lake Underhill Rd, Apt B, Orlando, FL 32803",4378 Lake Underhill Rd,Apt B,Orlando,FL,32803,Orange County,28.535363,-81.333076,condo,2.0,2.0,1000.0,7790.5,1955.0,Inactive,150000,2021-05-12T10:52:04.781Z,453,11.918397239722838
"400-E-Colonial-Dr,-Apt-204,-Orlando,-FL-32803","400 E Colonial Dr, Apt 204, Orlando, FL 32803",400 E Colonial Dr,Apt 204,Orlando,FL,32803,Orange County,28.552804,-81.372234,condo,2.0,2.0,1250.0,7790.5,1955.0,Inactive,199500,2021-04-20T13:48:06.625Z,475,12.20357452783082
"4394-Lake-Underhill-Rd,-Unit-22,-Orlando,-FL-32803","4394 Lake Underhill Rd, Unit 22, Orlando, FL 32803",4394 Lake Underhill Rd,Unit 22,Orlando,FL,32803,Orange County,28.535363,-81.333076,condo,2.0,2.0,1250.0,7790.5,1955.0,Inactive,170000,2021-04-18T11:31:08.920Z,477,12.04355959836804
"400-E-Colonial-Dr,-Apt-305,-Orlando,-FL-32803","400 E Colonial Dr, Apt 305, Orlando, FL 32803",400 E Colonial Dr,Apt 305,Orlando,FL,32803,Orange County,28.552804,-81.372234,condo,1.0,1.0,799.0,7790.5,1955.0,Inactive,159900,2020-10-23T13:37:02.046Z,654,11.982310152711182
"825-N-Primrose-Dr,-Apt-103,-Orlando,-FL-32803","825 N Primrose Dr, Apt 103, Orlando, FL 32803",825 N Primrose Dr,Apt 103,Orlando,FL,32803,Orange County,28.556341,-81.347606,condo,1.0,1.0,611.0,7790.5,1955.0,Inactive,125000,2021-04-09T11:36:32.921Z,486,11.736077016252437
"914-N-Hyer-Ave,-Orlando,-FL-32803","914 N Hyer Ave, Orlando, FL 32803",914 N Hyer Ave,,Orlando,FL,32803,Orange County,28.557305,-81.366826,single_family,5.0,4.0,4913.0,7790.5,1955.0,Inactive,1485000,2020-09-22T02:41:46.935Z,685,14.210926003619385
"828-Nottingham-St,-Orlando,-FL-32803","828 Nottingham St, Orlando, FL 32803",828 Nottingham St,,Orlando,FL,32803,Orange County,28.581331,-81.368571,single_family,4.0,3.0,3313.0,7790.5,1955.0,Inactive,1024900,2020-09-22T02:30:20.454Z,685,13.840106580524125
"2918-Wessex-St,-Orlando,-FL-32803","2918 Wessex St, Orlando, FL 32803",2918 Wessex St,,Orlando,FL,32803,Orange County,28.533442,-81.345931,single_family,4.0,3.0,2258.0,7790.5,1955.0,Inactive,715000,2021-05-12T16:35:03.160Z,453,13.480039220276565
"1212-Ayrshire-St,-Orlando,-FL-32803","1212 Ayrshire St, Orlando, FL 32803",1212 Ayrshire St,,Orlando,FL,32803,Orange County,28.578887,-81.363881,single_family,3.0,2.0,2021.0,7790.5,1955.0,Inactive,699000,2021-05-12T16:35:03.153Z,453,13.457407451830088
"626-E-Livingston-St,-Orlando,-FL-32803","626 E Livingston St, Orlando, FL 32803",626 E Livingston St,,Orlando,FL,32803,Orange County,28.547317,-81.369469,single_family,4.0,3.0,1894.0,7790.5,1955.0,Inactive,665000,2021-04-18T15:08:08.528Z,477,13.407543823396258
"1115-Chichester-St,-Orlando,-FL-32803","1115 Chichester St, Orlando, FL 32803",1115 Chichester St,,Orlando,FL,32803,Orange County,28.581191,-81.365013,single_family,3.0,2.0,2016.0,7790.5,1955.0,Inactive,599000,2021-05-12T16:30:48.378Z,453,13.303018546545275
"1027-Chichester-St,-Orlando,-FL-32803","1027 Chichester St, Orlando, FL 32803",1027 Chichester St,,Orlando,FL,32803,Orange County,28.581205,-81.36576,single_family,3.0,2.0,1969.0,7790.5,1955.0,Inactive,599000,2021-04-18T15:05:38.260Z,477,13.303018546545275
"968-Baldwin-Cove-Way,-Orlando,-FL-32803","968 Baldwin Cove Way, Orlando, FL 32803",968 Baldwin Cove Way,,Orlando,FL,32803,Orange County,28.559139,-81.31842,single_family,3.0,2.0,2035.0,7790.5,1955.0,Inactive,500000,2021-05-12T16:26:56.854Z,453,13.122365377402328
"747-Essex-Pl,-Orlando,-FL-32803","747 Essex Pl, Orlando, FL 32803",747 Essex Pl,,Orlando,FL,32803,Orange County,28.531729,-81.352415,single_family,3.0,2.0,1720.0,7790.5,1955.0,Inactive,479900,2021-04-18T14:51:57.627Z,477,13.081335111611617
"3416-Pelican-Ln,-Orlando,-FL-32803","3416 Pelican Ln, Orlando, FL 32803",3416 Pelican Ln,,Orlando,FL,32803,Orange County,28.561146,-81.342029,single_family,3.0,2.0,1640.0,7790.5,1955.0,Inactive,489000,2020-10-01T16:31:07.759Z,676,13.100119813444692
"4343-Hargrave-St,-Orlando,-FL-32803","4343 Hargrave St, Orlando, FL 32803",4343 Hargrave St,,Orlando,FL,32803,Orange County,28.554675,-81.325683,single_family,4.0,3.0,2174.0,7790.5,1955.0,Inactive,487500,2021-04-18T14:56:47.225Z,477,13.097047620699986
"514-Vernon-Pl,-Orlando,-FL-32803","514 Vernon Pl, Orlando, FL 32803",514 Vernon Pl,,Orlando,FL,32803,Orange County,28.550122,-81.355789,single_family,3.0,2.0,1441.0,7790.5,1955.0,Inactive,445000,2021-05-12T16:22:53.661Z,453,13.005831808336863
"1300-Hardy-Ave,-Orlando,-FL-32803","1300 Hardy Ave, Orlando, FL 32803",1300 Hardy Ave,,Orlando,FL,32803,Orange County,28.562903,-81.357205,single_family,3.0,2.0,1512.0,7790.5,1955.0,Inactive,439000,2021-05-12T16:19:32.917Z,453,12.992256969959042
"2933-E-Central-Blvd,-Orlando,-FL-32803","2933 E Central Blvd, Orlando, FL 32803",2933 E Central Blvd,,Orlando,FL,32803,Orange County,28.542529,-81.345879,single_family,3.0,2.0,1856.0,7790.5,1955.0,Inactive,429900,2021-05-12T16:19:32.893Z,453,12.971310228604022
"3187-Plaza-Terrace-Dr,-Orlando,-FL-32803","3187 Plaza Terrace Dr, Orlando, FL 32803",3187 Plaza Terrace Dr,,Orlando,FL,32803,Orange County,28.562205,-81.343064,single_family,4.0,2.0,1446.0,7790.5,1955.0,Inactive,425000,2021-05-12T16:19:23.371Z,453,12.959846800844963
"2104-Vivada-St,-Orlando,-FL-32803","2104 Vivada St, Orlando, FL 32803",2104 Vivada St,,Orlando,FL,32803,Orange County,28.560631,-81.354967,single_family,2.0,2.0,1310.0,7790.5,1955.0,Inactive,399000,2021-04-18T14:30:25.338Z,477,12.896719202134523
"837-Altaloma-Ave,-Orlando,-FL-32803","837 Altaloma Ave, Orlando, FL 32803",837 Altaloma Ave,,Orlando,FL,32803,Orange County,28.556225,-81.358776,single_family,3.0,2.0,2065.0,7790.5,1955.0,Inactive,389900,2021-04-18T14:30:22.698Z,478,12.873648139727594
"835-Altaloma-Ave,-Orlando,-FL-32803","835 Altaloma Ave, Orlando, FL 32803",835 Altaloma Ave,,Orlando,FL,32803,Orange County,28.556087,-81.358772,condo,3.0,2.0,1993.0,7790.5,1955.0,Inactive,385000,2021-05-12T15:51:27.134Z,454,12.861001210669146
"2002-Montana-St,-Orlando,-FL-32803","2002 Montana St, Orlando, FL 32803",2002 Montana St,,Orlando,FL,32803,Orange County,28.562246,-81.3561,single_family,3.0,2.0,1548.0,7790.5,1955.0,Inactive,374000,2021-04-18T14:21:45.645Z,478,12.832013750189885
"2023-Montana-St,-Orlando,-FL-32803","2023 Montana St, Orlando, FL 32803",2023 Montana St,,Orlando,FL,32803,Orange County,28.562737,-81.35544,single_family,2.0,1.0,1123.0,7790.5,1955.0,Inactive,370000,2021-04-18T14:21:45.643Z,478,12.821260987319457
"3808-Ibis-Dr,-Orlando,-FL-32803","3808 Ibis Dr, Orlando, FL 32803",3808 Ibis Dr,,Orlando,FL,32803,Orange County,28.561887,-81.337273,single_family,3.0,2.0,1377.0,7790.5,1955.0,Inactive,369900,2021-02-11T14:29:15.089Z,544,12.820990681250251
"711-Tam-O-Shanter-Dr,-Orlando,-FL-32803","711 Tam O Shanter Dr, Orlando, FL 32803",711 Tam O Shanter Dr,,Orlando,FL,32803,Orange County,28.532756,-81.337524,single_family,3.0,2.0,1494.0,7790.5,1955.0,Inactive,349900,2021-04-18T14:21:40.769Z,478,12.765405536311112
"732-Palm-Dr,-Orlando,-FL-32803","732 Palm Dr, Orlando, FL 32803",732 Palm Dr,,Orlando,FL,32803,Orange County,28.554414,-81.355946,single_family,2.0,1.0,1204.0,7790.5,1955.0,Inactive,349900,2021-04-18T14:21:43.202Z,478,12.765405536311112
"1504-Bennett-Rd,-Orlando,-FL-32803","1504 Bennett Rd, Orlando, FL 32803",1504 Bennett Rd,,Orlando,FL,32803,Orange County,28.565565,-81.33402,single_family,6.0,4.0,2370.0,7790.5,1955.0,Inactive,330000,2021-05-12T15:24:35.322Z,454,12.706850963741102
"908-Oregon-St,-Orlando,-FL-32803","908 Oregon St, Orlando, FL 32803",908 Oregon St,,Orlando,FL,32803,Orange County,28.560129,-81.366075,single_family,2.0,1.0,1040.0,7790.5,1955.0,Inactive,325000,2021-04-18T14:14:26.217Z,478,12.691583538230217
"2000-Virginia-Dr,-Orlando,-FL-32803","2000 Virginia Dr, Orlando, FL 32803",2000 Virginia Dr,,Orlando,FL,32803,Orange County,28.563827,-81.356151,single_family,3.0,2.0,1281.0,7790.5,1955.0,Inactive,320000,2021-04-18T14:14:26.192Z,478,12.676079399771027
"3021-E-Washington-St,-Orlando,-FL-32803","3021 E Washington St, Orlando, FL 32803",3021 E Washington St,,Orlando,FL,32803,Orange County,28.544454,-81.344764,single_family,4.0,3.0,2450.0,7790.5,1955.0,Inactive,300000,2021-04-18T13:59:28.274Z,478,12.611541086966115
"1423-N-Bumby-Ave,-Orlando,-FL-32803","1423 N Bumby Ave, Orlando, FL 32803",1423 N Bumby Ave,,Orlando,FL,32803,Orange County,28.564954,-81.351483,single_family,3.0,1.0,1060.0,7790.5,1955.0,Inactive,299000,2021-05-12T15:05:23.642Z,454,12.608202196848836
"520-Broadway-Ave,-Apt-2,-Orlando,-FL-32803","520 Broadway Ave, Apt 2, Orlando, FL 32803",520 Broadway Ave,Apt 2,Orlando,FL,32803,Orange County,28.550252,-81.373039,condo,2.0,2.0,1200.0,7790.5,1955.0,Inactive,289750,2021-05-12T14:59:27.382Z,454,12.576777212447121
"2608-Kilgore-St,-Orlando,-FL-32803","2608 Kilgore St, Orlando, FL 32803",2608 Kilgore St,,Orlando,FL,32803,Orange County,28.543096,-81.349378,single_family,2.0,1.0,908.0,7790.5,1955.0,Inactive,260000,2021-05-12T13:28:43.414Z,454,12.468440756144114
"400-E-Colonial-Dr,-Apt-1203,-Orlando,-FL-32803","400 E Colonial Dr, Apt 1203, Orlando, FL 32803",400 E Colonial Dr,Apt 1203,Orlando,FL,32803,Orange County,28.552804,-81.372234,condo,2.0,2.0,1109.0,7790.5,1955.0,Inactive,259000,2020-09-21T21:40:35.388Z,686,12.464587201678082
"1718-Lakeside-Dr,-Orlando,-FL-32803","1718 Lakeside Dr, Orlando, FL 32803",1718 Lakeside Dr,,Orlando,FL,32803,Orange County,28.572243,-81.355365,single_family,5.0,4.0,4831.0,7790.5,1955.0,Inactive,2895000,2020-09-22T02:42:39.306Z,686,14.878496014412317
"35-N-Forest-Ave,-Orlando,-FL-32803","35 N Forest Ave, Orlando, FL 32803",35 N Forest Ave,,Orlando,FL,32803,Orange County,28.543577,-81.354659,single_family,5.0,4.0,4107.0,7790.5,1955.0,Inactive,799000,2021-02-19T16:01:09.033Z,536,13.591117476312084
"1505-Pinecrest-Pl,-Orlando,-FL-32803","1505 Pinecrest Pl, Orlando, FL 32803",1505 Pinecrest Pl,,Orlando,FL,32803,Orange County,28.554961,-81.361287,single_family,6.0,4.0,3509.0,7790.5,1955.0,Inactive,699900,2020-10-27T17:47:24.437Z,651,13.45869417545215
"2024-Nebraska-St,-Orlando,-FL-32803","2024 Nebraska St, Orlando, FL 32803",2024 Nebraska St,,Orlando,FL,32803,Orange County,28.565433,-81.35539,single_family,4.0,3.0,2600.0,7790.5,1955.0,Inactive,648000,2021-04-18T15:08:08.513Z,478,13.381647518543097
"1433-Lake-Highland-Dr,-Orlando,-FL-32803","1433 Lake Highland Dr, Orlando, FL 32803",1433 Lake Highland Dr,,Orlando,FL,32803,Orange County,28.561674,-81.361972,condo,4.0,3.0,2361.0,7790.5,1955.0,Inactive,619000,2021-04-18T15:05:38.265Z,478,13.335862167174314
"3-Broadway-Ct,-Orlando,-FL-32803","3 Broadway Ct, Orlando, FL 32803",3 Broadway Ct,,Orlando,FL,32803,Orange County,28.550211,-81.37212,single_family,3.0,3.0,2038.0,7790.5,1955.0,Inactive,595000,2021-02-11T15:06:02.242Z,544,13.296318365198623
"719-E-Livingston-St,-Orlando,-FL-32803","719 E Livingston St, Orlando, FL 32803",719 E Livingston St,,Orlando,FL,32803,Orange County,28.547875,-81.367724,single_family,4.0,3.0,2500.0,7790.5,1955.0,Inactive,565000,2021-04-18T15:05:28.674Z,478,13.244582780038517
"1012-E-Marks-St,-Orlando,-FL-32803","1012 E Marks St, Orlando, FL 32803",1012 E Marks St,,Orlando,FL,32803,Orange County,28.556572,-81.366035,condo,3.0,2.0,1852.0,7790.5,1955.0,Inactive,509900,2021-02-11T15:01:01.284Z,544,13.141971868210181
"542-Mayfair-Cir,-Orlando,-FL-32803","542 Mayfair Cir, Orlando, FL 32803",542 Mayfair Cir,,Orlando,FL,32803,Orange County,28.535082,-81.35056,single_family,3.0,2.0,1844.0,7790.5,1955.0,Inactive,484000,2021-04-18T14:51:57.640Z,478,13.089842251812337
"915-Weber-St,-Orlando,-FL-32803","915 Weber St, Orlando, FL 32803",915 Weber St,,Orlando,FL,32803,Orange County,28.558851,-81.365877,single_family,4.0,3.0,1766.0,7790.5,1955.0,Inactive,475000,2021-04-18T14:51:57.633Z,478,13.07107218827772
"734-N-Fern-Creek-Ave,-Orlando,-FL-32803","734 N Fern Creek Ave, Orlando, FL 32803",734 N Fern Creek Ave,,Orlando,FL,32803,Orange County,28.554373,-81.360575,condo,3.0,2.0,2427.0,7790.5,1955.0,Inactive,473000,2021-03-05T14:54:52.952Z,522,13.06685278163674
"540-Lake-Como-Cir,-Orlando,-FL-32803","540 Lake Como Cir, Orlando, FL 32803",540 Lake Como Cir,,Orlando,FL,32803,Orange County,28.535903,-81.353267,single_family,3.0,2.0,1660.0,7790.5,1955.0,Inactive,469000,2021-04-18T14:51:57.625Z,478,13.058360179622305
"808-N-Shine-Ave,-Orlando,-FL-32803","808 N Shine Ave, Orlando, FL 32803",808 N Shine Ave,,Orlando,FL,32803,Orange County,28.555604,-81.362888,single_family,3.0,2.0,2148.0,7790.5,1955.0,Inactive,454000,2020-10-01T17:01:45.718Z,677,13.025854679664231
"2000-Merritt-Park-Dr,-Orlando,-FL-32803","2000 Merritt Park Dr, Orlando, FL 32803",2000 Merritt Park Dr,,Orlando,FL,32803,Orange County,28.57021,-81.354508,single_family,4.0,3.0,2581.0,7790.5,1955.0,Inactive,450000,2021-04-18T14:51:53.139Z,478,13.017005083966255
"2508-Illinois-St,-Orlando,-FL-32803","2508 Illinois St, Orlando, FL 32803",2508 Illinois St,,Orlando,FL,32803,Orange County,28.555511,-81.350701,single_family,3.0,2.0,1750.0,7790.5,1955.0,Inactive,449000,2021-04-18T14:48:59.237Z,478,13.014780393893403
"840-Wessex-Pl,-Orlando,-FL-32803","840 Wessex Pl, Orlando, FL 32803",840 Wessex Pl,,Orlando,FL,32803,Orange County,28.532388,-81.351036,single_family,3.0,2.0,1270.0,7790.5,1955.0,Inactive,440000,2021-04-18T14:48:59.234Z,478,12.994532278619134
"2600-E-Church-St,-Orlando,-FL-32803","2600 E Church St, Orlando, FL 32803",2600 E Church St,,Orlando,FL,32803,Orange County,28.540248,-81.349617,apartment,4.0,4.0,1887.0,7790.5,1955.0,Inactive,440000,2021-04-18T14:48:59.207Z,478,12.994532278619134
"1018-E-Amelia-St,-Orlando,-FL-32803","1018 E Amelia St, Orlando, FL 32803",1018 E Amelia St,,Orlando,FL,32803,Orange County,28.549182,-81.365613,single_family,3.0,2.0,1455.0,7790.5,1955.0,Inactive,439000,2021-04-18T14:48:59.203Z,478,12.992256969959042
"724-Wessex-Pl,-Orlando,-FL-32803","724 Wessex Pl, Orlando, FL 32803",724 Wessex Pl,,Orlando,FL,32803,Orange County,28.534204,-81.348752,single_family,3.0,2.0,1648.0,7790.5,1955.0,Inactive,430000,2021-04-18T14:46:57.110Z,478,12.971542813248437
"2018-Montana-St,-Orlando,-FL-32803","2018 Montana St, Orlando, FL 32803",2018 Montana St,,Orlando,FL,32803,Orange County,28.562252,-81.35565,single_family,3.0,2.0,1669.0,7790.5,1955.0,Inactive,429900,2021-04-18T14:46:57.111Z,478,12.971310228604022
"2515-E-Pine-St,-Orlando,-FL-32803","2515 E Pine St, Orlando, FL 32803",2515 E Pine St,,Orlando,FL,32803,Orange County,28.541649,-81.350263,single_family,3.0,2.0,1280.0,7790.5,1955.0,Inactive,419900,2021-04-18T14:45:35.291Z,478,12.947774248188859
"2200-Oregon-St,-Orlando,-FL-32803","2200 Oregon St, Orlando, FL 32803",2200 Oregon St,,Orlando,FL,32803,Orange County,28.559798,-81.354005,single_family,3.0,2.0,1300.0,7790.5,1955.0,Inactive,425000,2021-04-18T14:46:57.107Z,478,12.959846800844963
"2026-E-Jefferson-St,-Orlando,-FL-32803","2026 E Jefferson St, Orlando, FL 32803",2026 E Jefferson St,,Orlando,FL,32803,Orange County,28.544684,-81.354953,single_family,3.0,2.0,1516.0,7790.5,1955.0,Inactive,419999,2021-04-18T14:45:35.296Z,478,12.948009990259552
"2407-Kilgore-St,-Orlando,-FL-32803","2407 Kilgore St, Orlando, FL 32803",2407 Kilgore St,,Orlando,FL,32803,Orange County,28.543519,-81.35134,condo,3.0,2.0,2022.0,7790.5,1955.0,Inactive,400000,2021-02-18T15:13:48.701Z,537,12.899222326086994
"607-Broadway-Ave,-Unit-2,-Orlando,-FL-32803","607 Broadway Ave, Unit 2, Orlando, FL 32803",607 Broadway Ave,Unit 2,Orlando,FL,32803,Orange County,28.55165,-81.372304,condo,3.0,2.0,1800.0,7790.5,1955.0,Inactive,399900,2021-02-27T14:49:16.692Z,528,12.89897229545694
"1225-Minnesota-St,-Orlando,-FL-32803","1225 Minnesota St, Orlando, FL 32803",1225 Minnesota St,,Orlando,FL,32803,Orange County,28.565015,-81.363357,apartment,3.0,2.0,1340.0,7790.5,1955.0,Inactive,399500,2021-04-18T14:30:25.338Z,478,12.897971547314246
"1304-N-Fern-Creek-Ave,-Orlando,-FL-32803","1304 N Fern Creek Ave, Orlando, FL 32803",1304 N Fern Creek Ave,,Orlando,FL,32803,Orange County,28.562535,-81.360768,single_family,2.0,2.0,1319.0,7790.5,1955.0,Inactive,399000,2021-04-18T14:30:25.343Z,478,12.896719202134523
"1122-Nottingham-St,-Orlando,-FL-32803","1122 Nottingham St, Orlando, FL 32803",1122 Nottingham St,,Orlando,FL,32803,Orange County,28.581548,-81.364941,single_family,4.0,2.0,2185.0,7790.5,1955.0,Inactive,389900,2020-12-19T15:37:51.126Z,598,12.873648139727594
"2204-Mount-Vernon-St,-Orlando,-FL-32803","2204 Mount Vernon St, Orlando, FL 32803",2204 Mount Vernon St,,Orlando,FL,32803,Orange County,28.550242,-81.353773,single_family,4.0,2.0,1553.0,7790.5,1955.0,Inactive,360000,2021-04-18T14:21:43.215Z,478,12.793862088206213
"2901-Clemwood-St,-Orlando,-FL-32803","2901 Clemwood St, Orlando, FL 32803",2901 Clemwood St,,Orlando,FL,32803,Orange County,28.532154,-81.346398,single_family,3.0,2.0,1596.0,7790.5,1955.0,Inactive,359900,2021-04-18T14:21:43.214Z,478,12.79358427261286
"4011-Chelsea-St,-Orlando,-FL-32803","4011 Chelsea St, Orlando, FL 32803",4011 Chelsea St,,Orlando,FL,32803,Orange County,28.563125,-81.335179,single_family,3.0,2.0,1247.0,7790.5,1955.0,Inactive,359900,2021-04-18T14:21:43.213Z,478,12.79358427261286
"1511-E-Livingston-St,-Orlando,-FL-32803","1511 E Livingston St, Orlando, FL 32803",1511 E Livingston St,,Orlando,FL,32803,Orange County,28.547912,-81.360934,single_family,2.0,2.0,1017.0,7790.5,1955.0,Inactive,349999,2021-03-06T14:19:20.139Z,521,12.765688433465597
"2605-E-Jefferson-St,-Unit-1,-Orlando,-FL-32803","2605 E Jefferson St, Unit 1, Orlando, FL 32803",2605 E Jefferson St,Unit 1,Orlando,FL,32803,Orange County,28.54535,-81.349572,condo,3.0,2.0,1615.0,7790.5,1955.0,Inactive,349900,2021-04-18T14:21:40.767Z,478,12.765405536311112
"2692-E-Central-Blvd,-Orlando,-FL-32803","2692 E Central Blvd, Orlando, FL 32803",2692 E Central Blvd,,Orlando,FL,32803,Orange County,28.542074,-81.348702,condo,3.0,2.0,1629.0,7790.5,1955.0,Inactive,329500,2021-02-11T14:21:01.520Z,544,12.70533466782146
"703-Hempstead-Ave,-Orlando,-FL-32803","703 Hempstead Ave, Orlando, FL 32803",703 Hempstead Ave,,Orlando,FL,32803,Orange County,28.533141,-81.354258,single_family,2.0,1.0,849.0,7790.5,1955.0,Inactive,329900,2021-04-18T14:16:51.654Z,478,12.706547888433661
"2108-Stanley-St,-Orlando,-FL-32803","2108 Stanley St, Orlando, FL 32803",2108 Stanley St,,Orlando,FL,32803,Orange County,28.548789,-81.354641,single_family,3.0,1.0,1634.0,7790.5,1955.0,Inactive,329000,2020-11-19T16:50:44.289Z,628,12.703816069256568
"3335-Pickfair-St,-Orlando,-FL-32803","3335 Pickfair St, Orlando, FL 32803",3335 Pickfair St,,Orlando,FL,32803,Orange County,28.534579,-81.341354,single_family,4.0,2.0,1545.0,7790.5,1955.0,Inactive,319900,2020-10-07T17:26:07.268Z,671,12.675766851909591
"701-Springview-Dr,-Orlando,-FL-32803","701 Springview Dr, Orlando, FL 32803",701 Springview Dr,,Orlando,FL,32803,Orange County,28.533436,-81.335497,single_family,3.0,2.0,1334.0,7790.5,1955.0,Inactive,299900,2021-04-18T13:59:28.266Z,478,12.611207699176356
"3523-Corrine-Dr,-Orlando,-FL-32803","3523 Corrine Dr, Orlando, FL 32803",3523 Corrine Dr,,Orlando,FL,32803,Orange County,28.568146,-81.340481,single_family,3.0,1.0,1087.0,7790.5,1955.0,Inactive,284999,2021-02-11T13:55:28.905Z,544,12.560244459250788
"4256-Lake-Underhill-Rd,-Unit-10,-Orlando,-FL-32803","4256 Lake Underhill Rd, Unit 10, Orlando, FL 32803",4256 Lake Underhill Rd,Unit 10,Orlando,FL,32803,Orange County,28.535363,-81.333076,condo,2.0,2.0,1250.0,7790.5,1955.0,Inactive,165000,2021-03-14T14:35:46.984Z,513,12.013706813470414
"2423-E-Central-Blvd,-Unit-1,-Orlando,-FL-32803","2423 E Central Blvd, Unit 1, Orlando, FL 32803",2423 E Central Blvd,Unit 1,Orlando,FL,32803,Orange County,28.542601,-81.351105,condo,1.0,1.0,537.0,7790.5,1955.0,Inactive,130000,2021-03-04T11:39:13.124Z,523,11.775297421715827
"1101-Nottingham-St,-Orlando,-FL-32803","1101 Nottingham St, Orlando, FL 32803",1101 Nottingham St,,Orlando,FL,32803,Orange County,28.582094,-81.365543,single_family,3.0,2.0,1514.0,7790.5,1955.0,Inactive,399900,2020-10-02T17:01:17.623Z,676,12.89897229545694
"825-N-Primrose-Dr,-Apt-211,-Orlando,-FL-32803","825 N Primrose Dr, Apt 211, Orlando, FL 32803",825 N Primrose Dr,Apt 211,Orlando,FL,32803,Orange County,28.556781,-81.347605,condo,2.0,1.0,832.0,7790.5,1955.0,Inactive,124900,2021-02-05T11:47:09.352Z,550,11.735276702486741
"3046-Plaza-Terrace-Dr,-Unit-3046,-Orlando,-FL-32803","3046 Plaza Terrace Dr, Unit 3046, Orlando, FL 32803",3046 Plaza Terrace Dr,Unit 3046,Orlando,FL,32803,Orange County,28.561564,-81.344161,condo,2.0,2.0,890.0,7790.5,1955.0,Inactive,205000,2021-02-11T12:38:02.137Z,544,12.230770136157428
"400-E-Colonial-Dr,-Apt-410,-Orlando,-FL-32803","400 E Colonial Dr, Apt 410, Orlando, FL 32803",400 E Colonial Dr,Apt 410,Orlando,FL,32803,Orange County,28.552804,-81.372234,condo,1.0,1.0,799.0,7790.5,1955.0,Inactive,155000,2021-03-01T13:28:19.258Z,526,11.951186847493476
"831-Herman-Ave,-Orlando,-FL-32803","831 Herman Ave, Orlando, FL 32803",831 Herman Ave,,Orlando,FL,32803,Orange County,28.555724,-81.323362,single_family,3.0,1.0,1276.0,7790.5,1955.0,Inactive,225000,2020-10-28T14:42:08.940Z,650,12.323860125621126
"1817-Woodward-St,-Orlando,-FL-32803","1817 Woodward St, Orlando, FL 32803",1817 Woodward St,,Orlando,FL,32803,Orange County,28.554302,-81.358191,single_family,3.0,1.0,1028.0,7790.5,1955.0,Inactive,225000,2021-02-22T14:33:01.121Z,533,12.323860125621126
"2505-Lake-Shore-Dr,-Orlando,-FL-32803","2505 Lake Shore Dr, Orlando, FL 32803",2505 Lake Shore Dr,,Orlando,FL,32803,Orange County,28.574539,-81.356915,single_family,4.0,3.0,3785.0,7790.5,1955.0,Inactive,1549000,2020-11-01T18:58:34.865Z,645,14.25312076497659
"1235-Nottingham-St,-Orlando,-FL-32803","1235 Nottingham St, Orlando, FL 32803",1235 Nottingham St,,Orlando,FL,32803,Orange County,28.582044,-81.362778,single_family,5.0,4.0,5179.0,7790.5,1955.0,Inactive,1455000,2020-09-22T02:39:58.457Z,686,14.190517145872716
"1309-Georgia-Blvd,-Orlando,-FL-32803","1309 Georgia Blvd, Orlando, FL 32803",1309 Georgia Blvd,,Orlando,FL,32803,Orange County,28.563127,-81.353482,single_family,4.0,3.0,3321.0,7790.5,1955.0,Inactive,899000,2020-09-22T02:27:04.540Z,686,13.70903942580019
"28-Hillside-Ave,-Orlando,-FL-32803","28 Hillside Ave, Orlando, FL 32803",28 Hillside Ave,,Orlando,FL,32803,Orange County,28.543289,-81.354202,single_family,4.0,3.0,3091.0,7790.5,1955.0,Inactive,875000,2021-02-11T15:12:27.593Z,544,13.681980308196241
"1216-Chichester-St,-Orlando,-FL-32803","1216 Chichester St, Orlando, FL 32803",1216 Chichester St,,Orlando,FL,32803,Orange County,28.580656,-81.363591,single_family,3.0,2.0,2366.0,7790.5,1955.0,Inactive,785000,2020-10-30T17:16:49.029Z,647,13.573440270649085
"32-Hillside-Ave,-Orlando,-FL-32803","32 Hillside Ave, Orlando, FL 32803",32 Hillside Ave,,Orlando,FL,32803,Orange County,28.543436,-81.354204,single_family,4.0,3.0,2690.0,7790.5,1955.0,Inactive,755000,2020-12-28T17:13:49.675Z,588,13.534474352733596
"1414-E-Ridgewood-St,-Orlando,-FL-32803","1414 E Ridgewood St, Orlando, FL 32803",1414 E Ridgewood St,,Orlando,FL,32803,Orange County,28.546464,-81.361586,single_family,3.0,3.0,2424.0,7790.5,1955.0,Inactive,629000,2021-02-11T15:06:06.813Z,544,13.351888125506433
"714-Woodward-St,-Orlando,-FL-32803","714 Woodward St, Orlando, FL 32803",714 Woodward St,,Orlando,FL,32803,Orange County,28.553829,-81.367941,single_family,3.0,2.0,2376.0,7790.5,1955.0,Inactive,575000,2021-02-17T14:41:59.733Z,538,13.26212705890841
"980-Burns-St,-Orlando,-FL-32803","980 Burns St, Orlando, FL 32803",980 Burns St,,Orlando,FL,32803,Orange County,28.558894,-81.321951,single_family,3.0,2.0,2488.0,7790.5,1955.0,Inactive,539900,2021-03-06T14:37:18.941Z,521,13.199141068399515
"1035-N-Hampton-Ave,-Orlando,-FL-32803","1035 N Hampton Ave, Orlando, FL 32803",1035 N Hampton Ave,,Orlando,FL,32803,Orange County,28.559876,-81.355927,single_family,3.0,2.0,1757.0,7790.5,1955.0,Inactive,509000,2021-02-11T14:57:44.221Z,544,13.140205260167273
"115-And-117-N-Fern-Creek-Ave,-Orlando,-FL-32803","115 And 117 N Fern Creek Ave, Orlando, FL 32803",115 And 117 N Fern Creek Ave,,Orlando,FL,32803,Orange County,28.544677,-81.360006,apartment,8.0,4.0,1734.0,7790.5,1955.0,Inactive,499000,2021-02-11T14:57:44.211Z,544,13.120363378739663
"730-N-Hyer-Ave,-Orlando,-FL-32803","730 N Hyer Ave, Orlando, FL 32803",730 N Hyer Ave,,Orlando,FL,32803,Orange County,28.554291,-81.366784,apartment,4.0,2.0,1488.0,7790.5,1955.0,Inactive,495000,2021-02-11T14:56:03.145Z,544,13.112315061750808
"3410-Pelican-Ln,-Orlando,-FL-32803","3410 Pelican Ln, Orlando, FL 32803",3410 Pelican Ln,,Orlando,FL,32803,Orange County,28.561146,-81.342283,single_family,4.0,2.0,1923.0,7790.5,1955.0,Inactive,489000,2021-02-14T14:57:21.328Z,541,13.100119813444692
"3510-Chelsea-St,-Orlando,-FL-32803","3510 Chelsea St, Orlando, FL 32803",3510 Chelsea St,,Orlando,FL,32803,Orange County,28.562597,-81.340603,single_family,4.0,2.0,1484.0,7790.5,1955.0,Inactive,479900,2021-02-11T14:56:03.132Z,544,13.081335111611617
"2301-Cherrywood-Ln,-Orlando,-FL-32803","2301 Cherrywood Ln, Orlando, FL 32803",2301 Cherrywood Ln,,Orlando,FL,32803,Orange County,28.569225,-81.353986,single_family,3.0,2.0,2414.0,7790.5,1955.0,Inactive,474900,2020-11-20T20:55:32.500Z,626,13.07086164024146
"409-E-Concord-St,-Orlando,-FL-32803","409 E Concord St, Orlando, FL 32803",409 E Concord St,,Orlando,FL,32803,Orange County,28.551268,-81.372269,apartment,4.0,3.0,2008.0,7790.5,1955.0,Inactive,460000,2021-02-11T15:01:01.276Z,544,13.038983942375959
"2115-Forest-Cir,-Orlando,-FL-32803","2115 Forest Cir, Orlando, FL 32803",2115 Forest Cir,,Orlando,FL,32803,Orange County,28.540829,-81.354154,single_family,3.0,3.0,1768.0,7790.5,1955.0,Inactive,459900,2021-02-11T14:50:52.634Z,544,13.038766527911386
"800-N-Shine-Ave,-Orlando,-FL-32803","800 N Shine Ave, Orlando, FL 32803",800 N Shine Ave,,Orlando,FL,32803,Orange County,28.555397,-81.362887,single_family,3.0,2.0,2168.0,7790.5,1955.0,Inactive,449900,2020-10-30T17:01:38.938Z,647,13.016782837542953
"2010-Linda-St,-Orlando,-FL-32803","2010 Linda St, Orlando, FL 32803",2010 Linda St,,Orlando,FL,32803,Orange County,28.563047,-81.355881,single_family,3.0,2.0,1907.0,7790.5,1955.0,Inactive,444000,2021-02-11T14:46:48.057Z,544,13.003582093664077
"3708-Ibis-Dr,-Orlando,-FL-32803","3708 Ibis Dr, Orlando, FL 32803",3708 Ibis Dr,,Orlando,FL,32803,Orange County,28.561878,-81.338457,single_family,4.0,2.0,1982.0,7790.5,1955.0,Inactive,440900,2021-02-11T14:46:48.063Z,544,12.996575639431459
"1309-Spokane-Ave,-Orlando,-FL-32803","1309 Spokane Ave, Orlando, FL 32803",1309 Spokane Ave,,Orlando,FL,32803,Orange County,28.562532,-81.361237,single_family,3.0,2.0,1512.0,7790.5,1955.0,Inactive,435000,2021-02-19T15:43:54.660Z,536,12.983103608918753
"3000-Clemwood-St,-Orlando,-FL-32803","3000 Clemwood St, Orlando, FL 32803",3000 Clemwood St,,Orlando,FL,32803,Orange County,28.531623,-81.345433,single_family,3.0,2.0,1591.0,7790.5,1955.0,Inactive,419900,2021-03-03T16:49:26.962Z,523,12.947774248188859
"1120-Chichester-St,-Orlando,-FL-32803","1120 Chichester St, Orlando, FL 32803",1120 Chichester St,,Orlando,FL,32803,Orange County,28.580665,-81.364676,single_family,2.0,2.0,1344.0,7790.5,1955.0,Inactive,399900,2021-02-21T15:20:31.487Z,534,12.89897229545694
"1034-Herman-Ave,-Orlando,-FL-32803","1034 Herman Ave, Orlando, FL 32803",1034 Herman Ave,,Orlando,FL,32803,Orange County,28.558182,-81.323942,single_family,3.0,2.0,1900.0,7790.5,1955.0,Inactive,390000,2020-09-22T01:17:45.707Z,686,12.873904582205107
"918-Palm-Dr,-Orlando,-FL-32803","918 Palm Dr, Orlando, FL 32803",918 Palm Dr,,Orlando,FL,32803,Orange County,28.557505,-81.355993,single_family,3.0,2.0,1167.0,7790.5,1955.0,Inactive,380000,2021-02-11T14:29:15.090Z,544,12.847929163278053
"709-Wessex-Pl,-Orlando,-FL-32803","709 Wessex Pl, Orlando, FL 32803",709 Wessex Pl,,Orlando,FL,32803,Orange County,28.533815,-81.348259,single_family,3.0,2.0,1720.0,7790.5,1955.0,Inactive,379000,2021-02-11T14:33:10.132Z,544,12.84529412258351
"611-Broadway-Ave,-Unit-4,-Orlando,-FL-32803","611 Broadway Ave, Unit 4, Orlando, FL 32803",611 Broadway Ave,Unit 4,Orlando,FL,32803,Orange County,28.55165,-81.372304,condo,3.0,2.0,1800.0,7790.5,1955.0,Inactive,375000,2020-11-11T18:41:33.673Z,635,12.834683971615659
"627-Tam-O-Shanter-Dr,-Orlando,-FL-32803","627 Tam O Shanter Dr, Orlando, FL 32803",627 Tam O Shanter Dr,,Orlando,FL,32803,Orange County,28.533636,-81.337535,single_family,3.0,2.0,2146.0,7790.5,1955.0,Inactive,374900,2020-09-22T01:22:08.023Z,686,12.834417270098413
"1042-N-Hampton-Ave,-Orlando,-FL-32803","1042 N Hampton Ave, Orlando, FL 32803",1042 N Hampton Ave,,Orlando,FL,32803,Orange County,28.56007,-81.356661,single_family,3.0,2.0,1280.0,7790.5,1955.0,Inactive,369000,2021-02-20T14:32:41.186Z,535,12.818554633046093
"2646-E-Washington-St,-Orlando,-FL-32803","2646 E Washington St, Orlando, FL 32803",2646 E Washington St,,Orlando,FL,32803,Orange County,28.544001,-81.349028,condo,3.0,2.0,1624.0,7790.5,1955.0,Inactive,359900,2021-03-05T14:36:32.706Z,522,12.79358427261286
"3911-Pelican-Ln,-Orlando,-FL-32803","3911 Pelican Ln, Orlando, FL 32803",3911 Pelican Ln,,Orlando,FL,32803,Orange County,28.561628,-81.3366,single_family,3.0,2.0,1320.0,7790.5,1955.0,Inactive,355000,2020-12-10T16:05:56.387Z,607,12.779875885354993
"1500-Altaloma-Ave,-Orlando,-FL-32803","1500 Altaloma Ave, Orlando, FL 32803",1500 Altaloma Ave,,Orlando,FL,32803,Orange County,28.564909,-81.359808,single_family,5.0,3.0,2528.0,7790.5,1955.0,Inactive,357900,2021-02-11T14:23:59.996Z,544,12.788011690826771
"2624-E-Washington-St,-Orlando,-FL-32803","2624 E Washington St, Orlando, FL 32803",2624 E Washington St,,Orlando,FL,32803,Orange County,28.543887,-81.349,condo,3.0,2.0,1624.0,7790.5,1955.0,Inactive,355000,2020-10-01T16:31:03.067Z,676,12.779875885354993
"2638-E-Washington-St,-Orlando,-FL-32803","2638 E Washington St, Orlando, FL 32803",2638 E Washington St,,Orlando,FL,32803,Orange County,28.544,-81.34914,condo,3.0,2.0,1624.0,7790.5,1955.0,Inactive,353000,2020-11-25T15:40:48.138Z,622,12.77422616877261
"2620-E-Washington-St,-Orlando,-FL-32803","2620 E Washington St, Orlando, FL 32803",2620 E Washington St,,Orlando,FL,32803,Orange County,28.543887,-81.348999,condo,3.0,2.0,1624.0,7790.5,1955.0,Inactive,350000,2021-02-18T15:07:23.275Z,537,12.765691290604371
"817-N-Hyer-Ave,-Orlando,-FL-32803","817 N Hyer Ave, Orlando, FL 32803",817 N Hyer Ave,,Orlando,FL,32803,Orange County,28.555661,-81.366212,single_family,3.0,2.0,1313.0,7790.5,1955.0,Inactive,350000,2021-02-11T14:21:10.930Z,544,12.765691290604371
"630-Strathmore-Dr,-Orlando,-FL-32803","630 Strathmore Dr, Orlando, FL 32803",630 Strathmore Dr,,Orlando,FL,32803,Orange County,28.53383,-81.340468,single_family,4.0,2.0,1730.0,7790.5,1955.0,Inactive,349000,2021-02-11T14:21:10.922Z,544,12.762830066509972
"2697-E-Washington-St,-Orlando,-FL-32803","2697 E Washington St, Orlando, FL 32803",2697 E Washington St,,Orlando,FL,32803,Orange County,28.544416,-81.348709,condo,3.0,2.0,1747.0,7790.5,1955.0,Inactive,349000,2021-02-11T14:21:10.924Z,544,12.762830066509972
"974-Burns-St,-Orlando,-FL-32803","974 Burns St, Orlando, FL 32803",974 Burns St,,Orlando,FL,32803,Orange County,28.558757,-81.321935,single_family,4.0,3.0,2287.0,7790.5,1955.0,Inactive,339900,2020-10-30T16:56:03.043Z,647,12.736409677721657
"1636-E-Ridgewood-St,-Orlando,-FL-32803","1636 E Ridgewood St, Orlando, FL 32803",1636 E Ridgewood St,,Orlando,FL,32803,Orange County,28.546491,-81.358645,single_family,2.0,1.0,907.0,7790.5,1955.0,Inactive,327000,2020-09-22T01:17:45.710Z,686,12.69771850797869
"1337-Spokane-Ave,-Orlando,-FL-32803","1337 Spokane Ave, Orlando, FL 32803",1337 Spokane Ave,,Orlando,FL,32803,Orange County,28.563616,-81.361115,condo,2.0,2.0,1748.0,7790.5,1955.0,Inactive,325000,2020-11-09T15:52:13.111Z,638,12.691583538230217
"826-S-Primrose-Dr,-Orlando,-FL-32803","826 S Primrose Dr, Orlando, FL 32803",826 S Primrose Dr,,Orlando,FL,32803,Orange County,28.532071,-81.347914,single_family,2.0,1.0,1140.0,7790.5,1955.0,Inactive,324900,2021-02-11T14:20:56.563Z,544,12.691275799522568
"757-Plaza-Ct,-Orlando,-FL-32803","757 Plaza Ct, Orlando, FL 32803",757 Plaza Ct,,Orlando,FL,32803,Orange County,28.554901,-81.354617,single_family,3.0,1.0,956.0,7790.5,1955.0,Inactive,310000,2021-02-11T14:15:22.941Z,544,12.644330802262578
"2603-Virginia-Dr,-Orlando,-FL-32803","2603 Virginia Dr, Orlando, FL 32803",2603 Virginia Dr,,Orlando,FL,32803,Orange County,28.564849,-81.349862,single_family,2.0,1.0,1078.0,7790.5,1955.0,Inactive,299000,2021-02-19T15:08:08.499Z,536,12.608202196848836
"4344-Roush-Ave,-Orlando,-FL-32803","4344 Roush Ave, Orlando, FL 32803",4344 Roush Ave,,Orlando,FL,32803,Orange County,28.556811,-81.325267,single_family,2.0,1.0,1222.0,7790.5,1955.0,Inactive,299000,2020-09-22T00:28:41.124Z,686,12.608202196848836
"2701-E-Jackson-St,-Orlando,-FL-32803","2701 E Jackson St, Orlando, FL 32803",2701 E Jackson St,,Orlando,FL,32803,Orange County,28.539882,-81.348786,single_family,2.0,1.0,745.0,7790.5,1955.0,Inactive,299000,2021-02-13T14:06:38.129Z,542,12.608202196848836
"4365-Rixey-St,-Orlando,-FL-32803","4365 Rixey St, Orlando, FL 32803",4365 Rixey St,,Orlando,FL,32803,Orange County,28.555563,-81.324864,single_family,3.0,2.0,1217.0,7790.5,1955.0,Inactive,289000,2021-02-11T13:55:28.913Z,544,12.574185427296195
"1604-Mount-Vernon-St,-Orlando,-FL-32803","1604 Mount Vernon St, Orlando, FL 32803",1604 Mount Vernon St,,Orlando,FL,32803,Orange County,28.550237,-81.359774,single_family,3.0,2.0,1484.0,7790.5,1955.0,Inactive,409900,2021-02-11T14:41:14.259Z,544,12.923670946108873
"1719-E-Marks-St,-Orlando,-FL-32803","1719 E Marks St, Orlando, FL 32803",1719 E Marks St,,Orlando,FL,32803,Orange County,28.557141,-81.358442,land,2.0,1.0,1252.0,7790.5,1955.0,Inactive,365000,2020-09-22T01:17:07.189Z,686,12.807655372286902
"209-S-Glenwood-Ave,-Orlando,-FL-32803","209 S Glenwood Ave, Orlando, FL 32803",209 S Glenwood Ave,,Orlando,FL,32803,Orange County,28.540162,-81.352588,single_family,2.0,1.0,878.0,7790.5,1955.0,Inactive,298500,2020-12-05T15:40:43.682Z,612,12.606528561892935
"905-Canton-St,-Orlando,-FL-32803","905 Canton St, Orlando, FL 32803",905 Canton St,,Orlando,FL,32803,Orange County,28.559758,-81.366279,single_family,3.0,3.0,1540.0,7790.5,1955.0,Inactive,550000,2021-02-11T15:01:15.872Z,544,13.217675375388819
"440-Buckminster-Cir,-Orlando,-FL-32803","440 Buckminster Cir, Orlando, FL 32803",440 Buckminster Cir,,Orlando,FL,32803,Orange County,28.537463,-81.350163,single_family,3.0,2.0,1048.0,7790.5,1955.0,Inactive,314900,2020-10-23T16:27:45.775Z,654,12.66001358269538
"4312-Lake-Underhill-Rd,-Unit-19D3,-Orlando,-FL-32803","4312 Lake Underhill Rd, Unit 19D3, Orlando, FL 32803",4312 Lake Underhill Rd,Unit 19D3,Orlando,FL,32803,Orange County,28.535363,-81.333076,condo,2.0,2.0,1000.0,7790.5,1955.0,Inactive,126000,2020-12-16T11:27:38.566Z,601,11.744045122410057
"1036-E-Marks-St,-Orlando,-FL-32803","1036 E Marks St, Orlando, FL 32803",1036 E Marks St,,Orlando,FL,32803,Orange County,28.556366,-81.365898,condo,3.0,2.0,1893.0,7790.5,1955.0,Inactive,514999,2021-02-11T14:57:44.224Z,544,13.151922179645874
"400-E-Colonial-Dr,-Apt-309,-Orlando,-FL-32803","400 E Colonial Dr, Apt 309, Orlando, FL 32803",400 E Colonial Dr,Apt 309,Orlando,FL,32803,Orange County,28.552804,-81.372234,condo,2.0,2.0,1250.0,7790.5,1955.0,Inactive,298000,2021-02-11T14:13:20.633Z,544,12.604852121186608
"400-E-Colonial-Dr,-Apt-707,-Orlando,-FL-32803","400 E Colonial Dr, Apt 707, Orlando, FL 32803",400 E Colonial Dr,Apt 707,Orlando,FL,32803,Orange County,28.552804,-81.372234,condo,2.0,2.0,1250.0,7790.5,1955.0,Inactive,282000,2021-02-26T13:46:43.669Z,529,12.549665896013254
"1308-Georgia-Blvd,-Orlando,-FL-32803","1308 Georgia Blvd, Orlando, FL 32803",1308 Georgia Blvd,,Orlando,FL,32803,Orange County,28.563021,-81.354061,single_family,4.0,3.0,2866.0,7790.5,1955.0,Inactive,814000,2020-12-04T05:16:56.612Z,613,13.609716873485151
"531-Altaloma-Ave,-Orlando,-FL-32803","531 Altaloma Ave, Orlando, FL 32803",531 Altaloma Ave,,Orlando,FL,32803,Orange County,28.550594,-81.357901,single_family,2.0,2.0,1329.0,7790.5,1955.0,Inactive,449999,2021-02-11T14:50:52.625Z,544,13.017002861746503
"1636-E-Concord-St,-Orlando,-FL-32803","1636 E Concord St, Orlando, FL 32803",1636 E Concord St,,Orlando,FL,32803,Orange County,28.551039,-81.358694,single_family,2.0,1.0,928.0,7790.5,1955.0,Inactive,299900,2020-09-29T15:49:05.829Z,679,12.611207699176356
"103-N-Glenwood-Ave,-Orlando,-FL-32803","103 N Glenwood Ave, Orlando, FL 32803",103 N Glenwood Ave,,Orlando,FL,32803,Orange County,28.54434,-81.35264,single_family,2.0,1.0,1123.0,7790.5,1955.0,Inactive,299500,2020-11-02T16:56:01.527Z,644,12.60987303543023
"4256-Lake-Underhill-Rd,-Unit-10C2,-Orlando,-FL-32803","4256 Lake Underhill Rd, Unit 10C2, Orlando, FL 32803",4256 Lake Underhill Rd,Unit 10C2,Orlando,FL,32803,Orange County,28.535363,-81.333076,condo,2.0,2.0,1250.0,7790.5,1955.0,Inactive,165000,2021-02-11T12:08:13.409Z,544,12.013706813470414
"1514-E-Marks-St,-Orlando,-FL-32803","1514 E Marks St, Orlando, FL 32803",1514 E Marks St,,Orlando,FL,32803,Orange County,28.556564,-81.360875,single_family,3.0,2.0,1723.0,7790.5,1955.0,Inactive,540000,2021-02-11T15:01:01.288Z,544,13.199326270390594
"440-Westminster-St,-Orlando,-FL-32803","440 Westminster St, Orlando, FL 32803",440 Westminster St,,Orlando,FL,32803,Orange County,28.581653,-81.371627,single_family,4.0,3.0,2657.0,7790.5,1955.0,Inactive,720000,2020-09-22T02:25:26.710Z,686,13.487007879880162
"2944-Plaza-Terrace-Dr,-Unit-2944,-Orlando,-FL-32803","2944 Plaza Terrace Dr, Unit 2944, Orlando, FL 32803",2944 Plaza Terrace Dr,Unit 2944,Orlando,FL,32803,Orange County,28.561605,-81.345638,condo,1.0,1.0,663.0,7790.5,1955.0,Inactive,158800,2021-02-11T12:03:40.831Z,544,11.975407125004564
"1716-Reppard-Rd,-Orlando,-FL-32803","1716 Reppard Rd, Orlando, FL 32803",1716 Reppard Rd,,Orlando,FL,32803,Orange County,28.567212,-81.36032,single_family,3.0,2.0,1620.0,7790.5,1955.0,Inactive,475000,2020-12-17T16:19:24.203Z,599,13.07107218827772
"2846-E-Washington-St,-Orlando,-FL-32803","2846 E Washington St, Orlando, FL 32803",2846 E Washington St,,Orlando,FL,32803,Orange County,28.544025,-81.346966,condo,3.0,2.0,1624.0,7790.5,1955.0,Inactive,359900,2021-02-18T15:09:16.027Z,537,12.79358427261286
"2810-E-Washington-St,-Unit-4,-Orlando,-FL-32803","2810 E Washington St, Unit 4, Orlando, FL 32803",2810 E Washington St,Unit 4,Orlando,FL,32803,Orange County,28.543918,-81.347292,condo,3.0,2.0,1602.0,7790.5,1955.0,Inactive,310000,2020-10-21T16:52:19.186Z,656,12.644330802262578
"2636-E-Washington-St,-Orlando,-FL-32803","2636 E Washington St, Orlando, FL 32803",2636 E Washington St,,Orlando,FL,32803,Orange County,28.544,-81.349168,condo,3.0,2.0,1624.0,7790.5,1955.0,Inactive,359900,2020-12-18T17:44:56.844Z,598,12.79358427261286
"2630-E-Washington-St,-Orlando,-FL-32803","2630 E Washington St, Orlando, FL 32803",2630 E Washington St,,Orlando,FL,32803,Orange County,28.543999,-81.349252,condo,3.0,2.0,1624.0,7790.5,1955.0,Inactive,350000,2020-10-19T16:40:36.124Z,658,12.765691290604371
"400-E-Colonial-Dr,-Apt-1502,-Orlando,-FL-32803","400 E Colonial Dr, Apt 1502, Orlando, FL 32803",400 E Colonial Dr,Apt 1502,Orlando,FL,32803,Orange County,28.552804,-81.372234,condo,2.0,2.0,1250.0,7790.5,1955.0,Inactive,349000,2020-09-22T00:28:41.119Z,686,12.762830066509972
"1402-E-Livingston-St,-Orlando,-FL-32803","1402 E Livingston St, Orlando, FL 32803",1402 E Livingston St,,Orlando,FL,32803,Orange County,28.547422,-81.362096,single_family,4.0,3.0,2103.0,7790.5,1955.0,Inactive,599000,2020-10-29T17:26:47.241Z,648,13.303018546545275
"1639-E-Amelia-St,-Orlando,-FL-32803","1639 E Amelia St, Orlando, FL 32803",1639 E Amelia St,,Orlando,FL,32803,Orange County,28.549814,-81.358667,condo,3.0,2.0,1701.0,7790.5,1955.0,Inactive,390000,2020-09-22T01:17:45.710Z,686,12.873904582205107
"206-S-Primrose-Dr,-Orlando,-FL-32803","206 S Primrose Dr, Orlando, FL 32803",206 S Primrose Dr,,Orlando,FL,32803,Orange County,28.540296,-81.348033,apartment,14.0,4.0,2846.0,7790.5,1955.0,Inactive,555000,2020-10-01T17:20:57.557Z,676,13.22672519452875
"1508-Weber-St,-Orlando,-FL-32803","1508 Weber St, Orlando, FL 32803",1508 Weber St,,Orlando,FL,32803,Orange County,28.558445,-81.361121,single_family,3.0,2.0,2313.0,7790.5,1955.0,Inactive,599995,2020-10-22T17:06:50.024Z,655,13.304678267509395
"454-Buckminster-Cir,-Orlando,-FL-32803","454 Buckminster Cir, Orlando, FL 32803",454 Buckminster Cir,,Orlando,FL,32803,Orange County,28.53695,-81.349662,single_family,3.0,2.0,1415.0,7790.5,1955.0,Inactive,425000,2021-02-11T14:46:43.297Z,544,12.959846800844963
"2419-Rosedale-Rd,-Orlando,-FL-32803","2419 Rosedale Rd, Orlando, FL 32803",2419 Rosedale Rd,,Orlando,FL,32803,Orange County,28.55443,-81.351242,single_family,2.0,1.0,868.0,7790.5,1955.0,Inactive,279900,2021-02-11T13:55:21.843Z,544,12.5421912482017
"400-E-Colonial-Dr,-Apt-1707,-Orlando,-FL-32803","400 E Colonial Dr, Apt 1707, Orlando, FL 32803",400 E Colonial Dr,Apt 1707,Orlando,FL,32803,Orange County,28.552804,-81.372234,condo,4.0,3.0,3445.0,7790.5,1955.0,Inactive,995000,2020-09-22T02:30:20.460Z,686,13.81049902116535
"1910-Merritt-Park-Dr,-Orlando,-FL-32803","1910 Merritt Park Dr, Orlando, FL 32803",1910 Merritt Park Dr,,Orlando,FL,32803,Orange County,28.569484,-81.354497,single_family,4.0,3.0,2935.0,7790.5,1955.0,Inactive,839000,2020-11-12T18:34:34.213Z,634,13.639967177343745
"21-N-Fern-Creek-Ave,-Orlando,-FL-32803","21 N Fern Creek Ave, Orlando, FL 32803",21 N Fern Creek Ave,,Orlando,FL,32803,Orange County,28.543162,-81.360024,single_family,4.0,3.0,3018.0,7790.5,1955.0,Inactive,765000,2020-09-22T02:25:33.346Z,686,13.547632419997361
"708-N-Lake-Formosa-Dr,-Orlando,-FL-32803","708 N Lake Formosa Dr, Orlando, FL 32803",708 N Lake Formosa Dr,,Orlando,FL,32803,Orange County,28.569773,-81.369499,single_family,3.0,3.0,2947.0,7790.5,1955.0,Inactive,749000,2020-09-22T02:25:33.346Z,686,13.52649559761195
"1921-N-Forest-Ave,-Orlando,-FL-32803","1921 N Forest Ave, Orlando, FL 32803",1921 N Forest Ave,,Orlando,FL,32803,Orange County,28.569464,-81.354935,single_family,6.0,4.0,3545.0,7790.5,1955.0,Inactive,649000,2020-11-03T18:51:48.756Z,643,13.38318953651709
"1611-New-York-Ave,-Orlando,-FL-32803","1611 New York Ave, Orlando, FL 32803",1611 New York Ave,,Orlando,FL,32803,Orange County,28.565665,-81.370507,single_family,3.0,2.0,2178.0,7790.5,1955.0,Inactive,525000,2020-09-22T02:06:59.986Z,686,13.171155446333852
"508-N-Hampton-Ave,-Orlando,-FL-32803","508 N Hampton Ave, Orlando, FL 32803",508 N Hampton Ave,,Orlando,FL,32803,Orange County,28.549873,-81.356461,single_family,3.0,2.0,1999.0,7790.5,1955.0,Inactive,500000,2020-12-17T16:22:52.973Z,599,13.122365377402328
"1615-New-York-Ave,-Orlando,-FL-32803","1615 New York Ave, Orlando, FL 32803",1615 New York Ave,,Orlando,FL,32803,Orange County,28.565885,-81.370506,apartment,5.0,3.0,2348.0,7790.5,1955.0,Inactive,469000,2020-11-16T16:30:06.681Z,630,13.058360179622305
"1919-Maplewood-Dr,-Orlando,-FL-32803","1919 Maplewood Dr, Orlando, FL 32803",1919 Maplewood Dr,,Orlando,FL,32803,Orange County,28.569585,-81.352483,single_family,3.0,2.0,1543.0,7790.5,1955.0,Inactive,457000,2020-10-27T17:30:47.723Z,650,13.032440858057756
"2626-Chelsea-St,-Orlando,-FL-32803","2626 Chelsea St, Orlando, FL 32803",2626 Chelsea St,,Orlando,FL,32803,Orange County,28.561616,-81.348845,single_family,3.0,2.0,1347.0,7790.5,1955.0,Inactive,448000,2020-11-15T16:32:29.657Z,631,13.012550743537489
"1521-Illinois-St,-Orlando,-FL-32803","1521 Illinois St, Orlando, FL 32803",1521 Illinois St,,Orlando,FL,32803,Orange County,28.556358,-81.360725,condo,4.0,3.0,2320.0,7790.5,1955.0,Inactive,439000,2020-09-26T22:20:07.330Z,681,12.992256969959042
"1712-Virginia-Dr,-Unit-H,-Orlando,-FL-32803","1712 Virginia Dr, Unit H, Orlando, FL 32803",1712 Virginia Dr,Unit H,Orlando,FL,32803,Orange County,28.563766,-81.358967,condo,3.0,2.0,2005.0,7790.5,1955.0,Inactive,440000,2020-11-13T16:19:44.114Z,633,12.994532278619134
"512-Cathcart-Ave,-Orlando,-FL-32803","512 Cathcart Ave, Orlando, FL 32803",512 Cathcart Ave,,Orlando,FL,32803,Orange County,28.549958,-81.370873,single_family,3.0,2.0,1234.0,7790.5,1955.0,Inactive,424900,2020-12-20T15:24:02.140Z,596,12.959611479595074
"18-N-Fern-Creek-Ave,-Orlando,-FL-32803","18 N Fern Creek Ave, Orlando, FL 32803",18 N Fern Creek Ave,,Orlando,FL,32803,Orange County,28.543493,-81.360515,single_family,3.0,2.0,1538.0,7790.5,1955.0,Inactive,424900,2020-11-07T16:21:26.526Z,639,12.959611479595074
"1831-Maplewood-Dr,-Orlando,-FL-32803","1831 Maplewood Dr, Orlando, FL 32803",1831 Maplewood Dr,,Orlando,FL,32803,Orange County,28.568906,-81.352471,single_family,4.0,2.0,1619.0,7790.5,1955.0,Inactive,420000,2020-09-26T22:16:47.399Z,681,12.948012371209098
"1646-Hillcrest-St,-Orlando,-FL-32803","1646 Hillcrest St, Orlando, FL 32803",1646 Hillcrest St,,Orlando,FL,32803,Orange County,28.551994,-81.358362,single_family,2.0,2.0,1452.0,7790.5,1955.0,Inactive,399000,2020-09-22T01:27:30.306Z,686,12.896719202134523
"1613-Robin-Rd,-Orlando,-FL-32803","1613 Robin Rd, Orlando, FL 32803",1613 Robin Rd,,Orlando,FL,32803,Orange County,28.566802,-81.335562,single_family,3.0,2.0,1413.0,7790.5,1955.0,Inactive,375000,2020-11-02T18:02:54.663Z,644,12.834683971615659
"1729-Oregon-St,-Orlando,-FL-32803","1729 Oregon St, Orlando, FL 32803",1729 Oregon St,,Orlando,FL,32803,Orange County,28.560653,-81.358257,single_family,3.0,2.0,1375.0,7790.5,1955.0,Inactive,369999,2020-09-22T00:55:42.179Z,686,12.821258284620408
"511-Christor-Pl,-Orlando,-FL-32803","511 Christor Pl, Orlando, FL 32803",511 Christor Pl,,Orlando,FL,32803,Orange County,28.550447,-81.37127,apartment,4.0,3.0,2172.0,7790.5,1955.0,Inactive,369000,2020-09-22T01:17:45.703Z,686,12.818554633046093
"2301-Hickory-Ln,-Orlando,-FL-32803","2301 Hickory Ln, Orlando, FL 32803",2301 Hickory Ln,,Orlando,FL,32803,Orange County,28.568455,-81.353973,single_family,3.0,2.0,1567.0,7790.5,1955.0,Inactive,365000,2020-10-08T17:12:06.553Z,669,12.807655372286902
"3020-Oxford-St,-Orlando,-FL-32803","3020 Oxford St, Orlando, FL 32803",3020 Oxford St,,Orlando,FL,32803,Orange County,28.535239,-81.344487,single_family,3.0,2.0,1457.0,7790.5,1955.0,Inactive,359000,2020-09-22T00:42:20.650Z,686,12.791080452981857
"3011-Huntington-St,-Orlando,-FL-32803","3011 Huntington St, Orlando, FL 32803",3011 Huntington St,,Orlando,FL,32803,Orange County,28.533076,-81.344967,single_family,3.0,2.0,1515.0,7790.5,1955.0,Inactive,340000,2020-12-09T15:27:34.706Z,607,12.73670383776449
"2723-Newark-Way,-Orlando,-FL-32803","2723 Newark Way, Orlando, FL 32803",2723 Newark Way,,Orlando,FL,32803,Orange County,28.537134,-81.348264,single_family,3.0,1.0,1340.0,7790.5,1955.0,Inactive,339000,2020-12-23T16:32:34.348Z,593,12.733758336210744
"505-Hillside-Ave,-Orlando,-FL-32803","505 Hillside Ave, Orlando, FL 32803",505 Hillside Ave,,Orlando,FL,32803,Orange County,28.549704,-81.353809,single_family,3.0,2.0,1190.0,7790.5,1955.0,Inactive,334990,2020-09-22T00:28:41.125Z,686,12.721858944774674
"3900-Chelsea-St,-Orlando,-FL-32803","3900 Chelsea St, Orlando, FL 32803",3900 Chelsea St,,Orlando,FL,32803,Orange County,28.562622,-81.336829,single_family,3.0,2.0,1413.0,7790.5,1955.0,Inactive,327000,2020-10-13T16:37:54.767Z,664,12.69771850797869
"722-Woodward-St,-Orlando,-FL-32803","722 Woodward St, Orlando, FL 32803",722 Woodward St,,Orlando,FL,32803,Orange County,28.553826,-81.36763,single_family,2.0,1.0,1070.0,7790.5,1955.0,Inactive,325000,2020-09-22T00:28:41.127Z,686,12.691583538230217
"2807-E-Marks-St,-Orlando,-FL-32803","2807 E Marks St, Orlando, FL 32803",2807 E Marks St,,Orlando,FL,32803,Orange County,28.557676,-81.347563,single_family,3.0,2.0,1250.0,7790.5,1955.0,Inactive,324900,2020-09-22T00:23:43.445Z,686,12.691275799522568
"3323-Pelham-Rd,-Orlando,-FL-32803","3323 Pelham Rd, Orlando, FL 32803",3323 Pelham Rd,,Orlando,FL,32803,Orange County,28.58068,-81.372103,single_family,2.0,1.0,1058.0,7790.5,1955.0,Inactive,324900,2020-10-17T16:15:17.764Z,660,12.691275799522568
"1625-Dauphin-Ln,-Orlando,-FL-32803","1625 Dauphin Ln, Orlando, FL 32803",1625 Dauphin Ln,,Orlando,FL,32803,Orange County,28.566248,-81.366988,single_family,2.0,2.0,1050.0,7790.5,1955.0,Inactive,324900,2020-10-17T16:16:14.163Z,660,12.691275799522568
"3009-E-Central-Blvd,-Unit-3009,-Orlando,-FL-32803","3009 E Central Blvd, Unit 3009, Orlando, FL 32803",3009 E Central Blvd,Unit 3009,Orlando,FL,32803,Orange County,28.542608,-81.345247,condo,3.0,2.0,2090.0,7790.5,1955.0,Inactive,307500,2020-10-15T17:59:45.930Z,662,12.636233618255941
"100-S-Primrose-Dr,-Orlando,-FL-32803","100 S Primrose Dr, Orlando, FL 32803",100 S Primrose Dr,,Orlando,FL,32803,Orange County,28.541219,-81.348067,condo,2.0,2.0,1534.0,7790.5,1955.0,Inactive,305000,2020-10-19T16:30:29.659Z,658,12.628070334272698
"914-N-Shine-Ave,-Orlando,-FL-32803","914 N Shine Ave, Orlando, FL 32803",914 N Shine Ave,,Orlando,FL,32803,Orange County,28.557306,-81.362701,single_family,2.0,1.0,972.0,7790.5,1955.0,Inactive,300000,2020-09-21T23:36:03.432Z,686,12.611541086966115
"1824-Woodward-St,-Orlando,-FL-32803","1824 Woodward St, Orlando, FL 32803",1824 Woodward St,,Orlando,FL,32803,Orange County,28.553782,-81.357871,single_family,3.0,1.0,1241.0,7790.5,1955.0,Inactive,299900,2020-09-21T23:36:03.426Z,686,12.611207699176356
"1603-N-Forest-Ave,-Orlando,-FL-32803","1603 N Forest Ave, Orlando, FL 32803",1603 N Forest Ave,,Orlando,FL,32803,Orange County,28.565871,-81.354894,single_family,2.0,1.0,1258.0,7790.5,1955.0,Inactive,299900,2020-10-02T16:31:29.356Z,675,12.611207699176356
"2124-Stanley-St,-Orlando,-FL-32803","2124 Stanley St, Orlando, FL 32803",2124 Stanley St,,Orlando,FL,32803,Orange County,28.548796,-81.354033,single_family,2.0,1.0,1106.0,7790.5,1955.0,Inactive,292500,2020-11-05T16:07:26.078Z,641,12.586223364451623
"1019-N-Hampton-Ave,-Orlando,-FL-32803","1019 N Hampton Ave, Orlando, FL 32803",1019 N Hampton Ave,,Orlando,FL,32803,Orange County,28.559272,-81.355919,single_family,3.0,2.0,1043.0,7790.5,1955.0,Inactive,279000,2020-10-10T16:26:40.697Z,667,12.53897064502647
"734-Eldridge-St,-Orlando,-FL-32803","734 Eldridge St, Orlando, FL 32803",734 Eldridge St,,Orlando,FL,32803,Orange County,28.554873,-81.321682,single_family,3.0,2.0,1214.0,7790.5,1955.0,Inactive,259900,2020-09-21T22:39:06.636Z,686,12.468056068255885
"2980-Plaza-Terrace-Dr,-Unit-2980,-Orlando,-FL-32803","2980 Plaza Terrace Dr, Unit 2980, Orlando, FL 32803",2980 Plaza Terrace Dr,Unit 2980,Orlando,FL,32803,Orange County,28.561611,-81.344913,condo,2.0,2.0,890.0,7790.5,1955.0,Inactive,209900,2020-12-24T13:31:49.336Z,592,12.254391269970792
"621-Cathcart-Ave,-Apt-9,-Orlando,-FL-32803","621 Cathcart Ave, Apt 9, Orlando, FL 32803",621 Cathcart Ave,Apt 9,Orlando,FL,32803,Orange County,28.551726,-81.370248,condo,2.0,2.0,878.0,7790.5,1955.0,Inactive,198500,2020-12-15T14:25:59.379Z,601,12.198549416880068
"2982-Plaza-Terrace-Dr,-Unit-2982,-Orlando,-FL-32803","2982 Plaza Terrace Dr, Unit 2982, Orlando, FL 32803",2982 Plaza Terrace Dr,Unit 2982,Orlando,FL,32803,Orange County,28.561611,-81.344913,condo,2.0,2.0,890.0,7790.5,1955.0,Inactive,195000,2020-11-11T16:52:51.201Z,635,12.180759965737863
"4392-Lake-Underhill-Rd,-Unit-201A,-Orlando,-FL-32803","4392 Lake Underhill Rd, Unit 201A, Orlando, FL 32803",4392 Lake Underhill Rd,Unit 201A,Orlando,FL,32803,Orange County,28.535363,-81.333076,condo,2.0,2.0,1250.0,7790.5,1955.0,Inactive,180000,2020-12-18T15:06:54.919Z,598,12.100717685412471
"2525-Kilgore-St,-Unit-101,-Orlando,-FL-32803","2525 Kilgore St, Unit 101, Orlando, FL 32803",2525 Kilgore St,Unit 101,Orlando,FL,32803,Orange County,28.543514,-81.350124,condo,2.0,2.0,823.0,7790.5,1955.0,Inactive,160000,2020-11-14T13:41:33.179Z,632,11.982935344196433
"4206-Lake-Underhill-Rd,-Unit-3C7,-Orlando,-FL-32803","4206 Lake Underhill Rd, Unit 3C7, Orlando, FL 32803",4206 Lake Underhill Rd,Unit 3C7,Orlando,FL,32803,Orange County,28.535363,-81.333076,condo,2.0,2.0,1250.0,7790.5,1955.0,Inactive,150000,2020-12-11T12:56:52.613Z,605,11.918397239722838
"3106-Plaza-Terrace-Dr,-Unit-3106,-Orlando,-FL-32803","3106 Plaza Terrace Dr, Unit 3106, Orlando, FL 32803",3106 Plaza Terrace Dr,Unit 3106,Orlando,FL,32803,Orange County,28.561561,-81.343379,condo,1.0,1.0,663.0,7790.5,1955.0,Inactive,143500,2020-11-04T09:27:59.843Z,642,11.874097282798648
"1316-Margate-Ave,-Orlando,-FL-32803","1316 Margate Ave, Orlando, FL 32803",1316 Margate Ave,,Orlando,FL,32803,Orange County,28.563616,-81.351161,single_family,2.0,1.0,891.0,7790.5,1955.0,Inactive,285000,2020-10-28T15:51:48.123Z,649,12.560247968016562
"4337-Hargrave-St,-Orlando,-FL-32803","4337 Hargrave St, Orlando, FL 32803",4337 Hargrave St,,Orlando,FL,32803,Orange County,28.554586,-81.325828,single_family,4.0,3.0,2174.0,7790.5,1955.0,Inactive,469900,2020-09-22T02:00:59.478Z,685,13.060277313201007
"930-Floral-Dr,-Orlando,-FL-32803","930 Floral Dr, Orlando, FL 32803",930 Floral Dr,,Orlando,FL,32803,Orange County,28.557999,-81.353068,single_family,2.0,2.0,900.0,7790.5,1955.0,Inactive,285000,2020-11-11T17:31:33.393Z,635,12.560247968016562
"4354-Hargrave-St,-Orlando,-FL-32803","4354 Hargrave St, Orlando, FL 32803",4354 Hargrave St,,Orlando,FL,32803,Orange County,28.554174,-81.324871,single_family,2.0,2.0,840.0,7790.5,1955.0,Inactive,250000,2020-09-21T21:33:14.057Z,686,12.429220196836383
"1413-N-Fern-Creek-Ave,-Orlando,-FL-32803","1413 N Fern Creek Ave, Orlando, FL 32803",1413 N Fern Creek Ave,,Orlando,FL,32803,Orange County,28.564573,-81.360208,apartment,4.0,2.0,1602.0,7790.5,1955.0,Inactive,396000,2020-11-06T16:53:58.697Z,640,12.889172015485954
"1321-Spokane-Ave,-Orlando,-FL-32803","1321 Spokane Ave, Orlando, FL 32803",1321 Spokane Ave,,Orlando,FL,32803,Orange County,28.56307,-81.361244,single_family,2.0,1.0,936.0,7790.5,1955.0,Inactive,355000,2020-11-06T16:43:35.803Z,640,12.779875885354993
"1614-Weber-St,-Orlando,-FL-32803","1614 Weber St, Orlando, FL 32803",1614 Weber St,,Orlando,FL,32803,Orange County,28.558358,-81.359745,single_family,2.0,2.0,1175.0,7790.5,1955.0,Inactive,329000,2020-11-01T18:01:29.990Z,645,12.703816069256568
"711-E-Ridgewood-St,-Orlando,-FL-32803","711 E Ridgewood St, Orlando, FL 32803",711 E Ridgewood St,,Orlando,FL,32803,Orange County,28.546952,-81.368022,single_family,4.0,3.0,2959.0,7790.5,1955.0,Inactive,564900,2020-09-22T02:09:16.544Z,685,13.244405773536606
"917-Herman-Ave,-Orlando,-FL-32803","917 Herman Ave, Orlando, FL 32803",917 Herman Ave,,Orlando,FL,32803,Orange County,28.555998,-81.323362,single_family,3.0,2.0,1328.0,7790.5,1955.0,Inactive,329900,2020-10-10T16:52:12.873Z,667,12.706547888433661
"1905-Stanley-St,-Orlando,-FL-32803","1905 Stanley St, Orlando, FL 32803",1905 Stanley St,,Orlando,FL,32803,Orange County,28.549282,-81.357361,single_family,2.0,1.0,980.0,7790.5,1955.0,Inactive,289890,2020-10-06T16:58:01.160Z,671,12.577260269239838
"519-E-Amelia-St,-Orlando,-FL-32803","519 E Amelia St, Orlando, FL 32803",519 E Amelia St,,Orlando,FL,32803,Orange County,28.549696,-81.370947,single_family,3.0,2.0,1956.0,7790.5,1955.0,Inactive,525000,2020-10-28T17:23:57.155Z,649,13.171155446333852
"2001-Merritt-Park-Dr,-Orlando,-FL-32803","2001 Merritt Park Dr, Orlando, FL 32803",2001 Merritt Park Dr,,Orlando,FL,32803,Orange County,28.570205,-81.353899,single_family,3.0,2.0,1650.0,7790.5,1955.0,Inactive,399900,2020-10-27T17:21:16.604Z,650,12.89897229545694
"2009-Valencia-Rd,-Orlando,-FL-32803","2009 Valencia Rd, Orlando, FL 32803",2009 Valencia Rd,,Orlando,FL,32803,Orange County,28.548447,-81.35565,single_family,2.0,1.0,998.0,7790.5,1955.0,Inactive,294000,2020-10-15T17:54:23.951Z,662,12.591338447675579
"1814-Nebraska-St,-Orlando,-FL-32803","1814 Nebraska St, Orlando, FL 32803",1814 Nebraska St,,Orlando,FL,32803,Orange County,28.565397,-81.35789,single_family,2.0,2.0,1294.0,7790.5,1955.0,Inactive,384900,2020-12-10T16:02:29.288Z,606,12.860741437345885
"547-N-Fern-Creek-Ave,-Orlando,-FL-32803","547 N Fern Creek Ave, Orlando, FL 32803",547 N Fern Creek Ave,,Orlando,FL,32803,Orange County,28.55106,-81.360067,condo,3.0,2.0,1721.0,7790.5,1955.0,Inactive,425000,2020-09-22T01:31:21.047Z,685,12.959846800844963
"1420-Asher-Ln,-Orlando,-FL-32803","1420 Asher Ln, Orlando, FL 32803",1420 Asher Ln,,Orlando,FL,32803,Orange County,28.564876,-81.369499,single_family,3.0,1.0,1200.0,7790.5,1955.0,Inactive,370000,2020-10-29T16:28:33.617Z,648,12.821260987319457
"1055-Terrace-Blvd,-Orlando,-FL-32803","1055 Terrace Blvd, Orlando, FL 32803",1055 Terrace Blvd,,Orlando,FL,32803,Orange County,28.560748,-81.367519,single_family,3.0,2.0,1421.0,7790.5,1955.0,Inactive,449000,2020-09-23T22:12:24.480Z,684,13.014780393893403
"1617-Mount-Vernon-St,-Orlando,-FL-32803","1617 Mount Vernon St, Orlando, FL 32803",1617 Mount Vernon St,,Orlando,FL,32803,Orange County,28.550646,-81.359373,single_family,2.0,1.0,720.0,7790.5,1955.0,Inactive,287900,2020-10-09T16:36:21.591Z,668,12.570371950022508
"400-E-Colonial-Dr,-Orlando,-FL-32803","400 E Colonial Dr, Orlando, FL 32803",400 E Colonial Dr,,Orlando,FL,32803,Orange County,28.552804,-81.372234,condo,2.0,2.0,1109.0,7790.5,1955.0,Inactive,265000,2020-12-08T13:54:14.513Z,608,12.487488878546145
"1100-Dorchester-St,-Orlando,-FL-32803","1100 Dorchester St, Orlando, FL 32803",1100 Dorchester St,,Orlando,FL,32803,Orange County,28.576791,-81.365976,single_family,4.0,3.0,3253.0,7790.5,1955.0,Inactive,998500,2020-09-22T02:30:20.453Z,685,13.814010433339758
"806-Montana-St,-Units-804-&-806,-Orlando,-FL-32803","806 Montana St, Units 804 & 806, Orlando, FL 32803",806 Montana St,Units 804 & 806,Orlando,FL,32803,Orange County,28.561868,-81.36711,apartment,5.0,3.0,2353.0,7790.5,1955.0,Inactive,415000,2020-10-22T16:39:31.377Z,655,12.936036208848487
"1743-Gay-Dr,-Orlando,-FL-32803","1743 Gay Dr, Orlando, FL 32803",1743 Gay Dr,,Orlando,FL,32803,Orange County,28.568126,-81.361591,single_family,2.0,2.0,1523.0,7790.5,1955.0,Inactive,415000,2020-09-22T01:31:21.047Z,685,12.936036208848487
"2816-Plaza-Terrace-Dr,-Unit-2816,-Orlando,-FL-32803","2816 Plaza Terrace Dr, Unit 2816, Orlando, FL 32803",2816 Plaza Terrace Dr,Unit 2816,Orlando,FL,32803,Orange County,28.562054,-81.347833,condo,2.0,2.0,890.0,7790.5,1955.0,Inactive,194900,2020-11-06T14:58:24.928Z,640,12.180247016318816
"2609-2611-Marble-Ave,-Orlando,-FL-32803","2609/2611 Marble Ave, Orlando, FL 32803",2609/2611 Marble Ave,,Orlando,FL,32803,Orange County,28.569033,-81.347204,apartment,4.0,2.0,1600.0,7790.5,1955.0,Inactive,375000,2020-10-13T17:35:08.755Z,664,12.834683971615659
"4011-Ibis-Dr,-Orlando,-FL-32803","4011 Ibis Dr, Orlando, FL 32803",4011 Ibis Dr,,Orlando,FL,32803,Orange County,28.562325,-81.335255,single_family,3.0,2.0,1304.0,7790.5,1955.0,Inactive,359000,2020-10-28T16:46:50.845Z,649,12.791080452981857
"1703-N-Forest-Ave,-Orlando,-FL-32803","1703 N Forest Ave, Orlando, FL 32803",1703 N Forest Ave,,Orlando,FL,32803,Orange County,28.566696,-81.354905,single_family,3.0,2.0,1138.0,7790.5,1955.0,Inactive,350000,2020-10-18T17:25:32.054Z,659,12.765691290604371
"2912-Westchester-Ave,-Orlando,-FL-32803","2912 Westchester Ave, Orlando, FL 32803",2912 Westchester Ave,,Orlando,FL,32803,Orange County,28.577393,-81.36656,single_family,5.0,4.0,4631.0,7790.5,1955.0,Inactive,1225000,2020-10-10T17:57:42.792Z,667,14.018452218287162
"1003-N-Fern-Creek-Ave,-Orlando,-FL-32803","1003 N Fern Creek Ave, Orlando, FL 32803",1003 N Fern Creek Ave,,Orlando,FL,32803,Orange County,28.558869,-81.360068,single_family,4.0,3.0,2368.0,7790.5,1955.0,Inactive,499000,2020-09-22T02:04:29.694Z,685,13.120363378739663
"1519-Falcon-Ct,-Orlando,-FL-32803","1519 Falcon Ct, Orlando, FL 32803",1519 Falcon Ct,,Orlando,FL,32803,Orange County,28.565619,-81.345349,single_family,3.0,2.0,1475.0,7790.5,1955.0,Inactive,429000,2020-09-22T01:51:28.776Z,685,12.969214528909768
"1106-Mount-Vernon-St,-Orlando,-FL-32803","1106 Mount Vernon St, Orlando, FL 32803",1106 Mount Vernon St,,Orlando,FL,32803,Orange County,28.550124,-81.365172,single_family,3.0,2.0,1706.0,7790.5,1955.0,Inactive,399000,2020-09-23T21:41:44.118Z,684,12.896719202134523
"3808-Corrine-Dr,-Orlando,-FL-32803","3808 Corrine Dr, Orlando, FL 32803",3808 Corrine Dr,,Orlando,FL,32803,Orange County,28.567614,-81.337425,single_family,3.0,2.0,1970.0,7790.5,1955.0,Inactive,385000,2020-09-22T01:17:45.708Z,685,12.861001210669146
"2619-E-Jackson-St,-Orlando,-FL-32803","2619 E Jackson St, Orlando, FL 32803",2619 E Jackson St,,Orlando,FL,32803,Orange County,28.539881,-81.348951,condo,3.0,2.0,1690.0,7790.5,1955.0,Inactive,369900,2020-10-17T16:29:12.494Z,660,12.820990681250251
"2240-Valencia-Rd,-Orlando,-FL-32803","2240 Valencia Rd, Orlando, FL 32803",2240 Valencia Rd,,Orlando,FL,32803,Orange County,28.548669,-81.352683,single_family,3.0,2.0,1518.0,7790.5,1955.0,Inactive,350000,2020-09-22T00:38:43.390Z,685,12.765691290604371
"2616-Kilgore-St,-Unit-2,-Orlando,-FL-32803","2616 Kilgore St, Unit 2, Orlando, FL 32803",2616 Kilgore St,Unit 2,Orlando,FL,32803,Orange County,28.543018,-81.3491,condo,3.0,2.0,1812.0,7790.5,1955.0,Inactive,325000,2020-09-23T21:07:03.657Z,684,12.691583538230217
"719-Mount-Vernon-St,-Apt-3,-Orlando,-FL-32803","719 Mount Vernon St, Apt 3, Orlando, FL 32803",719 Mount Vernon St,Apt 3,Orlando,FL,32803,Orange County,28.550697,-81.36785,condo,2.0,1.0,812.0,7790.5,1955.0,Inactive,194000,2020-09-20T19:35:01.638Z,687,12.175618592671356
"432-Westminster-St,-Orlando,-FL-32803","432 Westminster St, Orlando, FL 32803",432 Westminster St,,Orlando,FL,32803,Orange County,28.581625,-81.371851,single_family,4.0,3.0,2752.0,7790.5,1955.0,Inactive,749900,2020-09-22T02:25:26.733Z,685,13.527696476799726
"1305-Cardinal-Rd,-Orlando,-FL-32803","1305 Cardinal Rd, Orlando, FL 32803",1305 Cardinal Rd,,Orlando,FL,32803,Orange County,28.563822,-81.34228,single_family,3.0,3.0,1657.0,7790.5,1955.0,Inactive,474900,2020-10-14T17:38:30.801Z,663,13.07086164024146
"1141-Morris-Ave,-Unit-1,-Orlando,-FL-32803","1141 Morris Ave, Unit 1, Orlando, FL 32803",1141 Morris Ave,Unit 1,Orlando,FL,32803,Orange County,28.561966,-81.357551,condo,3.0,2.0,1870.0,7790.5,1955.0,Inactive,415900,2020-10-05T17:12:10.935Z,672,12.938202530152253
"725-Jamajo-Blvd,-Orlando,-FL-32803","725 Jamajo Blvd, Orlando, FL 32803",725 Jamajo Blvd,,Orlando,FL,32803,Orange County,28.554491,-81.324358,single_family,2.0,1.0,768.0,7790.5,1955.0,Inactive,139900,2020-11-07T11:41:37.329Z,639,11.848690308590857
"628-E-Amelia-St,-Orlando,-FL-32803","628 E Amelia St, Orlando, FL 32803",628 E Amelia St,,Orlando,FL,32803,Orange County,28.549162,-81.369399,apartment,4.0,4.0,3097.0,7790.5,1955.0,Inactive,699000,2020-09-22T02:24:02.337Z,685,13.457407451830088
"636-S-Hampton-Ave,-Orlando,-FL-32803","636 S Hampton Ave, Orlando, FL 32803",636 S Hampton Ave,,Orlando,FL,32803,Orange County,28.533679,-81.355725,single_family,2.0,2.0,1529.0,7790.5,1955.0,Inactive,384900,2020-09-22T01:02:18.138Z,685,12.860741437345885
"3112-Clemwood-St,-Orlando,-FL-32803","3112 Clemwood St, Orlando, FL 32803",3112 Clemwood St,,Orlando,FL,32803,Orange County,28.531633,-81.343995,single_family,3.0,2.0,1507.0,7790.5,1955.0,Inactive,345000,2020-10-16T17:11:49.177Z,661,12.75130259456002
"2802-E-Pine-St,-Orlando,-FL-32803","2802 E Pine St, Orlando, FL 32803",2802 E Pine St,,Orlando,FL,32803,Orange County,28.541414,-81.347477,single_family,4.0,2.0,1547.0,7790.5,1955.0,Inactive,335000,2020-10-21T16:55:05.931Z,656,12.721888795877375
"2708-E-Pine-St,-Orlando,-FL-32803","2708 E Pine St, Orlando, FL 32803",2708 E Pine St,,Orlando,FL,32803,Orange County,28.541157,-81.348398,condo,2.0,2.0,1300.0,7790.5,1955.0,Inactive,199900,2020-10-24T15:05:27.681Z,653,12.20557752297723
"2110-Anderson-Pl,-Orlando,-FL-32803","2110 Anderson Pl, Orlando, FL 32803",2110 Anderson Pl,,Orlando,FL,32803,Orange County,28.536589,-81.354354,single_family,3.0,2.0,2050.0,7790.5,1955.0,Inactive,615000,2020-10-15T19:02:42.996Z,662,13.329379172803593
"2121-E-Washington-St,-Orlando,-FL-32803","2121 E Washington St, Orlando, FL 32803",2121 E Washington St,,Orlando,FL,32803,Orange County,28.544303,-81.354105,single_family,3.0,1.0,1320.0,7790.5,1955.0,Inactive,359900,2020-10-07T17:34:21.368Z,670,12.79358427261286
"3811-Ibis-Dr,-Orlando,-FL-32803","3811 Ibis Dr, Orlando, FL 32803",3811 Ibis Dr,,Orlando,FL,32803,Orange County,28.562321,-81.336991,single_family,3.0,2.0,1698.0,7790.5,1955.0,Inactive,389000,2020-10-06T17:38:47.016Z,671,12.871337193291367
"427-Sunglow-Ct,-Orlando,-FL-32803","427 Sunglow Ct, Orlando, FL 32803",427 Sunglow Ct,,Orlando,FL,32803,Orange County,28.53732,-81.344128,single_family,3.0,2.0,1238.0,7790.5,1955.0,Inactive,324900,2020-10-29T16:02:49.239Z,648,12.691275799522568
"834-Kenilworth-Ter,-Orlando,-FL-32803","834 Kenilworth Ter, Orlando, FL 32803",834 Kenilworth Ter,,Orlando,FL,32803,Orange County,28.556161,-81.370837,single_family,3.0,2.0,1816.0,7790.5,1955.0,Inactive,499900,2020-09-22T02:06:59.988Z,685,13.12216535779974
"520-Sunrise-Dr,-Orlando,-FL-32803","520 Sunrise Dr, Orlando, FL 32803",520 Sunrise Dr,,Orlando,FL,32803,Orange County,28.536337,-81.346943,single_family,3.0,2.0,1670.0,7790.5,1955.0,Inactive,369999,2020-09-22T00:55:42.180Z,685,12.821258284620408
"2923-Pickfair-St,-Orlando,-FL-32803","2923 Pickfair St, Orlando, FL 32803",2923 Pickfair St,,Orlando,FL,32803,Orange County,28.534893,-81.345733,single_family,2.0,1.0,747.0,7790.5,1955.0,Inactive,275000,2020-10-07T16:51:10.672Z,670,12.524530013005734
"625-E-Amelia-St,-Apt-A,-Orlando,-FL-32803","625 E Amelia St, Apt A, Orlando, FL 32803",625 E Amelia St,Apt A,Orlando,FL,32803,Orange County,28.549879,-81.369806,condo,2.0,2.0,1024.0,7790.5,1955.0,Inactive,195000,2020-09-23T17:32:12.733Z,684,12.180759965737863
"1527-Mount-Vernon-St,-Orlando,-FL-32803","1527 Mount Vernon St, Orlando, FL 32803",1527 Mount Vernon St,,Orlando,FL,32803,Orange County,28.550658,-81.360443,single_family,3.0,2.0,1908.0,7790.5,1955.0,Inactive,425000,2020-09-22T01:51:28.771Z,685,12.959846800844963
"2918-Pickfair-St,-Orlando,-FL-32803","2918 Pickfair St, Orlando, FL 32803",2918 Pickfair St,,Orlando,FL,32803,Orange County,28.534353,-81.345914,single_family,3.0,1.0,891.0,7790.5,1955.0,Inactive,299900,2020-10-09T16:36:21.589Z,668,12.611207699176356
"718-Woodward-St,-Orlando,-FL-32803","718 Woodward St, Orlando, FL 32803",718 Woodward St,,Orlando,FL,32803,Orange County,28.553827,-81.367785,single_family,1.0,1.0,572.0,7790.5,1955.0,Inactive,249900,2020-09-21T22:39:06.639Z,685,12.428820118415677
"1106-Munster-St,-Orlando,-FL-32803","1106 Munster St, Orlando, FL 32803",1106 Munster St,,Orlando,FL,32803,Orange County,28.57804,-81.36535,single_family,3.0,2.0,2094.0,7790.5,1955.0,Inactive,645000,2020-09-22T02:20:11.222Z,685,13.377007146164305
"1802-E-Marks-St,-Unit-2,-Orlando,-FL-32803","1802 E Marks St, Unit 2, Orlando, FL 32803",1802 E Marks St,Unit 2,Orlando,FL,32803,Orange County,28.556462,-81.358145,condo,3.0,2.0,1800.0,7790.5,1955.0,Inactive,374999,2020-09-26T22:00:34.038Z,681,12.834681304952548
"1056-Avila-Ln,-Orlando,-FL-32803","1056 Avila Ln, Orlando, FL 32803",1056 Avila Ln,,Orlando,FL,32803,Orange County,28.559704,-81.319406,single_family,3.0,2.0,1862.0,7790.5,1955.0,Inactive,368200,2020-09-22T00:42:20.650Z,685,12.81638426369269
"2537-Shrewsbury-Rd,-Orlando,-FL-32803","2537 Shrewsbury Rd, Orlando, FL 32803",2537 Shrewsbury Rd,,Orlando,FL,32803,Orange County,28.575256,-81.359244,single_family,4.0,3.0,2790.0,7790.5,1955.0,Inactive,925000,2020-09-30T17:48:28.097Z,677,13.73755009757506
"1865-Oak-Ln,-Orlando,-FL-32803","1865 Oak Ln, Orlando, FL 32803",1865 Oak Ln,,Orlando,FL,32803,Orange County,28.569606,-81.350599,single_family,4.0,3.0,2242.0,7790.5,1955.0,Inactive,689900,2020-10-05T17:37:27.282Z,672,13.444303388018582
"3020-Plaza-Terrace-Dr,-Unit-3020,-Orlando,-FL-32803","3020 Plaza Terrace Dr, Unit 3020, Orlando, FL 32803",3020 Plaza Terrace Dr,Unit 3020,Orlando,FL,32803,Orange County,28.561561,-81.344463,condo,2.0,2.0,890.0,7790.5,1955.0,Inactive,185000,2020-09-20T19:16:03.702Z,687,12.128116509451258
"1245-Munster-St,-Orlando,-FL-32803","1245 Munster St, Orlando, FL 32803",1245 Munster St,,Orlando,FL,32803,Orange County,28.578516,-81.362441,single_family,4.0,3.0,2772.0,7790.5,1955.0,Inactive,735000,2020-09-26T22:38:20.844Z,680,13.507627138738266
"1818-Palm-Ln,-Orlando,-FL-32803","1818 Palm Ln, Orlando, FL 32803",1818 Palm Ln,,Orlando,FL,32803,Orange County,28.569316,-81.352073,single_family,2.0,2.0,1652.0,7790.5,1955.0,Inactive,475000,2020-10-06T17:57:42.880Z,671,13.07107218827772
"1210-Portland-Ave,-Orlando,-FL-32803","1210 Portland Ave, Orlando, FL 32803",1210 Portland Ave,,Orlando,FL,32803,Orange County,28.561786,-81.363662,single_family,3.0,2.0,1426.0,7790.5,1955.0,Inactive,423000,2020-09-23T22:09:44.358Z,683,12.955129822091815
"1219-Cole-Rd,-Orlando,-FL-32803","1219 Cole Rd, Orlando, FL 32803",1219 Cole Rd,,Orlando,FL,32803,Orange County,28.563218,-81.348225,single_family,4.0,2.0,1656.0,7790.5,1955.0,Inactive,395000,2020-10-05T17:04:30.660Z,672,12.886643575525625
"836-Mayfair-Cir,-Orlando,-FL-32803","836 Mayfair Cir, Orlando, FL 32803",836 Mayfair Cir,,Orlando,FL,32803,Orange County,28.535998,-81.353631,single_family,2.0,1.0,1250.0,7790.5,1955.0,Inactive,310000,2020-09-23T20:48:20.709Z,684,12.644330802262578
"2823-E-Washington-St,-Orlando,-FL-32803","2823 E Washington St, Orlando, FL 32803",2823 E Washington St,,Orlando,FL,32803,Orange County,28.544432,-81.346862,apartment,4.0,2.0,1616.0,7790.5,1955.0,Inactive,349900,2020-10-09T16:54:51.584Z,668,12.765405536311112
"2001-Palm-Ln,-Orlando,-FL-32803","2001 Palm Ln, Orlando, FL 32803",2001 Palm Ln,,Orlando,FL,32803,Orange County,28.570668,-81.35166,single_family,3.0,2.0,2065.0,7790.5,1955.0,Inactive,450000,2020-09-22T01:55:47.925Z,685,13.017005083966255
"775-Lake-Baldwin-Ln,-Orlando,-FL-32803","775 Lake Baldwin Ln, Orlando, FL 32803",775 Lake Baldwin Ln,,Orlando,FL,32803,Orange County,28.555097,-81.327045,condo,3.0,2.0,2000.0,7790.5,1955.0,Inactive,439000,2020-10-07T17:46:39.772Z,670,12.992256969959042
"727-Braidwood-Ln,-Orlando,-FL-32803","727 Braidwood Ln, Orlando, FL 32803",727 Braidwood Ln,,Orlando,FL,32803,Orange County,28.532503,-81.338688,single_family,2.0,1.0,897.0,7790.5,1955.0,Inactive,289000,2020-10-14T16:04:15.999Z,663,12.574185427296195
"826-Kenilworth-Ter,-Orlando,-FL-32803","826 Kenilworth Ter, Orlando, FL 32803",826 Kenilworth Ter,,Orlando,FL,32803,Orange County,28.555984,-81.370825,single_family,4.0,3.0,3158.0,7790.5,1955.0,Inactive,794000,2020-09-22T02:27:04.523Z,685,13.584839999674324
"2500-Kilgore-St,-Unit-37,-Orlando,-FL-32803","2500 Kilgore St, Unit 37, Orlando, FL 32803",2500 Kilgore St,Unit 37,Orlando,FL,32803,Orange County,28.542951,-81.350969,condo,1.0,1.0,537.0,7790.5,1955.0,Inactive,125000,2020-09-29T11:12:16.685Z,678,11.736077016252437
"1114-N-Hampton-Ave,-Orlando,-FL-32803","1114 N Hampton Ave, Orlando, FL 32803",1114 N Hampton Ave,,Orlando,FL,32803,Orange County,28.561103,-81.356558,single_family,3.0,1.0,1246.0,7790.5,1955.0,Inactive,335000,2020-09-22T00:05:03.282Z,685,12.721888795877375
"1145-Morris-Ave,-Orlando,-FL-32803","1145 Morris Ave, Orlando, FL 32803",1145 Morris Ave,,Orlando,FL,32803,Orange County,28.562108,-81.357672,single_family,3.0,2.0,1430.0,7790.5,1955.0,Inactive,345000,2020-09-22T00:23:46.992Z,685,12.75130259456002
"3633-Bobolink-Ln,-Orlando,-FL-32803","3633 Bobolink Ln, Orlando, FL 32803",3633 Bobolink Ln,,Orlando,FL,32803,Orange County,28.566435,-81.339006,single_family,3.0,2.0,1432.0,7790.5,1955.0,Inactive,379000,2020-09-26T22:00:34.049Z,680,12.84529412258351
"1850-Wycliff-Dr,-Orlando,-FL-32803","1850 Wycliff Dr, Orlando, FL 32803",1850 Wycliff Dr,,Orlando,FL,32803,Orange County,28.569332,-81.36123,single_family,4.0,3.0,2610.0,7790.5,1955.0,Inactive,1275000,2020-09-22T02:39:54.743Z,685,14.058457520888082
"763-Lake-Baldwin-Ln,-Orlando,-FL-32803","763 Lake Baldwin Ln, Orlando, FL 32803",763 Lake Baldwin Ln,,Orlando,FL,32803,Orange County,28.554763,-81.327044,condo,3.0,2.0,1985.0,7790.5,1955.0,Inactive,405000,2020-09-22T01:27:30.309Z,685,12.91164481522143
"930-Garden-Plz,-Orlando,-FL-32803","930 Garden Plz, Orlando, FL 32803",930 Garden Plz,,Orlando,FL,32803,Orange County,28.557898,-81.354504,single_family,2.0,2.0,1250.0,7790.5,1955.0,Inactive,289900,2020-09-26T21:17:13.524Z,681,12.57729476436913
"1805-Woodward-St,-Orlando,-FL-32803","1805 Woodward St, Orlando, FL 32803",1805 Woodward St,,Orlando,FL,32803,Orange County,28.554298,-81.358658,single_family,4.0,3.0,1891.0,7790.5,1955.0,Inactive,399000,2020-09-22T01:18:31.310Z,685,12.896719202134523
"1300-Margate-Ave,-Orlando,-FL-32803","1300 Margate Ave, Orlando, FL 32803",1300 Margate Ave,,Orlando,FL,32803,Orange County,28.563139,-81.351092,single_family,2.0,1.0,892.0,7790.5,1955.0,Inactive,210136,2020-09-21T20:55:18.729Z,686,12.255514977944038
"1301-Spokane-Ave,-Orlando,-FL-32803","1301 Spokane Ave, Orlando, FL 32803",1301 Spokane Ave,,Orlando,FL,32803,Orange County,28.562396,-81.361235,single_family,4.0,3.0,2054.0,7790.5,1955.0,Inactive,499900,2020-09-22T02:04:29.695Z,685,13.12216535779974
"125-Hillside-Ave,-Orlando,-FL-32803","125 Hillside Ave, Orlando, FL 32803",125 Hillside Ave,,Orlando,FL,32803,Orange County,28.544934,-81.35363,single_family,3.0,2.0,1550.0,7790.5,1955.0,Inactive,475000,2020-10-22T16:54:03.344Z,655,13.07107218827772
"718-Hempstead-Ave,-Orlando,-FL-32803","718 Hempstead Ave, Orlando, FL 32803",718 Hempstead Ave,,Orlando,FL,32803,Orange County,28.532575,-81.354785,single_family,3.0,2.0,1173.0,7790.5,1955.0,Inactive,359900,2020-09-22T00:42:02.974Z,685,12.79358427261286
"2015-Virginia-Dr,-Orlando,-FL-32803","2015 Virginia Dr, Orlando, FL 32803",2015 Virginia Dr,,Orlando,FL,32803,Orange County,28.564356,-81.355659,single_family,3.0,1.0,1313.0,7790.5,1955.0,Inactive,274900,2020-09-21T22:57:25.897Z,685,12.524166311833152
"905-Jamajo-Blvd,-Orlando,-FL-32803","905 Jamajo Blvd, Orlando, FL 32803",905 Jamajo Blvd,,Orlando,FL,32803,Orange County,28.555783,-81.32436,single_family,3.0,1.0,994.0,7790.5,1955.0,Inactive,175900,2020-10-08T14:36:21.393Z,669,12.077676615757813
"2423-Norfolk-Rd,-Orlando,-FL-32803","2423 Norfolk Rd, Orlando, FL 32803",2423 Norfolk Rd,,Orlando,FL,32803,Orange County,28.573151,-81.360743,single_family,4.0,3.0,3247.0,7790.5,1955.0,Inactive,929000,2020-09-22T02:29:03.812Z,685,13.74186509422166
"1083-Avila-Ln,-Orlando,-FL-32803","1083 Avila Ln, Orlando, FL 32803",1083 Avila Ln,,Orlando,FL,32803,Orange County,28.560053,-81.319165,single_family,4.0,3.0,2034.0,7790.5,1955.0,Inactive,369000,2020-09-22T00:55:42.180Z,685,12.818554633046093
"1255-Wilkinson-St,-Orlando,-FL-32803","1255 Wilkinson St, Orlando, FL 32803",1255 Wilkinson St,,Orlando,FL,32803,Orange County,28.580256,-81.362042,single_family,3.0,3.0,2392.0,7790.5,1955.0,Inactive,785000,2020-09-22T02:25:33.343Z,685,13.573440270649085
"1016-Mount-Vernon-St,-Orlando,-FL-32803","1016 Mount Vernon St, Orlando, FL 32803",1016 Mount Vernon St,,Orlando,FL,32803,Orange County,28.550122,-81.36569,single_family,2.0,1.0,995.0,7790.5,1955.0,Inactive,299900,2020-09-21T23:36:03.433Z,685,12.611207699176356
"710-Mount-Vernon-St,-Orlando,-FL-32803","710 Mount Vernon St, Orlando, FL 32803",710 Mount Vernon St,,Orlando,FL,32803,Orange County,28.550141,-81.368042,single_family,4.0,3.0,2978.0,7790.5,1955.0,Inactive,829900,2020-09-22T02:25:33.354Z,685,13.629061695550266
"1205-Utah-Blvd,-Orlando,-FL-32803","1205 Utah Blvd, Orlando, FL 32803",1205 Utah Blvd,,Orlando,FL,32803,Orange County,28.562585,-81.352561,single_family,3.0,2.0,1200.0,7790.5,1955.0,Inactive,340000,2020-09-22T00:23:46.983Z,685,12.73670383776449
"1218-Montana-St,-Orlando,-FL-32803","1218 Montana St, Orlando, FL 32803",1218 Montana St,,Orlando,FL,32803,Orange County,28.562093,-81.363644,single_family,2.0,2.0,1059.0,7790.5,1955.0,Inactive,350000,2020-09-22T00:38:43.378Z,685,12.765691290604371
"645-E-Concord-St,-Orlando,-FL-32803","645 E Concord St, Orlando, FL 32803",645 E Concord St,,Orlando,FL,32803,Orange County,28.551214,-81.368777,single_family,3.0,2.0,1425.0,7790.5,1955.0,Inactive,350000,2020-09-22T00:38:43.376Z,685,12.765691290604371
"740-N-Fern-Creek-Ave,-Orlando,-FL-32803","740 N Fern Creek Ave, Orlando, FL 32803",740 N Fern Creek Ave,,Orlando,FL,32803,Orange County,28.55455,-81.360578,condo,3.0,2.0,2426.0,7790.5,1955.0,Inactive,415000,2020-09-22T01:27:30.306Z,685,12.936036208848487
"3011-Clemwood-St,-Orlando,-FL-32803","3011 Clemwood St, Orlando, FL 32803",3011 Clemwood St,,Orlando,FL,32803,Orange County,28.532164,-81.344958,single_family,3.0,2.0,1413.0,7790.5,1955.0,Inactive,345000,2020-09-22T00:23:46.992Z,685,12.75130259456002
"722-Garden-Plz,-Orlando,-FL-32803","722 Garden Plz, Orlando, FL 32803",722 Garden Plz,,Orlando,FL,32803,Orange County,28.554084,-81.354451,single_family,3.0,1.0,1229.0,7790.5,1955.0,Inactive,339000,2020-09-22T00:23:43.444Z,685,12.733758336210744
"1125-Morris-Ave,-Unit-2,-Orlando,-FL-32803","1125 Morris Ave, Unit 2, Orlando, FL 32803",1125 Morris Ave,Unit 2,Orlando,FL,32803,Orange County,28.561284,-81.357545,condo,3.0,2.0,1733.0,7790.5,1955.0,Inactive,369000,2020-09-22T00:42:20.650Z,685,12.818554633046093
"1410-Virginia-Dr,-Orlando,-FL-32803","1410 Virginia Dr, Orlando, FL 32803",1410 Virginia Dr,,Orlando,FL,32803,Orange County,28.563806,-81.361995,single_family,3.0,2.0,1330.0,7790.5,1955.0,Inactive,309990,2020-09-21T23:40:32.687Z,685,12.64429854378182
"4340-Rixey-St,-Orlando,-FL-32803","4340 Rixey St, Orlando, FL 32803",4340 Rixey St,,Orlando,FL,32803,Orange County,28.555041,-81.325973,single_family,3.0,2.0,2134.0,7790.5,1955.0,Inactive,468500,2020-09-22T02:00:59.470Z,685,13.057293515130054
"1006-N-Bumby-Ave,-Orlando,-FL-32803","1006 N Bumby Ave, Orlando, FL 32803",1006 N Bumby Ave,,Orlando,FL,32803,Orange County,28.558884,-81.352435,single_family,3.0,2.0,1106.0,7790.5,1955.0,Inactive,340000,2020-09-22T00:23:46.985Z,685,12.73670383776449
"1000-Montana-St,-Orlando,-FL-32803","1000 Montana St, Orlando, FL 32803",1000 Montana St,,Orlando,FL,32803,Orange County,28.561867,-81.366176,single_family,2.0,1.0,798.0,7790.5,1955.0,Inactive,244000,2020-09-21T21:20:38.128Z,685,12.404927602627597
"1414-E-Amelia-St,-Orlando,-FL-32803","1414 E Amelia St, Orlando, FL 32803",1414 E Amelia St,,Orlando,FL,32803,Orange County,28.549224,-81.361964,single_family,2.0,2.0,1546.0,7790.5,1955.0,Inactive,399000,2020-09-22T01:18:31.307Z,685,12.896719202134523
"2019-Weber-St,-Orlando,-FL-32803","2019 Weber St, Orlando, FL 32803",2019 Weber St,,Orlando,FL,32803,Orange County,28.558466,-81.355297,single_family,3.0,1.0,988.0,7790.5,1955.0,Inactive,272000,2020-09-21T22:39:06.648Z,685,12.513561021741964
"2107-E-Amelia-St,-Orlando,-FL-32803","2107 E Amelia St, Orlando, FL 32803",2107 E Amelia St,,Orlando,FL,32803,Orange County,28.549802,-81.354828,single_family,2.0,1.0,987.0,7790.5,1955.0,Inactive,235000,2020-09-21T21:20:34.700Z,685,12.367345048436391
"841-Nottingham-St,-Orlando,-FL-32803","841 Nottingham St, Orlando, FL 32803",841 Nottingham St,,Orlando,FL,32803,Orange County,28.582029,-81.368458,single_family,4.0,3.0,2264.0,7790.5,1955.0,Inactive,450000,2020-10-01T16:55:48.419Z,676,13.017005083966255
"2501-Chelsea-St,-Orlando,-FL-32803","2501 Chelsea St, Orlando, FL 32803",2501 Chelsea St,,Orlando,FL,32803,Orange County,28.562466,-81.350696,single_family,4.0,2.0,1801.0,7790.5,1955.0,Inactive,365000,2020-09-22T00:42:20.649Z,685,12.807655372286902
"3228-Pickfair-St,-Orlando,-FL-32803","3228 Pickfair St, Orlando, FL 32803",3228 Pickfair St,,Orlando,FL,32803,Orange County,28.5341,-81.342459,single_family,3.0,3.0,2106.0,7790.5,1955.0,Inactive,485000,2020-09-22T02:02:19.921Z,685,13.091906231773164
"935-Pine-Grove-Ave,-Orlando,-FL-32803","935 Pine Grove Ave, Orlando, FL 32803",935 Pine Grove Ave,,Orlando,FL,32803,Orange County,28.558019,-81.363152,apartment,6.0,4.0,3468.0,7790.5,1955.0,Inactive,749900,2020-09-22T02:25:26.733Z,685,13.527696476799726
"655-E-Park-Lake-St,-Orlando,-FL-32803","655 E Park Lake St, Orlando, FL 32803",655 E Park Lake St,,Orlando,FL,32803,Orange County,28.555169,-81.369061,single_family,2.0,2.0,1298.0,7790.5,1955.0,Inactive,459900,2020-09-22T01:55:47.948Z,685,13.038766527911386
"3305-Pelham-Rd,-Orlando,-FL-32803","3305 Pelham Rd, Orlando, FL 32803",3305 Pelham Rd,,Orlando,FL,32803,Orange County,28.580152,-81.37272,single_family,2.0,2.0,1120.0,7790.5,1955.0,Inactive,350000,2020-09-22T00:38:43.389Z,685,12.765691290604371
"4800-Roush-Ave,-Orlando,-FL-32803","4800 Roush Ave, Orlando, FL 32803",4800 Roush Ave,,Orlando,FL,32803,Orange County,28.556867,-81.320865,single_family,2.0,2.0,1049.0,7790.5,1955.0,Inactive,219900,2020-09-21T20:55:22.314Z,685,12.300932724054114
"615-E-Concord-St,-Orlando,-FL-32803","615 E Concord St, Orlando, FL 32803",615 E Concord St,,Orlando,FL,32803,Orange County,28.551355,-81.370003,single_family,5.0,4.0,2984.0,7790.5,1955.0,Inactive,799000,2020-09-22T02:25:33.348Z,685,13.591117476312084
"4876-Beach-Blvd,-Orlando,-FL-32803","4876 Beach Blvd, Orlando, FL 32803",4876 Beach Blvd,,Orlando,FL,32803,Orange County,28.560338,-81.31963,single_family,3.0,2.0,1809.0,7790.5,1955.0,Inactive,367000,2020-09-22T00:42:20.652Z,685,12.813119851828635
"44-S-Graham-Ave,-Orlando,-FL-32803","44 S Graham Ave, Orlando, FL 32803",44 S Graham Ave,,Orlando,FL,32803,Orange County,28.541496,-81.350027,condo,3.0,2.0,1460.0,7790.5,1955.0,Inactive,319900,2020-09-21T23:49:35.410Z,685,12.675766851909591
"1020-Morris-Ave,-Orlando,-FL-32803","1020 Morris Ave, Orlando, FL 32803",1020 Morris Ave,,Orlando,FL,32803,Orange County,28.559234,-81.358453,single_family,2.0,2.0,1100.0,7790.5,1955.0,Inactive,299500,2020-09-21T23:36:03.422Z,685,12.60987303543023
"1212-Cole-Rd,-Orlando,-FL-32803","1212 Cole Rd, Orlando, FL 32803",1212 Cole Rd,,Orlando,FL,32803,Orange County,28.562999,-81.348731,single_family,4.0,2.0,1258.0,7790.5,1955.0,Inactive,339900,2020-09-22T00:23:43.446Z,685,12.736409677721657
"2616-E-Pine-St,-Orlando,-FL-32803","2616 E Pine St, Orlando, FL 32803",2616 E Pine St,,Orlando,FL,32803,Orange County,28.541154,-81.348839,condo,2.0,2.0,1300.0,7790.5,1955.0,Inactive,260000,2020-09-21T21:40:35.396Z,685,12.468440756144114
"1203-Ayrshire-St,-Orlando,-FL-32803","1203 Ayrshire St, Orlando, FL 32803",1203 Ayrshire St,,Orlando,FL,32803,Orange County,28.579387,-81.364137,single_family,2.0,2.0,1649.0,7790.5,1955.0,Inactive,399999,2020-09-22T01:22:08.024Z,685,12.89921982609012
"1740-Flamingo-Dr,-Orlando,-FL-32803","1740 Flamingo Dr, Orlando, FL 32803",1740 Flamingo Dr,,Orlando,FL,32803,Orange County,28.568008,-81.362986,single_family,3.0,2.0,2018.0,7790.5,1955.0,Inactive,429000,2020-09-22T01:45:49.611Z,685,12.969214528909768
"4220-Lake-Underhill-Rd,-Apt-B,-Orlando,-FL-32803","4220 Lake Underhill Rd, Apt B, Orlando, FL 32803",4220 Lake Underhill Rd,Apt B,Orlando,FL,32803,Orange County,28.535363,-81.333076,condo,2.0,1.0,1000.0,7790.5,1955.0,Inactive,126900,2020-09-15T19:27:15.000Z,692,11.751162533892076
"820-N-Summerlin-Ave,-Orlando,-FL-32803","820 N Summerlin Ave, Orlando, FL 32803",820 N Summerlin Ave,,Orlando,FL,32803,Orange County,28.555799,-81.368818,single_family,4.0,3.0,2306.0,7790.5,1955.0,Inactive,599999,2020-09-22T02:09:44.575Z,685,13.304684934198283
"621-Hillcrest-St,-Orlando,-FL-32803","621 Hillcrest St, Orlando, FL 32803",621 Hillcrest St,,Orlando,FL,32803,Orange County,28.55255,-81.369719,single_family,3.0,2.0,1910.0,7790.5,1955.0,Inactive,569000,2020-09-22T02:09:09.640Z,685,13.251637470576167
"820-Lake-Highland-Dr,-Orlando,-FL-32803","820 Lake Highland Dr, Orlando, FL 32803",820 Lake Highland Dr,,Orlando,FL,32803,Orange County,28.561037,-81.366482,single_family,3.0,1.0,1335.0,7790.5,1955.0,Inactive,425000,2020-09-22T01:45:49.603Z,685,12.959846800844963
"1412-Haven-Dr,-Orlando,-FL-32803","1412 Haven Dr, Orlando, FL 32803",1412 Haven Dr,,Orlando,FL,32803,Orange County,28.56459,-81.366522,single_family,2.0,1.0,1184.0,7790.5,1955.0,Inactive,305000,2020-09-21T23:37:48.110Z,685,12.628070334272698
"315-S-Lakewood-Dr,-Orlando,-FL-32803","315 S Lakewood Dr, Orlando, FL 32803",315 S Lakewood Dr,,Orlando,FL,32803,Orange County,28.539061,-81.344854,single_family,3.0,1.0,1120.0,7790.5,1955.0,Inactive,235000,2020-09-21T21:20:34.698Z,685,12.367345048436391
"1627-E-Central-Blvd,-Orlando,-FL-32803","1627 E Central Blvd, Orlando, FL 32803",1627 E Central Blvd,,Orlando,FL,32803,Orange County,28.543174,-81.359074,single_family,4.0,3.0,2637.0,7790.5,1955.0,Inactive,665000,2020-09-22T02:20:11.220Z,685,13.407543823396258
"802-Park-Lake-St,-Orlando,-FL-32803","802 Park Lake St, Orlando, FL 32803",802 Park Lake St,,Orlando,FL,32803,Orange County,28.554712,-81.367553,single_family,2.0,2.0,1325.0,7790.5,1955.0,Inactive,339000,2020-09-22T00:23:43.443Z,685,12.733758336210744
"3000-Lake-Shore-Dr,-Orlando,-FL-32803","3000 Lake Shore Dr, Orlando, FL 32803",3000 Lake Shore Dr,,Orlando,FL,32803,Orange County,28.578438,-81.359918,single_family,5.0,4.0,5285.0,7790.5,1955.0,Inactive,2495000,2020-09-22T02:42:39.287Z,685,14.72979968796928
"744-Nw-Palm-Dr,-Orlando,-FL-32803","744 Nw Palm Dr, Orlando, FL 32803",744 Nw Palm Dr,,Orlando,FL,32803,Orange County,28.554744,-81.355951,single_family,4.0,4.0,2519.0,7790.5,1955.0,Inactive,729900,2020-09-22T02:25:26.701Z,685,13.500664187489477
"2011-Mount-Vernon-St,-Orlando,-FL-32803","2011 Mount Vernon St, Orlando, FL 32803",2011 Mount Vernon St,,Orlando,FL,32803,Orange County,28.550696,-81.355579,single_family,2.0,2.0,1306.0,7790.5,1955.0,Inactive,339900,2020-09-22T00:23:43.446Z,685,12.736409677721657
"1308-Cole-Rd,-Orlando,-FL-32803","1308 Cole Rd, Orlando, FL 32803",1308 Cole Rd,,Orlando,FL,32803,Orange County,28.56388,-81.348735,single_family,3.0,1.0,1100.0,7790.5,1955.0,Inactive,295000,2020-09-21T23:34:25.320Z,685,12.59473402514672
"400-E-Colonial-Dr,-Apt-503,-Orlando,-FL-32803","400 E Colonial Dr, Apt 503, Orlando, FL 32803",400 E Colonial Dr,Apt 503,Orlando,FL,32803,Orange County,28.552804,-81.372234,condo,1.0,2.0,1109.0,7790.5,1955.0,Inactive,239900,2020-09-21T21:20:38.121Z,685,12.3879816172226
"3026-Plaza-Terrace-Dr,-Unit-3026,-Orlando,-FL-32803","3026 Plaza Terrace Dr, Unit 3026, Orlando, FL 32803",3026 Plaza Terrace Dr,Unit 3026,Orlando,FL,32803,Orange County,28.561561,-81.344463,condo,1.0,1.0,663.0,7790.5,1955.0,Inactive,149900,2020-09-15T20:43:54.492Z,691,11.917730355182513
