id,formattedaddress,addressline1,addressline2,city,state,zipcode,county,latitude,longitude,propertytype,bedrooms,bathrooms,squarefootage,lotsize,yearbuilt,status,price,listeddate,daysonmarket,log_price
"28-W-Esther-St,-Unit-A,-Orlando,-FL-32806","28 W Esther St, Unit A, Orlando, FL 32806",28 W Esther St,Unit A,Orlando,FL,32806,Orange,28.519184,-81.377371,townhouse,3.0,2.0,1645.0,700.0,2007.0,Active,449900,2023-12-15T00:00:00.000Z,480,13.016782837542953
"2533-S-Fern-Creek-Ave,-Orlando,-FL-32806","2533 S Fern Creek Ave, Orlando, FL 32806",2533 S Fern Creek Ave,,Orlando,FL,32806,Orange,28.514091,-81.359579,multi-family,4.0,2.0,1772.0,6801.0,1985.0,Active,599900,2023-12-15T00:00:00.000Z,480,13.304519920584285
"1516-Briercliff-Dr,-Orlando,-FL-32806","1516 Briercliff Dr, Orlando, FL 32806",1516 Briercliff Dr,,Orlando,FL,32806,Orange,28.525932,-81.361683,single_family,4.0,2.0,4496.0,21780.0,2001.0,Active,1674900,2024-04-18T00:00:00.000Z,355,14.331264617016954
"224-W-Illiana-St,-Orlando,-FL-32806","224 W Illiana St, Orlando, FL 32806",224 W Illiana St,,Orlando,FL,32806,Orange,28.510762,-81.381167,single_family,3.0,2.0,1805.0,10890.0,1949.0,Active,439000,2024-04-19T00:00:00.000Z,354,12.992256969959042
"31-W-Harding-St,-Orlando,-FL-32806","31 W Harding St, Orlando, FL 32806",31 W Harding St,,Orlando,FL,32806,Orange,28.518697,-81.377785,single_family,3.0,1.0,734.0,6872.0,1935.0,Active,445000,2024-07-02T00:00:00.000Z,280,13.005831808336863
"210-W-Illiana-St,-Orlando,-FL-32806","210 W Illiana St, Orlando, FL 32806",210 W Illiana St,,Orlando,FL,32806,Orange,28.510763,-81.380794,single_family,3.0,2.0,1795.0,21780.0,1949.0,Active,623750,2024-06-19T00:00:00.000Z,293,13.343506529252993
"1803-E-Kaley-Ave,-Orlando,-FL-32806","1803 E Kaley Ave, Orlando, FL 32806",1803 E Kaley Ave,,Orlando,FL,32806,Orange,28.520041,-81.356606,single_family,3.0,2.0,2232.0,22651.0,1930.0,Active,775000,2024-07-18T00:00:00.000Z,264,13.560619598657233
"2928-Lake-Pineloch-Blvd,---17-26,-Orlando,-FL-32806","2928 Lake Pineloch Blvd, # 17-26, Orlando, FL 32806",2928 Lake Pineloch Blvd,# 17-26,Orlando,FL,32806,Orange,28.509153,-81.364265,condo,3.0,2.0,1460.0,9460.0,1985.0,Active,371000,2024-07-24T00:00:00.000Z,258,12.82396003700373
"301-Richard-Pl,-Orlando,-FL-32806","301 Richard Pl, Orlando, FL 32806",301 Richard Pl,,Orlando,FL,32806,Orange,28.507965,-81.383033,single_family,4.0,3.0,2750.0,15246.0,2004.0,Active,990000,2024-08-02T00:00:00.000Z,249,13.805461232211272
"38-W-Harding-St,-Unit-B,-Orlando,-FL-32806","38 W Harding St, Unit B, Orlando, FL 32806",38 W Harding St,Unit B,Orlando,FL,32806,Orange,28.51829,-81.378113,townhouse,4.0,2.0,2061.0,1274.0,2023.0,Active,515000,2024-08-03T00:00:00.000Z,248,13.151924121391561
"2812-Dawley-Ave,-Orlando,-FL-32806","2812 Dawley Ave, Orlando, FL 32806",2812 Dawley Ave,,Orlando,FL,32806,Orange,28.512396,-81.345377,single_family,4.0,2.0,1907.0,10890.0,1957.0,Active,449000,2024-08-31T00:00:00.000Z,220,13.014780393893403
"3336-Edgecliffe-Dr,-Orlando,-FL-32806","3336 Edgecliffe Dr, Orlando, FL 32806",3336 Edgecliffe Dr,,Orlando,FL,32806,Orange,28.503337,-81.367681,single_family,4.0,2.0,3164.0,13939.0,1975.0,Active,825000,2024-09-19T00:00:00.000Z,201,13.623139877437296
"1010-Strathmore-Dr,-Orlando,-FL-32806","1010 Strathmore Dr, Orlando, FL 32806",1010 Strathmore Dr,,Orlando,FL,32806,Orange,28.529329,-81.339353,single_family,3.0,2.0,1845.0,30492.0,1960.0,Active,939900,2024-09-22T00:00:00.000Z,198,13.7535298295508
"905-Marabon-Ave,-Orlando,-FL-32806","905 Marabon Ave, Orlando, FL 32806",905 Marabon Ave,,Orlando,FL,32806,Orange,28.531253,-81.331574,single_family,5.0,3.0,2508.0,15682.0,1960.0,Active,629999,2024-09-23T00:00:00.000Z,197,13.353475098367715
"131-E-Grant-St,-Orlando,-FL-32806","131 E Grant St, Orlando, FL 32806",131 E Grant St,,Orlando,FL,32806,Orange,28.516842,-81.37516,townhouse,3.0,2.0,1767.0,3650.0,2024.0,Active,575000,2024-10-11T00:00:00.000Z,179,13.26212705890841
"1648-Poe-Ave,-Orlando,-FL-32806","1648 Poe Ave, Orlando, FL 32806",1648 Poe Ave,,Orlando,FL,32806,Orange,28.493594,-81.357815,land,4.0,3.0,1863.0,16988.0,1965.0,Active,450000,2024-10-17T00:00:00.000Z,173,13.017005083966255
"4205-Waterfront-Pkwy,-Orlando,-FL-32806","4205 Waterfront Pkwy, Orlando, FL 32806",4205 Waterfront Pkwy,,Orlando,FL,32806,Orange,28.495152,-81.345223,single_family,3.0,2.0,2203.0,22216.0,1960.0,Active,1170000,2024-10-17T00:00:00.000Z,173,13.972515161474428
"625-Gatlin-Ave,-Orlando,-FL-32806","625 Gatlin Ave, Orlando, FL 32806",625 Gatlin Ave,,Orlando,FL,32806,Orange,28.495341,-81.369715,single_family,4.0,2.0,2359.0,30492.0,1930.0,Active,875000,2024-11-03T00:00:00.000Z,156,13.681980308196241
"2900-Lake-Arnold-Pl,-Orlando,-FL-32806","2900 Lake Arnold Pl, Orlando, FL 32806",2900 Lake Arnold Pl,,Orlando,FL,32806,Orange,28.530707,-81.346288,single_family,4.0,2.0,1802.0,10890.0,1967.0,Active,509000,2024-11-06T00:00:00.000Z,153,13.140205260167273
"2201-Delaney-Ave,-Orlando,-FL-32806","2201 Delaney Ave, Orlando, FL 32806",2201 Delaney Ave,,Orlando,FL,32806,Orange,28.517355,-81.371958,single_family,4.0,3.0,2021.0,8522.0,1956.0,Active,699990,2024-11-12T00:00:00.000Z,147,13.45882275680003
"2825-Mayer-St,-Orlando,-FL-32806","2825 Mayer St, Orlando, FL 32806",2825 Mayer St,,Orlando,FL,32806,Orange,28.510531,-81.36262,single_family,3.0,1.0,1404.0,8440.0,1975.0,Active,399900,2024-11-13T00:00:00.000Z,146,12.89897229545694
"1038-E-Michigan-St,---1,-Orlando,-FL-32806","1038 E Michigan St, # 1, Orlando, FL 32806",1038 E Michigan St,# 1,Orlando,FL,32806,Orange,28.510341,-81.364734,condo,3.0,2.0,1664.0,4070.0,1973.0,Active,287500,2024-11-21T00:00:00.000Z,138,12.568981617474362
"2811-Vine-St,-Orlando,-FL-32806","2811 Vine St, Orlando, FL 32806",2811 Vine St,,Orlando,FL,32806,Orange,28.526686,-81.346812,single_family,3.0,2.0,1457.0,10454.0,1957.0,Active,499000,2024-12-03T00:00:00.000Z,126,13.120363378739663
"400-Raehn-St,-Orlando,-FL-32806","400 Raehn St, Orlando, FL 32806",400 Raehn St,,Orlando,FL,32806,Orange,28.524551,-81.372021,single_family,3.0,2.0,1646.0,7985.0,1949.0,Active,550000,2024-12-04T00:00:00.000Z,125,13.217675375388819
"1720-Crocker-Ave,-Orlando,-FL-32806","1720 Crocker Ave, Orlando, FL 32806",1720 Crocker Ave,,Orlando,FL,32806,Orange,28.522638,-81.340511,single_family,3.0,2.0,1890.0,7099.0,2007.0,Active,519998,2024-12-06T00:00:00.000Z,123,13.161582167478837
"1825-E-Kaley-Ave,-Orlando,-FL-32806","1825 E Kaley Ave, Orlando, FL 32806",1825 E Kaley Ave,,Orlando,FL,32806,Orange,28.520201,-81.3562,single_family,5.0,2.0,2196.0,7505.0,1925.0,Active,700000,2024-12-11T00:00:00.000Z,118,13.45883704259595
"336-E-Kaley-St,-Orlando,-FL-32806","336 E Kaley St, Orlando, FL 32806",336 E Kaley St,,Orlando,FL,32806,Orange,28.520038,-81.372954,townhouse,3.0,2.0,1673.0,3361.0,2006.0,Active,439900,2024-12-11T00:00:00.000Z,118,12.994304980578146
"3109-Williams-St,-Orlando,-FL-32806","3109 Williams St, Orlando, FL 32806",3109 Williams St,,Orlando,FL,32806,Orange,28.505269,-81.356744,single_family,1.0,1.0,572.0,12197.0,1958.0,Active,445000,2024-12-17T00:00:00.000Z,112,13.005831808336863
"730-E-Michigan-St,-Unit-139,-Orlando,-FL-32806","730 E Michigan St, Unit 139, Orlando, FL 32806",730 E Michigan St,Unit 139,Orlando,FL,32806,Orange,28.512148,-81.367661,condo,2.0,2.0,994.0,12197.0,1969.0,Active,190000,2024-12-20T00:00:00.000Z,109,12.154784614286667
"3522-E-Kaley-Ave,-Orlando,-FL-32806","3522 E Kaley Ave, Orlando, FL 32806",3522 E Kaley Ave,,Orlando,FL,32806,Orange,28.520733,-81.33949,single_family,3.0,2.0,1563.0,10890.0,1970.0,Active,509999,2024-12-21T00:00:00.000Z,108,13.142166004700508
"3022-Peel-Ave,-Orlando,-FL-32806","3022 Peel Ave, Orlando, FL 32806",3022 Peel Ave,,Orlando,FL,32806,Orange,28.508952,-81.347909,single_family,4.0,2.0,3017.0,16117.0,2024.0,Active,949000,2024-12-24T00:00:00.000Z,105,13.76316513133229
"3651-S-Rosalind-Ave,-Orlando,-FL-32806","3651 S Rosalind Ave, Orlando, FL 32806",3651 S Rosalind Ave,,Orlando,FL,32806,Orange,28.500162,-81.374697,single_family,3.0,2.0,1845.0,20909.0,1964.0,Active,885000,2025-01-04T00:00:00.000Z,94,13.69334405393293
"42-W-Harding-St,-Unit-D,-Orlando,-FL-32806","42 W Harding St, Unit D, Orlando, FL 32806",42 W Harding St,Unit D,Orlando,FL,32806,Orange,28.518288,-81.378754,townhouse,3.0,2.0,2061.0,1269.0,2023.0,Active,515000,2025-01-07T00:00:00.000Z,91,13.151924121391561
"66-W-Harding-St,-Unit-B,-Orlando,-FL-32806","66 W Harding St, Unit B, Orlando, FL 32806",66 W Harding St,Unit B,Orlando,FL,32806,Orange,28.51807,-81.37886,townhouse,3.0,2.0,2126.0,1350.0,2023.0,Active,585000,2025-01-07T00:00:00.000Z,91,13.279368835614243
"811-Briercliff-Dr,-Orlando,-FL-32806","811 Briercliff Dr, Orlando, FL 32806",811 Briercliff Dr,,Orlando,FL,32806,Orange,28.528155,-81.366154,single_family,3.0,2.0,1500.0,7771.0,1948.0,Active,465000,2025-01-09T00:00:00.000Z,89,13.049794835104816
"2009-S-Osceola-Ave,-Orlando,-FL-32806","2009 S Osceola Ave, Orlando, FL 32806",2009 S Osceola Ave,,Orlando,FL,32806,Orange,28.519003,-81.370256,single_family,3.0,1.0,1252.0,7024.0,1951.0,Active,599000,2025-01-13T00:00:00.000Z,85,13.303018546545275
"734-E-Michigan-St,-Unit-113,-Orlando,-FL-32806","734 E Michigan St, Unit 113, Orlando, FL 32806",734 E Michigan St,Unit 113,Orlando,FL,32806,Orange,28.511507,-81.367656,condo,2.0,2.0,994.0,4127.0,1969.0,Active,230000,2025-01-16T00:00:00.000Z,82,12.345838935721968
"2902-Sylvan-Ave,-Orlando,-FL-32806","2902 Sylvan Ave, Orlando, FL 32806",2902 Sylvan Ave,,Orlando,FL,32806,Orange,28.508906,-81.373434,townhouse,3.0,2.0,1464.0,1100.0,2021.0,Active,520000,2025-01-17T00:00:00.000Z,81,13.161586013632684
"2002-Geigel-Ave,-Orlando,-FL-32806","2002 Geigel Ave, Orlando, FL 32806",2002 Geigel Ave,,Orlando,FL,32806,Orange,28.501017,-81.354506,single_family,3.0,2.0,1288.0,6875.0,1959.0,Active,399990,2025-01-22T00:00:00.000Z,76,12.89919732583699
"2682-Orange-Peel-Ct,-Orlando,-FL-32806","2682 Orange Peel Ct, Orlando, FL 32806",2682 Orange Peel Ct,,Orlando,FL,32806,Orange,28.522139,-81.349083,townhouse,2.0,2.0,1231.0,5381.0,1985.0,Active,365000,2025-01-24T00:00:00.000Z,74,12.807655372286902
"2564-Sheffield-Ave,-Orlando,-FL-32806","2564 Sheffield Ave, Orlando, FL 32806",2564 Sheffield Ave,,Orlando,FL,32806,Orange,28.506536,-81.348906,single_family,3.0,2.0,1580.0,11761.0,1977.0,Active,464999,2025-01-27T00:00:00.000Z,71,13.049792684569493
"2865-Palermo-Ct,-Orlando,-FL-32806","2865 Palermo Ct, Orlando, FL 32806",2865 Palermo Ct,,Orlando,FL,32806,Orange,28.509521,-81.363644,condo,2.0,2.0,1300.0,9792.0,1984.0,Active,319750,2025-01-31T00:00:00.000Z,67,12.675297846879515
"3010-Bay-Tree-Dr,-Orlando,-FL-32806","3010 Bay Tree Dr, Orlando, FL 32806",3010 Bay Tree Dr,,Orlando,FL,32806,Orange,28.508821,-81.356423,single_family,5.0,3.0,2843.0,9715.0,1969.0,Active,699000,2025-01-31T00:00:00.000Z,67,13.457407451830088
"2511-Madron-Ct,-Orlando,-FL-32806","2511 Madron Ct, Orlando, FL 32806",2511 Madron Ct,,Orlando,FL,32806,Orange,28.519324,-81.350424,single_family,7.0,5.0,4406.0,14810.0,2000.0,Active,999000,2025-01-31T00:00:00.000Z,67,13.81451105863119
"970-E-Michigan-St,-Apt-B,-Orlando,-FL-32806","970 E Michigan St, Apt B, Orlando, FL 32806",970 E Michigan St,Apt B,Orlando,FL,32806,Orange,28.511469,-81.365349,condo,3.0,2.0,1279.0,9029.0,1973.0,Active,235000,2025-02-05T00:00:00.000Z,62,12.367345048436391
"62-W-Esther-St,-Orlando,-FL-32806","62 W Esther St, Orlando, FL 32806",62 W Esther St,,Orlando,FL,32806,Orange,28.519188,-81.378563,townhouse,3.0,2.0,1800.0,3120.0,2025.0,Active,499900,2025-02-01T00:00:00.000Z,66,13.12216535779974
"417-E-Grant-St,-Orlando,-FL-32806","417 E Grant St, Orlando, FL 32806",417 E Grant St,,Orlando,FL,32806,Orange,28.516899,-81.371473,single_family,3.0,2.0,1911.0,9148.0,1955.0,Active,660000,2025-02-06T00:00:00.000Z,61,13.399996629152975
"768-E-Michigan-St,-Unit-75,-Orlando,-FL-32806","768 E Michigan St, Unit 75, Orlando, FL 32806",768 E Michigan St,Unit 75,Orlando,FL,32806,Orange,28.510669,-81.367399,condo,2.0,2.0,1116.0,8922.0,1967.0,Active,140000,2025-02-06T00:00:00.000Z,61,11.849404844423074
"1217-E-Muriel-St,-Orlando,-FL-32806","1217 E Muriel St, Orlando, FL 32806",1217 E Muriel St,,Orlando,FL,32806,Orange,28.517829,-81.36322,townhouse,3.0,2.0,1658.0,9286.0,2021.0,Active,539900,2025-02-06T00:00:00.000Z,61,13.199141068399515
"116-And-118-E-Muriel-St,-Orlando,-FL-32806","116 And 118 E Muriel St, Orlando, FL 32806",116 And 118 E Muriel St,,Orlando,FL,32806,Orange,28.517202,-81.37561,multi-family,1.0,2.0,1416.0,7328.0,1930.0,Active,560000,2025-02-07T00:00:00.000Z,60,13.235693848424024
"976-E-Michigan-St,-Apt-A,-Orlando,-FL-32806","976 E Michigan St, Apt A, Orlando, FL 32806",976 E Michigan St,Apt A,Orlando,FL,32806,Orange,28.511469,-81.365349,condo,4.0,2.0,1664.0,6506.0,1973.0,Active,290000,2025-02-07T00:00:00.000Z,60,12.577639650232573
"1801-Chamberlin-St,-Orlando,-FL-32806","1801 Chamberlin St, Orlando, FL 32806",1801 Chamberlin St,,Orlando,FL,32806,Orange,28.521462,-81.355386,single_family,3.0,2.0,1289.0,9318.0,1990.0,Active,449900,2025-02-08T00:00:00.000Z,59,13.016782837542953
"1807-Simonton-Ave,-Orlando,-FL-32806","1807 Simonton Ave, Orlando, FL 32806",1807 Simonton Ave,,Orlando,FL,32806,Orange,28.500622,-81.356589,single_family,4.0,2.0,2529.0,6987.0,2024.0,Active,809900,2025-02-11T00:00:00.000Z,56,13.604667296956654
"2913-Carmia-Dr,-Orlando,-FL-32806","2913 Carmia Dr, Orlando, FL 32806",2913 Carmia Dr,,Orlando,FL,32806,Orange,28.507762,-81.36214,single_family,3.0,3.0,1907.0,45302.0,1958.0,Active,699900,2025-02-12T00:00:00.000Z,55,13.45869417545215
"1232-Corbett-Ln,-Orlando,-FL-32806","1232 Corbett Ln, Orlando, FL 32806",1232 Corbett Ln,,Orlando,FL,32806,Orange,28.526411,-81.33239,single_family,3.0,2.0,1967.0,9294.0,1960.0,Active,525000,2025-02-11T00:00:00.000Z,56,13.171155446333852
"421-E-Gore-St,-Orlando,-FL-32806","421 E Gore St, Orlando, FL 32806",421 E Gore St,,Orlando,FL,32806,Orange,28.531083,-81.371931,single_family,3.0,3.0,2418.0,7750.0,1988.0,Active,985000,2025-02-12T00:00:00.000Z,55,13.800397935382136
"1407-Dunsany-Ave,-Orlando,-FL-32806","1407 Dunsany Ave, Orlando, FL 32806",1407 Dunsany Ave,,Orlando,FL,32806,Orange,28.525151,-81.338356,single_family,5.0,3.0,2431.0,9604.0,1957.0,Active,775000,2025-02-12T00:00:00.000Z,55,13.560619598657233
"5-W-Harding-St,-Unit-E,-Orlando,-FL-32806","5 W Harding St, Unit E, Orlando, FL 32806",5 W Harding St,Unit E,Orlando,FL,32806,Orange,28.518805,-81.377368,townhouse,3.0,2.0,1611.0,700.0,2006.0,Active,340000,2025-02-13T00:00:00.000Z,54,12.73670383776449
"2208-Page-Ave,-Orlando,-FL-32806","2208 Page Ave, Orlando, FL 32806",2208 Page Ave,,Orlando,FL,32806,Orange,28.515646,-81.352222,single_family,3.0,2.0,1501.0,7524.0,1936.0,Active,399000,2025-02-15T00:00:00.000Z,52,12.896719202134523
"1508-Delaney-Ave,-Orlando,-FL-32806","1508 Delaney Ave, Orlando, FL 32806",1508 Delaney Ave,,Orlando,FL,32806,Orange,28.524765,-81.37253,single_family,3.0,2.0,2359.0,4944.0,1925.0,Active,682000,2025-02-14T00:00:00.000Z,53,13.432786403100184
"1410-Osceola-Ct,-Orlando,-FL-32806","1410 Osceola Ct, Orlando, FL 32806",1410 Osceola Ct,,Orlando,FL,32806,Orange,28.525357,-81.371597,single_family,3.0,2.0,1641.0,6784.0,1951.0,Active,575000,2025-02-14T00:00:00.000Z,53,13.26212705890841
"11-W-Harding-St,-Unit-D,-Orlando,-FL-32806","11 W Harding St, Unit D, Orlando, FL 32806",11 W Harding St,Unit D,Orlando,FL,32806,Orange,28.518745,-81.377584,condo,3.0,2.0,1589.0,700.0,2006.0,Active,355000,2025-02-17T00:00:00.000Z,50,12.779875885354993
"3778-Martin-St,-Orlando,-FL-32806","3778 Martin St, Orlando, FL 32806",3778 Martin St,,Orlando,FL,32806,Orange,28.502754,-81.358993,single_family,4.0,2.0,2031.0,7500.0,2024.0,Active,719000,2025-02-19T00:00:00.000Z,48,13.4856180275228
"149-E-Muriel-St,-Orlando,-FL-32806","149 E Muriel St, Orlando, FL 32806",149 E Muriel St,,Orlando,FL,32806,Orange,28.51765,-81.374387,townhouse,3.0,2.0,1736.0,7255.0,2018.0,Active,579900,2025-02-19T00:00:00.000Z,48,13.270612678298292
"1038-E-Michigan-St,-Apt-B,-Orlando,-FL-32806","1038 E Michigan St, Apt B, Orlando, FL 32806",1038 E Michigan St,Apt B,Orlando,FL,32806,Orange,28.510333,-81.364718,condo,3.0,2.0,1316.0,9029.0,1973.0,Active,265000,2025-02-20T00:00:00.000Z,47,12.487488878546145
"3004-Lake-Margaret-Dr,-Orlando,-FL-32806","3004 Lake Margaret Dr, Orlando, FL 32806",3004 Lake Margaret Dr,,Orlando,FL,32806,Orange,28.505714,-81.344898,single_family,3.0,2.0,1445.0,7501.0,1964.0,Active,468000,2025-02-20T00:00:00.000Z,47,13.056225711649638
"722-E-Michigan-St,-Unit-145,-Orlando,-FL-32806","722 E Michigan St, Unit 145, Orlando, FL 32806",722 E Michigan St,Unit 145,Orlando,FL,32806,Orange,28.51266,-81.367734,condo,3.0,2.0,1181.0,6519.0,1969.0,Active,169000,2025-02-22T00:00:00.000Z,45,12.037659911047468
"3807-March-Ave,-Orlando,-FL-32806","3807 March Ave, Orlando, FL 32806",3807 March Ave,,Orlando,FL,32806,Orange,28.498086,-81.355788,single_family,4.0,3.0,2199.0,9911.0,1959.0,Active,599000,2025-02-20T00:00:00.000Z,47,13.303018546545275
"1310-E-Esther-St,-Orlando,-FL-32806","1310 E Esther St, Orlando, FL 32806",1310 E Esther St,,Orlando,FL,32806,Orange,28.519204,-81.36276,multi-family,4.0,2.0,1508.0,7144.0,1961.0,Active,579900,2025-02-21T00:00:00.000Z,46,13.270612678298292
"1409-Overlake-Ave,-Orlando,-FL-32806","1409 Overlake Ave, Orlando, FL 32806",1409 Overlake Ave,,Orlando,FL,32806,Orange,28.497399,-81.360407,single_family,4.0,2.0,1976.0,13068.0,1966.0,Active,535000,2025-02-21T00:00:00.000Z,46,13.190023895035274
"3117-Lakemar-Ln,-Orlando,-FL-32806","3117 Lakemar Ln, Orlando, FL 32806",3117 Lakemar Ln,,Orlando,FL,32806,Orange,28.505896,-81.341405,single_family,4.0,2.0,1774.0,10019.0,1973.0,Active,470000,2025-02-23T00:00:00.000Z,44,13.060490101343552
"504-Richmond-St,-Fl,-FL-32806","504 Richmond St, Fl, FL 32806",504 Richmond St,,Fl,FL,32806,Orange,28.529891,-81.370307,single_family,5.0,3.0,2525.0,6373.0,1964.0,Active,950000,2025-02-24T00:00:00.000Z,43,13.76421831620775
"1627-Triangle-Ave,-Orlando,-FL-32806","1627 Triangle Ave, Orlando, FL 32806",1627 Triangle Ave,,Orlando,FL,32806,Orange,28.518155,-81.358772,multi-family,4.0,2.0,1378.0,6293.0,1955.0,Active,499990,2025-02-24T00:00:00.000Z,43,13.122345377242327
"2919-Sylvan-Ave,-Orlando,-FL-32806","2919 Sylvan Ave, Orlando, FL 32806",2919 Sylvan Ave,,Orlando,FL,32806,Orange,28.508189,-81.37289,single_family,3.0,2.0,1176.0,6738.0,1953.0,Active,400000,2025-02-27T00:00:00.000Z,40,12.899222326086994
"938-S-Bumby-Ave,-Orlando,-FL-32806","938 S Bumby Ave, Orlando, FL 32806",938 S Bumby Ave,,Orlando,FL,32806,Orange,28.53,-81.352039,single_family,4.0,2.0,1841.0,6752.0,1947.0,Active,550000,2025-02-27T00:00:00.000Z,40,13.217675375388819
"1987-Peel-Ave,-Orlando,-FL-32806","1987 Peel Ave, Orlando, FL 32806",1987 Peel Ave,,Orlando,FL,32806,Orange,28.518641,-81.347244,multi-family,3.0,2.0,1862.0,6427.0,2024.0,Active,544900,2025-02-28T00:00:00.000Z,39,13.208359405768626
"2502-Vine-St,-Orlando,-FL-32806","2502 Vine St, Orlando, FL 32806",2502 Vine St,,Orlando,FL,32806,Orange,28.526121,-81.350486,single_family,4.0,2.0,2367.0,10454.0,1969.0,Active,714900,2025-02-28T00:00:00.000Z,39,13.479899350551
"1809-Simonton-Ave,-Orlando,-FL-32806","1809 Simonton Ave, Orlando, FL 32806",1809 Simonton Ave,,Orlando,FL,32806,Orange,28.500623,-81.356429,single_family,4.0,2.0,2635.0,7023.0,2025.0,Active,829900,2025-03-02T00:00:00.000Z,37,13.629061695550266
"38-W-Harding-St,-Unit-C,-Orlando,-FL-32806","38 W Harding St, Unit C, Orlando, FL 32806",38 W Harding St,Unit C,Orlando,FL,32806,Orange,28.518288,-81.378189,townhouse,4.0,2.0,2061.0,1266.0,2023.0,Active,515000,2025-03-05T00:00:00.000Z,34,13.151924121391561
"1307-E-Harding-St,-Orlando,-FL-32806","1307 E Harding St, Orlando, FL 32806",1307 E Harding St,,Orlando,FL,32806,Orange,28.518869,-81.362923,multi-family,3.0,2.0,1761.0,7158.0,2025.0,Active,529900,2025-03-07T00:00:00.000Z,32,13.180445475627591
"2900-E-Grant-Ave,-Orlando,-FL-32806","2900 E Grant Ave, Orlando, FL 32806",2900 E Grant Ave,,Orlando,FL,32806,Orange,28.516558,-81.346285,single_family,3.0,2.0,1460.0,10890.0,1972.0,Active,498000,2025-03-07T00:00:00.000Z,32,13.118357364036902
"1914-S-Fern-Creek-Ave,-Orlando,-FL-32806","1914 S Fern Creek Ave, Orlando, FL 32806",1914 S Fern Creek Ave,,Orlando,FL,32806,Orange,28.519896,-81.360235,multi-family,4.0,4.0,1970.0,7966.0,1940.0,Active,600000,2025-03-08T00:00:00.000Z,31,13.304686600863562
"49-W-Grant-St,-Orlando,-FL-32806","49 W Grant St, Orlando, FL 32806",49 W Grant St,,Orlando,FL,32806,Orange,28.516839,-81.378296,land,2.0,1.0,892.0,6870.0,1965.0,Active,325000,2025-03-08T00:00:00.000Z,31,12.691583538230217
"2696-Orange-Peel-Ct,-Orlando,-FL-32806","2696 Orange Peel Ct, Orlando, FL 32806",2696 Orange Peel Ct,,Orlando,FL,32806,Orange,28.522068,-81.348048,single_family,2.0,2.0,1217.0,4002.0,1984.0,Active,370000,2025-03-08T00:00:00.000Z,31,12.821260987319457
"974-E-Michigan-St,---974,-Orlando,-FL-32806","974 E Michigan St, # 974, Orlando, FL 32806",974 E Michigan St,# 974,Orlando,FL,32806,Orange,28.511469,-81.365349,condo,3.0,2.0,1278.0,6506.0,1973.0,Active,229000,2025-03-08T00:00:00.000Z,31,12.34148164933907
"2741-S-Brown-Ave,-Orlando,-FL-32806","2741 S Brown Ave, Orlando, FL 32806",2741 S Brown Ave,,Orlando,FL,32806,Orange,28.51145,-81.361597,single_family,3.0,2.0,1112.0,5611.0,1997.0,Active,414500,2025-03-10T00:00:00.000Z,29,12.934830666099812
"1100-Delaney-Ave,-Apt-F409,-Orlando,-FL-32806","1100 Delaney Ave, Apt F409, Orlando, FL 32806",1100 Delaney Ave,Apt F409,Orlando,FL,32806,Orange,28.528083,-81.373251,condo,2.0,2.0,1000.0,11761.0,1964.0,Active,289900,2025-03-11T00:00:00.000Z,28,12.57729476436913
"1517-E-Esther-St,-Orlando,-FL-32806","1517 E Esther St, Orlando, FL 32806",1517 E Esther St,,Orlando,FL,32806,Orange,28.519771,-81.360391,single_family,3.0,2.0,1883.0,4394.0,1953.0,Active,525000,2025-03-11T00:00:00.000Z,28,13.171155446333852
"2102-S-Osceola-Ave,-Orlando,-FL-32806","2102 S Osceola Ave, Orlando, FL 32806",2102 S Osceola Ave,,Orlando,FL,32806,Orange,28.518311,-81.370483,single_family,5.0,3.0,3651.0,7304.0,2025.0,Active,1359000,2025-03-11T00:00:00.000Z,28,14.122260428968183
"62-W-Jersey-St,-Unit-13,-Orlando,-FL-32806","62 W Jersey St, Unit 13, Orlando, FL 32806",62 W Jersey St,Unit 13,Orlando,FL,32806,Orange,28.513529,-81.378136,townhouse,3.0,2.0,2127.0,37026.0,2022.0,Active,650000,2025-03-12T00:00:00.000Z,27,13.384729180332174
"1407-E-Kaley-St,-Orlando,-FL-32806","1407 E Kaley St, Orlando, FL 32806",1407 E Kaley St,,Orlando,FL,32806,Orange,28.520648,-81.361722,single_family,2.0,1.0,1041.0,7220.0,1940.0,Active,425000,2025-03-13T00:00:00.000Z,26,12.959846800844963
"211-E-Muriel-St,-Orlando,-FL-32806","211 E Muriel St, Orlando, FL 32806",211 E Muriel St,,Orlando,FL,32806,Orange,28.517759,-81.373882,single_family,3.0,3.0,1911.0,10890.0,1947.0,Active,648900,2025-03-13T00:00:00.000Z,26,13.383035441677574
"1068-E-Michigan-St,-Apt-A,-Orlando,-FL-32806","1068 E Michigan St, Apt A, Orlando, FL 32806",1068 E Michigan St,Apt A,Orlando,FL,32806,Orange,28.511475,-81.364616,condo,3.0,2.0,1664.0,6506.0,1973.0,Active,299900,2025-03-13T00:00:00.000Z,26,12.611207699176356
"2807-S-Brown-Ave,-Orlando,-FL-32806","2807 S Brown Ave, Orlando, FL 32806",2807 S Brown Ave,,Orlando,FL,32806,Orange,28.510982,-81.361593,single_family,3.0,2.0,1032.0,5616.0,1946.0,Active,439900,2025-03-14T00:00:00.000Z,25,12.994304980578146
"3052-Saratoga-Dr,-Orlando,-FL-32806","3052 Saratoga Dr, Orlando, FL 32806",3052 Saratoga Dr,,Orlando,FL,32806,Orange,28.506529,-81.357324,single_family,5.0,3.0,2000.0,9713.0,1967.0,Active,555000,2025-03-15T00:00:00.000Z,24,13.22672519452875
"2108-Delaney-Ave,-Orlando,-FL-32806","2108 Delaney Ave, Orlando, FL 32806",2108 Delaney Ave,,Orlando,FL,32806,Orange,28.518027,-81.372542,single_family,4.0,2.0,3290.0,6496.0,2016.0,Active,1060000,2025-03-16T00:00:00.000Z,23,13.87378040948403
"116-E-Esther-St,-Orlando,-FL-32806","116 E Esther St, Orlando, FL 32806",116 E Esther St,,Orlando,FL,32806,Orange,28.519059,-81.375589,multi-family,6.0,6.0,3322.0,6764.0,2008.0,Active,975000,2025-03-15T00:00:00.000Z,24,13.790193775620484
"114-E-Esther-St,-Orlando,-FL-32806","114 E Esther St, Orlando, FL 32806",114 E Esther St,,Orlando,FL,32806,Orange,28.519057,-81.375799,multi-family,6.0,6.0,3849.0,11326.0,2007.0,Active,975000,2025-03-15T00:00:00.000Z,24,13.790193775620484
"1701-Delaney-Ave,-Orlando,-FL-32806","1701 Delaney Ave, Orlando, FL 32806",1701 Delaney Ave,,Orlando,FL,32806,Orange,28.522354,-81.371963,single_family,4.0,2.0,2218.0,8822.0,1938.0,Active,850000,2025-03-17T00:00:00.000Z,22,13.652992804936396
"533-Baxter-St,-Orlando,-FL-32806","533 Baxter St, Orlando, FL 32806",533 Baxter St,,Orlando,FL,32806,Orange,28.50408,-81.37051,single_family,4.0,3.0,1719.0,12197.0,1958.0,Active,559900,2025-03-18T00:00:00.000Z,21,13.23551526136861
"1100-Delaney-Ave,-Apt-E13,-Orlando,-FL-32806","1100 Delaney Ave, Apt E13, Orlando, FL 32806",1100 Delaney Ave,Apt E13,Orlando,FL,32806,Orange,28.528624,-81.373535,condo,2.0,1.0,998.0,5145.0,1964.0,Active,279900,2025-03-19T00:00:00.000Z,20,12.5421912482017
"2411-Center-Ave,-Orlando,-FL-32806","2411 Center Ave, Orlando, FL 32806",2411 Center Ave,,Orlando,FL,32806,Orange,28.515327,-81.374047,single_family,3.0,3.0,2954.0,7512.0,2011.0,Active,1049000,2025-03-19T00:00:00.000Z,20,13.863348840666827
"2316-Marlboro-St,-Orlando,-FL-32806","2316 Marlboro St, Orlando, FL 32806",2316 Marlboro St,,Orlando,FL,32806,Orange,28.516089,-81.356819,single_family,3.0,2.0,1282.0,12197.0,1941.0,Active,474900,2025-03-19T00:00:00.000Z,20,13.07086164024146
"1511-E-Esther-St,-Orlando,-FL-32806","1511 E Esther St, Orlando, FL 32806",1511 E Esther St,,Orlando,FL,32806,Orange,28.519753,-81.360701,single_family,4.0,3.0,2603.0,7031.0,2017.0,Active,795000,2025-03-20T00:00:00.000Z,19,13.586098651497313
"2566-Conway-Gardens-Rd,-Orlando,-FL-32806","2566 Conway Gardens Rd, Orlando, FL 32806",2566 Conway Gardens Rd,,Orlando,FL,32806,Orange,28.515069,-81.339513,single_family,3.0,2.0,1500.0,8126.0,1985.0,Active,515000,2025-03-20T00:00:00.000Z,19,13.151924121391561
"135-W-Grant-St,-Orlando,-FL-32806","135 W Grant St, Orlando, FL 32806",135 W Grant St,,Orlando,FL,32806,Orange,28.516883,-81.379155,townhouse,3.0,2.0,1970.0,2394.0,2022.0,Active,579000,2025-03-19T00:00:00.000Z,20,13.269059483669357
"2006-E-Harding-St,-Orlando,-FL-32806","2006 E Harding St, Orlando, FL 32806",2006 E Harding St,,Orlando,FL,32806,Orange,28.51834,-81.354459,single_family,3.0,2.0,1711.0,6839.0,2006.0,Active,499900,2025-03-19T00:00:00.000Z,20,13.12216535779974
"2502-Bethaway-Ave,-Orlando,-FL-32806","2502 Bethaway Ave, Orlando, FL 32806",2502 Bethaway Ave,,Orlando,FL,32806,Orange,28.514398,-81.375614,single_family,5.0,3.0,3986.0,9319.0,2025.0,Active,1695000,2025-03-19T00:00:00.000Z,20,14.343193888767015
"430-E-Crystal-Lake-St,-Orlando,-FL-32806","430 E Crystal Lake St, Orlando, FL 32806",430 E Crystal Lake St,,Orlando,FL,32806,Orange,28.514549,-81.37096,single_family,2.0,1.0,784.0,6627.0,1955.0,Active,367900,2025-03-21T00:00:00.000Z,18,12.815569159219098
"500-E-Crystal-Lake-St,-Orlando,-FL-32806","500 E Crystal Lake St, Orlando, FL 32806",500 E Crystal Lake St,,Orlando,FL,32806,Orange,28.51456,-81.369999,single_family,2.0,1.0,948.0,6265.0,1952.0,Active,435000,2025-03-20T00:00:00.000Z,19,12.983103608918753
"407-E-Jersey-St,-Orlando,-FL-32806","407 E Jersey St, Orlando, FL 32806",407 E Jersey St,,Orlando,FL,32806,Orange,28.514184,-81.371137,single_family,3.0,2.0,1580.0,8597.0,1937.0,Active,547500,2025-03-22T00:00:00.000Z,17,13.213119567155143
"1321-Cloverlawn-Ave,-Orlando,-FL-32806","1321 Cloverlawn Ave, Orlando, FL 32806",1321 Cloverlawn Ave,,Orlando,FL,32806,Orange,28.52622,-81.354492,single_family,2.0,1.0,975.0,5631.0,1948.0,Active,359900,2025-03-24T00:00:00.000Z,15,12.79358427261286
"2545-Dellwood-Dr,-Orlando,-FL-32806","2545 Dellwood Dr, Orlando, FL 32806",2545 Dellwood Dr,,Orlando,FL,32806,Orange,28.529292,-81.349672,single_family,3.0,2.0,1376.0,8131.0,1960.0,Active,525000,2025-03-23T00:00:00.000Z,16,13.171155446333852
"3214-Debbie-Dr,-Orlando,-FL-32806","3214 Debbie Dr, Orlando, FL 32806",3214 Debbie Dr,,Orlando,FL,32806,Orange,28.502846,-81.342551,single_family,3.0,2.0,1363.0,8564.0,1959.0,Active,389900,2025-03-22T00:00:00.000Z,17,12.873648139727594
"1092-E-Michigan-St,---1,-Orlando,-FL-32806","1092 E Michigan St, # 1, Orlando, FL 32806",1092 E Michigan St,# 1,Orlando,FL,32806,Orange,28.512672,-81.364598,condo,3.0,2.0,1278.0,6506.0,1973.0,Active,215000,2025-03-23T00:00:00.000Z,16,12.278397958261774
"2005-E-Grant-Ave,-Orlando,-FL-32806","2005 E Grant Ave, Orlando, FL 32806",2005 E Grant Ave,,Orlando,FL,32806,Orange,28.517543,-81.355277,single_family,3.0,2.0,1530.0,9554.0,2005.0,Active,539900,2025-03-24T00:00:00.000Z,15,13.199141068399515
"3151-S-Bumby-Ave,-Orlando,-FL-32806","3151 S Bumby Ave, Orlando, FL 32806",3151 S Bumby Ave,,Orlando,FL,32806,Orange,28.507114,-81.351274,single_family,2.0,1.0,648.0,8226.0,1950.0,Active,299900,2025-03-25T00:00:00.000Z,14,12.611207699176356
"1240-Saint-Tropez-Cir,---Ge,-Orlando,-FL-32806","1240 Saint Tropez Cir, # Ge, Orlando, FL 32806",1240 Saint Tropez Cir,# Ge,Orlando,FL,32806,Orange,28.511548,-81.363294,condo,2.0,2.0,1380.0,10454.0,1983.0,Active,349900,2025-03-27T00:00:00.000Z,12,12.765405536311112
"3107-Troy-Dr,-Orlando,-FL-32806","3107 Troy Dr, Orlando, FL 32806",3107 Troy Dr,,Orlando,FL,32806,Orange,28.505373,-81.362808,single_family,2.0,2.0,1616.0,10890.0,1959.0,Active,475000,2025-03-27T00:00:00.000Z,12,13.07107218827772
"2405-Dellwood-Dr,-Orlando,-FL-32806","2405 Dellwood Dr, Orlando, FL 32806",2405 Dellwood Dr,,Orlando,FL,32806,Orange,28.529279,-81.351285,single_family,3.0,2.0,1534.0,8135.0,1961.0,Active,575000,2025-03-27T00:00:00.000Z,12,13.26212705890841
"2028-E-Grant-Ave,-Orlando,-FL-32806","2028 E Grant Ave, Orlando, FL 32806",2028 E Grant Ave,,Orlando,FL,32806,Orange,28.516545,-81.354328,single_family,2.0,1.0,1120.0,12632.0,1936.0,Active,369900,2025-03-27T00:00:00.000Z,12,12.820990681250251
"780-E-Michigan-St,-Unit-44,-Orlando,-FL-32806","780 E Michigan St, Unit 44, Orlando, FL 32806",780 E Michigan St,Unit 44,Orlando,FL,32806,Orange,28.509881,-81.366814,condo,2.0,2.0,1116.0,8775.0,1967.0,Active,149900,2025-03-27T00:00:00.000Z,12,11.917730355182513
"128-Waverly-Pl,---128,-Orlando,-FL-32806","128 Waverly Pl, # 128, Orlando, FL 32806",128 Waverly Pl,# 128,Orlando,FL,32806,Orange,28.52879,-81.375262,townhouse,3.0,3.0,1730.0,1703.0,1985.0,Active,495000,2025-03-27T00:00:00.000Z,12,13.112315061750808
"1322-S-Summerlin-Ave,-Orlando,-FL-32806","1322 S Summerlin Ave, Orlando, FL 32806",1322 S Summerlin Ave,,Orlando,FL,32806,Orange,28.525753,-81.36851,single_family,2.0,2.0,1821.0,10019.0,1954.0,Active,699900,2025-03-28T00:00:00.000Z,11,13.45869417545215
"2922-Carmia-Dr,-Orlando,-FL-32806","2922 Carmia Dr, Orlando, FL 32806",2922 Carmia Dr,,Orlando,FL,32806,Orange,28.506672,-81.363281,single_family,4.0,4.0,4203.0,38333.0,1960.0,Active,1950000,2025-03-28T00:00:00.000Z,11,14.48334044336031
"3012-E-Grant-Ave,-Orlando,-FL-32806","3012 E Grant Ave, Orlando, FL 32806",3012 E Grant Ave,,Orlando,FL,32806,Orange,28.516603,-81.344843,single_family,3.0,2.0,1550.0,8477.0,2018.0,Active,585000,2025-03-30T00:00:00.000Z,9,13.279368835614243
"4121-Waterfront-Pkwy,-Orlando,-FL-32806","4121 Waterfront Pkwy, Orlando, FL 32806",4121 Waterfront Pkwy,,Orlando,FL,32806,Orange,28.495182,-81.344905,single_family,4.0,3.0,3034.0,22651.0,1959.0,Active,2249000,2025-03-30T00:00:00.000Z,9,14.625996675583417
"2733-Mayer-St,-Orlando,-FL-32806","2733 Mayer St, Orlando, FL 32806",2733 Mayer St,,Orlando,FL,32806,Orange,28.51155,-81.362629,single_family,3.0,2.0,1156.0,5676.0,2001.0,Active,411000,2025-03-31T00:00:00.000Z,8,12.926350926565435
"1227-Overlake-Ave,-Orlando,-FL-32806","1227 Overlake Ave, Orlando, FL 32806",1227 Overlake Ave,,Orlando,FL,32806,Orange,28.497383,-81.361999,single_family,4.0,3.0,2438.0,11761.0,1965.0,Active,665000,2025-03-31T00:00:00.000Z,8,13.407543823396258
"776-E-Michigan-St,-Unit-58,-Orlando,-FL-32806","776 E Michigan St, Unit 58, Orlando, FL 32806",776 E Michigan St,Unit 58,Orlando,FL,32806,Orange,28.510129,-81.367625,condo,2.0,2.0,1116.0,8775.0,1967.0,Active,225000,2025-04-01T00:00:00.000Z,7,12.323860125621126
"1336-Crystal-Lake-Ave-E,-Orlando,-FL-32806","1336 Crystal Lake Ave E, Orlando, FL 32806",1336 Crystal Lake Ave E,,Orlando,FL,32806,Orange,28.514201,-81.362786,multi-family,3.0,2.0,1751.0,12632.0,2025.0,Active,575000,2025-04-02T00:00:00.000Z,6,13.26212705890841
"1340-Crystal-Lake-Ave-E,-Orlando,-FL-32806","1340 Crystal Lake Ave E, Orlando, FL 32806",1340 Crystal Lake Ave E,,Orlando,FL,32806,Orange,28.514194,-81.362078,multi-family,3.0,2.0,1751.0,12632.0,2025.0,Active,575000,2025-04-02T00:00:00.000Z,6,13.26212705890841
"2306-Hargill-Dr,-Orlando,-FL-32806","2306 Hargill Dr, Orlando, FL 32806",2306 Hargill Dr,,Orlando,FL,32806,Orange,28.528383,-81.352396,single_family,4.0,2.0,2875.0,10454.0,2025.0,Active,1293750,2025-04-03T00:00:00.000Z,5,14.073056308942377
"1209-Stevens-Ave,-Orlando,-FL-32806","1209 Stevens Ave, Orlando, FL 32806",1209 Stevens Ave,,Orlando,FL,32806,Orange,28.496362,-81.362925,single_family,3.0,2.0,1737.0,11326.0,1960.0,Active,449900,2025-04-03T00:00:00.000Z,5,13.016782837542953
"3511-E-Crystal-Lake-Ave,-Orlando,-FL-32806","3511 E Crystal Lake Ave, Orlando, FL 32806",3511 E Crystal Lake Ave,,Orlando,FL,32806,Orange,28.515476,-81.340325,single_family,3.0,2.0,1638.0,7502.0,1974.0,Active,415000,2025-04-03T00:00:00.000Z,5,12.936036208848487
"3225-Hargill-Dr,-Orlando,-FL-32806","3225 Hargill Dr, Orlando, FL 32806",3225 Hargill Dr,,Orlando,FL,32806,Orange,28.52922,-81.341758,single_family,4.0,2.0,2570.0,40075.0,1956.0,Active,879000,2025-04-03T00:00:00.000Z,5,13.686541314323094
"607-Woodland-St,-Orlando,-FL-32806","607 Woodland St, Orlando, FL 32806",607 Woodland St,,Orlando,FL,32806,Orange,28.522698,-81.368738,single_family,2.0,1.0,946.0,6120.0,1959.0,Active,495000,2025-04-03T00:00:00.000Z,5,13.112315061750808
"214-E-Harding-St,-Orlando,-FL-32806","214 E Harding St, Orlando, FL 32806",214 E Harding St,,Orlando,FL,32806,Orange,28.518157,-81.373749,townhouse,3.0,2.0,1668.0,4510.0,2025.0,Active,649000,2025-04-03T00:00:00.000Z,5,13.38318953651709
"722-E-Michigan-St,-Unit-146,-Orlando,-FL-32806","722 E Michigan St, Unit 146, Orlando, FL 32806",722 E Michigan St,Unit 146,Orlando,FL,32806,Orange,28.51266,-81.367734,condo,3.0,2.0,1181.0,6519.0,1969.0,Active,145000,2025-04-04T00:00:00.000Z,4,11.884495917930655
"2129-E-Esther-St,-Orlando,-FL-32806","2129 E Esther St, Orlando, FL 32806",2129 E Esther St,,Orlando,FL,32806,Orange,28.519821,-81.352968,single_family,4.0,3.0,1358.0,8383.0,1959.0,Active,574389,2025-04-04T00:00:00.000Z,4,13.261063887093853
"1825-Baldwin-Dr,-Orlando,-FL-32806","1825 Baldwin Dr, Orlando, FL 32806",1825 Baldwin Dr,,Orlando,FL,32806,Orange,28.520839,-81.341517,single_family,3.0,2.0,1265.0,8663.0,1956.0,Active,365900,2025-04-04T00:00:00.000Z,4,12.81011808399072
"925-Lake-Emerald-Dr,-Orlando,-FL-32806","925 Lake Emerald Dr, Orlando, FL 32806",925 Lake Emerald Dr,,Orlando,FL,32806,Orange,28.53054,-81.362292,single_family,5.0,3.0,3632.0,8007.0,2025.0,Active,1490000,2025-04-04T00:00:00.000Z,4,14.214287349062356
"1270-Saint-Tropez-Cir,---Ge,-Orlando,-FL-32806","1270 Saint Tropez Cir, # Ge, Orlando, FL 32806",1270 Saint Tropez Cir,# Ge,Orlando,FL,32806,Orange,28.511113,-81.363435,condo,2.0,2.0,1300.0,10454.0,1983.0,Active,385000,2025-04-05T00:00:00.000Z,3,12.861001210669146
"2615-Hargill-Dr,-Orlando,-FL-32806","2615 Hargill Dr, Orlando, FL 32806",2615 Hargill Dr,,Orlando,FL,32806,Orange,28.528491,-81.349086,single_family,3.0,2.0,1560.0,9029.0,1954.0,Active,489000,2025-04-05T00:00:00.000Z,3,13.100119813444692
"2523-Madron-Ct,-Orlando,-FL-32806","2523 Madron Ct, Orlando, FL 32806",2523 Madron Ct,,Orlando,FL,32806,Orange,28.519322,-81.349718,single_family,4.0,3.0,3272.0,14810.0,1998.0,Active,1100000,2024-11-01T00:00:00.000Z,156,13.910821646859095
"1975-Peel-Ave,-Orlando,-FL-32806","1975 Peel Ave, Orlando, FL 32806",1975 Peel Ave,,Orlando,FL,32806,Orange,28.518469,-81.346962,townhouse,3.0,2.0,1862.0,14375.0,2023.0,Active,544900,2025-03-07T00:00:00.000Z,30,13.208359405768626
"1511-Crestline-St,-Orlando,-FL-32806","1511 Crestline St, Orlando, FL 32806",1511 Crestline St,,Orlando,FL,32806,Orange,28.492303,-81.361266,single_family,4.0,3.0,3324.0,14375.0,1963.0,Active,649000,2025-04-04T00:00:00.000Z,2,13.38318953651709
"3305-Price-Ave,-Orlando,-FL-32806","3305 Price Ave, Orlando, FL 32806",3305 Price Ave,,Orlando,FL,32806,Orange,28.518055,-81.342112,single_family,3.0,2.0,1110.0,11326.0,1950.0,Inactive,389000,2024-05-17T00:00:00.000Z,322,12.871337193291367
"125-E-Grant-St,-Orlando,-FL-32806","125 E Grant St, Orlando, FL 32806",125 E Grant St,,Orlando,FL,32806,Orange,28.516744,-81.375314,single_family,3.0,2.0,1134.0,7309.0,1925.0,Inactive,428000,2025-02-24T00:00:00.000Z,39,12.966880811009803
"1256-S-Bumby-Ave,-Orlando,-FL-32806","1256 S Bumby Ave, Orlando, FL 32806",1256 S Bumby Ave,,Orlando,FL,32806,Orange,28.526927,-81.351978,single_family,3.0,2.0,1444.0,6000.0,1982.0,Inactive,490000,2025-02-26T00:00:00.000Z,37,13.102162710901053
"1708-Melvin-Ave,-Orlando,-FL-32806","1708 Melvin Ave, Orlando, FL 32806",1708 Melvin Ave,,Orlando,FL,32806,Orange,28.504602,-81.357577,single_family,4.0,2.0,1632.0,6116.0,1987.0,Inactive,385000,2025-03-13T00:00:00.000Z,22,12.861001210669146
"219-E-Grant-St,-Orlando,-FL-32806","219 E Grant St, Orlando, FL 32806",219 E Grant St,,Orlando,FL,32806,Orange,28.516857,-81.373601,single_family,3.0,2.0,1631.0,7214.0,1941.0,Inactive,350000,2025-03-25T00:00:00.000Z,10,12.765691290604371
"1920-Baxter-Ave,-Orlando,-FL-32806","1920 Baxter Ave, Orlando, FL 32806",1920 Baxter Ave,,Orlando,FL,32806,Orange,28.503886,-81.355133,single_family,4.0,2.0,1926.0,10454.0,1969.0,Inactive,329990,2025-03-27T00:00:00.000Z,8,12.706820660343483
"3115-Albert-St,-Orlando,-FL-32806","3115 Albert St, Orlando, FL 32806",3115 Albert St,,Orlando,FL,32806,Orange,28.507497,-81.382337,single_family,5.0,3.0,2947.0,17424.0,1954.0,Inactive,899000,2024-01-14T00:00:00.000Z,445,13.70903942580019
"1410-Corbett-Ln,-Orlando,-FL-32806","1410 Corbett Ln, Orlando, FL 32806",1410 Corbett Ln,,Orlando,FL,32806,Orange,28.52512,-81.332377,single_family,3.0,2.0,1320.0,9823.0,1958.0,Inactive,359900,2024-10-14T00:00:00.000Z,171,12.79358427261286
"4520-Lake-Gem-Cir,-Orlando,-FL-32806","4520 Lake Gem Cir, Orlando, FL 32806",4520 Lake Gem Cir,,Orlando,FL,32806,Orange,28.495104,-81.36327,single_family,4.0,2.0,1948.0,11326.0,1977.0,Inactive,584000,2025-02-13T00:00:00.000Z,49,13.277657974137664
"1300-E-Kaley-St,-Orlando,-FL-32806","1300 E Kaley St, Orlando, FL 32806",1300 E Kaley St,,Orlando,FL,32806,Orange,28.520204,-81.362884,single_family,2.0,1.0,912.0,6982.0,1942.0,Inactive,359999,2025-01-28T00:00:00.000Z,64,12.793859310432293
"54-W-Jersey-St,---12,-Orlando,-FL-32806","54 W Jersey St, # 12, Orlando, FL 32806",54 W Jersey St,# 12,Orlando,FL,32806,Orange,28.513536,-81.378235,townhouse,3.0,2.0,2131.0,37026.0,2024.0,Inactive,758000,2024-03-03T00:00:00.000Z,393,13.538439983884853
"4021-Hargill-Dr,-Orlando,-FL-32806","4021 Hargill Dr, Orlando, FL 32806",4021 Hargill Dr,,Orlando,FL,32806,Orange,28.527381,-81.333678,single_family,4.0,2.0,1716.0,10019.0,1958.0,Inactive,500000,2024-06-14T00:00:00.000Z,290,13.122365377402328
"2524-Dellwood-Dr,-Orlando,-FL-32806","2524 Dellwood Dr, Orlando, FL 32806",2524 Dellwood Dr,,Orlando,FL,32806,Orange,28.528821,-81.35011,single_family,5.0,3.0,2213.0,8249.0,1960.0,Inactive,589000,2024-08-16T00:00:00.000Z,227,13.286183160425152
"1951-S-Crystal-Lake-Dr,-Orlando,-FL-32806","1951 S Crystal Lake Dr, Orlando, FL 32806",1951 S Crystal Lake Dr,,Orlando,FL,32806,Orange,28.519791,-81.343174,single_family,4.0,2.0,1435.0,10019.0,1959.0,Inactive,390000,2024-09-05T00:00:00.000Z,207,12.873904582205107
"784-E-Michigan-St,-Unit-38,-Orlando,-FL-32806","784 E Michigan St, Unit 38, Orlando, FL 32806",784 E Michigan St,Unit 38,Orlando,FL,32806,Orange,28.511002,-81.367024,condo,2.0,2.0,1116.0,9922.0,1967.0,Inactive,135000,2024-12-12T00:00:00.000Z,109,11.813037464800539
"750-E-Michigan-St,-Unit-163,-Orlando,-FL-32806","750 E Michigan St, Unit 163, Orlando, FL 32806",750 E Michigan St,Unit 163,Orlando,FL,32806,Orange,28.511873,-81.368145,condo,3.0,2.0,1181.0,5956.0,1969.0,Inactive,174900,2024-02-02T00:00:00.000Z,422,12.071975378543236
"1919-Waldo-St,-Orlando,-FL-32806","1919 Waldo St, Orlando, FL 32806",1919 Waldo St,,Orlando,FL,32806,Orange,28.519065,-81.357536,single_family,3.0,2.0,1235.0,8177.0,1940.0,Inactive,349900,2025-03-13T00:00:00.000Z,17,12.765405536311112
"1100-Delaney-Ave,-Apt-F200,-Orlando,-FL-32806","1100 Delaney Ave, Apt F200, Orlando, FL 32806",1100 Delaney Ave,Apt F200,Orlando,FL,32806,Orange,28.528083,-81.373251,condo,3.0,2.0,1388.0,11761.0,1964.0,Inactive,325000,2025-01-13T00:00:00.000Z,75,12.691583538230217
"4344-Ilene-Ct,-Orlando,-FL-32806","4344 Ilene Ct, Orlando, FL 32806",4344 Ilene Ct,,Orlando,FL,32806,Orange,28.496639,-81.379499,single_family,3.0,2.0,2184.0,8625.0,1980.0,Inactive,460000,2024-11-07T00:00:00.000Z,141,13.038983942375959
"3227-S-Crystal-Lake-Dr,-Orlando,-FL-32806","3227 S Crystal Lake Dr, Orlando, FL 32806",3227 S Crystal Lake Dr,,Orlando,FL,32806,Orange,28.504028,-81.342937,single_family,4.0,3.0,2600.0,12197.0,2016.0,Inactive,795000,2025-03-17T00:00:00.000Z,10,13.586098651497313
"1711-White-Ave,-Orlando,-FL-32806","1711 White Ave, Orlando, FL 32806",1711 White Ave,,Orlando,FL,32806,Orange,28.502444,-81.357719,single_family,3.0,3.0,1566.0,7333.0,1958.0,Inactive,589900,2024-09-12T00:00:00.000Z,195,13.287710005192306
"1991-Peel-Ave,-Orlando,-FL-32806","1991 Peel Ave, Orlando, FL 32806",1991 Peel Ave,,Orlando,FL,32806,Orange,28.518461,-81.347099,townhouse,3.0,2.0,1862.0,5148.0,2024.0,Inactive,524700,2024-10-10T00:00:00.000Z,167,13.17058385552395
"1006-Strathmore-Dr,-Orlando,-FL-32806","1006 Strathmore Dr, Orlando, FL 32806",1006 Strathmore Dr,,Orlando,FL,32806,Orange,28.529816,-81.339408,single_family,3.0,3.0,1776.0,30928.0,1961.0,Inactive,815000,2024-12-09T00:00:00.000Z,107,13.610944619216111
"952-E-Michigan-St,---952B,-Orlando,-FL-32806","952 E Michigan St, # 952B, Orlando, FL 32806",952 E Michigan St,# 952B,Orlando,FL,32806,Orange,28.512264,-81.36528,condo,2.0,2.0,985.0,4112.0,1973.0,Inactive,167500,2024-08-15T00:00:00.000Z,222,12.02874460037869
"328-E-Kaley-St,-Orlando,-FL-32806","328 E Kaley St, Orlando, FL 32806",328 E Kaley St,,Orlando,FL,32806,Orange,28.520063,-81.373272,townhouse,3.0,2.0,1671.0,6947.0,2006.0,Inactive,420000,2025-01-09T00:00:00.000Z,75,12.948012371209098
"1330-Cloverlawn-Ave,-Orlando,-FL-32806","1330 Cloverlawn Ave, Orlando, FL 32806",1330 Cloverlawn Ave,,Orlando,FL,32806,Orange,28.525652,-81.35508,multi-family,4.0,2.0,1578.0,7038.0,1935.0,Inactive,380000,2025-02-06T00:00:00.000Z,47,12.847929163278053
"419-Raehn-St,-Orlando,-FL-32806","419 Raehn St, Orlando, FL 32806",419 Raehn St,,Orlando,FL,32806,Orange,28.524924,-81.371504,single_family,4.0,2.0,4098.0,9957.0,2005.0,Inactive,2100000,2025-02-11T00:00:00.000Z,42,14.557448378884015
"321-E-Copeland-Dr,-Orlando,-FL-32806","321 E Copeland Dr, Orlando, FL 32806",321 E Copeland Dr,,Orlando,FL,32806,Orange,28.525999,-81.372953,single_family,4.0,2.0,2250.0,35719.0,1944.0,Inactive,849000,2025-03-19T00:00:00.000Z,4,13.651815643149092
"556-Copley-Ln,-Orlando,-FL-32806","556 Copley Ln, Orlando, FL 32806",556 Copley Ln,,Orlando,FL,32806,Orange,28.513248,-81.368615,townhouse,3.0,2.0,1844.0,1299.0,2008.0,Inactive,389500,2025-03-04T00:00:00.000Z,16,12.87262171168374
"3030-Kingfisher-Dr,-Orlando,-FL-32806","3030 Kingfisher Dr, Orlando, FL 32806",3030 Kingfisher Dr,,Orlando,FL,32806,Orange,28.508408,-81.34678,single_family,3.0,2.0,2132.0,9196.0,1969.0,Inactive,435000,2025-03-13T00:00:00.000Z,7,12.983103608918753
"2504-Gatlin-Ave,-Orlando,-FL-32806","2504 Gatlin Ave, Orlando, FL 32806",2504 Gatlin Ave,,Orlando,FL,32806,Orange,28.494611,-81.35013,single_family,3.0,2.0,4592.0,27007.0,1990.0,Inactive,1799000,2025-02-20T00:00:00.000Z,26,14.402742068796885
"2788-Curry-Ford-Rd,-Unit-A,-Orlando,-FL-32806","2788 Curry Ford Rd, Unit A, Orlando, FL 32806",2788 Curry Ford Rd,Unit A,Orlando,FL,32806,Orange,28.523583,-81.348307,townhouse,2.0,1.0,1001.0,8276.0,1973.0,Inactive,199900,2025-03-07T00:00:00.000Z,11,12.20557752297723
"1141-S-Osceola-Ave,-Orlando,-FL-32806","1141 S Osceola Ave, Orlando, FL 32806",1141 S Osceola Ave,,Orlando,FL,32806,Orange,28.527834,-81.370117,single_family,4.0,2.0,3319.0,13939.0,1928.0,Inactive,1495000,2025-03-04T00:00:00.000Z,13,14.217637433703022
"605-Sweetbriar-Rd,-Orlando,-FL-32806","605 Sweetbriar Rd, Orlando, FL 32806",605 Sweetbriar Rd,,Orlando,FL,32806,Orange,28.500945,-81.369702,single_family,4.0,3.0,2759.0,12197.0,1965.0,Inactive,789000,2025-03-04T00:00:00.000Z,12,13.578522867254332
"1607-Delaney-Ave,-Orlando,-FL-32806","1607 Delaney Ave, Orlando, FL 32806",1607 Delaney Ave,,Orlando,FL,32806,Orange,28.523611,-81.371975,single_family,5.0,4.0,2469.0,8411.0,1939.0,Inactive,774950,2024-07-30T00:00:00.000Z,228,13.560555080530197
"2809-S-Brown-Ave,-Orlando,-FL-32806","2809 S Brown Ave, Orlando, FL 32806",2809 S Brown Ave,,Orlando,FL,32806,Orange,28.510872,-81.361592,single_family,3.0,1.0,848.0,5618.0,1945.0,Inactive,284900,2024-11-02T00:00:00.000Z,133,12.55989703048335
"1401-E-Michigan-St,-Orlando,-FL-32806","1401 E Michigan St, Orlando, FL 32806",1401 E Michigan St,,Orlando,FL,32806,Orange,28.513304,-81.361649,townhouse,3.0,2.0,1770.0,15682.0,2020.0,Inactive,459000,2025-02-21T00:00:00.000Z,22,13.036807667689546
"434-E-Harding-St,-Orlando,-FL-32806","434 E Harding St, Orlando, FL 32806",434 E Harding St,,Orlando,FL,32806,Orange,28.518151,-81.370756,single_family,3.0,2.0,1361.0,7143.0,1930.0,Inactive,549000,2025-03-02T00:00:00.000Z,13,13.215855541983634
"434-Purdue-St,-Orlando,-FL-32806","434 Purdue St, Orlando, FL 32806",434 Purdue St,,Orlando,FL,32806,Orange,28.525501,-81.370912,single_family,2.0,1.0,1268.0,6192.0,1953.0,Inactive,350000,2025-03-10T00:00:00.000Z,4,12.765691290604371
"1575-George-St,-Orlando,-FL-32806","1575 George St, Orlando, FL 32806",1575 George St,,Orlando,FL,32806,Orange,28.521341,-81.358632,single_family,3.0,2.0,1440.0,5616.0,1935.0,Inactive,499000,2024-12-02T00:00:00.000Z,101,13.120363378739663
"342-Oak-Estates-Dr,-Orlando,-FL-32806","342 Oak Estates Dr, Orlando, FL 32806",342 Oak Estates Dr,,Orlando,FL,32806,Orange,28.5061,-81.37228,single_family,3.0,2.0,2283.0,47045.0,1977.0,Inactive,649000,2025-03-06T00:00:00.000Z,6,13.38318953651709
"2945-Lake-Pineloch-Blvd,---18-26,-Orlando,-FL-32806","2945 Lake Pineloch Blvd, # 18-26, Orlando, FL 32806",2945 Lake Pineloch Blvd,# 18-26,Orlando,FL,32806,Orange,28.508879,-81.364555,condo,3.0,2.0,1460.0,9460.0,1985.0,Inactive,489000,2024-10-03T00:00:00.000Z,159,13.100119813444692
"816-Pershing-Ave,-Orlando,-FL-32806","816 Pershing Ave, Orlando, FL 32806",816 Pershing Ave,,Orlando,FL,32806,Orange,28.498181,-81.366639,single_family,3.0,2.0,1513.0,8761.0,1957.0,Inactive,399900,2024-11-16T00:00:00.000Z,115,12.89897229545694
"1406-Winn-Ave,-Orlando,-FL-32806","1406 Winn Ave, Orlando, FL 32806",1406 Winn Ave,,Orlando,FL,32806,Orange,28.524712,-81.348736,single_family,1.0,1.0,632.0,4560.0,1935.0,Inactive,213995,2024-12-23T00:00:00.000Z,78,12.273712602240513
"429-E-Gore-St,-Orlando,-FL-32806","429 E Gore St, Orlando, FL 32806",429 E Gore St,,Orlando,FL,32806,Orange,28.531086,-81.37162,single_family,3.0,2.0,1583.0,7750.0,1945.0,Inactive,699000,2025-02-12T00:00:00.000Z,26,13.457407451830088
"1855-Cloverlawn-Ave,-Orlando,-FL-32806","1855 Cloverlawn Ave, Orlando, FL 32806",1855 Cloverlawn Ave,,Orlando,FL,32806,Orange,28.521101,-81.354543,single_family,3.0,2.0,1543.0,13939.0,1955.0,Inactive,559000,2025-03-08T00:00:00.000Z,2,13.233906541044401
"208-Whittier-Cir,-Orlando,-FL-32806","208 Whittier Cir, Orlando, FL 32806",208 Whittier Cir,,Orlando,FL,32806,Orange,28.524385,-81.374872,single_family,3.0,2.0,1381.0,8430.0,1945.0,Inactive,515000,2025-02-21T00:00:00.000Z,16,13.151924121391561
"2145-Lake-Margaret-Dr,---13,-Orlando,-FL-32806","2145 Lake Margaret Dr, # 13, Orlando, FL 32806",2145 Lake Margaret Dr,# 13,Orlando,FL,32806,Orange,28.506105,-81.351926,condo,2.0,2.0,1088.0,31799.0,1982.0,Inactive,129900,2024-12-19T00:00:00.000Z,79,11.774527900858468
"788-E-Michigan-St,-Unit-18,-Orlando,-FL-32806","788 E Michigan St, Unit 18, Orlando, FL 32806",788 E Michigan St,Unit 18,Orlando,FL,32806,Orange,28.510771,-81.366667,condo,1.0,1.0,715.0,3903.0,1967.0,Inactive,120000,2024-06-04T00:00:00.000Z,275,11.695255355062795
"866-Gatlin-Ave,-Orlando,-FL-32806","866 Gatlin Ave, Orlando, FL 32806",866 Gatlin Ave,,Orlando,FL,32806,Orange,28.493973,-81.365277,single_family,3.0,1.0,1074.0,6327.0,1949.0,Inactive,245000,2025-03-04T00:00:00.000Z,2,12.409017571151187
"3041-Peel-Ave,-Orlando,-FL-32806","3041 Peel Ave, Orlando, FL 32806",3041 Peel Ave,,Orlando,FL,32806,Orange,28.507948,-81.347134,single_family,2.0,2.0,1628.0,10454.0,1981.0,Inactive,360000,2024-10-17T00:00:00.000Z,138,12.793862088206213
"3621-Devonswood-Dr,-Orlando,-FL-32806","3621 Devonswood Dr, Orlando, FL 32806",3621 Devonswood Dr,,Orlando,FL,32806,Orange,28.498828,-81.346581,multi-family,2.0,2.0,1536.0,10890.0,1959.0,Inactive,399900,2024-11-05T00:00:00.000Z,119,12.89897229545694
"3111-Carmia-Dr,-Orlando,-FL-32806","3111 Carmia Dr, Orlando, FL 32806",3111 Carmia Dr,,Orlando,FL,32806,Orange,28.50731,-81.360807,single_family,4.0,2.0,2074.0,29621.0,1964.0,Inactive,759000,2025-02-27T00:00:00.000Z,5,13.539758373899955
"2825-Conway-Gardens-Rd,-Orlando,-FL-32806","2825 Conway Gardens Rd, Orlando, FL 32806",2825 Conway Gardens Rd,,Orlando,FL,32806,Orange,28.50884,-81.338836,single_family,2.0,2.0,1562.0,15682.0,1922.0,Inactive,369900,2025-02-21T00:00:00.000Z,10,12.820990681250251
"1812-E-Kaley-Ave,-Orlando,-FL-32806","1812 E Kaley Ave, Orlando, FL 32806",1812 E Kaley Ave,,Orlando,FL,32806,Orange,28.519615,-81.356288,single_family,4.0,2.0,2974.0,7993.0,2025.0,Inactive,990000,2024-09-16T00:00:00.000Z,166,13.805461232211272
"227-Page-St,-Orlando,-FL-32806","227 Page St, Orlando, FL 32806",227 Page St,,Orlando,FL,32806,Orange,28.516004,-81.372933,single_family,4.0,2.0,2926.0,7299.0,2025.0,Inactive,1089000,2024-12-10T00:00:00.000Z,81,13.900771320188321
"46-W-Jersey-St,---5,-Orlando,-FL-32806","46 W Jersey St, # 5, Orlando, FL 32806",46 W Jersey St,# 5,Orlando,FL,32806,Orange,28.513739,-81.378304,townhouse,3.0,2.0,2209.0,37026.0,2024.0,Inactive,735000,2024-12-20T00:00:00.000Z,71,13.507627138738266
"401-E-Jersey-St,-Orlando,-FL-32806","401 E Jersey St, Orlando, FL 32806",401 E Jersey St,,Orlando,FL,32806,Orange,28.51419,-81.371554,single_family,3.0,2.0,1344.0,8722.0,1947.0,Inactive,415000,2024-11-07T00:00:00.000Z,113,12.936036208848487
"3701-Wyldwoode-Ln,-Orlando,-FL-32806","3701 Wyldwoode Ln, Orlando, FL 32806",3701 Wyldwoode Ln,,Orlando,FL,32806,Orange,28.498458,-81.341511,single_family,4.0,2.0,2158.0,13504.0,1963.0,Inactive,599000,2024-11-14T00:00:00.000Z,106,13.303018546545275
"1815-E-Kaley-Ave,-Orlando,-FL-32806","1815 E Kaley Ave, Orlando, FL 32806",1815 E Kaley Ave,,Orlando,FL,32806,Orange,28.520088,-81.356339,multi-family,6.0,4.0,2640.0,9479.0,1930.0,Inactive,625000,2024-12-31T00:00:00.000Z,58,13.345508528717259
"1811-Simonton-Ave,-Orlando,-FL-32806","1811 Simonton Ave, Orlando, FL 32806",1811 Simonton Ave,,Orlando,FL,32806,Orange,28.500624,-81.35627,single_family,4.0,2.0,2635.0,7024.0,2025.0,Inactive,829900,2025-02-26T00:00:00.000Z,1,13.629061695550266
"2505-Newberry-St,-Orlando,-FL-32806","2505 Newberry St, Orlando, FL 32806",2505 Newberry St,,Orlando,FL,32806,Orange,28.514895,-81.354133,single_family,4.0,2.0,1938.0,7406.0,2020.0,Inactive,579000,2024-09-13T00:00:00.000Z,166,13.269059483669357
"2123-Geigel-Ct,-Orlando,-FL-32806","2123 Geigel Ct, Orlando, FL 32806",2123 Geigel Ct,,Orlando,FL,32806,Orange,28.501141,-81.352906,single_family,4.0,2.0,1698.0,9408.0,1969.0,Inactive,519000,2025-01-17T00:00:00.000Z,40,13.159661088928443
"233-E-Harding-St,-Orlando,-FL-32806","233 E Harding St, Orlando, FL 32806",233 E Harding St,,Orlando,FL,32806,Orange,28.518714,-81.373138,single_family,4.0,3.0,2400.0,5440.0,2024.0,Inactive,1095000,2024-12-27T00:00:00.000Z,60,13.90626583447433
"1355-S-Summerlin-Ave,-Orlando,-FL-32806","1355 S Summerlin Ave, Orlando, FL 32806",1355 S Summerlin Ave,,Orlando,FL,32806,Orange,28.525702,-81.367876,single_family,4.0,4.0,5032.0,21780.0,1991.0,Inactive,2500000,2025-02-14T00:00:00.000Z,11,14.731801689838349
"2816-Hargill-Dr,-Orlando,-FL-32806","2816 Hargill Dr, Orlando, FL 32806",2816 Hargill Dr,,Orlando,FL,32806,Orange,28.527971,-81.346677,single_family,3.0,2.0,1663.0,9369.0,1954.0,Inactive,649000,2024-11-30T00:00:00.000Z,86,13.38318953651709
"3700-Sedgewick-Pl,-Orlando,-FL-32806","3700 Sedgewick Pl, Orlando, FL 32806",3700 Sedgewick Pl,,Orlando,FL,32806,Orange,28.499619,-81.35431,single_family,3.0,2.0,1920.0,9701.0,1969.0,Inactive,539000,2025-02-11T00:00:00.000Z,11,13.197472705176983
"724-Lake-Davis-Dr,-Orlando,-FL-32806","724 Lake Davis Dr, Orlando, FL 32806",724 Lake Davis Dr,,Orlando,FL,32806,Orange,28.529537,-81.367396,single_family,3.0,3.0,2105.0,8776.0,1950.0,Inactive,1199900,2025-02-17T00:00:00.000Z,5,13.997749611354916
"2459-Gladstone-Ave,-Orlando,-FL-32806","2459 Gladstone Ave, Orlando, FL 32806",2459 Gladstone Ave,,Orlando,FL,32806,Orange,28.508893,-81.350309,single_family,4.0,2.0,2571.0,11326.0,1956.0,Inactive,798000,2024-11-07T00:00:00.000Z,106,13.589865129563993
"1111-Salerno-Ct,---Ge,-Orlando,-FL-32806","1111 Salerno Ct, # Ge, Orlando, FL 32806",1111 Salerno Ct,# Ge,Orlando,FL,32806,Orange,28.51009,-81.364094,condo,2.0,2.0,1380.0,10454.0,1984.0,Inactive,369900,2024-08-20T00:00:00.000Z,184,12.820990681250251
"1423-Russell-Ave,-Orlando,-FL-32806","1423 Russell Ave, Orlando, FL 32806",1423 Russell Ave,,Orlando,FL,32806,Orange,28.525212,-81.350254,single_family,4.0,3.0,2950.0,7042.0,2024.0,Inactive,950000,2024-11-13T00:00:00.000Z,98,13.76421831620775
"3055-Unkaterri-Ln,-Orlando,-FL-32806","3055 Unkaterri Ln, Orlando, FL 32806",3055 Unkaterri Ln,,Orlando,FL,32806,Orange,28.506334,-81.352365,multi-family,4.0,4.0,1936.0,10454.0,1972.0,Inactive,685000,2025-02-17T00:00:00.000Z,2,13.437175577097312
"423-E-Muriel-St,-Orlando,-FL-32806","423 E Muriel St, Orlando, FL 32806",423 E Muriel St,,Orlando,FL,32806,Orange,28.517797,-81.371221,single_family,3.0,3.0,1387.0,7020.0,1935.0,Inactive,510000,2024-12-06T00:00:00.000Z,74,13.1421679654829
"1917-Geigel-Ave,-Orlando,-FL-32806","1917 Geigel Ave, Orlando, FL 32806",1917 Geigel Ave,,Orlando,FL,32806,Orange,28.501561,-81.35466,single_family,4.0,2.0,2900.0,7515.0,2025.0,Inactive,890000,2024-08-17T00:00:00.000Z,182,13.698977865303197
"3138-Lakemar-Ln,-Orlando,-FL-32806","3138 Lakemar Ln, Orlando, FL 32806",3138 Lakemar Ln,,Orlando,FL,32806,Orange,28.505888,-81.341913,single_family,4.0,2.0,1791.0,10019.0,1973.0,Inactive,509000,2025-02-06T00:00:00.000Z,8,13.140205260167273
"122-E-Esther-St,-Orlando,-FL-32806","122 E Esther St, Orlando, FL 32806",122 E Esther St,,Orlando,FL,32806,Orange,28.519061,-81.375433,single_family,4.0,4.0,2487.0,6766.0,1925.0,Inactive,775000,2024-08-28T00:00:00.000Z,169,13.560619598657233
"3777-Martin-St,-Orlando,-FL-32806","3777 Martin St, Orlando, FL 32806",3777 Martin St,,Orlando,FL,32806,Orange,28.502662,-81.358361,single_family,4.0,2.0,1470.0,9754.0,1959.0,Inactive,399000,2024-12-05T00:00:00.000Z,70,12.896719202134523
"3100-Nancy-St,-Orlando,-FL-32806","3100 Nancy St, Orlando, FL 32806",3100 Nancy St,,Orlando,FL,32806,Orange,28.527076,-81.344592,single_family,3.0,2.0,1531.0,10890.0,1957.0,Inactive,465000,2025-02-09T00:00:00.000Z,4,13.049794835104816
"1100-Delaney-Ave,-Apt-F204,-Orlando,-FL-32806","1100 Delaney Ave, Apt F204, Orlando, FL 32806",1100 Delaney Ave,Apt F204,Orlando,FL,32806,Orange,28.528083,-81.373251,condo,1.0,1.0,751.0,11761.0,1964.0,Inactive,229000,2025-02-10T00:00:00.000Z,3,12.34148164933907
"2410-Center-Ave,-Orlando,-FL-32806","2410 Center Ave, Orlando, FL 32806",2410 Center Ave,,Orlando,FL,32806,Orange,28.515321,-81.374643,single_family,4.0,2.0,1420.0,6610.0,1945.0,Inactive,550000,2024-03-07T00:00:00.000Z,342,13.217675375388819
"1110-Lake-Davis-Dr,-Orlando,-FL-32806","1110 Lake Davis Dr, Orlando, FL 32806",1110 Lake Davis Dr,,Orlando,FL,32806,Orange,28.530947,-81.364746,single_family,4.0,3.0,2915.0,5943.0,2020.0,Inactive,1499000,2024-07-11T00:00:00.000Z,216,14.22030944419592
"1539-Briercliff-Dr,-Orlando,-FL-32806","1539 Briercliff Dr, Orlando, FL 32806",1539 Briercliff Dr,,Orlando,FL,32806,Orange,28.526232,-81.360308,single_family,3.0,2.0,1554.0,7238.0,1960.0,Inactive,575000,2024-11-14T00:00:00.000Z,89,13.26212705890841
"776-E-Michigan-St,-Unit-63,-Orlando,-FL-32806","776 E Michigan St, Unit 63, Orlando, FL 32806",776 E Michigan St,Unit 63,Orlando,FL,32806,Orange,28.510129,-81.367625,condo,3.0,2.0,1291.0,8775.0,1967.0,Inactive,175000,2025-01-24T00:00:00.000Z,18,12.07254696717504
"2504-S-Crystal-Lake-Dr,-Orlando,-FL-32806","2504 S Crystal Lake Dr, Orlando, FL 32806",2504 S Crystal Lake Dr,,Orlando,FL,32806,Orange,28.514458,-81.343612,single_family,2.0,2.0,1296.0,7538.0,1972.0,Inactive,324500,2024-12-29T00:00:00.000Z,43,12.690043896785632
"2501-Center-Ave,-Orlando,-FL-32806","2501 Center Ave, Orlando, FL 32806",2501 Center Ave,,Orlando,FL,32806,Orange,28.514607,-81.374002,single_family,3.0,2.0,1147.0,8162.0,1954.0,Inactive,450000,2025-01-27T00:00:00.000Z,14,13.017005083966255
"2503-Lassek-Dr,-Orlando,-FL-32806","2503 Lassek Dr, Orlando, FL 32806",2503 Lassek Dr,,Orlando,FL,32806,Orange,28.514854,-81.343979,single_family,2.0,2.0,1257.0,10000.0,1965.0,Inactive,439000,2025-02-07T00:00:00.000Z,3,12.992256969959042
"3721-S-Fern-Creek-Ave,-Orlando,-FL-32806","3721 S Fern Creek Ave, Orlando, FL 32806",3721 S Fern Creek Ave,,Orlando,FL,32806,Orange,28.503616,-81.359466,single_family,3.0,2.0,1424.0,12197.0,1955.0,Inactive,439000,2024-10-01T00:00:00.000Z,131,12.992256969959042
"3020-Nancy-St,-Orlando,-FL-32806","3020 Nancy St, Orlando, FL 32806",3020 Nancy St,,Orlando,FL,32806,Orange,28.527074,-81.344838,single_family,3.0,2.0,1515.0,10890.0,1957.0,Inactive,515000,2025-01-14T00:00:00.000Z,25,13.151924121391561
"1417-E-Harding-St,-Orlando,-FL-32806","1417 E Harding St, Orlando, FL 32806",1417 E Harding St,,Orlando,FL,32806,Orange,28.518399,-81.361171,multi-family,4.0,2.0,1626.0,13051.0,1965.0,Inactive,599900,2025-01-29T00:00:00.000Z,9,13.304519920584285
"1305-E-Harding-St,-Orlando,-FL-32806","1305 E Harding St, Orlando, FL 32806",1305 E Harding St,,Orlando,FL,32806,Orange,28.518816,-81.362916,multi-family,3.0,2.0,1751.0,7158.0,2025.0,Inactive,529900,2025-01-27T00:00:00.000Z,8,13.180445475627591
"3324-Toasy-Dr,-Orlando,-FL-32806","3324 Toasy Dr, Orlando, FL 32806",3324 Toasy Dr,,Orlando,FL,32806,Orange,28.502518,-81.340272,single_family,3.0,2.0,1725.0,9019.0,1959.0,Inactive,360000,2025-01-31T00:00:00.000Z,4,12.793862088206213
"3347-Edgecliffe-Dr,-Orlando,-FL-32806","3347 Edgecliffe Dr, Orlando, FL 32806",3347 Edgecliffe Dr,,Orlando,FL,32806,Orange,28.503127,-81.367085,single_family,5.0,3.0,3363.0,14375.0,1979.0,Inactive,919900,2024-05-17T00:00:00.000Z,262,13.73202133453934
"2819-S-Bumby-Ave,---3,-Orlando,-FL-32806","2819 S Bumby Ave, # 3, Orlando, FL 32806",2819 S Bumby Ave,# 3,Orlando,FL,32806,Orange,28.512036,-81.351159,condo,2.0,2.0,1100.0,1068.0,1984.0,Inactive,255000,2024-09-23T00:00:00.000Z,130,12.449022745701502
"1705-Geigel-Ave,-Orlando,-FL-32806","1705 Geigel Ave, Orlando, FL 32806",1705 Geigel Ave,,Orlando,FL,32806,Orange,28.501539,-81.357314,single_family,5.0,5.0,3285.0,14375.0,1973.0,Inactive,399000,2025-01-29T00:00:00.000Z,2,12.896719202134523
"750-E-Michigan-St,-Unit-165,-Orlando,-FL-32806","750 E Michigan St, Unit 165, Orlando, FL 32806",750 E Michigan St,Unit 165,Orlando,FL,32806,Orange,28.511873,-81.368145,condo,3.0,2.0,1181.0,5956.0,1969.0,Inactive,140000,2024-10-03T00:00:00.000Z,119,11.849404844423074
"3136-Jan-Dr,-Orlando,-FL-32806","3136 Jan Dr, Orlando, FL 32806",3136 Jan Dr,,Orlando,FL,32806,Orange,28.504809,-81.341411,single_family,3.0,2.0,1816.0,32234.0,1958.0,Inactive,489000,2024-11-15T00:00:00.000Z,75,13.100119813444692
"1817-Kalurna-Ct,-Orlando,-FL-32806","1817 Kalurna Ct, Orlando, FL 32806",1817 Kalurna Ct,,Orlando,FL,32806,Orange,28.521202,-81.373207,single_family,3.0,2.0,2560.0,6685.0,1987.0,Inactive,839000,2025-01-16T00:00:00.000Z,13,13.639967177343745
"436-E-Jersey-St,-Orlando,-FL-32806","436 E Jersey St, Orlando, FL 32806",436 E Jersey St,,Orlando,FL,32806,Orange,28.513656,-81.37033,single_family,3.0,2.0,1186.0,7002.0,2006.0,Inactive,399900,2025-01-24T00:00:00.000Z,5,12.89897229545694
"2949-Peel-Ave,-Orlando,-FL-32806","2949 Peel Ave, Orlando, FL 32806",2949 Peel Ave,,Orlando,FL,32806,Orange,28.510421,-81.347169,single_family,3.0,2.0,1803.0,8244.0,1959.0,Inactive,399000,2024-08-17T00:00:00.000Z,164,12.896719202134523
"515-Raehn-St,-Orlando,-FL-32806","515 Raehn St, Orlando, FL 32806",515 Raehn St,,Orlando,FL,32806,Orange,28.524995,-81.369594,single_family,3.0,2.0,1490.0,7520.0,1948.0,Inactive,550000,2024-10-31T00:00:00.000Z,89,13.217675375388819
"512-E-Gore-St,-Orlando,-FL-32806","512 E Gore St, Orlando, FL 32806",512 E Gore St,,Orlando,FL,32806,Orange,28.530699,-81.370007,single_family,3.0,2.0,2022.0,6534.0,1963.0,Inactive,819000,2025-01-23T00:00:00.000Z,5,13.615840583835682
"1816-Bimini-Dr,-Orlando,-FL-32806","1816 Bimini Dr, Orlando, FL 32806",1816 Bimini Dr,,Orlando,FL,32806,Orange,28.52881,-81.356282,single_family,4.0,2.0,2680.0,10454.0,1958.0,Inactive,975000,2025-01-09T00:00:00.000Z,18,13.790193775620484
"215-E-Grant-St,-Orlando,-FL-32806","215 E Grant St, Orlando, FL 32806",215 E Grant St,,Orlando,FL,32806,Orange,28.516856,-81.373757,single_family,2.0,2.0,961.0,7222.0,1946.0,Inactive,390000,2023-10-08T00:00:00.000Z,475,12.873904582205107
"2401-S-Summerlin-Ave,-Orlando,-FL-32806","2401 S Summerlin Ave, Orlando, FL 32806",2401 S Summerlin Ave,,Orlando,FL,32806,Orange,28.515854,-81.368329,single_family,5.0,4.0,4553.0,19166.0,1959.0,Inactive,1375000,2024-11-13T00:00:00.000Z,73,14.13396501635527
"1100-Delaney-Ave,-Apt-F203,-Orlando,-FL-32806","1100 Delaney Ave, Apt F203, Orlando, FL 32806",1100 Delaney Ave,Apt F203,Orlando,FL,32806,Orange,28.528083,-81.373251,condo,1.0,1.0,751.0,11761.0,1964.0,Inactive,219000,2024-09-14T00:00:00.000Z,131,12.296831574998258
"3156-S-Bumby-Ave---S,-Orlando,-FL-32806","3156 S Bumby Ave # S, Orlando, FL 32806",3156 S Bumby Ave # S,,Orlando,FL,32806,Orange,28.50862,-81.351915,condo,2.0,1.0,677.0,627.0,1969.0,Inactive,179888,2024-12-20T00:00:00.000Z,34,12.100095272988588
"3336-Florene-Dr,-Orlando,-FL-32806","3336 Florene Dr, Orlando, FL 32806",3336 Florene Dr,,Orlando,FL,32806,Orange,28.502653,-81.353298,single_family,3.0,2.0,1613.0,10454.0,1968.0,Inactive,469900,2025-01-10T00:00:00.000Z,13,13.060277313201007
"1502-Montcalm-St,-Orlando,-FL-32806","1502 Montcalm St, Orlando, FL 32806",1502 Montcalm St,,Orlando,FL,32806,Orange,28.499594,-81.359529,single_family,3.0,2.0,1383.0,9607.0,1958.0,Inactive,399999,2024-07-02T00:00:00.000Z,204,12.89921982609012
"2222-Delaney-Ave,-Orlando,-FL-32806","2222 Delaney Ave, Orlando, FL 32806",2222 Delaney Ave,,Orlando,FL,32806,Orange,28.516737,-81.372531,land,5.0,3.0,3258.0,6515.0,2022.0,Inactive,330000,2024-07-26T00:00:00.000Z,180,12.706850963741102
"4520-Leslyn-Ct,-Orlando,-FL-32806","4520 Leslyn Ct, Orlando, FL 32806",4520 Leslyn Ct,,Orlando,FL,32806,Orange,28.49505,-81.361031,single_family,4.0,3.0,2037.0,10890.0,1963.0,Inactive,599900,2024-09-04T00:00:00.000Z,140,13.304519920584285
"1212-Oakley-St,-Orlando,-FL-32806","1212 Oakley St, Orlando, FL 32806",1212 Oakley St,,Orlando,FL,32806,Orange,28.520992,-81.363494,single_family,3.0,2.0,2043.0,7818.0,1954.0,Inactive,775000,2024-12-11T00:00:00.000Z,42,13.560619598657233
"32-W-Esther-St,-Unit-C,-Orlando,-FL-32806","32 W Esther St, Unit C, Orlando, FL 32806",32 W Esther St,Unit C,Orlando,FL,32806,Orange,28.519077,-81.377604,townhouse,3.0,2.0,1589.0,700.0,2007.0,Inactive,345000,2024-10-28T00:00:00.000Z,85,12.75130259456002
"1228-Vantage-Dr,-Orlando,-FL-32806","1228 Vantage Dr, Orlando, FL 32806",1228 Vantage Dr,,Orlando,FL,32806,Orange,28.526582,-81.336129,single_family,4.0,2.0,1517.0,10454.0,1957.0,Inactive,492999,2024-11-02T00:00:00.000Z,80,13.108264453024827
"1406-S-Osceola-Ave,-Orlando,-FL-32806","1406 S Osceola Ave, Orlando, FL 32806",1406 S Osceola Ave,,Orlando,FL,32806,Orange,28.525503,-81.370623,single_family,3.0,2.0,1344.0,6194.0,1920.0,Inactive,550000,2024-12-03T00:00:00.000Z,48,13.217675375388819
"3306-Florene-Dr,-Orlando,-FL-32806","3306 Florene Dr, Orlando, FL 32806",3306 Florene Dr,,Orlando,FL,32806,Orange,28.503732,-81.353308,single_family,4.0,2.0,1876.0,9635.0,1968.0,Inactive,519900,2025-01-15T00:00:00.000Z,5,13.161393687816775
"3200-Raeford-Rd,-Orlando,-FL-32806","3200 Raeford Rd, Orlando, FL 32806",3200 Raeford Rd,,Orlando,FL,32806,Orange,28.508653,-81.344233,single_family,3.0,2.0,2225.0,94961.0,1918.0,Inactive,1150000,2024-11-23T00:00:00.000Z,57,13.955273369904273
"319-E-Jersey-St,-Orlando,-FL-32806","319 E Jersey St, Orlando, FL 32806",319 E Jersey St,,Orlando,FL,32806,Orange,28.514151,-81.372969,single_family,3.0,2.0,1341.0,8163.0,1954.0,Inactive,410000,2025-01-04T00:00:00.000Z,15,12.923914877701906
"3200-E-Kaley-Ave,-Orlando,-FL-32806","3200 E Kaley Ave, Orlando, FL 32806",3200 E Kaley Ave,,Orlando,FL,32806,Orange,28.520679,-81.343162,single_family,3.0,2.0,1684.0,10454.0,1956.0,Inactive,400000,2025-01-09T00:00:00.000Z,8,12.899222326086994
"1512-Lake-Weldona-Dr,-Orlando,-FL-32806","1512 Lake Weldona Dr, Orlando, FL 32806",1512 Lake Weldona Dr,,Orlando,FL,32806,Orange,28.527403,-81.360162,single_family,4.0,2.0,2899.0,9494.0,2001.0,Inactive,900000,2024-09-10T00:00:00.000Z,128,13.710151153416941
"1015-Lake-Emerald-Dr,-Orlando,-FL-32806","1015 Lake Emerald Dr, Orlando, FL 32806",1015 Lake Emerald Dr,,Orlando,FL,32806,Orange,28.529712,-81.362413,single_family,3.0,2.0,1251.0,10890.0,1951.0,Inactive,469500,2024-09-17T00:00:00.000Z,120,13.05942570755364
"223-Page-St,-Orlando,-FL-32806","223 Page St, Orlando, FL 32806",223 Page St,,Orlando,FL,32806,Orange,28.516002,-81.373097,single_family,4.0,2.0,2685.0,9029.0,1965.0,Inactive,949000,2025-01-06T00:00:00.000Z,9,13.76316513133229
"3202-Montclair-Rd,-Orlando,-FL-32806","3202 Montclair Rd, Orlando, FL 32806",3202 Montclair Rd,,Orlando,FL,32806,Orange,28.525231,-81.343145,single_family,3.0,2.0,1254.0,8363.0,1956.0,Inactive,420000,2024-04-18T00:00:00.000Z,269,12.948012371209098
"1212-St-Tropez-Cir,----ge,-Orlando,-FL-32806","1212 St Tropez Cir, # #ge, Orlando, FL 32806",1212 St Tropez Cir,# #ge,Orlando,FL,32806,Orange,28.511997,-81.363424,condo,2.0,2.0,1380.0,10454.0,1983.0,Inactive,315000,2024-05-24T00:00:00.000Z,233,12.660331092405906
"913-Buckwood-Dr,-Orlando,-FL-32806","913 Buckwood Dr, Orlando, FL 32806",913 Buckwood Dr,,Orlando,FL,32806,Orange,28.501902,-81.366265,single_family,3.0,3.0,1846.0,8288.0,1956.0,Inactive,499000,2024-09-11T00:00:00.000Z,122,13.120363378739663
"1131-Delaney-Ave,-Orlando,-FL-32806","1131 Delaney Ave, Orlando, FL 32806",1131 Delaney Ave,,Orlando,FL,32806,Orange,28.528109,-81.372127,single_family,4.0,2.0,3178.0,4567.0,1999.0,Inactive,899000,2024-03-15T00:00:00.000Z,299,13.70903942580019
"1217-Cloverlawn-Ave,-Orlando,-FL-32806","1217 Cloverlawn Ave, Orlando, FL 32806",1217 Cloverlawn Ave,,Orlando,FL,32806,Orange,28.527183,-81.354495,single_family,4.0,2.0,2872.0,6798.0,2025.0,Inactive,990000,2024-08-07T00:00:00.000Z,154,13.805461232211272
"2822-Lando-Ln,-Orlando,-FL-32806","2822 Lando Ln, Orlando, FL 32806",2822 Lando Ln,,Orlando,FL,32806,Orange,28.497631,-81.345273,single_family,3.0,2.0,1624.0,10454.0,1960.0,Inactive,475000,2024-11-15T00:00:00.000Z,54,13.07107218827772
"54-W-Jersey-St,---5,-Orlando,-FL-32806","54 W Jersey St, # 5, Orlando, FL 32806",54 W Jersey St,# 5,Orlando,FL,32806,Orange,28.513494,-81.378372,townhouse,3.0,2.0,2209.0,37026.0,2024.0,Inactive,699900,2024-12-20T00:00:00.000Z,19,13.45869417545215
"2865-Palermo-Ct,---2865,-Orlando,-FL-32806","2865 Palermo Ct, # 2865, Orlando, FL 32806",2865 Palermo Ct,# 2865,Orlando,FL,32806,Orange,28.509521,-81.363644,condo,2.0,2.0,1300.0,9792.0,1984.0,Inactive,329900,2024-08-30T00:00:00.000Z,130,12.706547888433661
"1521-Briercliff-Dr,-Orlando,-FL-32806","1521 Briercliff Dr, Orlando, FL 32806",1521 Briercliff Dr,,Orlando,FL,32806,Orange,28.526497,-81.360928,single_family,4.0,2.0,2474.0,8323.0,1926.0,Inactive,799000,2024-09-23T00:00:00.000Z,106,13.591117476312084
"2725-Keystone-Dr,-Orlando,-FL-32806","2725 Keystone Dr, Orlando, FL 32806",2725 Keystone Dr,,Orlando,FL,32806,Orange,28.512,-81.365717,single_family,4.0,2.0,2354.0,6970.0,2023.0,Inactive,725000,2024-11-20T00:00:00.000Z,48,13.493928313146206
"2035-Peel-Ave,-Orlando,-FL-32806","2035 Peel Ave, Orlando, FL 32806",2035 Peel Ave,,Orlando,FL,32806,Orange,28.518013,-81.347254,townhouse,3.0,2.0,1862.0,6427.0,2024.0,Inactive,559990,2024-08-11T00:00:00.000Z,146,13.235675991153613
"1068-E-Michigan-St,---1,-Orlando,-FL-32806","1068 E Michigan St, # 1, Orlando, FL 32806",1068 E Michigan St,# 1,Orlando,FL,32806,Orange,28.511476,-81.364594,condo,3.0,2.0,1664.0,6506.0,1973.0,Inactive,150000,2024-12-23T00:00:00.000Z,11,11.918397239722838
"2100-E-Grant-Ave,-Orlando,-FL-32806","2100 E Grant Ave, Orlando, FL 32806",2100 E Grant Ave,,Orlando,FL,32806,Orange,28.516546,-81.354016,land,4.0,3.0,1918.0,12632.0,1965.0,Inactive,425000,2023-05-18T00:00:00.000Z,595,12.959846800844963
"792-E-Michigan-St,-Unit-6,-Orlando,-FL-32806","792 E Michigan St, Unit 6, Orlando, FL 32806",792 E Michigan St,Unit 6,Orlando,FL,32806,Orange,28.510341,-81.366851,condo,2.0,2.0,1116.0,10454.0,1967.0,Inactive,190000,2023-12-04T00:00:00.000Z,394,12.154784614286667
"35-W-Harding-St,-Orlando,-FL-32806","35 W Harding St, Orlando, FL 32806",35 W Harding St,,Orlando,FL,32806,Orange,28.518695,-81.378018,land,2.0,2.0,1061.0,13939.0,1950.0,Inactive,759000,2024-01-19T00:00:00.000Z,348,13.539758373899955
"225-E-Grant-St,-Orlando,-FL-32806","225 E Grant St, Orlando, FL 32806",225 E Grant St,,Orlando,FL,32806,Orange,28.51686,-81.373329,townhouse,3.0,2.0,1858.0,3576.0,2017.0,Inactive,500000,2024-12-12T00:00:00.000Z,20,13.122365377402328
"2522-Rest-Haven-Ave,-Orlando,-FL-32806","2522 Rest Haven Ave, Orlando, FL 32806",2522 Rest Haven Ave,,Orlando,FL,32806,Orange,28.515126,-81.341092,single_family,4.0,3.0,2923.0,9366.0,2021.0,Inactive,929990,2024-09-24T00:00:00.000Z,97,13.742930187663257
"2788-Curry-Ford-Rd,---Ge,-Orlando,-FL-32806","2788 Curry Ford Rd, # Ge, Orlando, FL 32806",2788 Curry Ford Rd,# Ge,Orlando,FL,32806,Orange,28.523583,-81.348307,condo,2.0,1.0,864.0,95396.0,1973.0,Inactive,221000,2024-12-26T00:00:00.000Z,3,12.30592250537653
"42-W-Harding-St,-Unit-B,-Orlando,-FL-32806","42 W Harding St, Unit B, Orlando, FL 32806",42 W Harding St,Unit B,Orlando,FL,32806,Orange,28.518286,-81.378609,townhouse,3.0,2.0,2061.0,1269.0,2023.0,Inactive,569000,2024-08-03T00:00:00.000Z,146,13.251637470576167
"2300-S-Shine-Ave,-Orlando,-FL-32806","2300 S Shine Ave, Orlando, FL 32806",2300 S Shine Ave,,Orlando,FL,32806,Orange,28.516337,-81.361168,multi-family,5.0,2.0,1744.0,7106.0,1938.0,Inactive,450000,2024-12-10T00:00:00.000Z,17,13.017005083966255
"4343-Ilene-Ct,-Orlando,-FL-32806","4343 Ilene Ct, Orlando, FL 32806",4343 Ilene Ct,,Orlando,FL,32806,Orange,28.497095,-81.379424,single_family,3.0,2.0,1625.0,8577.0,1980.0,Inactive,425000,2024-10-03T00:00:00.000Z,79,12.959846800844963
"3428-Monteen-Dr,-Orlando,-FL-32806","3428 Monteen Dr, Orlando, FL 32806",3428 Monteen Dr,,Orlando,FL,32806,Orange,28.506782,-81.339637,single_family,3.0,2.0,1941.0,8794.0,1960.0,Inactive,425000,2024-11-13T00:00:00.000Z,38,12.959846800844963
"38-W-Harding-St,-Unit-F,-Orlando,-FL-32806","38 W Harding St, Unit F, Orlando, FL 32806",38 W Harding St,Unit F,Orlando,FL,32806,Orange,28.518286,-81.37841,townhouse,3.0,2.0,2126.0,1305.0,2023.0,Inactive,585000,2024-11-04T00:00:00.000Z,43,13.279368835614243
"1219-Delaney-Park-Dr,-Orlando,-FL-32806","1219 Delaney Park Dr, Orlando, FL 32806",1219 Delaney Park Dr,,Orlando,FL,32806,Orange,28.529,-81.363213,single_family,3.0,2.0,1703.0,14810.0,1956.0,Inactive,699000,2024-10-22T00:00:00.000Z,55,13.457407451830088
"1806-Bimini-Dr,-Orlando,-FL-32806","1806 Bimini Dr, Orlando, FL 32806",1806 Bimini Dr,,Orlando,FL,32806,Orange,28.528819,-81.35703,single_family,3.0,2.0,1628.0,10454.0,1958.0,Inactive,620000,2024-12-12T00:00:00.000Z,3,13.3374763699232
"1100-Delaney-Ave,-Apt-D23,-Orlando,-FL-32806","1100 Delaney Ave, Apt D23, Orlando, FL 32806",1100 Delaney Ave,Apt D23,Orlando,FL,32806,Orange,28.528496,-81.372968,condo,2.0,1.0,998.0,4729.0,1964.0,Inactive,279000,2024-06-20T00:00:00.000Z,177,12.53897064502647
"3316-Price-Ave,-Orlando,-FL-32806","3316 Price Ave, Orlando, FL 32806",3316 Price Ave,,Orlando,FL,32806,Orange,28.517539,-81.341565,single_family,4.0,2.0,1701.0,12197.0,1950.0,Inactive,449900,2024-12-03T00:00:00.000Z,11,13.016782837542953
"1158-Delaney-Ave,---1152,-Orlando,-FL-32806","1158 Delaney Ave, # 1152, Orlando, FL 32806",1158 Delaney Ave,# 1152,Orlando,FL,32806,Orange,28.52771,-81.373352,condo,2.0,2.0,1982.0,9029.0,1986.0,Inactive,689990,2024-06-20T00:00:00.000Z,176,13.444433833010114
"1064-E-Michigan-St,-Apt-B,-Orlando,-FL-32806","1064 E Michigan St, Apt B, Orlando, FL 32806",1064 E Michigan St,Apt B,Orlando,FL,32806,Orange,28.511475,-81.364589,condo,3.0,2.0,1278.0,6506.0,1973.0,Inactive,228000,2024-07-11T00:00:00.000Z,154,12.337105293891872
"2908-Sylvan-Ave,-Orlando,-FL-32806","2908 Sylvan Ave, Orlando, FL 32806",2908 Sylvan Ave,,Orlando,FL,32806,Orange,28.508904,-81.37362,townhouse,3.0,2.0,1804.0,1100.0,2021.0,Inactive,549990,2024-10-15T00:00:00.000Z,58,13.217657193438404
"2613-Vine-St,-Orlando,-FL-32806","2613 Vine St, Orlando, FL 32806",2613 Vine St,,Orlando,FL,32806,Orange,28.526666,-81.349782,single_family,4.0,2.0,2091.0,10454.0,1966.0,Inactive,625000,2024-12-05T00:00:00.000Z,7,13.345508528717259
"231-Page-St,-Orlando,-FL-32806","231 Page St, Orlando, FL 32806",231 Page St,,Orlando,FL,32806,Orange,28.515897,-81.3725,single_family,5.0,3.0,3379.0,8664.0,2025.0,Inactive,1195000,2024-12-05T00:00:00.000Z,6,13.993657580167481
"2815-Marsala-Ct,---Ge,-Orlando,-FL-32806","2815 Marsala Ct, # Ge, Orlando, FL 32806",2815 Marsala Ct,# Ge,Orlando,FL,32806,Orange,28.511671,-81.364179,condo,3.0,2.0,1460.0,10454.0,1983.0,Inactive,315000,2024-07-19T00:00:00.000Z,144,12.660331092405906
"2250-S-Bumby-Ave,-Orlando,-FL-32806","2250 S Bumby Ave, Orlando, FL 32806",2250 S Bumby Ave,,Orlando,FL,32806,Orange,28.517447,-81.352184,townhouse,3.0,2.0,2074.0,19166.0,2024.0,Inactive,529900,2024-09-13T00:00:00.000Z,87,13.180445475627591
"2226-S-Bumby-Ave,-Orlando,-FL-32806","2226 S Bumby Ave, Orlando, FL 32806",2226 S Bumby Ave,,Orlando,FL,32806,Orange,28.517323,-81.351837,townhouse,3.0,2.0,2074.0,19166.0,2024.0,Inactive,499900,2024-10-25T00:00:00.000Z,45,13.12216535779974
"3511-Hargill-Dr,-Orlando,-FL-32806","3511 Hargill Dr, Orlando, FL 32806",3511 Hargill Dr,,Orlando,FL,32806,Orange,28.529186,-81.34002,single_family,3.0,2.0,1792.0,43996.0,1957.0,Inactive,820000,2024-12-05T00:00:00.000Z,3,13.617060838751888
"38-W-Harding-St,-Unit-D,-Orlando,-FL-32806","38 W Harding St, Unit D, Orlando, FL 32806",38 W Harding St,Unit D,Orlando,FL,32806,Orange,28.518286,-81.378258,townhouse,4.0,2.0,2065.0,1266.0,2023.0,Inactive,530000,2024-09-05T00:00:00.000Z,93,13.180634172318978
"1412-Lake-Weldona-Dr,-Orlando,-FL-32806","1412 Lake Weldona Dr, Orlando, FL 32806",1412 Lake Weldona Dr,,Orlando,FL,32806,Orange,28.527471,-81.3615,single_family,3.0,2.0,1211.0,9156.0,1950.0,Inactive,525000,2024-10-24T00:00:00.000Z,44,13.171155446333852
"3601-S-Crystal-Lake-Dr,-Orlando,-FL-32806","3601 S Crystal Lake Dr, Orlando, FL 32806",3601 S Crystal Lake Dr,,Orlando,FL,32806,Orange,28.499918,-81.34298,single_family,4.0,2.0,1745.0,8781.0,1963.0,Inactive,449000,2024-08-21T00:00:00.000Z,106,13.014780393893403
"2567-Sheffield-Ave,-Orlando,-FL-32806","2567 Sheffield Ave, Orlando, FL 32806",2567 Sheffield Ave,,Orlando,FL,32806,Orange,28.507086,-81.348714,single_family,3.0,2.0,1329.0,10019.0,2000.0,Inactive,425000,2024-11-10T00:00:00.000Z,25,12.959846800844963
"3100-Williams-St,-Orlando,-FL-32806","3100 Williams St, Orlando, FL 32806",3100 Williams St,,Orlando,FL,32806,Orange,28.505669,-81.357266,single_family,3.0,1.0,1012.0,6216.0,1958.0,Inactive,299900,2024-11-21T00:00:00.000Z,14,12.611207699176356
"1509-E-Gore-St,-Orlando,-FL-32806","1509 E Gore St, Orlando, FL 32806",1509 E Gore St,,Orlando,FL,32806,Orange,28.531531,-81.360093,single_family,3.0,2.0,1131.0,6408.0,1950.0,Inactive,418900,2024-03-22T00:00:00.000Z,256,12.945389894136861
"1605-Jessamine-Ave,-Orlando,-FL-32806","1605 Jessamine Ave, Orlando, FL 32806",1605 Jessamine Ave,,Orlando,FL,32806,Orange,28.522489,-81.350341,single_family,5.0,3.0,2950.0,11326.0,2023.0,Inactive,975000,2024-11-19T00:00:00.000Z,9,13.790193775620484
"1156-Delaney-Ave,---1156,-Orlando,-FL-32806","1156 Delaney Ave, # 1156, Orlando, FL 32806",1156 Delaney Ave,# 1156,Orlando,FL,32806,Orange,28.527702,-81.373335,condo,2.0,2.0,1500.0,9029.0,1986.0,Inactive,399000,2024-11-20T00:00:00.000Z,8,12.896719202134523
"1517-Cloverlawn-Ave,-Orlando,-FL-32806","1517 Cloverlawn Ave, Orlando, FL 32806",1517 Cloverlawn Ave,,Orlando,FL,32806,Orange,28.52497,-81.354477,single_family,4.0,3.0,3142.0,7039.0,2021.0,Inactive,950000,2024-10-21T00:00:00.000Z,37,13.76421831620775
"784-E-Michigan-St,-Unit-25,-Orlando,-FL-32806","784 E Michigan St, Unit 25, Orlando, FL 32806",784 E Michigan St,Unit 25,Orlando,FL,32806,Orange,28.511002,-81.367024,condo,2.0,2.0,1116.0,9922.0,1967.0,Inactive,199000,2024-02-26T00:00:00.000Z,274,12.201065128819632
"3015-Dawley-Ave,-Orlando,-FL-32806","3015 Dawley Ave, Orlando, FL 32806",3015 Dawley Ave,,Orlando,FL,32806,Orange,28.509118,-81.344658,single_family,3.0,2.0,2656.0,10019.0,1970.0,Inactive,689900,2024-05-23T00:00:00.000Z,185,13.444303388018582
"2873-S-Osceola-Ave,-Apt-A7,-Orlando,-FL-32806","2873 S Osceola Ave, Apt A7, Orlando, FL 32806",2873 S Osceola Ave,Apt A7,Orlando,FL,32806,Orange,28.509792,-81.370026,condo,1.0,1.0,632.0,3936.0,1970.0,Inactive,155000,2024-08-23T00:00:00.000Z,93,11.951186847493476
"1614-S-Summerlin-Ave,-Orlando,-FL-32806","1614 S Summerlin Ave, Orlando, FL 32806",1614 S Summerlin Ave,,Orlando,FL,32806,Orange,28.523391,-81.368477,single_family,3.0,2.0,1886.0,6701.0,1927.0,Inactive,647800,2024-06-05T00:00:00.000Z,171,13.381338829404497
"1325-Cloverlawn-Ave,---123,-Orlando,-FL-32806","1325 Cloverlawn Ave, # 123, Orlando, FL 32806",1325 Cloverlawn Ave,# 123,Orlando,FL,32806,Orange,28.526121,-81.354546,multi-family,9.0,6.0,3103.0,7039.0,1932.0,Inactive,945000,2024-10-31T00:00:00.000Z,23,13.758941264676379
"2701-Erin-Rd,-Orlando,-FL-32806","2701 Erin Rd, Orlando, FL 32806",2701 Erin Rd,,Orlando,FL,32806,Orange,28.510694,-81.349088,single_family,3.0,2.0,1225.0,9750.0,1960.0,Inactive,380000,2024-11-19T00:00:00.000Z,3,12.847929163278053
"3222-Raeford-Rd,-Orlando,-FL-32806","3222 Raeford Rd, Orlando, FL 32806",3222 Raeford Rd,,Orlando,FL,32806,Orange,28.508344,-81.343694,single_family,3.0,3.0,2760.0,38768.0,2007.0,Inactive,799990,2024-06-02T00:00:00.000Z,172,13.592355756586782
"2040-Chamberlin-St,-Orlando,-FL-32806","2040 Chamberlin St, Orlando, FL 32806",2040 Chamberlin St,,Orlando,FL,32806,Orange,28.517006,-81.355948,multi-family,4.0,2.0,1450.0,6113.0,1958.0,Inactive,499900,2024-10-02T00:00:00.000Z,50,13.12216535779974
"1907-Mae-St,-Orlando,-FL-32806","1907 Mae St, Orlando, FL 32806",1907 Mae St,,Orlando,FL,32806,Orange,28.519096,-81.356501,single_family,3.0,1.0,1304.0,8168.0,1946.0,Inactive,270000,2024-10-29T00:00:00.000Z,23,12.506180941677357
"1914-Cloverlawn-Ave,-Orlando,-FL-32806","1914 Cloverlawn Ave, Orlando, FL 32806",1914 Cloverlawn Ave,,Orlando,FL,32806,Orange,28.519324,-81.354991,single_family,3.0,2.0,1404.0,7663.0,1978.0,Inactive,379900,2024-10-31T00:00:00.000Z,18,12.847665971443902
"3220-Dawley-Ave,-Orlando,-FL-32806","3220 Dawley Ave, Orlando, FL 32806",3220 Dawley Ave,,Orlando,FL,32806,Orange,28.50629,-81.345718,single_family,4.0,3.0,2108.0,9834.0,2016.0,Inactive,624900,2024-06-28T00:00:00.000Z,141,13.345348516171933
"2115-Delaney-Ave,-Orlando,-FL-32806","2115 Delaney Ave, Orlando, FL 32806",2115 Delaney Ave,,Orlando,FL,32806,Orange,28.517827,-81.371962,single_family,3.0,3.0,2641.0,10454.0,1920.0,Inactive,995000,2024-11-09T00:00:00.000Z,7,13.81049902116535
"1504-Woodland-St,-Orlando,-FL-32806","1504 Woodland St, Orlando, FL 32806",1504 Woodland St,,Orlando,FL,32806,Orange,28.521934,-81.360693,single_family,3.0,2.0,1584.0,8600.0,1954.0,Inactive,529900,2024-10-25T00:00:00.000Z,21,13.180445475627591
"2201-S-Mills-Ave,-Orlando,-FL-32806","2201 S Mills Ave, Orlando, FL 32806",2201 S Mills Ave,,Orlando,FL,32806,Orange,28.517072,-81.363833,multi-family,4.0,3.0,1802.0,9750.0,1959.0,Inactive,739000,2024-11-05T00:00:00.000Z,9,13.513054553109397
"2797-Vine-St,-Orlando,-FL-32806","2797 Vine St, Orlando, FL 32806",2797 Vine St,,Orlando,FL,32806,Orange,28.526682,-81.347867,single_family,3.0,2.0,1846.0,12197.0,1966.0,Inactive,649000,2024-11-07T00:00:00.000Z,6,13.38318953651709
"129-E-Grant-St,-Orlando,-FL-32806","129 E Grant St, Orlando, FL 32806",129 E Grant St,,Orlando,FL,32806,Orange,28.516842,-81.375159,townhouse,3.0,2.0,1874.0,7300.0,2024.0,Inactive,595000,2023-11-29T00:00:00.000Z,349,13.296318365198623
"3120-S-Bumby-Ave---S,-Orlando,-FL-32806","3120 S Bumby Ave # S, Orlando, FL 32806",3120 S Bumby Ave # S,,Orlando,FL,32806,Orange,28.509005,-81.352391,multi-family,2.0,1.0,709.0,840.0,1969.0,Inactive,179900,2024-11-04T00:00:00.000Z,8,12.100161978566867
"3300-Tennessee-Ter,-Orlando,-FL-32806","3300 Tennessee Ter, Orlando, FL 32806",3300 Tennessee Ter,,Orlando,FL,32806,Orange,28.518428,-81.342233,single_family,2.0,1.0,728.0,10019.0,1951.0,Inactive,344900,2024-07-16T00:00:00.000Z,116,12.751012698311857
"3420-Veradale-Ave,-Orlando,-FL-32806","3420 Veradale Ave, Orlando, FL 32806",3420 Veradale Ave,,Orlando,FL,32806,Orange,28.501501,-81.340891,single_family,3.0,2.0,1466.0,8254.0,1958.0,Inactive,405000,2024-10-04T00:00:00.000Z,36,12.91164481522143
"1625-S-Mills-Ave,-Orlando,-FL-32806","1625 S Mills Ave, Orlando, FL 32806",1625 S Mills Ave,,Orlando,FL,32806,Orange,28.522404,-81.363729,single_family,3.0,2.0,2898.0,14375.0,1948.0,Inactive,1000000,2024-10-22T00:00:00.000Z,17,13.815511557963774
"1122-Lake-Willisara-Cir,---Ge,-Orlando,-FL-32806","1122 Lake Willisara Cir, # Ge, Orlando, FL 32806",1122 Lake Willisara Cir,# Ge,Orlando,FL,32806,Orange,28.507902,-81.364189,condo,3.0,2.0,1460.0,9460.0,1985.0,Inactive,520000,2024-11-03T00:00:00.000Z,4,13.161586013632684
"788-E-Michigan-St,-Unit-17,-Orlando,-FL-32806","788 E Michigan St, Unit 17, Orlando, FL 32806",788 E Michigan St,Unit 17,Orlando,FL,32806,Orange,28.510771,-81.366667,condo,1.0,1.0,715.0,3903.0,1967.0,Inactive,157000,2024-07-04T00:00:00.000Z,125,11.964007453736912
"227-E-Muriel-St,-Orlando,-FL-32806","227 E Muriel St, Orlando, FL 32806",227 E Muriel St,,Orlando,FL,32806,Orange,28.517762,-81.373239,single_family,3.0,2.0,2060.0,8986.0,1951.0,Inactive,639000,2024-07-10T00:00:00.000Z,118,13.367661298303675
"1861-Cloverlawn-Ave,-Orlando,-FL-32806","1861 Cloverlawn Ave, Orlando, FL 32806",1861 Cloverlawn Ave,,Orlando,FL,32806,Orange,28.520936,-81.354629,single_family,3.0,2.0,1080.0,6552.0,1996.0,Inactive,445000,2024-09-05T00:00:00.000Z,61,13.005831808336863
"211-E-Kaley-St,-Orlando,-FL-32806","211 E Kaley St, Orlando, FL 32806",211 E Kaley St,,Orlando,FL,32806,Orange,28.520414,-81.374858,single_family,2.0,1.0,938.0,7180.0,1946.0,Inactive,440000,2024-02-22T00:00:00.000Z,254,12.994532278619134
"1706-Crocker-Ave,-Orlando,-FL-32806","1706 Crocker Ave, Orlando, FL 32806",1706 Crocker Ave,,Orlando,FL,32806,Orange,28.52305,-81.340514,single_family,3.0,2.0,1601.0,7097.0,2009.0,Inactive,455000,2024-09-12T00:00:00.000Z,50,13.02805489573287
"1276-Saint-Tropez-Cir,---Ge,-Orlando,-FL-32806","1276 Saint Tropez Cir, # Ge, Orlando, FL 32806",1276 Saint Tropez Cir,# Ge,Orlando,FL,32806,Orange,28.511113,-81.363435,condo,3.0,2.0,1460.0,10454.0,1983.0,Inactive,380000,2024-07-18T00:00:00.000Z,105,12.847929163278053
"1749-Kaleywood-Ct,-Orlando,-FL-32806","1749 Kaleywood Ct, Orlando, FL 32806",1749 Kaleywood Ct,,Orlando,FL,32806,Orange,28.5207,-81.347818,single_family,3.0,2.0,1580.0,6245.0,1992.0,Inactive,478900,2024-07-18T00:00:00.000Z,105,13.079249174447126
"1704-Curry-Ford-Rd,-Orlando,-FL-32806","1704 Curry Ford Rd, Orlando, FL 32806",1704 Curry Ford Rd,,Orlando,FL,32806,Orange,28.52376,-81.358815,single_family,3.0,2.0,1586.0,7316.0,1950.0,Inactive,468000,2024-04-29T00:00:00.000Z,184,13.056225711649638
"1987-Peel-Ave,---6,-Orlando,-FL-32806","1987 Peel Ave, # 6, Orlando, FL 32806",1987 Peel Ave,# 6,Orlando,FL,32806,Orange,28.518641,-81.347244,townhouse,3.0,2.0,1862.0,6427.0,2024.0,Inactive,559990,2024-08-11T00:00:00.000Z,80,13.235675991153613
"2035-Peel-Ave,---2,-Orlando,-FL-32806","2035 Peel Ave, # 2, Orlando, FL 32806",2035 Peel Ave,# 2,Orlando,FL,32806,Orange,28.518013,-81.347254,townhouse,3.0,2.0,1862.0,6427.0,2024.0,Inactive,559990,2024-08-11T00:00:00.000Z,80,13.235675991153613
"2818-E-Michigan-St,-Orlando,-FL-32806","2818 E Michigan St, Orlando, FL 32806",2818 E Michigan St,,Orlando,FL,32806,Orange,28.512857,-81.346587,single_family,3.0,2.0,1449.0,13504.0,1952.0,Inactive,420000,2024-08-22T00:00:00.000Z,69,12.948012371209098
"738-E-Michigan-St,-Unit-101,-Orlando,-FL-32806","738 E Michigan St, Unit 101, Orlando, FL 32806",738 E Michigan St,Unit 101,Orlando,FL,32806,Orange,28.511181,-81.367586,condo,2.0,1.0,927.0,5144.0,1969.0,Inactive,130000,2024-01-10T00:00:00.000Z,293,11.775297421715827
"1208-Oakley-St,-Orlando,-FL-32806","1208 Oakley St, Orlando, FL 32806",1208 Oakley St,,Orlando,FL,32806,Orange,28.52099,-81.363674,single_family,3.0,2.0,1659.0,7818.0,1925.0,Inactive,599900,2024-05-30T00:00:00.000Z,151,13.304519920584285
"1126-Briercliff-Dr,-Orlando,-FL-32806","1126 Briercliff Dr, Orlando, FL 32806",1126 Briercliff Dr,,Orlando,FL,32806,Orange,28.527474,-81.364596,single_family,4.0,2.0,2675.0,11761.0,1960.0,Inactive,1025000,2024-04-20T00:00:00.000Z,189,13.840204146163925
"3332-Stonewood-Ct,-Orlando,-FL-32806","3332 Stonewood Ct, Orlando, FL 32806",3332 Stonewood Ct,,Orlando,FL,32806,Orange,28.503059,-81.365654,single_family,4.0,4.0,3813.0,16117.0,1985.0,Inactive,999900,2024-05-18T00:00:00.000Z,161,13.81541155306345
"3417-Tennessee-Ter,-Orlando,-FL-32806","3417 Tennessee Ter, Orlando, FL 32806",3417 Tennessee Ter,,Orlando,FL,32806,Orange,28.518681,-81.340643,single_family,3.0,2.0,1290.0,8440.0,1960.0,Inactive,449900,2024-09-21T00:00:00.000Z,35,13.016782837542953
"38-W-Harding-St,-Unit-A,-Orlando,-FL-32806","38 W Harding St, Unit A, Orlando, FL 32806",38 W Harding St,Unit A,Orlando,FL,32806,Orange,28.518257,-81.378041,townhouse,3.0,2.0,2126.0,1298.0,2023.0,Inactive,585000,2024-08-03T00:00:00.000Z,83,13.279368835614243
"2712-Hawthorne-St,-Orlando,-FL-32806","2712 Hawthorne St, Orlando, FL 32806",2712 Hawthorne St,,Orlando,FL,32806,Orange,28.50737,-81.348055,single_family,2.0,1.0,728.0,6759.0,1955.0,Inactive,319000,2024-08-30T00:00:00.000Z,56,12.672949516558306
"3815-S-Summerlin-Ave,-Orlando,-FL-32806","3815 S Summerlin Ave, Orlando, FL 32806",3815 S Summerlin Ave,,Orlando,FL,32806,Orange,28.496499,-81.367646,single_family,3.0,2.0,1777.0,12197.0,1958.0,Inactive,389000,2024-09-18T00:00:00.000Z,35,12.871337193291367
"2912-Lake-Pineloch-Blvd,---Ge,-Orlando,-FL-32806","2912 Lake Pineloch Blvd, # Ge, Orlando, FL 32806",2912 Lake Pineloch Blvd,# Ge,Orlando,FL,32806,Orange,28.509135,-81.363591,condo,2.0,2.0,1380.0,9460.0,1985.0,Inactive,320000,2024-07-09T00:00:00.000Z,105,12.676079399771027
"3314-Carnine-Dr,-Orlando,-FL-32806","3314 Carnine Dr, Orlando, FL 32806",3314 Carnine Dr,,Orlando,FL,32806,Orange,28.500647,-81.341345,single_family,3.0,2.0,1129.0,8529.0,1958.0,Inactive,398000,2024-09-12T00:00:00.000Z,40,12.894209796826232
"909-Marabon-Ave,-Orlando,-FL-32806","909 Marabon Ave, Orlando, FL 32806",909 Marabon Ave,,Orlando,FL,32806,Orange,28.531012,-81.331544,single_family,3.0,2.0,1560.0,13939.0,1958.0,Inactive,340000,2024-10-16T00:00:00.000Z,6,12.73670383776449
"1518-Campbell-Ave,-Orlando,-FL-32806","1518 Campbell Ave, Orlando, FL 32806",1518 Campbell Ave,,Orlando,FL,32806,Orange,28.498773,-81.358634,single_family,3.0,2.0,1584.0,8540.0,1959.0,Inactive,450000,2024-10-19T00:00:00.000Z,3,13.017005083966255
"2118-Dawley-Ave,-Orlando,-FL-32806","2118 Dawley Ave, Orlando, FL 32806",2118 Dawley Ave,,Orlando,FL,32806,Orange,28.517963,-81.345699,single_family,3.0,2.0,1676.0,10019.0,1973.0,Inactive,430000,2024-10-11T00:00:00.000Z,8,12.971542813248437
"2910-E-Crystal-Lake-Ave,-Orlando,-FL-32806","2910 E Crystal Lake Ave, Orlando, FL 32806",2910 E Crystal Lake Ave,,Orlando,FL,32806,Orange,28.51476,-81.346253,single_family,2.0,1.0,1200.0,7034.0,1930.0,Inactive,240000,2024-04-05T00:00:00.000Z,196,12.388398368982115
"3619-Squire-Ln,-Orlando,-FL-32806","3619 Squire Ln, Orlando, FL 32806",3619 Squire Ln,,Orlando,FL,32806,Orange,28.499287,-81.345652,single_family,3.0,2.0,1566.0,10019.0,1958.0,Inactive,415000,2024-09-25T00:00:00.000Z,22,12.936036208848487
"85-W-Muriel-St,-Orlando,-FL-32806","85 W Muriel St, Orlando, FL 32806",85 W Muriel St,,Orlando,FL,32806,Orange,28.517752,-81.379395,single_family,2.0,1.0,944.0,6906.0,1945.0,Inactive,310000,2024-10-15T00:00:00.000Z,2,12.644330802262578
"2413-Marlboro-St,-Orlando,-FL-32806","2413 Marlboro St, Orlando, FL 32806",2413 Marlboro St,,Orlando,FL,32806,Orange,28.515206,-81.355704,single_family,3.0,2.0,1162.0,7369.0,1933.0,Inactive,349900,2024-09-16T00:00:00.000Z,30,12.765405536311112
"1821-Carlton-Dr,-Orlando,-FL-32806","1821 Carlton Dr, Orlando, FL 32806",1821 Carlton Dr,,Orlando,FL,32806,Orange,28.521941,-81.355766,single_family,2.0,1.0,584.0,8885.0,1950.0,Inactive,449000,2024-10-03T00:00:00.000Z,12,13.014780393893403
"2003-Page-Ave,-Orlando,-FL-32806","2003 Page Ave, Orlando, FL 32806",2003 Page Ave,,Orlando,FL,32806,Orange,28.51618,-81.353983,multi-family,4.0,2.0,1500.0,11326.0,1960.0,Inactive,499900,2024-08-26T00:00:00.000Z,47,13.12216535779974
"3144-S-Bumby-Ave,-Orlando,-FL-32806","3144 S Bumby Ave, Orlando, FL 32806",3144 S Bumby Ave,,Orlando,FL,32806,Orange,28.508593,-81.352669,condo,2.0,1.0,709.0,919.0,1969.0,Inactive,184500,2024-09-06T00:00:00.000Z,36,12.12541016250223
"500-Page-St,-Orlando,-FL-32806","500 Page St, Orlando, FL 32806",500 Page St,,Orlando,FL,32806,Orange,28.515526,-81.369905,single_family,3.0,2.0,1602.0,10890.0,1958.0,Inactive,519000,2024-10-04T00:00:00.000Z,8,13.159661088928443
"3300-S-Fern-Creek-Ave,-Orlando,-FL-32806","3300 S Fern Creek Ave, Orlando, FL 32806",3300 S Fern Creek Ave,,Orlando,FL,32806,Orange,28.503474,-81.360072,single_family,3.0,2.0,1342.0,11761.0,1958.0,Inactive,399900,2024-10-04T00:00:00.000Z,8,12.89897229545694
"54-W-Jersey-St,---11,-Orlando,-FL-32806","54 W Jersey St, # 11, Orlando, FL 32806",54 W Jersey St,# 11,Orlando,FL,32806,Orange,28.513494,-81.378372,townhouse,3.0,2.0,2143.0,1136.0,2024.0,Inactive,667500,2024-04-23T00:00:00.000Z,168,13.41129616738276
"2525-Stoneview-Rd,-Orlando,-FL-32806","2525 Stoneview Rd, Orlando, FL 32806",2525 Stoneview Rd,,Orlando,FL,32806,Orange,28.519575,-81.351321,single_family,3.0,2.0,3118.0,14375.0,2004.0,Inactive,892500,2024-08-09T00:00:00.000Z,60,13.701782913083482
"228-Page-St,-Orlando,-FL-32806","228 Page St, Orlando, FL 32806",228 Page St,,Orlando,FL,32806,Orange,28.515477,-81.372959,single_family,5.0,3.0,2757.0,7405.0,2016.0,Inactive,975000,2024-08-27T00:00:00.000Z,42,13.790193775620484
"3106-Jan-Dr,-Orlando,-FL-32806","3106 Jan Dr, Orlando, FL 32806",3106 Jan Dr,,Orlando,FL,32806,Orange,28.505932,-81.341051,single_family,3.0,2.0,1306.0,8956.0,1958.0,Inactive,349900,2024-08-26T00:00:00.000Z,43,12.765405536311112
"2405-Hargill-Dr,-Orlando,-FL-32806","2405 Hargill Dr, Orlando, FL 32806",2405 Hargill Dr,,Orlando,FL,32806,Orange,28.528474,-81.351245,single_family,3.0,2.0,1258.0,10454.0,1954.0,Inactive,499000,2024-10-03T00:00:00.000Z,4,13.120363378739663
"2806-Hargill-Dr,-Orlando,-FL-32806","2806 Hargill Dr, Orlando, FL 32806",2806 Hargill Dr,,Orlando,FL,32806,Orange,28.527967,-81.347108,single_family,2.0,1.0,1138.0,9370.0,1954.0,Inactive,400000,2024-09-06T00:00:00.000Z,30,12.899222326086994
"942-E-Michigan-St,-Apt-B,-Orlando,-FL-32806","942 E Michigan St, Apt B, Orlando, FL 32806",942 E Michigan St,Apt B,Orlando,FL,32806,Orange,28.512636,-81.365372,condo,3.0,2.0,1278.0,6506.0,1973.0,Inactive,239000,2024-07-09T00:00:00.000Z,88,12.384223015005313
"3408-Charow-Ln,-Orlando,-FL-32806","3408 Charow Ln, Orlando, FL 32806",3408 Charow Ln,,Orlando,FL,32806,Orange,28.499739,-81.340068,single_family,3.0,2.0,1415.0,9213.0,1959.0,Inactive,499990,2024-09-26T00:00:00.000Z,9,13.122345377242327
"2780-Curry-Ford-Rd,---9B,-Orlando,-FL-32806","2780 Curry Ford Rd, # 9B, Orlando, FL 32806",2780 Curry Ford Rd,# 9B,Orlando,FL,32806,Orange,28.522936,-81.348343,condo,2.0,1.0,927.0,116741.0,1974.0,Inactive,214900,2024-08-15T00:00:00.000Z,50,12.277932735946903
"3823-Martin-St,-Orlando,-FL-32806","3823 Martin St, Orlando, FL 32806",3823 Martin St,,Orlando,FL,32806,Orange,28.5014,-81.358352,single_family,3.0,2.0,1645.0,9362.0,1973.0,Inactive,465000,2024-05-06T00:00:00.000Z,149,13.049794835104816
"136-E-Muriel-St,-Orlando,-FL-32806","136 E Muriel St, Orlando, FL 32806",136 E Muriel St,,Orlando,FL,32806,Orange,28.517245,-81.374851,multi-family,4.0,3.0,1654.0,7285.0,1928.0,Inactive,599900,2024-05-20T00:00:00.000Z,135,13.304519920584285
"1725-Baldwin-Dr,-Orlando,-FL-32806","1725 Baldwin Dr, Orlando, FL 32806",1725 Baldwin Dr,,Orlando,FL,32806,Orange,28.522076,-81.341525,single_family,4.0,2.0,1621.0,8648.0,1956.0,Inactive,419900,2024-08-15T00:00:00.000Z,48,12.947774248188859
"772-E-Michigan-St,-Unit-72,-Orlando,-FL-32806","772 E Michigan St, Unit 72, Orlando, FL 32806",772 E Michigan St,Unit 72,Orlando,FL,32806,Orange,28.510399,-81.367631,condo,2.0,2.0,1116.0,5888.0,1967.0,Inactive,175000,2023-08-04T00:00:00.000Z,424,12.07254696717504
"3251-Wickersham-Ct,-Orlando,-FL-32806","3251 Wickersham Ct, Orlando, FL 32806",3251 Wickersham Ct,,Orlando,FL,32806,Orange,28.504134,-81.362806,single_family,3.0,2.0,1984.0,9192.0,1958.0,Inactive,499900,2024-06-20T00:00:00.000Z,103,13.12216535779974
"2913-Walnut-St,-Orlando,-FL-32806","2913 Walnut St, Orlando, FL 32806",2913 Walnut St,,Orlando,FL,32806,Orange,28.530336,-81.345879,single_family,3.0,2.0,1545.0,10454.0,1955.0,Inactive,599500,2024-08-22T00:00:00.000Z,40,13.303852921505028
"2904-Sylvan-Ave,-Orlando,-FL-32806","2904 Sylvan Ave, Orlando, FL 32806",2904 Sylvan Ave,,Orlando,FL,32806,Orange,28.508905,-81.373496,townhouse,3.0,2.0,1804.0,1100.0,2021.0,Inactive,529900,2024-09-12T00:00:00.000Z,18,13.180445475627591
"701-Buckwood-Dr,-Orlando,-FL-32806","701 Buckwood Dr, Orlando, FL 32806",701 Buckwood Dr,,Orlando,FL,32806,Orange,28.501866,-81.36885,single_family,3.0,2.0,2195.0,13504.0,1959.0,Inactive,650000,2024-09-26T00:00:00.000Z,2,13.384729180332174
"1907-Everhart-Dr,-Orlando,-FL-32806","1907 Everhart Dr, Orlando, FL 32806",1907 Everhart Dr,,Orlando,FL,32806,Orange,28.519868,-81.345228,single_family,3.0,2.0,1716.0,8233.0,1996.0,Inactive,525000,2024-06-06T00:00:00.000Z,113,13.171155446333852
"1158-Delaney-Ave,---1158,-Orlando,-FL-32806","1158 Delaney Ave, # 1158, Orlando, FL 32806",1158 Delaney Ave,# 1158,Orlando,FL,32806,Orange,28.527701,-81.373336,condo,2.0,2.0,1982.0,6139.0,1986.0,Inactive,689990,2024-06-20T00:00:00.000Z,98,13.444433833010114
"1105-Salerno-Ct,---Ge,-Orlando,-FL-32806","1105 Salerno Ct, # Ge, Orlando, FL 32806",1105 Salerno Ct,# Ge,Orlando,FL,32806,Orange,28.510099,-81.364093,condo,3.0,2.0,1460.0,10454.0,1984.0,Inactive,399900,2024-03-27T00:00:00.000Z,182,12.89897229545694
"4201-Ilene-Ct,-Orlando,-FL-32806","4201 Ilene Ct, Orlando, FL 32806",4201 Ilene Ct,,Orlando,FL,32806,Orange,28.498717,-81.379855,single_family,3.0,2.0,1934.0,11761.0,1981.0,Inactive,440000,2024-07-04T00:00:00.000Z,83,12.994532278619134
"1500-Dunsany-Ave,-Orlando,-FL-32806","1500 Dunsany Ave, Orlando, FL 32806",1500 Dunsany Ave,,Orlando,FL,32806,Orange,28.524909,-81.338929,single_family,3.0,2.0,1518.0,10890.0,1957.0,Inactive,515000,2024-06-18T00:00:00.000Z,97,13.151924121391561
"215-E-Esther-St,-Orlando,-FL-32806","215 E Esther St, Orlando, FL 32806",215 E Esther St,,Orlando,FL,32806,Orange,28.519621,-81.373692,single_family,4.0,2.0,1730.0,6820.0,1949.0,Inactive,499999,2024-05-09T00:00:00.000Z,136,13.122363377404328
"4521-Conway-Gardens-Rd,-Orlando,-FL-32806","4521 Conway Gardens Rd, Orlando, FL 32806",4521 Conway Gardens Rd,,Orlando,FL,32806,Orange,28.49673,-81.338815,single_family,4.0,2.0,1691.0,9375.0,1971.0,Inactive,374000,2024-03-13T00:00:00.000Z,191,12.832013750189885
"1231-Corbett-Ln,-Orlando,-FL-32806","1231 Corbett Ln, Orlando, FL 32806",1231 Corbett Ln,,Orlando,FL,32806,Orange,28.526468,-81.331823,single_family,3.0,2.0,1545.0,9598.0,1958.0,Inactive,495000,2024-08-01T00:00:00.000Z,50,13.112315061750808
"1303-E-Harding-St,-Orlando,-FL-32806","1303 E Harding St, Orlando, FL 32806",1303 E Harding St,,Orlando,FL,32806,Orange,28.518815,-81.362995,multi-family,2.0,2.0,1296.0,7152.0,1951.0,Inactive,410000,2024-01-12T00:00:00.000Z,250,12.923914877701906
"2423-Timberlake-Dr,-Orlando,-FL-32806","2423 Timberlake Dr, Orlando, FL 32806",2423 Timberlake Dr,,Orlando,FL,32806,Orange,28.500237,-81.350423,single_family,3.0,2.0,1568.0,11761.0,1965.0,Inactive,450000,2024-09-13T00:00:00.000Z,4,13.017005083966255
"1703-Curry-Ford-Rd,-Orlando,-FL-32806","1703 Curry Ford Rd, Orlando, FL 32806",1703 Curry Ford Rd,,Orlando,FL,32806,Orange,28.524316,-81.35826,single_family,3.0,2.0,1453.0,9010.0,1956.0,Inactive,485000,2024-08-23T00:00:00.000Z,23,13.091906231773164
"46-W-Jersey-St,---13,-Orlando,-FL-32806","46 W Jersey St, # 13, Orlando, FL 32806",46 W Jersey St,# 13,Orlando,FL,32806,Orange,28.513691,-81.378372,townhouse,3.0,2.0,2131.0,37026.0,2024.0,Inactive,729950,2024-03-03T00:00:00.000Z,195,13.500732687584033
"4416-Lake-Gem-Cir,-Orlando,-FL-32806","4416 Lake Gem Cir, Orlando, FL 32806",4416 Lake Gem Cir,,Orlando,FL,32806,Orange,28.495602,-81.364344,single_family,2.0,2.0,2092.0,49223.0,1965.0,Inactive,649000,2024-08-12T00:00:00.000Z,33,13.38318953651709
"3112-Margaret-Oaks-Ln,-Orlando,-FL-32806","3112 Margaret Oaks Ln, Orlando, FL 32806",3112 Margaret Oaks Ln,,Orlando,FL,32806,Orange,28.505415,-81.347646,single_family,2.0,2.0,1719.0,11326.0,1984.0,Inactive,425000,2024-05-30T00:00:00.000Z,106,12.959846800844963
"513-Raehn-St,-Orlando,-FL-32806","513 Raehn St, Orlando, FL 32806",513 Raehn St,,Orlando,FL,32806,Orange,28.524994,-81.36978,single_family,4.0,3.0,3300.0,7520.0,2007.0,Inactive,1349000,2024-09-03T00:00:00.000Z,10,14.114874876479462
"2404-Marzel-Ave,-Orlando,-FL-32806","2404 Marzel Ave, Orlando, FL 32806",2404 Marzel Ave,,Orlando,FL,32806,Orange,28.507895,-81.350994,single_family,3.0,2.0,1458.0,10019.0,1959.0,Inactive,359900,2023-07-26T00:00:00.000Z,414,12.79358427261286
"2220-S-Bumby-Ave,-Orlando,-FL-32806","2220 S Bumby Ave, Orlando, FL 32806",2220 S Bumby Ave,,Orlando,FL,32806,Orange,28.517272,-81.352183,townhouse,3.0,2.0,2074.0,19166.0,2024.0,Inactive,529900,2024-05-28T00:00:00.000Z,107,13.180445475627591
"3301-Conway-Gardens-Rd,-Orlando,-FL-32806","3301 Conway Gardens Rd, Orlando, FL 32806",3301 Conway Gardens Rd,,Orlando,FL,32806,Orange,28.503435,-81.338863,single_family,3.0,2.0,2009.0,9248.0,1972.0,Inactive,439000,2024-03-21T00:00:00.000Z,174,12.992256969959042
"2905-Lake-Arnold-Pl,-Orlando,-FL-32806","2905 Lake Arnold Pl, Orlando, FL 32806",2905 Lake Arnold Pl,,Orlando,FL,32806,Orange,28.531244,-81.346293,single_family,3.0,3.0,2359.0,10890.0,1967.0,Inactive,761000,2024-08-10T00:00:00.000Z,32,13.542389950903406
"1905-Pershing-Ave,-Orlando,-FL-32806","1905 Pershing Ave, Orlando, FL 32806",1905 Pershing Ave,,Orlando,FL,32806,Orange,28.498805,-81.355242,single_family,2.0,1.0,826.0,10454.0,1930.0,Inactive,249000,2024-06-24T00:00:00.000Z,78,12.425212191503038
"1706-Lando-Ln,-Orlando,-FL-32806","1706 Lando Ln, Orlando, FL 32806",1706 Lando Ln,,Orlando,FL,32806,Orange,28.497751,-81.357298,single_family,3.0,2.0,1514.0,9468.0,1960.0,Inactive,470000,2024-09-05T00:00:00.000Z,3,13.060490101343552
"434-Briercliff-Dr,-Orlando,-FL-32806","434 Briercliff Dr, Orlando, FL 32806",434 Briercliff Dr,,Orlando,FL,32806,Orange,28.527324,-81.370995,multi-family,4.0,2.0,1232.0,7266.0,1923.0,Inactive,457000,2023-11-14T00:00:00.000Z,298,13.032440858057756
"62-W-Muriel-St,-Orlando,-FL-32806","62 W Muriel St, Orlando, FL 32806",62 W Muriel St,,Orlando,FL,32806,Orange,28.517215,-81.378456,single_family,2.0,1.0,1052.0,6867.0,1930.0,Inactive,398000,2024-06-11T00:00:00.000Z,88,12.894209796826232
"1084-E-Michigan-St,---1084,-Orlando,-FL-32806","1084 E Michigan St, # 1084, Orlando, FL 32806",1084 E Michigan St,# 1084,Orlando,FL,32806,Orange,28.512263,-81.364704,condo,2.0,2.0,1042.0,4112.0,1973.0,Inactive,179900,2024-08-02T00:00:00.000Z,36,12.100161978566867
"2730-E-Gore-St,-Orlando,-FL-32806","2730 E Gore St, Orlando, FL 32806",2730 E Gore St,,Orlando,FL,32806,Orange,28.53115,-81.347896,single_family,3.0,1.0,1267.0,8631.0,1965.0,Inactive,440000,2024-08-15T00:00:00.000Z,22,12.994532278619134
"80-Waverly-Pl,-Orlando,-FL-32806","80 Waverly Pl, Orlando, FL 32806",80 Waverly Pl,,Orlando,FL,32806,Orange,28.52848,-81.375769,single_family,4.0,2.0,4193.0,8850.0,2001.0,Inactive,1795000,2023-11-10T00:00:00.000Z,300,14.400516137007425
"1896-White-Ave,-Orlando,-FL-32806","1896 White Ave, Orlando, FL 32806",1896 White Ave,,Orlando,FL,32806,Orange,28.501936,-81.355809,single_family,3.0,2.0,1785.0,7526.0,1990.0,Inactive,475000,2024-06-18T00:00:00.000Z,79,13.07107218827772
"5-W-Harding-St,-Unit-D,-Orlando,-FL-32806","5 W Harding St, Unit D, Orlando, FL 32806",5 W Harding St,Unit D,Orlando,FL,32806,Orange,28.51875,-81.377383,condo,3.0,2.0,1589.0,871.0,2006.0,Inactive,365000,2024-08-07T00:00:00.000Z,29,12.807655372286902
"3415-Veradale-Ave,-Orlando,-FL-32806","3415 Veradale Ave, Orlando, FL 32806",3415 Veradale Ave,,Orlando,FL,32806,Orange,28.501678,-81.340346,single_family,3.0,2.0,1066.0,9029.0,1958.0,Inactive,349900,2024-08-29T00:00:00.000Z,6,12.765405536311112
"2579-Vine-St,-Orlando,-FL-32806","2579 Vine St, Orlando, FL 32806",2579 Vine St,,Orlando,FL,32806,Orange,28.526664,-81.350019,single_family,3.0,2.0,1785.0,10454.0,1965.0,Inactive,574900,2024-07-18T00:00:00.000Z,47,13.261953131042814
"2812-Keystone-Dr,-Lots-17-&-18,-Orlando,-FL-32806","2812 Keystone Dr, Lots 17 & 18, Orlando, FL 32806",2812 Keystone Dr,Lots 17 & 18,Orlando,FL,32806,Orange,28.510569,-81.366234,single_family,5.0,3.0,2713.0,11326.0,2024.0,Inactive,1082000,2023-08-04T00:00:00.000Z,394,13.894322662602555
"2801-Vine-St,-Orlando,-FL-32806","2801 Vine St, Orlando, FL 32806",2801 Vine St,,Orlando,FL,32806,Orange,28.526682,-81.347291,single_family,5.0,3.0,2484.0,10890.0,1957.0,Inactive,645000,2024-06-06T00:00:00.000Z,87,13.377007146164305
"444-E-Muriel-St,-Orlando,-FL-32806","444 E Muriel St, Orlando, FL 32806",444 E Muriel St,,Orlando,FL,32806,Orange,28.51727,-81.370381,single_family,3.0,2.0,1623.0,8629.0,1956.0,Inactive,734000,2024-07-01T00:00:00.000Z,56,13.506265669993544
"1510-Oakley-St,-Orlando,-FL-32806","1510 Oakley St, Orlando, FL 32806",1510 Oakley St,,Orlando,FL,32806,Orange,28.521024,-81.360536,single_family,2.0,1.0,939.0,7220.0,1940.0,Inactive,399000,2024-07-11T00:00:00.000Z,46,12.896719202134523
"1511-Lando-Ln,-Orlando,-FL-32806","1511 Lando Ln, Orlando, FL 32806",1511 Lando Ln,,Orlando,FL,32806,Orange,28.498254,-81.359005,single_family,3.0,2.0,1841.0,10454.0,1959.0,Inactive,449000,2024-08-07T00:00:00.000Z,17,13.014780393893403
"3501-Sebring-Ave,-Orlando,-FL-32806","3501 Sebring Ave, Orlando, FL 32806",3501 Sebring Ave,,Orlando,FL,32806,Orange,28.519468,-81.340201,single_family,3.0,2.0,1175.0,10454.0,1960.0,Inactive,439000,2024-08-14T00:00:00.000Z,10,12.992256969959042
"612-Briercliff-Dr,-Orlando,-FL-32806","612 Briercliff Dr, Orlando, FL 32806",612 Briercliff Dr,,Orlando,FL,32806,Orange,28.527353,-81.368641,single_family,4.0,3.0,1928.0,8170.0,1954.0,Inactive,649000,2024-05-01T00:00:00.000Z,114,13.38318953651709
"800-Buckwood-Dr,-Orlando,-FL-32806","800 Buckwood Dr, Orlando, FL 32806",800 Buckwood Dr,,Orlando,FL,32806,Orange,28.501429,-81.36771,single_family,4.0,3.0,1675.0,9111.0,1955.0,Inactive,470000,2024-06-05T00:00:00.000Z,78,13.060490101343552
"5-W-Harding-St,-Unit-C,-Orlando,-FL-32806","5 W Harding St, Unit C, Orlando, FL 32806",5 W Harding St,Unit C,Orlando,FL,32806,Orange,28.518695,-81.377367,townhouse,3.0,3.0,1589.0,701.0,2006.0,Inactive,375000,2024-06-05T00:00:00.000Z,78,12.834683971615659
"2305-Henderson-Dr,-Orlando,-FL-32806","2305 Henderson Dr, Orlando, FL 32806",2305 Henderson Dr,,Orlando,FL,32806,Orange,28.523208,-81.352727,single_family,3.0,2.0,1312.0,17424.0,1953.0,Inactive,394900,2024-07-15T00:00:00.000Z,38,12.88639037955819
"1208-Woodland-St,-Orlando,-FL-32806","1208 Woodland St, Orlando, FL 32806",1208 Woodland St,,Orlando,FL,32806,Orange,28.521892,-81.36368,single_family,3.0,2.0,2120.0,8778.0,1940.0,Inactive,799000,2024-07-12T00:00:00.000Z,38,13.591117476312084
"708-Buckwood-Dr,-Orlando,-FL-32806","708 Buckwood Dr, Orlando, FL 32806",708 Buckwood Dr,,Orlando,FL,32806,Orange,28.501344,-81.368545,single_family,4.0,2.0,2450.0,13504.0,1958.0,Inactive,675000,2024-08-15T00:00:00.000Z,3,13.42246945133505
"2507-Saint-Heather-Way,-Orlando,-FL-32806","2507 Saint Heather Way, Orlando, FL 32806",2507 Saint Heather Way,,Orlando,FL,32806,Orange,28.518451,-81.350766,single_family,5.0,4.0,3571.0,14375.0,2001.0,Inactive,1135000,2024-06-13T00:00:00.000Z,65,13.942144089954521
"2883-S-Osceola-Ave,---C6,-Orlando,-FL-32806","2883 S Osceola Ave, # C6, Orlando, FL 32806",2883 S Osceola Ave,# C6,Orlando,FL,32806,Orange,28.509781,-81.370003,condo,1.0,1.0,632.0,3936.0,1970.0,Inactive,180000,2024-05-13T00:00:00.000Z,95,12.100717685412471
"2601-Nancy-St,-Orlando,-FL-32806","2601 Nancy St, Orlando, FL 32806",2601 Nancy St,,Orlando,FL,32806,Orange,28.527575,-81.349796,single_family,3.0,2.0,1412.0,10454.0,1959.0,Inactive,495000,2024-07-19T00:00:00.000Z,28,13.112315061750808
"3160-S-Bumby-Ave,---D2,-Orlando,-FL-32806","3160 S Bumby Ave, # D2, Orlando, FL 32806",3160 S Bumby Ave,# D2,Orlando,FL,32806,Orange,28.508373,-81.351868,condo,2.0,1.0,709.0,819.0,1969.0,Inactive,195000,2023-09-14T00:00:00.000Z,336,12.180759965737863
"1913-Waldo-St,-Orlando,-FL-32806","1913 Waldo St, Orlando, FL 32806",1913 Waldo St,,Orlando,FL,32806,Orange,28.519257,-81.357537,single_family,3.0,2.0,1406.0,8176.0,1997.0,Inactive,500000,2024-08-01T00:00:00.000Z,14,13.122365377402328
"1505-Delaney-Ave,-Orlando,-FL-32806","1505 Delaney Ave, Orlando, FL 32806",1505 Delaney Ave,,Orlando,FL,32806,Orange,28.52492,-81.371926,single_family,4.0,3.0,2693.0,16553.0,1922.0,Inactive,725000,2024-04-05T00:00:00.000Z,131,13.493928313146206
"3210-Stonewood-Ct,-Orlando,-FL-32806","3210 Stonewood Ct, Orlando, FL 32806",3210 Stonewood Ct,,Orlando,FL,32806,Orange,28.504355,-81.365707,single_family,4.0,4.0,2977.0,14375.0,1974.0,Inactive,1000000,2024-07-25T00:00:00.000Z,19,13.815511557963774
"79-W-Harding-St,-Orlando,-FL-32806","79 W Harding St, Orlando, FL 32806",79 W Harding St,,Orlando,FL,32806,Orange,28.518685,-81.379186,single_family,2.0,1.0,1031.0,6871.0,1948.0,Inactive,350000,2024-08-02T00:00:00.000Z,11,12.765691290604371
"2112-Lucerne-Ter,-Orlando,-FL-32806","2112 Lucerne Ter, Orlando, FL 32806",2112 Lucerne Ter,,Orlando,FL,32806,Orange,28.517974,-81.37988,single_family,2.0,2.0,1258.0,9410.0,1927.0,Inactive,385000,2024-08-03T00:00:00.000Z,10,12.861001210669146
"79-W-Muriel-St,-Orlando,-FL-32806","79 W Muriel St, Orlando, FL 32806",79 W Muriel St,,Orlando,FL,32806,Orange,28.517753,-81.379239,single_family,3.0,1.0,1000.0,6905.0,1930.0,Inactive,350000,2024-08-03T00:00:00.000Z,10,12.765691290604371
"4209-Hargill-Dr,-Orlando,-FL-32806","4209 Hargill Dr, Orlando, FL 32806",4209 Hargill Dr,,Orlando,FL,32806,Orange,28.527697,-81.332531,single_family,3.0,2.0,1362.0,9938.0,1959.0,Inactive,405000,2024-08-08T00:00:00.000Z,5,12.91164481522143
"435-E-Jersey-St,-Orlando,-FL-32806","435 E Jersey St, Orlando, FL 32806",435 E Jersey St,,Orlando,FL,32806,Orange,28.514192,-81.37049,single_family,5.0,3.0,2342.0,6549.0,1947.0,Inactive,635000,2024-05-17T00:00:00.000Z,87,13.361381852676738
"3206-Joanne-Dr,-Orlando,-FL-32806","3206 Joanne Dr, Orlando, FL 32806",3206 Joanne Dr,,Orlando,FL,32806,Orange,28.503615,-81.342799,single_family,4.0,3.0,2147.0,8563.0,1959.0,Inactive,509000,2024-05-09T00:00:00.000Z,93,13.140205260167273
"1815-Geigel-Ave,-Orlando,-FL-32806","1815 Geigel Ave, Orlando, FL 32806",1815 Geigel Ave,,Orlando,FL,32806,Orange,28.501548,-81.356202,single_family,3.0,2.0,1229.0,14375.0,1967.0,Inactive,375000,2024-08-06T00:00:00.000Z,2,12.834683971615659
"2823-E-Michigan-St,-Orlando,-FL-32806","2823 E Michigan St, Orlando, FL 32806",2823 E Michigan St,,Orlando,FL,32806,Orange,28.513466,-81.346542,single_family,3.0,2.0,1238.0,7992.0,1957.0,Inactive,349000,2024-04-23T00:00:00.000Z,106,12.762830066509972
"51-W-Muriel-St,-Orlando,-FL-32806","51 W Muriel St, Orlando, FL 32806",51 W Muriel St,,Orlando,FL,32806,Orange,28.517763,-81.378149,single_family,5.0,3.0,2783.0,6901.0,1925.0,Inactive,650000,2024-07-12T00:00:00.000Z,26,13.384729180332174
"1813-Simonton-Ave,-Orlando,-FL-32806","1813 Simonton Ave, Orlando, FL 32806",1813 Simonton Ave,,Orlando,FL,32806,Orange,28.500625,-81.356112,single_family,5.0,3.0,1937.0,6969.0,1984.0,Inactive,495000,2024-07-20T00:00:00.000Z,18,13.112315061750808
"3073-Eglington-Dr,-Orlando,-FL-32806","3073 Eglington Dr, Orlando, FL 32806",3073 Eglington Dr,,Orlando,FL,32806,Orange,28.519692,-81.344118,single_family,3.0,2.0,1946.0,10454.0,1997.0,Inactive,549900,2024-07-30T00:00:00.000Z,8,13.217493541006709
"221-Page-St,-Orlando,-FL-32806","221 Page St, Orlando, FL 32806",221 Page St,,Orlando,FL,32806,Orange,28.515871,-81.373253,single_family,4.0,3.0,2685.0,9029.0,1965.0,Inactive,949900,2024-08-03T00:00:00.000Z,4,13.764113047620114
"792-E-Michigan-St,-Unit-7,-Orlando,-FL-32806","792 E Michigan St, Unit 7, Orlando, FL 32806",792 E Michigan St,Unit 7,Orlando,FL,32806,Orange,28.510329,-81.366838,condo,2.0,2.0,1116.0,10454.0,1967.0,Inactive,189000,2024-02-05T00:00:00.000Z,182,12.149507585033072
"1515-E-Harding-St,-Orlando,-FL-32806","1515 E Harding St, Orlando, FL 32806",1515 E Harding St,,Orlando,FL,32806,Orange,28.518488,-81.360547,single_family,3.0,2.0,1152.0,6535.0,1996.0,Inactive,400000,2024-07-22T00:00:00.000Z,14,12.899222326086994
"2861-Marsala-Ct,---Ge,-Orlando,-FL-32806","2861 Marsala Ct, # Ge, Orlando, FL 32806",2861 Marsala Ct,# Ge,Orlando,FL,32806,Orange,28.510392,-81.364148,condo,3.0,2.0,1460.0,9211.0,1984.0,Inactive,385000,2024-04-01T00:00:00.000Z,125,12.861001210669146
"2704-Kingfisher-Dr,-Orlando,-FL-32806","2704 Kingfisher Dr, Orlando, FL 32806",2704 Kingfisher Dr,,Orlando,FL,32806,Orange,28.510636,-81.346822,single_family,3.0,2.0,1310.0,9080.0,1959.0,Inactive,380000,2024-07-27T00:00:00.000Z,8,12.847929163278053
"42-W-Harding-St,-Unit-E,-Orlando,-FL-32806","42 W Harding St, Unit E, Orlando, FL 32806",42 W Harding St,Unit E,Orlando,FL,32806,Orange,28.518288,-81.378822,townhouse,3.0,2.0,2042.0,1274.0,2023.0,Inactive,611000,2024-04-04T00:00:00.000Z,121,13.322853874813605
"56-W-Harding-St,-Unit-B,-Orlando,-FL-32806","56 W Harding St, Unit B, Orlando, FL 32806",56 W Harding St,Unit B,Orlando,FL,32806,Orange,28.518068,-81.378471,townhouse,4.0,2.0,2280.0,1233.0,2023.0,Inactive,624000,2024-04-04T00:00:00.000Z,121,13.343907249914384
"52-W-Harding-St,-Unit-B,-Orlando,-FL-32806","52 W Harding St, Unit B, Orlando, FL 32806",52 W Harding St,Unit B,Orlando,FL,32806,Orange,28.518072,-81.378181,townhouse,3.0,2.0,2136.0,1350.0,2023.0,Inactive,569000,2024-06-01T00:00:00.000Z,63,13.251637470576167
"3404-Monteen-Dr,-Orlando,-FL-32806","3404 Monteen Dr, Orlando, FL 32806",3404 Monteen Dr,,Orlando,FL,32806,Orange,28.506531,-81.340446,single_family,4.0,3.0,1950.0,10454.0,1960.0,Inactive,425000,2024-06-21T00:00:00.000Z,43,12.959846800844963
"1215-E-Esther-St,-Orlando,-FL-32806","1215 E Esther St, Orlando, FL 32806",1215 E Esther St,,Orlando,FL,32806,Orange,28.519723,-81.36327,single_family,3.0,2.0,1758.0,13939.0,1959.0,Inactive,499900,2024-07-22T00:00:00.000Z,12,13.12216535779974
"2335-S-Brown-Ave,-Orlando,-FL-32806","2335 S Brown Ave, Orlando, FL 32806",2335 S Brown Ave,,Orlando,FL,32806,Orange,28.515816,-81.361646,single_family,4.0,2.0,2346.0,6534.0,2022.0,Inactive,725000,2024-06-13T00:00:00.000Z,50,13.493928313146206
"505-E-Esther-St,-Orlando,-FL-32806","505 E Esther St, Orlando, FL 32806",505 E Esther St,,Orlando,FL,32806,Orange,28.519622,-81.370263,single_family,4.0,2.0,2598.0,14810.0,1950.0,Inactive,999999,2024-07-03T00:00:00.000Z,30,13.815510557964274
"3622-Devonswood-Dr,-Orlando,-FL-32806","3622 Devonswood Dr, Orlando, FL 32806",3622 Devonswood Dr,,Orlando,FL,32806,Orange,28.498816,-81.347153,single_family,3.0,2.0,1698.0,10890.0,2010.0,Inactive,529999,2024-07-17T00:00:00.000Z,16,13.180632285528304
"1100-Delaney-Ave,-Apt-F308,-Orlando,-FL-32806","1100 Delaney Ave, Apt F308, Orlando, FL 32806",1100 Delaney Ave,Apt F308,Orlando,FL,32806,Orange,28.528088,-81.373257,condo,2.0,2.0,1000.0,11761.0,1964.0,Inactive,305000,2024-07-26T00:00:00.000Z,7,12.628070334272698
"1502-Crestline-St,-Orlando,-FL-32806","1502 Crestline St, Orlando, FL 32806",1502 Crestline St,,Orlando,FL,32806,Orange,28.49175,-81.361522,single_family,3.0,2.0,1668.0,12632.0,1962.0,Inactive,465000,2024-07-29T00:00:00.000Z,4,13.049794835104816
"2915-Delaney-St,-Orlando,-FL-32806","2915 Delaney St, Orlando, FL 32806",2915 Delaney St,,Orlando,FL,32806,Orange,28.508698,-81.371899,single_family,2.0,2.0,1016.0,7504.0,1956.0,Inactive,349000,2024-06-29T00:00:00.000Z,33,12.762830066509972
"1025-S-Crystal-Lake-Dr,-Orlando,-FL-32806","1025 S Crystal Lake Dr, Orlando, FL 32806",1025 S Crystal Lake Dr,,Orlando,FL,32806,Orange,28.529682,-81.343007,single_family,3.0,3.0,2184.0,14810.0,1975.0,Inactive,899000,2024-07-26T00:00:00.000Z,6,13.70903942580019
"1017-E-Kaley-St,-Orlando,-FL-32806","1017 E Kaley St, Orlando, FL 32806",1017 E Kaley St,,Orlando,FL,32806,Orange,28.520639,-81.365145,single_family,3.0,2.0,3075.0,7491.0,1972.0,Inactive,650000,2023-07-28T00:00:00.000Z,368,13.384729180332174
"242-E-Grant-St,-Orlando,-FL-32806","242 E Grant St, Orlando, FL 32806",242 E Grant St,,Orlando,FL,32806,Orange,28.516371,-81.372793,single_family,4.0,3.0,3170.0,6643.0,2016.0,Inactive,997500,2024-04-15T00:00:00.000Z,106,13.81300843025192
"1305-Catalpa-Ln,-Orlando,-FL-32806","1305 Catalpa Ln, Orlando, FL 32806",1305 Catalpa Ln,,Orlando,FL,32806,Orange,28.526261,-81.337434,single_family,4.0,2.0,1610.0,9600.0,1956.0,Inactive,499000,2024-05-18T00:00:00.000Z,72,13.120363378739663
"615-Richmond-St,-Orlando,-FL-32806","615 Richmond St, Orlando, FL 32806",615 Richmond St,,Orlando,FL,32806,Orange,28.530357,-81.368912,single_family,2.0,1.0,1517.0,6400.0,1939.0,Inactive,585000,2024-07-25T00:00:00.000Z,4,13.279368835614243
"1518-Cloverlawn-Ave,-Orlando,-FL-32806","1518 Cloverlawn Ave, Orlando, FL 32806",1518 Cloverlawn Ave,,Orlando,FL,32806,Orange,28.524828,-81.355103,single_family,5.0,3.0,3749.0,8081.0,2024.0,Inactive,1199000,2024-02-23T00:00:00.000Z,156,13.99699926803766
"702-Sweetbriar-Rd,-Orlando,-FL-32806","702 Sweetbriar Rd, Orlando, FL 32806",702 Sweetbriar Rd,,Orlando,FL,32806,Orange,28.500429,-81.368806,single_family,3.0,2.0,1871.0,12632.0,1957.0,Inactive,555000,2024-07-10T00:00:00.000Z,18,13.22672519452875
"2810-E-Crystal-Lake-Ave,-Orlando,-FL-32806","2810 E Crystal Lake Ave, Orlando, FL 32806",2810 E Crystal Lake Ave,,Orlando,FL,32806,Orange,28.514755,-81.346878,single_family,3.0,2.0,1162.0,7034.0,1983.0,Inactive,400000,2024-07-24T00:00:00.000Z,4,12.899222326086994
"138-E-Esther-St,-Orlando,-FL-32806","138 E Esther St, Orlando, FL 32806",138 E Esther St,,Orlando,FL,32806,Orange,28.519068,-81.374785,single_family,4.0,3.0,1499.0,7308.0,1952.0,Inactive,549999,2023-11-03T00:00:00.000Z,267,13.217673557208654
"726-E-Michigan-St,-Unit-150,-Orlando,-FL-32806","726 E Michigan St, Unit 150, Orlando, FL 32806",726 E Michigan St,Unit 150,Orlando,FL,32806,Orange,28.512332,-81.367909,condo,2.0,2.0,994.0,7072.0,1969.0,Inactive,160000,2024-02-08T00:00:00.000Z,170,11.982935344196433
"2120-Carlton-Dr,-Orlando,-FL-32806","2120 Carlton Dr, Orlando, FL 32806",2120 Carlton Dr,,Orlando,FL,32806,Orange,28.521313,-81.353328,multi-family,2.0,2.0,1052.0,10019.0,1905.0,Inactive,439900,2023-11-10T00:00:00.000Z,258,12.994304980578146
"2519-Timberlake-Dr,-Orlando,-FL-32806","2519 Timberlake Dr, Orlando, FL 32806",2519 Timberlake Dr,,Orlando,FL,32806,Orange,28.500246,-81.349364,single_family,3.0,2.0,2032.0,11761.0,1965.0,Inactive,445000,2024-06-20T00:00:00.000Z,35,13.005831808336863
"1121-Salerno-Ct,---Ge,-Orlando,-FL-32806","1121 Salerno Ct, # Ge, Orlando, FL 32806",1121 Salerno Ct,# Ge,Orlando,FL,32806,Orange,28.510099,-81.364093,condo,2.0,2.0,1300.0,10454.0,1984.0,Inactive,349000,2024-07-05T00:00:00.000Z,19,12.762830066509972
"1610-Cloverlawn-Ave,-Orlando,-FL-32806","1610 Cloverlawn Ave, Orlando, FL 32806",1610 Cloverlawn Ave,,Orlando,FL,32806,Orange,28.52363,-81.355114,single_family,2.0,1.0,768.0,6955.0,1957.0,Inactive,289900,2024-04-05T00:00:00.000Z,109,12.57729476436913
"1721-Hour-Glass-Dr,-Orlando,-FL-32806","1721 Hour Glass Dr, Orlando, FL 32806",1721 Hour Glass Dr,,Orlando,FL,32806,Orange,28.521788,-81.357606,multi-family,5.0,5.0,3070.0,14810.0,1926.0,Inactive,1099000,2024-06-10T00:00:00.000Z,43,13.909912143303451
"2553-E-Compton-St,-Orlando,-FL-32806","2553 E Compton St, Orlando, FL 32806",2553 E Compton St,,Orlando,FL,32806,Orange,28.51209,-81.347719,single_family,3.0,2.0,1872.0,11326.0,1969.0,Inactive,537000,2024-05-27T00:00:00.000Z,56,13.19375523568666
"2026-Geigel-Ave,-Orlando,-FL-32806","2026 Geigel Ave, Orlando, FL 32806",2026 Geigel Ave,,Orlando,FL,32806,Orange,28.501039,-81.35368,single_family,3.0,2.0,966.0,11761.0,1959.0,Inactive,349000,2024-06-22T00:00:00.000Z,30,12.762830066509972
"1215-Briercliff-Dr,-Orlando,-FL-32806","1215 Briercliff Dr, Orlando, FL 32806",1215 Briercliff Dr,,Orlando,FL,32806,Orange,28.527906,-81.363485,single_family,3.0,2.0,1721.0,10454.0,1952.0,Inactive,599000,2024-06-28T00:00:00.000Z,24,13.303018546545275
"2100-Pine-Bluff-Ave,-Orlando,-FL-32806","2100 Pine Bluff Ave, Orlando, FL 32806",2100 Pine Bluff Ave,,Orlando,FL,32806,Orange,28.518114,-81.362286,single_family,2.0,1.0,816.0,7985.0,1954.0,Inactive,379000,2024-04-19T00:00:00.000Z,93,12.84529412258351
"209-Harbour-Gardens-Ct,-Orlando,-FL-32806","209 Harbour Gardens Ct, Orlando, FL 32806",209 Harbour Gardens Ct,,Orlando,FL,32806,Orange,28.492648,-81.372503,single_family,4.0,3.0,2390.0,10890.0,1993.0,Inactive,759900,2024-02-19T00:00:00.000Z,152,13.540943440619637
"1514-S-Fern-Creek-Ave,-Orlando,-FL-32806","1514 S Fern Creek Ave, Orlando, FL 32806",1514 S Fern Creek Ave,,Orlando,FL,32806,Orange,28.523809,-81.360232,single_family,3.0,3.0,1538.0,13068.0,1946.0,Inactive,499999,2024-03-01T00:00:00.000Z,141,13.122363377404328
"416-Lillian-Dr,-Orlando,-FL-32806","416 Lillian Dr, Orlando, FL 32806",416 Lillian Dr,,Orlando,FL,32806,Orange,28.498261,-81.371412,single_family,2.0,1.0,1264.0,43560.0,1930.0,Inactive,899000,2024-05-30T00:00:00.000Z,50,13.70903942580019
"2790-Curry-Ford-Rd,---Ge,-Orlando,-FL-32806","2790 Curry Ford Rd, # Ge, Orlando, FL 32806",2790 Curry Ford Rd,# Ge,Orlando,FL,32806,Orange,28.523654,-81.348309,condo,3.0,2.0,1128.0,95396.0,1973.0,Inactive,244900,2024-06-15T00:00:00.000Z,34,12.408609326231229
"3058-Brandywine-Dr,-Orlando,-FL-32806","3058 Brandywine Dr, Orlando, FL 32806",3058 Brandywine Dr,,Orlando,FL,32806,Orange,28.506291,-81.35824,single_family,4.0,2.0,2289.0,9793.0,1968.0,Inactive,545000,2024-07-07T00:00:00.000Z,11,13.208542908506082
"2708-S-Brown-Ave,-Orlando,-FL-32806","2708 S Brown Ave, Orlando, FL 32806",2708 S Brown Ave,,Orlando,FL,32806,Orange,28.512346,-81.362196,single_family,3.0,2.0,1266.0,7697.0,2000.0,Inactive,375000,2024-04-06T00:00:00.000Z,101,12.834683971615659
"2819-S-Brown-Ave,-Orlando,-FL-32806","2819 S Brown Ave, Orlando, FL 32806",2819 S Brown Ave,,Orlando,FL,32806,Orange,28.510582,-81.36159,multi-family,3.0,3.0,1896.0,9830.0,1940.0,Inactive,375000,2024-04-08T00:00:00.000Z,99,12.834683971615659
"2724-Erin-Rd,-Orlando,-FL-32806","2724 Erin Rd, Orlando, FL 32806",2724 Erin Rd,,Orlando,FL,32806,Orange,28.51078,-81.348388,single_family,4.0,2.0,1719.0,7650.0,1965.0,Inactive,469900,2024-06-15T00:00:00.000Z,31,13.060277313201007
"431-Page-St,-Orlando,-FL-32806","431 Page St, Orlando, FL 32806",431 Page St,,Orlando,FL,32806,Orange,28.516005,-81.370856,single_family,3.0,2.0,1605.0,10019.0,1958.0,Inactive,399900,2024-06-25T00:00:00.000Z,21,12.89897229545694
"3508-Leslie-Dr,-Orlando,-FL-32806","3508 Leslie Dr, Orlando, FL 32806",3508 Leslie Dr,,Orlando,FL,32806,Orange,28.505132,-81.339619,single_family,3.0,2.0,1306.0,8360.0,1958.0,Inactive,340000,2024-06-13T00:00:00.000Z,32,12.73670383776449
"322-E-Jersey-St,-Orlando,-FL-32806","322 E Jersey St, Orlando, FL 32806",322 E Jersey St,,Orlando,FL,32806,Orange,28.513616,-81.372591,single_family,3.0,2.0,1833.0,8164.0,1954.0,Inactive,429900,2024-04-12T00:00:00.000Z,92,12.971310228604022
"819-Delaney-Park-Dr,-Orlando,-FL-32806","819 Delaney Park Dr, Orlando, FL 32806",819 Delaney Park Dr,,Orlando,FL,32806,Orange,28.529056,-81.365912,single_family,4.0,2.0,3596.0,8126.0,2017.0,Inactive,1649900,2024-06-13T00:00:00.000Z,30,14.31622584407669
"1244-Saint-Tropez-Cir,---1244,-Orlando,-FL-32806","1244 Saint Tropez Cir, # 1244, Orlando, FL 32806",1244 Saint Tropez Cir,# 1244,Orlando,FL,32806,Orange,28.511549,-81.363266,condo,2.0,2.0,1300.0,10454.0,1983.0,Inactive,349000,2024-07-07T00:00:00.000Z,5,12.762830066509972
"1056-E-Michigan-St,---1056B,-Orlando,-FL-32806","1056 E Michigan St, # 1056B, Orlando, FL 32806",1056 E Michigan St,# 1056B,Orlando,FL,32806,Orange,28.511059,-81.364723,condo,2.0,2.0,1060.0,4112.0,1973.0,Inactive,225000,2024-05-17T00:00:00.000Z,55,12.323860125621126
"2622-Joslin-Pl,-Orlando,-FL-32806","2622 Joslin Pl, Orlando, FL 32806",2622 Joslin Pl,,Orlando,FL,32806,Orange,28.513769,-81.369112,townhouse,4.0,2.0,2132.0,1182.0,2014.0,Inactive,525000,2024-06-26T00:00:00.000Z,15,13.171155446333852
"2602-Gowen-St,-Orlando,-FL-32806","2602 Gowen St, Orlando, FL 32806",2602 Gowen St,,Orlando,FL,32806,Orange,28.514097,-81.353676,single_family,3.0,3.0,1406.0,5509.0,1945.0,Inactive,395000,2023-06-20T00:00:00.000Z,381,12.886643575525625
"2816-Keystone-Dr,-Lot-19,-Orlando,-FL-32806","2816 Keystone Dr, Lot 19, Orlando, FL 32806",2816 Keystone Dr,Lot 19,Orlando,FL,32806,Orange,28.51129,-81.366272,single_family,5.0,3.0,3450.0,58370.0,2024.0,Inactive,1506080,2023-08-04T00:00:00.000Z,336,14.22502147075618
"3054-Unkaterri-Ln,-Orlando,-FL-32806","3054 Unkaterri Ln, Orlando, FL 32806",3054 Unkaterri Ln,,Orlando,FL,32806,Orange,28.506361,-81.352819,multi-family,5.0,4.0,2072.0,9957.0,1973.0,Inactive,599000,2024-06-26T00:00:00.000Z,8,13.303018546545275
"2000-Hamilton-Ln,-Orlando,-FL-32806","2000 Hamilton Ln, Orlando, FL 32806",2000 Hamilton Ln,,Orlando,FL,32806,Orange,28.519193,-81.3687,single_family,4.0,2.0,3856.0,9288.0,2006.0,Inactive,1049000,2024-02-13T00:00:00.000Z,140,13.863348840666827
"408-E-Crystal-Lake-St,-Orlando,-FL-32806","408 E Crystal Lake St, Orlando, FL 32806",408 E Crystal Lake St,,Orlando,FL,32806,Orange,28.514542,-81.371552,single_family,4.0,3.0,2248.0,9311.0,1952.0,Inactive,529900,2024-03-26T00:00:00.000Z,98,13.180445475627591
"3111-E-Crystal-Lake-Ave,-Orlando,-FL-32806","3111 E Crystal Lake Ave, Orlando, FL 32806",3111 E Crystal Lake Ave,,Orlando,FL,32806,Orange,28.515303,-81.34383,single_family,3.0,2.0,1408.0,8324.0,1952.0,Inactive,449000,2024-06-26T00:00:00.000Z,6,13.014780393893403
"2807-S-Shine-Ave,-Orlando,-FL-32806","2807 S Shine Ave, Orlando, FL 32806",2807 S Shine Ave,,Orlando,FL,32806,Orange,28.510772,-81.360562,single_family,3.0,2.0,2276.0,5621.0,2021.0,Inactive,599000,2024-03-07T00:00:00.000Z,116,13.303018546545275
"1301-Cloverlawn-Ave,-Orlando,-FL-32806","1301 Cloverlawn Ave, Orlando, FL 32806",1301 Cloverlawn Ave,,Orlando,FL,32806,Orange,28.526619,-81.354497,single_family,3.0,2.0,1158.0,7039.0,1992.0,Inactive,425000,2024-06-27T00:00:00.000Z,4,12.959846800844963
"2706-Shannon-Rd,-Orlando,-FL-32806","2706 Shannon Rd, Orlando, FL 32806",2706 Shannon Rd,,Orlando,FL,32806,Orange,28.510095,-81.348864,single_family,5.0,3.0,3140.0,8381.0,1960.0,Inactive,675000,2024-05-10T00:00:00.000Z,51,13.42246945133505
"633-Gatlin-Ave,-Orlando,-FL-32806","633 Gatlin Ave, Orlando, FL 32806",633 Gatlin Ave,,Orlando,FL,32806,Orange,28.494846,-81.36924,single_family,5.0,3.0,3312.0,32234.0,1992.0,Inactive,1200000,2024-05-24T00:00:00.000Z,37,13.997832948091215
"1807-Baxter-Ave,-Orlando,-FL-32806","1807 Baxter Ave, Orlando, FL 32806",1807 Baxter Ave,,Orlando,FL,32806,Orange,28.50428,-81.356623,single_family,2.0,2.0,1578.0,6114.0,1958.0,Inactive,379900,2024-05-30T00:00:00.000Z,31,12.847665971443902
"1814-Hollenbeck-Dr,-Orlando,-FL-32806","1814 Hollenbeck Dr, Orlando, FL 32806",1814 Hollenbeck Dr,,Orlando,FL,32806,Orange,28.521369,-81.375697,single_family,5.0,4.0,2889.0,13939.0,1938.0,Inactive,950000,2024-04-25T00:00:00.000Z,64,13.76421831620775
"1222-Woodland-St,-Orlando,-FL-32806","1222 Woodland St, Orlando, FL 32806",1222 Woodland St,,Orlando,FL,32806,Orange,28.521897,-81.363139,single_family,3.0,2.0,1566.0,8765.0,1945.0,Inactive,599900,2024-05-17T00:00:00.000Z,42,13.304519920584285
"3414-Hargill-Dr,-Orlando,-FL-32806","3414 Hargill Dr, Orlando, FL 32806",3414 Hargill Dr,,Orlando,FL,32806,Orange,28.527498,-81.340606,single_family,3.0,2.0,1670.0,10890.0,1958.0,Inactive,395000,2024-06-06T00:00:00.000Z,22,12.886643575525625
"1725-Kaleywood-Ct,-Orlando,-FL-32806","1725 Kaleywood Ct, Orlando, FL 32806",1725 Kaleywood Ct,,Orlando,FL,32806,Orange,28.521223,-81.347821,single_family,3.0,2.0,1850.0,5506.0,2001.0,Inactive,499000,2024-05-10T00:00:00.000Z,48,13.120363378739663
"2012-E-Harding-St,-Orlando,-FL-32806","2012 E Harding St, Orlando, FL 32806",2012 E Harding St,,Orlando,FL,32806,Orange,28.518385,-81.353933,single_family,3.0,1.0,1000.0,8414.0,1940.0,Inactive,329900,2024-01-31T00:00:00.000Z,147,12.706547888433661
"615-E-Kaley-St,-Orlando,-FL-32806","615 E Kaley St, Orlando, FL 32806",615 E Kaley St,,Orlando,FL,32806,Orange,28.520568,-81.368507,single_family,4.0,3.0,2569.0,6825.0,2007.0,Inactive,674900,2024-03-07T00:00:00.000Z,111,13.422321292431393
"56-W-Harding-St,---B,-Orlando,-FL-32806","56 W Harding St, # B, Orlando, FL 32806",56 W Harding St,# B,Orlando,FL,32806,Orange,28.518044,-81.378465,townhouse,4.0,2.0,2280.0,1233.0,2023.0,Inactive,629000,2024-04-04T00:00:00.000Z,83,13.351888125506433
"42-W-Harding-St,---E,-Orlando,-FL-32806","42 W Harding St, # E, Orlando, FL 32806",42 W Harding St,# E,Orlando,FL,32806,Orange,28.518251,-81.378817,townhouse,3.0,2.0,2042.0,1274.0,2023.0,Inactive,616000,2024-04-04T00:00:00.000Z,83,13.331003865890963
"42-W-Harding-St,---D,-Orlando,-FL-32806","42 W Harding St, # D, Orlando, FL 32806",42 W Harding St,# D,Orlando,FL,32806,Orange,28.518251,-81.378745,townhouse,3.0,2.0,2042.0,1269.0,2023.0,Inactive,612000,2024-04-04T00:00:00.000Z,83,13.324489195480057
"1319-Briercliff-Dr,-Orlando,-FL-32806","1319 Briercliff Dr, Orlando, FL 32806",1319 Briercliff Dr,,Orlando,FL,32806,Orange,28.527608,-81.362562,single_family,3.0,2.0,2046.0,12632.0,1949.0,Inactive,825000,2024-06-21T00:00:00.000Z,5,13.623139877437296
"946-E-Michigan-St,---946,-Orlando,-FL-32806","946 E Michigan St, # 946, Orlando, FL 32806",946 E Michigan St,# 946,Orlando,FL,32806,Orange,28.512666,-81.365352,condo,3.0,2.0,1278.0,6506.0,1973.0,Inactive,238000,2024-03-22T00:00:00.000Z,95,12.380030154325457
"1705-E-Harding-St,-Orlando,-FL-32806","1705 E Harding St, Orlando, FL 32806",1705 E Harding St,,Orlando,FL,32806,Orange,28.518844,-81.357535,single_family,4.0,3.0,2705.0,8179.0,2024.0,Inactive,929900,2024-04-24T00:00:00.000Z,62,13.74283340785016
"1080-E-Michigan-St,---1080,-Orlando,-FL-32806","1080 E Michigan St, # 1080, Orlando, FL 32806",1080 E Michigan St,# 1080,Orlando,FL,32806,Orange,28.512263,-81.364704,condo,2.0,2.0,1014.0,4112.0,1973.0,Inactive,179000,2024-05-25T00:00:00.000Z,30,12.095146671399466
"1611-S-Eola-Dr,-Orlando,-FL-32806","1611 S Eola Dr, Orlando, FL 32806",1611 S Eola Dr,,Orlando,FL,32806,Orange,28.523525,-81.368895,single_family,3.0,2.0,1528.0,6681.0,1981.0,Inactive,659900,2024-05-18T00:00:00.000Z,35,13.399845102751483
"2847-Palermo-Ct,---Ge,-Orlando,-FL-32806","2847 Palermo Ct, # Ge, Orlando, FL 32806",2847 Palermo Ct,# Ge,Orlando,FL,32806,Orange,28.509521,-81.363644,condo,2.0,2.0,1401.0,9792.0,1984.0,Inactive,355000,2024-06-04T00:00:00.000Z,18,12.779875885354993
"1118-Shorewood-Dr,-Orlando,-FL-32806","1118 Shorewood Dr, Orlando, FL 32806",1118 Shorewood Dr,,Orlando,FL,32806,Orange,28.522871,-81.364607,single_family,3.0,3.0,2684.0,13504.0,1940.0,Inactive,769000,2024-06-15T00:00:00.000Z,7,13.552847548877052
"1610-Montcalm-St,-Orlando,-FL-32806","1610 Montcalm St, Orlando, FL 32806",1610 Montcalm St,,Orlando,FL,32806,Orange,28.499605,-81.357988,single_family,3.0,2.0,1360.0,8400.0,1959.0,Inactive,376000,2024-06-15T00:00:00.000Z,6,12.837347081942964
"1412-Winn-Ave,-Orlando,-FL-32806","1412 Winn Ave, Orlando, FL 32806",1412 Winn Ave,,Orlando,FL,32806,Orange,28.524552,-81.34877,single_family,2.0,2.0,760.0,1700.0,1951.0,Inactive,225000,2024-06-19T00:00:00.000Z,2,12.323860125621126
"722-E-Michigan-St,-Unit-141,-Orlando,-FL-32806","722 E Michigan St, Unit 141, Orlando, FL 32806",722 E Michigan St,Unit 141,Orlando,FL,32806,Orange,28.51266,-81.367734,condo,3.0,2.0,1181.0,6519.0,1969.0,Inactive,175000,2023-12-23T00:00:00.000Z,180,12.07254696717504
"1721-Overlake-Ave,-Orlando,-FL-32806","1721 Overlake Ave, Orlando, FL 32806",1721 Overlake Ave,,Orlando,FL,32806,Orange,28.497428,-81.356295,single_family,3.0,2.0,1524.0,10890.0,1959.0,Inactive,417500,2023-08-24T00:00:00.000Z,300,12.94204221847976
"1234-Lake-Willisara-Cir,---23,-Orlando,-FL-32806","1234 Lake Willisara Cir, # 23, Orlando, FL 32806",1234 Lake Willisara Cir,# 23,Orlando,FL,32806,Orange,28.508007,-81.362724,condo,3.0,2.0,1532.0,9460.0,1986.0,Inactive,479900,2024-05-01T00:00:00.000Z,49,13.081335111611617
"1618-Lorena-Ln,-Orlando,-FL-32806","1618 Lorena Ln, Orlando, FL 32806",1618 Lorena Ln,,Orlando,FL,32806,Orange,28.526215,-81.358613,single_family,3.0,3.0,2121.0,10454.0,1958.0,Inactive,719990,2024-04-02T00:00:00.000Z,77,13.486993990914112
"2154-Raeford-Rd,-Orlando,-FL-32806","2154 Raeford Rd, Orlando, FL 32806",2154 Raeford Rd,,Orlando,FL,32806,Orange,28.508957,-81.354423,multi-family,2.0,2.0,1362.0,6835.0,1986.0,Inactive,339000,2024-05-15T00:00:00.000Z,34,12.733758336210744
"530-E-Kaley-St,-Orlando,-FL-32806","530 E Kaley St, Orlando, FL 32806",530 E Kaley St,,Orlando,FL,32806,Orange,28.520044,-81.369256,single_family,4.0,3.0,2350.0,7501.0,2022.0,Inactive,760000,2024-06-05T00:00:00.000Z,13,13.541075028051122
"2338-S-Brown-Ave,-Orlando,-FL-32806","2338 S Brown Ave, Orlando, FL 32806",2338 S Brown Ave,,Orlando,FL,32806,Orange,28.515717,-81.362149,single_family,3.0,2.0,1806.0,4791.0,2019.0,Inactive,658000,2024-04-10T00:00:00.000Z,67,13.396961730063138
"1401-Canberra-Ave,-Orlando,-FL-32806","1401 Canberra Ave, Orlando, FL 32806",1401 Canberra Ave,,Orlando,FL,32806,Orange,28.525293,-81.339288,single_family,3.0,2.0,2061.0,8813.0,1957.0,Inactive,400000,2024-06-14T00:00:00.000Z,2,12.899222326086994
"1818-Baxter-Ave,-Orlando,-FL-32806","1818 Baxter Ave, Orlando, FL 32806",1818 Baxter Ave,,Orlando,FL,32806,Orange,28.503887,-81.355906,single_family,3.0,2.0,1065.0,7194.0,1958.0,Inactive,355000,2024-06-12T00:00:00.000Z,3,12.779875885354993
"2600-S-Crystal-Lake-Dr,-Orlando,-FL-32806","2600 S Crystal Lake Dr, Orlando, FL 32806",2600 S Crystal Lake Dr,,Orlando,FL,32806,Orange,28.514023,-81.34361,single_family,2.0,1.0,782.0,10019.0,1948.0,Inactive,340000,2024-04-25T00:00:00.000Z,49,12.73670383776449
"1516-Cloverlawn-Ave,-Orlando,-FL-32806","1516 Cloverlawn Ave, Orlando, FL 32806",1516 Cloverlawn Ave,,Orlando,FL,32806,Orange,28.524965,-81.355072,multi-family,4.0,3.0,3250.0,7038.0,2024.0,Inactive,999900,2024-05-27T00:00:00.000Z,17,13.81541155306345
"2731-Erin-Rd,-Orlando,-FL-32806","2731 Erin Rd, Orlando, FL 32806",2731 Erin Rd,,Orlando,FL,32806,Orange,28.511228,-81.348173,single_family,3.0,2.0,1248.0,7730.0,1970.0,Inactive,378900,2024-06-05T00:00:00.000Z,8,12.845030236222001
"1306-Oakley-St,-Orlando,-FL-32806","1306 Oakley St, Orlando, FL 32806",1306 Oakley St,,Orlando,FL,32806,Orange,28.521001,-81.362617,single_family,4.0,2.0,3460.0,7820.0,2005.0,Inactive,1360000,2024-06-08T00:00:00.000Z,5,14.122995993006082
"1225-Salerno-Ct,-Orlando,-FL-32806","1225 Salerno Ct, Orlando, FL 32806",1225 Salerno Ct,,Orlando,FL,32806,Orange,28.510416,-81.363373,condo,2.0,2.0,1300.0,10454.0,1984.0,Inactive,399000,2024-04-26T00:00:00.000Z,47,12.896719202134523
"224-E-Pineloch-Ave,-Orlando,-FL-32806","224 E Pineloch Ave, Orlando, FL 32806",224 E Pineloch Ave,,Orlando,FL,32806,Orange,28.509163,-81.373747,townhouse,3.0,2.0,1841.0,1097.0,2021.0,Inactive,560000,2024-04-29T00:00:00.000Z,44,13.235693848424024
"2580-Bass-Lake-Blvd,-Orlando,-FL-32806","2580 Bass Lake Blvd, Orlando, FL 32806",2580 Bass Lake Blvd,,Orlando,FL,32806,Orange,28.514356,-81.341148,single_family,3.0,2.0,1910.0,14375.0,1955.0,Inactive,499900,2024-05-02T00:00:00.000Z,41,13.12216535779974
"2631-Dellwood-Dr,-Orlando,-FL-32806","2631 Dellwood Dr, Orlando, FL 32806",2631 Dellwood Dr,,Orlando,FL,32806,Orange,28.529297,-81.348972,single_family,2.0,2.0,2179.0,8805.0,1961.0,Inactive,849900,2024-05-17T00:00:00.000Z,26,13.652875151095039
"1326-E-Esther-St,-Orlando,-FL-32806","1326 E Esther St, Orlando, FL 32806",1326 E Esther St,,Orlando,FL,32806,Orange,28.519209,-81.362165,single_family,3.0,2.0,1223.0,10454.0,1954.0,Inactive,399900,2024-05-31T00:00:00.000Z,12,12.89897229545694
"2801-Mayer-St,-Orlando,-FL-32806","2801 Mayer St, Orlando, FL 32806",2801 Mayer St,,Orlando,FL,32806,Orange,28.511192,-81.362626,single_family,3.0,2.0,1368.0,5659.0,1991.0,Inactive,414900,2024-03-13T00:00:00.000Z,90,12.935795216537384
"1519-Groveland-Ave,-Orlando,-FL-32806","1519 Groveland Ave, Orlando, FL 32806",1519 Groveland Ave,,Orlando,FL,32806,Orange,28.524825,-81.355541,single_family,2.0,2.0,1008.0,5994.0,1947.0,Inactive,425000,2024-06-08T00:00:00.000Z,3,12.959846800844963
"606-Avalon-Blvd,-Orlando,-FL-32806","606 Avalon Blvd, Orlando, FL 32806",606 Avalon Blvd,,Orlando,FL,32806,Orange,28.521423,-81.368814,land,3.0,2.0,1901.0,14375.0,1946.0,Inactive,625000,2024-05-02T00:00:00.000Z,38,13.345508528717259
"1710-Santa-Maria-Pl,-Orlando,-FL-32806","1710 Santa Maria Pl, Orlando, FL 32806",1710 Santa Maria Pl,,Orlando,FL,32806,Orange,28.53057,-81.357885,single_family,4.0,2.0,3530.0,12632.0,2013.0,Inactive,1779000,2023-08-21T00:00:00.000Z,292,14.39156252876136
"1434-Appleton-Ave,-Orlando,-FL-32806","1434 Appleton Ave, Orlando, FL 32806",1434 Appleton Ave,,Orlando,FL,32806,Orange,28.497907,-81.360013,single_family,4.0,2.0,1909.0,15246.0,1971.0,Inactive,639500,2024-06-01T00:00:00.000Z,7,13.36844346372147
"1812-Geigel-Ave,-Orlando,-FL-32806","1812 Geigel Ave, Orlando, FL 32806",1812 Geigel Ave,,Orlando,FL,32806,Orange,28.501002,-81.356274,single_family,3.0,2.0,1938.0,7020.0,2017.0,Inactive,535000,2024-06-03T00:00:00.000Z,5,13.190023895035274
"3315-Joanne-Dr,-Orlando,-FL-32806","3315 Joanne Dr, Orlando, FL 32806",3315 Joanne Dr,,Orlando,FL,32806,Orange,28.504089,-81.341367,single_family,3.0,2.0,1306.0,8556.0,1958.0,Inactive,409922,2024-04-05T00:00:00.000Z,63,12.923724616164897
"536-Lanark-Ct,-Orlando,-FL-32806","536 Lanark Ct, Orlando, FL 32806",536 Lanark Ct,,Orlando,FL,32806,Orange,28.514405,-81.368968,townhouse,4.0,4.0,2070.0,9029.0,2013.0,Inactive,485000,2024-05-25T00:00:00.000Z,12,13.091906231773164
"1615-S-Mills-Ave,-Orlando,-FL-32806","1615 S Mills Ave, Orlando, FL 32806",1615 S Mills Ave,,Orlando,FL,32806,Orange,28.522748,-81.363731,single_family,3.0,2.0,1832.0,7246.0,1938.0,Inactive,749000,2024-05-30T00:00:00.000Z,7,13.52649559761195
"3111-Onyx-Ct,-Orlando,-FL-32806","3111 Onyx Ct, Orlando, FL 32806",3111 Onyx Ct,,Orlando,FL,32806,Orange,28.504755,-81.371144,single_family,3.0,2.0,1536.0,9607.0,1958.0,Inactive,475000,2024-05-08T00:00:00.000Z,27,13.07107218827772
"3313-E-Esther-St,-Orlando,-FL-32806","3313 E Esther St, Orlando, FL 32806",3313 E Esther St,,Orlando,FL,32806,Orange,28.520339,-81.342006,single_family,3.0,2.0,1403.0,10890.0,1958.0,Inactive,389000,2024-05-31T00:00:00.000Z,4,12.871337193291367
"2532-Overlake-Ave,-Orlando,-FL-32806","2532 Overlake Ave, Orlando, FL 32806",2532 Overlake Ave,,Orlando,FL,32806,Orange,28.496604,-81.348899,single_family,4.0,3.0,2261.0,14810.0,1957.0,Inactive,899000,2024-05-31T00:00:00.000Z,3,13.70903942580019
"605-E-Miller-St,-Orlando,-FL-32806","605 E Miller St, Orlando, FL 32806",605 E Miller St,,Orlando,FL,32806,Orange,28.524199,-81.368714,single_family,5.0,3.0,5114.0,9967.0,2023.0,Inactive,2350000,2024-01-19T00:00:00.000Z,134,14.669926311652166
"3711-March-Ave,-Orlando,-FL-32806","3711 March Ave, Orlando, FL 32806",3711 March Ave,,Orlando,FL,32806,Orange,28.498941,-81.355916,single_family,3.0,2.0,1407.0,9575.0,1959.0,Inactive,389000,2024-05-22T00:00:00.000Z,10,12.871337193291367
"3029-Brandywine-Dr,-Orlando,-FL-32806","3029 Brandywine Dr, Orlando, FL 32806",3029 Brandywine Dr,,Orlando,FL,32806,Orange,28.507895,-81.357697,single_family,4.0,2.0,2116.0,9713.0,1968.0,Inactive,575000,2024-05-11T00:00:00.000Z,20,13.26212705890841
"1636-Triangle-Ave,-Orlando,-FL-32806","1636 Triangle Ave, Orlando, FL 32806",1636 Triangle Ave,,Orlando,FL,32806,Orange,28.51757,-81.358081,single_family,5.0,3.0,2765.0,10890.0,2023.0,Inactive,939900,2023-10-26T00:00:00.000Z,217,13.7535298295508
"3224-Carnine-Dr,-Orlando,-FL-32806","3224 Carnine Dr, Orlando, FL 32806",3224 Carnine Dr,,Orlando,FL,32806,Orange,28.500643,-81.342046,single_family,3.0,2.0,1020.0,8536.0,1958.0,Inactive,319000,2024-04-26T00:00:00.000Z,34,12.672949516558306
"1708-Baxter-Ave,-Orlando,-FL-32806","1708 Baxter Ave, Orlando, FL 32806",1708 Baxter Ave,,Orlando,FL,32806,Orange,28.503776,-81.357411,single_family,3.0,1.0,1177.0,7205.0,1958.0,Inactive,320000,2024-05-22T00:00:00.000Z,8,12.676079399771027
"1809-Antigua-Dr,-Orlando,-FL-32806","1809 Antigua Dr, Orlando, FL 32806",1809 Antigua Dr,,Orlando,FL,32806,Orange,28.528448,-81.356777,single_family,4.0,3.0,1960.0,11326.0,1968.0,Inactive,630000,2024-05-26T00:00:00.000Z,4,13.353476685668044
"2700-Shannon-Rd,-Orlando,-FL-32806","2700 Shannon Rd, Orlando, FL 32806",2700 Shannon Rd,,Orlando,FL,32806,Orange,28.510302,-81.349088,single_family,4.0,2.0,1527.0,11761.0,1960.0,Inactive,515000,2024-05-10T00:00:00.000Z,19,13.151924121391561
"1303-Waterwitch-Cove-Cir,-Orlando,-FL-32806","1303 Waterwitch Cove Cir, Orlando, FL 32806",1303 Waterwitch Cove Cir,,Orlando,FL,32806,Orange,28.4919,-81.361992,single_family,5.0,3.0,2886.0,11326.0,1997.0,Inactive,899900,2024-05-23T00:00:00.000Z,4,13.710040036256004
"4304-Kasper-Dr,-Orlando,-FL-32806","4304 Kasper Dr, Orlando, FL 32806",4304 Kasper Dr,,Orlando,FL,32806,Orange,28.528519,-81.331906,single_family,3.0,2.0,1428.0,11761.0,1959.0,Inactive,425000,2024-05-21T00:00:00.000Z,4,12.959846800844963
"3585-Conway-Gardens-Rd,-Orlando,-FL-32806","3585 Conway Gardens Rd, Orlando, FL 32806",3585 Conway Gardens Rd,,Orlando,FL,32806,Orange,28.500427,-81.338891,single_family,4.0,2.0,2952.0,10890.0,2018.0,Inactive,800000,2024-03-30T00:00:00.000Z,53,13.592368256649284
"570-Edgerly-Pl,-Orlando,-FL-32806","570 Edgerly Pl, Orlando, FL 32806",570 Edgerly Pl,,Orlando,FL,32806,Orange,28.514114,-81.368395,townhouse,4.0,2.0,2132.0,1183.0,2014.0,Inactive,499000,2024-05-17T00:00:00.000Z,5,13.120363378739663
"121-W-Grant-St,-Orlando,-FL-32806","121 W Grant St, Orlando, FL 32806",121 W Grant St,,Orlando,FL,32806,Orange,28.516884,-81.378958,townhouse,3.0,2.0,1969.0,2394.0,2022.0,Inactive,569000,2024-05-20T00:00:00.000Z,2,13.251637470576167
"3110-Hargill-Dr,-Orlando,-FL-32806","3110 Hargill Dr, Orlando, FL 32806",3110 Hargill Dr,,Orlando,FL,32806,Orange,28.52799,-81.344095,single_family,3.0,2.0,1225.0,9366.0,1954.0,Inactive,519000,2024-04-18T00:00:00.000Z,33,13.159661088928443
"1999-Peel-Ave,---9,-Orlando,-FL-32806","1999 Peel Ave, # 9, Orlando, FL 32806",1999 Peel Ave,# 9,Orlando,FL,32806,Orange,28.518463,-81.347237,townhouse,3.0,2.0,1862.0,14375.0,2024.0,Inactive,539900,2024-04-24T00:00:00.000Z,27,13.199141068399515
"1707-Antilles-Pl,-Orlando,-FL-32806","1707 Antilles Pl, Orlando, FL 32806",1707 Antilles Pl,,Orlando,FL,32806,Orange,28.530221,-81.357848,single_family,3.0,2.0,2095.0,13068.0,1959.0,Inactive,885000,2024-05-17T00:00:00.000Z,4,13.69334405393293
"1417-Belmont-Dr,-Orlando,-FL-32806","1417 Belmont Dr, Orlando, FL 32806",1417 Belmont Dr,,Orlando,FL,32806,Orange,28.525019,-81.356073,single_family,4.0,3.0,2363.0,9346.0,1956.0,Inactive,717500,2024-05-16T00:00:00.000Z,4,13.483529620343164
"1054-E-Michigan-St,-Apt-B,-Orlando,-FL-32806","1054 E Michigan St, Apt B, Orlando, FL 32806",1054 E Michigan St,Apt B,Orlando,FL,32806,Orange,28.511059,-81.364723,condo,2.0,2.0,985.0,4111.0,1973.0,Inactive,185000,2024-02-22T00:00:00.000Z,84,12.128116509451258
"3203-Jan-Dr,-Orlando,-FL-32806","3203 Jan Dr, Orlando, FL 32806",3203 Jan Dr,,Orlando,FL,32806,Orange,28.504391,-81.3406,single_family,3.0,2.0,1900.0,8536.0,1959.0,Inactive,475000,2024-02-15T00:00:00.000Z,90,13.07107218827772
"3501-E-Grant-Ave,-Orlando,-FL-32806","3501 E Grant Ave, Orlando, FL 32806",3501 E Grant Ave,,Orlando,FL,32806,Orange,28.517123,-81.340163,single_family,3.0,2.0,1979.0,8442.0,1961.0,Inactive,379900,2024-04-19T00:00:00.000Z,24,12.847665971443902
"2901-Walnut-St,-Orlando,-FL-32806","2901 Walnut St, Orlando, FL 32806",2901 Walnut St,,Orlando,FL,32806,Orange,28.530332,-81.346359,single_family,3.0,2.0,1490.0,10454.0,1955.0,Inactive,649900,2024-04-25T00:00:00.000Z,17,13.384575322579519
"2927-Lake-Pineloch-Blvd,---Ge,-Orlando,-FL-32806","2927 Lake Pineloch Blvd, # Ge, Orlando, FL 32806",2927 Lake Pineloch Blvd,# Ge,Orlando,FL,32806,Orange,28.508886,-81.364561,condo,2.0,2.0,1460.0,9460.0,1985.0,Inactive,449900,2024-05-07T00:00:00.000Z,4,13.016782837542953
"426-E-Gore-St,-Orlando,-FL-32806","426 E Gore St, Orlando, FL 32806",426 E Gore St,,Orlando,FL,32806,Orange,28.530515,-81.371692,single_family,4.0,2.0,2340.0,8000.0,2010.0,Inactive,949000,2024-05-06T00:00:00.000Z,4,13.76316513133229
"1144-Delaney-Ave,---1144,-Orlando,-FL-32806","1144 Delaney Ave, # 1144, Orlando, FL 32806",1144 Delaney Ave,# 1144,Orlando,FL,32806,Orange,28.527703,-81.372786,condo,2.0,2.0,1006.0,9029.0,1986.0,Inactive,384900,2024-01-09T00:00:00.000Z,121,12.860741437345885
"3014-S-Fern-Creek-Ave,-Orlando,-FL-32806","3014 S Fern Creek Ave, Orlando, FL 32806",3014 S Fern Creek Ave,,Orlando,FL,32806,Orange,28.506101,-81.360112,single_family,3.0,2.0,1374.0,11761.0,1959.0,Inactive,414900,2024-01-18T00:00:00.000Z,112,12.935795216537384
"3207-Toasy-Dr,-Orlando,-FL-32806","3207 Toasy Dr, Orlando, FL 32806",3207 Toasy Dr,,Orlando,FL,32806,Orange,28.504171,-81.339756,single_family,3.0,2.0,1343.0,9021.0,1959.0,Inactive,385000,2024-04-10T00:00:00.000Z,27,12.861001210669146
"3407-S-Fern-Creek-Ave,-Orlando,-FL-32806","3407 S Fern Creek Ave, Orlando, FL 32806",3407 S Fern Creek Ave,,Orlando,FL,32806,Orange,28.504933,-81.359474,single_family,3.0,2.0,2290.0,13068.0,1951.0,Inactive,574000,2024-05-03T00:00:00.000Z,4,13.260386417460465
"758-E-Michigan-St,-Unit-192,-Orlando,-FL-32806","758 E Michigan St, Unit 192, Orlando, FL 32806",758 E Michigan St,Unit 192,Orlando,FL,32806,Orange,28.511012,-81.367986,condo,1.0,1.0,633.0,11326.0,1969.0,Inactive,155900,2024-04-17T00:00:00.000Z,19,11.956976469393481
"1311-Dunsany-Ave,-Orlando,-FL-32806","1311 Dunsany Ave, Orlando, FL 32806",1311 Dunsany Ave,,Orlando,FL,32806,Orange,28.525993,-81.338365,single_family,3.0,2.0,1535.0,9604.0,1957.0,Inactive,419000,2024-04-03T00:00:00.000Z,32,12.945628585536271
"2605-Bass-Lake-Blvd,-Orlando,-FL-32806","2605 Bass Lake Blvd, Orlando, FL 32806",2605 Bass Lake Blvd,,Orlando,FL,32806,Orange,28.514033,-81.340223,single_family,2.0,2.0,864.0,6631.0,1983.0,Inactive,399000,2024-04-24T00:00:00.000Z,10,12.896719202134523
"3380-Pershing-Ave,-Orlando,-FL-32806","3380 Pershing Ave, Orlando, FL 32806",3380 Pershing Ave,,Orlando,FL,32806,Orange,28.498408,-81.339596,single_family,4.0,2.0,1905.0,11761.0,1972.0,Inactive,499000,2024-04-30T00:00:00.000Z,4,13.120363378739663
"1701-Curry-Ford-Rd,-Orlando,-FL-32806","1701 Curry Ford Rd, Orlando, FL 32806",1701 Curry Ford Rd,,Orlando,FL,32806,Orange,28.524313,-81.358522,single_family,3.0,2.0,1663.0,9988.0,1957.0,Inactive,485000,2024-04-29T00:00:00.000Z,4,13.091906231773164
"3608-Upton-Dr,-Orlando,-FL-32806","3608 Upton Dr, Orlando, FL 32806",3608 Upton Dr,,Orlando,FL,32806,Orange,28.499699,-81.342661,single_family,3.0,2.0,1255.0,7651.0,1961.0,Inactive,435000,2024-04-29T00:00:00.000Z,4,12.983103608918753
"2110-Carlton-Dr,-Orlando,-FL-32806","2110 Carlton Dr, Orlando, FL 32806",2110 Carlton Dr,,Orlando,FL,32806,Orange,28.521312,-81.353484,single_family,2.0,1.0,910.0,10019.0,1950.0,Inactive,365000,2024-03-23T00:00:00.000Z,39,12.807655372286902
"1066-E-Michigan-St,-Apt-B,-Orlando,-FL-32806","1066 E Michigan St, Apt B, Orlando, FL 32806",1066 E Michigan St,Apt B,Orlando,FL,32806,Orange,28.511475,-81.364616,condo,3.0,2.0,1278.0,6506.0,1973.0,Inactive,243900,2024-03-28T00:00:00.000Z,34,12.404517684236607
"2201-Hand-Blvd,-Orlando,-FL-32806","2201 Hand Blvd, Orlando, FL 32806",2201 Hand Blvd,,Orlando,FL,32806,Orange,28.528001,-81.353567,single_family,2.0,1.0,916.0,10454.0,1953.0,Inactive,399000,2024-03-13T00:00:00.000Z,48,12.896719202134523
"607-Albertson-Pl,-Orlando,-FL-32806","607 Albertson Pl, Orlando, FL 32806",607 Albertson Pl,,Orlando,FL,32806,Orange,28.500029,-81.371178,single_family,4.0,2.0,2018.0,15682.0,1967.0,Inactive,714900,2024-04-25T00:00:00.000Z,5,13.479899350551
"1812-S-Summerlin-Ave,-Orlando,-FL-32806","1812 S Summerlin Ave, Orlando, FL 32806",1812 S Summerlin Ave,,Orlando,FL,32806,Orange,28.52115,-81.368468,single_family,3.0,2.0,2183.0,8444.0,1950.0,Inactive,699000,2024-04-27T00:00:00.000Z,3,13.457407451830088
"2020-White-Ave,-Orlando,-FL-32806","2020 White Ave, Orlando, FL 32806",2020 White Ave,,Orlando,FL,32806,Orange,28.501953,-81.353927,single_family,2.0,1.0,864.0,8389.0,1958.0,Inactive,294900,2024-01-25T00:00:00.000Z,95,12.594394985777612
"746-E-Michigan-St,-Unit-116,-Orlando,-FL-32806","746 E Michigan St, Unit 116, Orlando, FL 32806",746 E Michigan St,Unit 116,Orlando,FL,32806,Orange,28.511587,-81.367913,condo,2.0,1.0,927.0,9029.0,1969.0,Inactive,180000,2024-03-18T00:00:00.000Z,41,12.100717685412471
"721-Baxter-St,-Orlando,-FL-32806","721 Baxter St, Orlando, FL 32806",721 Baxter St,,Orlando,FL,32806,Orange,28.504603,-81.368796,single_family,3.0,4.0,4455.0,46174.0,1949.0,Inactive,1325000,2024-01-15T00:00:00.000Z,103,14.096923772119156
"1616-S-Osceola-Ave,-Orlando,-FL-32806","1616 S Osceola Ave, Orlando, FL 32806",1616 S Osceola Ave,,Orlando,FL,32806,Orange,28.523235,-81.370737,single_family,6.0,5.0,3957.0,23958.0,1948.0,Inactive,1800000,2024-04-06T00:00:00.000Z,21,14.403297778421795
"3029-Crystal-Oak-Ct,-Orlando,-FL-32806","3029 Crystal Oak Ct, Orlando, FL 32806",3029 Crystal Oak Ct,,Orlando,FL,32806,Orange,28.504739,-81.343822,single_family,4.0,2.0,2888.0,10890.0,1997.0,Inactive,750000,2024-04-20T00:00:00.000Z,7,13.527829818844937
"1519-Roscomare-Ave,-Orlando,-FL-32806","1519 Roscomare Ave, Orlando, FL 32806",1519 Roscomare Ave,,Orlando,FL,32806,Orange,28.524711,-81.334613,single_family,4.0,2.0,1961.0,9480.0,1958.0,Inactive,423000,2023-12-08T00:00:00.000Z,140,12.955129822091815
"204-Matilda-Ct,-Orlando,-FL-32806","204 Matilda Ct, Orlando, FL 32806",204 Matilda Ct,,Orlando,FL,32806,Orange,28.504262,-81.379869,single_family,3.0,2.0,2500.0,14375.0,1979.0,Inactive,825000,2024-03-14T00:00:00.000Z,43,13.623139877437296
"1616-Gatlin-Ave,-Orlando,-FL-32806","1616 Gatlin Ave, Orlando, FL 32806",1616 Gatlin Ave,,Orlando,FL,32806,Orange,28.494574,-81.359056,single_family,3.0,2.0,1887.0,12197.0,1954.0,Inactive,528990,2024-04-02T00:00:00.000Z,23,13.178726697463196
"1713-Hour-Glass-Dr,-Orlando,-FL-32806","1713 Hour Glass Dr, Orlando, FL 32806",1713 Hour Glass Dr,,Orlando,FL,32806,Orange,28.522098,-81.358983,single_family,3.0,3.0,1670.0,7800.0,1950.0,Inactive,425000,2024-04-12T00:00:00.000Z,12,12.959846800844963
"3007-Troy-Dr,-Orlando,-FL-32806","3007 Troy Dr, Orlando, FL 32806",3007 Troy Dr,,Orlando,FL,32806,Orange,28.506104,-81.362367,single_family,3.0,2.0,2382.0,13504.0,1959.0,Inactive,575000,2024-04-18T00:00:00.000Z,4,13.26212705890841
"1963-Peel-Ave,-Orlando,-FL-32806","1963 Peel Ave, Orlando, FL 32806",1963 Peel Ave,,Orlando,FL,32806,Orange,28.518797,-81.347092,single_family,3.0,2.0,1862.0,14375.0,2023.0,Inactive,539990,2023-07-12T00:00:00.000Z,284,13.1993077517349
"2235-Walnut-St,-Orlando,-FL-32806","2235 Walnut St, Orlando, FL 32806",2235 Walnut St,,Orlando,FL,32806,Orange,28.529814,-81.353512,single_family,4.0,3.0,2533.0,10890.0,2017.0,Inactive,925000,2024-04-18T00:00:00.000Z,3,13.73755009757506
"722-E-Michigan-St,-Unit-147,-Orlando,-FL-32806","722 E Michigan St, Unit 147, Orlando, FL 32806",722 E Michigan St,Unit 147,Orlando,FL,32806,Orange,28.51266,-81.367734,condo,3.0,2.0,1181.0,6519.0,1969.0,Inactive,175000,2024-02-29T00:00:00.000Z,51,12.07254696717504
"2929-Monaco-Ct,---22,-Orlando,-FL-32806","2929 Monaco Ct, # 22, Orlando, FL 32806",2929 Monaco Ct,# 22,Orlando,FL,32806,Orange,28.508327,-81.363251,condo,2.0,2.0,1300.0,9460.0,1986.0,Inactive,415000,2024-03-01T00:00:00.000Z,50,12.936036208848487
"1062-E-Michigan-St,-Apt-B,-Orlando,-FL-32806","1062 E Michigan St, Apt B, Orlando, FL 32806",1062 E Michigan St,Apt B,Orlando,FL,32806,Orange,28.511475,-81.364589,condo,3.0,2.0,1278.0,6506.0,1973.0,Inactive,224900,2024-02-10T00:00:00.000Z,68,12.323415584358154
"1107-Catalpa-Ln,-Orlando,-FL-32806","1107 Catalpa Ln, Orlando, FL 32806",1107 Catalpa Ln,,Orlando,FL,32806,Orange,28.528111,-81.337551,single_family,3.0,2.0,1564.0,9660.0,1958.0,Inactive,479900,2024-04-03T00:00:00.000Z,15,13.081335111611617
"2938-Delaney-St,-Orlando,-FL-32806","2938 Delaney St, Orlando, FL 32806",2938 Delaney St,,Orlando,FL,32806,Orange,28.507566,-81.372466,single_family,3.0,2.0,1921.0,7020.0,1997.0,Inactive,599215,2024-01-03T00:00:00.000Z,105,13.30337741309834
"2510-Homeland-St,-Orlando,-FL-32806","2510 Homeland St, Orlando, FL 32806",2510 Homeland St,,Orlando,FL,32806,Orange,28.51461,-81.355338,single_family,3.0,2.0,1458.0,7257.0,1933.0,Inactive,410000,2024-04-05T00:00:00.000Z,11,12.923914877701906
"1208-Salerno-Ct,---Ge,-Orlando,-FL-32806","1208 Salerno Ct, # Ge, Orlando, FL 32806",1208 Salerno Ct,# Ge,Orlando,FL,32806,Orange,28.51004,-81.363176,condo,2.0,2.0,1300.0,7201.0,1984.0,Inactive,300000,2023-11-29T00:00:00.000Z,138,12.611541086966115
"3317-Tennessee-Ter,-Orlando,-FL-32806","3317 Tennessee Ter, Orlando, FL 32806",3317 Tennessee Ter,,Orlando,FL,32806,Orange,28.518851,-81.341513,single_family,4.0,3.0,1806.0,13068.0,1953.0,Inactive,514990,2024-04-08T00:00:00.000Z,7,13.151904703765016
"2405-Marzel-Ave,-Orlando,-FL-32806","2405 Marzel Ave, Orlando, FL 32806",2405 Marzel Ave,,Orlando,FL,32806,Orange,28.508433,-81.351051,single_family,3.0,2.0,1906.0,10019.0,1960.0,Inactive,400000,2024-04-09T00:00:00.000Z,6,12.899222326086994
"3613-March-Ave,-Orlando,-FL-32806","3613 March Ave, Orlando, FL 32806",3613 March Ave,,Orlando,FL,32806,Orange,28.499326,-81.35592,single_family,4.0,2.0,2075.0,9585.0,1959.0,Inactive,375000,2024-04-11T00:00:00.000Z,4,12.834683971615659
"1308-Newcastle-Dr,-Orlando,-FL-32806","1308 Newcastle Dr, Orlando, FL 32806",1308 Newcastle Dr,,Orlando,FL,32806,Orange,28.52612,-81.342726,single_family,3.0,2.0,1336.0,8998.0,1956.0,Inactive,480000,2024-03-28T00:00:00.000Z,16,13.081543466215237
"142-E-Muriel-St,-Orlando,-FL-32806","142 E Muriel St, Orlando, FL 32806",142 E Muriel St,,Orlando,FL,32806,Orange,28.51734,-81.37454,townhouse,3.0,2.0,1731.0,3878.0,2019.0,Inactive,575000,2024-02-01T00:00:00.000Z,71,13.26212705890841
"1873-Cloverlawn-Ave,-Orlando,-FL-32806","1873 Cloverlawn Ave, Orlando, FL 32806",1873 Cloverlawn Ave,,Orlando,FL,32806,Orange,28.520763,-81.354628,single_family,3.0,2.0,1189.0,6552.0,1997.0,Inactive,379999,2024-03-20T00:00:00.000Z,21,12.84792653170257
"3848-Martin-St,-Orlando,-FL-32806","3848 Martin St, Orlando, FL 32806",3848 Martin St,,Orlando,FL,32806,Orange,28.500845,-81.358886,single_family,3.0,3.0,1881.0,9005.0,1993.0,Inactive,479500,2023-09-08T00:00:00.000Z,214,13.080501258809191
"2601-Dawley-Ave,-Orlando,-FL-32806","2601 Dawley Ave, Orlando, FL 32806",2601 Dawley Ave,,Orlando,FL,32806,Orange,28.513817,-81.344993,single_family,4.0,2.0,2053.0,10019.0,1964.0,Inactive,527900,2024-01-31T00:00:00.000Z,69,13.176664045108076
"842-Appleton-Ave,-Orlando,-FL-32806","842 Appleton Ave, Orlando, FL 32806",842 Appleton Ave,,Orlando,FL,32806,Orange,28.497331,-81.366409,single_family,4.0,2.0,1601.0,10454.0,1960.0,Inactive,559500,2024-04-05T00:00:00.000Z,4,13.234800594042618
"1519-Silverstone-Ave,-Orlando,-FL-32806","1519 Silverstone Ave, Orlando, FL 32806",1519 Silverstone Ave,,Orlando,FL,32806,Orange,28.524704,-81.333679,single_family,3.0,2.0,1502.0,9608.0,1958.0,Inactive,499000,2024-03-22T00:00:00.000Z,17,13.120363378739663
"2704-Dellwood-Dr,-Orlando,-FL-32806","2704 Dellwood Dr, Orlando, FL 32806",2704 Dellwood Dr,,Orlando,FL,32806,Orange,28.528832,-81.348624,single_family,3.0,2.0,1888.0,8801.0,1961.0,Inactive,562500,2024-04-04T00:00:00.000Z,3,13.24014819083691
"1044-E-Michigan-St,-Apt-A,-Orlando,-FL-32806","1044 E Michigan St, Apt A, Orlando, FL 32806",1044 E Michigan St,Apt A,Orlando,FL,32806,Orange,28.510323,-81.364738,condo,3.0,2.0,1664.0,4070.0,1973.0,Inactive,225000,2023-12-03T00:00:00.000Z,125,12.323860125621126
"976-E-Michigan-St,---976,-Orlando,-FL-32806","976 E Michigan St, # 976, Orlando, FL 32806",976 E Michigan St,# 976,Orlando,FL,32806,Orange,28.511479,-81.365338,condo,3.0,2.0,1664.0,6506.0,1973.0,Inactive,325000,2024-04-03T00:00:00.000Z,3,12.691583538230217
"1264-Lake-Willisara-Cir,---Ge,-Orlando,-FL-32806","1264 Lake Willisara Cir, # Ge, Orlando, FL 32806",1264 Lake Willisara Cir,# Ge,Orlando,FL,32806,Orange,28.508469,-81.362513,condo,3.0,2.0,1460.0,6408.0,1987.0,Inactive,324900,2024-03-29T00:00:00.000Z,6,12.691275799522568
"2631-Joslin-Pl,-Orlando,-FL-32806","2631 Joslin Pl, Orlando, FL 32806",2631 Joslin Pl,,Orlando,FL,32806,Orange,28.513712,-81.36887,townhouse,4.0,2.0,2111.0,1182.0,2014.0,Inactive,475000,2023-10-12T00:00:00.000Z,174,13.07107218827772
"2704-S-Shine-Ave,-Orlando,-FL-32806","2704 S Shine Ave, Orlando, FL 32806",2704 S Shine Ave,,Orlando,FL,32806,Orange,28.512281,-81.361169,single_family,3.0,2.0,1420.0,11326.0,1990.0,Inactive,460000,2024-03-28T00:00:00.000Z,6,13.038983942375959
"3423-Tennessee-Ter,-Orlando,-FL-32806","3423 Tennessee Ter, Orlando, FL 32806",3423 Tennessee Ter,,Orlando,FL,32806,Orange,28.518683,-81.340409,single_family,3.0,2.0,1165.0,8440.0,1960.0,Inactive,425000,2024-03-28T00:00:00.000Z,6,12.959846800844963
"509-E-Crystal-Lake-St,-Orlando,-FL-32806","509 E Crystal Lake St, Orlando, FL 32806",509 E Crystal Lake St,,Orlando,FL,32806,Orange,28.515107,-81.369402,single_family,3.0,2.0,1713.0,10454.0,1958.0,Inactive,499900,2023-11-30T00:00:00.000Z,124,13.12216535779974
"1501-Edmundshire-Ln,-Orlando,-FL-32806","1501 Edmundshire Ln, Orlando, FL 32806",1501 Edmundshire Ln,,Orlando,FL,32806,Orange,28.524927,-81.332748,single_family,3.0,2.0,1260.0,9472.0,1959.0,Inactive,373800,2023-12-04T00:00:00.000Z,120,12.831478849227416
"101-W-Grant-St,-Orlando,-FL-32806","101 W Grant St, Orlando, FL 32806",101 W Grant St,,Orlando,FL,32806,Orange,28.516888,-81.378549,townhouse,3.0,2.0,1916.0,2810.0,2017.0,Inactive,595000,2024-01-27T00:00:00.000Z,66,13.296318365198623
"2520-Lake-Wade-Ct,-Orlando,-FL-32806","2520 Lake Wade Ct, Orlando, FL 32806",2520 Lake Wade Ct,,Orlando,FL,32806,Orange,28.514508,-81.367883,single_family,3.0,2.0,1676.0,9380.0,1958.0,Inactive,450000,2024-02-21T00:00:00.000Z,40,13.017005083966255
"315-E-Kaley-St,-Orlando,-FL-32806","315 E Kaley St, Orlando, FL 32806",315 E Kaley St,,Orlando,FL,32806,Orange,28.52049,-81.373671,single_family,3.0,2.0,1124.0,5828.0,1939.0,Inactive,429990,2024-02-03T00:00:00.000Z,57,12.971519557218146
"3053-Greenmount-Rd,-Orlando,-FL-32806","3053 Greenmount Rd, Orlando, FL 32806",3053 Greenmount Rd,,Orlando,FL,32806,Orange,28.506485,-81.354504,single_family,3.0,2.0,1744.0,9523.0,1966.0,Inactive,475000,2024-02-24T00:00:00.000Z,36,13.07107218827772
"222-E-Miller-St,-Orlando,-FL-32806","222 E Miller St, Orlando, FL 32806",222 E Miller St,,Orlando,FL,32806,Orange,28.523479,-81.373922,single_family,3.0,2.0,1400.0,6132.0,1980.0,Inactive,639900,2024-02-09T00:00:00.000Z,50,13.36906875587051
"1642-Triangle-Ave,-Orlando,-FL-32806","1642 Triangle Ave, Orlando, FL 32806",1642 Triangle Ave,,Orlando,FL,32806,Orange,28.517563,-81.358109,single_family,5.0,3.0,2742.0,10890.0,2023.0,Inactive,949000,2023-10-25T00:00:00.000Z,156,13.76316513133229
"1123-Salerno-Ct,---1123,-Orlando,-FL-32806","1123 Salerno Ct, # 1123, Orlando, FL 32806",1123 Salerno Ct,# 1123,Orlando,FL,32806,Orange,28.510099,-81.364093,condo,3.0,2.0,1460.0,10454.0,1984.0,Inactive,329000,2024-02-01T00:00:00.000Z,57,12.703816069256568
"2207-Page-Ave,-Orlando,-FL-32806","2207 Page Ave, Orlando, FL 32806",2207 Page Ave,,Orlando,FL,32806,Orange,28.516186,-81.352224,single_family,3.0,2.0,1238.0,6916.0,1960.0,Inactive,349900,2024-02-09T00:00:00.000Z,49,12.765405536311112
"521-E-Esther-St,-Orlando,-FL-32806","521 E Esther St, Orlando, FL 32806",521 E Esther St,,Orlando,FL,32806,Orange,28.519629,-81.369562,single_family,3.0,2.0,1200.0,7507.0,1955.0,Inactive,399900,2024-01-26T00:00:00.000Z,61,12.89897229545694
"1228-E-Muriel-St,-Orlando,-FL-32806","1228 E Muriel St, Orlando, FL 32806",1228 E Muriel St,,Orlando,FL,32806,Orange,28.516873,-81.362991,multi-family,5.0,3.0,2472.0,7542.0,1973.0,Inactive,475000,2024-03-01T00:00:00.000Z,26,13.07107218827772
"500-Purdue-St,-Orlando,-FL-32806","500 Purdue St, Orlando, FL 32806",500 Purdue St,,Orlando,FL,32806,Orange,28.525645,-81.370093,single_family,3.0,2.0,1648.0,4870.0,1987.0,Inactive,517000,2024-01-26T00:00:00.000Z,60,13.155800087724673
"2414-Sheffield-Ave,-Orlando,-FL-32806","2414 Sheffield Ave, Orlando, FL 32806",2414 Sheffield Ave,,Orlando,FL,32806,Orange,28.50652,-81.350765,single_family,3.0,2.0,1662.0,11326.0,1980.0,Inactive,490000,2024-03-19T00:00:00.000Z,7,13.102162710901053
"584-Copley-Ln,-Orlando,-FL-32806","584 Copley Ln, Orlando, FL 32806",584 Copley Ln,,Orlando,FL,32806,Orange,28.513253,-81.368165,townhouse,3.0,2.0,2200.0,1824.0,2008.0,Inactive,444990,2023-07-31T00:00:00.000Z,238,13.005809336224754
"1419-Oakley-St,-Orlando,-FL-32806","1419 Oakley St, Orlando, FL 32806",1419 Oakley St,,Orlando,FL,32806,Orange,28.521535,-81.361244,single_family,3.0,2.0,1607.0,9337.0,1954.0,Inactive,699500,2024-01-25T00:00:00.000Z,60,13.458122502679217
"1936-Burchstone-Dr,-Orlando,-FL-32806","1936 Burchstone Dr, Orlando, FL 32806",1936 Burchstone Dr,,Orlando,FL,32806,Orange,28.519535,-81.347247,single_family,3.0,2.0,1576.0,7898.0,1995.0,Inactive,465900,2024-03-07T00:00:00.000Z,17,13.05172844418593
"3226-Raeford-Rd,-Orlando,-FL-32806","3226 Raeford Rd, Orlando, FL 32806",3226 Raeford Rd,,Orlando,FL,32806,Orange,28.508636,-81.343465,single_family,5.0,3.0,2638.0,74052.0,1935.0,Inactive,799900,2023-06-20T00:00:00.000Z,277,13.592243248992402
"3021-Troy-Dr,-Orlando,-FL-32806","3021 Troy Dr, Orlando, FL 32806",3021 Troy Dr,,Orlando,FL,32806,Orange,28.505802,-81.362363,single_family,3.0,2.0,2122.0,13504.0,1959.0,Inactive,549000,2023-10-15T00:00:00.000Z,160,13.215855541983634
"3608-Rosswood-Dr,-Orlando,-FL-32806","3608 Rosswood Dr, Orlando, FL 32806",3608 Rosswood Dr,,Orlando,FL,32806,Orange,28.499525,-81.345262,single_family,3.0,2.0,1918.0,10019.0,1958.0,Inactive,469900,2023-10-16T00:00:00.000Z,159,13.060277313201007
"1213-E-Muriel-St,-Orlando,-FL-32806","1213 E Muriel St, Orlando, FL 32806",1213 E Muriel St,,Orlando,FL,32806,Orange,28.517804,-81.363376,townhouse,3.0,2.0,1690.0,9250.0,2021.0,Inactive,599999,2024-01-25T00:00:00.000Z,57,13.304684934198283
"2957-Clark-St,-Orlando,-FL-32806","2957 Clark St, Orlando, FL 32806",2957 Clark St,,Orlando,FL,32806,Orange,28.510127,-81.349419,single_family,2.0,1.0,1190.0,7502.0,1962.0,Inactive,350000,2024-02-21T00:00:00.000Z,30,12.765691290604371
"2523-Sheffield-Ave,-Orlando,-FL-32806","2523 Sheffield Ave, Orlando, FL 32806",2523 Sheffield Ave,,Orlando,FL,32806,Orange,28.507082,-81.34926,single_family,2.0,2.0,1270.0,16988.0,1948.0,Inactive,299700,2024-02-27T00:00:00.000Z,23,12.610540589969192
"3010-Lake-Margaret-Dr,-Orlando,-FL-32806","3010 Lake Margaret Dr, Orlando, FL 32806",3010 Lake Margaret Dr,,Orlando,FL,32806,Orange,28.505716,-81.344665,single_family,3.0,2.0,1524.0,7501.0,1962.0,Inactive,400000,2024-02-29T00:00:00.000Z,21,12.899222326086994
"2010-Weeks-Ave,-Orlando,-FL-32806","2010 Weeks Ave, Orlando, FL 32806",2010 Weeks Ave,,Orlando,FL,32806,Orange,28.502863,-81.354228,single_family,2.0,2.0,1492.0,7048.0,1981.0,Inactive,385000,2024-03-10T00:00:00.000Z,10,12.861001210669146
"68-W-Esther-St,-Orlando,-FL-32806","68 W Esther St, Orlando, FL 32806",68 W Esther St,,Orlando,FL,32806,Orange,28.519067,-81.378722,townhouse,3.0,2.0,1800.0,6871.0,2023.0,Inactive,525900,2023-09-19T00:00:00.000Z,182,13.172868261077815
"572-Copley-Ln,-Orlando,-FL-32806","572 Copley Ln, Orlando, FL 32806",572 Copley Ln,,Orlando,FL,32806,Orange,28.51325,-81.368365,townhouse,3.0,2.0,2145.0,1299.0,2008.0,Inactive,442500,2023-11-30T00:00:00.000Z,110,13.000198003314573
"2313-Rest-Haven-Ave,-Orlando,-FL-32806","2313 Rest Haven Ave, Orlando, FL 32806",2313 Rest Haven Ave,,Orlando,FL,32806,Orange,28.516299,-81.34058,single_family,2.0,1.0,1150.0,12632.0,1940.0,Inactive,390000,2024-02-02T00:00:00.000Z,46,12.873904582205107
"3320-Conway-Gardens-Rd,-Orlando,-FL-32806","3320 Conway Gardens Rd, Orlando, FL 32806",3320 Conway Gardens Rd,,Orlando,FL,32806,Orange,28.502719,-81.339402,single_family,4.0,2.0,1601.0,8250.0,1960.0,Inactive,419900,2024-02-29T00:00:00.000Z,19,12.947774248188859
"3712-Forest-St,-Orlando,-FL-32806","3712 Forest St, Orlando, FL 32806",3712 Forest St,,Orlando,FL,32806,Orange,28.498754,-81.353331,single_family,3.0,2.0,1948.0,10890.0,1963.0,Inactive,600000,2024-03-14T00:00:00.000Z,5,13.304686600863562
"54-W-Jersey-St,---4,-Orlando,-FL-32806","54 W Jersey St, # 4, Orlando, FL 32806",54 W Jersey St,# 4,Orlando,FL,32806,Orange,28.513494,-81.378372,townhouse,3.0,2.0,2209.0,37026.0,2024.0,Inactive,751060,2024-03-03T00:00:00.000Z,15,13.529242152480986
"54-W-Jersey-St,---1,-Orlando,-FL-32806","54 W Jersey St, # 1, Orlando, FL 32806",54 W Jersey St,# 1,Orlando,FL,32806,Orange,28.513494,-81.378372,townhouse,3.0,2.0,2131.0,37026.0,2024.0,Inactive,724540,2024-03-03T00:00:00.000Z,15,13.493293629893921
"434-E-Gore-St,-Orlando,-FL-32806","434 E Gore St, Orlando, FL 32806",434 E Gore St,,Orlando,FL,32806,Orange,28.530518,-81.371381,single_family,3.0,2.0,2264.0,8000.0,1946.0,Inactive,799000,2024-02-08T00:00:00.000Z,37,13.591117476312084
"1524-Dunsany-Ave,-Orlando,-FL-32806","1524 Dunsany Ave, Orlando, FL 32806",1524 Dunsany Ave,,Orlando,FL,32806,Orange,28.524455,-81.338924,single_family,4.0,3.0,2024.0,10890.0,1957.0,Inactive,425000,2024-02-05T00:00:00.000Z,39,12.959846800844963
"3225-E-Crystal-Lake-Ave,-Orlando,-FL-32806","3225 E Crystal Lake Ave, Orlando, FL 32806",3225 E Crystal Lake Ave,,Orlando,FL,32806,Orange,28.515754,-81.342177,single_family,3.0,2.0,1726.0,9939.0,1967.0,Inactive,550000,2024-02-29T00:00:00.000Z,14,13.217675375388819
"1404-S-Summerlin-Ave,-Orlando,-FL-32806","1404 S Summerlin Ave, Orlando, FL 32806",1404 S Summerlin Ave,,Orlando,FL,32806,Orange,28.525529,-81.368506,single_family,3.0,3.0,1854.0,10019.0,1957.0,Inactive,650000,2024-03-02T00:00:00.000Z,12,13.384729180332174
"3404-Flagan-Ave,-Orlando,-FL-32806","3404 Flagan Ave, Orlando, FL 32806",3404 Flagan Ave,,Orlando,FL,32806,Orange,28.502117,-81.342639,single_family,3.0,2.0,1308.0,8804.0,1958.0,Inactive,369000,2024-03-07T00:00:00.000Z,7,12.818554633046093
"209-Page-St,-Orlando,-FL-32806","209 Page St, Orlando, FL 32806",209 Page St,,Orlando,FL,32806,Orange,28.515953,-81.373634,single_family,4.0,2.0,3157.0,9029.0,1965.0,Inactive,1065000,2024-03-12T00:00:00.000Z,2,13.878486296092358
"3514-E-Jersey-Ave,-Orlando,-FL-32806","3514 E Jersey Ave, Orlando, FL 32806",3514 E Jersey Ave,,Orlando,FL,32806,Orange,28.514213,-81.340034,single_family,2.0,2.0,852.0,6269.0,1950.0,Inactive,330000,2024-02-13T00:00:00.000Z,29,12.706850963741102
"2893-S-Osceola-Ave,-Apt-E5,-Orlando,-FL-32806","2893 S Osceola Ave, Apt E5, Orlando, FL 32806",2893 S Osceola Ave,Apt E5,Orlando,FL,32806,Orange,28.509803,-81.370053,condo,1.0,1.0,632.0,9029.0,1970.0,Inactive,170000,2024-02-24T00:00:00.000Z,18,12.04355959836804
"1521-Arcadia-St,-Orlando,-FL-32806","1521 Arcadia St, Orlando, FL 32806",1521 Arcadia St,,Orlando,FL,32806,Orange,28.493311,-81.36092,single_family,4.0,2.0,2050.0,13504.0,1961.0,Inactive,495000,2024-03-08T00:00:00.000Z,5,13.112315061750808
"2721-S-Brown-Ave,-Orlando,-FL-32806","2721 S Brown Ave, Orlando, FL 32806",2721 S Brown Ave,,Orlando,FL,32806,Orange,28.512083,-81.361603,single_family,2.0,1.0,795.0,8406.0,1940.0,Inactive,299900,2024-02-21T00:00:00.000Z,19,12.611207699176356
"2929-Monaco-Ct,---Ge,-Orlando,-FL-32806","2929 Monaco Ct, # Ge, Orlando, FL 32806",2929 Monaco Ct,# Ge,Orlando,FL,32806,Orange,28.508328,-81.36325,condo,2.0,2.0,1300.0,9460.0,1986.0,Inactive,419900,2024-03-01T00:00:00.000Z,7,12.947774248188859
"2013-E-Esther-St,-Orlando,-FL-32806","2013 E Esther St, Orlando, FL 32806",2013 E Esther St,,Orlando,FL,32806,Orange,28.519858,-81.354081,townhouse,3.0,2.0,1640.0,5532.0,2007.0,Inactive,519000,2023-10-31T00:00:00.000Z,128,13.159661088928443
"2425-E-Jersey-Ave,-Orlando,-FL-32806","2425 E Jersey Ave, Orlando, FL 32806",2425 E Jersey Ave,,Orlando,FL,32806,Orange,28.514701,-81.350576,single_family,3.0,2.0,1492.0,10454.0,1955.0,Inactive,419500,2024-01-07T00:00:00.000Z,60,12.946821188676783
"4639-Oak-Cove-Ln,-Orlando,-FL-32806","4639 Oak Cove Ln, Orlando, FL 32806",4639 Oak Cove Ln,,Orlando,FL,32806,Orange,28.494703,-81.371944,single_family,4.0,2.0,2400.0,8880.0,1977.0,Inactive,699000,2024-03-01T00:00:00.000Z,6,13.457407451830088
"712-Delaney-Park-Dr,-Orlando,-FL-32806","712 Delaney Park Dr, Orlando, FL 32806",712 Delaney Park Dr,,Orlando,FL,32806,Orange,28.528233,-81.367642,single_family,3.0,2.0,1549.0,5494.0,1925.0,Inactive,775000,2024-02-22T00:00:00.000Z,13,13.560619598657233
"2406-Hargill-Dr,-Orlando,-FL-32806","2406 Hargill Dr, Orlando, FL 32806",2406 Hargill Dr,,Orlando,FL,32806,Orange,28.527936,-81.351239,single_family,3.0,2.0,1365.0,10454.0,1954.0,Inactive,484900,2023-10-31T00:00:00.000Z,126,13.0917000253722
"3200-Coe-Ave,-Orlando,-FL-32806","3200 Coe Ave, Orlando, FL 32806",3200 Coe Ave,,Orlando,FL,32806,Orange,28.522278,-81.343172,single_family,3.0,2.0,1125.0,10019.0,1956.0,Inactive,440000,2023-12-06T00:00:00.000Z,90,12.994532278619134
"722-E-Michigan-St,-Unit-144,-Orlando,-FL-32806","722 E Michigan St, Unit 144, Orlando, FL 32806",722 E Michigan St,Unit 144,Orlando,FL,32806,Orange,28.51266,-81.367734,condo,3.0,2.0,1181.0,6519.0,1969.0,Inactive,189900,2024-01-23T00:00:00.000Z,41,12.15425816271595
"3040-E-Grant-Ave,-Orlando,-FL-32806","3040 E Grant Ave, Orlando, FL 32806",3040 E Grant Ave,,Orlando,FL,32806,Orange,28.516588,-81.344239,single_family,3.0,2.0,1649.0,6721.0,2006.0,Inactive,519900,2024-03-01T00:00:00.000Z,3,13.161393687816775
"3633-Macarthur-Dr,-Orlando,-FL-32806","3633 Macarthur Dr, Orlando, FL 32806",3633 Macarthur Dr,,Orlando,FL,32806,Orange,28.503308,-81.380747,single_family,3.0,2.0,1491.0,18295.0,1979.0,Inactive,495000,2024-02-21T00:00:00.000Z,11,13.112315061750808
"1016-Marabon-Ave,-Orlando,-FL-32806","1016 Marabon Ave, Orlando, FL 32806",1016 Marabon Ave,,Orlando,FL,32806,Orange,28.52965,-81.332393,single_family,3.0,2.0,1829.0,30928.0,1972.0,Inactive,599000,2023-09-06T00:00:00.000Z,178,13.303018546545275
"3112-Dellwood-Dr,-Orlando,-FL-32806","3112 Dellwood Dr, Orlando, FL 32806",3112 Dellwood Dr,,Orlando,FL,32806,Orange,28.528902,-81.343945,single_family,3.0,2.0,1991.0,10454.0,1956.0,Inactive,630000,2024-02-02T00:00:00.000Z,29,13.353476685668044
"300-Oak-Estates-Dr,-Orlando,-FL-32806","300 Oak Estates Dr, Orlando, FL 32806",300 Oak Estates Dr,,Orlando,FL,32806,Orange,28.506201,-81.374056,single_family,5.0,4.0,3552.0,30056.0,1978.0,Inactive,899000,2024-02-10T00:00:00.000Z,21,13.70903942580019
"1938-Kasper-Ct,-Orlando,-FL-32806","1938 Kasper Ct, Orlando, FL 32806",1938 Kasper Ct,,Orlando,FL,32806,Orange,28.519024,-81.359276,multi-family,2.0,2.0,1064.0,8294.0,1954.0,Inactive,325000,2024-02-20T00:00:00.000Z,11,12.691583538230217
"1407-Berwyn-Rd,-Orlando,-FL-32806","1407 Berwyn Rd, Orlando, FL 32806",1407 Berwyn Rd,,Orlando,FL,32806,Orange,28.525133,-81.336487,single_family,3.0,2.0,1671.0,9482.0,1958.0,Inactive,349500,2024-02-27T00:00:00.000Z,4,12.764261701882237
"206-E-Grant-St,-Orlando,-FL-32806","206 E Grant St, Orlando, FL 32806",206 E Grant St,,Orlando,FL,32806,Orange,28.516356,-81.374059,single_family,4.0,4.0,2843.0,6697.0,2020.0,Inactive,799000,2023-11-13T00:00:00.000Z,109,13.591117476312084
"1684-Hull-Cir,-Orlando,-FL-32806","1684 Hull Cir, Orlando, FL 32806",1684 Hull Cir,,Orlando,FL,32806,Orange,28.522367,-81.359719,single_family,3.0,2.0,1435.0,7510.0,1950.0,Inactive,499900,2024-02-20T00:00:00.000Z,10,13.12216535779974
"1401-Campbell-St,-Orlando,-FL-32806","1401 Campbell St, Orlando, FL 32806",1401 Campbell St,,Orlando,FL,32806,Orange,28.499299,-81.361017,single_family,4.0,2.0,3555.0,13504.0,1978.0,Inactive,975000,2024-02-26T00:00:00.000Z,4,13.790193775620484
"147-E-Esther-St,-Orlando,-FL-32806","147 E Esther St, Orlando, FL 32806",147 E Esther St,,Orlando,FL,32806,Orange,28.519613,-81.374478,single_family,2.0,1.0,951.0,7576.0,1949.0,Inactive,375000,2024-01-09T00:00:00.000Z,51,12.834683971615659
"2700-Raeford-Ct,-Orlando,-FL-32806","2700 Raeford Ct, Orlando, FL 32806",2700 Raeford Ct,,Orlando,FL,32806,Orange,28.51045,-81.345705,single_family,3.0,2.0,1578.0,13504.0,1962.0,Inactive,400000,2024-02-26T00:00:00.000Z,3,12.899222326086994
"521-Lanark-Ct,-Orlando,-FL-32806","521 Lanark Ct, Orlando, FL 32806",521 Lanark Ct,,Orlando,FL,32806,Orange,28.514617,-81.36924,townhouse,4.0,2.0,2341.0,1691.0,2014.0,Inactive,495000,2024-02-22T00:00:00.000Z,6,13.112315061750808
"3017-Crystal-Oak-Ct,-Orlando,-FL-32806","3017 Crystal Oak Ct, Orlando, FL 32806",3017 Crystal Oak Ct,,Orlando,FL,32806,Orange,28.504735,-81.344388,single_family,3.0,2.0,2254.0,10890.0,1998.0,Inactive,662500,2024-02-23T00:00:00.000Z,5,13.403777346275337
"1835-Carlton-Dr,-Orlando,-FL-32806","1835 Carlton Dr, Orlando, FL 32806",1835 Carlton Dr,,Orlando,FL,32806,Orange,28.521813,-81.355379,single_family,3.0,1.0,1096.0,9090.0,1948.0,Inactive,399000,2024-02-24T00:00:00.000Z,4,12.896719202134523
"956-Lancaster-Dr,-Orlando,-FL-32806","956 Lancaster Dr, Orlando, FL 32806",956 Lancaster Dr,,Orlando,FL,32806,Orange,28.523019,-81.365793,single_family,3.0,3.0,2084.0,14810.0,1937.0,Inactive,725000,2024-02-22T00:00:00.000Z,5,13.493928313146206
"3313-E-Kaley-Ave,-Orlando,-FL-32806","3313 E Kaley Ave, Orlando, FL 32806",3313 E Kaley Ave,,Orlando,FL,32806,Orange,28.521173,-81.342022,single_family,3.0,2.0,1265.0,10019.0,1956.0,Inactive,379000,2024-02-22T00:00:00.000Z,5,12.84529412258351
"2805-Mayer-St,-Orlando,-FL-32806","2805 Mayer St, Orlando, FL 32806",2805 Mayer St,,Orlando,FL,32806,Orange,28.510971,-81.362624,single_family,2.0,1.0,710.0,5649.0,1960.0,Inactive,324900,2024-01-19T00:00:00.000Z,37,12.691275799522568
"318-E-Kaley-St,-Orlando,-FL-32806","318 E Kaley St, Orlando, FL 32806",318 E Kaley St,,Orlando,FL,32806,Orange,28.519998,-81.37354,single_family,2.0,2.0,1192.0,6817.0,1941.0,Inactive,352500,2023-11-16T00:00:00.000Z,100,12.77280873810987
"2007-Page-Ave,-Orlando,-FL-32806","2007 Page Ave, Orlando, FL 32806",2007 Page Ave,,Orlando,FL,32806,Orange,28.516198,-81.353642,single_family,4.0,3.0,1872.0,6942.0,1970.0,Inactive,389990,2023-11-22T00:00:00.000Z,94,12.873878940916477
"3111-Lake-Margaret-Dr,-Orlando,-FL-32806","3111 Lake Margaret Dr, Orlando, FL 32806",3111 Lake Margaret Dr,,Orlando,FL,32806,Orange,28.506528,-81.343863,single_family,5.0,3.0,2183.0,26136.0,1956.0,Inactive,695000,2024-01-16T00:00:00.000Z,39,13.451668563394815
"42-W-Harding-St,---B,-Orlando,-FL-32806","42 W Harding St, # B, Orlando, FL 32806",42 W Harding St,# B,Orlando,FL,32806,Orange,28.518259,-81.378716,townhouse,3.0,2.0,2042.0,1269.0,2023.0,Inactive,575000,2023-09-18T00:00:00.000Z,156,13.26212705890841
"38-W-Harding-St,---D,-Orlando,-FL-32806","38 W Harding St, # D, Orlando, FL 32806",38 W Harding St,# D,Orlando,FL,32806,Orange,28.518263,-81.378227,townhouse,4.0,2.0,2065.0,1266.0,2023.0,Inactive,575000,2023-09-18T00:00:00.000Z,156,13.26212705890841
"2626-Dellwood-Dr,-Orlando,-FL-32806","2626 Dellwood Dr, Orlando, FL 32806",2626 Dellwood Dr,,Orlando,FL,32806,Orange,28.52883,-81.348873,single_family,3.0,2.0,1512.0,8801.0,1961.0,Inactive,395000,2024-02-15T00:00:00.000Z,5,12.886643575525625
"3400-Werber-St,-Orlando,-FL-32806","3400 Werber St, Orlando, FL 32806",3400 Werber St,,Orlando,FL,32806,Orange,28.498926,-81.340327,single_family,3.0,2.0,1326.0,9615.0,1963.0,Inactive,430000,2024-02-15T00:00:00.000Z,5,12.971542813248437
"2308-E-Gore-St,-Orlando,-FL-32806","2308 E Gore St, Orlando, FL 32806",2308 E Gore St,,Orlando,FL,32806,Orange,28.531165,-81.352567,single_family,3.0,2.0,1356.0,7501.0,1951.0,Inactive,500000,2024-01-26T00:00:00.000Z,24,13.122365377402328
"2910-Monaco-Ct,---2910,-Orlando,-FL-32806","2910 Monaco Ct, # 2910, Orlando, FL 32806",2910 Monaco Ct,# 2910,Orlando,FL,32806,Orange,28.508446,-81.363853,condo,2.0,2.0,1476.0,9460.0,1984.0,Inactive,399900,2024-02-08T00:00:00.000Z,10,12.89897229545694
"2427-S-Brown-Ave,-Orlando,-FL-32806","2427 S Brown Ave, Orlando, FL 32806",2427 S Brown Ave,,Orlando,FL,32806,Orange,28.51471,-81.361641,single_family,3.0,2.0,1358.0,7088.0,1952.0,Inactive,410000,2023-12-26T00:00:00.000Z,53,12.923914877701906
"1920-Norwell-Ave,-Orlando,-FL-32806","1920 Norwell Ave, Orlando, FL 32806",1920 Norwell Ave,,Orlando,FL,32806,Orange,28.519278,-81.341524,single_family,3.0,2.0,1300.0,9535.0,1962.0,Inactive,415000,2024-02-09T00:00:00.000Z,8,12.936036208848487
"772-E-Michigan-St,-Unit-70,-Orlando,-FL-32806","772 E Michigan St, Unit 70, Orlando, FL 32806",772 E Michigan St,Unit 70,Orlando,FL,32806,Orange,28.510399,-81.367631,condo,2.0,2.0,1116.0,5888.0,1967.0,Inactive,210000,2023-05-22T00:00:00.000Z,269,12.25486757159303
"3509-Edland-Dr,-Orlando,-FL-32806","3509 Edland Dr, Orlando, FL 32806",3509 Edland Dr,,Orlando,FL,32806,Orange,28.522181,-81.339976,single_family,4.0,2.0,1895.0,10019.0,1967.0,Inactive,489999,2023-08-31T00:00:00.000Z,168,13.102160670086809
"3025-Greenmount-Rd,-Orlando,-FL-32806","3025 Greenmount Rd, Orlando, FL 32806",3025 Greenmount Rd,,Orlando,FL,32806,Orange,28.507999,-81.354864,single_family,3.0,2.0,1585.0,10454.0,1968.0,Inactive,349000,2024-02-06T00:00:00.000Z,7,12.762830066509972
"210-W-Illiana-St-N,-Orlando,-FL-32806","210 W Illiana St N, Orlando, FL 32806",210 W Illiana St N,,Orlando,FL,32806,Orange,28.510737,-81.380794,land,3.0,2.0,1795.0,21780.0,1949.0,Inactive,450000,2024-01-14T00:00:00.000Z,28,13.017005083966255
"4312-Kasper-Dr,-Orlando,-FL-32806","4312 Kasper Dr, Orlando, FL 32806",4312 Kasper Dr,,Orlando,FL,32806,Orange,28.529325,-81.331426,single_family,4.0,2.0,2102.0,12632.0,1958.0,Inactive,534000,2023-11-02T00:00:00.000Z,99,13.188152990599754
"3212-Conway-Gardens-Rd,-Orlando,-FL-32806","3212 Conway Gardens Rd, Orlando, FL 32806",3212 Conway Gardens Rd,,Orlando,FL,32806,Orange,28.503957,-81.339412,single_family,3.0,2.0,1628.0,8248.0,1959.0,Inactive,469900,2024-01-04T00:00:00.000Z,36,13.060277313201007
"418-Delaney-Park-Dr,-Orlando,-FL-32806","418 Delaney Park Dr, Orlando, FL 32806",418 Delaney Park Dr,,Orlando,FL,32806,Orange,28.528166,-81.371671,single_family,4.0,4.0,3309.0,8229.0,2013.0,Inactive,1275000,2024-02-06T00:00:00.000Z,3,14.058457520888082
"2502-Dawley-Ave,-Orlando,-FL-32806","2502 Dawley Ave, Orlando, FL 32806",2502 Dawley Ave,,Orlando,FL,32806,Orange,28.514829,-81.345629,single_family,3.0,2.0,1268.0,9383.0,1972.0,Inactive,399000,2024-01-02T00:00:00.000Z,36,12.896719202134523
"2441-3-S-Mills-Ave,-Orlando,-FL-32806","2441/3 S Mills Ave, Orlando, FL 32806",2441/3 S Mills Ave,,Orlando,FL,32806,Orange,28.514956,-81.363747,multi-family,4.0,2.0,1663.0,7461.0,1972.0,Inactive,479000,2024-01-27T00:00:00.000Z,11,13.079457964073546
"2701-E-Jersey-Ave,-Orlando,-FL-32806","2701 E Jersey Ave, Orlando, FL 32806",2701 E Jersey Ave,,Orlando,FL,32806,Orange,28.514358,-81.348437,single_family,3.0,2.0,1502.0,7004.0,1982.0,Inactive,474900,2024-01-16T00:00:00.000Z,21,13.07086164024146
"1704-Hour-Glass-Dr,-Orlando,-FL-32806","1704 Hour Glass Dr, Orlando, FL 32806",1704 Hour Glass Dr,,Orlando,FL,32806,Orange,28.521639,-81.359416,single_family,4.0,2.0,2340.0,5958.0,2012.0,Inactive,825000,2024-02-01T00:00:00.000Z,5,13.623139877437296
"3603-Devonswood-Dr,-Orlando,-FL-32806","3603 Devonswood Dr, Orlando, FL 32806",3603 Devonswood Dr,,Orlando,FL,32806,Orange,28.499571,-81.346589,single_family,3.0,2.0,1536.0,10890.0,1958.0,Inactive,499900,2024-02-03T00:00:00.000Z,3,13.12216535779974
"3212-Price-Ave,-Orlando,-FL-32806","3212 Price Ave, Orlando, FL 32806",3212 Price Ave,,Orlando,FL,32806,Orange,28.517512,-81.342733,single_family,3.0,2.0,1310.0,6801.0,1950.0,Inactive,385000,2023-12-30T00:00:00.000Z,37,12.861001210669146
"1066-E-Michigan-St,-Unit-59,-Orlando,-FL-32806","1066 E Michigan St, Unit 59, Orlando, FL 32806",1066 E Michigan St,Unit 59,Orlando,FL,32806,Orange,28.511475,-81.364616,condo,3.0,2.0,1278.0,9029.0,1973.0,Inactive,254900,2024-01-27T00:00:00.000Z,8,12.448630513463613
"1066-E-Michigan-St,---59,-Orlando,-FL-32806","1066 E Michigan St, # 59, Orlando, FL 32806",1066 E Michigan St,# 59,Orlando,FL,32806,Orange,28.511475,-81.364616,condo,3.0,2.0,1278.0,6506.0,1973.0,Inactive,254900,2024-01-27T00:00:00.000Z,8,12.448630513463613
"2822-Bass-Lake-Blvd,-Orlando,-FL-32806","2822 Bass Lake Blvd, Orlando, FL 32806",2822 Bass Lake Blvd,,Orlando,FL,32806,Orange,28.510702,-81.342229,single_family,4.0,2.0,2177.0,51401.0,1961.0,Inactive,575000,2023-10-12T00:00:00.000Z,113,13.26212705890841
"304-E-Jersey-St,-Orlando,-FL-32806","304 E Jersey St, Orlando, FL 32806",304 E Jersey St,,Orlando,FL,32806,Orange,28.513604,-81.373712,single_family,3.0,2.0,1540.0,8162.0,1954.0,Inactive,495000,2023-12-14T00:00:00.000Z,50,13.112315061750808
"506-Woodland-St,-Orlando,-FL-32806","506 Woodland St, Orlando, FL 32806",506 Woodland St,,Orlando,FL,32806,Orange,28.522292,-81.369934,single_family,3.0,2.0,1710.0,6990.0,1948.0,Inactive,649900,2024-01-26T00:00:00.000Z,6,13.384575322579519
"605-Briercliff-Dr,-Orlando,-FL-32806","605 Briercliff Dr, Orlando, FL 32806",605 Briercliff Dr,,Orlando,FL,32806,Orange,28.527843,-81.369234,single_family,4.0,2.0,1604.0,7806.0,1930.0,Inactive,615000,2023-09-14T00:00:00.000Z,138,13.329379172803593
"2974-Eglington-Dr,-Orlando,-FL-32806","2974 Eglington Dr, Orlando, FL 32806",2974 Eglington Dr,,Orlando,FL,32806,Orange,28.519197,-81.345533,single_family,3.0,2.0,1852.0,5497.0,1995.0,Inactive,539900,2023-12-07T00:00:00.000Z,54,13.199141068399515
"1835-Everhart-Dr,-Orlando,-FL-32806","1835 Everhart Dr, Orlando, FL 32806",1835 Everhart Dr,,Orlando,FL,32806,Orange,28.52099,-81.344578,single_family,3.0,2.0,1683.0,8458.0,1996.0,Inactive,489900,2024-01-11T00:00:00.000Z,19,13.101958608857487
"2580-Conway-Gardens-Rd,-Orlando,-FL-32806","2580 Conway Gardens Rd, Orlando, FL 32806",2580 Conway Gardens Rd,,Orlando,FL,32806,Orange,28.514759,-81.33951,single_family,2.0,1.0,975.0,6501.0,1982.0,Inactive,355000,2024-01-19T00:00:00.000Z,10,12.779875885354993
"213-Page-St,-Orlando,-FL-32806","213 Page St, Orlando, FL 32806",213 Page St,,Orlando,FL,32806,Orange,28.515961,-81.373741,single_family,4.0,2.0,3122.0,9029.0,1965.0,Inactive,1060241,2024-01-16T00:00:00.000Z,9,13.874007741918133
"1648-Triangle-Ave,-Orlando,-FL-32806","1648 Triangle Ave, Orlando, FL 32806",1648 Triangle Ave,,Orlando,FL,32806,Orange,28.517563,-81.357933,single_family,5.0,3.0,2738.0,13068.0,2023.0,Inactive,949000,2023-10-27T00:00:00.000Z,89,13.76316513133229
"3914-Bayview-Dr,-Orlando,-FL-32806","3914 Bayview Dr, Orlando, FL 32806",3914 Bayview Dr,,Orlando,FL,32806,Orange,28.496993,-81.342748,single_family,5.0,3.0,2676.0,14810.0,1960.0,Inactive,649995,2023-10-29T00:00:00.000Z,87,13.384721488006731
"5-W-Harding-St,-Orlando,-FL-32806","5 W Harding St, Orlando, FL 32806",5 W Harding St,,Orlando,FL,32806,Orange,28.518695,-81.377367,single_family,3.0,3.0,1589.0,9029.0,2006.0,Inactive,429000,2024-01-05T00:00:00.000Z,19,12.969214528909768
"1518-Vantage-Dr,-Orlando,-FL-32806","1518 Vantage Dr, Orlando, FL 32806",1518 Vantage Dr,,Orlando,FL,32806,Orange,28.524733,-81.336108,single_family,4.0,2.0,1834.0,10454.0,1957.0,Inactive,475000,2023-10-04T00:00:00.000Z,111,13.07107218827772
"2419-S-Summerlin-Ave,-Orlando,-FL-32806","2419 S Summerlin Ave, Orlando, FL 32806",2419 S Summerlin Ave,,Orlando,FL,32806,Orange,28.515036,-81.368327,single_family,3.0,2.0,1700.0,11326.0,1981.0,Inactive,520000,2023-12-03T00:00:00.000Z,51,13.161586013632684
"2922-Lake-Pineloch-Blvd,---21,-Orlando,-FL-32806","2922 Lake Pineloch Blvd, # 21, Orlando, FL 32806",2922 Lake Pineloch Blvd,# 21,Orlando,FL,32806,Orange,28.509141,-81.363541,condo,3.0,2.0,1460.0,9460.0,1985.0,Inactive,375000,2024-01-18T00:00:00.000Z,5,12.834683971615659
"235-E-Esther-St,-Orlando,-FL-32806","235 E Esther St, Orlando, FL 32806",235 E Esther St,,Orlando,FL,32806,Orange,28.51963,-81.372949,single_family,3.0,2.0,1751.0,10019.0,1940.0,Inactive,399900,2024-01-19T00:00:00.000Z,4,12.89897229545694
"1610-Delaney-Ave,-Orlando,-FL-32806","1610 Delaney Ave, Orlando, FL 32806",1610 Delaney Ave,,Orlando,FL,32806,Orange,28.523422,-81.372722,multi-family,12.0,,3572.0,8555.0,1928.0,Inactive,850000,2023-09-17T00:00:00.000Z,127,13.652992804936396
"2541-Stoneview-Rd,-Orlando,-FL-32806","2541 Stoneview Rd, Orlando, FL 32806",2541 Stoneview Rd,,Orlando,FL,32806,Orange,28.520196,-81.350314,single_family,3.0,2.0,2801.0,14375.0,1999.0,Inactive,770000,2023-11-06T00:00:00.000Z,76,13.554147092530322
"2411-Lake-Margaret-Dr,-Orlando,-FL-32806","2411 Lake Margaret Dr, Orlando, FL 32806",2411 Lake Margaret Dr,,Orlando,FL,32806,Orange,28.506147,-81.350719,single_family,3.0,2.0,1865.0,11326.0,1980.0,Inactive,456000,2023-09-07T00:00:00.000Z,135,13.030250281476574
"1635-Delaney-Ave,-Orlando,-FL-32806","1635 Delaney Ave, Orlando, FL 32806",1635 Delaney Ave,,Orlando,FL,32806,Orange,28.522669,-81.371966,single_family,3.0,2.0,2670.0,7508.0,1949.0,Inactive,775000,2023-10-26T00:00:00.000Z,86,13.560619598657233
"2313-S-Summerlin-Ave,-Orlando,-FL-32806","2313 S Summerlin Ave, Orlando, FL 32806",2313 S Summerlin Ave,,Orlando,FL,32806,Orange,28.516163,-81.368696,single_family,5.0,3.0,2894.0,15246.0,1959.0,Inactive,849000,2023-10-06T00:00:00.000Z,105,13.651815643149092
"1047-Sweetbriar-Rd,-Orlando,-FL-32806","1047 Sweetbriar Rd, Orlando, FL 32806",1047 Sweetbriar Rd,,Orlando,FL,32806,Orange,28.500992,-81.364217,single_family,4.0,2.0,2920.0,14810.0,1969.0,Inactive,724900,2023-11-16T00:00:00.000Z,64,13.493790372788638
"1931-S-Fern-Creek-Ave,-Orlando,-FL-32806","1931 S Fern Creek Ave, Orlando, FL 32806",1931 S Fern Creek Ave,,Orlando,FL,32806,Orange,28.51927,-81.359642,townhouse,3.0,2.0,1815.0,6726.0,2022.0,Inactive,479900,2022-09-28T00:00:00.000Z,477,13.081335111611617
"2115-Miscindy-Pl,-Orlando,-FL-32806","2115 Miscindy Pl, Orlando, FL 32806",2115 Miscindy Pl,,Orlando,FL,32806,Orange,28.501972,-81.352898,single_family,4.0,2.0,1565.0,9176.0,1964.0,Inactive,474000,2023-11-22T00:00:00.000Z,57,13.06896471037963
"980-E-Michigan-St,-Apt-A,-Orlando,-FL-32806","980 E Michigan St, Apt A, Orlando, FL 32806",980 E Michigan St,Apt A,Orlando,FL,32806,Orange,28.511082,-81.365257,condo,2.0,2.0,1014.0,4112.0,1973.0,Inactive,190000,2023-12-05T00:00:00.000Z,44,12.154784614286667
"986-E-Michigan-St,---986,-Orlando,-FL-32806","986 E Michigan St, # 986, Orlando, FL 32806",986 E Michigan St,# 986,Orlando,FL,32806,Orange,28.510337,-81.365198,condo,3.0,2.0,1316.0,4070.0,1973.0,Inactive,250000,2023-12-21T00:00:00.000Z,28,12.429220196836383
"1015-Brookvilla-Ave,-Orlando,-FL-32806","1015 Brookvilla Ave, Orlando, FL 32806",1015 Brookvilla Ave,,Orlando,FL,32806,Orange,28.528958,-81.36662,single_family,3.0,2.0,1716.0,6512.0,1938.0,Inactive,669000,2023-09-06T00:00:00.000Z,132,13.41354083387756
"3164-S-Bumby-Ave,---D4,-Orlando,-FL-32806","3164 S Bumby Ave, # D4, Orlando, FL 32806",3164 S Bumby Ave,# D4,Orlando,FL,32806,Orange,28.508355,-81.352221,condo,2.0,1.0,709.0,819.0,1969.0,Inactive,210000,2023-09-14T00:00:00.000Z,124,12.25486757159303
"2702-S-Shine-Ave,-Orlando,-FL-32806","2702 S Shine Ave, Orlando, FL 32806",2702 S Shine Ave,,Orlando,FL,32806,Orange,28.512501,-81.361171,single_family,2.0,1.0,1010.0,11326.0,1957.0,Inactive,359000,2023-12-12T00:00:00.000Z,35,12.791080452981857
"410-E-Crystal-Lake-St,-Orlando,-FL-32806","410 E Crystal Lake St, Orlando, FL 32806",410 E Crystal Lake St,,Orlando,FL,32806,Orange,28.514545,-81.371342,single_family,3.0,2.0,1201.0,8635.0,1952.0,Inactive,399000,2024-01-06T00:00:00.000Z,10,12.896719202134523
"201-Page-St,-Orlando,-FL-32806","201 Page St, Orlando, FL 32806",201 Page St,,Orlando,FL,32806,Orange,28.515991,-81.374135,single_family,4.0,3.0,2711.0,8316.0,2023.0,Inactive,949900,2024-01-08T00:00:00.000Z,8,13.764113047620114
"4521-Forrestal-Ave,-Orlando,-FL-32806","4521 Forrestal Ave, Orlando, FL 32806",4521 Forrestal Ave,,Orlando,FL,32806,Orange,28.495966,-81.378481,single_family,3.0,2.0,1535.0,10019.0,1982.0,Inactive,439900,2023-12-13T00:00:00.000Z,32,12.994304980578146
"2417-Nancy-St,-Orlando,-FL-32806","2417 Nancy St, Orlando, FL 32806",2417 Nancy St,,Orlando,FL,32806,Orange,28.527567,-81.350768,single_family,3.0,2.0,1445.0,10454.0,1959.0,Inactive,560000,2023-09-28T00:00:00.000Z,107,13.235693848424024
"3201-Debbie-Dr,-Orlando,-FL-32806","3201 Debbie Dr, Orlando, FL 32806",3201 Debbie Dr,,Orlando,FL,32806,Orange,28.503311,-81.343042,single_family,3.0,2.0,1573.0,8733.0,1958.0,Inactive,429900,2023-10-18T00:00:00.000Z,86,12.971310228604022
"2909-Hargill-Dr,-Orlando,-FL-32806","2909 Hargill Dr, Orlando, FL 32806",2909 Hargill Dr,,Orlando,FL,32806,Orange,28.528513,-81.346038,single_family,3.0,2.0,1995.0,9365.0,1954.0,Inactive,549000,2023-06-28T00:00:00.000Z,197,13.215855541983634
"3417-Se-Tennessee-Ter,-Orlando,-FL-32806","3417 Se Tennessee Ter, Orlando, FL 32806",3417 Se Tennessee Ter,,Orlando,FL,32806,Orange,28.518681,-81.340643,single_family,3.0,2.0,1290.0,8440.0,1960.0,Inactive,449900,2023-11-17T00:00:00.000Z,54,13.016782837542953
"2906-Sylvan-Ave,-Orlando,-FL-32806","2906 Sylvan Ave, Orlando, FL 32806",2906 Sylvan Ave,,Orlando,FL,32806,Orange,28.508904,-81.373558,townhouse,3.0,2.0,1804.0,1100.0,2021.0,Inactive,539990,2023-12-29T00:00:00.000Z,11,13.1993077517349
"3174-Peel-Ave,-Orlando,-FL-32806","3174 Peel Ave, Orlando, FL 32806",3174 Peel Ave,,Orlando,FL,32806,Orange,28.507094,-81.347677,single_family,3.0,2.0,1336.0,10890.0,1959.0,Inactive,429000,2024-01-04T00:00:00.000Z,5,12.969214528909768
"3523-Price-Ave,-Orlando,-FL-32806","3523 Price Ave, Orlando, FL 32806",3523 Price Ave,,Orlando,FL,32806,Orange,28.517909,-81.339464,single_family,3.0,2.0,1400.0,8467.0,1959.0,Inactive,385000,2024-01-04T00:00:00.000Z,5,12.861001210669146
"792-E-Michigan-St,-Unit-12,-Orlando,-FL-32806","792 E Michigan St, Unit 12, Orlando, FL 32806",792 E Michigan St,Unit 12,Orlando,FL,32806,Orange,28.510329,-81.366838,condo,2.0,2.0,1116.0,10454.0,1967.0,Inactive,237000,2023-10-13T00:00:00.000Z,87,12.37581963951765
"2819-Conway-Gardens-Rd,-Orlando,-FL-32806","2819 Conway Gardens Rd, Orlando, FL 32806",2819 Conway Gardens Rd,,Orlando,FL,32806,Orange,28.50931,-81.33884,single_family,3.0,2.0,1460.0,12197.0,2000.0,Inactive,484000,2023-12-29T00:00:00.000Z,9,13.089842251812337
"1300-S-Summerlin-Ave,-Orlando,-FL-32806","1300 S Summerlin Ave, Orlando, FL 32806",1300 S Summerlin Ave,,Orlando,FL,32806,Orange,28.526524,-81.368522,single_family,3.0,2.0,1824.0,9479.0,1950.0,Inactive,615000,2024-01-02T00:00:00.000Z,5,13.329379172803593
"1210-Warwick-Pl,-Orlando,-FL-32806","1210 Warwick Pl, Orlando, FL 32806",1210 Warwick Pl,,Orlando,FL,32806,Orange,28.527323,-81.354073,single_family,2.0,2.0,1231.0,6797.0,1935.0,Inactive,459000,2023-08-04T00:00:00.000Z,150,13.036807667689546
"3626-Upton-Dr,-Orlando,-FL-32806","3626 Upton Dr, Orlando, FL 32806",3626 Upton Dr,,Orlando,FL,32806,Orange,28.49908,-81.342657,single_family,3.0,2.0,1408.0,7651.0,1961.0,Inactive,399000,2023-09-27T00:00:00.000Z,95,12.896719202134523
"926-S-Bumby-Ave,-Orlando,-FL-32806","926 S Bumby Ave, Orlando, FL 32806",926 S Bumby Ave,,Orlando,FL,32806,Orange,28.530452,-81.352044,multi-family,4.0,2.0,1571.0,8507.0,1958.0,Inactive,599999,2023-10-27T00:00:00.000Z,62,13.304684934198283
"4202-Ilene-Ct,-Orlando,-FL-32806","4202 Ilene Ct, Orlando, FL 32806",4202 Ilene Ct,,Orlando,FL,32806,Orange,28.498679,-81.38016,single_family,3.0,2.0,1785.0,11761.0,1981.0,Inactive,399000,2023-10-23T00:00:00.000Z,64,12.896719202134523
"3601-S-Orange-Ave,-Orlando,-FL-32806","3601 S Orange Ave, Orlando, FL 32806",3601 S Orange Ave,,Orlando,FL,32806,Orange,28.502298,-81.375992,single_family,2.0,2.0,2339.0,6011.0,1957.0,Inactive,625000,2023-06-26T00:00:00.000Z,180,13.345508528717259
"4304-Ilene-Ct,-Orlando,-FL-32806","4304 Ilene Ct, Orlando, FL 32806",4304 Ilene Ct,,Orlando,FL,32806,Orange,28.497377,-81.38016,single_family,3.0,2.0,1714.0,8604.0,1988.0,Inactive,455000,2023-10-05T00:00:00.000Z,78,13.02805489573287
"3158-S-Bumby-Ave---S,-Orlando,-FL-32806","3158 S Bumby Ave # S, Orlando, FL 32806",3158 S Bumby Ave # S,,Orlando,FL,32806,Orange,28.508365,-81.35184,condo,2.0,1.0,677.0,705.0,1969.0,Inactive,199900,2023-07-15T00:00:00.000Z,157,12.20557752297723
"1248-Saint-Tropez-Cir,---Ge,-Orlando,-FL-32806","1248 Saint Tropez Cir, # Ge, Orlando, FL 32806",1248 Saint Tropez Cir,# Ge,Orlando,FL,32806,Orange,28.511549,-81.363266,condo,2.0,2.0,1300.0,10454.0,1983.0,Inactive,314999,2023-11-14T00:00:00.000Z,34,12.66032791780777
"1828-Kalurna-Ct,-Orlando,-FL-32806","1828 Kalurna Ct, Orlando, FL 32806",1828 Kalurna Ct,,Orlando,FL,32806,Orange,28.520674,-81.373486,single_family,3.0,2.0,2365.0,7036.0,1988.0,Inactive,649000,2023-04-01T00:00:00.000Z,259,13.38318953651709
"2778-Curry-Ford-Rd,-Unit-A,-Orlando,-FL-32806","2778 Curry Ford Rd, Unit A, Orlando, FL 32806",2778 Curry Ford Rd,Unit A,Orlando,FL,32806,Orange,28.522936,-81.348341,condo,2.0,1.0,864.0,116741.0,1974.0,Inactive,229000,2023-11-30T00:00:00.000Z,16,12.34148164933907
"1100-Delaney-Ave,-Apt-G11,-Orlando,-FL-32806","1100 Delaney Ave, Apt G11, Orlando, FL 32806",1100 Delaney Ave,Apt G11,Orlando,FL,32806,Orange,28.528193,-81.372601,condo,1.0,1.0,751.0,2969.0,1964.0,Inactive,209900,2023-12-12T00:00:00.000Z,4,12.254391269970792
"2719-Keystone-Dr,-Orlando,-FL-32806","2719 Keystone Dr, Orlando, FL 32806",2719 Keystone Dr,,Orlando,FL,32806,Orange,28.512137,-81.365718,single_family,4.0,2.0,2354.0,6761.0,2023.0,Inactive,684000,2023-08-07T00:00:00.000Z,128,13.435714658591923
"1214-S-Crystal-Lake-Dr,-Orlando,-FL-32806","1214 S Crystal Lake Dr, Orlando, FL 32806",1214 S Crystal Lake Dr,,Orlando,FL,32806,Orange,28.527212,-81.343779,single_family,4.0,2.0,2077.0,10454.0,1984.0,Inactive,575000,2023-10-31T00:00:00.000Z,43,13.26212705890841
"621-Briercliff-Dr,-Orlando,-FL-32806","621 Briercliff Dr, Orlando, FL 32806",621 Briercliff Dr,,Orlando,FL,32806,Orange,28.527849,-81.368573,single_family,3.0,2.0,1252.0,6763.0,1939.0,Inactive,409407,2023-10-06T00:00:00.000Z,67,12.92246749280981
"2940-Lake-Margaret-Dr,-Orlando,-FL-32806","2940 Lake Margaret Dr, Orlando, FL 32806",2940 Lake Margaret Dr,,Orlando,FL,32806,Orange,28.505694,-81.345756,single_family,3.0,2.0,1841.0,8232.0,1965.0,Inactive,415000,2023-10-24T00:00:00.000Z,49,12.936036208848487
"1257-Lake-Willisara-Cir,---26-24,-Orlando,-FL-32806","1257 Lake Willisara Cir, # 26-24, Orlando, FL 32806",1257 Lake Willisara Cir,# 26-24,Orlando,FL,32806,Orange,28.508617,-81.362923,condo,2.0,2.0,1380.0,9559.0,1986.0,Inactive,349000,2023-12-07T00:00:00.000Z,5,12.762830066509972
"1623-Crocker-Ave,-Orlando,-FL-32806","1623 Crocker Ave, Orlando, FL 32806",1623 Crocker Ave,,Orlando,FL,32806,Orange,28.523329,-81.339946,single_family,2.0,1.0,1248.0,6183.0,1955.0,Inactive,325000,2023-10-20T00:00:00.000Z,52,12.691583538230217
"1304-Shorewood-Dr,-Orlando,-FL-32806","1304 Shorewood Dr, Orlando, FL 32806",1304 Shorewood Dr,,Orlando,FL,32806,Orange,28.52383,-81.362779,single_family,3.0,2.0,2013.0,9627.0,1937.0,Inactive,769000,2023-10-13T00:00:00.000Z,55,13.552847548877052
"1614-Pine-Bluff-Ave,-Orlando,-FL-32806","1614 Pine Bluff Ave, Orlando, FL 32806",1614 Pine Bluff Ave,,Orlando,FL,32806,Orange,28.522738,-81.36219,single_family,3.0,3.0,2444.0,10454.0,1945.0,Inactive,949000,2023-11-10T00:00:00.000Z,27,13.76316513133229
"980-E-Michigan-St,---980,-Orlando,-FL-32806","980 E Michigan St, # 980, Orlando, FL 32806",980 E Michigan St,# 980,Orlando,FL,32806,Orange,28.511076,-81.365219,condo,2.0,2.0,1014.0,4112.0,1973.0,Inactive,190000,2023-12-05T00:00:00.000Z,1,12.154784614286667
"2417-E-Gore-St,-Orlando,-FL-32806","2417 E Gore St, Orlando, FL 32806",2417 E Gore St,,Orlando,FL,32806,Orange,28.531644,-81.350958,single_family,4.0,2.0,2234.0,10890.0,1949.0,Inactive,469900,2023-10-11T00:00:00.000Z,55,13.060277313201007
"1044-E-Michigan-St,---1,-Orlando,-FL-32806","1044 E Michigan St, # 1, Orlando, FL 32806",1044 E Michigan St,# 1,Orlando,FL,32806,Orange,28.510333,-81.364718,condo,3.0,2.0,1664.0,4070.0,1973.0,Inactive,249000,2023-12-03T00:00:00.000Z,2,12.425212191503038
"576-Scotia-Pl,-Orlando,-FL-32806","576 Scotia Pl, Orlando, FL 32806",576 Scotia Pl,,Orlando,FL,32806,Orange,28.513691,-81.368326,townhouse,4.0,2.0,2111.0,1182.0,2014.0,Inactive,489900,2023-11-10T00:00:00.000Z,24,13.101958608857487
"1034-E-Michigan-St,-Apt-B,-Orlando,-FL-32806","1034 E Michigan St, Apt B, Orlando, FL 32806",1034 E Michigan St,Apt B,Orlando,FL,32806,Orange,28.509998,-81.364622,condo,3.0,2.0,1278.0,4067.0,1973.0,Inactive,215000,2023-08-04T00:00:00.000Z,120,12.278397958261774
"2300-S-Brown-Ave,-Orlando,-FL-32806","2300 S Brown Ave, Orlando, FL 32806",2300 S Brown Ave,,Orlando,FL,32806,Orange,28.516597,-81.362263,single_family,2.0,1.0,668.0,6257.0,1938.0,Inactive,250000,2023-10-24T00:00:00.000Z,39,12.429220196836383
"3019-S-Fern-Creek-Ave,-Orlando,-FL-32806","3019 S Fern Creek Ave, Orlando, FL 32806",3019 S Fern Creek Ave,,Orlando,FL,32806,Orange,28.507502,-81.359526,multi-family,8.0,4.0,3519.0,10454.0,1968.0,Inactive,805000,2023-09-16T00:00:00.000Z,76,13.598598798635953
"233-Page-St,-Orlando,-FL-32806","233 Page St, Orlando, FL 32806",233 Page St,,Orlando,FL,32806,Orange,28.51599,-81.372826,land,1.0,1.0,739.0,8663.0,1942.0,Inactive,329000,2023-11-20T00:00:00.000Z,10,12.703816069256568
"1431-E-Gore-St,---2,-Orlando,-FL-32806","1431 E Gore St, # 2, Orlando, FL 32806",1431 E Gore St,# 2,Orlando,FL,32806,Orange,28.531539,-81.360999,townhouse,3.0,2.0,1837.0,1020.0,2004.0,Inactive,449900,2023-08-23T00:00:00.000Z,97,13.016782837542953
"758-E-Michigan-St,-Unit-203,-Orlando,-FL-32806","758 E Michigan St, Unit 203, Orlando, FL 32806",758 E Michigan St,Unit 203,Orlando,FL,32806,Orange,28.511012,-81.367986,condo,1.0,1.0,633.0,11326.0,1969.0,Inactive,139000,2023-09-13T00:00:00.000Z,76,11.842236406331555
"2206-E-Grant-Ave,-Orlando,-FL-32806","2206 E Grant Ave, Orlando, FL 32806",2206 E Grant Ave,,Orlando,FL,32806,Orange,28.516565,-81.352381,single_family,3.0,2.0,1076.0,6862.0,2000.0,Inactive,384000,2023-10-05T00:00:00.000Z,54,12.85840043573314
"2003-Peel-Ave,-Orlando,-FL-32806","2003 Peel Ave, Orlando, FL 32806",2003 Peel Ave,,Orlando,FL,32806,Orange,28.518494,-81.347339,townhouse,3.0,2.0,1862.0,5227.0,2023.0,Inactive,549900,2023-11-14T00:00:00.000Z,14,13.217493541006709
"1704-E-Jersey-Ave,-Orlando,-FL-32806","1704 E Jersey Ave, Orlando, FL 32806",1704 E Jersey Ave,,Orlando,FL,32806,Orange,28.513769,-81.358395,single_family,3.0,2.0,1684.0,7058.0,1958.0,Inactive,499500,2023-07-06T00:00:00.000Z,144,13.121364879070743
"911-Marabon-Ave,-Orlando,-FL-32806","911 Marabon Ave, Orlando, FL 32806",911 Marabon Ave,,Orlando,FL,32806,Orange,28.530776,-81.33151,single_family,4.0,3.0,2081.0,12632.0,1959.0,Inactive,485000,2023-10-05T00:00:00.000Z,49,13.091906231773164
"123-E-Crystal-Lake-St,-Orlando,-FL-32806","123 E Crystal Lake St, Orlando, FL 32806",123 E Crystal Lake St,,Orlando,FL,32806,Orange,28.51504,-81.375389,multi-family,4.0,2.0,1575.0,7417.0,1968.0,Inactive,414900,2023-09-15T00:00:00.000Z,68,12.935795216537384
"1027-Montcalm-St,-Orlando,-FL-32806","1027 Montcalm St, Orlando, FL 32806",1027 Montcalm St,,Orlando,FL,32806,Orange,28.500101,-81.364785,single_family,4.0,2.0,2559.0,13504.0,1973.0,Inactive,525900,2023-11-10T00:00:00.000Z,11,13.172868261077815
"606-Richmond-St,-Orlando,-FL-32806","606 Richmond St, Orlando, FL 32806",606 Richmond St,,Orlando,FL,32806,Orange,28.529864,-81.369216,single_family,2.0,1.0,1424.0,6400.0,1940.0,Inactive,535000,2023-07-30T00:00:00.000Z,113,13.190023895035274
"1540-George-St,-Orlando,-FL-32806","1540 George St, Orlando, FL 32806",1540 George St,,Orlando,FL,32806,Orange,28.520913,-81.359252,single_family,2.0,1.0,814.0,5621.0,1930.0,Inactive,249000,2023-11-11T00:00:00.000Z,8,12.425212191503038
"1801-Baxter-Ave,-Orlando,-FL-32806","1801 Baxter Ave, Orlando, FL 32806",1801 Baxter Ave,,Orlando,FL,32806,Orange,28.504277,-81.35694,single_family,3.0,2.0,1125.0,6114.0,1959.0,Inactive,345000,2023-08-04T00:00:00.000Z,105,12.75130259456002
"784-E-Michigan-St,-Unit-30,-Orlando,-FL-32806","784 E Michigan St, Unit 30, Orlando, FL 32806",784 E Michigan St,Unit 30,Orlando,FL,32806,Orange,28.511006,-81.367042,condo,2.0,2.0,1116.0,9922.0,1967.0,Inactive,199700,2023-08-09T00:00:00.000Z,100,12.204576526902637
"1301-Delaney-Ave,-Orlando,-FL-32806","1301 Delaney Ave, Orlando, FL 32806",1301 Delaney Ave,,Orlando,FL,32806,Orange,28.526537,-81.372028,single_family,5.0,3.0,3678.0,16117.0,1928.0,Inactive,1300000,2023-10-01T00:00:00.000Z,47,14.077875591662238
"754-E-Michigan-St,-Unit-180,-Orlando,-FL-32806","754 E Michigan St, Unit 180, Orlando, FL 32806",754 E Michigan St,Unit 180,Orlando,FL,32806,Orange,28.511447,-81.368245,condo,1.0,1.0,633.0,9029.0,1969.0,Inactive,155000,2023-10-21T00:00:00.000Z,27,11.951186847493476
"2772-Curry-Ford-Rd,-Unit-E,-Orlando,-FL-32806","2772 Curry Ford Rd, Unit E, Orlando, FL 32806",2772 Curry Ford Rd,Unit E,Orlando,FL,32806,Orange,28.522936,-81.348343,condo,2.0,2.0,1097.0,116741.0,1974.0,Inactive,230000,2023-06-17T00:00:00.000Z,150,12.345838935721968
"3421-Flagan-Ave,-Orlando,-FL-32806","3421 Flagan Ave, Orlando, FL 32806",3421 Flagan Ave,,Orlando,FL,32806,Orange,28.501494,-81.342105,single_family,3.0,2.0,1061.0,8253.0,1958.0,Inactive,360000,2023-09-26T00:00:00.000Z,47,12.793862088206213
"1221-S-Crystal-Lake-Dr,-Orlando,-FL-32806","1221 S Crystal Lake Dr, Orlando, FL 32806",1221 S Crystal Lake Dr,,Orlando,FL,32806,Orange,28.526941,-81.343109,single_family,4.0,2.0,1380.0,8988.0,1955.0,Inactive,525000,2023-11-09T00:00:00.000Z,3,13.171155446333852
"3024-Eglington-Dr,-Orlando,-FL-32806","3024 Eglington Dr, Orlando, FL 32806",3024 Eglington Dr,,Orlando,FL,32806,Orange,28.519203,-81.344755,single_family,3.0,2.0,1316.0,5498.0,1997.0,Inactive,479900,2023-11-02T00:00:00.000Z,9,13.081335111611617
"2845-Palermo-Ct,---Ge,-Orlando,-FL-32806","2845 Palermo Ct, # Ge, Orlando, FL 32806",2845 Palermo Ct,# Ge,Orlando,FL,32806,Orange,28.509521,-81.363644,condo,3.0,2.0,1404.0,9792.0,1984.0,Inactive,399900,2023-11-09T00:00:00.000Z,2,12.89897229545694
"2408-Overlake-Ave,-Orlando,-FL-32806","2408 Overlake Ave, Orlando, FL 32806",2408 Overlake Ave,,Orlando,FL,32806,Orange,28.496617,-81.350541,single_family,3.0,2.0,1732.0,16988.0,1958.0,Inactive,635000,2023-08-25T00:00:00.000Z,77,13.361381852676738
"2435-E-Jersey-Ave,-Orlando,-FL-32806","2435 E Jersey Ave, Orlando, FL 32806",2435 E Jersey Ave,,Orlando,FL,32806,Orange,28.514704,-81.350146,single_family,2.0,1.0,886.0,10454.0,1955.0,Inactive,315000,2023-11-04T00:00:00.000Z,6,12.660331092405906
"2502-Lassek-Dr,-Orlando,-FL-32806","2502 Lassek Dr, Orlando, FL 32806",2502 Lassek Dr,,Orlando,FL,32806,Orange,28.51485,-81.344584,single_family,2.0,2.0,1257.0,10019.0,1965.0,Inactive,375000,2023-11-03T00:00:00.000Z,5,12.834683971615659
"67-W-Muriel-St,-Orlando,-FL-32806","67 W Muriel St, Orlando, FL 32806",67 W Muriel St,,Orlando,FL,32806,Orange,28.517661,-81.378771,single_family,3.0,2.0,1729.0,2410.0,2019.0,Inactive,565000,2023-09-30T00:00:00.000Z,38,13.244582780038517
"517-E-Esther-St,-Orlando,-FL-32806","517 E Esther St, Orlando, FL 32806",517 E Esther St,,Orlando,FL,32806,Orange,28.519627,-81.369718,single_family,2.0,2.0,1258.0,7507.0,1952.0,Inactive,460000,2023-10-26T00:00:00.000Z,12,13.038983942375959
"52-W-Harding-St,---B,-Orlando,-FL-32806","52 W Harding St, # B, Orlando, FL 32806",52 W Harding St,# B,Orlando,FL,32806,Orange,28.518072,-81.378181,townhouse,3.0,2.0,2136.0,1350.0,2023.0,Inactive,575000,2023-10-05T00:00:00.000Z,30,13.26212705890841
"2830-S-Brown-Ave,-Orlando,-FL-32806","2830 S Brown Ave, Orlando, FL 32806",2830 S Brown Ave,,Orlando,FL,32806,Orange,28.509985,-81.362179,single_family,4.0,3.0,2146.0,5626.0,2021.0,Inactive,595000,2023-09-08T00:00:00.000Z,55,13.296318365198623
"3114-Ivel-Dr,-Orlando,-FL-32806","3114 Ivel Dr, Orlando, FL 32806",3114 Ivel Dr,,Orlando,FL,32806,Orange,28.502483,-81.343878,single_family,3.0,2.0,1325.0,9100.0,1958.0,Inactive,419900,2022-10-15T00:00:00.000Z,382,12.947774248188859
"1136-Gatlin-Ave,-Orlando,-FL-32806","1136 Gatlin Ave, Orlando, FL 32806",1136 Gatlin Ave,,Orlando,FL,32806,Orange,28.494544,-81.363779,single_family,4.0,2.0,2432.0,26136.0,1976.0,Inactive,659900,2023-10-05T00:00:00.000Z,26,13.399845102751483
"772-E-Michigan-St,-Unit-71,-Orlando,-FL-32806","772 E Michigan St, Unit 71, Orlando, FL 32806",772 E Michigan St,Unit 71,Orlando,FL,32806,Orange,28.510399,-81.367631,condo,2.0,2.0,1116.0,5888.0,1967.0,Inactive,195000,2023-08-18T00:00:00.000Z,73,12.180759965737863
"3120-Delaney-St,-Orlando,-FL-32806","3120 Delaney St, Orlando, FL 32806",3120 Delaney St,,Orlando,FL,32806,Orange,28.504561,-81.371953,single_family,3.0,2.0,1672.0,9601.0,1958.0,Inactive,519900,2023-10-16T00:00:00.000Z,14,13.161393687816775
"113-W-Grant-St,-Orlando,-FL-32806","113 W Grant St, Orlando, FL 32806",113 W Grant St,,Orlando,FL,32806,Orange,28.516886,-81.378762,townhouse,3.0,2.0,1957.0,2393.0,2018.0,Inactive,585000,2023-09-12T00:00:00.000Z,47,13.279368835614243
"3016-Delaney-St,-Orlando,-FL-32806","3016 Delaney St, Orlando, FL 32806",3016 Delaney St,,Orlando,FL,32806,Orange,28.505882,-81.371963,single_family,6.0,5.0,3427.0,9601.0,1959.0,Inactive,699900,2023-06-15T00:00:00.000Z,134,13.45869417545215
"3408-Martin-St,-Orlando,-FL-32806","3408 Martin St, Orlando, FL 32806",3408 Martin St,,Orlando,FL,32806,Orange,28.504961,-81.359007,single_family,3.0,1.0,1269.0,1325.0,1971.0,Inactive,365000,2023-08-01T00:00:00.000Z,86,12.807655372286902
"1412-Clark-St,-Orlando,-FL-32806","1412 Clark St, Orlando, FL 32806",1412 Clark St,,Orlando,FL,32806,Orange,28.525491,-81.349819,single_family,5.0,3.0,2744.0,7044.0,2023.0,Inactive,829900,2023-08-25T00:00:00.000Z,60,13.629061695550266
"964-E-Michigan-St,---964B,-Orlando,-FL-32806","964 E Michigan St, # 964B, Orlando, FL 32806",964 E Michigan St,# 964B,Orlando,FL,32806,Orange,28.511868,-81.365257,condo,2.0,2.0,1060.0,4113.0,1973.0,Inactive,210000,2023-10-05T00:00:00.000Z,19,12.25486757159303
"3007-Dellwood-Dr,-Orlando,-FL-32806","3007 Dellwood Dr, Orlando, FL 32806",3007 Dellwood Dr,,Orlando,FL,32806,Orange,28.529431,-81.34515,single_family,3.0,2.0,1361.0,10454.0,1955.0,Inactive,419900,2023-10-20T00:00:00.000Z,4,12.947774248188859
"2407-S-Summerlin-Ave,-Orlando,-FL-32806","2407 S Summerlin Ave, Orlando, FL 32806",2407 S Summerlin Ave,,Orlando,FL,32806,Orange,28.515526,-81.368342,single_family,5.0,3.0,2210.0,14375.0,1959.0,Inactive,784999,2023-09-05T00:00:00.000Z,47,13.573438996764546
"212-E-Pineloch-Ave,-Orlando,-FL-32806","212 E Pineloch Ave, Orlando, FL 32806",212 E Pineloch Ave,,Orlando,FL,32806,Orange,28.509162,-81.373871,townhouse,3.0,2.0,1841.0,1097.0,2021.0,Inactive,545000,2023-09-26T00:00:00.000Z,26,13.208542908506082
"2420-S-Fern-Creek-Ave,-Orlando,-FL-32806","2420 S Fern Creek Ave, Orlando, FL 32806",2420 S Fern Creek Ave,,Orlando,FL,32806,Orange,28.515131,-81.360184,single_family,3.0,3.0,1902.0,7231.0,1920.0,Inactive,659000,2023-08-09T00:00:00.000Z,73,13.398480330934175
"1020-E-Michigan-St,---1,-Orlando,-FL-32806","1020 E Michigan St, # 1, Orlando, FL 32806",1020 E Michigan St,# 1,Orlando,FL,32806,Orange,28.50955,-81.364945,townhouse,3.0,2.0,1316.0,6554.0,1973.0,Inactive,249999,2023-10-09T00:00:00.000Z,12,12.429216196844383
"1800-Elsa-St,-Orlando,-FL-32806","1800 Elsa St, Orlando, FL 32806",1800 Elsa St,,Orlando,FL,32806,Orange,28.52155,-81.341167,single_family,3.0,2.0,1527.0,8489.0,1968.0,Inactive,415000,2023-09-05T00:00:00.000Z,45,12.936036208848487
"1107-Salerno-Ct,---Ge,-Orlando,-FL-32806","1107 Salerno Ct, # Ge, Orlando, FL 32806",1107 Salerno Ct,# Ge,Orlando,FL,32806,Orange,28.510099,-81.364093,condo,2.0,2.0,1300.0,10454.0,1984.0,Inactive,315000,2023-09-06T00:00:00.000Z,42,12.660331092405906
"1106-Catalpa-Ln,-Orlando,-FL-32806","1106 Catalpa Ln, Orlando, FL 32806",1106 Catalpa Ln,,Orlando,FL,32806,Orange,28.52816,-81.338096,single_family,3.0,2.0,1253.0,9319.0,1958.0,Inactive,475000,2023-10-13T00:00:00.000Z,3,13.07107218827772
"565-Gatlin-Ave,-Orlando,-FL-32806","565 Gatlin Ave, Orlando, FL 32806",565 Gatlin Ave,,Orlando,FL,32806,Orange,28.494567,-81.370075,single_family,2.0,2.0,2462.0,28750.0,1988.0,Inactive,799900,2023-08-12T00:00:00.000Z,64,13.592243248992402
"2618-Timberlake-Dr,-Orlando,-FL-32806","2618 Timberlake Dr, Orlando, FL 32806",2618 Timberlake Dr,,Orlando,FL,32806,Orange,28.499712,-81.348024,single_family,3.0,2.0,1640.0,13068.0,1964.0,Inactive,559000,2023-09-12T00:00:00.000Z,33,13.233906541044401
"2315-Marlboro-St,-Orlando,-FL-32806","2315 Marlboro St, Orlando, FL 32806",2315 Marlboro St,,Orlando,FL,32806,Orange,28.516048,-81.355513,land,3.0,2.0,2192.0,4062.0,2023.0,Inactive,150000,2023-04-04T00:00:00.000Z,192,11.918397239722838
"2001-Chamberlin-St,-Orlando,-FL-32806","2001 Chamberlin St, Orlando, FL 32806",2001 Chamberlin St,,Orlando,FL,32806,Orange,28.518494,-81.355536,single_family,2.0,1.0,1040.0,19602.0,1938.0,Inactive,450000,2023-10-02T00:00:00.000Z,11,13.017005083966255
"127-E-Crystal-Lake-St,-Orlando,-FL-32806","127 E Crystal Lake St, Orlando, FL 32806",127 E Crystal Lake St,,Orlando,FL,32806,Orange,28.515042,-81.375171,single_family,5.0,4.0,2300.0,13504.0,1997.0,Inactive,659900,2023-04-11T00:00:00.000Z,184,13.399845102751483
"2209-Henderson-Dr,-Orlando,-FL-32806","2209 Henderson Dr, Orlando, FL 32806",2209 Henderson Dr,,Orlando,FL,32806,Orange,28.52321,-81.353121,single_family,3.0,2.0,1126.0,12197.0,1935.0,Inactive,349000,2023-08-04T00:00:00.000Z,69,12.762830066509972
"506-Shannon-Rd,-Orlando,-FL-32806","506 Shannon Rd, Orlando, FL 32806",506 Shannon Rd,,Orlando,FL,32806,Orange,28.510035,-81.368957,single_family,4.0,2.0,3465.0,26136.0,1951.0,Inactive,1399900,2023-09-21T00:00:00.000Z,21,14.1519120777994
"2715-Santos-Pl,-Orlando,-FL-32806","2715 Santos Pl, Orlando, FL 32806",2715 Santos Pl,,Orlando,FL,32806,Orange,28.530831,-81.348359,single_family,3.0,2.0,1487.0,8631.0,1961.0,Inactive,425000,2023-10-05T00:00:00.000Z,7,12.959846800844963
"3512-Shamrock-Ct,-Orlando,-FL-32806","3512 Shamrock Ct, Orlando, FL 32806",3512 Shamrock Ct,,Orlando,FL,32806,Orange,28.500319,-81.344243,single_family,4.0,2.0,1803.0,14375.0,1968.0,Inactive,529900,2023-09-28T00:00:00.000Z,13,13.180445475627591
"960-Strathmore-Dr,-Orlando,-FL-32806","960 Strathmore Dr, Orlando, FL 32806",960 Strathmore Dr,,Orlando,FL,32806,Orange,28.530552,-81.339601,single_family,4.0,2.0,1933.0,64033.0,1970.0,Inactive,799900,2023-10-06T00:00:00.000Z,5,13.592243248992402
"3100-Lake-Arnold-Pl,-Orlando,-FL-32806","3100 Lake Arnold Pl, Orlando, FL 32806",3100 Lake Arnold Pl,,Orlando,FL,32806,Orange,28.530707,-81.344295,single_family,4.0,2.0,2318.0,10019.0,1968.0,Inactive,795000,2023-07-24T00:00:00.000Z,74,13.586098651497313
"2440-E-Jersey-Ave,-Orlando,-FL-32806","2440 E Jersey Ave, Orlando, FL 32806",2440 E Jersey Ave,,Orlando,FL,32806,Orange,28.514132,-81.349939,single_family,3.0,2.0,1348.0,9798.0,1955.0,Inactive,419000,2023-09-07T00:00:00.000Z,29,12.945628585536271
"2788-Curry-Ford-Rd,-Unit-B,-Orlando,-FL-32806","2788 Curry Ford Rd, Unit B, Orlando, FL 32806",2788 Curry Ford Rd,Unit B,Orlando,FL,32806,Orange,28.523654,-81.348309,condo,2.0,1.0,927.0,95396.0,1973.0,Inactive,230000,2023-09-12T00:00:00.000Z,22,12.345838935721968
"738-E-Michigan-St,-Unit-105,-Orlando,-FL-32806","738 E Michigan St, Unit 105, Orlando, FL 32806",738 E Michigan St,Unit 105,Orlando,FL,32806,Orange,28.511189,-81.367592,condo,2.0,1.0,927.0,5144.0,1969.0,Inactive,167500,2023-08-01T00:00:00.000Z,63,12.02874460037869
"2233-E-Kaley-Ave,---107,-Orlando,-FL-32806","2233 E Kaley Ave, # 107, Orlando, FL 32806",2233 E Kaley Ave,# 107,Orlando,FL,32806,Orange,28.520731,-81.353065,townhouse,3.0,2.0,2074.0,13504.0,2018.0,Inactive,491000,2023-09-02T00:00:00.000Z,31,13.104201443434462
"2502-S-Fern-Creek-Ave,-Orlando,-FL-32806","2502 S Fern Creek Ave, Orlando, FL 32806",2502 S Fern Creek Ave,,Orlando,FL,32806,Orange,28.514857,-81.360181,single_family,3.0,2.0,1157.0,7231.0,1952.0,Inactive,400000,2023-09-07T00:00:00.000Z,25,12.899222326086994
"3525-Shamrock-Ct,-Orlando,-FL-32806","3525 Shamrock Ct, Orlando, FL 32806",3525 Shamrock Ct,,Orlando,FL,32806,Orange,28.499842,-81.343579,single_family,4.0,2.0,2066.0,14375.0,1968.0,Inactive,475000,2023-09-29T00:00:00.000Z,3,13.07107218827772
"1505-Briercliff-Dr,-Orlando,-FL-32806","1505 Briercliff Dr, Orlando, FL 32806",1505 Briercliff Dr,,Orlando,FL,32806,Orange,28.526926,-81.361283,single_family,4.0,3.0,3062.0,20038.0,1920.0,Inactive,1150000,2023-08-10T00:00:00.000Z,51,13.955273369904273
"116-E-Harding-St,---2,-Orlando,-FL-32806","116 E Harding St, # 2, Orlando, FL 32806",116 E Harding St,# 2,Orlando,FL,32806,Orange,28.518134,-81.375604,townhouse,4.0,2.0,3282.0,10454.0,2004.0,Inactive,665000,2023-05-02T00:00:00.000Z,150,13.407543823396258
"733-Delaney-Park-Dr,-Orlando,-FL-32806","733 Delaney Park Dr, Orlando, FL 32806",733 Delaney Park Dr,,Orlando,FL,32806,Orange,28.528776,-81.366939,multi-family,2.0,2.0,1368.0,5499.0,1954.0,Inactive,475000,2023-09-22T00:00:00.000Z,7,13.07107218827772
"1018-E-Michigan-St,-Apt-B,-Orlando,-FL-32806","1018 E Michigan St, Apt B, Orlando, FL 32806",1018 E Michigan St,Apt B,Orlando,FL,32806,Orange,28.50955,-81.364945,condo,3.0,2.0,1278.0,6554.0,1973.0,Inactive,245000,2023-08-25T00:00:00.000Z,34,12.409017571151187
"1092-E-Michigan-St,---1092A,-Orlando,-FL-32806","1092 E Michigan St, # 1092A, Orlando, FL 32806",1092 E Michigan St,# 1092A,Orlando,FL,32806,Orange,28.512651,-81.364624,condo,1.0,1.0,786.0,6506.0,1973.0,Inactive,185000,2023-09-12T00:00:00.000Z,16,12.128116509451258
"1310-Lake-Willisara-Cir,---11,-Orlando,-FL-32806","1310 Lake Willisara Cir, # 11, Orlando, FL 32806",1310 Lake Willisara Cir,# 11,Orlando,FL,32806,Orange,28.5089,-81.362297,condo,3.0,2.0,1460.0,6408.0,1987.0,Inactive,395000,2023-09-15T00:00:00.000Z,12,12.886643575525625
"4214-Waterfront-Pkwy,-Orlando,-FL-32806","4214 Waterfront Pkwy, Orlando, FL 32806",4214 Waterfront Pkwy,,Orlando,FL,32806,Orange,28.49568,-81.346065,single_family,4.0,2.0,3088.0,28314.0,1958.0,Inactive,1275000,2023-09-22T00:00:00.000Z,5,14.058457520888082
"1600-Pine-Bluff-Ave,-Orlando,-FL-32806","1600 Pine Bluff Ave, Orlando, FL 32806",1600 Pine Bluff Ave,,Orlando,FL,32806,Orange,28.523212,-81.362193,single_family,5.0,5.0,3643.0,19166.0,1940.0,Inactive,1300000,2023-09-18T00:00:00.000Z,8,14.077875591662238
"2920-Lake-Pineloch-Blvd,---22,-Orlando,-FL-32806","2920 Lake Pineloch Blvd, # 22, Orlando, FL 32806",2920 Lake Pineloch Blvd,# 22,Orlando,FL,32806,Orange,28.509141,-81.363541,condo,2.0,2.0,1300.0,9460.0,1985.0,Inactive,300000,2023-09-19T00:00:00.000Z,6,12.611541086966115
"309-E-Kaley-St,-Orlando,-FL-32806","309 E Kaley St, Orlando, FL 32806",309 E Kaley St,,Orlando,FL,32806,Orange,28.520512,-81.373823,single_family,5.0,3.0,2327.0,6499.0,2022.0,Inactive,699990,2022-04-25T00:00:00.000Z,516,13.45882275680003
"2516-Lake-Wade-Ct,-Orlando,-FL-32806","2516 Lake Wade Ct, Orlando, FL 32806",2516 Lake Wade Ct,,Orlando,FL,32806,Orange,28.514692,-81.367884,single_family,3.0,2.0,1235.0,9380.0,1958.0,Inactive,360000,2023-09-15T00:00:00.000Z,8,12.793862088206213
"1302-Lake-Margaret-Dr,-Orlando,-FL-32806","1302 Lake Margaret Dr, Orlando, FL 32806",1302 Lake Margaret Dr,,Orlando,FL,32806,Orange,28.505337,-81.36156,single_family,3.0,2.0,1680.0,8790.0,1958.0,Inactive,489900,2023-09-01T00:00:00.000Z,21,13.101958608857487
"38-W-Jersey-St,---2,-Orlando,-FL-32806","38 W Jersey St, # 2, Orlando, FL 32806",38 W Jersey St,# 2,Orlando,FL,32806,Orange,28.513711,-81.378069,townhouse,3.0,2.0,1839.0,1156.0,2021.0,Inactive,599999,2023-08-16T00:00:00.000Z,36,13.304684934198283
"2713-Page-Ave,-Orlando,-FL-32806","2713 Page Ave, Orlando, FL 32806",2713 Page Ave,,Orlando,FL,32806,Orange,28.516207,-81.348166,single_family,2.0,2.0,1110.0,9809.0,1956.0,Inactive,325500,2023-07-11T00:00:00.000Z,71,12.693120812822663
"1304-Delaney-Ave,-Orlando,-FL-32806","1304 Delaney Ave, Orlando, FL 32806",1304 Delaney Ave,,Orlando,FL,32806,Orange,28.526336,-81.373433,single_family,4.0,4.0,4250.0,75359.0,1939.0,Inactive,1900000,2023-09-14T00:00:00.000Z,6,14.45736497045232
"620-Briercliff-Dr,-Orlando,-FL-32806","620 Briercliff Dr, Orlando, FL 32806",620 Briercliff Dr,,Orlando,FL,32806,Orange,28.527356,-81.368429,single_family,3.0,2.0,2488.0,8154.0,1953.0,Inactive,485000,2023-06-19T00:00:00.000Z,92,13.091906231773164
"3013-Walnut-St,-Orlando,-FL-32806","3013 Walnut St, Orlando, FL 32806",3013 Walnut St,,Orlando,FL,32806,Orange,28.530343,-81.34492,single_family,3.0,2.0,1673.0,10454.0,1955.0,Inactive,469900,2023-07-26T00:00:00.000Z,55,13.060277313201007
"996-E-Michigan-St,-Apt-A,-Orlando,-FL-32806","996 E Michigan St, Apt A, Orlando, FL 32806",996 E Michigan St,Apt A,Orlando,FL,32806,Orange,28.510027,-81.365326,condo,1.0,1.0,858.0,4067.0,1973.0,Inactive,165000,2023-08-10T00:00:00.000Z,40,12.013706813470414
"2011-Page-Ave,-Orlando,-FL-32806","2011 Page Ave, Orlando, FL 32806",2011 Page Ave,,Orlando,FL,32806,Orange,28.516182,-81.353469,single_family,2.0,1.0,898.0,6939.0,1940.0,Inactive,249900,2023-08-22T00:00:00.000Z,28,12.428820118415677
"1724-Kaleywood-Ct,-Orlando,-FL-32806","1724 Kaleywood Ct, Orlando, FL 32806",1724 Kaleywood Ct,,Orlando,FL,32806,Orange,28.52122,-81.34832,single_family,3.0,2.0,1709.0,5491.0,1992.0,Inactive,475000,2023-08-26T00:00:00.000Z,22,13.07107218827772
"3415-Eubanks-Ave,-Orlando,-FL-32806","3415 Eubanks Ave, Orlando, FL 32806",3415 Eubanks Ave,,Orlando,FL,32806,Orange,28.497967,-81.339687,single_family,3.0,2.0,1561.0,13939.0,1959.0,Inactive,425000,2023-09-05T00:00:00.000Z,12,12.959846800844963
"1615-Delaney-Ave,-Orlando,-FL-32806","1615 Delaney Ave, Orlando, FL 32806",1615 Delaney Ave,,Orlando,FL,32806,Orange,28.523304,-81.371853,single_family,4.0,2.0,3030.0,12632.0,2017.0,Inactive,929000,2023-08-03T00:00:00.000Z,44,13.74186509422166
"1159-Delaney-Ave,---5,-Orlando,-FL-32806","1159 Delaney Ave, # 5, Orlando, FL 32806",1159 Delaney Ave,# 5,Orlando,FL,32806,Orange,28.527843,-81.372078,condo,3.0,2.0,2434.0,8829.0,2002.0,Inactive,590000,2023-05-19T00:00:00.000Z,118,13.28787951079572
"3278-S-Bumby-Ave,---6,-Orlando,-FL-32806","3278 S Bumby Ave, # 6, Orlando, FL 32806",3278 S Bumby Ave,# 6,Orlando,FL,32806,Orange,28.506195,-81.351927,condo,2.0,2.0,1088.0,31799.0,1982.0,Inactive,209000,2023-09-07T00:00:00.000Z,7,12.250094315624496
"1788-Burchstone-Dr,-Orlando,-FL-32806","1788 Burchstone Dr, Orlando, FL 32806",1788 Burchstone Dr,,Orlando,FL,32806,Orange,28.521855,-81.347234,single_family,3.0,2.0,1644.0,6221.0,1996.0,Inactive,485000,2023-09-08T00:00:00.000Z,6,13.091906231773164
"1229-Berwyn-Rd,-Orlando,-FL-32806","1229 Berwyn Rd, Orlando, FL 32806",1229 Berwyn Rd,,Orlando,FL,32806,Orange,28.526624,-81.336503,single_family,3.0,2.0,1524.0,9002.0,1958.0,Inactive,524000,2023-09-08T00:00:00.000Z,4,13.169248871698304
"2415-S-Brown-Ave,-Orlando,-FL-32806","2415 S Brown Ave, Orlando, FL 32806",2415 S Brown Ave,,Orlando,FL,32806,Orange,28.515124,-81.361646,single_family,3.0,2.0,1114.0,7087.0,1995.0,Inactive,449000,2023-08-06T00:00:00.000Z,35,13.014780393893403
"128-Wisteria-Ave,-Orlando,-FL-32806","128 Wisteria Ave, Orlando, FL 32806",128 Wisteria Ave,,Orlando,FL,32806,Orange,28.524394,-81.375264,single_family,4.0,2.0,2524.0,6676.0,1925.0,Inactive,725000,2023-09-08T00:00:00.000Z,2,13.493928313146206
"2350-Mayer-St,-Orlando,-FL-32806","2350 Mayer St, Orlando, FL 32806",2350 Mayer St,,Orlando,FL,32806,Orange,28.515724,-81.363281,single_family,2.0,1.0,672.0,8622.0,1940.0,Inactive,350000,2023-09-05T00:00:00.000Z,4,12.765691290604371
"2905-Clark-St,-Orlando,-FL-32806","2905 Clark St, Orlando, FL 32806",2905 Clark St,,Orlando,FL,32806,Orange,28.510752,-81.349495,single_family,3.0,2.0,2372.0,6522.0,2023.0,Inactive,699900,2023-06-07T00:00:00.000Z,92,13.45869417545215
"1261-Lake-Willisara-Cir,---16,-Orlando,-FL-32806","1261 Lake Willisara Cir, # 16, Orlando, FL 32806",1261 Lake Willisara Cir,# 16,Orlando,FL,32806,Orange,28.50862,-81.362912,condo,3.0,2.0,1577.0,9559.0,1986.0,Inactive,344900,2023-08-31T00:00:00.000Z,5,12.751012698311857
"1259-Old-Mill-Rd,-Orlando,-FL-32806","1259 Old Mill Rd, Orlando, FL 32806",1259 Old Mill Rd,,Orlando,FL,32806,Orange,28.490987,-81.363438,single_family,3.0,2.0,2207.0,14375.0,1968.0,Inactive,689000,2023-07-15T00:00:00.000Z,50,13.442998001373553
"1134-Lake-Willisara-Cir,---23-12,-Orlando,-FL-32806","1134 Lake Willisara Cir, # 23-12, Orlando, FL 32806",1134 Lake Willisara Cir,# 23-12,Orlando,FL,32806,Orange,28.507629,-81.363655,condo,2.0,2.0,1484.0,7137.0,1986.0,Inactive,400000,2023-08-30T00:00:00.000Z,4,12.899222326086994
"808-Lake-Davis-Dr,-Orlando,-FL-32806","808 Lake Davis Dr, Orlando, FL 32806",808 Lake Davis Dr,,Orlando,FL,32806,Orange,28.529367,-81.366282,single_family,2.0,2.0,2187.0,10890.0,1952.0,Inactive,725000,2023-04-16T00:00:00.000Z,139,13.493928313146206
"2107-E-Jersey-Ave,-Orlando,-FL-32806","2107 E Jersey Ave, Orlando, FL 32806",2107 E Jersey Ave,,Orlando,FL,32806,Orange,28.514534,-81.355641,single_family,4.0,2.0,1692.0,4306.0,1940.0,Inactive,298000,2023-05-22T00:00:00.000Z,102,12.604852121186608
"1535-Crestline-St,-Orlando,-FL-32806","1535 Crestline St, Orlando, FL 32806",1535 Crestline St,,Orlando,FL,32806,Orange,28.492314,-81.360398,single_family,5.0,3.0,2386.0,22651.0,1922.0,Inactive,825000,2023-07-05T00:00:00.000Z,58,13.623139877437296
"1117-Lake-Weldona-Dr,-Orlando,-FL-32806","1117 Lake Weldona Dr, Orlando, FL 32806",1117 Lake Weldona Dr,,Orlando,FL,32806,Orange,28.528099,-81.36148,single_family,3.0,2.0,2207.0,39204.0,1959.0,Inactive,774777,2023-05-27T00:00:00.000Z,96,13.560331815687482
"1402-Overlake-Ave,-Orlando,-FL-32806","1402 Overlake Ave, Orlando, FL 32806",1402 Overlake Ave,,Orlando,FL,32806,Orange,28.496873,-81.360668,single_family,4.0,3.0,2255.0,12197.0,1966.0,Inactive,499000,2023-08-19T00:00:00.000Z,12,13.120363378739663
"3206-Coe-Ave,-Orlando,-FL-32806","3206 Coe Ave, Orlando, FL 32806",3206 Coe Ave,,Orlando,FL,32806,Orange,28.52228,-81.342927,single_family,3.0,2.0,1455.0,8050.0,1956.0,Inactive,400000,2023-06-30T00:00:00.000Z,61,12.899222326086994
"2849-Marsala-Ct,---2849,-Orlando,-FL-32806","2849 Marsala Ct, # 2849, Orlando, FL 32806",2849 Marsala Ct,# 2849,Orlando,FL,32806,Orange,28.510695,-81.364119,condo,2.0,2.0,1300.0,5694.0,1984.0,Inactive,398000,2023-08-17T00:00:00.000Z,13,12.894209796826232
"2002-Essex-Pl,-Orlando,-FL-32806","2002 Essex Pl, Orlando, FL 32806",2002 Essex Pl,,Orlando,FL,32806,Orange,28.518448,-81.353528,single_family,2.0,1.0,1121.0,6760.0,1962.0,Inactive,320000,2023-08-24T00:00:00.000Z,6,12.676079399771027
"2716-Kingfisher-Dr,-Orlando,-FL-32806","2716 Kingfisher Dr, Orlando, FL 32806",2716 Kingfisher Dr,,Orlando,FL,32806,Orange,28.509999,-81.346816,single_family,3.0,2.0,1650.0,9083.0,1960.0,Inactive,399900,2023-06-22T00:00:00.000Z,68,12.89897229545694
"1305-Groveland-Ave,-Orlando,-FL-32806","1305 Groveland Ave, Orlando, FL 32806",1305 Groveland Ave,,Orlando,FL,32806,Orange,28.526474,-81.355528,manufactured,3.0,2.0,1296.0,7037.0,2003.0,Inactive,299000,2023-07-28T00:00:00.000Z,30,12.608202196848836
"788-E-Michigan-St,-Unit-24,-Orlando,-FL-32806","788 E Michigan St, Unit 24, Orlando, FL 32806",788 E Michigan St,Unit 24,Orlando,FL,32806,Orange,28.510771,-81.366667,condo,1.0,1.0,715.0,3903.0,1967.0,Inactive,159900,2023-08-21T00:00:00.000Z,5,11.982310152711182
"1100-Delaney-Ave,-Apt-E24,-Orlando,-FL-32806","1100 Delaney Ave, Apt E24, Orlando, FL 32806",1100 Delaney Ave,Apt E24,Orlando,FL,32806,Orange,28.528617,-81.372622,condo,2.0,1.0,998.0,5145.0,1964.0,Inactive,259000,2023-08-22T00:00:00.000Z,4,12.464587201678082
"4008-Kasper-Dr,-Orlando,-FL-32806","4008 Kasper Dr, Orlando, FL 32806",4008 Kasper Dr,,Orlando,FL,32806,Orange,28.527701,-81.333961,single_family,3.0,2.0,1667.0,9861.0,1959.0,Inactive,445999,2023-06-01T00:00:00.000Z,85,13.008074231002201
"1920-Hamilton-Ln,-Orlando,-FL-32806","1920 Hamilton Ln, Orlando, FL 32806",1920 Hamilton Ln,,Orlando,FL,32806,Orange,28.519534,-81.368705,single_family,4.0,3.0,2349.0,11326.0,1948.0,Inactive,769999,2023-08-09T00:00:00.000Z,16,13.554145793829866
"964-E-Michigan-St,---964A,-Orlando,-FL-32806","964 E Michigan St, # 964A, Orlando, FL 32806",964 E Michigan St,# 964A,Orlando,FL,32806,Orange,28.511897,-81.365272,condo,2.0,2.0,1042.0,4113.0,1973.0,Inactive,215000,2023-08-18T00:00:00.000Z,6,12.278397958261774
"1413-E-Michigan-St,-Orlando,-FL-32806","1413 E Michigan St, Orlando, FL 32806",1413 E Michigan St,,Orlando,FL,32806,Orange,28.513351,-81.361559,townhouse,3.0,2.0,1770.0,1116.0,2021.0,Inactive,519000,2023-03-23T00:00:00.000Z,153,13.159661088928443
"1909-White-Ave,-Orlando,-FL-32806","1909 White Ave, Orlando, FL 32806",1909 White Ave,,Orlando,FL,32806,Orange,28.502466,-81.355156,single_family,3.0,1.0,1227.0,7060.0,1955.0,Inactive,349990,2023-05-17T00:00:00.000Z,97,12.765662718849264
"1009-Marabon-Ave,-Orlando,-FL-32806","1009 Marabon Ave, Orlando, FL 32806",1009 Marabon Ave,,Orlando,FL,32806,Orange,28.529926,-81.331405,single_family,3.0,2.0,1601.0,13939.0,1959.0,Inactive,485000,2023-08-18T00:00:00.000Z,4,13.091906231773164
"3019-Saratoga-Dr,-Orlando,-FL-32806","3019 Saratoga Dr, Orlando, FL 32806",3019 Saratoga Dr,,Orlando,FL,32806,Orange,28.508361,-81.356784,single_family,4.0,2.0,2115.0,9710.0,1968.0,Inactive,599000,2023-08-11T00:00:00.000Z,10,13.303018546545275
"510-E-Crystal-Lake-St,-Orlando,-FL-32806","510 E Crystal Lake St, Orlando, FL 32806",510 E Crystal Lake St,,Orlando,FL,32806,Orange,28.514564,-81.369687,single_family,2.0,1.0,864.0,7569.0,1952.0,Inactive,334500,2023-08-17T00:00:00.000Z,4,12.720395148082574
"2537-Vine-St,-Orlando,-FL-32806","2537 Vine St, Orlando, FL 32806",2537 Vine St,,Orlando,FL,32806,Orange,28.526662,-81.350256,single_family,4.0,2.0,1809.0,10454.0,1965.0,Inactive,565000,2023-07-10T00:00:00.000Z,40,13.244582780038517
"1815-Delaney-Ave,-Orlando,-FL-32806","1815 Delaney Ave, Orlando, FL 32806",1815 Delaney Ave,,Orlando,FL,32806,Orange,28.521128,-81.371952,single_family,3.0,2.0,1250.0,7516.0,1938.0,Inactive,629900,2023-07-20T00:00:00.000Z,28,13.35331794316234
"982-E-Michigan-St,---982A,-Orlando,-FL-32806","982 E Michigan St, # 982A, Orlando, FL 32806",982 E Michigan St,# 982A,Orlando,FL,32806,Orange,28.511082,-81.365257,condo,2.0,2.0,1086.0,9029.0,1973.0,Inactive,224900,2023-07-27T00:00:00.000Z,20,12.323415584358154
"1711-Crocker-Ave,-Orlando,-FL-32806","1711 Crocker Ave, Orlando, FL 32806",1711 Crocker Ave,,Orlando,FL,32806,Orange,28.522917,-81.339944,single_family,3.0,1.0,994.0,6184.0,1957.0,Inactive,379000,2023-07-10T00:00:00.000Z,36,12.84529412258351
"0-Keystone-Dr,-Lot-19,-Orlando,-FL-32806","0 Keystone Dr, Lot 19, Orlando, FL 32806",0 Keystone Dr,Lot 19,Orlando,FL,32806,Orange,28.509955,-81.366297,single_family,5.0,3.0,3450.0,58370.0,2023.0,Inactive,1506080,2023-08-04T00:00:00.000Z,8,14.22502147075618
"2912-Timberlake-Dr,-Orlando,-FL-32806","2912 Timberlake Dr, Orlando, FL 32806",2912 Timberlake Dr,,Orlando,FL,32806,Orange,28.500624,-81.345518,single_family,3.0,2.0,2398.0,10019.0,1958.0,Inactive,669000,2023-08-06T00:00:00.000Z,5,13.41354083387756
"1277-Saint-Tropez-Cir,-Orlando,-FL-32806","1277 Saint Tropez Cir, Orlando, FL 32806",1277 Saint Tropez Cir,,Orlando,FL,32806,Orange,28.510732,-81.363357,condo,3.0,2.0,1460.0,10454.0,1984.0,Inactive,344900,2023-07-14T00:00:00.000Z,25,12.751012698311857
"2119-Hargill-Dr,-Orlando,-FL-32806","2119 Hargill Dr, Orlando, FL 32806",2119 Hargill Dr,,Orlando,FL,32806,Orange,28.52891,-81.353999,single_family,3.0,2.0,1570.0,10019.0,1954.0,Inactive,487000,2023-08-04T00:00:00.000Z,4,13.096021455450709
"Pre-Construction-Keystone-Dr,-Lot-19,-Orlando,-FL-32806","Pre-Construction Keystone Dr, Lot 19, Orlando, FL 32806",Pre-Construction Keystone Dr,Lot 19,Orlando,FL,32806,Orange,28.509955,-81.366297,single_family,5.0,3.0,3450.0,58370.0,2023.0,Inactive,1506080,2023-08-04T00:00:00.000Z,4,14.22502147075618
"1802-Chamberlin-St,-Orlando,-FL-32806","1802 Chamberlin St, Orlando, FL 32806",1802 Chamberlin St,,Orlando,FL,32806,Orange,28.521418,-81.355797,multi-family,2.0,2.0,1136.0,8208.0,1925.0,Inactive,335000,2023-08-05T00:00:00.000Z,3,12.721888795877375
"1739-Simonton-Ave,-Orlando,-FL-32806","1739 Simonton Ave, Orlando, FL 32806",1739 Simonton Ave,,Orlando,FL,32806,Orange,28.500618,-81.357067,single_family,3.0,2.0,1432.0,7020.0,1992.0,Inactive,393000,2023-08-03T00:00:00.000Z,3,12.881567435377423
"1800-Santa-Maria-Pl,-Orlando,-FL-32806","1800 Santa Maria Pl, Orlando, FL 32806",1800 Santa Maria Pl,,Orlando,FL,32806,Orange,28.530577,-81.356949,single_family,4.0,2.0,2834.0,12632.0,1966.0,Inactive,879000,2023-01-30T00:00:00.000Z,187,13.686541314323094
"3326-Conway-Gardens-Rd,-Orlando,-FL-32806","3326 Conway Gardens Rd, Orlando, FL 32806",3326 Conway Gardens Rd,,Orlando,FL,32806,Orange,28.502513,-81.3394,single_family,3.0,2.0,1464.0,8250.0,1960.0,Inactive,419000,2023-08-01T00:00:00.000Z,3,12.945628585536271
"125-W-Grant-St,-Orlando,-FL-32806","125 W Grant St, Orlando, FL 32806",125 W Grant St,,Orlando,FL,32806,Orange,28.51697,-81.378959,townhouse,3.0,2.0,1969.0,1512.0,2022.0,Inactive,585000,2023-07-01T00:00:00.000Z,29,13.279368835614243
"2732-Raeford-Rd,-Orlando,-FL-32806","2732 Raeford Rd, Orlando, FL 32806",2732 Raeford Rd,,Orlando,FL,32806,Orange,28.50944,-81.348026,single_family,4.0,3.0,3399.0,16117.0,2023.0,Inactive,949000,2023-05-09T00:00:00.000Z,81,13.76316513133229
"3215-Jan-Dr,-Orlando,-FL-32806","3215 Jan Dr, Orlando, FL 32806",3215 Jan Dr,,Orlando,FL,32806,Orange,28.503969,-81.340622,single_family,3.0,2.0,1344.0,8254.0,1959.0,Inactive,420000,2023-07-15T00:00:00.000Z,14,12.948012371209098
"1420-Beaver-Pl,-Orlando,-FL-32806","1420 Beaver Pl, Orlando, FL 32806",1420 Beaver Pl,,Orlando,FL,32806,Orange,28.530123,-81.361625,single_family,2.0,2.0,1838.0,6250.0,1941.0,Inactive,449999,2023-07-20T00:00:00.000Z,7,13.017002861746503
"2953-Peel-Ave,-Orlando,-FL-32806","2953 Peel Ave, Orlando, FL 32806",2953 Peel Ave,,Orlando,FL,32806,Orange,28.510209,-81.347167,single_family,3.0,2.0,1432.0,8262.0,1959.0,Inactive,450000,2023-06-30T00:00:00.000Z,26,13.017005083966255
"3037-Eglington-Dr,-Orlando,-FL-32806","3037 Eglington Dr, Orlando, FL 32806",3037 Eglington Dr,,Orlando,FL,32806,Orange,28.519644,-81.344629,single_family,3.0,2.0,1559.0,5497.0,1997.0,Inactive,495000,2023-07-14T00:00:00.000Z,12,13.112315061750808
"1429-E-Gore-St,-Unit-1,-Orlando,-FL-32806","1429 E Gore St, Unit 1, Orlando, FL 32806",1429 E Gore St,Unit 1,Orlando,FL,32806,Orange,28.531541,-81.361053,townhouse,3.0,2.0,1837.0,871.0,2004.0,Inactive,475500,2023-05-18T00:00:00.000Z,68,13.072124264014793
"3120-S-Bumby-Ave,---B6,-Orlando,-FL-32806","3120 S Bumby Ave, # B6, Orlando, FL 32806",3120 S Bumby Ave,# B6,Orlando,FL,32806,Orange,28.509005,-81.352391,condo,2.0,1.0,709.0,840.0,1969.0,Inactive,136500,2023-07-08T00:00:00.000Z,17,11.824087219587643
"3043-Saratoga-Dr,-Orlando,-FL-32806","3043 Saratoga Dr, Orlando, FL 32806",3043 Saratoga Dr,,Orlando,FL,32806,Orange,28.506991,-81.356776,single_family,4.0,2.0,1785.0,9711.0,1967.0,Inactive,475000,2023-07-21T00:00:00.000Z,4,13.07107218827772
"105-W-Grant-St,-Orlando,-FL-32806","105 W Grant St, Orlando, FL 32806",105 W Grant St,,Orlando,FL,32806,Orange,28.516973,-81.37855,townhouse,3.0,2.0,1957.0,1775.0,2018.0,Inactive,599500,2023-07-07T00:00:00.000Z,17,13.303852921505028
"2713-Timberlake-Dr,-Orlando,-FL-32806","2713 Timberlake Dr, Orlando, FL 32806",2713 Timberlake Dr,,Orlando,FL,32806,Orange,28.500769,-81.346971,single_family,4.0,2.0,1985.0,20909.0,1965.0,Inactive,650000,2023-03-23T00:00:00.000Z,121,13.384729180332174
"2008-E-Harding-St,-Orlando,-FL-32806","2008 E Harding St, Orlando, FL 32806",2008 E Harding St,,Orlando,FL,32806,Orange,28.518341,-81.35423,single_family,3.0,2.0,2187.0,13068.0,1952.0,Inactive,625000,2023-06-09T00:00:00.000Z,43,13.345508528717259
"1418-E-Harding-St,-Orlando,-FL-32806","1418 E Harding St, Orlando, FL 32806",1418 E Harding St,,Orlando,FL,32806,Orange,28.517985,-81.361169,single_family,2.0,2.0,1306.0,6525.0,1956.0,Inactive,439900,2023-06-20T00:00:00.000Z,32,12.994304980578146
"2544-Mayer-St,-Orlando,-FL-32806","2544 Mayer St, Orlando, FL 32806",2544 Mayer St,,Orlando,FL,32806,Orange,28.513983,-81.36326,multi-family,6.0,6.0,3194.0,7381.0,2015.0,Inactive,915000,2023-07-14T00:00:00.000Z,7,13.726680437153236
"54-W-Jersey-St,---8,-Orlando,-FL-32806","54 W Jersey St, # 8, Orlando, FL 32806",54 W Jersey St,# 8,Orlando,FL,32806,Orange,28.513717,-81.378154,townhouse,3.0,2.0,2100.0,37026.0,2022.0,Inactive,675000,2022-07-08T00:00:00.000Z,377,13.42246945133505
"54-W-Jersey-St,---9,-Orlando,-FL-32806","54 W Jersey St, # 9, Orlando, FL 32806",54 W Jersey St,# 9,Orlando,FL,32806,Orange,28.513717,-81.378154,townhouse,3.0,2.0,2100.0,37026.0,2023.0,Inactive,655000,2023-01-12T00:00:00.000Z,189,13.39239204133378
"3450-Ontario-Ave,-Orlando,-FL-32806","3450 Ontario Ave, Orlando, FL 32806",3450 Ontario Ave,,Orlando,FL,32806,Orange,28.501552,-81.355804,single_family,3.0,2.0,1623.0,7523.0,1991.0,Inactive,419000,2023-05-27T00:00:00.000Z,54,12.945628585536271
"754-E-Michigan-St,-Unit-186,-Orlando,-FL-32806","754 E Michigan St, Unit 186, Orlando, FL 32806",754 E Michigan St,Unit 186,Orlando,FL,32806,Orange,28.511447,-81.368245,condo,1.0,1.0,633.0,12632.0,1969.0,Inactive,144900,2023-07-13T00:00:00.000Z,7,11.88380602959621
"3535-Kramer-Ln,-Orlando,-FL-32806","3535 Kramer Ln, Orlando, FL 32806",3535 Kramer Ln,,Orlando,FL,32806,Orange,28.510619,-81.339675,single_family,2.0,2.0,1082.0,8345.0,1960.0,Inactive,350000,2023-07-13T00:00:00.000Z,7,12.765691290604371
"212-Cattail-Ct,-Orlando,-FL-32806","212 Cattail Ct, Orlando, FL 32806",212 Cattail Ct,,Orlando,FL,32806,Orange,28.505212,-81.380085,single_family,3.0,2.0,2132.0,14375.0,1979.0,Inactive,530000,2023-06-28T00:00:00.000Z,21,13.180634172318978
"2551-S-Mills-Ave,-Orlando,-FL-32806","2551 S Mills Ave, Orlando, FL 32806",2551 S Mills Ave,,Orlando,FL,32806,Orange,28.51398,-81.363679,multi-family,6.0,6.0,3194.0,7391.0,2014.0,Inactive,915000,2023-07-14T00:00:00.000Z,4,13.726680437153236
"1704-Montcalm-St,-Orlando,-FL-32806","1704 Montcalm St, Orlando, FL 32806",1704 Montcalm St,,Orlando,FL,32806,Orange,28.499612,-81.357116,single_family,4.0,3.0,2313.0,8400.0,1959.0,Inactive,550000,2023-05-12T00:00:00.000Z,64,13.217675375388819
"816-S-Summerlin-Ave,-Orlando,-FL-32806","816 S Summerlin Ave, Orlando, FL 32806",816 S Summerlin Ave,,Orlando,FL,32806,Orange,28.531157,-81.368891,single_family,5.0,3.0,3472.0,15246.0,1954.0,Inactive,900000,2023-06-04T00:00:00.000Z,41,13.710151153416941
"3508-Jennie-Jewel-Pl,-Orlando,-FL-32806","3508 Jennie Jewel Pl, Orlando, FL 32806",3508 Jennie Jewel Pl,,Orlando,FL,32806,Orange,28.504524,-81.372948,single_family,3.0,2.0,1482.0,10019.0,1985.0,Inactive,399000,2023-07-12T00:00:00.000Z,3,12.896719202134523
"1430-Lake-Weldona-Dr,-Orlando,-FL-32806","1430 Lake Weldona Dr, Orlando, FL 32806",1430 Lake Weldona Dr,,Orlando,FL,32806,Orange,28.527418,-81.360764,single_family,5.0,3.0,2460.0,11326.0,1957.0,Inactive,725000,2023-06-30T00:00:00.000Z,14,13.493928313146206
"1805-Kalurna-Ct,-Orlando,-FL-32806","1805 Kalurna Ct, Orlando, FL 32806",1805 Kalurna Ct,,Orlando,FL,32806,Orange,28.521764,-81.3734,single_family,4.0,3.0,2903.0,7300.0,1989.0,Inactive,860000,2023-07-08T00:00:00.000Z,6,13.664688831019712
"1313-E-Pineloch-Ave,-Orlando,-FL-32806","1313 E Pineloch Ave, Orlando, FL 32806",1313 E Pineloch Ave,,Orlando,FL,32806,Orange,28.509654,-81.362145,single_family,4.0,3.0,1315.0,4826.0,1940.0,Inactive,469000,2023-05-27T00:00:00.000Z,46,13.058360179622305
"3404-Werber-St,-Orlando,-FL-32806","3404 Werber St, Orlando, FL 32806",3404 Werber St,,Orlando,FL,32806,Orange,28.498927,-81.340088,single_family,3.0,2.0,1869.0,9615.0,1963.0,Inactive,399900,2023-04-24T00:00:00.000Z,78,12.89897229545694
"3303-E-Grant-Ave,-Orlando,-FL-32806","3303 E Grant Ave, Orlando, FL 32806",3303 E Grant Ave,,Orlando,FL,32806,Orange,28.517141,-81.342225,single_family,3.0,2.0,1778.0,10019.0,1953.0,Inactive,399000,2023-07-05T00:00:00.000Z,6,12.896719202134523
"3334-Lila-Dr,-Orlando,-FL-32806","3334 Lila Dr, Orlando, FL 32806",3334 Lila Dr,,Orlando,FL,32806,Orange,28.505005,-81.346682,single_family,2.0,3.0,1628.0,10019.0,1955.0,Inactive,473000,2023-07-06T00:00:00.000Z,5,13.06685278163674
"4002-Kasper-Dr,-Orlando,-FL-32806","4002 Kasper Dr, Orlando, FL 32806",4002 Kasper Dr,,Orlando,FL,32806,Orange,28.527691,-81.33446,single_family,3.0,2.0,2089.0,10019.0,1958.0,Inactive,545000,2023-07-06T00:00:00.000Z,5,13.208542908506082
"2636-Sheffield-Ave,-Orlando,-FL-32806","2636 Sheffield Ave, Orlando, FL 32806",2636 Sheffield Ave,,Orlando,FL,32806,Orange,28.506566,-81.34618,single_family,4.0,2.0,1812.0,20473.0,1952.0,Inactive,379900,2023-07-07T00:00:00.000Z,4,12.847665971443902
"1400-Edmundshire-Ln,-Orlando,-FL-32806","1400 Edmundshire Ln, Orlando, FL 32806",1400 Edmundshire Ln,,Orlando,FL,32806,Orange,28.525382,-81.333313,single_family,3.0,2.0,1272.0,9703.0,1959.0,Inactive,439900,2023-06-26T00:00:00.000Z,14,12.994304980578146
"1726-Conway-Gardens-Rd,-Orlando,-FL-32806","1726 Conway Gardens Rd, Orlando, FL 32806",1726 Conway Gardens Rd,,Orlando,FL,32806,Orange,28.522445,-81.339563,single_family,3.0,2.0,1479.0,6530.0,2023.0,Inactive,479000,2023-07-01T00:00:00.000Z,7,13.079457964073546
"1221-E-Harding-St,-Orlando,-FL-32806","1221 E Harding St, Orlando, FL 32806",1221 E Harding St,,Orlando,FL,32806,Orange,28.518813,-81.363233,single_family,5.0,3.0,2868.0,7156.0,1987.0,Inactive,575000,2022-12-21T00:00:00.000Z,197,13.26212705890841
"948-E-Michigan-St,-Apt-A,-Orlando,-FL-32806","948 E Michigan St, Apt A, Orlando, FL 32806",948 E Michigan St,Apt A,Orlando,FL,32806,Orange,28.512665,-81.365349,condo,4.0,2.0,1664.0,6506.0,1973.0,Inactive,299900,2023-05-01T00:00:00.000Z,66,12.611207699176356
"784-E-Michigan-St,-Unit-26,-Orlando,-FL-32806","784 E Michigan St, Unit 26, Orlando, FL 32806",784 E Michigan St,Unit 26,Orlando,FL,32806,Orange,28.511006,-81.367042,condo,2.0,2.0,1116.0,9922.0,1967.0,Inactive,205000,2023-05-17T00:00:00.000Z,50,12.230770136157428
"2415-Lake-Margaret-Dr,-Orlando,-FL-32806","2415 Lake Margaret Dr, Orlando, FL 32806",2415 Lake Margaret Dr,,Orlando,FL,32806,Orange,28.506149,-81.350442,single_family,3.0,2.0,1633.0,11326.0,1980.0,Inactive,475000,2023-06-29T00:00:00.000Z,7,13.07107218827772
"4413-Forrestal-Ave,-Orlando,-FL-32806","4413 Forrestal Ave, Orlando, FL 32806",4413 Forrestal Ave,,Orlando,FL,32806,Orange,28.496585,-81.378485,single_family,3.0,2.0,1674.0,10019.0,1981.0,Inactive,418000,2023-06-14T00:00:00.000Z,18,12.94323910384853
"2861-Palermo-Ct,---2861,-Orlando,-FL-32806","2861 Palermo Ct, # 2861, Orlando, FL 32806",2861 Palermo Ct,# 2861,Orlando,FL,32806,Orange,28.509541,-81.363663,condo,2.0,2.0,1300.0,9792.0,1984.0,Inactive,319900,2023-06-30T00:00:00.000Z,2,12.675766851909591
"532-Copley-Ln,-Orlando,-FL-32806","532 Copley Ln, Orlando, FL 32806",532 Copley Ln,,Orlando,FL,32806,Orange,28.513244,-81.36899,townhouse,3.0,2.0,2244.0,1300.0,2008.0,Inactive,440000,2023-02-15T00:00:00.000Z,136,12.994532278619134
"2448-Stoneview-Rd,-Orlando,-FL-32806","2448 Stoneview Rd, Orlando, FL 32806",2448 Stoneview Rd,,Orlando,FL,32806,Orange,28.517561,-81.350085,single_family,4.0,2.0,2814.0,14810.0,1994.0,Inactive,719000,2023-05-02T00:00:00.000Z,60,13.4856180275228
"758-E-Michigan-St,-Unit-191,-Orlando,-FL-32806","758 E Michigan St, Unit 191, Orlando, FL 32806",758 E Michigan St,Unit 191,Orlando,FL,32806,Orange,28.511012,-81.367986,condo,1.0,1.0,633.0,9029.0,1969.0,Inactive,149900,2023-06-04T00:00:00.000Z,27,11.917730355182513
"2513-Marzel-Ave,-Orlando,-FL-32806","2513 Marzel Ave, Orlando, FL 32806",2513 Marzel Ave,,Orlando,FL,32806,Orange,28.508451,-81.348716,single_family,3.0,2.0,1233.0,10019.0,1960.0,Inactive,425000,2023-06-23T00:00:00.000Z,8,12.959846800844963
"2528-Peel-Ave,-Orlando,-FL-32806","2528 Peel Ave, Orlando, FL 32806",2528 Peel Ave,,Orlando,FL,32806,Orange,28.514253,-81.347812,single_family,3.0,2.0,1120.0,7864.0,1982.0,Inactive,379000,2023-05-19T00:00:00.000Z,42,12.84529412258351
"1100-Delaney-Ave,-Apt-F500,-Orlando,-FL-32806","1100 Delaney Ave, Apt F500, Orlando, FL 32806",1100 Delaney Ave,Apt F500,Orlando,FL,32806,Orange,28.528088,-81.373257,condo,3.0,2.0,1650.0,11761.0,1964.0,Inactive,487000,2023-04-03T00:00:00.000Z,87,13.096021455450709
"4214-Forrestal-Ave,-Orlando,-FL-32806","4214 Forrestal Ave, Orlando, FL 32806",4214 Forrestal Ave,,Orlando,FL,32806,Orange,28.497779,-81.379296,single_family,3.0,2.0,1768.0,14375.0,1982.0,Inactive,358000,2023-06-07T00:00:00.000Z,22,12.788291058675025
"1720-Melvin-Ave,-Orlando,-FL-32806","1720 Melvin Ave, Orlando, FL 32806",1720 Melvin Ave,,Orlando,FL,32806,Orange,28.504606,-81.357101,single_family,3.0,1.0,1224.0,6116.0,1957.0,Inactive,363000,2023-06-22T00:00:00.000Z,6,12.80216086806413
"2141-Lake-Margaret-Dr,---11,-Orlando,-FL-32806","2141 Lake Margaret Dr, # 11, Orlando, FL 32806",2141 Lake Margaret Dr,# 11,Orlando,FL,32806,Orange,28.506195,-81.351927,condo,2.0,2.0,1088.0,31799.0,1982.0,Inactive,195000,2023-06-22T00:00:00.000Z,6,12.180759965737863
"1061-Campbell-St,-Orlando,-FL-32806","1061 Campbell St, Orlando, FL 32806",1061 Campbell St,,Orlando,FL,32806,Orange,28.49925,-81.364245,single_family,4.0,3.0,2848.0,12632.0,1979.0,Inactive,774000,2023-05-31T00:00:00.000Z,27,13.559328444560693
"1602-S-Fern-Creek-Ave,-Orlando,-FL-32806","1602 S Fern Creek Ave, Orlando, FL 32806",1602 S Fern Creek Ave,,Orlando,FL,32806,Orange,28.523122,-81.360228,single_family,2.0,1.0,1608.0,13068.0,1949.0,Inactive,439000,2023-06-08T00:00:00.000Z,19,12.992256969959042
"1207-Waterwitch-Cove-Cir,-Orlando,-FL-32806","1207 Waterwitch Cove Cir, Orlando, FL 32806",1207 Waterwitch Cove Cir,,Orlando,FL,32806,Orange,28.492822,-81.364369,single_family,3.0,2.0,2825.0,10890.0,1998.0,Inactive,699000,2023-03-10T00:00:00.000Z,108,13.457407451830088
"1923-Osman-Ave,-Orlando,-FL-32806","1923 Osman Ave, Orlando, FL 32806",1923 Osman Ave,,Orlando,FL,32806,Orange,28.519639,-81.343661,single_family,4.0,2.0,2198.0,5524.0,1998.0,Inactive,589000,2023-06-22T00:00:00.000Z,4,13.286183160425152
"1804-Lake-Margaret-Dr,-Orlando,-FL-32806","1804 Lake Margaret Dr, Orlando, FL 32806",1804 Lake Margaret Dr,,Orlando,FL,32806,Orange,28.505553,-81.356453,single_family,4.0,2.0,1600.0,12632.0,1985.0,Inactive,379500,2023-04-30T00:00:00.000Z,56,12.846612510860464
"1615-S-Osceola-Ave,-Orlando,-FL-32806","1615 S Osceola Ave, Orlando, FL 32806",1615 S Osceola Ave,,Orlando,FL,32806,Orange,28.52316,-81.370172,single_family,4.0,2.0,2711.0,7507.0,2023.0,Inactive,1025000,2023-02-03T00:00:00.000Z,141,13.840204146163925
"1100-Delaney-Ave,-Apt-F300,-Orlando,-FL-32806","1100 Delaney Ave, Apt F300, Orlando, FL 32806",1100 Delaney Ave,Apt F300,Orlando,FL,32806,Orange,28.528088,-81.373257,condo,3.0,2.0,1388.0,11761.0,1964.0,Inactive,395500,2023-06-07T00:00:00.000Z,16,12.887908594631655
"2465-Stoneview-Rd,-Orlando,-FL-32806","2465 Stoneview Rd, Orlando, FL 32806",2465 Stoneview Rd,,Orlando,FL,32806,Orange,28.517651,-81.351309,single_family,5.0,4.0,3300.0,14375.0,2003.0,Inactive,899000,2023-06-07T00:00:00.000Z,15,13.70903942580019
"512-Delaney-Park-Dr,-Orlando,-FL-32806","512 Delaney Park Dr, Orlando, FL 32806",512 Delaney Park Dr,,Orlando,FL,32806,Orange,28.528185,-81.369672,single_family,5.0,4.0,3154.0,15682.0,1937.0,Inactive,1100000,2023-06-14T00:00:00.000Z,8,13.910821646859095
"2021-Geigel-Ave,-Orlando,-FL-32806","2021 Geigel Ave, Orlando, FL 32806",2021 Geigel Ave,,Orlando,FL,32806,Orange,28.501556,-81.353693,single_family,3.0,1.0,1120.0,12632.0,1958.0,Inactive,339000,2023-06-19T00:00:00.000Z,3,12.733758336210744
"2740-Santos-Pl,-Orlando,-FL-32806","2740 Santos Pl, Orlando, FL 32806",2740 Santos Pl,,Orlando,FL,32806,Orange,28.530378,-81.34812,single_family,3.0,2.0,1797.0,8630.0,1961.0,Inactive,514900,2023-06-13T00:00:00.000Z,8,13.151729928157032
"1819-Baldwin-Dr,-Orlando,-FL-32806","1819 Baldwin Dr, Orlando, FL 32806",1819 Baldwin Dr,,Orlando,FL,32806,Orange,28.521045,-81.341519,single_family,3.0,2.0,1252.0,8661.0,1956.0,Inactive,385000,2023-06-15T00:00:00.000Z,5,12.861001210669146
"346-E-Kaley-St,-Orlando,-FL-32806","346 E Kaley St, Orlando, FL 32806",346 E Kaley St,,Orlando,FL,32806,Orange,28.519962,-81.372548,single_family,4.0,2.0,2931.0,17860.0,1930.0,Inactive,850000,2023-02-25T00:00:00.000Z,114,13.652992804936396
"3604-Dagon-St,-Orlando,-FL-32806","3604 Dagon St, Orlando, FL 32806",3604 Dagon St,,Orlando,FL,32806,Orange,28.499923,-81.341842,single_family,3.0,2.0,1322.0,8639.0,1961.0,Inactive,429900,2023-06-14T00:00:00.000Z,4,12.971310228604022
"1741-Lake-Grove-Ln,-Orlando,-FL-32806","1741 Lake Grove Ln, Orlando, FL 32806",1741 Lake Grove Ln,,Orlando,FL,32806,Orange,28.494545,-81.35672,single_family,5.0,4.0,5059.0,22216.0,1997.0,Inactive,1300000,2023-06-08T00:00:00.000Z,9,14.077875591662238
"437-E-Gore-St,-Orlando,-FL-32806","437 E Gore St, Orlando, FL 32806",437 E Gore St,,Orlando,FL,32806,Orange,28.53109,-81.371254,single_family,3.0,2.0,1716.0,8525.0,1952.0,Inactive,649000,2023-05-19T00:00:00.000Z,28,13.38318953651709
"909-Essex-Pl,-Orlando,-FL-32806","909 Essex Pl, Orlando, FL 32806",909 Essex Pl,,Orlando,FL,32806,Orange,28.530685,-81.352467,single_family,2.0,1.0,875.0,6751.0,1952.0,Inactive,375000,2023-06-06T00:00:00.000Z,9,12.834683971615659
"3101-Illingworth-Ave,-Orlando,-FL-32806","3101 Illingworth Ave, Orlando, FL 32806",3101 Illingworth Ave,,Orlando,FL,32806,Orange,28.503913,-81.344225,single_family,3.0,2.0,1200.0,8347.0,1957.0,Inactive,375000,2023-06-09T00:00:00.000Z,5,12.834683971615659
"1708-E-Harding-St,-Orlando,-FL-32806","1708 E Harding St, Orlando, FL 32806",1708 E Harding St,,Orlando,FL,32806,Orange,28.518377,-81.357108,single_family,2.0,1.0,750.0,4541.0,1946.0,Inactive,299000,2023-06-08T00:00:00.000Z,2,12.608202196848836
"2456-Vine-St,-Orlando,-FL-32806","2456 Vine St, Orlando, FL 32806",2456 Vine St,,Orlando,FL,32806,Orange,28.526119,-81.350722,single_family,4.0,2.0,1876.0,10454.0,1969.0,Inactive,475000,2023-05-24T00:00:00.000Z,16,13.07107218827772
"4653-Oak-Cove-Ln,-Orlando,-FL-32806","4653 Oak Cove Ln, Orlando, FL 32806",4653 Oak Cove Ln,,Orlando,FL,32806,Orange,28.494275,-81.371923,single_family,3.0,2.0,2618.0,8586.0,1979.0,Inactive,625000,2023-05-27T00:00:00.000Z,12,13.345508528717259
"1948-Essex-Pl,-Orlando,-FL-32806","1948 Essex Pl, Orlando, FL 32806",1948 Essex Pl,,Orlando,FL,32806,Orange,28.518784,-81.353557,single_family,3.0,2.0,1320.0,6950.0,1956.0,Inactive,570000,2023-03-19T00:00:00.000Z,80,13.25339339419516
"1000-E-Michigan-St,-Apt-A,-Orlando,-FL-32806","1000 E Michigan St, Apt A, Orlando, FL 32806",1000 E Michigan St,Apt A,Orlando,FL,32806,Orange,28.510027,-81.365326,condo,1.0,1.0,918.0,4067.0,1973.0,Inactive,164000,2023-06-05T00:00:00.000Z,2,12.00762780434872
"2420-S-Shine-Ave,-Orlando,-FL-32806","2420 S Shine Ave, Orlando, FL 32806",2420 S Shine Ave,,Orlando,FL,32806,Orange,28.514714,-81.361201,single_family,4.0,2.0,2635.0,7076.0,2023.0,Inactive,789899,2023-02-16T00:00:00.000Z,110,13.57966163415251
"2011-Peel-Ave,-Orlando,-FL-32806","2011 Peel Ave, Orlando, FL 32806",2011 Peel Ave,,Orlando,FL,32806,Orange,28.51842,-81.347338,townhouse,3.0,2.0,1862.0,5160.0,2023.0,Inactive,539900,2023-04-21T00:00:00.000Z,46,13.199141068399515
"3520-E-Crystal-Lake-Ave,-Orlando,-FL-32806","3520 E Crystal Lake Ave, Orlando, FL 32806",3520 E Crystal Lake Ave,,Orlando,FL,32806,Orange,28.514996,-81.340104,single_family,3.0,2.0,2000.0,6098.0,2019.0,Inactive,599900,2023-06-01T00:00:00.000Z,5,13.304519920584285
"213-Whittier-Cir,-Orlando,-FL-32806","213 Whittier Cir, Orlando, FL 32806",213 Whittier Cir,,Orlando,FL,32806,Orange,28.524711,-81.374507,single_family,4.0,2.0,2312.0,8375.0,1925.0,Inactive,900000,2023-06-02T00:00:00.000Z,4,13.710151153416941
"1445-Gatlin-Ave,-Orlando,-FL-32806","1445 Gatlin Ave, Orlando, FL 32806",1445 Gatlin Ave,,Orlando,FL,32806,Orange,28.495089,-81.362217,single_family,4.0,2.0,1731.0,12197.0,1965.0,Inactive,535000,2023-04-28T00:00:00.000Z,37,13.190023895035274
"3451-Lila-Dr,-Orlando,-FL-32806","3451 Lila Dr, Orlando, FL 32806",3451 Lila Dr,,Orlando,FL,32806,Orange,28.502822,-81.346095,single_family,4.0,3.0,3670.0,64904.0,1963.0,Inactive,685000,2023-02-17T00:00:00.000Z,105,13.437175577097312
"320-Jasmine-Ave,-Orlando,-FL-32806","320 Jasmine Ave, Orlando, FL 32806",320 Jasmine Ave,,Orlando,FL,32806,Orange,28.524469,-81.373187,single_family,2.0,1.0,1110.0,7880.0,1930.0,Inactive,469000,2023-03-27T00:00:00.000Z,67,13.058360179622305
"1843-Baylarian-Blvd,-Orlando,-FL-32806","1843 Baylarian Blvd, Orlando, FL 32806",1843 Baylarian Blvd,,Orlando,FL,32806,Orange,28.520599,-81.374072,single_family,4.0,2.0,2979.0,7159.0,2018.0,Inactive,1100000,2023-05-27T00:00:00.000Z,6,13.910821646859095
"1700-Hour-Glass-Dr,-Orlando,-FL-32806","1700 Hour Glass Dr, Orlando, FL 32806",1700 Hour Glass Dr,,Orlando,FL,32806,Orange,28.521629,-81.359757,single_family,4.0,2.0,2386.0,6756.0,2013.0,Inactive,899000,2023-05-05T00:00:00.000Z,27,13.70903942580019
"1230-Saint-Tropez-Cir,---Ge,-Orlando,-FL-32806","1230 Saint Tropez Cir, # Ge, Orlando, FL 32806",1230 Saint Tropez Cir,# Ge,Orlando,FL,32806,Orange,28.511549,-81.363266,condo,2.0,2.0,1300.0,10454.0,1983.0,Inactive,310000,2023-05-24T00:00:00.000Z,8,12.644330802262578
"2634-E-Compton-St,-Orlando,-FL-32806","2634 E Compton St, Orlando, FL 32806",2634 E Compton St,,Orlando,FL,32806,Orange,28.511647,-81.346361,single_family,2.0,1.0,1104.0,13504.0,1953.0,Inactive,359000,2023-05-27T00:00:00.000Z,5,12.791080452981857
"4405-Forrestal-Ave,-Orlando,-FL-32806","4405 Forrestal Ave, Orlando, FL 32806",4405 Forrestal Ave,,Orlando,FL,32806,Orange,28.496789,-81.378468,single_family,3.0,2.0,1606.0,9323.0,1986.0,Inactive,349000,2023-05-27T00:00:00.000Z,5,12.762830066509972
"1519-Crestline-St,-Orlando,-FL-32806","1519 Crestline St, Orlando, FL 32806",1519 Crestline St,,Orlando,FL,32806,Orange,28.492306,-81.361002,single_family,3.0,2.0,1480.0,14375.0,1960.0,Inactive,475000,2023-05-27T00:00:00.000Z,5,13.07107218827772
"2807-Dellwood-Dr,-Orlando,-FL-32806","2807 Dellwood Dr, Orlando, FL 32806",2807 Dellwood Dr,,Orlando,FL,32806,Orange,28.529416,-81.347068,single_family,3.0,2.0,1390.0,10454.0,1956.0,Inactive,389900,2023-05-29T00:00:00.000Z,2,12.873648139727594
"792-E-Michigan-St,-Unit-11,-Orlando,-FL-32806","792 E Michigan St, Unit 11, Orlando, FL 32806",792 E Michigan St,Unit 11,Orlando,FL,32806,Orange,28.510329,-81.366838,condo,2.0,2.0,1116.0,9029.0,1970.0,Inactive,200000,2023-05-12T00:00:00.000Z,17,12.206077645517674
"2790-Curry-Ford-Rd,-Unit-D,-Orlando,-FL-32806","2790 Curry Ford Rd, Unit D, Orlando, FL 32806",2790 Curry Ford Rd,Unit D,Orlando,FL,32806,Orange,28.523654,-81.348309,condo,3.0,2.0,1128.0,95396.0,1973.0,Inactive,249900,2023-05-25T00:00:00.000Z,4,12.428820118415677
"2794-Curry-Ford-Rd,-Unit-D,-Orlando,-FL-32806","2794 Curry Ford Rd, Unit D, Orlando, FL 32806",2794 Curry Ford Rd,Unit D,Orlando,FL,32806,Orange,28.523654,-81.348309,condo,3.0,2.0,1128.0,87120.0,1973.0,Inactive,255000,2023-04-16T00:00:00.000Z,42,12.449022745701502
"524-E-Kaley-St,-Orlando,-FL-32806","524 E Kaley St, Orlando, FL 32806",524 E Kaley St,,Orlando,FL,32806,Orange,28.520043,-81.369411,single_family,4.0,2.0,2742.0,7502.0,2022.0,Inactive,799900,2023-04-21T00:00:00.000Z,37,13.592243248992402
"1400-Dunsany-Ave,-Orlando,-FL-32806","1400 Dunsany Ave, Orlando, FL 32806",1400 Dunsany Ave,,Orlando,FL,32806,Orange,28.525296,-81.338922,single_family,4.0,2.0,1630.0,8182.0,1957.0,Inactive,542900,2023-05-06T00:00:00.000Z,22,13.20468226185169
"1429-E-Gore-St,---1,-Orlando,-FL-32806","1429 E Gore St, # 1, Orlando, FL 32806",1429 E Gore St,# 1,Orlando,FL,32806,Orange,28.531541,-81.361053,townhouse,3.0,2.0,1837.0,978.0,2004.0,Inactive,475500,2023-05-23T00:00:00.000Z,5,13.072124264014793
"520-Woodland-St,-Orlando,-FL-32806","520 Woodland St, Orlando, FL 32806",520 Woodland St,,Orlando,FL,32806,Orange,28.522297,-81.369374,single_family,2.0,2.0,1698.0,6962.0,1951.0,Inactive,499000,2023-05-24T00:00:00.000Z,4,13.120363378739663
"4311-Kasper-Dr,-Orlando,-FL-32806","4311 Kasper Dr, Orlando, FL 32806",4311 Kasper Dr,,Orlando,FL,32806,Orange,28.529347,-81.3325,single_family,3.0,3.0,2105.0,27878.0,1966.0,Inactive,789990,2023-04-19T00:00:00.000Z,35,13.579776831973247
"1233-S-Crystal-Lake-Dr,-Orlando,-FL-32806","1233 S Crystal Lake Dr, Orlando, FL 32806",1233 S Crystal Lake Dr,,Orlando,FL,32806,Orange,28.526529,-81.343105,single_family,3.0,2.0,1312.0,8987.0,1955.0,Inactive,389900,2023-04-01T00:00:00.000Z,52,12.873648139727594
"2507-Miscindy-Pl,-Orlando,-FL-32806","2507 Miscindy Pl, Orlando, FL 32806",2507 Miscindy Pl,,Orlando,FL,32806,Orange,28.502085,-81.349706,single_family,3.0,2.0,1924.0,11761.0,1966.0,Inactive,550000,2023-05-18T00:00:00.000Z,5,13.217675375388819
"125-E-Muriel-St,---12,-Orlando,-FL-32806","125 E Muriel St, # 12, Orlando, FL 32806",125 E Muriel St,# 12,Orlando,FL,32806,Orange,28.517768,-81.375537,townhouse,4.0,2.0,2359.0,15682.0,2010.0,Inactive,590000,2023-04-21T00:00:00.000Z,31,13.28787951079572
"1501-Overlake-Ave,-Orlando,-FL-32806","1501 Overlake Ave, Orlando, FL 32806",1501 Overlake Ave,,Orlando,FL,32806,Orange,28.497407,-81.359497,single_family,3.0,3.0,1773.0,10890.0,1959.0,Inactive,449500,2023-04-10T00:00:00.000Z,40,13.015893357585442
"2507-Timberlake-Dr,-Orlando,-FL-32806","2507 Timberlake Dr, Orlando, FL 32806",2507 Timberlake Dr,,Orlando,FL,32806,Orange,28.500241,-81.349893,single_family,3.0,2.0,1978.0,11761.0,1966.0,Inactive,495000,2023-05-12T00:00:00.000Z,8,13.112315061750808
"4225-Conway-Gardens-Rd,-Orlando,-FL-32806","4225 Conway Gardens Rd, Orlando, FL 32806",4225 Conway Gardens Rd,,Orlando,FL,32806,Orange,28.498819,-81.338874,single_family,4.0,2.0,2320.0,10890.0,2007.0,Inactive,575000,2023-03-30T00:00:00.000Z,50,13.26212705890841
"990-E-Michigan-St,-Apt-B,-Orlando,-FL-32806","990 E Michigan St, Apt B, Orlando, FL 32806",990 E Michigan St,Apt B,Orlando,FL,32806,Orange,28.510337,-81.365198,condo,3.0,2.0,1278.0,4070.0,1973.0,Inactive,224899,2023-04-28T00:00:00.000Z,21,12.323411137947407
"942-E-Michigan-St,---942,-Orlando,-FL-32806","942 E Michigan St, # 942, Orlando, FL 32806",942 E Michigan St,# 942,Orlando,FL,32806,Orange,28.512666,-81.365352,condo,1.0,1.0,786.0,6506.0,1973.0,Inactive,184900,2023-05-09T00:00:00.000Z,10,12.127575825689417
"1105-Catalpa-Ln,-Orlando,-FL-32806","1105 Catalpa Ln, Orlando, FL 32806",1105 Catalpa Ln,,Orlando,FL,32806,Orange,28.528342,-81.337553,single_family,3.0,2.0,1544.0,9659.0,1958.0,Inactive,499485,2023-05-16T00:00:00.000Z,3,13.121334848649925
"3503-Tennessee-Ter,-Orlando,-FL-32806","3503 Tennessee Ter, Orlando, FL 32806",3503 Tennessee Ter,,Orlando,FL,32806,Orange,28.518684,-81.340174,single_family,3.0,2.0,1712.0,8439.0,1960.0,Inactive,414900,2023-02-21T00:00:00.000Z,85,12.935795216537384
"602-Sweetbriar-Rd,-Orlando,-FL-32806","602 Sweetbriar Rd, Orlando, FL 32806",602 Sweetbriar Rd,,Orlando,FL,32806,Orange,28.500411,-81.369681,single_family,4.0,3.0,2300.0,13068.0,1958.0,Inactive,599900,2023-05-08T00:00:00.000Z,6,13.304519920584285
"1105-Lake-Weldona-Dr,-Orlando,-FL-32806","1105 Lake Weldona Dr, Orlando, FL 32806",1105 Lake Weldona Dr,,Orlando,FL,32806,Orange,28.52846,-81.361534,single_family,4.0,2.0,2229.0,42689.0,1954.0,Inactive,799000,2023-05-10T00:00:00.000Z,4,13.591117476312084
"4721-S-Fern-Creek-Ave,-Orlando,-FL-32806","4721 S Fern Creek Ave, Orlando, FL 32806",4721 S Fern Creek Ave,,Orlando,FL,32806,Orange,28.49247,-81.359318,single_family,5.0,3.0,3174.0,16117.0,1950.0,Inactive,750000,2023-05-03T00:00:00.000Z,10,13.527829818844937
"2510-Hargill-Dr,-Orlando,-FL-32806","2510 Hargill Dr, Orlando, FL 32806",2510 Hargill Dr,,Orlando,FL,32806,Orange,28.527945,-81.35004,single_family,3.0,2.0,1244.0,10454.0,1954.0,Inactive,384000,2023-02-19T00:00:00.000Z,80,12.85840043573314
"3526-E-Crystal-Lake-Ave,-Orlando,-FL-32806","3526 E Crystal Lake Ave, Orlando, FL 32806",3526 E Crystal Lake Ave,,Orlando,FL,32806,Orange,28.514997,-81.339948,single_family,4.0,2.0,2960.0,6251.0,2019.0,Inactive,824999,2023-05-05T00:00:00.000Z,5,13.623138665316818
"270-W-Pineloch-Ave,-Orlando,-FL-32806","270 W Pineloch Ave, Orlando, FL 32806",270 W Pineloch Ave,,Orlando,FL,32806,Orange,28.508947,-81.3816,single_family,3.0,2.0,1658.0,14810.0,1953.0,Inactive,431000,2023-02-27T00:00:00.000Z,71,12.973865689268807
"2613-Dawley-Ave,-Orlando,-FL-32806","2613 Dawley Ave, Orlando, FL 32806",2613 Dawley Ave,,Orlando,FL,32806,Orange,28.513402,-81.344991,single_family,3.0,2.0,1259.0,10454.0,1966.0,Inactive,400000,2023-03-23T00:00:00.000Z,47,12.899222326086994
"3216-Tennessee-Ter,-Orlando,-FL-32806","3216 Tennessee Ter, Orlando, FL 32806",3216 Tennessee Ter,,Orlando,FL,32806,Orange,28.518427,-81.342466,land,3.0,2.0,1752.0,10019.0,1965.0,Inactive,180000,2021-11-30T00:00:00.000Z,520,12.100717685412471
"1710-Campbell-Ave,-Orlando,-FL-32806","1710 Campbell Ave, Orlando, FL 32806",1710 Campbell Ave,,Orlando,FL,32806,Orange,28.498786,-81.356891,single_family,4.0,2.0,1476.0,8539.0,1959.0,Inactive,379900,2022-12-23T00:00:00.000Z,132,12.847665971443902
"3436-Monteen-Dr,-Orlando,-FL-32806","3436 Monteen Dr, Orlando, FL 32806",3436 Monteen Dr,,Orlando,FL,32806,Orange,28.506784,-81.339388,single_family,3.0,2.0,1248.0,8712.0,1960.0,Inactive,345000,2023-04-24T00:00:00.000Z,10,12.75130259456002
"2408-S-Fern-Creek-Ave,-Orlando,-FL-32806","2408 S Fern Creek Ave, Orlando, FL 32806",2408 S Fern Creek Ave,,Orlando,FL,32806,Orange,28.515269,-81.360186,single_family,3.0,2.0,1178.0,7231.0,1925.0,Inactive,449900,2023-04-24T00:00:00.000Z,9,13.016782837542953
"2629-E-Compton-St,-Orlando,-FL-32806","2629 E Compton St, Orlando, FL 32806",2629 E Compton St,,Orlando,FL,32806,Orange,28.512334,-81.346584,single_family,3.0,2.0,1518.0,13504.0,1953.0,Inactive,390000,2023-02-04T00:00:00.000Z,87,12.873904582205107
"1253-Lake-Willisara-Cir,---14,-Orlando,-FL-32806","1253 Lake Willisara Cir, # 14, Orlando, FL 32806",1253 Lake Willisara Cir,# 14,Orlando,FL,32806,Orange,28.50862,-81.362912,condo,2.0,2.0,1300.0,9559.0,1986.0,Inactive,324500,2023-04-01T00:00:00.000Z,29,12.690043896785632
"2416-S-Shine-Ave,-Orlando,-FL-32806","2416 S Shine Ave, Orlando, FL 32806",2416 S Shine Ave,,Orlando,FL,32806,Orange,28.514852,-81.361203,single_family,4.0,2.0,2635.0,7076.0,2022.0,Inactive,789900,2023-04-10T00:00:00.000Z,20,13.579662900134744
"207-E-Kaley-St,-Orlando,-FL-32806","207 E Kaley St, Orlando, FL 32806",207 E Kaley St,,Orlando,FL,32806,Orange,28.520476,-81.375013,single_family,3.0,2.0,1297.0,5503.0,1949.0,Inactive,459900,2023-03-22T00:00:00.000Z,38,13.038766527911386
"984-E-Michigan-St,---984A,-Orlando,-FL-32806","984 E Michigan St, # 984A, Orlando, FL 32806",984 E Michigan St,# 984A,Orlando,FL,32806,Orange,28.511076,-81.365219,condo,2.0,2.0,1042.0,4112.0,1973.0,Inactive,185000,2023-02-10T00:00:00.000Z,77,12.128116509451258
"768-E-Michigan-St,-Unit-80,-Orlando,-FL-32806","768 E Michigan St, Unit 80, Orlando, FL 32806",768 E Michigan St,Unit 80,Orlando,FL,32806,Orange,28.510666,-81.367397,condo,2.0,2.0,1116.0,8922.0,1967.0,Inactive,209900,2023-03-11T00:00:00.000Z,48,12.254391269970792
"514-Topaz-Way,-Orlando,-FL-32806","514 Topaz Way, Orlando, FL 32806",514 Topaz Way,,Orlando,FL,32806,Orange,28.505028,-81.370875,single_family,3.0,2.0,1794.0,9982.0,1958.0,Inactive,520000,2023-03-24T00:00:00.000Z,35,13.161586013632684
"726-E-Michigan-St,-Unit-156,-Orlando,-FL-32806","726 E Michigan St, Unit 156, Orlando, FL 32806",726 E Michigan St,Unit 156,Orlando,FL,32806,Orange,28.512332,-81.367909,condo,2.0,2.0,994.0,9029.0,1969.0,Inactive,160000,2023-04-12T00:00:00.000Z,16,11.982935344196433
"3111-Williams-St,-Orlando,-FL-32806","3111 Williams St, Orlando, FL 32806",3111 Williams St,,Orlando,FL,32806,Orange,28.505062,-81.356742,single_family,3.0,1.0,1452.0,5913.0,1955.0,Inactive,389900,2023-04-24T00:00:00.000Z,4,12.873648139727594
"1542-George-St,-Orlando,-FL-32806","1542 George St, Orlando, FL 32806",1542 George St,,Orlando,FL,32806,Orange,28.520915,-81.359097,single_family,2.0,1.0,841.0,5620.0,1948.0,Inactive,314900,2022-08-25T00:00:00.000Z,245,12.66001358269538
"1516-Lancaster-Dr,-Orlando,-FL-32806","1516 Lancaster Dr, Orlando, FL 32806",1516 Lancaster Dr,,Orlando,FL,32806,Orange,28.524143,-81.360181,single_family,5.0,4.0,3447.0,13504.0,2023.0,Inactive,1250000,2023-03-23T00:00:00.000Z,34,14.038654909278163
"2315-E-Harding-St,-Orlando,-FL-32806","2315 E Harding St, Orlando, FL 32806",2315 E Harding St,,Orlando,FL,32806,Orange,28.518435,-81.35214,single_family,3.0,2.0,1469.0,9861.0,1962.0,Inactive,445000,2023-04-21T00:00:00.000Z,5,13.005831808336863
"3769-Martin-St,-Orlando,-FL-32806","3769 Martin St, Orlando, FL 32806",3769 Martin St,,Orlando,FL,32806,Orange,28.502998,-81.35836,single_family,4.0,3.0,3086.0,11761.0,2023.0,Inactive,898900,2023-04-22T00:00:00.000Z,3,13.70892818503167
"2521-Lassek-Dr,-Orlando,-FL-32806","2521 Lassek Dr, Orlando, FL 32806",2521 Lassek Dr,,Orlando,FL,32806,Orange,28.514237,-81.343975,single_family,3.0,2.0,1357.0,10019.0,1965.0,Inactive,424900,2023-04-20T00:00:00.000Z,3,12.959611479595074
"2047-Peel-Ave,-Orlando,-FL-32806","2047 Peel Ave, Orlando, FL 32806",2047 Peel Ave,,Orlando,FL,32806,Orange,28.51809,-81.347335,townhouse,3.0,2.0,1862.0,5160.0,2023.0,Inactive,495000,2023-04-11T00:00:00.000Z,11,13.112315061750808
"1812-Bimini-Dr,-Orlando,-FL-32806","1812 Bimini Dr, Orlando, FL 32806",1812 Bimini Dr,,Orlando,FL,32806,Orange,28.528814,-81.356532,single_family,4.0,2.0,2135.0,10890.0,1967.0,Inactive,650000,2023-04-20T00:00:00.000Z,2,13.384729180332174
"3119-Walnut-St,-Orlando,-FL-32806","3119 Walnut St, Orlando, FL 32806",3119 Walnut St,,Orlando,FL,32806,Orange,28.530352,-81.343711,single_family,4.0,3.0,2030.0,11326.0,1955.0,Inactive,635000,2023-01-13T00:00:00.000Z,97,13.361381852676738
"721-Gatlin-Ave,-Orlando,-FL-32806","721 Gatlin Ave, Orlando, FL 32806",721 Gatlin Ave,,Orlando,FL,32806,Orange,28.49455,-81.368132,single_family,5.0,5.0,5052.0,17424.0,2011.0,Inactive,1300000,2023-03-20T00:00:00.000Z,31,14.077875591662238
"2647-Bass-Lake-Blvd,-Orlando,-FL-32806","2647 Bass Lake Blvd, Orlando, FL 32806",2647 Bass Lake Blvd,,Orlando,FL,32806,Orange,28.513553,-81.339911,single_family,4.0,2.0,1541.0,21344.0,1962.0,Inactive,409900,2023-02-03T00:00:00.000Z,75,12.923670946108873
"1100-Delaney-Ave,-Apt-F102,-Orlando,-FL-32806","1100 Delaney Ave, Apt F102, Orlando, FL 32806",1100 Delaney Ave,Apt F102,Orlando,FL,32806,Orange,28.528088,-81.373257,condo,1.0,1.0,751.0,11761.0,1964.0,Inactive,229000,2023-04-14T00:00:00.000Z,5,12.34148164933907
"4408-Gem-Oaks-Ter,-Orlando,-FL-32806","4408 Gem Oaks Ter, Orlando, FL 32806",4408 Gem Oaks Ter,,Orlando,FL,32806,Orange,28.495971,-81.364201,single_family,5.0,5.0,4550.0,38333.0,1960.0,Inactive,1255000,2023-04-14T00:00:00.000Z,5,14.042646927360453
"3001-Nancy-St,-Orlando,-FL-32806","3001 Nancy St, Orlando, FL 32806",3001 Nancy St,,Orlando,FL,32806,Orange,28.527608,-81.345336,single_family,4.0,2.0,2104.0,10890.0,1957.0,Inactive,425000,2023-04-08T00:00:00.000Z,9,12.959846800844963
"433-E-Harding-St,-Orlando,-FL-32806","433 E Harding St, Orlando, FL 32806",433 E Harding St,,Orlando,FL,32806,Orange,28.518719,-81.370923,single_family,2.0,2.0,1180.0,7098.0,1925.0,Inactive,485000,2023-04-13T00:00:00.000Z,4,13.091906231773164
"1238-Newcastle-Dr,-Orlando,-FL-32806","1238 Newcastle Dr, Orlando, FL 32806",1238 Newcastle Dr,,Orlando,FL,32806,Orange,28.526533,-81.342731,single_family,3.0,2.0,1334.0,9014.0,1956.0,Inactive,449999,2023-04-14T00:00:00.000Z,3,13.017002861746503
"4609-Oak-Cove-Ln,-Orlando,-FL-32806","4609 Oak Cove Ln, Orlando, FL 32806",4609 Oak Cove Ln,,Orlando,FL,32806,Orange,28.494361,-81.371545,single_family,3.0,2.0,1858.0,8653.0,1978.0,Inactive,449000,2023-03-20T00:00:00.000Z,27,13.014780393893403
"522-Briercliff-Dr,-Orlando,-FL-32806","522 Briercliff Dr, Orlando, FL 32806",522 Briercliff Dr,,Orlando,FL,32806,Orange,28.527325,-81.369444,multi-family,2.0,3.0,1853.0,7425.0,1948.0,Inactive,589900,2023-04-11T00:00:00.000Z,4,13.287710005192306
"1135-Gatlin-Ave,-Orlando,-FL-32806","1135 Gatlin Ave, Orlando, FL 32806",1135 Gatlin Ave,,Orlando,FL,32806,Orange,28.494975,-81.364253,single_family,3.0,3.0,2364.0,40511.0,1978.0,Inactive,685000,2022-12-30T00:00:00.000Z,105,13.437175577097312
"1905-Bush-Ave,-Orlando,-FL-32806","1905 Bush Ave, Orlando, FL 32806",1905 Bush Ave,,Orlando,FL,32806,Orange,28.499713,-81.355232,single_family,3.0,2.0,1521.0,8253.0,1973.0,Inactive,460000,2023-03-17T00:00:00.000Z,27,13.038983942375959
"4401-Gem-Oaks-Ter,-Orlando,-FL-32806","4401 Gem Oaks Ter, Orlando, FL 32806",4401 Gem Oaks Ter,,Orlando,FL,32806,Orange,28.496762,-81.363647,single_family,4.0,3.0,3011.0,31363.0,1973.0,Inactive,825000,2023-04-10T00:00:00.000Z,3,13.623139877437296
"2603-Shannon-Rd,-Orlando,-FL-32806","2603 Shannon Rd, Orlando, FL 32806",2603 Shannon Rd,,Orlando,FL,32806,Orange,28.510754,-81.349422,single_family,4.0,3.0,2210.0,6522.0,2023.0,Inactive,679900,2023-03-31T00:00:00.000Z,12,13.429702478318
"1020-E-Michigan-St,---1020,-Orlando,-FL-32806","1020 E Michigan St, # 1020, Orlando, FL 32806",1020 E Michigan St,# 1020,Orlando,FL,32806,Orange,28.509549,-81.364944,condo,4.0,2.0,1864.0,6554.0,1973.0,Inactive,329000,2023-04-01T00:00:00.000Z,11,12.703816069256568
"1409-Russell-Ave,-Orlando,-FL-32806","1409 Russell Ave, Orlando, FL 32806",1409 Russell Ave,,Orlando,FL,32806,Orange,28.525625,-81.350259,single_family,4.0,3.0,2210.0,7043.0,2023.0,Inactive,679900,2023-04-08T00:00:00.000Z,4,13.429702478318
"2260-Raeford-Rd,---A8,-Orlando,-FL-32806","2260 Raeford Rd, # A8, Orlando, FL 32806",2260 Raeford Rd,# A8,Orlando,FL,32806,Orange,28.509286,-81.352853,condo,2.0,1.0,677.0,720.0,1969.0,Inactive,149000,2023-04-03T00:00:00.000Z,8,11.91170829631447
"2429-S-Brown-Ave,-Orlando,-FL-32806","2429 S Brown Ave, Orlando, FL 32806",2429 S Brown Ave,,Orlando,FL,32806,Orange,28.514572,-81.361639,single_family,3.0,2.0,1410.0,7088.0,2003.0,Inactive,549000,2022-09-26T00:00:00.000Z,194,13.215855541983634
"738-E-Michigan-St,-Unit-108,-Orlando,-FL-32806","738 E Michigan St, Unit 108, Orlando, FL 32806",738 E Michigan St,Unit 108,Orlando,FL,32806,Orange,28.511189,-81.367592,condo,2.0,1.0,927.0,5144.0,1969.0,Inactive,179900,2023-02-09T00:00:00.000Z,56,12.100161978566867
"1040-Lake-Weldona-Dr,-Orlando,-FL-32806","1040 Lake Weldona Dr, Orlando, FL 32806",1040 Lake Weldona Dr,,Orlando,FL,32806,Orange,28.529783,-81.361893,single_family,5.0,3.0,3510.0,8995.0,2007.0,Inactive,1295000,2023-03-11T00:00:00.000Z,24,14.07402202531625
"1806-Melvin-Ave,-Orlando,-FL-32806","1806 Melvin Ave, Orlando, FL 32806",1806 Melvin Ave,,Orlando,FL,32806,Orange,28.504611,-81.356545,single_family,3.0,2.0,1236.0,8154.0,1957.0,Inactive,369900,2023-03-28T00:00:00.000Z,7,12.820990681250251
"1625-S-Eola-Dr,-Orlando,-FL-32806","1625 S Eola Dr, Orlando, FL 32806",1625 S Eola Dr,,Orlando,FL,32806,Orange,28.522975,-81.368891,single_family,4.0,3.0,2418.0,6680.0,1926.0,Inactive,729000,2023-03-18T00:00:00.000Z,16,13.499430382731967
"4007-Kasper-Dr,-Orlando,-FL-32806","4007 Kasper Dr, Orlando, FL 32806",4007 Kasper Dr,,Orlando,FL,32806,Orange,28.528719,-81.334239,single_family,3.0,2.0,1976.0,37897.0,1959.0,Inactive,569000,2023-03-17T00:00:00.000Z,15,13.251637470576167
"3214-Braddock-Ave,-Orlando,-FL-32806","3214 Braddock Ave, Orlando, FL 32806",3214 Braddock Ave,,Orlando,FL,32806,Orange,28.523079,-81.342714,single_family,3.0,2.0,1268.0,8049.0,1956.0,Inactive,362500,2023-03-24T00:00:00.000Z,8,12.80078251189375
"1525-S-Mills-Ave,-Orlando,-FL-32806","1525 S Mills Ave, Orlando, FL 32806",1525 S Mills Ave,,Orlando,FL,32806,Orange,28.523627,-81.363807,single_family,2.0,2.0,1329.0,9056.0,1940.0,Inactive,535000,2023-03-25T00:00:00.000Z,7,13.190023895035274
"584-Scotia-Pl,-Orlando,-FL-32806","584 Scotia Pl, Orlando, FL 32806",584 Scotia Pl,,Orlando,FL,32806,Orange,28.513691,-81.368261,townhouse,3.0,2.0,2111.0,1182.0,2014.0,Inactive,495000,2023-03-21T00:00:00.000Z,10,13.112315061750808
"1072-E-Michigan-St,---1072B,-Orlando,-FL-32806","1072 E Michigan St, # 1072B, Orlando, FL 32806",1072 E Michigan St,# 1072B,Orlando,FL,32806,Orange,28.5119,-81.364761,condo,2.0,2.0,1063.0,4112.0,1973.0,Inactive,209900,2023-03-23T00:00:00.000Z,7,12.254391269970792
"1204-Salerno-Ct,---1204,-Orlando,-FL-32806","1204 Salerno Ct, # 1204, Orlando, FL 32806",1204 Salerno Ct,# 1204,Orlando,FL,32806,Orange,28.51004,-81.363176,condo,2.0,2.0,1387.0,7201.0,1984.0,Inactive,350000,2023-03-23T00:00:00.000Z,5,12.765691290604371
"610-E-Gore-St,-Orlando,-FL-32806","610 E Gore St, Orlando, FL 32806",610 E Gore St,,Orlando,FL,32806,Orange,28.530707,-81.369151,single_family,4.0,2.0,3838.0,10454.0,1991.0,Inactive,1395000,2023-03-23T00:00:00.000Z,5,14.148405690083225
"2209-Hargill-Dr,-Orlando,-FL-32806","2209 Hargill Dr, Orlando, FL 32806",2209 Hargill Dr,,Orlando,FL,32806,Orange,28.528914,-81.353343,single_family,2.0,2.0,1408.0,10019.0,1953.0,Inactive,350000,2023-03-24T00:00:00.000Z,4,12.765691290604371
"1837-Baylarian-Blvd,-Orlando,-FL-32806","1837 Baylarian Blvd, Orlando, FL 32806",1837 Baylarian Blvd,,Orlando,FL,32806,Orange,28.520758,-81.373962,single_family,5.0,5.0,3413.0,9033.0,2008.0,Inactive,1039000,2023-02-01T00:00:00.000Z,53,13.853770232544809
"28-W-Esther-St,-Unit-B,-Orlando,-FL-32806","28 W Esther St, Unit B, Orlando, FL 32806",28 W Esther St,Unit B,Orlando,FL,32806,Orange,28.519129,-81.377386,condo,3.0,2.0,1589.0,700.0,2007.0,Inactive,429000,2023-02-12T00:00:00.000Z,42,12.969214528909768
"2005-Page-Ave,-Orlando,-FL-32806","2005 Page Ave, Orlando, FL 32806",2005 Page Ave,,Orlando,FL,32806,Orange,28.516157,-81.35379,single_family,2.0,1.0,1052.0,6945.0,1940.0,Inactive,309900,2022-12-15T00:00:00.000Z,100,12.644008170618003
"3214-E-Jersey-Ave,-Orlando,-FL-32806","3214 E Jersey Ave, Orlando, FL 32806",3214 E Jersey Ave,,Orlando,FL,32806,Orange,28.514162,-81.341917,single_family,4.0,2.0,2274.0,26572.0,2015.0,Inactive,745000,2023-02-23T00:00:00.000Z,30,13.521140839642674
"621-E-Kaley-St,-Orlando,-FL-32806","621 E Kaley St, Orlando, FL 32806",621 E Kaley St,,Orlando,FL,32806,Orange,28.520569,-81.368332,single_family,4.0,3.0,2843.0,6826.0,2007.0,Inactive,849999,2023-02-07T00:00:00.000Z,43,13.652991628466498
"1007-E-Kaley-St,-Orlando,-FL-32806","1007 E Kaley St, Orlando, FL 32806",1007 E Kaley St,,Orlando,FL,32806,Orange,28.520635,-81.365614,single_family,3.0,3.0,2526.0,7501.0,2003.0,Inactive,849000,2023-01-18T00:00:00.000Z,62,13.651815643149092
"1720-Overlake-Ave,-Orlando,-FL-32806","1720 Overlake Ave, Orlando, FL 32806",1720 Overlake Ave,,Orlando,FL,32806,Orange,28.496906,-81.356193,single_family,3.0,2.0,2112.0,10890.0,1959.0,Inactive,459000,2023-02-24T00:00:00.000Z,25,13.036807667689546
"4825-Big-Oaks-Ln,-Orlando,-FL-32806","4825 Big Oaks Ln, Orlando, FL 32806",4825 Big Oaks Ln,,Orlando,FL,32806,Orange,28.493767,-81.353704,single_family,4.0,2.0,2594.0,12197.0,1991.0,Inactive,639900,2023-03-08T00:00:00.000Z,13,13.36906875587051
"540-Lanark-Ct,-Orlando,-FL-32806","540 Lanark Ct, Orlando, FL 32806",540 Lanark Ct,,Orlando,FL,32806,Orange,28.514405,-81.368902,townhouse,4.0,2.0,2101.0,1182.0,2013.0,Inactive,519000,2023-03-09T00:00:00.000Z,11,13.159661088928443
"714-Florida-St,-Orlando,-FL-32806","714 Florida St, Orlando, FL 32806",714 Florida St,,Orlando,FL,32806,Orange,28.528987,-81.367616,single_family,3.0,2.0,1968.0,12197.0,1935.0,Inactive,699000,2023-03-06T00:00:00.000Z,11,13.457407451830088
"746-E-Michigan-St,-Unit-118,-Orlando,-FL-32806","746 E Michigan St, Unit 118, Orlando, FL 32806",746 E Michigan St,Unit 118,Orlando,FL,32806,Orange,28.511587,-81.367913,condo,2.0,1.0,927.0,5497.0,1969.0,Inactive,169900,2023-01-20T00:00:00.000Z,55,12.042971193457888
"2280-Norwell-Ave,-Orlando,-FL-32806","2280 Norwell Ave, Orlando, FL 32806",2280 Norwell Ave,,Orlando,FL,32806,Orange,28.517289,-81.341564,single_family,2.0,2.0,1030.0,6002.0,1950.0,Inactive,290000,2023-01-26T00:00:00.000Z,48,12.577639650232573
"1081-Lake-Weldona-Dr,-Orlando,-FL-32806","1081 Lake Weldona Dr, Orlando, FL 32806",1081 Lake Weldona Dr,,Orlando,FL,32806,Orange,28.528816,-81.361502,single_family,3.0,2.0,1561.0,14810.0,1959.0,Inactive,619000,2023-03-10T00:00:00.000Z,3,13.335862167174314
"1240-Lake-Willisara-Cir,---22,-Orlando,-FL-32806","1240 Lake Willisara Cir, # 22, Orlando, FL 32806",1240 Lake Willisara Cir,# 22,Orlando,FL,32806,Orange,28.508004,-81.362724,condo,2.0,2.0,1300.0,9559.0,1986.0,Inactive,329900,2023-03-09T00:00:00.000Z,3,12.706547888433661
"520-Baker-St,-Orlando,-FL-32806","520 Baker St, Orlando, FL 32806",520 Baker St,,Orlando,FL,32806,Orange,28.526409,-81.369434,single_family,3.0,2.0,1407.0,7836.0,1951.0,Inactive,525000,2023-03-03T00:00:00.000Z,8,13.171155446333852
"116-E-Muriel-St,-Orlando,-FL-32806","116 E Muriel St, Orlando, FL 32806",116 E Muriel St,,Orlando,FL,32806,Orange,28.51724,-81.37563,multi-family,3.0,2.0,1416.0,7328.0,1930.0,Inactive,439000,2022-10-22T00:00:00.000Z,137,12.992256969959042
"1506-Wise-Ave,-Orlando,-FL-32806","1506 Wise Ave, Orlando, FL 32806",1506 Wise Ave,,Orlando,FL,32806,Orange,28.525469,-81.348377,single_family,2.0,1.0,880.0,6744.0,1947.0,Inactive,290000,2023-01-26T00:00:00.000Z,40,12.577639650232573
"1617-Campbell-Ave,-Orlando,-FL-32806","1617 Campbell Ave, Orlando, FL 32806",1617 Campbell Ave,,Orlando,FL,32806,Orange,28.499279,-81.357549,single_family,4.0,2.0,1719.0,8400.0,1958.0,Inactive,399900,2022-11-10T00:00:00.000Z,116,12.89897229545694
"1701-Baldwin-Dr,-Orlando,-FL-32806","1701 Baldwin Dr, Orlando, FL 32806",1701 Baldwin Dr,,Orlando,FL,32806,Orange,28.522944,-81.34153,single_family,4.0,3.0,1584.0,8062.0,1956.0,Inactive,450000,2023-02-22T00:00:00.000Z,12,13.017005083966255
"518-Lillian-Dr,-Orlando,-FL-32806","518 Lillian Dr, Orlando, FL 32806",518 Lillian Dr,,Orlando,FL,32806,Orange,28.49827,-81.370547,single_family,3.0,2.0,2563.0,50530.0,1933.0,Inactive,914900,2023-02-27T00:00:00.000Z,7,13.72657114168266
"2642-E-Compton-St,-Orlando,-FL-32806","2642 E Compton St, Orlando, FL 32806",2642 E Compton St,,Orlando,FL,32806,Orange,28.51165,-81.345925,single_family,3.0,1.0,1400.0,13504.0,1953.0,Inactive,350000,2023-03-02T00:00:00.000Z,3,12.765691290604371
"2216-Miscindy-Pl,-Orlando,-FL-32806","2216 Miscindy Pl, Orlando, FL 32806",2216 Miscindy Pl,,Orlando,FL,32806,Orange,28.501494,-81.351719,single_family,4.0,3.0,2031.0,10454.0,1964.0,Inactive,469000,2023-01-10T00:00:00.000Z,52,13.058360179622305
"1106-Salerno-Ct,---Ge,-Orlando,-FL-32806","1106 Salerno Ct, # Ge, Orlando, FL 32806",1106 Salerno Ct,# Ge,Orlando,FL,32806,Orange,28.509632,-81.364149,condo,2.0,2.0,1380.0,9041.0,1984.0,Inactive,265000,2023-02-23T00:00:00.000Z,8,12.487488878546145
"1500-Edmundshire-Ln,-Orlando,-FL-32806","1500 Edmundshire Ln, Orlando, FL 32806",1500 Edmundshire Ln,,Orlando,FL,32806,Orange,28.524936,-81.333308,single_family,2.0,1.0,1040.0,9703.0,1958.0,Inactive,299000,2022-12-12T00:00:00.000Z,80,12.608202196848836
"2700-Orange-Peel-Ct,-Orlando,-FL-32806","2700 Orange Peel Ct, Orlando, FL 32806",2700 Orange Peel Ct,,Orlando,FL,32806,Orange,28.522071,-81.347773,multi-family,2.0,2.0,1217.0,5622.0,1984.0,Inactive,359900,2023-02-22T00:00:00.000Z,8,12.79358427261286
"1734-Valley-Forge-Rd,-Orlando,-FL-32806","1734 Valley Forge Rd, Orlando, FL 32806",1734 Valley Forge Rd,,Orlando,FL,32806,Orange,28.506075,-81.357722,single_family,4.0,2.0,2000.0,11761.0,1976.0,Inactive,550000,2022-09-16T00:00:00.000Z,166,13.217675375388819
"792-E-Michigan-St,-Unit-14,-Orlando,-FL-32806","792 E Michigan St, Unit 14, Orlando, FL 32806",792 E Michigan St,Unit 14,Orlando,FL,32806,Orange,28.510329,-81.366838,condo,1.0,1.0,715.0,10454.0,1967.0,Inactive,129900,2022-11-04T00:00:00.000Z,117,11.774527900858468
"984-E-Michigan-St,---984,-Orlando,-FL-32806","984 E Michigan St, # 984, Orlando, FL 32806",984 E Michigan St,# 984,Orlando,FL,32806,Orange,28.511076,-81.365219,condo,2.0,2.0,1042.0,4112.0,1973.0,Inactive,210000,2023-02-10T00:00:00.000Z,19,12.25486757159303
"730-E-Michigan-St,-Unit-132,-Orlando,-FL-32806","730 E Michigan St, Unit 132, Orlando, FL 32806",730 E Michigan St,Unit 132,Orlando,FL,32806,Orange,28.512172,-81.367626,condo,2.0,2.0,994.0,12197.0,1969.0,Inactive,179000,2023-02-17T00:00:00.000Z,12,12.095146671399466
"1811-Antilles-Pl,-Orlando,-FL-32806","1811 Antilles Pl, Orlando, FL 32806",1811 Antilles Pl,,Orlando,FL,32806,Orange,28.53023,-81.356641,single_family,4.0,3.0,2180.0,10890.0,1959.0,Inactive,599000,2023-01-05T00:00:00.000Z,54,13.303018546545275
"768-E-Michigan-St,-Unit-79,-Orlando,-FL-32806","768 E Michigan St, Unit 79, Orlando, FL 32806",768 E Michigan St,Unit 79,Orlando,FL,32806,Orange,28.510666,-81.367397,condo,2.0,2.0,1116.0,8922.0,1967.0,Inactive,170000,2023-01-26T00:00:00.000Z,33,12.04355959836804
"3023-Crystal-Oak-Ct,-Orlando,-FL-32806","3023 Crystal Oak Ct, Orlando, FL 32806",3023 Crystal Oak Ct,,Orlando,FL,32806,Orange,28.504737,-81.344104,single_family,4.0,3.0,3060.0,10890.0,1997.0,Inactive,790000,2023-02-15T00:00:00.000Z,13,13.579789490265188
"2223-Carlton-Dr,-Orlando,-FL-32806","2223 Carlton Dr, Orlando, FL 32806",2223 Carlton Dr,,Orlando,FL,32806,Orange,28.522087,-81.352791,single_family,3.0,2.0,1020.0,10890.0,1959.0,Inactive,335000,2022-07-15T00:00:00.000Z,226,12.721888795877375
"3017-Conway-Gardens-Rd,-Orlando,-FL-32806","3017 Conway Gardens Rd, Orlando, FL 32806",3017 Conway Gardens Rd,,Orlando,FL,32806,Orange,28.506527,-81.338911,single_family,3.0,2.0,1399.0,7921.0,1958.0,Inactive,339000,2023-02-04T00:00:00.000Z,22,12.733758336210744
"792-E-Michigan-St,-Unit-3,-Orlando,-FL-32806","792 E Michigan St, Unit 3, Orlando, FL 32806",792 E Michigan St,Unit 3,Orlando,FL,32806,Orange,28.510329,-81.366838,condo,2.0,2.0,1116.0,10454.0,1967.0,Inactive,175000,2023-01-25T00:00:00.000Z,31,12.07254696717504
"1129-S-Crystal-Lake-Dr,-Orlando,-FL-32806","1129 S Crystal Lake Dr, Orlando, FL 32806",1129 S Crystal Lake Dr,,Orlando,FL,32806,Orange,28.528014,-81.343115,single_family,3.0,2.0,1312.0,9238.0,1955.0,Inactive,410000,2023-01-16T00:00:00.000Z,39,12.923914877701906
"2732-Walnut-St,-Orlando,-FL-32806","2732 Walnut St, Orlando, FL 32806",2732 Walnut St,,Orlando,FL,32806,Orange,28.529612,-81.347878,single_family,3.0,2.0,1340.0,8468.0,1964.0,Inactive,499900,2022-09-15T00:00:00.000Z,161,13.12216535779974
"28-W-Esther-St,-Unit-D,-Orlando,-FL-32806","28 W Esther St, Unit D, Orlando, FL 32806",28 W Esther St,Unit D,Orlando,FL,32806,Orange,28.519019,-81.377386,condo,3.0,2.0,1589.0,700.0,2007.0,Inactive,399000,2023-02-09T00:00:00.000Z,14,12.896719202134523
"514-E-Miller-St,-Orlando,-FL-32806","514 E Miller St, Orlando, FL 32806",514 E Miller St,,Orlando,FL,32806,Orange,28.523661,-81.369642,single_family,2.0,2.0,1620.0,11326.0,1950.0,Inactive,509000,2023-02-18T00:00:00.000Z,5,13.140205260167273
"60-Waverly-Pl,-Orlando,-FL-32806","60 Waverly Pl, Orlando, FL 32806",60 Waverly Pl,,Orlando,FL,32806,Orange,28.528461,-81.375943,single_family,4.0,3.0,3168.0,7754.0,1906.0,Inactive,1297777,2022-10-04T00:00:00.000Z,141,14.076164129260997
"772-E-Michigan-St,-Unit-66,-Orlando,-FL-32806","772 E Michigan St, Unit 66, Orlando, FL 32806",772 E Michigan St,Unit 66,Orlando,FL,32806,Orange,28.510399,-81.367631,condo,2.0,2.0,1116.0,5888.0,1967.0,Inactive,214900,2023-01-17T00:00:00.000Z,35,12.277932735946903
"1941-Essex-Pl,-Orlando,-FL-32806","1941 Essex Pl, Orlando, FL 32806",1941 Essex Pl,,Orlando,FL,32806,Orange,28.518956,-81.353033,single_family,2.0,2.0,1514.0,6433.0,1956.0,Inactive,339000,2023-02-17T00:00:00.000Z,3,12.733758336210744
"2730-Dellwood-Dr,-Orlando,-FL-32806","2730 Dellwood Dr, Orlando, FL 32806",2730 Dellwood Dr,,Orlando,FL,32806,Orange,28.528837,-81.347877,single_family,3.0,2.0,1640.0,8803.0,1962.0,Inactive,514990,2023-02-13T00:00:00.000Z,6,13.151904703765016
"1405-Lake-Margaret-Dr,-Orlando,-FL-32806","1405 Lake Margaret Dr, Orlando, FL 32806",1405 Lake Margaret Dr,,Orlando,FL,32806,Orange,28.505825,-81.360631,single_family,4.0,2.0,2535.0,11761.0,1959.0,Inactive,649000,2023-02-14T00:00:00.000Z,5,13.38318953651709
"2620-Hawthorne-St,-Orlando,-FL-32806","2620 Hawthorne St, Orlando, FL 32806",2620 Hawthorne St,,Orlando,FL,32806,Orange,28.507458,-81.348679,single_family,4.0,2.0,1155.0,6759.0,1957.0,Inactive,346500,2022-12-18T00:00:00.000Z,62,12.755640983610817
"2116-E-Grant-Ave,-Orlando,-FL-32806","2116 E Grant Ave, Orlando, FL 32806",2116 E Grant Ave,,Orlando,FL,32806,Orange,28.516549,-81.35316,multi-family,3.0,2.0,1224.0,6361.0,1988.0,Inactive,399900,2023-01-23T00:00:00.000Z,26,12.89897229545694
"2023-White-Ave,-Orlando,-FL-32806","2023 White Ave, Orlando, FL 32806",2023 White Ave,,Orlando,FL,32806,Orange,28.502477,-81.353913,single_family,4.0,2.0,1870.0,7047.0,2023.0,Inactive,550000,2023-02-06T00:00:00.000Z,12,13.217675375388819
"618-Sweetbriar-Rd,-Orlando,-FL-32806","618 Sweetbriar Rd, Orlando, FL 32806",618 Sweetbriar Rd,,Orlando,FL,32806,Orange,28.500426,-81.369085,single_family,3.0,2.0,1802.0,12632.0,1957.0,Inactive,575000,2023-02-15T00:00:00.000Z,3,13.26212705890841
"3013-Dellwood-Dr,-Orlando,-FL-32806","3013 Dellwood Dr, Orlando, FL 32806",3013 Dellwood Dr,,Orlando,FL,32806,Orange,28.529432,-81.34491,single_family,3.0,2.0,1651.0,10454.0,1956.0,Inactive,385000,2023-02-08T00:00:00.000Z,7,12.861001210669146
"2907-Dellwood-Dr,-Orlando,-FL-32806","2907 Dellwood Dr, Orlando, FL 32806",2907 Dellwood Dr,,Orlando,FL,32806,Orange,28.529424,-81.346109,single_family,3.0,2.0,1438.0,10454.0,1956.0,Inactive,449500,2023-02-10T00:00:00.000Z,5,13.015893357585442
"3035-Dawley-Ave,-Orlando,-FL-32806","3035 Dawley Ave, Orlando, FL 32806",3035 Dawley Ave,,Orlando,FL,32806,Orange,28.507867,-81.344847,single_family,3.0,2.0,2363.0,16988.0,1970.0,Inactive,669000,2022-11-02T00:00:00.000Z,102,13.41354083387756
"526-E-Esther-St,-Orlando,-FL-32806","526 E Esther St, Orlando, FL 32806",526 E Esther St,,Orlando,FL,32806,Orange,28.519121,-81.3694,single_family,3.0,2.0,1184.0,7015.0,1965.0,Inactive,385000,2023-02-08T00:00:00.000Z,4,12.861001210669146
"550-Fenway-Pl,-Orlando,-FL-32806","550 Fenway Pl, Orlando, FL 32806",550 Fenway Pl,,Orlando,FL,32806,Orange,28.514536,-81.368543,townhouse,4.0,2.0,2363.0,1719.0,2013.0,Inactive,495000,2023-02-08T00:00:00.000Z,4,13.112315061750808
"1808-S-Bumby-Ave,-Orlando,-FL-32806","1808 S Bumby Ave, Orlando, FL 32806",1808 S Bumby Ave,,Orlando,FL,32806,Orange,28.520761,-81.351915,single_family,3.0,2.0,1246.0,10454.0,1930.0,Inactive,445000,2022-11-17T00:00:00.000Z,86,13.005831808336863
"2315-Raehn-St,-Orlando,-FL-32806","2315 Raehn St, Orlando, FL 32806",2315 Raehn St,,Orlando,FL,32806,Orange,28.525756,-81.352077,single_family,3.0,2.0,2280.0,7702.0,2016.0,Inactive,650000,2023-01-26T00:00:00.000Z,16,13.384729180332174
"928-S-Mills-Ave,-Orlando,-FL-32806","928 S Mills Ave, Orlando, FL 32806",928 S Mills Ave,,Orlando,FL,32806,Orange,28.530248,-81.364425,single_family,2.0,2.0,1332.0,9384.0,1925.0,Inactive,449500,2023-01-30T00:00:00.000Z,12,13.015893357585442
"124-E-Muriel-St,-Orlando,-FL-32806","124 E Muriel St, Orlando, FL 32806",124 E Muriel St,,Orlando,FL,32806,Orange,28.517242,-81.375318,single_family,2.0,2.0,1354.0,7311.0,1949.0,Inactive,399950,2023-01-04T00:00:00.000Z,37,12.899097318586382
"1794-Geigel-Ave,-Orlando,-FL-32806","1794 Geigel Ave, Orlando, FL 32806",1794 Geigel Ave,,Orlando,FL,32806,Orange,28.500996,-81.356911,single_family,3.0,2.0,1434.0,7016.0,1992.0,Inactive,399900,2022-12-22T00:00:00.000Z,48,12.89897229545694
"2726-S-Brown-Ave,-Orlando,-FL-32806","2726 S Brown Ave, Orlando, FL 32806",2726 S Brown Ave,,Orlando,FL,32806,Orange,28.511829,-81.362192,land,2.0,2.0,1713.0,22216.0,1978.0,Inactive,480000,2023-01-18T00:00:00.000Z,21,13.081543466215237
"3448-Lila-Dr,-Orlando,-FL-32806","3448 Lila Dr, Orlando, FL 32806",3448 Lila Dr,,Orlando,FL,32806,Orange,28.503665,-81.346668,single_family,4.0,2.0,1944.0,9450.0,1966.0,Inactive,469900,2023-02-03T00:00:00.000Z,5,13.060277313201007
"2029-White-Ave,-Orlando,-FL-32806","2029 White Ave, Orlando, FL 32806",2029 White Ave,,Orlando,FL,32806,Orange,28.502479,-81.353744,single_family,3.0,2.0,1898.0,8289.0,2023.0,Inactive,550000,2023-01-11T00:00:00.000Z,27,13.217675375388819
"3016-Hargill-Dr,-Orlando,-FL-32806","3016 Hargill Dr, Orlando, FL 32806",3016 Hargill Dr,,Orlando,FL,32806,Orange,28.527985,-81.344741,single_family,3.0,1.0,1103.0,9366.0,1954.0,Inactive,335000,2023-02-02T00:00:00.000Z,5,12.721888795877375
"114-E-Harding-St,---3,-Orlando,-FL-32806","114 E Harding St, # 3, Orlando, FL 32806",114 E Harding St,# 3,Orlando,FL,32806,Orange,28.518134,-81.375604,townhouse,5.0,3.0,3282.0,10454.0,2004.0,Inactive,649000,2022-12-19T00:00:00.000Z,49,13.38318953651709
"2786-Curry-Ford-Rd,-Unit-A,-Orlando,-FL-32806","2786 Curry Ford Rd, Unit A, Orlando, FL 32806",2786 Curry Ford Rd,Unit A,Orlando,FL,32806,Orange,28.523654,-81.348309,condo,2.0,1.0,864.0,95396.0,1973.0,Inactive,225000,2023-02-02T00:00:00.000Z,4,12.323860125621126
"3808-Harbour-Dr,-Orlando,-FL-32806","3808 Harbour Dr, Orlando, FL 32806",3808 Harbour Dr,,Orlando,FL,32806,Orange,28.498338,-81.346445,single_family,3.0,2.0,2087.0,16117.0,1959.0,Inactive,735000,2022-10-09T00:00:00.000Z,119,13.507627138738266
"528-Lanark-Ct,-Orlando,-FL-32806","528 Lanark Ct, Orlando, FL 32806",528 Lanark Ct,,Orlando,FL,32806,Orange,28.514404,-81.369099,townhouse,4.0,2.0,2020.0,1182.0,2013.0,Inactive,482000,2023-01-27T00:00:00.000Z,7,13.085701467719382
"3507-Carns-Ave,-Orlando,-FL-32806","3507 Carns Ave, Orlando, FL 32806",3507 Carns Ave,,Orlando,FL,32806,Orange,28.501079,-81.341231,single_family,4.0,2.0,1591.0,8804.0,1958.0,Inactive,425000,2023-01-18T00:00:00.000Z,15,12.959846800844963
"1620-S-Eola-Dr,-Orlando,-FL-32806","1620 S Eola Dr, Orlando, FL 32806",1620 S Eola Dr,,Orlando,FL,32806,Orange County,28.523143,-81.369521,single_family,4.0,2.0,3085.0,11326.0,1949.0,Inactive,1225000,2022-11-22T20:18:24.000Z,70,14.018452218287162
"730-Lake-Davis-Dr,-Orlando,-FL-32806","730 Lake Davis Dr, Orlando, FL 32806",730 Lake Davis Dr,,Orlando,FL,32806,Orange County,28.529443,-81.36718,single_family,3.0,3.0,2432.0,9970.0,1950.0,Inactive,750000,2023-01-26T21:29:55.000Z,5,13.527829818844937
"2409-E-Gore-St,-Orlando,-FL-32806","2409 E Gore St, Orlando, FL 32806",2409 E Gore St,,Orlando,FL,32806,Orange County,28.531642,-81.351239,single_family,3.0,1.0,1694.0,10890.0,1949.0,Inactive,424000,2022-12-09T12:07:34.000Z,57,12.95749109270188
"2420-E-Illiana-St,-Orlando,-FL-32806","2420 E Illiana St, Orlando, FL 32806",2420 E Illiana St,,Orlando,FL,32806,Orange County,28.511103,-81.350592,multi-family,4.0,4.0,1781.0,6522.0,1984.0,Inactive,450000,2022-10-31T21:49:27.000Z,94,13.017005083966255
"3501-Marwood-Dr,-Orlando,-FL-32806","3501 Marwood Dr, Orlando, FL 32806",3501 Marwood Dr,,Orlando,FL,32806,Orange County,28.50151,-81.348122,single_family,3.0,2.0,2154.0,31363.0,1965.0,Inactive,699995,2022-12-30T22:05:49.000Z,34,13.4588298997235
"1708-Overlake-Ave,-Orlando,-FL-32806","1708 Overlake Ave, Orlando, FL 32806",1708 Overlake Ave,,Orlando,FL,32806,Orange County,28.496901,-81.356947,single_family,3.0,2.0,1534.0,11761.0,1965.0,Inactive,379500,2023-01-19T19:14:50.000Z,12,12.846612510860464
"303-E-Jersey-St,-Orlando,-FL-32806","303 E Jersey St, Orlando, FL 32806",303 E Jersey St,,Orlando,FL,32806,Orange County,28.514141,-81.373904,single_family,3.0,2.0,1391.0,8164.0,1954.0,Inactive,450000,2023-01-13T14:08:11.000Z,17,13.017005083966255
"2131-Geigel-Ct,-Orlando,-FL-32806","2131 Geigel Ct, Orlando, FL 32806",2131 Geigel Ct,,Orlando,FL,32806,Orange County,28.501131,-81.352439,single_family,4.0,2.0,1728.0,9538.0,1970.0,Inactive,515000,2022-12-03T15:17:38.000Z,58,13.151924121391561
"2215-Vine-St,-Orlando,-FL-32806","2215 Vine St, Orlando, FL 32806",2215 Vine St,,Orlando,FL,32806,Orange County,28.526918,-81.353031,single_family,4.0,2.0,1134.0,6852.0,1954.0,Inactive,225000,2023-01-20T16:11:36.000Z,9,12.323860125621126
"2904-E-Jersey-Ave,-Orlando,-FL-32806","2904 E Jersey Ave, Orlando, FL 32806",2904 E Jersey Ave,,Orlando,FL,32806,Orange County,28.513833,-81.346356,single_family,3.0,2.0,1201.0,7993.0,1957.0,Inactive,329900,2022-12-21T19:17:58.000Z,36,12.706547888433661
"1326-Edmundshire-Ln,-Orlando,-FL-32806","1326 Edmundshire Ln, Orlando, FL 32806",1326 Edmundshire Ln,,Orlando,FL,32806,Orange County,28.525605,-81.333316,single_family,3.0,2.0,1235.0,9703.0,1959.0,Inactive,350000,2023-01-12T23:36:20.000Z,13,12.765691290604371
"1238-Saint-Tropez-Cir,---1238,-Orlando,-FL-32806","1238 Saint Tropez Cir, # 1238, Orlando, FL 32806",1238 Saint Tropez Cir,# 1238,Orlando,FL,32806,Orange County,28.511518,-81.363265,condo,2.0,2.0,1380.0,9029.0,1983.0,Inactive,337500,2023-01-11T22:29:16.000Z,13,12.729323752253295
"1480-E-Illiana-St,-Orlando,-FL-32806","1480 E Illiana St, Orlando, FL 32806",1480 E Illiana St,,Orlando,FL,32806,Orange County,28.51115,-81.361275,single_family,3.0,2.0,1621.0,5615.0,2008.0,Inactive,439999,2022-08-23T17:36:37.000Z,152,12.994530005894443
"2989-Tennessee-Ter,-Orlando,-FL-32806","2989 Tennessee Ter, Orlando, FL 32806",2989 Tennessee Ter,,Orlando,FL,32806,Orange County,28.518876,-81.34613,single_family,4.0,3.0,1820.0,10454.0,1973.0,Inactive,479000,2022-10-18T23:05:34.000Z,96,13.079457964073546
"3320-Hargill-Dr,-Orlando,-FL-32806","3320 Hargill Dr, Orlando, FL 32806",3320 Hargill Dr,,Orlando,FL,32806,Orange County,28.527809,-81.341479,single_family,3.0,2.0,1244.0,10019.0,1956.0,Inactive,365000,2022-11-07T12:41:07.000Z,77,12.807655372286902
"3112-Illingworth-Ave,-Orlando,-FL-32806","3112 Illingworth Ave, Orlando, FL 32806",3112 Illingworth Ave,,Orlando,FL,32806,Orange County,28.50338,-81.343834,single_family,3.0,2.0,1465.0,8348.0,1958.0,Inactive,405000,2023-01-09T15:11:17.000Z,13,12.91164481522143
"3918-Bayview-Dr,-Orlando,-FL-32806","3918 Bayview Dr, Orlando, FL 32806",3918 Bayview Dr,,Orlando,FL,32806,Orange County,28.496787,-81.342746,single_family,1.0,1.0,525.0,7500.0,1954.0,Inactive,169900,2023-01-10T15:06:30.000Z,12,12.042971193457888
"3501-E-Grant-St,-Orlando,-FL-32806","3501 E Grant St, Orlando, FL 32806",3501 E Grant St,,Orlando,FL,32806,Orange County,28.517123,-81.340163,single_family,3.0,1.0,1979.0,8441.0,1961.0,Inactive,345000,2022-06-22T12:59:28.000Z,212,12.75130259456002
"3317-Carla-St,-Orlando,-FL-32806","3317 Carla St, Orlando, FL 32806",3317 Carla St,,Orlando,FL,32806,Orange County,28.496921,-81.34098,single_family,5.0,5.0,6090.0,13504.0,2020.0,Inactive,1799000,2022-09-01T13:11:16.000Z,140,14.402742068796885
"2900-Pershing-Ave,-Orlando,-FL-32806","2900 Pershing Ave, Orlando, FL 32806",2900 Pershing Ave,,Orlando,FL,32806,Orange County,28.498403,-81.345029,single_family,3.0,2.0,1311.0,8800.0,1958.0,Inactive,400000,2022-10-04T18:31:05.000Z,105,12.899222326086994
"1004-Lake-Weldona-Dr,-Orlando,-FL-32806","1004 Lake Weldona Dr, Orlando, FL 32806",1004 Lake Weldona Dr,,Orlando,FL,32806,Orange County,28.530067,-81.361357,single_family,2.0,1.0,724.0,8919.0,1941.0,Inactive,349900,2023-01-05T15:23:58.000Z,12,12.765405536311112
"608-Briercliff-Dr,-Orlando,-FL-32806","608 Briercliff Dr, Orlando, FL 32806",608 Briercliff Dr,,Orlando,FL,32806,Orange County,28.527351,-81.368853,single_family,4.0,2.0,1944.0,8170.0,1954.0,Inactive,664900,2023-01-03T03:29:13.000Z,13,13.407393436374978
"3320-Carnine-Dr,-Orlando,-FL-32806","3320 Carnine Dr, Orlando, FL 32806",3320 Carnine Dr,,Orlando,FL,32806,Orange County,28.500649,-81.341111,single_family,3.0,2.0,1383.0,8527.0,1958.0,Inactive,475500,2022-07-07T21:19:35.000Z,191,13.072124264014793
"435-Briercliff-Dr,-Orlando,-FL-32806","435 Briercliff Dr, Orlando, FL 32806",435 Briercliff Dr,,Orlando,FL,32806,Orange County,28.527826,-81.371015,single_family,3.0,1.0,1285.0,13068.0,1939.0,Inactive,495000,2023-01-04T20:11:42.000Z,9,13.112315061750808
"1510-Woodland-St,-Orlando,-FL-32806","1510 Woodland St, Orlando, FL 32806",1510 Woodland St,,Orlando,FL,32806,Orange County,28.521995,-81.360201,single_family,4.0,3.0,3120.0,11326.0,1901.0,Inactive,675000,2022-08-26T19:07:04.000Z,138,13.42246945133505
"2908-Nancy-St,-Orlando,-FL-32806","2908 Nancy St, Orlando, FL 32806",2908 Nancy St,,Orlando,FL,32806,Orange County,28.527067,-81.345822,single_family,3.0,2.0,1495.0,10890.0,1957.0,Inactive,479000,2022-09-14T04:44:46.000Z,120,13.079457964073546
"3213-Dupree-Ave,-Orlando,-FL-32806","3213 Dupree Ave, Orlando, FL 32806",3213 Dupree Ave,,Orlando,FL,32806,Orange County,28.521965,-81.342707,single_family,3.0,2.0,1125.0,8050.0,1956.0,Inactive,362500,2022-12-02T19:30:03.000Z,38,12.80078251189375
"2638-Vine-St,-Orlando,-FL-32806","2638 Vine St, Orlando, FL 32806",2638 Vine St,,Orlando,FL,32806,Orange County,28.526125,-81.349539,single_family,5.0,2.0,2608.0,10454.0,1969.0,Inactive,530000,2022-05-27T18:04:04.000Z,226,13.180634172318978
"1847-Baylarian-Blvd,-Orlando,-FL-32806","1847 Baylarian Blvd, Orlando, FL 32806",1847 Baylarian Blvd,,Orlando,FL,32806,Orange County,28.520421,-81.374072,single_family,4.0,3.0,2963.0,7155.0,2022.0,Inactive,980000,2022-02-27T23:42:33.000Z,313,13.795308871054397
"3022-Troy-Dr,-Orlando,-FL-32806","3022 Troy Dr, Orlando, FL 32806",3022 Troy Dr,,Orlando,FL,32806,Orange County,28.505771,-81.363198,single_family,3.0,2.0,2446.0,26572.0,1966.0,Inactive,899999,2022-09-19T20:18:13.000Z,109,13.710150042306449
"1414-E-Muriel-St,-Orlando,-FL-32806","1414 E Muriel St, Orlando, FL 32806",1414 E Muriel St,,Orlando,FL,32806,Orange County,28.51717,-81.361319,single_family,2.0,1.0,820.0,5025.0,1953.0,Inactive,340000,2022-12-16T20:06:47.000Z,21,12.73670383776449
"129-W-Grant-St,-Orlando,-FL-32806","129 W Grant St, Orlando, FL 32806",129 W Grant St,,Orlando,FL,32806,Orange County,28.516968,-81.379156,townhouse,3.0,2.0,1969.0,1512.0,2022.0,Inactive,589999,2022-10-14T02:41:52.000Z,82,13.287877815881902
"2873-S-Osceola-Ave,---8,-Orlando,-FL-32806","2873 S Osceola Ave, # 8, Orlando, FL 32806",2873 S Osceola Ave,# 8,Orlando,FL,32806,Orange County,28.509799,-81.370052,condo,1.0,1.0,632.0,3936.0,1970.0,Inactive,159900,2022-11-17T20:11:00.000Z,47,11.982310152711182
"225-Harbour-Gardens-Ct,-Orlando,-FL-32806","225 Harbour Gardens Ct, Orlando, FL 32806",225 Harbour Gardens Ct,,Orlando,FL,32806,Orange County,28.492729,-81.371854,single_family,4.0,4.0,3115.0,20038.0,1949.0,Inactive,800000,2022-07-08T17:00:18.000Z,173,13.592368256649284
"312-Oak-Estates-Dr,-Orlando,-FL-32806","312 Oak Estates Dr, Orlando, FL 32806",312 Oak Estates Dr,,Orlando,FL,32806,Orange County,28.50612,-81.373553,single_family,4.0,2.0,2751.0,38768.0,1978.0,Inactive,800000,2022-08-06T13:17:02.000Z,145,13.592368256649284
"910-Fort-Lane-Dr,-Orlando,-FL-32806","910 Fort Lane Dr, Orlando, FL 32806",910 Fort Lane Dr,,Orlando,FL,32806,Orange County,28.530992,-81.349038,single_family,3.0,2.0,1458.0,8250.0,1961.0,Inactive,395000,2022-11-09T21:06:18.000Z,48,12.886643575525625
"117-E-Grant-St,-Orlando,-FL-32806","117 E Grant St, Orlando, FL 32806",117 E Grant St,,Orlando,FL,32806,Orange County,28.516837,-81.375626,multi-family,10.0,7.0,4662.0,7326.0,1976.0,Inactive,1390000,2022-06-01T00:46:31.000Z,209,14.144815024531075
"1100-Delaney-Ave,-Apt-F407,-Orlando,-FL-32806","1100 Delaney Ave, Apt F407, Orlando, FL 32806",1100 Delaney Ave,Apt F407,Orlando,FL,32806,Orange County,28.528088,-81.373257,condo,1.0,1.0,751.0,11761.0,1964.0,Inactive,199000,2022-10-11T16:06:55.000Z,76,12.201065128819632
"2833-Marsala-Ct,---2833,-Orlando,-FL-32806","2833 Marsala Ct, # 2833, Orlando, FL 32806",2833 Marsala Ct,# 2833,Orlando,FL,32806,Orange County,28.511244,-81.364076,condo,3.0,3.0,1850.0,10454.0,1983.0,Inactive,399000,2022-12-16T21:35:29.000Z,9,12.896719202134523
"3044-Saratoga-Dr,-Orlando,-FL-32806","3044 Saratoga Dr, Orlando, FL 32806",3044 Saratoga Dr,,Orlando,FL,32806,Orange County,28.506985,-81.357327,single_family,3.0,2.0,2026.0,9713.0,1967.0,Inactive,419000,2022-10-27T18:10:03.000Z,57,12.945628585536271
"2727-Lake-Margaret-Dr,-Orlando,-FL-32806","2727 Lake Margaret Dr, Orlando, FL 32806",2727 Lake Margaret Dr,,Orlando,FL,32806,Orange County,28.50623,-81.347686,single_family,4.0,3.0,2037.0,15682.0,1950.0,Inactive,499900,2022-10-28T23:11:08.000Z,56,13.12216535779974
"3029-Greenmount-Rd,-Orlando,-FL-32806","3029 Greenmount Rd, Orlando, FL 32806",3029 Greenmount Rd,,Orlando,FL,32806,Orange County,28.507785,-81.354862,single_family,4.0,2.0,1862.0,10019.0,1968.0,Inactive,460000,2022-07-25T20:06:37.000Z,150,13.038983942375959
"3416-Leslie-Dr,-Orlando,-FL-32806","3416 Leslie Dr, Orlando, FL 32806",3416 Leslie Dr,,Orlando,FL,32806,Orange County,28.505132,-81.340092,single_family,4.0,2.0,1445.0,8360.0,1958.0,Inactive,391000,2022-06-21T00:55:40.000Z,183,12.876465396508989
"2501-Hargill-Dr,-Orlando,-FL-32806","2501 Hargill Dr, Orlando, FL 32806",2501 Hargill Dr,,Orlando,FL,32806,Orange County,28.528479,-81.350524,single_family,3.0,2.0,1246.0,10019.0,1954.0,Inactive,399369,2022-10-15T00:17:18.000Z,67,12.89764358447375
"730-Briercliff-Dr,-Orlando,-FL-32806","730 Briercliff Dr, Orlando, FL 32806",730 Briercliff Dr,,Orlando,FL,32806,Orange County,28.527542,-81.366976,single_family,3.0,2.0,1620.0,11761.0,1977.0,Inactive,479900,2022-11-04T20:09:40.000Z,46,13.081335111611617
"2314-E-Harding-St,-Orlando,-FL-32806","2314 E Harding St, Orlando, FL 32806",2314 E Harding St,,Orlando,FL,32806,Orange County,28.517896,-81.352138,single_family,3.0,2.0,1433.0,10019.0,1962.0,Inactive,450000,2022-10-20T15:10:32.000Z,60,13.017005083966255
"815-Lake-Davis-Dr,-Orlando,-FL-32806","815 Lake Davis Dr, Orlando, FL 32806",815 Lake Davis Dr,,Orlando,FL,32806,Orange County,28.533357,-81.366663,single_family,4.0,2.0,2912.0,9683.0,1925.0,Inactive,1049000,2022-12-09T13:17:36.000Z,11,13.863348840666827
"820-Buckwood-Dr,-Orlando,-FL-32806","820 Buckwood Dr, Orlando, FL 32806",820 Buckwood Dr,,Orlando,FL,32806,Orange County,28.501356,-81.366939,single_family,3.0,2.0,1478.0,10019.0,1957.0,Inactive,445000,2022-07-19T22:23:27.000Z,151,13.005831808336863
"950-E-Michigan-St,---950,-Orlando,-FL-32806","950 E Michigan St, # 950, Orlando, FL 32806",950 E Michigan St,# 950,Orlando,FL,32806,Orange County,28.512261,-81.365254,condo,2.0,2.0,1060.0,4112.0,1973.0,Inactive,225000,2022-12-04T01:29:35.000Z,14,12.323860125621126
"3215-Inverness-Ct,-Orlando,-FL-32806","3215 Inverness Ct, Orlando, FL 32806",3215 Inverness Ct,,Orlando,FL,32806,Orange County,28.504141,-81.361359,single_family,4.0,3.0,2544.0,9193.0,1959.0,Inactive,469000,2022-07-06T18:31:50.000Z,162,13.058360179622305
"61-W-Grant-St,-Orlando,-FL-32806","61 W Grant St, Orlando, FL 32806",61 W Grant St,,Orlando,FL,32806,Orange County,28.516742,-81.378559,townhouse,3.0,2.0,1943.0,1497.0,2017.0,Inactive,509000,2022-08-24T17:17:37.000Z,112,13.140205260167273
"1604-Campbell-Ave,-Orlando,-FL-32806","1604 Campbell Ave, Orlando, FL 32806",1604 Campbell Ave,,Orlando,FL,32806,Orange County,28.498776,-81.358198,single_family,4.0,2.0,1946.0,8540.0,1958.0,Inactive,499000,2022-12-01T12:08:57.000Z,11,13.120363378739663
"2655-Joslin-Pl,-Orlando,-FL-32806","2655 Joslin Pl, Orlando, FL 32806",2655 Joslin Pl,,Orlando,FL,32806,Orange County,28.513597,-81.368869,townhouse,4.0,2.0,2132.0,1182.0,2014.0,Inactive,445000,2022-11-27T19:17:54.000Z,13,13.005831808336863
"2508-Saint-Heather-Way,-Orlando,-FL-32806","2508 Saint Heather Way, Orlando, FL 32806",2508 Saint Heather Way,,Orlando,FL,32806,Orange County,28.517936,-81.350759,single_family,5.0,3.0,2777.0,14375.0,1994.0,Inactive,720000,2022-06-24T04:54:46.000Z,169,13.487007879880162
"317-E-Jersey-St,-Orlando,-FL-32806","317 E Jersey St, Orlando, FL 32806",317 E Jersey St,,Orlando,FL,32806,Orange County,28.514149,-81.373156,single_family,3.0,2.0,1561.0,8166.0,1954.0,Inactive,399900,2022-10-20T19:23:41.000Z,50,12.89897229545694
"1404-E-Harding-St,-Orlando,-FL-32806","1404 E Harding St, Orlando, FL 32806",1404 E Harding St,,Orlando,FL,32806,Orange County,28.517981,-81.361637,single_family,4.0,2.0,3120.0,6517.0,2022.0,Inactive,1060800,2021-12-28T18:35:21.000Z,345,13.874534841098058
"594-Edgerly-Pl,---594,-Orlando,-FL-32806","594 Edgerly Pl, # 594, Orlando, FL 32806",594 Edgerly Pl,# 594,Orlando,FL,32806,Orange County,28.514115,-81.368185,condo,4.0,2.0,2369.0,1700.0,2014.0,Inactive,520000,2022-11-13T17:05:41.000Z,25,13.161586013632684
"3017-Vine-St,-Orlando,-FL-32806","3017 Vine St, Orlando, FL 32806",3017 Vine St,,Orlando,FL,32806,Orange County,28.526702,-81.344682,single_family,3.0,2.0,1412.0,10454.0,1957.0,Inactive,425000,2022-10-27T17:35:54.000Z,41,12.959846800844963
"446-Briercliff-Dr,-Orlando,-FL-32806","446 Briercliff Dr, Orlando, FL 32806",446 Briercliff Dr,,Orlando,FL,32806,Orange County,28.527314,-81.370527,single_family,2.0,2.0,1172.0,6766.0,1924.0,Inactive,479000,2022-11-02T15:48:03.000Z,35,13.079457964073546
"1090-E-Michigan-St,-Apt-A,-Orlando,-FL-32806","1090 E Michigan St, Apt A, Orlando, FL 32806",1090 E Michigan St,Apt A,Orlando,FL,32806,Orange County,28.512671,-81.364593,condo,1.0,1.0,786.0,6506.0,1973.0,Inactive,166900,2022-06-22T20:25:02.000Z,167,12.02515610124372
"3207-Inverness-Ct,-Orlando,-FL-32806","3207 Inverness Ct, Orlando, FL 32806",3207 Inverness Ct,,Orlando,FL,32806,Orange County,28.504361,-81.36136,single_family,3.0,2.0,1803.0,9190.0,1958.0,Inactive,465000,2022-05-20T21:11:19.000Z,200,13.049794835104816
"3543-Macarthur-Dr,-Orlando,-FL-32806","3543 Macarthur Dr, Orlando, FL 32806",3543 Macarthur Dr,,Orlando,FL,32806,Orange County,28.504541,-81.381108,single_family,4.0,3.0,1890.0,14375.0,1979.0,Inactive,549500,2022-08-05T17:06:59.000Z,123,13.216765872660371
"217-E-Esther-St,-Orlando,-FL-32806","217 E Esther St, Orlando, FL 32806",217 E Esther St,,Orlando,FL,32806,Orange County,28.519623,-81.373536,single_family,2.0,1.0,1044.0,6817.0,1953.0,Inactive,346000,2022-08-13T15:22:57.000Z,115,12.754196944209095
"1303-Lake-Willisara-Cir,---12,-Orlando,-FL-32806","1303 Lake Willisara Cir, # 12, Orlando, FL 32806",1303 Lake Willisara Cir,# 12,Orlando,FL,32806,Orange County,28.509177,-81.362589,condo,2.0,2.0,1300.0,9003.0,1987.0,Inactive,300000,2022-11-23T19:48:14.000Z,9,12.611541086966115
"1602-Page-Ave,-Orlando,-FL-32806","1602 Page Ave, Orlando, FL 32806",1602 Page Ave,,Orlando,FL,32806,Orange County,28.516086,-81.359569,single_family,4.0,3.0,2139.0,5618.0,2022.0,Inactive,599000,2022-11-06T21:05:29.000Z,23,13.303018546545275
"83-W-Harding-St,-Orlando,-FL-32806","83 W Harding St, Orlando, FL 32806",83 W Harding St,,Orlando,FL,32806,Orange County,28.518572,-81.379335,townhouse,3.0,2.0,1796.0,3435.0,2021.0,Inactive,529900,2022-05-23T00:18:38.000Z,190,13.180445475627591
"2621-E-Jersey-Ave,-Orlando,-FL-32806","2621 E Jersey Ave, Orlando, FL 32806",2621 E Jersey Ave,,Orlando,FL,32806,Orange County,28.514354,-81.348904,single_family,2.0,1.0,930.0,7003.0,1959.0,Inactive,309900,2022-07-27T23:46:51.000Z,124,12.644008170618003
"3513-Marwood-Dr,-Orlando,-FL-32806","3513 Marwood Dr, Orlando, FL 32806",3513 Marwood Dr,,Orlando,FL,32806,Orange County,28.501172,-81.347954,single_family,4.0,3.0,4234.0,31363.0,1965.0,Inactive,749000,2022-11-04T19:48:19.000Z,21,13.52649559761195
"1312-Corbett-Ln,-Orlando,-FL-32806","1312 Corbett Ln, Orlando, FL 32806",1312 Corbett Ln,,Orlando,FL,32806,Orange County,28.525949,-81.332386,single_family,3.0,2.0,1869.0,9291.0,1958.0,Inactive,550000,2022-10-14T21:29:54.000Z,39,13.217675375388819
"2788-Curry-Ford-Rd,-Unit-C,-Orlando,-FL-32806","2788 Curry Ford Rd, Unit C, Orlando, FL 32806",2788 Curry Ford Rd,Unit C,Orlando,FL,32806,Orange County,28.523643,-81.348354,condo,2.0,2.0,1053.0,95396.0,1973.0,Inactive,225000,2022-11-10T21:17:44.000Z,12,12.323860125621126
"2505-Homeland-St,-Orlando,-FL-32806","2505 Homeland St, Orlando, FL 32806",2505 Homeland St,,Orlando,FL,32806,Orange County,28.515039,-81.354726,single_family,3.0,2.0,1124.0,8242.0,1995.0,Inactive,335000,2022-11-03T11:29:12.000Z,19,12.721888795877375
"2042-Gatlin-Ave,-Orlando,-FL-32806","2042 Gatlin Ave, Orlando, FL 32806",2042 Gatlin Ave,,Orlando,FL,32806,Orange County,28.492109,-81.353077,single_family,2.0,3.0,2975.0,16117.0,1979.0,Inactive,1050000,2022-10-17T14:08:10.000Z,32,13.864301674514206
"1322-Shorewood-Dr,-Orlando,-FL-32806","1322 Shorewood Dr, Orlando, FL 32806",1322 Shorewood Dr,,Orlando,FL,32806,Orange County,28.524059,-81.362053,single_family,4.0,2.0,2642.0,8395.0,1925.0,Inactive,669000,2022-08-08T18:18:17.000Z,98,13.41354083387756
"1614-Poe-Ave,-Orlando,-FL-32806","1614 Poe Ave, Orlando, FL 32806",1614 Poe Ave,,Orlando,FL,32806,Orange County,28.493578,-81.359134,single_family,3.0,2.0,1746.0,11326.0,1991.0,Inactive,475000,2022-09-24T13:06:31.000Z,52,13.07107218827772
"1813-Osman-Ave,-Orlando,-FL-32806","1813 Osman Ave, Orlando, FL 32806",1813 Osman Ave,,Orlando,FL,32806,Orange County,28.52151,-81.34367,single_family,3.0,2.0,1946.0,5502.0,1997.0,Inactive,499000,2022-11-03T19:06:54.000Z,11,13.120363378739663
"626-Florida-St,-Orlando,-FL-32806","626 Florida St, Orlando, FL 32806",626 Florida St,,Orlando,FL,32806,Orange County,28.52903,-81.368425,single_family,4.0,3.0,2305.0,6400.0,1926.0,Inactive,699000,2022-07-30T19:29:04.000Z,105,13.457407451830088
"3318-Florene-Dr,-Orlando,-FL-32806","3318 Florene Dr, Orlando, FL 32806",3318 Florene Dr,,Orlando,FL,32806,Orange County,28.503313,-81.353304,single_family,3.0,2.0,1736.0,10454.0,1968.0,Inactive,419900,2022-08-30T19:23:40.000Z,73,12.947774248188859
"440-Delaney-Park-Dr,-Orlando,-FL-32806","440 Delaney Park Dr, Orlando, FL 32806",440 Delaney Park Dr,,Orlando,FL,32806,Orange County,28.528175,-81.370709,single_family,4.0,2.0,3252.0,6102.0,2002.0,Inactive,1075000,2022-11-01T06:08:12.000Z,10,13.887832149776026
"2008-Page-Ave,-Orlando,-FL-32806","2008 Page Ave, Orlando, FL 32806",2008 Page Ave,,Orlando,FL,32806,Orange County,28.515651,-81.353785,multi-family,4.0,3.0,1516.0,10890.0,1946.0,Inactive,435000,2022-06-17T20:29:34.000Z,145,12.983103608918753
"2805-Dawley-Ave,-Orlando,-FL-32806","2805 Dawley Ave, Orlando, FL 32806",2805 Dawley Ave,,Orlando,FL,32806,Orange County,28.512743,-81.34474,single_family,3.0,2.0,1437.0,10890.0,1965.0,Inactive,350000,2022-10-01T18:08:06.000Z,39,12.765691290604371
"2406-Geigel-Ave,-Orlando,-FL-32806","2406 Geigel Ave, Orlando, FL 32806",2406 Geigel Ave,,Orlando,FL,32806,Orange County,28.50061,-81.351002,single_family,3.0,2.0,1889.0,11326.0,1963.0,Inactive,549000,2022-10-24T16:11:13.000Z,16,13.215855541983634
"730-E-Michigan-St,-Unit-124,-Orlando,-FL-32806","730 E Michigan St, Unit 124, Orlando, FL 32806",730 E Michigan St,Unit 124,Orlando,FL,32806,Orange County,28.512172,-81.367626,condo,2.0,2.0,994.0,12197.0,1969.0,Inactive,198000,2022-10-28T17:30:03.000Z,11,12.19602736016897
"524-Lanark-Ct,-Orlando,-FL-32806","524 Lanark Ct, Orlando, FL 32806",524 Lanark Ct,,Orlando,FL,32806,Orange County,28.514404,-81.369164,townhouse,4.0,2.0,2070.0,1182.0,2013.0,Inactive,495000,2022-08-23T17:36:37.000Z,76,13.112315061750808
"2516-Hargill-Dr,-Orlando,-FL-32806","2516 Hargill Dr, Orlando, FL 32806",2516 Hargill Dr,,Orlando,FL,32806,Orange County,28.527947,-81.349799,single_family,3.0,2.0,1644.0,10454.0,1954.0,Inactive,464800,2022-10-27T11:05:17.000Z,11,13.049364635980519
"1100-Delaney-Ave,-Apt-F307,-Orlando,-FL-32806","1100 Delaney Ave, Apt F307, Orlando, FL 32806",1100 Delaney Ave,Apt F307,Orlando,FL,32806,Orange County,28.528088,-81.373257,condo,1.0,1.0,751.0,11761.0,1964.0,Inactive,219500,2022-10-29T17:47:32.000Z,8,12.299112067295642
"1260-Saint-Tropez-Cir,---1260,-Orlando,-FL-32806","1260 Saint Tropez Cir, # 1260, Orlando, FL 32806",1260 Saint Tropez Cir,# 1260,Orlando,FL,32806,Orange County,28.511122,-81.363435,condo,2.0,2.0,1300.0,10454.0,1983.0,Inactive,339900,2022-10-26T15:06:27.000Z,9,12.736409677721657
"1906-Bush-Ave,-Orlando,-FL-32806","1906 Bush Ave, Orlando, FL 32806",1906 Bush Ave,,Orlando,FL,32806,Orange County,28.499184,-81.355206,single_family,3.0,2.0,1811.0,13504.0,1985.0,Inactive,499900,2022-08-26T14:29:27.000Z,68,13.12216535779974
"3024-Saratoga-Dr,-Orlando,-FL-32806","3024 Saratoga Dr, Orlando, FL 32806",3024 Saratoga Dr,,Orlando,FL,32806,Orange County,28.508127,-81.357334,single_family,3.0,2.0,2074.0,9713.0,1968.0,Inactive,575000,2022-09-15T21:47:30.000Z,45,13.26212705890841
"2800-S-Brown-Ave,-Orlando,-FL-32806","2800 S Brown Ave, Orlando, FL 32806",2800 S Brown Ave,,Orlando,FL,32806,Orange County,28.511196,-81.362187,single_family,2.0,2.0,1000.0,5613.0,1988.0,Inactive,349900,2022-10-08T00:29:15.000Z,23,12.765405536311112
"4659-Oak-Cove-Ln,-Orlando,-FL-32806","4659 Oak Cove Ln, Orlando, FL 32806",4659 Oak Cove Ln,,Orlando,FL,32806,Orange County,28.494047,-81.371926,single_family,3.0,2.0,1886.0,10454.0,1977.0,Inactive,399900,2022-08-27T14:06:06.000Z,63,12.89897229545694
"715-Briercliff-Dr,-Orlando,-FL-32806","715 Briercliff Dr, Orlando, FL 32806",715 Briercliff Dr,,Orlando,FL,32806,Orange County,28.527934,-81.367597,single_family,2.0,2.0,1515.0,5498.0,1925.0,Inactive,425000,2022-03-09T00:38:44.000Z,233,12.959846800844963
"1534-George-St,-Orlando,-FL-32806","1534 George St, Orlando, FL 32806",1534 George St,,Orlando,FL,32806,Orange County,28.520992,-81.359163,single_family,4.0,2.0,2530.0,5621.0,2022.0,Inactive,799000,2022-07-08T19:57:28.000Z,109,13.591117476312084
"438-Woodland-St,-Orlando,-FL-32806","438 Woodland St, Orlando, FL 32806",438 Woodland St,,Orlando,FL,32806,Orange County,28.522284,-81.370701,single_family,5.0,3.0,2908.0,7030.0,1994.0,Inactive,815000,2022-10-13T20:07:16.000Z,12,13.610944619216111
"221-E-Muriel-St,-Orlando,-FL-32806","221 E Muriel St, Orlando, FL 32806",221 E Muriel St,,Orlando,FL,32806,Orange County,28.517761,-81.373434,single_family,3.0,2.0,1092.0,9008.0,1945.0,Inactive,379000,2022-08-10T19:10:59.000Z,75,12.84529412258351
"1805-S-Fern-Creek-Ave,-Orlando,-FL-32806","1805 S Fern Creek Ave, Orlando, FL 32806",1805 S Fern Creek Ave,,Orlando,FL,32806,Orange County,28.52083,-81.359664,single_family,4.0,4.0,3306.0,6467.0,2022.0,Inactive,875000,2022-02-27T19:54:51.000Z,236,13.681980308196241
"215-Page-St,-Orlando,-FL-32806","215 Page St, Orlando, FL 32806",215 Page St,,Orlando,FL,32806,Orange County,28.51601,-81.373656,single_family,3.0,2.0,1376.0,15682.0,1935.0,Inactive,512000,2022-04-25T22:54:50.000Z,177,13.146081857144738
"219-Page-St,-Orlando,-FL-32806","219 Page St, Orlando, FL 32806",219 Page St,,Orlando,FL,32806,Orange County,28.516,-81.37333,single_family,3.0,2.0,1103.0,13504.0,1935.0,Inactive,549000,2022-04-26T19:31:36.000Z,176,13.215855541983634
"2736-Shannon-Rd,-Orlando,-FL-32806","2736 Shannon Rd, Orlando, FL 32806",2736 Shannon Rd,,Orlando,FL,32806,Orange County,28.510059,-81.347691,single_family,3.0,2.0,1452.0,7140.0,1964.0,Inactive,454900,2022-06-27T21:14:08.000Z,112,13.027835091841016
"1824-Delaney-Ave,-Orlando,-FL-32806","1824 Delaney Ave, Orlando, FL 32806",1824 Delaney Ave,,Orlando,FL,32806,Orange County,28.520843,-81.37264,single_family,4.0,3.0,2182.0,11326.0,1940.0,Inactive,699000,2022-08-20T19:35:11.000Z,58,13.457407451830088
"1849-Everhart-Dr,-Orlando,-FL-32806","1849 Everhart Dr, Orlando, FL 32806",1849 Everhart Dr,,Orlando,FL,32806,Orange County,28.520696,-81.344644,single_family,3.0,2.0,1637.0,9175.0,1995.0,Inactive,470000,2022-10-07T09:18:02.000Z,10,13.060490101343552
"4836-Big-Oaks-Ln,-Orlando,-FL-32806","4836 Big Oaks Ln, Orlando, FL 32806",4836 Big Oaks Ln,,Orlando,FL,32806,Orange County,28.493296,-81.354362,single_family,4.0,3.0,2777.0,10890.0,1955.0,Inactive,675000,2022-10-05T13:41:31.000Z,11,13.42246945133505
"42-W-Harding-St,---F,-Orlando,-FL-32806","42 W Harding St, # F, Orlando, FL 32806",42 W Harding St,# F,Orlando,FL,32806,Orange County,28.518137,-81.378776,townhouse,3.0,2.0,2186.0,1270.0,2021.0,Inactive,615000,2022-07-30T14:06:46.000Z,76,13.329379172803593
"1302-Newcastle-Dr,-Orlando,-FL-32806","1302 Newcastle Dr, Orlando, FL 32806",1302 Newcastle Dr,,Orlando,FL,32806,Orange County,28.526326,-81.342729,single_family,4.0,2.0,1730.0,9006.0,1956.0,Inactive,490000,2022-07-19T20:06:42.000Z,84,13.102162710901053
"2405-E-Kaley-Ave,-Orlando,-FL-32806","2405 E Kaley Ave, Orlando, FL 32806",2405 E Kaley Ave,,Orlando,FL,32806,Orange County,28.520641,-81.351347,single_family,3.0,2.0,2245.0,11761.0,1942.0,Inactive,499900,2022-08-18T23:47:43.000Z,53,13.12216535779974
"1594-Jessamine-Ave,-Orlando,-FL-32806","1594 Jessamine Ave, Orlando, FL 32806",1594 Jessamine Ave,,Orlando,FL,32806,Orange County,28.523172,-81.350949,single_family,4.0,2.0,1430.0,6752.0,1989.0,Inactive,550000,2022-04-16T19:06:33.000Z,174,13.217675375388819
"3409-Eubanks-Ave,-Orlando,-FL-32806","3409 Eubanks Ave, Orlando, FL 32806",3409 Eubanks Ave,,Orlando,FL,32806,Orange County,28.497945,-81.339967,single_family,4.0,2.0,2805.0,16117.0,2006.0,Inactive,699900,2022-08-25T22:08:21.000Z,41,13.45869417545215
"1512-Arcadia-St,-Orlando,-FL-32806","1512 Arcadia St, Orlando, FL 32806",1512 Arcadia St,,Orlando,FL,32806,Orange County,28.492772,-81.361215,single_family,3.0,2.0,1527.0,16553.0,1957.0,Inactive,445000,2022-05-16T20:26:56.000Z,140,13.005831808336863
"1517-S-Mills-Ave,-Orlando,-FL-32806","1517 S Mills Ave, Orlando, FL 32806",1517 S Mills Ave,,Orlando,FL,32806,Orange County,28.523944,-81.363748,single_family,3.0,3.0,2710.0,7017.0,1939.0,Inactive,985000,2022-09-03T23:05:42.000Z,28,13.800397935382136
"3515-Edland-Dr,-Orlando,-FL-32806","3515 Edland Dr, Orlando, FL 32806",3515 Edland Dr,,Orlando,FL,32806,Orange County,28.522182,-81.339742,single_family,3.0,2.0,1614.0,10019.0,1966.0,Inactive,400000,2022-08-31T17:06:51.000Z,30,12.899222326086994
"1069-Lake-Weldona-Dr,-Orlando,-FL-32806","1069 Lake Weldona Dr, Orlando, FL 32806",1069 Lake Weldona Dr,,Orlando,FL,32806,Orange County,28.528997,-81.361458,single_family,3.0,3.0,1657.0,40946.0,1952.0,Inactive,599000,2022-09-07T23:41:10.000Z,23,13.303018546545275
"1903-Curry-Ford-Rd,-Orlando,-FL-32806","1903 Curry Ford Rd, Orlando, FL 32806",1903 Curry Ford Rd,,Orlando,FL,32806,Orange County,28.524384,-81.355627,single_family,3.0,2.0,1452.0,9029.0,1935.0,Inactive,405000,2022-09-06T15:48:35.000Z,23,12.91164481522143
"701-Lake-Davis-Dr,-Orlando,-FL-32806","701 Lake Davis Dr, Orlando, FL 32806",701 Lake Davis Dr,,Orlando,FL,32806,Orange County,28.532865,-81.368094,single_family,5.0,5.0,4945.0,14810.0,1948.0,Inactive,1849000,2022-09-15T23:05:58.000Z,13,14.430156051201998
"1414-Beaver-Pl,-Orlando,-FL-32806","1414 Beaver Pl, Orlando, FL 32806",1414 Beaver Pl,,Orlando,FL,32806,Orange County,28.53012,-81.361937,single_family,3.0,2.0,1679.0,6250.0,1946.0,Inactive,389900,2022-05-02T21:11:10.000Z,148,12.873648139727594
"1307-E-Muriel-St,-Orlando,-FL-32806","1307 E Muriel St, Orlando, FL 32806",1307 E Muriel St,,Orlando,FL,32806,Orange County,28.517711,-81.362595,multi-family,3.0,2.0,1700.0,9282.0,1964.0,Inactive,429900,2022-03-03T20:50:49.000Z,207,12.971310228604022
"930-Appleton-Ave,-Orlando,-FL-32806","930 Appleton Ave, Orlando, FL 32806",930 Appleton Ave,,Orlando,FL,32806,Orange County,28.496948,-81.365277,single_family,5.0,5.0,5425.0,57064.0,1923.0,Inactive,1400000,2022-07-29T13:48:11.000Z,60,14.151983508870947
"3203-E-Kaley-Ave,-Orlando,-FL-32806","3203 E Kaley Ave, Orlando, FL 32806",3203 E Kaley Ave,,Orlando,FL,32806,Orange County,28.521164,-81.343165,single_family,3.0,2.0,1354.0,10019.0,1956.0,Inactive,415000,2022-09-09T01:06:10.000Z,18,12.936036208848487
"548-Copley-Ln,-Orlando,-FL-32806","548 Copley Ln, Orlando, FL 32806",548 Copley Ln,,Orlando,FL,32806,Orange County,28.513246,-81.36874,townhouse,3.0,2.0,2244.0,1299.0,2008.0,Inactive,429000,2022-07-11T20:52:07.000Z,76,12.969214528909768
"2916-Vine-St,-Orlando,-FL-32806","2916 Vine St, Orlando, FL 32806",2916 Vine St,,Orlando,FL,32806,Orange County,28.526157,-81.345623,single_family,4.0,2.0,2235.0,10454.0,1956.0,Inactive,595000,2022-08-30T21:47:25.000Z,25,13.296318365198623
"768-E-Michigan-St,-Unit-74,-Orlando,-FL-32806","768 E Michigan St, Unit 74, Orlando, FL 32806",768 E Michigan St,Unit 74,Orlando,FL,32806,Orange County,28.510666,-81.367397,condo,2.0,2.0,1116.0,8922.0,1967.0,Inactive,170000,2022-09-07T15:42:22.000Z,16,12.04355959836804
"2555-S-Mills-Ave,-Orlando,-FL-32806","2555 S Mills Ave, Orlando, FL 32806",2555 S Mills Ave,,Orlando,FL,32806,Orange County,28.513644,-81.363675,single_family,1.0,1.0,1041.0,10890.0,1948.0,Inactive,225000,2022-09-09T15:23:48.000Z,13,12.323860125621126
"1220-Oakley-St,-Orlando,-FL-32806","1220 Oakley St, Orlando, FL 32806",1220 Oakley St,,Orlando,FL,32806,Orange County,28.520994,-81.363313,single_family,3.0,2.0,1506.0,7819.0,1948.0,Inactive,474900,2022-04-19T13:34:51.000Z,156,13.07086164024146
"1318-Silverstone-Ave,-Orlando,-FL-32806","1318 Silverstone Ave, Orlando, FL 32806",1318 Silverstone Ave,,Orlando,FL,32806,Orange County,28.5258,-81.334252,single_family,3.0,2.0,1535.0,9483.0,1957.0,Inactive,499900,2022-09-08T12:23:38.000Z,13,13.12216535779974
"552-Copley-Ln,-Orlando,-FL-32806","552 Copley Ln, Orlando, FL 32806",552 Copley Ln,,Orlando,FL,32806,Orange County,28.513247,-81.368678,townhouse,3.0,2.0,1744.0,1299.0,2008.0,Inactive,396000,2022-04-04T19:15:01.000Z,168,12.889172015485954
"1720-Baxter-Ave,-Orlando,-FL-32806","1720 Baxter Ave, Orlando, FL 32806",1720 Baxter Ave,,Orlando,FL,32806,Orange County,28.503779,-81.357093,single_family,2.0,1.0,1148.0,7205.0,1922.0,Inactive,204000,2022-09-07T20:18:16.000Z,12,12.225880174775122
"2215-Hargill-Dr,-Orlando,-FL-32806","2215 Hargill Dr, Orlando, FL 32806",2215 Hargill Dr,,Orlando,FL,32806,Orange County,28.528916,-81.353108,single_family,3.0,2.0,1701.0,10019.0,1953.0,Inactive,497000,2022-08-25T03:06:31.000Z,24,13.116347317149176
"415-E-Harding-St,-Orlando,-FL-32806","415 E Harding St, Orlando, FL 32806",415 E Harding St,,Orlando,FL,32806,Orange County,28.518713,-81.371547,single_family,5.0,3.0,2818.0,7124.0,2020.0,Inactive,959000,2022-06-30T14:41:35.000Z,79,13.7736473966179
"2604-Gowen-St,-Orlando,-FL-32806","2604 Gowen St, Orlando, FL 32806",2604 Gowen St,,Orlando,FL,32806,Orange County,28.51396,-81.353675,single_family,2.0,1.0,560.0,5509.0,1939.0,Inactive,200000,2022-07-22T11:35:11.000Z,56,12.206077645517674
"1855-Osman-Ave,-Orlando,-FL-32806","1855 Osman Ave, Orlando, FL 32806",1855 Osman Ave,,Orlando,FL,32806,Orange County,28.520327,-81.343664,single_family,4.0,2.0,1946.0,5501.0,1997.0,Inactive,539000,2022-07-02T19:15:48.000Z,74,13.197472705176983
"1407-S-Osceola-Ave,-Orlando,-FL-32806","1407 S Osceola Ave, Orlando, FL 32806",1407 S Osceola Ave,,Orlando,FL,32806,Orange County,28.525508,-81.370091,single_family,3.0,2.0,1908.0,4872.0,1992.0,Inactive,575000,2022-07-09T14:47:22.000Z,68,13.26212705890841
"1819-Baxter-Ave,-Orlando,-FL-32806","1819 Baxter Ave, Orlando, FL 32806",1819 Baxter Ave,,Orlando,FL,32806,Orange County,28.504286,-81.355993,single_family,3.0,2.0,1000.0,5994.0,1958.0,Inactive,319000,2022-08-30T04:44:31.000Z,16,12.672949516558306
"3101-S-Bumby-Ave,-Orlando,-FL-32806","3101 S Bumby Ave, Orlando, FL 32806",3101 S Bumby Ave,,Orlando,FL,32806,Orange County,28.509323,-81.351176,single_family,5.0,3.0,2527.0,13068.0,1946.0,Inactive,679000,2022-07-30T22:17:10.000Z,45,13.428377879293798
"1152-Delaney-Ave,---1152,-Orlando,-FL-32806","1152 Delaney Ave, # 1152, Orlando, FL 32806",1152 Delaney Ave,# 1152,Orlando,FL,32806,Orange County,28.527703,-81.372786,condo,2.0,2.0,1982.0,6305.0,1986.0,Inactive,610000,2022-07-23T00:07:53.000Z,52,13.321215875492413
"2515-Peel-Ave,-Orlando,-FL-32806","2515 Peel Ave, Orlando, FL 32806",2515 Peel Ave,,Orlando,FL,32806,Orange County,28.514464,-81.347126,single_family,3.0,2.0,1412.0,7758.0,1953.0,Inactive,439000,2022-07-27T13:05:45.000Z,48,12.992256969959042
"1219-Salerno-Ct,---Ge,-Orlando,-FL-32806","1219 Salerno Ct, # Ge, Orlando, FL 32806",1219 Salerno Ct,# Ge,Orlando,FL,32806,Orange County,28.510416,-81.363373,condo,2.0,2.0,1380.0,10454.0,1984.0,Inactive,350000,2022-08-18T19:35:45.000Z,25,12.765691290604371
"1700-Overlake-Ave,-Orlando,-FL-32806","1700 Overlake Ave, Orlando, FL 32806",1700 Overlake Ave,,Orlando,FL,32806,Orange County,28.496897,-81.357512,single_family,3.0,2.0,1300.0,13068.0,1966.0,Inactive,449800,2022-08-18T19:11:41.000Z,22,13.016560541715197
"3303-Lake-Margaret-Dr,-Orlando,-FL-32806","3303 Lake Margaret Dr, Orlando, FL 32806",3303 Lake Margaret Dr,,Orlando,FL,32806,Orange County,28.506353,-81.342653,single_family,3.0,2.0,2470.0,12632.0,2008.0,Inactive,798000,2022-07-20T00:23:13.000Z,50,13.589865129563993
"1709-Bimini-Dr,-Orlando,-FL-32806","1709 Bimini Dr, Orlando, FL 32806",1709 Bimini Dr,,Orlando,FL,32806,Orange County,28.52934,-81.357751,single_family,3.0,2.0,2111.0,13504.0,1964.0,Inactive,625000,2022-07-28T14:36:42.000Z,42,13.345508528717259
"2306-S-Brown-Ave,-Orlando,-FL-32806","2306 S Brown Ave, Orlando, FL 32806",2306 S Brown Ave,,Orlando,FL,32806,Orange County,28.516468,-81.362262,single_family,3.0,2.0,1122.0,6412.0,1999.0,Inactive,379900,2022-06-02T09:19:51.000Z,97,12.847665971443902
"2792-Curry-Ford-Rd,-Unit-D,-Orlando,-FL-32806","2792 Curry Ford Rd, Unit D, Orlando, FL 32806",2792 Curry Ford Rd,Unit D,Orlando,FL,32806,Orange County,28.523654,-81.348309,condo,2.0,2.0,1128.0,95396.0,1973.0,Inactive,235000,2022-08-09T19:08:39.000Z,27,12.367345048436391
"1801-Lake-Grove-Ln,-Orlando,-FL-32806","1801 Lake Grove Ln, Orlando, FL 32806",1801 Lake Grove Ln,,Orlando,FL,32806,Orange County,28.49455,-81.356186,single_family,5.0,4.0,3990.0,21780.0,1998.0,Inactive,947500,2022-04-13T19:47:49.000Z,144,13.761583271347133
"1325-Ceylon-Dr,-Orlando,-FL-32806","1325 Ceylon Dr, Orlando, FL 32806",1325 Ceylon Dr,,Orlando,FL,32806,Orange County,28.525698,-81.340254,single_family,4.0,2.0,1490.0,9380.0,1957.0,Inactive,415000,2022-07-08T16:51:40.000Z,58,12.936036208848487
"2928-Sylvan-Ave,-Orlando,-FL-32806","2928 Sylvan Ave, Orlando, FL 32806",2928 Sylvan Ave,,Orlando,FL,32806,Orange County,28.508183,-81.373501,single_family,3.0,2.0,1213.0,6863.0,1983.0,Inactive,420000,2022-07-28T20:09:31.000Z,37,12.948012371209098
"754-E-Michigan-St,-Unit-178,-Orlando,-FL-32806","754 E Michigan St, Unit 178, Orlando, FL 32806",754 E Michigan St,Unit 178,Orlando,FL,32806,Orange County,28.511447,-81.368245,condo,1.0,1.0,633.0,12632.0,1969.0,Inactive,159000,2022-08-20T00:29:04.000Z,15,11.976665770490767
"1295-Pine-Harbor-Point-Cir,-Orlando,-FL-32806","1295 Pine Harbor Point Cir, Orlando, FL 32806",1295 Pine Harbor Point Cir,,Orlando,FL,32806,Orange County,28.494074,-81.363645,single_family,4.0,2.0,2491.0,12632.0,1977.0,Inactive,674900,2022-08-24T19:41:39.000Z,10,13.422321292431393
"1717-Delaney-Ave,-Orlando,-FL-32806","1717 Delaney Ave, Orlando, FL 32806",1717 Delaney Ave,,Orlando,FL,32806,Orange County,28.521819,-81.371984,single_family,4.0,2.0,1637.0,9419.0,1940.0,Inactive,495000,2022-06-24T04:51:19.000Z,70,13.112315061750808
"3516-Tennessee-Ter,-Orlando,-FL-32806","3516 Tennessee Ter, Orlando, FL 32806",3516 Tennessee Ter,,Orlando,FL,32806,Orange County,28.518215,-81.339701,single_family,3.0,2.0,1231.0,8439.0,1959.0,Inactive,349900,2022-07-11T12:22:34.000Z,53,12.765405536311112
"1410-S-Summerlin-Ave,-Orlando,-FL-32806","1410 S Summerlin Ave, Orlando, FL 32806",1410 S Summerlin Ave,,Orlando,FL,32806,Orange County,28.525302,-81.368503,single_family,3.0,2.0,2360.0,12197.0,1956.0,Inactive,765000,2022-08-23T14:05:47.000Z,9,13.547632419997361
"145-W-Grant-St,-Orlando,-FL-32806","145 W Grant St, Orlando, FL 32806",145 W Grant St,,Orlando,FL,32806,Orange County,28.516967,-81.379344,townhouse,3.0,2.0,1969.0,1392.0,1965.0,Inactive,599999,2022-08-23T22:06:02.000Z,8,13.304684934198283
"1400-Francis-Ave,-Orlando,-FL-32806","1400 Francis Ave, Orlando, FL 32806",1400 Francis Ave,,Orlando,FL,32806,Orange County,28.525391,-81.353013,single_family,3.0,2.0,908.0,5483.0,1925.0,Inactive,220000,2022-07-12T22:52:02.000Z,49,12.301387370778713
"141-W-Grant-St,-Orlando,-FL-32806","141 W Grant St, Orlando, FL 32806",141 W Grant St,,Orlando,FL,32806,Orange County,28.516882,-81.379343,townhouse,3.0,2.0,1969.0,2205.0,2022.0,Inactive,598999,2022-07-26T20:29:33.000Z,35,13.303016877097587
"2770-Curry-Ford-Rd,-Unit-C,-Orlando,-FL-32806","2770 Curry Ford Rd, Unit C, Orlando, FL 32806",2770 Curry Ford Rd,Unit C,Orlando,FL,32806,Orange County,28.522936,-81.348341,condo,2.0,2.0,1053.0,116741.0,1974.0,Inactive,225000,2022-08-20T21:11:06.000Z,10,12.323860125621126
"2325-S-Brown-Ave,-Orlando,-FL-32806","2325 S Brown Ave, Orlando, FL 32806",2325 S Brown Ave,,Orlando,FL,32806,Orange County,28.515816,-81.361646,single_family,4.0,2.0,2324.0,12918.0,2022.0,Inactive,647900,2022-08-20T06:23:38.000Z,8,13.38149318588492
"4305-Hargill-Dr,-Orlando,-FL-32806","4305 Hargill Dr, Orlando, FL 32806",4305 Hargill Dr,,Orlando,FL,32806,Orange County,28.528189,-81.331694,single_family,4.0,3.0,1979.0,12197.0,1959.0,Inactive,579000,2022-07-25T19:17:10.000Z,32,13.269059483669357
"901-Sweetbriar-Rd,-Orlando,-FL-32806","901 Sweetbriar Rd, Orlando, FL 32806",901 Sweetbriar Rd,,Orlando,FL,32806,Orange County,28.500984,-81.366609,single_family,3.0,2.0,2355.0,11761.0,1963.0,Inactive,599900,2022-08-15T19:23:02.000Z,11,13.304519920584285
"2740-S-Brown-Ave,-Orlando,-FL-32806","2740 S Brown Ave, Orlando, FL 32806",2740 S Brown Ave,,Orlando,FL,32806,Orange County,28.511554,-81.36219,single_family,3.0,2.0,1174.0,5609.0,1954.0,Inactive,375000,2022-07-11T16:55:59.000Z,45,12.834683971615659
"3000-Hargill-Dr,-Orlando,-FL-32806","3000 Hargill Dr, Orlando, FL 32806",3000 Hargill Dr,,Orlando,FL,32806,Orange County,28.52798,-81.345386,single_family,3.0,1.0,1168.0,9367.0,1954.0,Inactive,400000,2022-07-15T20:37:00.000Z,41,12.899222326086994
"3309-Debbie-Dr,-Orlando,-FL-32806","3309 Debbie Dr, Orlando, FL 32806",3309 Debbie Dr,,Orlando,FL,32806,Orange County,28.503319,-81.341585,single_family,3.0,2.0,1298.0,8563.0,1958.0,Inactive,399000,2022-08-17T00:29:00.000Z,9,12.896719202134523
"3160-S-Bumby-Ave---S,-Orlando,-FL-32806","3160 S Bumby Ave # S, Orlando, FL 32806",3160 S Bumby Ave # S,,Orlando,FL,32806,Orange County,28.508358,-81.351923,condo,2.0,1.0,709.0,819.0,1969.0,Inactive,153900,2022-08-16T18:34:57.000Z,8,11.944064817531656
"792-E-Michigan-St,-Unit-4,-Orlando,-FL-32806","792 E Michigan St, Unit 4, Orlando, FL 32806",792 E Michigan St,Unit 4,Orlando,FL,32806,Orange County,28.510329,-81.366838,condo,2.0,2.0,1116.0,10454.0,1967.0,Inactive,179000,2022-04-05T22:02:31.000Z,139,12.095146671399466
"516-E-Esther-St,-Orlando,-FL-32806","516 E Esther St, Orlando, FL 32806",516 E Esther St,,Orlando,FL,32806,Orange County,28.519118,-81.369711,single_family,4.0,2.0,1768.0,7015.0,1948.0,Inactive,445000,2022-06-15T11:54:31.000Z,69,13.005831808336863
"1339-Montcalm-St,-Orlando,-FL-32806","1339 Montcalm St, Orlando, FL 32806",1339 Montcalm St,,Orlando,FL,32806,Orange County,28.500175,-81.361157,single_family,4.0,3.0,3512.0,15682.0,1973.0,Inactive,829000,2022-07-12T22:52:02.000Z,41,13.627976640389322
"1306-S-Osceola-Ave,-Orlando,-FL-32806","1306 S Osceola Ave, Orlando, FL 32806",1306 S Osceola Ave,,Orlando,FL,32806,Orange County,28.526541,-81.371591,single_family,4.0,5.0,4425.0,9259.0,2002.0,Inactive,1399000,2022-04-13T17:19:26.000Z,129,14.151268968443645
"1267-Saint-Tropez-Cir,---1267,-Orlando,-FL-32806","1267 Saint Tropez Cir, # 1267, Orlando, FL 32806",1267 Saint Tropez Cir,# 1267,Orlando,FL,32806,Orange County,28.510732,-81.363357,condo,3.0,3.0,1850.0,10454.0,1984.0,Inactive,387500,2022-08-12T20:09:15.000Z,8,12.86747370841737
"2015-E-Kaley-Ave,-Orlando,-FL-32806","2015 E Kaley Ave, Orlando, FL 32806",2015 E Kaley Ave,,Orlando,FL,32806,Orange County,28.520772,-81.354064,single_family,5.0,3.0,2560.0,11761.0,2022.0,Inactive,737000,2022-06-24T18:31:25.000Z,55,13.510344528022657
"2708-Raeford-Ct,-Orlando,-FL-32806","2708 Raeford Ct, Orlando, FL 32806",2708 Raeford Ct,,Orlando,FL,32806,Orange County,28.51001,-81.345864,single_family,3.0,2.0,1362.0,9973.0,1960.0,Inactive,329000,2022-06-30T02:30:55.000Z,49,12.703816069256568
"2715-Hargill-Dr,-Orlando,-FL-32806","2715 Hargill Dr, Orlando, FL 32806",2715 Hargill Dr,,Orlando,FL,32806,Orange County,28.528498,-81.348126,single_family,3.0,2.0,1344.0,10454.0,1954.0,Inactive,425000,2022-08-01T13:28:57.000Z,17,12.959846800844963
"2727-Shannon-Rd,-Orlando,-FL-32806","2727 Shannon Rd, Orlando, FL 32806",2727 Shannon Rd,,Orlando,FL,32806,Orange County,28.510503,-81.347919,single_family,3.0,2.0,1753.0,7650.0,1960.0,Inactive,399995,2022-05-31T14:26:42.000Z,78,12.899209826040119
"1078-E-Michigan-St,-Apt-B,-Orlando,-FL-32806","1078 E Michigan St, Apt B, Orlando, FL 32806",1078 E Michigan St,Apt B,Orlando,FL,32806,Orange County,28.512263,-81.364703,condo,2.0,2.0,1060.0,4112.0,1973.0,Inactive,199900,2022-08-04T19:42:11.000Z,12,12.20557752297723
"4200-Hargill-Dr,-Orlando,-FL-32806","4200 Hargill Dr, Orlando, FL 32806",4200 Hargill Dr,,Orlando,FL,32806,Orange County,28.527116,-81.332755,single_family,3.0,3.0,1705.0,10454.0,1959.0,Inactive,464900,2022-08-05T23:35:27.000Z,11,13.049579758676577
"2025-E-Kaley-Ave,-Orlando,-FL-32806","2025 E Kaley Ave, Orlando, FL 32806",2025 E Kaley Ave,,Orlando,FL,32806,Orange County,28.520576,-81.354438,single_family,5.0,3.0,2560.0,11761.0,2022.0,Inactive,744000,2022-07-15T22:10:44.000Z,31,13.519797657900346
"3100-Page-Ave,-Orlando,-FL-32806","3100 Page Ave, Orlando, FL 32806",3100 Page Ave,,Orlando,FL,32806,Orange County,28.515686,-81.344115,single_family,2.0,1.0,1140.0,10019.0,1950.0,Inactive,339000,2022-06-02T10:30:33.000Z,74,12.733758336210744
"2013-Geigel-Ave,-Orlando,-FL-32806","2013 Geigel Ave, Orlando, FL 32806",2013 Geigel Ave,,Orlando,FL,32806,Orange County,28.501566,-81.35411,single_family,3.0,2.0,1791.0,8355.0,1958.0,Inactive,390000,2022-07-02T02:56:51.000Z,44,12.873904582205107
"3000-Nancy-St,-Orlando,-FL-32806","3000 Nancy St, Orlando, FL 32806",3000 Nancy St,,Orlando,FL,32806,Orange County,28.527071,-81.34533,single_family,3.0,2.0,2011.0,10890.0,1957.0,Inactive,529000,2022-08-04T19:42:11.000Z,10,13.178745601197818
"2509-Hargill-Dr,-Orlando,-FL-32806","2509 Hargill Dr, Orlando, FL 32806",2509 Hargill Dr,,Orlando,FL,32806,Orange County,28.528483,-81.350046,single_family,3.0,2.0,1344.0,10454.0,1954.0,Inactive,419000,2022-08-04T19:42:11.000Z,10,12.945628585536271
"1204-S-Osceola-Ave,-Orlando,-FL-32806","1204 S Osceola Ave, Orlando, FL 32806",1204 S Osceola Ave,,Orlando,FL,32806,Orange County,28.52733,-81.371556,single_family,5.0,3.0,3440.0,7425.0,2021.0,Inactive,1095000,2020-09-21T23:31:54.725Z,692,13.90626583447433
"62-W-Jersey-St,---15,-Orlando,-FL-32806","62 W Jersey St, # 15, Orlando, FL 32806",62 W Jersey St,# 15,Orlando,FL,32806,Orange County,28.513718,-81.377982,townhouse,3.0,2.0,2100.0,37026.0,2022.0,Inactive,530000,2022-08-05T18:32:54.883Z,10,13.180634172318978
"1619-S-Osceola-Ave,-Orlando,-FL-32806","1619 S Osceola Ave, Orlando, FL 32806",1619 S Osceola Ave,,Orlando,FL,32806,Orange County,28.523311,-81.36999,single_family,4.0,1.0,1648.0,14810.0,1926.0,Inactive,700000,2021-10-30T15:21:57.898Z,289,13.45883704259595
"62-W-Jersey-St,---14,-Orlando,-FL-32806","62 W Jersey St, # 14, Orlando, FL 32806",62 W Jersey St,# 14,Orlando,FL,32806,Orange County,28.513581,-81.378178,townhouse,3.0,2.0,2100.0,37026.0,2022.0,Inactive,530000,2022-08-05T18:32:50.285Z,10,13.180634172318978
"62-W-Jersey-St,---16,-Orlando,-FL-32806","62 W Jersey St, # 16, Orlando, FL 32806",62 W Jersey St,# 16,Orlando,FL,32806,Orange County,28.513581,-81.378178,townhouse,3.0,2.0,2100.0,37026.0,2022.0,Inactive,530000,2022-08-05T18:32:50.284Z,10,13.180634172318978
"62-W-Jersey-St,---13,-Orlando,-FL-32806","62 W Jersey St, # 13, Orlando, FL 32806",62 W Jersey St,# 13,Orlando,FL,32806,Orange County,28.513581,-81.378178,townhouse,3.0,2.0,2100.0,37026.0,2022.0,Inactive,550000,2022-08-05T18:32:50.285Z,10,13.217675375388819
"62-W-Jersey-St,---17,-Orlando,-FL-32806","62 W Jersey St, # 17, Orlando, FL 32806",62 W Jersey St,# 17,Orlando,FL,32806,Orange County,28.513581,-81.378178,townhouse,3.0,2.0,2100.0,37026.0,2022.0,Inactive,550000,2022-08-05T18:32:50.284Z,10,13.217675375388819
"917-Lake-Emerald-Dr,-Orlando,-FL-32806","917 Lake Emerald Dr, Orlando, FL 32806",917 Lake Emerald Dr,,Orlando,FL,32806,Orange County,28.530745,-81.362195,single_family,2.0,1.0,1290.0,5506.0,1925.0,Inactive,375000,2022-01-30T13:12:59.426Z,197,12.834683971615659
"1411-Beaver-Pl,-Orlando,-FL-32806","1411 Beaver Pl, Orlando, FL 32806",1411 Beaver Pl,,Orlando,FL,32806,Orange County,28.530568,-81.362091,single_family,1.0,1.0,1046.0,18731.0,1950.0,Inactive,499900,2022-01-30T13:43:18.436Z,197,13.12216535779974
"4858-Big-Oaks-Ln,-Orlando,-FL-32806","4858 Big Oaks Ln, Orlando, FL 32806",4858 Big Oaks Ln,,Orlando,FL,32806,Orange County,28.492148,-81.354344,single_family,5.0,5.0,4457.0,19602.0,1971.0,Inactive,1450000,2022-04-08T15:04:54.529Z,129,14.187074804051692
"2904-Monaco-Ct,---26,-Orlando,-FL-32806","2904 Monaco Ct, # 26, Orlando, FL 32806",2904 Monaco Ct,# 26,Orlando,FL,32806,Orange County,28.508448,-81.363839,condo,3.0,2.0,1550.0,9460.0,1984.0,Inactive,379000,2022-07-25T16:08:26.929Z,21,12.84529412258351
"1232-Saint-Tropez-Cir,---Ge,-Orlando,-FL-32806","1232 Saint Tropez Cir, # Ge, Orlando, FL 32806",1232 Saint Tropez Cir,# Ge,Orlando,FL,32806,Orange County,28.511549,-81.363266,condo,3.0,2.0,1460.0,10454.0,1983.0,Inactive,297000,2022-08-05T17:44:27.139Z,10,12.601490784782536
"600-Shannon-Rd,-Orlando,-FL-32806","600 Shannon Rd, Orlando, FL 32806",600 Shannon Rd,,Orlando,FL,32806,Orange County,28.509964,-81.368534,single_family,3.0,2.0,1616.0,27443.0,1966.0,Inactive,720000,2022-05-11T14:56:53.286Z,96,13.487007879880162
"3765-Martin-St,-Orlando,-FL-32806","3765 Martin St, Orlando, FL 32806",3765 Martin St,,Orlando,FL,32806,Orange County,28.503103,-81.358364,single_family,3.0,2.0,1676.0,11761.0,1955.0,Inactive,399900,2021-09-08T14:58:52.759Z,341,12.89897229545694
"958-E-Michigan-St,---958,-Orlando,-FL-32806","958 E Michigan St, # 958, Orlando, FL 32806",958 E Michigan St,# 958,Orlando,FL,32806,Orange County,28.511897,-81.365272,condo,2.0,2.0,1042.0,4113.0,1973.0,Inactive,189000,2022-08-05T17:42:41.519Z,10,12.149507585033072
"1938-Melvin-Ave,-Orlando,-FL-32806","1938 Melvin Ave, Orlando, FL 32806",1938 Melvin Ave,,Orlando,FL,32806,Orange County,28.504632,-81.354091,single_family,2.0,1.0,825.0,5995.0,1951.0,Inactive,289000,2022-05-20T12:42:02.091Z,87,12.574185427296195
"2729-Mayer-St,-Orlando,-FL-32806","2729 Mayer St, Orlando, FL 32806",2729 Mayer St,,Orlando,FL,32806,Orange County,28.51177,-81.362631,single_family,3.0,2.0,1338.0,5686.0,1935.0,Inactive,389900,2022-05-21T14:28:21.414Z,86,12.873648139727594
"1105-Strathmore-Dr,-Orlando,-FL-32806","1105 Strathmore Dr, Orlando, FL 32806",1105 Strathmore Dr,,Orlando,FL,32806,Orange County,28.528283,-81.338456,single_family,4.0,2.0,1574.0,9992.0,1958.0,Inactive,469900,2022-05-26T15:00:45.506Z,81,13.060277313201007
"1312-Stevens-Ave,-Orlando,-FL-32806","1312 Stevens Ave, Orlando, FL 32806",1312 Stevens Ave,,Orlando,FL,32806,Orange County,28.495943,-81.361577,single_family,3.0,2.0,1818.0,11326.0,1960.0,Inactive,527000,2022-06-01T15:54:55.806Z,75,13.174957725054906
"3105-S-Crystal-Lake-Dr,-Orlando,-FL-32806","3105 S Crystal Lake Dr, Orlando, FL 32806",3105 S Crystal Lake Dr,,Orlando,FL,32806,Orange County,28.505492,-81.342957,multi-family,4.0,3.0,1889.0,7560.0,1949.0,Inactive,550000,2022-06-03T15:25:35.429Z,73,13.217675375388819
"3085-Ashna-Ln,-Orlando,-FL-32806","3085 Ashna Ln, Orlando, FL 32806",3085 Ashna Ln,,Orlando,FL,32806,Orange County,28.521982,-81.343797,single_family,4.0,2.0,1953.0,10019.0,1997.0,Inactive,505000,2022-06-14T15:40:14.771Z,62,13.132315688453556
"307-Richard-Pl,-Orlando,-FL-32806","307 Richard Pl, Orlando, FL 32806",307 Richard Pl,,Orlando,FL,32806,Orange County,28.507787,-81.383148,single_family,3.0,2.0,1772.0,9873.0,1951.0,Inactive,625000,2022-06-17T16:03:00.225Z,59,13.345508528717259
"2121-E-Kaley-Ave,-Apt-2,-Orlando,-FL-32806","2121 E Kaley Ave, Apt 2, Orlando, FL 32806",2121 E Kaley Ave,Apt 2,Orlando,FL,32806,Orange County,28.520727,-81.353324,townhouse,3.0,2.0,2000.0,1330.0,2017.0,Inactive,405000,2022-06-17T14:17:42.137Z,59,12.91164481522143
"1937-Cloverlawn-Ave,-Orlando,-FL-32806","1937 Cloverlawn Ave, Orlando, FL 32806",1937 Cloverlawn Ave,,Orlando,FL,32806,Orange County,28.519113,-81.354462,single_family,2.0,2.0,1245.0,6596.0,1956.0,Inactive,300000,2022-02-16T13:43:27.870Z,180,12.611541086966115
"311-E-Copeland-Dr,-Orlando,-FL-32806","311 E Copeland Dr, Orlando, FL 32806",311 E Copeland Dr,,Orlando,FL,32806,Orange County,28.525848,-81.373262,single_family,4.0,4.0,4485.0,20038.0,2017.0,Inactive,2399000,2022-06-24T16:44:57.032Z,52,14.690562958662095
"702-Albertson-Pl,-Orlando,-FL-32806","702 Albertson Pl, Orlando, FL 32806",702 Albertson Pl,,Orlando,FL,32806,Orange County,28.499427,-81.369804,single_family,4.0,2.0,2016.0,13504.0,1966.0,Inactive,595000,2022-06-30T16:18:11.987Z,44,13.296318365198623
"2778-Curry-Ford-Rd,-Unit-D,-Orlando,-FL-32806","2778 Curry Ford Rd, Unit D, Orlando, FL 32806",2778 Curry Ford Rd,Unit D,Orlando,FL,32806,Orange County,28.522936,-81.348341,condo,3.0,2.0,1350.0,116741.0,1974.0,Inactive,230000,2022-07-02T13:07:47.707Z,43,12.345838935721968
"1745-Hour-Glass-Dr,-Orlando,-FL-32806","1745 Hour Glass Dr, Orlando, FL 32806",1745 Hour Glass Dr,,Orlando,FL,32806,Orange County,28.520799,-81.357484,single_family,5.0,3.0,2722.0,20909.0,2022.0,Inactive,849900,2020-09-22T02:25:26.724Z,691,13.652875151095039
"1613-Campbell-Ave,-Orlando,-FL-32806","1613 Campbell Ave, Orlando, FL 32806",1613 Campbell Ave,,Orlando,FL,32806,Orange County,28.499277,-81.357767,single_family,3.0,2.0,1355.0,8400.0,1959.0,Inactive,429900,2022-07-08T15:25:59.394Z,37,12.971310228604022
"1202-Vantage-Dr,-Orlando,-FL-32806","1202 Vantage Dr, Orlando, FL 32806",1202 Vantage Dr,,Orlando,FL,32806,Orange County,28.527246,-81.336137,single_family,3.0,2.0,2229.0,11326.0,1957.0,Inactive,474900,2022-07-09T15:48:31.686Z,35,13.07086164024146
"2107-Delaney-Ave,-Orlando,-FL-32806","2107 Delaney Ave, Orlando, FL 32806",2107 Delaney Ave,,Orlando,FL,32806,Orange County,28.518101,-81.371964,single_family,3.0,2.0,1706.0,17860.0,1927.0,Inactive,599000,2020-10-21T17:26:03.218Z,661,13.303018546545275
"2106-S-Fern-Creek-Ave,-Orlando,-FL-32806","2106 S Fern Creek Ave, Orlando, FL 32806",2106 S Fern Creek Ave,,Orlando,FL,32806,Orange County,28.517952,-81.360233,single_family,4.0,2.0,1184.0,7507.0,1938.0,Inactive,399999,2022-07-14T15:28:41.911Z,31,12.89921982609012
"1510-Briercliff-Dr,-Orlando,-FL-32806","1510 Briercliff Dr, Orlando, FL 32806",1510 Briercliff Dr,,Orlando,FL,32806,Orange County,28.526175,-81.361718,single_family,4.0,3.0,3283.0,18731.0,1925.0,Inactive,1475000,2022-07-15T16:56:59.549Z,29,14.204169225721929
"1406-Belmont-Dr,-Orlando,-FL-32806","1406 Belmont Dr, Orlando, FL 32806",1406 Belmont Dr,,Orlando,FL,32806,Orange County,28.525489,-81.356608,single_family,4.0,2.0,1980.0,9895.0,1961.0,Inactive,759000,2022-07-15T16:35:29.021Z,29,13.539758373899955
"2814-S-Shine-Ave,-Orlando,-FL-32806","2814 S Shine Ave, Orlando, FL 32806",2814 S Shine Ave,,Orlando,FL,32806,Orange County,28.510435,-81.361152,single_family,3.0,2.0,1290.0,5623.0,2005.0,Inactive,374900,2022-07-16T15:20:01.150Z,29,12.834417270098413
"1100-Delaney-Ave,---201,-Orlando,-FL-32806","1100 Delaney Ave, # 201, Orlando, FL 32806",1100 Delaney Ave,# 201,Orlando,FL,32806,Orange County,28.528088,-81.373257,condo,2.0,2.0,1000.0,11761.0,1964.0,Inactive,215000,2022-07-17T11:36:23.715Z,28,12.278397958261774
"1318-Lancaster-Dr,-Orlando,-FL-32806","1318 Lancaster Dr, Orlando, FL 32806",1318 Lancaster Dr,,Orlando,FL,32806,Orange County,28.524461,-81.362314,single_family,3.0,2.0,1707.0,8847.0,1950.0,Inactive,645000,2022-07-18T16:35:29.479Z,26,13.377007146164305
"2601-Hargill-Dr,-Orlando,-FL-32806","2601 Hargill Dr, Orlando, FL 32806",2601 Hargill Dr,,Orlando,FL,32806,Orange County,28.528487,-81.349566,single_family,3.0,2.0,1344.0,10454.0,1954.0,Inactive,425000,2022-07-20T15:27:12.410Z,24,12.959846800844963
"2966-Eglington-Dr,-Orlando,-FL-32806","2966 Eglington Dr, Orlando, FL 32806",2966 Eglington Dr,,Orlando,FL,32806,Orange County,28.519196,-81.345688,single_family,3.0,2.0,1304.0,5498.0,1996.0,Inactive,409000,2022-07-22T15:32:39.372Z,22,12.921472880009725
"2330-Carlton-Dr,-Orlando,-FL-32806","2330 Carlton Dr, Orlando, FL 32806",2330 Carlton Dr,,Orlando,FL,32806,Orange County,28.521433,-81.351873,multi-family,4.0,2.0,1639.0,10454.0,1948.0,Inactive,599000,2022-07-22T16:51:21.395Z,22,13.303018546545275
"2126-Shaffer-Pl,-Orlando,-FL-32806","2126 Shaffer Pl, Orlando, FL 32806",2126 Shaffer Pl,,Orlando,FL,32806,Orange County,28.517224,-81.344719,single_family,4.0,3.0,1770.0,9428.0,1960.0,Inactive,315000,2022-07-22T14:31:35.041Z,23,12.660331092405906
"1310-Silverstone-Ave,-Orlando,-FL-32806","1310 Silverstone Ave, Orlando, FL 32806",1310 Silverstone Ave,,Orlando,FL,32806,Orange County,28.526017,-81.334254,single_family,3.0,2.0,1611.0,9484.0,1957.0,Inactive,489000,2022-07-23T16:58:09.500Z,21,13.100119813444692
"2016-White-Ave,-Orlando,-FL-32806","2016 White Ave, Orlando, FL 32806",2016 White Ave,,Orlando,FL,32806,Orange County,28.501951,-81.354114,single_family,3.0,1.0,1349.0,8361.0,1958.0,Inactive,315000,2022-02-19T12:09:15.750Z,176,12.660331092405906
"227-E-Crystal-Lake-St,-Orlando,-FL-32806","227 E Crystal Lake St, Orlando, FL 32806",227 E Crystal Lake St,,Orlando,FL,32806,Orange County,28.515065,-81.373107,single_family,3.0,2.0,1236.0,7409.0,1994.0,Inactive,419900,2022-06-04T15:40:58.838Z,70,12.947774248188859
"1411-Belmont-Dr,-Orlando,-FL-32806","1411 Belmont Dr, Orlando, FL 32806",1411 Belmont Dr,,Orlando,FL,32806,Orange County,28.525254,-81.356076,single_family,5.0,3.0,2750.0,9029.0,1965.0,Inactive,649000,2022-07-05T15:55:32.763Z,39,13.38318953651709
"54-W-Jersey-St,-Unit-11,-Orlando,-FL-32806","54 W Jersey St, Unit 11, Orlando, FL 32806",54 W Jersey St,Unit 11,Orlando,FL,32806,Orange County,28.513717,-81.378154,condo,3.0,2.0,2100.0,9029.0,1965.0,Inactive,615000,2022-07-09T16:15:33.501Z,35,13.329379172803593
"1313-Appleton-Ave,-Orlando,-FL-32806","1313 Appleton Ave, Orlando, FL 32806",1313 Appleton Ave,,Orlando,FL,32806,Orange County,28.498218,-81.361495,single_family,4.0,2.0,2017.0,9029.0,1965.0,Inactive,605000,2022-05-03T15:41:06.626Z,102,13.312985389904174
"1807-Delaney-Ave,-Orlando,-FL-32806","1807 Delaney Ave, Orlando, FL 32806",1807 Delaney Ave,,Orlando,FL,32806,Orange County,28.521287,-81.37198,single_family,3.0,2.0,1732.0,9029.0,1965.0,Inactive,585000,2020-11-20T20:54:50.073Z,630,13.279368835614243
"62-W-Jersey-St,-Unit-17,-Orlando,-FL-32806","62 W Jersey St, Unit 17, Orlando, FL 32806",62 W Jersey St,Unit 17,Orlando,FL,32806,Orange County,28.513581,-81.378178,condo,3.0,2.0,2100.0,9029.0,1965.0,Inactive,550000,2022-02-15T14:21:19.505Z,179,13.217675375388819
"2402-Gem-Mary-Ct,-Orlando,-FL-32806","2402 Gem Mary Ct, Orlando, FL 32806",2402 Gem Mary Ct,,Orlando,FL,32806,Orange County,28.497376,-81.366111,single_family,3.0,2.0,1757.0,9029.0,1965.0,Inactive,539900,2022-07-15T16:06:46.057Z,29,13.199141068399515
"62-W-Jersey-St,-Unit-15,-Orlando,-FL-32806","62 W Jersey St, Unit 15, Orlando, FL 32806",62 W Jersey St,Unit 15,Orlando,FL,32806,Orange County,28.513718,-81.377982,condo,3.0,2.0,2100.0,9029.0,1965.0,Inactive,530000,2021-10-02T15:58:25.158Z,315,13.180634172318978
"62-W-Jersey-St,-Unit-14,-Orlando,-FL-32806","62 W Jersey St, Unit 14, Orlando, FL 32806",62 W Jersey St,Unit 14,Orlando,FL,32806,Orange County,28.513581,-81.378178,condo,3.0,2.0,2100.0,9029.0,1965.0,Inactive,530000,2022-02-15T14:21:14.521Z,179,13.180634172318978
"62-W-Jersey-St,-Unit-16,-Orlando,-FL-32806","62 W Jersey St, Unit 16, Orlando, FL 32806",62 W Jersey St,Unit 16,Orlando,FL,32806,Orange County,28.513581,-81.378178,condo,3.0,2.0,2100.0,9029.0,1965.0,Inactive,530000,2022-02-16T14:21:46.860Z,178,13.180634172318978
"1413-Ridgecrest-Rd,-Orlando,-FL-32806","1413 Ridgecrest Rd, Orlando, FL 32806",1413 Ridgecrest Rd,,Orlando,FL,32806,Orange County,28.50504,-81.360315,single_family,3.0,2.0,1507.0,9029.0,1965.0,Inactive,420000,2022-06-23T16:54:04.258Z,51,12.948012371209098
"3517-Tennessee-Ter,-Orlando,-FL-32806","3517 Tennessee Ter, Orlando, FL 32806",3517 Tennessee Ter,,Orlando,FL,32806,Orange County,28.518688,-81.339704,single_family,4.0,2.0,1830.0,9029.0,1965.0,Inactive,419900,2022-03-30T13:51:53.774Z,136,12.947774248188859
"1232-Saint-Tropez-Cir,-Unit-Ge,-Orlando,-FL-32806","1232 Saint Tropez Cir, Unit Ge, Orlando, FL 32806",1232 Saint Tropez Cir,Unit Ge,Orlando,FL,32806,Orange County,28.511549,-81.363266,condo,3.0,2.0,1460.0,9029.0,1965.0,Inactive,297000,2022-05-03T12:58:07.351Z,102,12.601490784782536
"1213-Cloverlawn-Ave,-Orlando,-FL-32806","1213 Cloverlawn Ave, Orlando, FL 32806",1213 Cloverlawn Ave,,Orlando,FL,32806,Orange County,28.527458,-81.354499,single_family,2.0,1.0,904.0,9029.0,1965.0,Inactive,289900,2021-06-16T15:27:18.529Z,423,12.57729476436913
"772-E-Michigan-St,-Unit-69,-Orlando,-FL-32806","772 E Michigan St, Unit 69, Orlando, FL 32806",772 E Michigan St,Unit 69,Orlando,FL,32806,Orange County,28.510399,-81.367631,condo,2.0,2.0,1116.0,9029.0,1965.0,Inactive,169000,2021-12-19T09:33:00.964Z,237,12.037659911047468
"754-E-Michigan-St,-Unit-167,-Orlando,-FL-32806","754 E Michigan St, Unit 167, Orlando, FL 32806",754 E Michigan St,Unit 167,Orlando,FL,32806,Orange County,28.511447,-81.368245,condo,1.0,1.0,633.0,9029.0,1965.0,Inactive,152900,2022-06-30T08:45:12.052Z,44,11.937545932118134
"2401-Dickson-Ave,-Orlando,-FL-32806","2401 Dickson Ave, Orlando, FL 32806",2401 Dickson Ave,,Orlando,FL,32806,Orange County,28.515808,-81.358183,single_family,2.0,1.0,1038.0,9029.0,1965.0,Inactive,373000,2022-06-23T16:36:16.976Z,51,12.829336379587506
"3312-Monteen-Dr,-Orlando,-FL-32806","3312 Monteen Dr, Orlando, FL 32806",3312 Monteen Dr,,Orlando,FL,32806,Orange County,28.506357,-81.341229,single_family,4.0,2.0,1884.0,9029.0,1965.0,Inactive,439990,2021-08-31T16:24:18.052Z,347,12.994509551139792
"3036-Bay-Tree-Dr,-Orlando,-FL-32806","3036 Bay Tree Dr, Orlando, FL 32806",3036 Bay Tree Dr,,Orlando,FL,32806,Orange County,28.507908,-81.356417,single_family,4.0,2.0,2129.0,9029.0,1965.0,Inactive,420000,2022-05-04T16:38:52.695Z,101,12.948012371209098
"426-Raehn-St,-Orlando,-FL-32806","426 Raehn St, Orlando, FL 32806",426 Raehn St,,Orlando,FL,32806,Orange County,28.524473,-81.371114,single_family,4.0,2.0,3500.0,9029.0,1965.0,Inactive,1395000,2022-05-26T15:51:17.417Z,79,14.148405690083225
"2307-Raehn-St,-Orlando,-FL-32806","2307 Raehn St, Orlando, FL 32806",2307 Raehn St,,Orlando,FL,32806,Orange County,28.52574,-81.352388,single_family,1.0,1.0,576.0,9029.0,1965.0,Inactive,188000,2021-12-12T13:22:24.648Z,244,12.144202560946876
"3321-E-Grant-Ave,-Orlando,-FL-32806","3321 E Grant Ave, Orlando, FL 32806",3321 E Grant Ave,,Orlando,FL,32806,Orange County,28.517083,-81.341485,single_family,2.0,1.0,1080.0,9029.0,1965.0,Inactive,314900,2022-06-18T14:44:30.935Z,56,12.66001358269538
"730-E-Michigan-St,-Unit-131,-Orlando,-FL-32806","730 E Michigan St, Unit 131, Orlando, FL 32806",730 E Michigan St,Unit 131,Orlando,FL,32806,Orange County,28.512172,-81.367626,condo,2.0,2.0,994.0,9029.0,1965.0,Inactive,197500,2022-06-08T10:58:57.259Z,66,12.193498926601634
"442-Briercliff-Dr,-Orlando,-FL-32806","442 Briercliff Dr, Orlando, FL 32806",442 Briercliff Dr,,Orlando,FL,32806,Orange County,28.527327,-81.370684,single_family,4.0,4.0,2688.0,9029.0,1965.0,Inactive,795000,2022-06-03T15:45:38.438Z,71,13.586098651497313
"2873-S-Osceola-Ave,-Apt-A3,-Orlando,-FL-32806","2873 S Osceola Ave, Apt A3, Orlando, FL 32806",2873 S Osceola Ave,Apt A3,Orlando,FL,32806,Orange County,28.509803,-81.370053,condo,1.0,1.0,632.0,9029.0,1965.0,Inactive,149900,2022-02-27T11:28:56.312Z,167,11.917730355182513
"1605-Pine-Bluff-Ave,-Orlando,-FL-32806","1605 Pine Bluff Ave, Orlando, FL 32806",1605 Pine Bluff Ave,,Orlando,FL,32806,Orange County,28.522962,-81.361597,single_family,3.0,2.0,1830.0,9029.0,1965.0,Inactive,749900,2022-05-20T15:39:39.449Z,85,13.527696476799726
"1152-Delaney-Ave,-Unit-1152,-Orlando,-FL-32806","1152 Delaney Ave, Unit 1152, Orlando, FL 32806",1152 Delaney Ave,Unit 1152,Orlando,FL,32806,Orange County,28.527703,-81.372786,condo,2.0,2.0,1982.0,9029.0,1965.0,Inactive,619990,2022-05-26T15:32:31.595Z,79,13.337460240786882
"1450-Wald-Rd,-Orlando,-FL-32806","1450 Wald Rd, Orlando, FL 32806",1450 Wald Rd,,Orlando,FL,32806,Orange County,28.502388,-81.360085,single_family,3.0,3.0,2582.0,9029.0,1965.0,Inactive,710000,2022-06-03T15:44:35.294Z,71,13.47302165746721
"441-Avalon-Blvd,-Orlando,-FL-32806","441 Avalon Blvd, Orlando, FL 32806",441 Avalon Blvd,,Orlando,FL,32806,Orange County,28.52193,-81.370607,single_family,5.0,3.0,2777.0,9029.0,1965.0,Inactive,1050000,2022-05-13T15:36:24.560Z,92,13.864301674514206
"1159-Delaney-Ave,-Unit-5,-Orlando,-FL-32806","1159 Delaney Ave, Unit 5, Orlando, FL 32806",1159 Delaney Ave,Unit 5,Orlando,FL,32806,Orange County,28.527843,-81.372078,condo,3.0,2.0,2434.0,9029.0,1965.0,Inactive,617700,2020-09-22T02:02:19.924Z,690,13.333759800591535
"411-E-Kaley-St,-Orlando,-FL-32806","411 E Kaley St, Orlando, FL 32806",411 E Kaley St,,Orlando,FL,32806,Orange County,28.520619,-81.371636,single_family,2.0,2.0,884.0,9029.0,1965.0,Inactive,310000,2022-05-20T13:17:36.512Z,85,12.644330802262578
"1100-Delaney-Ave,-Apt-D12,-Orlando,-FL-32806","1100 Delaney Ave, Apt D12, Orlando, FL 32806",1100 Delaney Ave,Apt D12,Orlando,FL,32806,Orange County,28.528497,-81.372968,condo,2.0,1.0,998.0,9029.0,1965.0,Inactive,217000,2022-05-28T13:38:20.093Z,77,12.28765724080691
"54-W-Jersey-St,-Unit-8,-Orlando,-FL-32806","54 W Jersey St, Unit 8, Orlando, FL 32806",54 W Jersey St,Unit 8,Orlando,FL,32806,Orange County,28.513717,-81.378154,condo,3.0,2.0,2100.0,9029.0,1965.0,Inactive,650000,2022-07-10T15:19:24.517Z,34,13.384729180332174
"2907-Nancy-St,-Orlando,-FL-32806","2907 Nancy St, Orlando, FL 32806",2907 Nancy St,,Orlando,FL,32806,Orange County,28.527603,-81.346074,single_family,3.0,2.0,1434.0,9029.0,1965.0,Inactive,375000,2022-06-05T15:02:30.449Z,69,12.834683971615659
"62-W-Jersey-St,-Unit-11,-Orlando,-FL-32806","62 W Jersey St, Unit 11, Orlando, FL 32806",62 W Jersey St,Unit 11,Orlando,FL,32806,Orange County,28.513581,-81.378178,condo,3.0,2.0,2100.0,9029.0,1965.0,Inactive,615000,2022-04-28T20:42:42.961Z,106,13.329379172803593
"1056-E-Michigan-St,-Unit-1056B,-Orlando,-FL-32806","1056 E Michigan St, Unit 1056B, Orlando, FL 32806",1056 E Michigan St,Unit 1056B,Orlando,FL,32806,Orange County,28.511086,-81.364693,condo,2.0,2.0,1060.0,9029.0,1965.0,Inactive,207000,2022-06-03T12:11:28.813Z,71,12.240478903153711
"700-Delaney-Park-Dr,-Orlando,-FL-32806","700 Delaney Park Dr, Orlando, FL 32806",700 Delaney Park Dr,,Orlando,FL,32806,Orange County,28.528179,-81.36801,single_family,3.0,2.0,2214.0,9029.0,1965.0,Inactive,650000,2022-05-12T15:08:10.123Z,93,13.384729180332174
"1580-Waterwitch-Dr,-Orlando,-FL-32806","1580 Waterwitch Dr, Orlando, FL 32806",1580 Waterwitch Dr,,Orlando,FL,32806,Orange County,28.489629,-81.360924,single_family,5.0,4.0,5127.0,9029.0,1965.0,Inactive,2150000,2022-05-12T15:25:36.115Z,93,14.580978865220017
"2910-Vine-St,-Orlando,-FL-32806","2910 Vine St, Orlando, FL 32806",2910 Vine St,,Orlando,FL,32806,Orange County,28.526155,-81.345859,single_family,3.0,2.0,1496.0,9029.0,1965.0,Inactive,425000,2022-05-26T14:47:37.719Z,79,12.959846800844963
"3161-S-Bumby-Ave,-Orlando,-FL-32806","3161 S Bumby Ave, Orlando, FL 32806",3161 S Bumby Ave,,Orlando,FL,32806,Orange County,28.50696,-81.351272,single_family,4.0,2.0,1646.0,9029.0,1965.0,Inactive,379510,2021-12-09T14:10:50.905Z,247,12.846638860904996
"1820-Antigua-Dr,-Orlando,-FL-32806","1820 Antigua Dr, Orlando, FL 32806",1820 Antigua Dr,,Orlando,FL,32806,Orange County,28.527885,-81.356121,single_family,4.0,2.0,3210.0,9029.0,1965.0,Inactive,1050000,2022-03-04T14:20:27.091Z,162,13.864301674514206
"701-Delaney-Park-Dr,-Orlando,-FL-32806","701 Delaney Park Dr, Orlando, FL 32806",701 Delaney Park Dr,,Orlando,FL,32806,Orange County,28.52862,-81.368031,single_family,3.0,3.0,2298.0,9029.0,1965.0,Inactive,750000,2022-04-02T14:41:40.754Z,133,13.527829818844937
"1836-Everhart-Dr,-Orlando,-FL-32806","1836 Everhart Dr, Orlando, FL 32806",1836 Everhart Dr,,Orlando,FL,32806,Orange County,28.520848,-81.345211,single_family,3.0,2.0,1637.0,9029.0,1965.0,Inactive,539900,2022-06-15T15:59:32.162Z,59,13.199141068399515
"3218-Carnine-Dr,-Orlando,-FL-32806","3218 Carnine Dr, Orlando, FL 32806",3218 Carnine Dr,,Orlando,FL,32806,Orange County,28.500642,-81.342279,single_family,3.0,2.0,1542.0,9029.0,1965.0,Inactive,475000,2020-12-16T14:46:39.368Z,605,13.07107218827772
"1614-Curry-Ford-Rd,-Orlando,-FL-32806","1614 Curry Ford Rd, Orlando, FL 32806",1614 Curry Ford Rd,,Orlando,FL,32806,Orange County,28.523755,-81.359251,single_family,3.0,2.0,1080.0,9029.0,1965.0,Inactive,474900,2022-05-15T15:00:26.551Z,90,13.07086164024146
"1308-Francis-Ave,-Orlando,-FL-32806","1308 Francis Ave, Orlando, FL 32806",1308 Francis Ave,,Orlando,FL,32806,Orange County,28.526321,-81.353024,condo,3.0,2.0,1989.0,9029.0,1965.0,Inactive,455000,2022-06-01T15:45:03.199Z,73,13.02805489573287
"3900-Bayview-Dr,-Orlando,-FL-32806","3900 Bayview Dr, Orlando, FL 32806",3900 Bayview Dr,,Orlando,FL,32806,Orange County,28.497818,-81.342753,single_family,3.0,1.0,1120.0,9029.0,1965.0,Inactive,375000,2022-05-06T13:47:22.006Z,99,12.834683971615659
"3209-Charow-Ln,-Orlando,-FL-32806","3209 Charow Ln, Orlando, FL 32806",3209 Charow Ln,,Orlando,FL,32806,Orange County,28.500342,-81.342758,single_family,3.0,2.0,1310.0,9029.0,1965.0,Inactive,325000,2022-03-11T13:31:10.399Z,155,12.691583538230217
"2507-Newberry-St,-Orlando,-FL-32806","2507 Newberry St, Orlando, FL 32806",2507 Newberry St,,Orlando,FL,32806,Orange County,28.514755,-81.354132,single_family,2.0,1.0,924.0,9029.0,1965.0,Inactive,309900,2022-04-26T16:34:27.378Z,109,12.644008170618003
"1921-Baxter-Ave,-Orlando,-FL-32806","1921 Baxter Ave, Orlando, FL 32806",1921 Baxter Ave,,Orlando,FL,32806,Orange County,28.504294,-81.355021,single_family,3.0,2.0,1226.0,9029.0,1965.0,Inactive,300000,2022-05-26T13:20:18.753Z,79,12.611541086966115
"4220-Waterfront-Pkwy,-Orlando,-FL-32806","4220 Waterfront Pkwy, Orlando, FL 32806",4220 Waterfront Pkwy,,Orlando,FL,32806,Orange County,28.495103,-81.346196,single_family,3.0,2.0,1600.0,9029.0,1965.0,Inactive,2000000,2022-06-17T16:24:21.225Z,57,14.508658238524095
"2849-Marsala-Ct,-Orlando,-FL-32806","2849 Marsala Ct, Orlando, FL 32806",2849 Marsala Ct,,Orlando,FL,32806,Orange County,28.510695,-81.364119,condo,2.0,2.0,1300.0,9029.0,1965.0,Inactive,299000,2022-05-28T13:56:17.027Z,77,12.608202196848836
"2008-Hamilton-Ln,-Orlando,-FL-32806","2008 Hamilton Ln, Orlando, FL 32806",2008 Hamilton Ln,,Orlando,FL,32806,Orange County,28.518936,-81.368696,single_family,4.0,2.0,2765.0,9029.0,1965.0,Inactive,950000,2022-05-08T15:21:50.188Z,97,13.76421831620775
"2026-Essex-Pl,-Orlando,-FL-32806","2026 Essex Pl, Orlando, FL 32806",2026 Essex Pl,,Orlando,FL,32806,Orange County,28.517951,-81.353525,single_family,2.0,2.0,1257.0,9029.0,1965.0,Inactive,399900,2022-05-13T14:16:34.053Z,92,12.89897229545694
"2917-Lake-Pineloch-Blvd,-Unit-16-15,-Orlando,-FL-32806","2917 Lake Pineloch Blvd, Unit 16-15, Orlando, FL 32806",2917 Lake Pineloch Blvd,Unit 16-15,Orlando,FL,32806,Orange County,28.508793,-81.363266,condo,2.0,2.0,1300.0,9029.0,1965.0,Inactive,380000,2022-05-17T14:25:53.116Z,88,12.847929163278053
"2904-Monaco-Ct,-Unit-26,-Orlando,-FL-32806","2904 Monaco Ct, Unit 26, Orlando, FL 32806",2904 Monaco Ct,Unit 26,Orlando,FL,32806,Orange County,28.508448,-81.363839,condo,3.0,2.0,1550.0,9029.0,1965.0,Inactive,379000,2022-04-24T15:44:26.994Z,111,12.84529412258351
"1074-E-Michigan-St,-Apt-A,-Orlando,-FL-32806","1074 E Michigan St, Apt A, Orlando, FL 32806",1074 E Michigan St,Apt A,Orlando,FL,32806,Orange County,28.511888,-81.364701,condo,2.0,2.0,1014.0,9029.0,1965.0,Inactive,167000,2021-09-08T13:08:31.169Z,339,12.025755079404917
"1100-Delaney-Ave,-Apt-F306,-Orlando,-FL-32806","1100 Delaney Ave, Apt F306, Orlando, FL 32806",1100 Delaney Ave,Apt F306,Orlando,FL,32806,Orange County,28.528088,-81.373257,condo,1.0,1.0,751.0,9029.0,1965.0,Inactive,212000,2022-05-29T10:39:09.039Z,76,12.264346270624157
"3010-Carmia-Dr,-Orlando,-FL-32806","3010 Carmia Dr, Orlando, FL 32806",3010 Carmia Dr,,Orlando,FL,32806,Orange County,28.506238,-81.362041,single_family,3.0,2.0,1843.0,9029.0,1965.0,Inactive,549900,2022-04-22T17:01:01.920Z,112,13.217493541006709
"758-E-Michigan-St,-Unit-199,-Orlando,-FL-32806","758 E Michigan St, Unit 199, Orlando, FL 32806",758 E Michigan St,Unit 199,Orlando,FL,32806,Orange County,28.511012,-81.367986,condo,1.0,1.0,633.0,9029.0,1965.0,Inactive,134990,2021-09-24T16:08:29.953Z,323,11.812963388531578
"2724-Conway-Gardens-Rd,-Orlando,-FL-32806","2724 Conway Gardens Rd, Orlando, FL 32806",2724 Conway Gardens Rd,,Orlando,FL,32806,Orange County,28.51224,-81.339488,single_family,3.0,2.0,1399.0,9029.0,1965.0,Inactive,399900,2020-12-12T15:43:48.119Z,609,12.89897229545694
"958-E-Michigan-St,-Unit-958,-Orlando,-FL-32806","958 E Michigan St, Unit 958, Orlando, FL 32806",958 E Michigan St,Unit 958,Orlando,FL,32806,Orange County,28.511897,-81.365272,condo,2.0,2.0,1042.0,9029.0,1965.0,Inactive,189000,2021-02-11T11:28:34.654Z,548,12.149507585033072
"2770-Curry-Ford-Rd,-Unit-A,-Orlando,-FL-32806","2770 Curry Ford Rd, Unit A, Orlando, FL 32806",2770 Curry Ford Rd,Unit A,Orlando,FL,32806,Orange County,28.522936,-81.348341,condo,2.0,1.0,864.0,9029.0,1965.0,Inactive,169500,2022-05-24T10:32:22.017Z,81,12.040614105490253
"119-E-Harding-St,-Orlando,-FL-32806","119 E Harding St, Orlando, FL 32806",119 E Harding St,,Orlando,FL,32806,Orange County,28.518687,-81.375632,apartment,5.0,3.0,1548.0,9029.0,1965.0,Inactive,550000,2022-04-19T16:57:31.575Z,115,13.217675375388819
"1225-Salerno-Ct,-Unit-Ge,-Orlando,-FL-32806","1225 Salerno Ct, Unit Ge, Orlando, FL 32806",1225 Salerno Ct,Unit Ge,Orlando,FL,32806,Orange County,28.510416,-81.363373,condo,2.0,2.0,1300.0,9029.0,1965.0,Inactive,300000,2022-05-12T12:59:54.531Z,93,12.611541086966115
"1121-Appleton-Ave,-Orlando,-FL-32806","1121 Appleton Ave, Orlando, FL 32806",1121 Appleton Ave,,Orlando,FL,32806,Orange County,28.49818,-81.363548,single_family,3.0,2.0,1685.0,9029.0,1965.0,Inactive,419000,2022-05-10T14:03:40.468Z,95,12.945628585536271
"2312-Conway-Gardens-Rd,-Orlando,-FL-32806","2312 Conway Gardens Rd, Orlando, FL 32806",2312 Conway Gardens Rd,,Orlando,FL,32806,Orange County,28.51641,-81.339522,single_family,3.0,2.0,1337.0,9029.0,1965.0,Inactive,374900,2021-09-28T14:49:25.309Z,319,12.834417270098413
"1010-E-Michigan-St,-Apt-B,-Orlando,-FL-32806","1010 E Michigan St, Apt B, Orlando, FL 32806",1010 E Michigan St,Apt B,Orlando,FL,32806,Orange County,28.50955,-81.364945,condo,2.0,2.0,1400.0,9029.0,1965.0,Inactive,240000,2022-05-13T12:17:27.165Z,92,12.388398368982115
"1812-Pepperidge-Dr,-Orlando,-FL-32806","1812 Pepperidge Dr, Orlando, FL 32806",1812 Pepperidge Dr,,Orlando,FL,32806,Orange County,28.527001,-81.356601,single_family,3.0,2.0,2240.0,9029.0,1965.0,Inactive,800000,2022-04-22T17:12:23.708Z,112,13.592368256649284
"2710-Mae-Loma-Ct,-Orlando,-FL-32806","2710 Mae Loma Ct, Orlando, FL 32806",2710 Mae Loma Ct,,Orlando,FL,32806,Orange County,28.508508,-81.346291,single_family,4.0,2.0,1975.0,9029.0,1965.0,Inactive,429900,2022-04-24T15:59:46.144Z,111,12.971310228604022
"2703-Raeford-Rd,-Orlando,-FL-32806","2703 Raeford Rd, Orlando, FL 32806",2703 Raeford Rd,,Orlando,FL,32806,Orange County,28.50977,-81.348819,single_family,3.0,1.0,1080.0,9029.0,1965.0,Inactive,320000,2022-04-03T12:59:04.298Z,132,12.676079399771027
"1419-E-Kaley-St,-Orlando,-FL-32806","1419 E Kaley St, Orlando, FL 32806",1419 E Kaley St,,Orlando,FL,32806,Orange County,28.520653,-81.361259,single_family,4.0,2.0,3450.0,9029.0,1965.0,Inactive,839900,2022-05-08T15:19:50.411Z,97,13.64103930673094
"1708-Morningside-Dr,-Orlando,-FL-32806","1708 Morningside Dr, Orlando, FL 32806",1708 Morningside Dr,,Orlando,FL,32806,Orange County,28.524639,-81.357991,single_family,4.0,2.0,1799.0,9029.0,1965.0,Inactive,729899,2022-04-29T16:12:49.658Z,105,13.500662817439723
"537-Lanark-Ct,-Orlando,-FL-32806","537 Lanark Ct, Orlando, FL 32806",537 Lanark Ct,,Orlando,FL,32806,Orange County,28.514619,-81.368964,condo,3.0,2.0,2171.0,9029.0,1965.0,Inactive,490000,2022-05-08T14:57:59.038Z,97,13.102162710901053
"3707-March-Ave,-Orlando,-FL-32806","3707 March Ave, Orlando, FL 32806",3707 March Ave,,Orlando,FL,32806,Orange County,28.499134,-81.355918,single_family,4.0,2.0,1716.0,9029.0,1965.0,Inactive,401000,2021-10-29T15:10:00.665Z,288,12.901719200051183
"1229-Edmundshire-Ln,-Orlando,-FL-32806","1229 Edmundshire Ln, Orlando, FL 32806",1229 Edmundshire Ln,,Orlando,FL,32806,Orange County,28.526448,-81.332764,single_family,4.0,2.0,1419.0,9029.0,1965.0,Inactive,359000,2022-05-08T14:21:47.051Z,97,12.791080452981857
"517-Woodland-St,-Orlando,-FL-32806","517 Woodland St, Orlando, FL 32806",517 Woodland St,,Orlando,FL,32806,Orange County,28.52283,-81.369518,single_family,3.0,2.0,1519.0,9029.0,1965.0,Inactive,629900,2022-05-08T15:08:19.414Z,97,13.35331794316234
"1909-Baldwin-Dr,-Orlando,-FL-32806","1909 Baldwin Dr, Orlando, FL 32806",1909 Baldwin Dr,,Orlando,FL,32806,Orange County,28.520188,-81.341428,single_family,4.0,2.0,1415.0,9029.0,1965.0,Inactive,399900,2022-05-27T14:24:00.595Z,78,12.89897229545694
"1829-Baylarian-Blvd,-Orlando,-FL-32806","1829 Baylarian Blvd, Orlando, FL 32806",1829 Baylarian Blvd,,Orlando,FL,32806,Orange County,28.521032,-81.374005,single_family,5.0,4.0,3087.0,9029.0,1965.0,Inactive,1150000,2022-04-15T15:09:48.091Z,120,13.955273369904273
"3514-Hargill-Dr,-Orlando,-FL-32806","3514 Hargill Dr, Orlando, FL 32806",3514 Hargill Dr,,Orlando,FL,32806,Orange County,28.527495,-81.339826,single_family,3.0,2.0,1504.0,9029.0,1965.0,Inactive,429000,2022-04-28T20:04:16.933Z,106,12.969214528909768
"1315-Lancaster-Dr,-Orlando,-FL-32806","1315 Lancaster Dr, Orlando, FL 32806",1315 Lancaster Dr,,Orlando,FL,32806,Orange County,28.524935,-81.362289,single_family,3.0,2.0,2407.0,9029.0,1965.0,Inactive,825000,2022-04-13T17:18:51.598Z,121,13.623139877437296
"1621-Poe-Ave,-Orlando,-FL-32806","1621 Poe Ave, Orlando, FL 32806",1621 Poe Ave,,Orlando,FL,32806,Orange County,28.494149,-81.35881,single_family,3.0,2.0,1692.0,9029.0,1965.0,Inactive,525000,2022-04-14T14:34:56.765Z,121,13.171155446333852
"2011-E-Esther-St,-Orlando,-FL-32806","2011 E Esther St, Orlando, FL 32806",2011 E Esther St,,Orlando,FL,32806,Orange County,28.519857,-81.354152,condo,3.0,2.0,1640.0,9029.0,1965.0,Inactive,475000,2022-03-05T14:03:28.929Z,161,13.07107218827772
"1816-E-Kaley-Ave,-Orlando,-FL-32806","1816 E Kaley Ave, Orlando, FL 32806",1816 E Kaley Ave,,Orlando,FL,32806,Orange County,28.519674,-81.356115,single_family,2.0,1.0,984.0,9029.0,1965.0,Inactive,315000,2022-04-27T18:05:30.935Z,107,12.660331092405906
"1823-S-Osceola-Ave,-Orlando,-FL-32806","1823 S Osceola Ave, Orlando, FL 32806",1823 S Osceola Ave,,Orlando,FL,32806,Orange County,28.520803,-81.369978,single_family,5.0,5.0,4087.0,9029.0,1965.0,Inactive,999000,2022-05-11T15:00:41.781Z,94,13.81451105863119
"3007-Walnut-St,-Orlando,-FL-32806","3007 Walnut St, Orlando, FL 32806",3007 Walnut St,,Orlando,FL,32806,Orange County,28.530341,-81.345159,single_family,3.0,2.0,1807.0,9029.0,1965.0,Inactive,529900,2022-05-08T15:02:03.303Z,97,13.180445475627591
"3801-Harbour-Dr,-Orlando,-FL-32806","3801 Harbour Dr, Orlando, FL 32806",3801 Harbour Dr,,Orlando,FL,32806,Orange County,28.498395,-81.345838,single_family,3.0,2.0,1344.0,9029.0,1965.0,Inactive,399900,2022-04-19T16:35:57.134Z,115,12.89897229545694
"2801-Walnut-St,-Orlando,-FL-32806","2801 Walnut St, Orlando, FL 32806",2801 Walnut St,,Orlando,FL,32806,Orange County,28.530326,-81.347328,single_family,3.0,2.0,1390.0,9029.0,1965.0,Inactive,539900,2021-09-15T17:54:37.175Z,331,13.199141068399515
"1016-Wald-Rd,-Orlando,-FL-32806","1016 Wald Rd, Orlando, FL 32806",1016 Wald Rd,,Orlando,FL,32806,Orange County,28.502269,-81.365944,single_family,4.0,2.0,3079.0,9029.0,1965.0,Inactive,860000,2022-04-09T14:51:33.676Z,126,13.664688831019712
"3801-Appleton-Way,-Orlando,-FL-32806","3801 Appleton Way, Orlando, FL 32806",3801 Appleton Way,,Orlando,FL,32806,Orange County,28.497412,-81.363602,single_family,4.0,3.0,2820.0,9029.0,1965.0,Inactive,699900,2022-05-08T15:16:28.188Z,97,13.45869417545215
"4521-Leslyn-Ct,-Orlando,-FL-32806","4521 Leslyn Ct, Orlando, FL 32806",4521 Leslyn Ct,,Orlando,FL,32806,Orange County,28.495056,-81.360472,single_family,3.0,2.0,1556.0,9029.0,1965.0,Inactive,459000,2022-04-29T15:38:17.661Z,105,13.036807667689546
"2405-Mayer-St,-Orlando,-FL-32806","2405 Mayer St, Orlando, FL 32806",2405 Mayer St,,Orlando,FL,32806,Orange County,28.51512,-81.362676,single_family,3.0,2.0,1386.0,9029.0,1965.0,Inactive,380000,2022-05-13T14:16:29.428Z,92,12.847929163278053
"2829-Lake-Margaret-Dr,-Orlando,-FL-32806","2829 Lake Margaret Dr, Orlando, FL 32806",2829 Lake Margaret Dr,,Orlando,FL,32806,Orange County,28.50619,-81.346509,single_family,3.0,2.0,1247.0,9029.0,1965.0,Inactive,350000,2022-02-03T12:55:05.487Z,191,12.765691290604371
"1409-Briercliff-Dr,-Orlando,-FL-32806","1409 Briercliff Dr, Orlando, FL 32806",1409 Briercliff Dr,,Orlando,FL,32806,Orange County,28.527274,-81.361951,single_family,6.0,5.0,5031.0,9029.0,1965.0,Inactive,1849000,2021-02-11T15:12:46.693Z,548,14.430156051201998
"3011-Eglington-Dr,-Orlando,-FL-32806","3011 Eglington Dr, Orlando, FL 32806",3011 Eglington Dr,,Orlando,FL,32806,Orange County,28.519642,-81.34494,single_family,4.0,2.0,1953.0,9029.0,1965.0,Inactive,500000,2022-04-27T19:28:19.574Z,107,13.122365377402328
"147-Page-St,-Orlando,-FL-32806","147 Page St, Orlando, FL 32806",147 Page St,,Orlando,FL,32806,Orange County,28.515986,-81.374557,single_family,3.0,2.0,1602.0,9029.0,1965.0,Inactive,450000,2022-04-02T14:07:56.843Z,133,13.017005083966255
"28-W-Esther-St,-Unit-C,-Orlando,-FL-32806","28 W Esther St, Unit C, Orlando, FL 32806",28 W Esther St,Unit C,Orlando,FL,32806,Orange County,28.519074,-81.37737,condo,3.0,2.0,1589.0,9029.0,1965.0,Inactive,399900,2022-04-16T14:10:03.497Z,119,12.89897229545694
"792-E-Michigan-St,-Unit-2,-Orlando,-FL-32806","792 E Michigan St, Unit 2, Orlando, FL 32806",792 E Michigan St,Unit 2,Orlando,FL,32806,Orange County,28.510329,-81.366838,condo,2.0,2.0,1116.0,9029.0,1965.0,Inactive,154999,2021-08-19T12:51:43.508Z,359,11.951180395901384
"3214-Raeford-Rd,-Orlando,-FL-32806","3214 Raeford Rd, Orlando, FL 32806",3214 Raeford Rd,,Orlando,FL,32806,Orange County,28.508587,-81.343898,single_family,5.0,3.0,2026.0,9029.0,1965.0,Inactive,500000,2022-03-06T13:47:08.456Z,160,13.122365377402328
"2020-E-Esther-St,-Orlando,-FL-32806","2020 E Esther St, Orlando, FL 32806",2020 E Esther St,,Orlando,FL,32806,Orange County,28.51932,-81.354012,single_family,2.0,2.0,1067.0,9029.0,1965.0,Inactive,360000,2021-07-19T16:14:39.570Z,389,12.793862088206213
"924-Essex-Pl,-Orlando,-FL-32806","924 Essex Pl, Orlando, FL 32806",924 Essex Pl,,Orlando,FL,32806,Orange County,28.530096,-81.35307,single_family,4.0,2.0,2944.0,9029.0,1965.0,Inactive,1097000,2022-04-22T17:14:30.866Z,112,13.90809065083398
"1601-Triangle-Ave,-Orlando,-FL-32806","1601 Triangle Ave, Orlando, FL 32806",1601 Triangle Ave,,Orlando,FL,32806,Orange County,28.518151,-81.359713,single_family,3.0,2.0,1816.0,9029.0,1965.0,Inactive,449000,2022-04-22T16:42:51.004Z,112,13.014780393893403
"2103-Raehn-St,-Orlando,-FL-32806","2103 Raehn St, Orlando, FL 32806",2103 Raehn St,,Orlando,FL,32806,Orange County,28.525657,-81.354485,single_family,4.0,2.0,1803.0,9029.0,1965.0,Inactive,600000,2022-04-07T14:08:16.660Z,128,13.304686600863562
"118-E-Harding-St,-Unit-1,-Orlando,-FL-32806","118 E Harding St, Unit 1, Orlando, FL 32806",118 E Harding St,Unit 1,Orlando,FL,32806,Orange County,28.518134,-81.375604,condo,5.0,3.0,3414.0,9029.0,1965.0,Inactive,674500,2022-04-02T14:37:57.419Z,133,13.421728437208538
"1401-Groveland-Ave-Apt-A,-Orlando,-FL-32806","1401 Groveland Ave Apt A, Orlando, FL 32806",1401 Groveland Ave Apt A,,Orlando,FL,32806,Orange County,28.525305,-81.355608,single_family,4.0,2.0,1891.0,9029.0,1965.0,Inactive,299999,2022-05-06T12:33:28.652Z,99,12.611537753638338
"1423-Appleton-Ave,-Orlando,-FL-32806","1423 Appleton Ave, Orlando, FL 32806",1423 Appleton Ave,,Orlando,FL,32806,Orange County,28.498236,-81.360079,single_family,3.0,2.0,1718.0,9029.0,1965.0,Inactive,450000,2022-04-22T16:43:42.785Z,112,13.017005083966255
"1319-Corbett-Ln,-Orlando,-FL-32806","1319 Corbett Ln, Orlando, FL 32806",1319 Corbett Ln,,Orlando,FL,32806,Orange County,28.525833,-81.331817,single_family,3.0,2.0,1482.0,9029.0,1965.0,Inactive,399000,2022-03-23T14:15:31.497Z,143,12.896719202134523
"2636-Conway-Gardens-Rd,-Orlando,-FL-32806","2636 Conway Gardens Rd, Orlando, FL 32806",2636 Conway Gardens Rd,,Orlando,FL,32806,Orange County,28.513865,-81.339504,single_family,3.0,2.0,1377.0,9029.0,1965.0,Inactive,375000,2021-06-16T15:22:00.279Z,422,12.834683971615659
"3120-E-Grant-Ave,-Orlando,-FL-32806","3120 E Grant Ave, Orlando, FL 32806",3120 E Grant Ave,,Orlando,FL,32806,Orange County,28.516592,-81.343699,single_family,3.0,2.0,1184.0,9029.0,1965.0,Inactive,289000,2020-12-20T14:38:16.552Z,601,12.574185427296195
"620-Delaney-Park-Dr,-Orlando,-FL-32806","620 Delaney Park Dr, Orlando, FL 32806",620 Delaney Park Dr,,Orlando,FL,32806,Orange County,28.528196,-81.368497,single_family,5.0,3.0,2780.0,9029.0,1965.0,Inactive,909000,2021-07-02T15:22:16.048Z,406,13.720101473269022
"1615-Briercliff-Dr,-Orlando,-FL-32806","1615 Briercliff Dr, Orlando, FL 32806",1615 Briercliff Dr,,Orlando,FL,32806,Orange County,28.52591,-81.358898,single_family,3.0,2.0,1987.0,9029.0,1965.0,Inactive,699000,2022-03-24T14:30:56.886Z,142,13.457407451830088
"2530-Pershing-Ave,-Orlando,-FL-32806","2530 Pershing Ave, Orlando, FL 32806",2530 Pershing Ave,,Orlando,FL,32806,Orange County,28.498353,-81.348807,single_family,4.0,2.0,1740.0,9029.0,1965.0,Inactive,489000,2021-07-19T16:32:30.866Z,389,13.100119813444692
"430-E-Gore-St,-Orlando,-FL-32806","430 E Gore St, Orlando, FL 32806",430 E Gore St,,Orlando,FL,32806,Orange County,28.530516,-81.371536,single_family,3.0,2.0,1530.0,9029.0,1965.0,Inactive,575000,2022-04-07T14:07:53.283Z,126,13.26212705890841
"3216-E-Esther-St,-Orlando,-FL-32806","3216 E Esther St, Orlando, FL 32806",3216 E Esther St,,Orlando,FL,32806,Orange County,28.519794,-81.342727,single_family,3.0,2.0,1860.0,9029.0,1965.0,Inactive,400000,2022-04-20T18:32:09.689Z,112,12.899222326086994
"3532-Macarthur-Dr,-Orlando,-FL-32806","3532 Macarthur Dr, Orlando, FL 32806",3532 Macarthur Dr,,Orlando,FL,32806,Orange County,28.504513,-81.382247,single_family,4.0,2.0,2482.0,9029.0,1965.0,Inactive,865000,2022-04-09T14:51:33.679Z,124,13.670485941982712
"3713-Dover-St,-Orlando,-FL-32806","3713 Dover St, Orlando, FL 32806",3713 Dover St,,Orlando,FL,32806,Orange County,28.530434,-81.33786,single_family,4.0,3.0,2485.0,9029.0,1965.0,Inactive,735000,2022-03-24T14:34:42.658Z,140,13.507627138738266
"2165-Peel-Ave,-Orlando,-FL-32806","2165 Peel Ave, Orlando, FL 32806",2165 Peel Ave,,Orlando,FL,32806,Orange County,28.517149,-81.347109,single_family,4.0,3.0,2555.0,9029.0,1965.0,Inactive,639900,2022-03-17T14:23:11.065Z,147,13.36906875587051
"2108-Suehaven-Dr,-Orlando,-FL-32806","2108 Suehaven Dr, Orlando, FL 32806",2108 Suehaven Dr,,Orlando,FL,32806,Orange County,28.518418,-81.346656,single_family,3.0,2.0,1893.0,9029.0,1965.0,Inactive,479900,2022-04-02T14:18:55.506Z,131,13.081335111611617
"1525-Vantage-Dr,-Orlando,-FL-32806","1525 Vantage Dr, Orlando, FL 32806",1525 Vantage Dr,,Orlando,FL,32806,Orange County,28.524491,-81.335545,single_family,3.0,2.0,1176.0,9029.0,1965.0,Inactive,369900,2022-03-25T13:02:20.191Z,139,12.820990681250251
"2929-Monaco-Ct,-Unit-22,-Orlando,-FL-32806","2929 Monaco Ct, Unit 22, Orlando, FL 32806",2929 Monaco Ct,Unit 22,Orlando,FL,32806,Orange County,28.508328,-81.36325,condo,2.0,2.0,1300.0,9029.0,1965.0,Inactive,365000,2022-04-02T13:47:22.712Z,131,12.807655372286902
"231-E-Harding-St,-Orlando,-FL-32806","231 E Harding St, Orlando, FL 32806",231 E Harding St,,Orlando,FL,32806,Orange County,28.518716,-81.372989,single_family,5.0,3.0,3453.0,9029.0,1965.0,Inactive,991980,2021-06-19T15:23:31.420Z,418,13.807459232857777
"1328-Overlake-Ave,-Orlando,-FL-32806","1328 Overlake Ave, Orlando, FL 32806",1328 Overlake Ave,,Orlando,FL,32806,Orange County,28.49687,-81.360933,single_family,4.0,3.0,2494.0,9029.0,1965.0,Inactive,550000,2022-04-22T17:01:04.113Z,110,13.217675375388819
"1524-Roscomare-Ave,-Orlando,-FL-32806","1524 Roscomare Ave, Orlando, FL 32806",1524 Roscomare Ave,,Orlando,FL,32806,Orange County,28.524494,-81.335171,single_family,3.0,2.0,1607.0,9029.0,1965.0,Inactive,429000,2022-04-15T14:29:13.095Z,118,12.969214528909768
"1702-Melvin-Ave,-Orlando,-FL-32806","1702 Melvin Ave, Orlando, FL 32806",1702 Melvin Ave,,Orlando,FL,32806,Orange County,28.504599,-81.357894,single_family,3.0,1.0,773.0,9029.0,1965.0,Inactive,229000,2022-03-09T11:27:59.590Z,155,12.34148164933907
"574-Fenway-Pl,-Orlando,-FL-32806","574 Fenway Pl, Orlando, FL 32806",574 Fenway Pl,,Orlando,FL,32806,Orange County,28.514538,-81.368317,condo,4.0,2.0,2341.0,9029.0,1965.0,Inactive,525000,2022-04-02T14:23:20.852Z,131,13.171155446333852
"1016A-E-Michigan-St,-Unit-1,-Orlando,-FL-32806","1016A E Michigan St, Unit 1, Orlando, FL 32806",1016A E Michigan St,Unit 1,Orlando,FL,32806,Orange County,28.50955,-81.364945,condo,2.0,2.0,1538.0,9029.0,1965.0,Inactive,240000,2021-10-02T15:12:23.319Z,313,12.388398368982115
"2100-Mae-St,-Orlando,-FL-32806","2100 Mae St, Orlando, FL 32806",2100 Mae St,,Orlando,FL,32806,Orange County,28.517043,-81.3571,single_family,4.0,2.0,2100.0,9029.0,1965.0,Inactive,799000,2022-03-12T14:35:35.064Z,152,13.591117476312084
"726-E-Michigan-St,-Unit-154,-Orlando,-FL-32806","726 E Michigan St, Unit 154, Orlando, FL 32806",726 E Michigan St,Unit 154,Orlando,FL,32806,Orange County,28.512332,-81.367909,condo,2.0,2.0,994.0,9029.0,1965.0,Inactive,169900,2022-03-03T10:20:38.976Z,161,12.042971193457888
"2009-Mae-St,-Orlando,-FL-32806","2009 Mae St, Orlando, FL 32806",2009 Mae St,,Orlando,FL,32806,Orange County,28.517489,-81.356447,single_family,3.0,2.0,1315.0,9029.0,1965.0,Inactive,309900,2021-09-08T14:51:30.691Z,337,12.644008170618003
"1275-Saint-Tropez-Cir,-Unit-Ge,-Orlando,-FL-32806","1275 Saint Tropez Cir, Unit Ge, Orlando, FL 32806",1275 Saint Tropez Cir,Unit Ge,Orlando,FL,32806,Orange County,28.510732,-81.363357,condo,2.0,2.0,1300.0,9029.0,1965.0,Inactive,289000,2022-03-19T13:00:36.134Z,145,12.574185427296195
"1100-Delaney-Ave,-Apt-G22,-Orlando,-FL-32806","1100 Delaney Ave, Apt G22, Orlando, FL 32806",1100 Delaney Ave,Apt G22,Orlando,FL,32806,Orange County,28.528193,-81.372601,condo,1.0,1.0,751.0,9029.0,1965.0,Inactive,194500,2022-04-15T12:04:37.025Z,118,12.178192583415596
"2307-E-Kaley-Ave,-Orlando,-FL-32806","2307 E Kaley Ave, Orlando, FL 32806",2307 E Kaley Ave,,Orlando,FL,32806,Orange County,28.520769,-81.352209,single_family,3.0,2.0,1573.0,9029.0,1965.0,Inactive,495000,2021-04-18T13:35:23.076Z,480,13.112315061750808
"1824-Everhart-Dr,-Orlando,-FL-32806","1824 Everhart Dr, Orlando, FL 32806",1824 Everhart Dr,,Orlando,FL,32806,Orange County,28.521159,-81.345287,single_family,3.0,2.0,1683.0,9029.0,1965.0,Inactive,479900,2022-03-23T14:21:59.554Z,141,13.081335111611617
"3110-Williams-St,-Orlando,-FL-32806","3110 Williams St, Orlando, FL 32806",3110 Williams St,,Orlando,FL,32806,Orange County,28.505346,-81.357263,single_family,4.0,3.0,2261.0,9029.0,1965.0,Inactive,400000,2022-03-19T14:04:22.989Z,145,12.899222326086994
"730-Florida-St,-Orlando,-FL-32806","730 Florida St, Orlando, FL 32806",730 Florida St,,Orlando,FL,32806,Orange County,28.529075,-81.366986,single_family,3.0,2.0,2812.0,9029.0,1965.0,Inactive,1275000,2022-03-17T14:33:27.643Z,147,14.058457520888082
"2731-Lake-Holden-Ter,-Orlando,-FL-32806","2731 Lake Holden Ter, Orlando, FL 32806",2731 Lake Holden Ter,,Orlando,FL,32806,Orange County,28.51124,-81.382171,single_family,3.0,2.0,3174.0,9029.0,1965.0,Inactive,1095000,2021-06-16T16:35:00.516Z,420,13.90626583447433
"3333-Lila-Dr,-Orlando,-FL-32806","3333 Lila Dr, Orlando, FL 32806",3333 Lila Dr,,Orlando,FL,32806,Orange County,28.505017,-81.346075,single_family,4.0,2.0,2150.0,9029.0,1965.0,Inactive,500000,2022-03-25T13:46:57.734Z,139,13.122365377402328
"739-Albertson-Pl,-Orlando,-FL-32806","739 Albertson Pl, Orlando, FL 32806",739 Albertson Pl,,Orlando,FL,32806,Orange County,28.500022,-81.368214,single_family,3.0,2.0,1773.0,9029.0,1965.0,Inactive,383000,2022-03-19T13:57:22.205Z,145,12.855792879125431
"1504-E-Crystal-Lake-Ave,-Orlando,-FL-32806","1504 E Crystal Lake Ave, Orlando, FL 32806",1504 E Crystal Lake Ave,,Orlando,FL,32806,Orange County,28.514124,-81.360708,apartment,2.0,1.0,1326.0,9029.0,1965.0,Inactive,349000,2022-03-05T13:21:10.163Z,159,12.762830066509972
"1213-Salerno-Ct,-Unit-1213,-Orlando,-FL-32806","1213 Salerno Ct, Unit 1213, Orlando, FL 32806",1213 Salerno Ct,Unit 1213,Orlando,FL,32806,Orange County,28.510416,-81.363373,condo,2.0,2.0,1380.0,9029.0,1965.0,Inactive,309000,2022-01-27T12:10:40.994Z,196,12.6410997921206
"3521-Page-Ave,-Orlando,-FL-32806","3521 Page Ave, Orlando, FL 32806",3521 Page Ave,,Orlando,FL,32806,Orange County,28.516303,-81.340016,single_family,4.0,2.0,1152.0,9029.0,1965.0,Inactive,280000,2022-03-25T11:54:54.558Z,139,12.54254845357358
"1062-E-Michigan-St,-Unit-1,-Orlando,-FL-32806","1062 E Michigan St, Unit 1, Orlando, FL 32806",1062 E Michigan St,Unit 1,Orlando,FL,32806,Orange County,28.511475,-81.364589,condo,3.0,2.0,1278.0,9029.0,1965.0,Inactive,195000,2022-01-28T11:57:51.493Z,195,12.180759965737863
"722-E-Michigan-St,-Unit-148,-Orlando,-FL-32806","722 E Michigan St, Unit 148, Orlando, FL 32806",722 E Michigan St,Unit 148,Orlando,FL,32806,Orange County,28.51266,-81.367734,condo,3.0,2.0,1181.0,9029.0,1965.0,Inactive,175000,2022-03-24T11:42:12.664Z,140,12.07254696717504
"38-W-Jersey-St,-Unit-2,-Orlando,-FL-32806","38 W Jersey St, Unit 2, Orlando, FL 32806",38 W Jersey St,Unit 2,Orlando,FL,32806,Orange County,28.513716,-81.377907,condo,3.0,2.0,2087.0,9029.0,1965.0,Inactive,580000,2020-09-22T01:55:47.934Z,688,13.270785106659046
"3120-Great-Oaks-Ln,-Orlando,-FL-32806","3120 Great Oaks Ln, Orlando, FL 32806",3120 Great Oaks Ln,,Orlando,FL,32806,Orange County,28.501205,-81.343883,single_family,3.0,2.0,2648.0,9029.0,1965.0,Inactive,675000,2022-03-11T14:28:27.201Z,153,13.42246945133505
"4813-Big-Oaks-Ln,-Orlando,-FL-32806","4813 Big Oaks Ln, Orlando, FL 32806",4813 Big Oaks Ln,,Orlando,FL,32806,Orange County,28.494235,-81.353705,single_family,4.0,3.0,2841.0,9029.0,1965.0,Inactive,649000,2022-03-23T14:40:22.425Z,141,13.38318953651709
"2616-Nancy-St,-Orlando,-FL-32806","2616 Nancy St, Orlando, FL 32806",2616 Nancy St,,Orlando,FL,32806,Orange County,28.527041,-81.34942,single_family,3.0,2.0,1470.0,9029.0,1965.0,Inactive,435000,2021-10-17T14:58:48.817Z,298,12.983103608918753
"772-E-Michigan-St,-Unit-65,-Orlando,-FL-32806","772 E Michigan St, Unit 65, Orlando, FL 32806",772 E Michigan St,Unit 65,Orlando,FL,32806,Orange County,28.510399,-81.367631,condo,2.0,2.0,1116.0,9029.0,1965.0,Inactive,170000,2022-03-18T11:34:52.848Z,146,12.04355959836804
"1711-Melvin-Ave,-Orlando,-FL-32806","1711 Melvin Ave, Orlando, FL 32806",1711 Melvin Ave,,Orlando,FL,32806,Orange County,28.505138,-81.357526,single_family,2.0,1.0,768.0,9029.0,1965.0,Inactive,295000,2022-03-10T12:15:09.566Z,154,12.59473402514672
"2725-Lake-Holden-Ter,-Orlando,-FL-32806","2725 Lake Holden Ter, Orlando, FL 32806",2725 Lake Holden Ter,,Orlando,FL,32806,Orange County,28.511583,-81.382218,single_family,8.0,4.0,4523.0,9029.0,1965.0,Inactive,774000,2022-04-04T14:47:55.405Z,129,13.559328444560693
"149-E-Grant-St,-Orlando,-FL-32806","149 E Grant St, Orlando, FL 32806",149 E Grant St,,Orlando,FL,32806,Orange County,28.516849,-81.37438,single_family,3.0,2.0,1500.0,9029.0,1965.0,Inactive,383900,2022-03-03T13:25:01.304Z,161,12.858139985830508
"1320-E-Esther-St,-Orlando,-FL-32806","1320 E Esther St, Orlando, FL 32806",1320 E Esther St,,Orlando,FL,32806,Orange County,28.519207,-81.362403,single_family,4.0,3.0,2774.0,9029.0,1965.0,Inactive,518000,2021-07-03T16:00:04.255Z,403,13.157732451741687
"2410-Dawley-Ave,-Orlando,-FL-32806","2410 Dawley Ave, Orlando, FL 32806",2410 Dawley Ave,,Orlando,FL,32806,Orange County,28.515577,-81.345669,single_family,4.0,2.0,1499.0,9029.0,1965.0,Inactive,375000,2021-09-24T20:24:12.743Z,320,12.834683971615659
"1301-Corbett-Ln,-Orlando,-FL-32806","1301 Corbett Ln, Orlando, FL 32806",1301 Corbett Ln,,Orlando,FL,32806,Orange County,28.526256,-81.331821,single_family,3.0,2.0,1268.0,9029.0,1965.0,Inactive,350000,2022-02-17T13:36:47.099Z,175,12.765691290604371
"1612-Jessamine-Ave,-Orlando,-FL-32806","1612 Jessamine Ave, Orlando, FL 32806",1612 Jessamine Ave,,Orlando,FL,32806,Orange County,28.522347,-81.350944,single_family,4.0,2.0,1929.0,9029.0,1965.0,Inactive,579000,2022-04-04T14:39:22.876Z,129,13.269059483669357
"2804-S-Osceola-Ave,-Orlando,-FL-32806","2804 S Osceola Ave, Orlando, FL 32806",2804 S Osceola Ave,,Orlando,FL,32806,Orange County,28.511507,-81.37042,single_family,3.0,2.0,1664.0,9029.0,1965.0,Inactive,525000,2020-09-21T23:34:25.328Z,688,13.171155446333852
"2525-Dawley-Ave,-Orlando,-FL-32806","2525 Dawley Ave, Orlando, FL 32806",2525 Dawley Ave,,Orlando,FL,32806,Orange County,28.514023,-81.344995,single_family,3.0,2.0,1973.0,9029.0,1965.0,Inactive,439000,2022-02-22T13:49:06.927Z,170,12.992256969959042
"1809-Geigel-Ave,-Orlando,-FL-32806","1809 Geigel Ave, Orlando, FL 32806",1809 Geigel Ave,,Orlando,FL,32806,Orange County,28.501546,-81.356439,single_family,3.0,2.0,1280.0,9029.0,1965.0,Inactive,389000,2022-02-19T13:10:55.619Z,173,12.871337193291367
"445-Baker-St,-Orlando,-FL-32806","445 Baker St, Orlando, FL 32806",445 Baker St,,Orlando,FL,32806,Orange County,28.526901,-81.370648,single_family,4.0,3.0,2888.0,9029.0,1965.0,Inactive,925000,2022-03-04T14:20:22.458Z,160,13.73755009757506
"3224-Montclair-Rd,-Orlando,-FL-32806","3224 Montclair Rd, Orlando, FL 32806",3224 Montclair Rd,,Orlando,FL,32806,Orange County,28.525275,-81.342429,single_family,3.0,2.0,1356.0,9029.0,1965.0,Inactive,425000,2022-03-11T14:07:13.059Z,153,12.959846800844963
"3219-Price-Ave,-Orlando,-FL-32806","3219 Price Ave, Orlando, FL 32806",3219 Price Ave,,Orlando,FL,32806,Orange County,28.518053,-81.342372,single_family,2.0,2.0,1178.0,9029.0,1965.0,Inactive,349900,2022-03-03T13:00:22.510Z,161,12.765405536311112
"2845-Marsala-Ct,-Unit-2845,-Orlando,-FL-32806","2845 Marsala Ct, Unit 2845, Orlando, FL 32806",2845 Marsala Ct,Unit 2845,Orlando,FL,32806,Orange County,28.510695,-81.364119,condo,2.0,2.0,1380.0,9029.0,1965.0,Inactive,289000,2022-02-26T10:54:06.597Z,166,12.574185427296195
"3108-Florene-Dr,-Orlando,-FL-32806","3108 Florene Dr, Orlando, FL 32806",3108 Florene Dr,,Orlando,FL,32806,Orange County,28.50541,-81.353323,single_family,3.0,2.0,1602.0,9029.0,1965.0,Inactive,469000,2022-03-05T14:03:28.925Z,159,13.058360179622305
"986-E-Michigan-St,-Unit-986,-Orlando,-FL-32806","986 E Michigan St, Unit 986, Orlando, FL 32806",986 E Michigan St,Unit 986,Orlando,FL,32806,Lake County,28.510337,-81.365198,condo,1.0,1.0,822.0,9029.0,1965.0,Inactive,135000,2022-03-03T10:18:50.832Z,161,11.813037464800539
"2927-Monaco-Ct,-Unit-21,-Orlando,-FL-32806","2927 Monaco Ct, Unit 21, Orlando, FL 32806",2927 Monaco Ct,Unit 21,Orlando,FL,32806,Orange County,28.508328,-81.36325,condo,3.0,2.0,1460.0,9029.0,1965.0,Inactive,375000,2020-09-24T19:56:41.099Z,685,12.834683971615659
"2000-Chamberlin-St,-Orlando,-FL-32806","2000 Chamberlin St, Orlando, FL 32806",2000 Chamberlin St,,Orlando,FL,32806,Orange County,28.518315,-81.355972,single_family,4.0,2.0,1725.0,9029.0,1965.0,Inactive,399900,2021-09-08T15:07:03.969Z,337,12.89897229545694
"2608-S-Crystal-Lake-Dr,-Orlando,-FL-32806","2608 S Crystal Lake Dr, Orlando, FL 32806",2608 S Crystal Lake Dr,,Orlando,FL,32806,Orange County,28.513782,-81.343608,single_family,4.0,2.0,2291.0,9029.0,1965.0,Inactive,575000,2022-03-13T14:13:05.509Z,151,13.26212705890841
"2820-Raeford-Rd,-Orlando,-FL-32806","2820 Raeford Rd, Orlando, FL 32806",2820 Raeford Rd,,Orlando,FL,32806,Orange County,28.509326,-81.347104,single_family,3.0,2.0,2424.0,9029.0,1965.0,Inactive,499900,2022-03-03T13:46:01.241Z,161,13.12216535779974
"2635-Sheffield-Ave,-Orlando,-FL-32806","2635 Sheffield Ave, Orlando, FL 32806",2635 Sheffield Ave,,Orlando,FL,32806,Orange County,28.507103,-81.346303,single_family,3.0,2.0,1962.0,9029.0,1965.0,Inactive,379900,2021-12-16T14:12:52.288Z,238,12.847665971443902
"2808-E-Jersey-Ave,-Orlando,-FL-32806","2808 E Jersey Ave, Orlando, FL 32806",2808 E Jersey Ave,,Orlando,FL,32806,Orange County,28.513829,-81.346919,single_family,3.0,2.0,1236.0,9029.0,1965.0,Inactive,340000,2022-03-05T13:02:43.041Z,159,12.73670383776449
"1300-Roscomare-Ave,-Orlando,-FL-32806","1300 Roscomare Ave, Orlando, FL 32806",1300 Roscomare Ave,,Orlando,FL,32806,Orange County,28.526296,-81.335192,single_family,3.0,2.0,1604.0,9029.0,1965.0,Inactive,425000,2022-02-26T12:55:19.433Z,166,12.959846800844963
"3201-Lake-Margaret-Dr,-Orlando,-FL-32806","3201 Lake Margaret Dr, Orlando, FL 32806",3201 Lake Margaret Dr,,Orlando,FL,32806,Orange County,28.506144,-81.343045,single_family,3.0,2.0,1629.0,9029.0,1965.0,Inactive,350000,2022-02-25T13:40:47.014Z,167,12.765691290604371
"28-W-Esther-St,-Unit-E,-Orlando,-FL-32806","28 W Esther St, Unit E, Orlando, FL 32806",28 W Esther St,Unit E,Orlando,FL,32806,Orange County,28.518964,-81.37737,condo,3.0,2.0,1611.0,9029.0,1965.0,Inactive,369000,2022-02-04T12:56:32.552Z,188,12.818554633046093
"3306-Debbie-Dr,-Orlando,-FL-32806","3306 Debbie Dr, Orlando, FL 32806",3306 Debbie Dr,,Orlando,FL,32806,Orange County,28.502852,-81.341581,single_family,3.0,2.0,1437.0,9029.0,1965.0,Inactive,324000,2021-09-21T17:49:46.345Z,323,12.688501881189456
"3014-Illingworth-Ave,-Orlando,-FL-32806","3014 Illingworth Ave, Orlando, FL 32806",3014 Illingworth Ave,,Orlando,FL,32806,Orange County,28.503374,-81.344604,single_family,3.0,2.0,1128.0,9029.0,1965.0,Inactive,295000,2022-02-25T13:20:57.505Z,167,12.59473402514672
"2143-Lake-Margaret-Dr,-Unit-12,-Orlando,-FL-32806","2143 Lake Margaret Dr, Unit 12, Orlando, FL 32806",2143 Lake Margaret Dr,Unit 12,Orlando,FL,32806,Orange County,28.506195,-81.351927,condo,2.0,2.0,1088.0,9029.0,1965.0,Inactive,165000,2022-01-30T09:31:41.562Z,193,12.013706813470414
"1512-Cloverlawn-Ave,-Orlando,-FL-32806","1512 Cloverlawn Ave, Orlando, FL 32806",1512 Cloverlawn Ave,,Orlando,FL,32806,Orange County,28.525103,-81.355073,single_family,4.0,3.0,2250.0,9029.0,1965.0,Inactive,675000,2022-01-03T14:00:55.083Z,220,13.42246945133505
"1641-Hull-Cir,-Orlando,-FL-32806","1641 Hull Cir, Orlando, FL 32806",1641 Hull Cir,,Orlando,FL,32806,Orange County,28.523354,-81.358051,single_family,3.0,2.0,1890.0,9029.0,1965.0,Inactive,479000,2021-05-12T16:27:37.094Z,455,13.079457964073546
"2503-Pershing-Oaks-Pl,-Orlando,-FL-32806","2503 Pershing Oaks Pl, Orlando, FL 32806",2503 Pershing Oaks Pl,,Orlando,FL,32806,Orange County,28.499342,-81.349481,single_family,4.0,2.0,2869.0,9029.0,1965.0,Inactive,724900,2022-02-15T14:27:19.112Z,177,13.493790372788638
"821-Briercliff-Dr,-Orlando,-FL-32806","821 Briercliff Dr, Orlando, FL 32806",821 Briercliff Dr,,Orlando,FL,32806,Orange County,28.528207,-81.365739,single_family,3.0,2.0,1639.0,9029.0,1965.0,Inactive,540000,2022-02-18T14:12:38.739Z,174,13.199326270390594
"4001-Hargill-Dr,-Orlando,-FL-32806","4001 Hargill Dr, Orlando, FL 32806",4001 Hargill Dr,,Orlando,FL,32806,Orange County,28.527346,-81.33469,single_family,4.0,3.0,2159.0,9029.0,1965.0,Inactive,539500,2022-01-15T14:07:31.162Z,208,13.198399917246727
"1418-S-Summerlin-Ave,-Orlando,-FL-32806","1418 S Summerlin Ave, Orlando, FL 32806",1418 S Summerlin Ave,,Orlando,FL,32806,Orange County,28.525091,-81.368455,single_family,4.0,2.0,2588.0,9029.0,1965.0,Inactive,825000,2022-02-17T14:06:59.062Z,174,13.623139877437296
"1806-Chamberlin-St,-Orlando,-FL-32806","1806 Chamberlin St, Orlando, FL 32806",1806 Chamberlin St,,Orlando,FL,32806,Orange County,28.52114,-81.355994,single_family,3.0,3.0,2293.0,9029.0,1965.0,Inactive,820000,2022-03-02T14:01:38.440Z,161,13.617060838751888
"1709-Lorena-Ln,-Orlando,-FL-32806","1709 Lorena Ln, Orlando, FL 32806",1709 Lorena Ln,,Orlando,FL,32806,Orange County,28.526689,-81.357864,single_family,5.0,3.0,2239.0,9029.0,1965.0,Inactive,775000,2022-02-24T14:13:00.400Z,167,13.560619598657233
"1419-S-Eola-Dr,-Orlando,-FL-32806","1419 S Eola Dr, Orlando, FL 32806",1419 S Eola Dr,,Orlando,FL,32806,Orange County,28.525109,-81.369003,single_family,2.0,2.0,1061.0,9029.0,1965.0,Inactive,385000,2022-02-03T13:30:25.988Z,188,12.861001210669146
"2017-S-Orange-Ave,-Orlando,-FL-32806","2017 S Orange Ave, Orlando, FL 32806",2017 S Orange Ave,,Orlando,FL,32806,Orange County,28.518654,-81.376121,apartment,2.0,1.0,1716.0,9029.0,1965.0,Inactive,569000,2021-12-21T14:41:51.338Z,232,13.251637470576167
"2600-Timberlake-Dr,-Orlando,-FL-32806","2600 Timberlake Dr, Orlando, FL 32806",2600 Timberlake Dr,,Orlando,FL,32806,Orange County,28.499705,-81.348829,single_family,4.0,2.0,2360.0,9029.0,1965.0,Inactive,429900,2021-12-07T14:18:37.807Z,246,12.971310228604022
"1980-Mae-St,-Orlando,-FL-32806","1980 Mae St, Orlando, FL 32806",1980 Mae St,,Orlando,FL,32806,Orange County,28.518062,-81.35698,single_family,2.0,1.0,914.0,9029.0,1965.0,Inactive,329900,2021-10-22T14:33:46.607Z,292,12.706547888433661
"3516-Price-Ave,-Orlando,-FL-32806","3516 Price Ave, Orlando, FL 32806",3516 Price Ave,,Orlando,FL,32806,Orange County,28.517434,-81.339696,single_family,3.0,2.0,1212.0,9029.0,1965.0,Inactive,359900,2022-01-12T13:32:23.730Z,210,12.79358427261286
"2508-Timberlake-Dr,-Orlando,-FL-32806","2508 Timberlake Dr, Orlando, FL 32806",2508 Timberlake Dr,,Orlando,FL,32806,Orange County,28.499695,-81.349888,single_family,4.0,2.0,2073.0,9029.0,1965.0,Inactive,585000,2022-02-11T13:52:17.861Z,180,13.279368835614243
"1114-Buckwood-Dr,-Orlando,-FL-32806","1114 Buckwood Dr, Orlando, FL 32806",1114 Buckwood Dr,,Orlando,FL,32806,Orange County,28.501446,-81.363297,single_family,4.0,2.0,2155.0,9029.0,1965.0,Inactive,624900,2022-03-11T14:26:50.714Z,152,13.345348516171933
"1270-Saint-Tropez-Cir,-Unit-Ge,-Orlando,-FL-32806","1270 Saint Tropez Cir, Unit Ge, Orlando, FL 32806",1270 Saint Tropez Cir,Unit Ge,Orlando,FL,32806,Orange County,28.511122,-81.363435,condo,2.0,2.0,1300.0,9029.0,1965.0,Inactive,369000,2022-02-12T13:53:48.067Z,179,12.818554633046093
"784-E-Michigan-St,-Unit-37,-Orlando,-FL-32806","784 E Michigan St, Unit 37, Orlando, FL 32806",784 E Michigan St,Unit 37,Orlando,FL,32806,Orange County,28.511006,-81.367042,condo,2.0,2.0,1116.0,9029.0,1965.0,Inactive,185900,2022-02-27T12:34:50.126Z,164,12.132969552931216
"558-Fenway-Pl,-Orlando,-FL-32806","558 Fenway Pl, Orlando, FL 32806",558 Fenway Pl,,Orlando,FL,32806,Orange County,28.514537,-81.368463,condo,3.0,2.0,2070.0,9029.0,1965.0,Inactive,475000,2022-02-14T13:57:46.283Z,177,13.07107218827772
"126-E-Harding-St,-Orlando,-FL-32806","126 E Harding St, Orlando, FL 32806",126 E Harding St,,Orlando,FL,32806,Orange County,28.518156,-81.375093,apartment,8.0,4.0,5796.0,9029.0,1965.0,Inactive,895000,2021-07-19T17:18:02.332Z,387,13.704580114574805
"1124-Gatlin-Ave,-Orlando,-FL-32806","1124 Gatlin Ave, Orlando, FL 32806",1124 Gatlin Ave,,Orlando,FL,32806,Orange County,28.494313,-81.364097,single_family,4.0,2.0,2797.0,9029.0,1965.0,Inactive,695000,2021-09-23T18:21:54.241Z,321,13.451668563394815
"2643-Joslin-Pl,-Orlando,-FL-32806","2643 Joslin Pl, Orlando, FL 32806",2643 Joslin Pl,,Orlando,FL,32806,Orange County,28.513654,-81.368869,condo,4.0,2.0,2154.0,9029.0,1965.0,Inactive,499000,2022-01-28T13:40:57.890Z,194,13.120363378739663
"1818-Osman-Ave,-Orlando,-FL-32806","1818 Osman Ave, Orlando, FL 32806",1818 Osman Ave,,Orlando,FL,32806,Orange County,28.521039,-81.344166,single_family,3.0,2.0,1633.0,9029.0,1965.0,Inactive,445000,2022-02-11T13:40:32.620Z,180,13.005831808336863
"1621-Curry-Ford-Rd,-Orlando,-FL-32806","1621 Curry Ford Rd, Orlando, FL 32806",1621 Curry Ford Rd,,Orlando,FL,32806,Orange County,28.524309,-81.358786,single_family,3.0,2.0,1712.0,9029.0,1965.0,Inactive,429900,2021-10-08T15:06:01.261Z,306,12.971310228604022
"3115-S-Crystal-Lake-Dr,-Orlando,-FL-32806","3115 S Crystal Lake Dr, Orlando, FL 32806",3115 S Crystal Lake Dr,,Orlando,FL,32806,Orange County,28.505235,-81.343001,single_family,3.0,2.0,1333.0,9029.0,1965.0,Inactive,299900,2022-01-22T13:06:42.909Z,200,12.611207699176356
"3511-Lake-St,-Orlando,-FL-32806","3511 Lake St, Orlando, FL 32806",3511 Lake St,,Orlando,FL,32806,Orange County,28.504256,-81.373191,single_family,3.0,2.0,1247.0,9029.0,1965.0,Inactive,425000,2021-12-18T14:50:00.234Z,235,12.959846800844963
"1505-E-Esther-St,-Orlando,-FL-32806","1505 E Esther St, Orlando, FL 32806",1505 E Esther St,,Orlando,FL,32806,Orange County,28.519752,-81.360864,single_family,2.0,1.0,1255.0,9029.0,1965.0,Inactive,365000,2022-02-02T13:11:18.699Z,189,12.807655372286902
"512-Briercliff-Dr,-Orlando,-FL-32806","512 Briercliff Dr, Orlando, FL 32806",512 Briercliff Dr,,Orlando,FL,32806,Orange County,28.527322,-81.369748,single_family,2.0,2.0,1515.0,9029.0,1965.0,Inactive,545000,2022-03-09T13:51:13.446Z,154,13.208542908506082
"1214-Lake-Margaret-Dr,-Orlando,-FL-32806","1214 Lake Margaret Dr, Orlando, FL 32806",1214 Lake Margaret Dr,,Orlando,FL,32806,Orange County,28.505333,-81.362306,single_family,3.0,2.0,1880.0,9029.0,1965.0,Inactive,510000,2022-02-18T14:12:32.105Z,173,13.1421679654829
"900-Fort-Lane-Dr,-Orlando,-FL-32806","900 Fort Lane Dr, Orlando, FL 32806",900 Fort Lane Dr,,Orlando,FL,32806,Orange County,28.531198,-81.349041,single_family,3.0,2.0,1528.0,9029.0,1965.0,Inactive,385000,2022-01-12T13:33:13.131Z,210,12.861001210669146
"2703-S-Shine-Ave,-Orlando,-FL-32806","2703 S Shine Ave, Orlando, FL 32806",2703 S Shine Ave,,Orlando,FL,32806,Orange County,28.512507,-81.36058,single_family,6.0,4.0,3300.0,9029.0,1965.0,Inactive,598000,2022-01-13T13:53:32.094Z,209,13.301347705172173
"2126-And-2128-Lucerne-Ter,-Orlando,-FL-32806","2126 And 2128 Lucerne Ter, Orlando, FL 32806",2126 And 2128 Lucerne Ter,,Orlando,FL,32806,Orange County,28.517398,-81.379874,apartment,4.0,4.0,2482.0,9029.0,1965.0,Inactive,649500,2022-01-17T14:11:33.067Z,205,13.383959654737488
"1401-Briercliff-Dr,-Orlando,-FL-32806","1401 Briercliff Dr, Orlando, FL 32806",1401 Briercliff Dr,,Orlando,FL,32806,Orange County,28.527407,-81.362151,single_family,3.0,2.0,1843.0,9029.0,1965.0,Inactive,500000,2020-09-22T01:27:30.308Z,687,13.122365377402328
"1203-S-Crystal-Lake-Dr,-Orlando,-FL-32806","1203 S Crystal Lake Dr, Orlando, FL 32806",1203 S Crystal Lake Dr,,Orlando,FL,32806,Orange County,28.527801,-81.343118,single_family,3.0,2.0,1680.0,9029.0,1965.0,Inactive,440000,2021-12-28T12:39:02.921Z,225,12.994532278619134
"2613-Homeland-St,-Orlando,-FL-32806","2613 Homeland St, Orlando, FL 32806",2613 Homeland St,,Orlando,FL,32806,Orange County,28.513885,-81.354695,single_family,2.0,1.0,600.0,9029.0,1965.0,Inactive,350000,2022-01-11T13:48:15.715Z,211,12.765691290604371
"541-Baxter-St,-Orlando,-FL-32806","541 Baxter St, Orlando, FL 32806",541 Baxter St,,Orlando,FL,32806,Orange County,28.504177,-81.37017,single_family,3.0,2.0,1791.0,9029.0,1965.0,Inactive,452000,2022-01-29T14:01:57.426Z,193,13.021439671201302
"2325-E-Harding-St,-Orlando,-FL-32806","2325 E Harding St, Orlando, FL 32806",2325 E Harding St,,Orlando,FL,32806,Orange County,28.518436,-81.351911,single_family,4.0,3.0,2261.0,9029.0,1965.0,Inactive,550000,2022-01-27T13:31:58.026Z,195,13.217675375388819
"1409-Oakley-St,-Orlando,-FL-32806","1409 Oakley St, Orlando, FL 32806",1409 Oakley St,,Orlando,FL,32806,Orange County,28.521531,-81.361595,single_family,2.0,2.0,1058.0,9029.0,1965.0,Inactive,490000,2022-01-15T14:05:07.494Z,207,13.102162710901053
"2893-S-Osceola-Ave,-Apt-E7,-Orlando,-FL-32806","2893 S Osceola Ave, Apt E7, Orlando, FL 32806",2893 S Osceola Ave,Apt E7,Orlando,FL,32806,Orange County,28.509775,-81.370002,condo,1.0,1.0,632.0,9029.0,1965.0,Inactive,152500,2021-08-08T12:46:06.273Z,367,11.934926432385152
"2914-Lando-Ln,-Orlando,-FL-32806","2914 Lando Ln, Orlando, FL 32806",2914 Lando Ln,,Orlando,FL,32806,Orange County,28.497638,-81.344525,single_family,3.0,2.0,1182.0,9029.0,1965.0,Inactive,363000,2021-11-02T14:25:12.275Z,281,12.80216086806413
"3119-Florene-Dr,-Orlando,-FL-32806","3119 Florene Dr, Orlando, FL 32806",3119 Florene Dr,,Orlando,FL,32806,Orange County,28.505002,-81.352764,single_family,4.0,2.0,1653.0,9029.0,1965.0,Inactive,422900,2021-12-18T14:46:16.581Z,235,12.954893388082992
"2034-Essex-Pl,-Orlando,-FL-32806","2034 Essex Pl, Orlando, FL 32806",2034 Essex Pl,,Orlando,FL,32806,Orange County,28.517786,-81.353524,single_family,3.0,2.0,1471.0,9029.0,1965.0,Inactive,385000,2022-02-16T13:58:54.242Z,175,12.861001210669146
"768-E-Michigan-St,-Unit-78,-Orlando,-FL-32806","768 E Michigan St, Unit 78, Orlando, FL 32806",768 E Michigan St,Unit 78,Orlando,FL,32806,Orange County,28.510666,-81.367397,condo,2.0,2.0,1116.0,9029.0,1965.0,Inactive,167500,2020-10-07T14:47:58.781Z,672,12.02874460037869
"730-E-Michigan-St,-Unit-126,-Orlando,-FL-32806","730 E Michigan St, Unit 126, Orlando, FL 32806",730 E Michigan St,Unit 126,Orlando,FL,32806,Orange County,28.512172,-81.367626,condo,2.0,2.0,994.0,9029.0,1965.0,Inactive,159000,2022-01-06T10:09:29.184Z,216,11.976665770490767
"500-Florida-St,-Orlando,-FL-32806","500 Florida St, Orlando, FL 32806",500 Florida St,,Orlando,FL,32806,Orange County,28.529011,-81.370449,single_family,4.0,2.0,3518.0,9029.0,1965.0,Inactive,849000,2021-10-21T15:35:07.683Z,293,13.651815643149092
"960-E-Michigan-St,-Apt-A,-Orlando,-FL-32806","960 E Michigan St, Apt A, Orlando, FL 32806",960 E Michigan St,Apt A,Orlando,FL,32806,Orange County,28.511897,-81.365273,condo,2.0,2.0,1014.0,9029.0,1965.0,Inactive,169900,2022-02-15T11:39:31.732Z,176,12.042971193457888
"1701-Briercliff-Dr,-Orlando,-FL-32806","1701 Briercliff Dr, Orlando, FL 32806",1701 Briercliff Dr,,Orlando,FL,32806,Orange County,28.525914,-81.358384,single_family,4.0,2.0,2025.0,9029.0,1965.0,Inactive,700000,2021-04-18T15:05:28.676Z,479,13.45883704259595
"153-E-Muriel-St,-Orlando,-FL-32806","153 E Muriel St, Orlando, FL 32806",153 E Muriel St,,Orlando,FL,32806,Orange County,28.51785,-81.374389,condo,3.0,2.0,1718.0,9029.0,1965.0,Inactive,469000,2022-01-03T13:49:45.417Z,219,13.058360179622305
"2112-E-Jersey-Ave,-Orlando,-FL-32806","2112 E Jersey Ave, Orlando, FL 32806",2112 E Jersey Ave,,Orlando,FL,32806,Orange County,28.51401,-81.355522,single_family,3.0,2.0,1589.0,9029.0,1965.0,Inactive,425000,2022-01-28T13:24:14.317Z,194,12.959846800844963
"1086-E-Michigan-St,-Unit-1086A,-Orlando,-FL-32806","1086 E Michigan St, Unit 1086A, Orlando, FL 32806",1086 E Michigan St,Unit 1086A,Orlando,FL,32806,Orange County,28.512671,-81.364593,condo,3.0,2.0,1664.0,9029.0,1965.0,Inactive,175000,2022-01-27T09:02:31.157Z,195,12.07254696717504
"3705-Martin-St,-Orlando,-FL-32806","3705 Martin St, Orlando, FL 32806",3705 Martin St,,Orlando,FL,32806,Orange County,28.503617,-81.358468,single_family,3.0,2.0,2530.0,9029.0,1965.0,Inactive,679000,2020-09-15T20:14:56.118Z,694,13.428377879293798
"2003-Weeks-Ave,-Orlando,-FL-32806","2003 Weeks Ave, Orlando, FL 32806",2003 Weeks Ave,,Orlando,FL,32806,Orange County,28.503415,-81.354389,single_family,2.0,2.0,1355.0,9029.0,1965.0,Inactive,299000,2022-01-22T13:06:31.169Z,200,12.608202196848836
"2720-S-Shine-Ave,-Orlando,-FL-32806","2720 S Shine Ave, Orlando, FL 32806",2720 S Shine Ave,,Orlando,FL,32806,Orange County,28.51195,-81.361166,single_family,4.0,3.0,2724.0,9029.0,1965.0,Inactive,699900,2022-01-11T14:16:56.306Z,211,13.45869417545215
"2829-S-Brown-Ave,-Orlando,-FL-32806","2829 S Brown Ave, Orlando, FL 32806",2829 S Brown Ave,,Orlando,FL,32806,Orange County,28.510211,-81.361587,single_family,3.0,2.0,1088.0,9029.0,1965.0,Inactive,284900,2022-02-17T12:51:03.906Z,174,12.55989703048335
"1223-Newcastle-Dr,-Orlando,-FL-32806","1223 Newcastle Dr, Orlando, FL 32806",1223 Newcastle Dr,,Orlando,FL,32806,Orange County,28.526951,-81.342168,single_family,3.0,2.0,1728.0,9029.0,1965.0,Inactive,489900,2022-01-22T14:17:32.799Z,200,13.101958608857487
"2906-Lando-Ln,-Orlando,-FL-32806","2906 Lando Ln, Orlando, FL 32806",2906 Lando Ln,,Orlando,FL,32806,Orange County,28.497635,-81.344774,single_family,3.0,2.0,1265.0,9029.0,1965.0,Inactive,389900,2022-01-25T13:45:20.937Z,197,12.873648139727594
"776-E-Michigan-St,-Unit-60,-Orlando,-FL-32806","776 E Michigan St, Unit 60, Orlando, FL 32806",776 E Michigan St,Unit 60,Orlando,FL,32806,Orange County,28.510136,-81.367625,condo,2.0,2.0,1116.0,9029.0,1965.0,Inactive,200000,2021-10-18T13:13:04.320Z,296,12.206077645517674
"3811-Hargill-Dr,-Orlando,-FL-32806","3811 Hargill Dr, Orlando, FL 32806",3811 Hargill Dr,,Orlando,FL,32806,Orange County,28.527705,-81.336439,single_family,3.0,2.0,1903.0,9029.0,1965.0,Inactive,515000,2021-08-12T19:41:34.836Z,363,13.151924121391561
"3504-Edland-Dr,-Orlando,-FL-32806","3504 Edland Dr, Orlando, FL 32806",3504 Edland Dr,,Orlando,FL,32806,Orange County,28.521641,-81.340205,single_family,3.0,2.0,1987.0,9029.0,1965.0,Inactive,430000,2022-01-17T14:04:13.376Z,205,12.971542813248437
"2911-Conway-Gardens-Rd,-Orlando,-FL-32806","2911 Conway Gardens Rd, Orlando, FL 32806",2911 Conway Gardens Rd,,Orlando,FL,32806,Orange County,28.508188,-81.338924,single_family,4.0,2.0,1350.0,9029.0,1965.0,Inactive,425000,2021-10-19T15:08:52.686Z,295,12.959846800844963
"1935-Melvin-Ave,-Orlando,-FL-32806","1935 Melvin Ave, Orlando, FL 32806",1935 Melvin Ave,,Orlando,FL,32806,Orange County,28.505165,-81.354526,apartment,4.0,4.0,2016.0,9029.0,1965.0,Inactive,410000,2022-01-15T13:49:27.525Z,207,12.923914877701906
"3214-Ellen-Dr,-Orlando,-FL-32806","3214 Ellen Dr, Orlando, FL 32806",3214 Ellen Dr,,Orlando,FL,32806,Orange County,28.504391,-81.342415,single_family,4.0,3.0,2219.0,9029.0,1965.0,Inactive,485000,2021-12-14T14:27:41.926Z,239,13.091906231773164
"2701-E-Gore-St,-Orlando,-FL-32806","2701 E Gore St, Orlando, FL 32806",2701 E Gore St,,Orlando,FL,32806,Orange County,28.531662,-81.348469,single_family,2.0,1.0,1000.0,9029.0,1965.0,Inactive,315000,2021-07-19T16:30:16.378Z,387,12.660331092405906
"754-E-Michigan-St,-Unit-185,-Orlando,-FL-32806","754 E Michigan St, Unit 185, Orlando, FL 32806",754 E Michigan St,Unit 185,Orlando,FL,32806,Orange County,28.511447,-81.368245,condo,1.0,1.0,633.0,9029.0,1965.0,Inactive,124900,2022-01-11T11:16:04.215Z,211,11.735276702486741
"412-E-Jersey-St,-Orlando,-FL-32806","412 E Jersey St, Orlando, FL 32806",412 E Jersey St,,Orlando,FL,32806,Orange County,28.513651,-81.370797,single_family,4.0,3.0,2197.0,9029.0,1965.0,Inactive,550000,2021-08-19T18:28:00.771Z,356,13.217675375388819
"1816-S-Fern-Creek-Ave,-Orlando,-FL-32806","1816 S Fern Creek Ave, Orlando, FL 32806",1816 S Fern Creek Ave,,Orlando,FL,32806,Orange County,28.520558,-81.360231,apartment,4.0,4.0,2752.0,9029.0,1965.0,Inactive,450000,2021-09-24T18:32:21.266Z,320,13.017005083966255
"2604-Raehn-St,-Orlando,-FL-32806","2604 Raehn St, Orlando, FL 32806",2604 Raehn St,,Orlando,FL,32806,Orange County,28.524743,-81.349201,single_family,2.0,1.0,1122.0,9029.0,1965.0,Inactive,308900,2021-11-03T13:44:48.625Z,280,12.640776116195056
"1211-Warwick-Pl,-Orlando,-FL-32806","1211 Warwick Pl, Orlando, FL 32806",1211 Warwick Pl,,Orlando,FL,32806,Orange County,28.527328,-81.353463,single_family,2.0,1.0,972.0,9029.0,1965.0,Inactive,269900,2021-06-16T15:22:00.290Z,420,12.505810504075185
"2121-E-Kaley-Ave,-Apt-4,-Orlando,-FL-32806","2121 E Kaley Ave, Apt 4, Orlando, FL 32806",2121 E Kaley Ave,Apt 4,Orlando,FL,32806,Orange County,28.520728,-81.353195,condo,3.0,2.0,2000.0,9029.0,1965.0,Inactive,399000,2022-01-07T13:27:23.405Z,215,12.896719202134523
"1306-E-Esther-St,-Orlando,-FL-32806","1306 E Esther St, Orlando, FL 32806",1306 E Esther St,,Orlando,FL,32806,Orange County,28.519203,-81.362919,single_family,3.0,2.0,2057.0,9029.0,1965.0,Inactive,499000,2021-08-19T18:26:36.188Z,356,13.120363378739663
"137-E-Grant-St,-Orlando,-FL-32806","137 E Grant St, Orlando, FL 32806",137 E Grant St,,Orlando,FL,32806,Orange County,28.516845,-81.374847,single_family,2.0,1.0,884.0,9029.0,1965.0,Inactive,359900,2022-01-15T13:34:03.652Z,207,12.79358427261286
"2726-Mae-Loma-Ct,-Orlando,-FL-32806","2726 Mae Loma Ct, Orlando, FL 32806",2726 Mae Loma Ct,,Orlando,FL,32806,Orange County,28.508519,-81.345187,single_family,3.0,2.0,2100.0,9029.0,1965.0,Inactive,535000,2021-12-03T14:51:15.545Z,250,13.190023895035274
"1304-Overlake-Ave,-Orlando,-FL-32806","1304 Overlake Ave, Orlando, FL 32806",1304 Overlake Ave,,Orlando,FL,32806,Orange County,28.496861,-81.361727,single_family,3.0,2.0,2194.0,9029.0,1965.0,Inactive,495000,2021-12-13T14:08:09.832Z,240,13.112315061750808
"3023-Saratoga-Dr,-Orlando,-FL-32806","3023 Saratoga Dr, Orlando, FL 32806",3023 Saratoga Dr,,Orlando,FL,32806,Orange County,28.508132,-81.356783,single_family,4.0,3.0,2332.0,9029.0,1965.0,Inactive,449900,2021-09-17T15:57:29.657Z,327,13.016782837542953
"3007-Vine-St,-Orlando,-FL-32806","3007 Vine St, Orlando, FL 32806",3007 Vine St,,Orlando,FL,32806,Orange County,28.526699,-81.345155,single_family,3.0,2.0,1457.0,9029.0,1965.0,Inactive,369900,2022-01-16T13:44:10.627Z,206,12.820990681250251
"3060-Bay-Tree-Dr,-Orlando,-FL-32806","3060 Bay Tree Dr, Orlando, FL 32806",3060 Bay Tree Dr,,Orlando,FL,32806,Orange County,28.507223,-81.356413,single_family,4.0,2.0,2129.0,9029.0,1965.0,Inactive,445000,2021-12-29T13:57:14.663Z,224,13.005831808336863
"3048-Unkaterri-Ln,-Orlando,-FL-32806","3048 Unkaterri Ln, Orlando, FL 32806",3048 Unkaterri Ln,,Orlando,FL,32806,Orange County,28.506671,-81.353107,condo,5.0,4.0,2352.0,9029.0,1965.0,Inactive,490000,2021-12-18T14:53:13.134Z,235,13.102162710901053
"776-E-Michigan-St,-Unit-56,-Orlando,-FL-32806","776 E Michigan St, Unit 56, Orlando, FL 32806",776 E Michigan St,Unit 56,Orlando,FL,32806,Orange County,28.510136,-81.367625,condo,2.0,2.0,1116.0,9029.0,1965.0,Inactive,200000,2021-12-15T12:24:35.840Z,238,12.206077645517674
"3514-Montclair-Rd,-Orlando,-FL-32806","3514 Montclair Rd, Orlando, FL 32806",3514 Montclair Rd,,Orlando,FL,32806,Orange County,28.524848,-81.339754,single_family,3.0,2.0,1729.0,9029.0,1965.0,Inactive,375000,2021-10-01T15:11:46.097Z,313,12.834683971615659
"1820-Burchstone-Dr,-Orlando,-FL-32806","1820 Burchstone Dr, Orlando, FL 32806",1820 Burchstone Dr,,Orlando,FL,32806,Orange County,28.520691,-81.347226,single_family,3.0,2.0,1363.0,9029.0,1965.0,Inactive,355000,2022-01-22T13:33:56.608Z,200,12.779875885354993
"3164-S-Bumby-Ave,-Unit-D4,-Orlando,-FL-32806","3164 S Bumby Ave, Unit D4, Orlando, FL 32806",3164 S Bumby Ave,Unit D4,Orlando,FL,32806,Orange County,28.508355,-81.352221,condo,2.0,1.0,709.0,9029.0,1965.0,Inactive,135000,2022-01-05T10:07:29.312Z,217,11.813037464800539
"2853-Palermo-Ct,-Unit-Ge,-Orlando,-FL-32806","2853 Palermo Ct, Unit Ge, Orlando, FL 32806",2853 Palermo Ct,Unit Ge,Orlando,FL,32806,Orange County,28.509521,-81.363644,condo,2.0,2.0,1380.0,9029.0,1965.0,Inactive,275000,2021-08-31T15:55:20.278Z,344,12.524530013005734
"1306-Ceylon-Dr,-Orlando,-FL-32806","1306 Ceylon Dr, Orlando, FL 32806",1306 Ceylon Dr,,Orlando,FL,32806,Orange County,28.526217,-81.340828,single_family,3.0,2.0,1478.0,9029.0,1965.0,Inactive,499000,2021-07-19T16:32:37.302Z,387,13.120363378739663
"1101-Catalpa-Ln,-Orlando,-FL-32806","1101 Catalpa Ln, Orlando, FL 32806",1101 Catalpa Ln,,Orlando,FL,32806,Orange County,28.528804,-81.337558,single_family,3.0,2.0,1835.0,9029.0,1965.0,Inactive,475000,2022-01-11T14:01:51.385Z,211,13.07107218827772
"87-W-Harding-St,-Orlando,-FL-32806","87 W Harding St, Orlando, FL 32806",87 W Harding St,,Orlando,FL,32806,Orange County,28.518573,-81.379129,condo,3.0,2.0,1780.0,9029.0,1965.0,Inactive,499000,2021-06-16T16:16:19.190Z,420,13.120363378739663
"1502-Page-Ave,-Orlando,-FL-32806","1502 Page Ave, Orlando, FL 32806",1502 Page Ave,,Orlando,FL,32806,Orange County,28.515405,-81.360511,condo,3.0,3.0,1776.0,9029.0,1965.0,Inactive,395000,2022-01-05T13:38:26.611Z,217,12.886643575525625
"1409-E-Michigan-St,-Orlando,-FL-32806","1409 E Michigan St, Orlando, FL 32806",1409 E Michigan St,,Orlando,FL,32806,Orange County,28.513384,-81.361625,condo,3.0,2.0,1770.0,9029.0,1965.0,Inactive,367000,2020-12-05T16:19:21.313Z,613,12.813119851828635
"1240-Saint-Tropez-Cir,-Unit-Ge,-Orlando,-FL-32806","1240 Saint Tropez Cir, Unit Ge, Orlando, FL 32806",1240 Saint Tropez Cir,Unit Ge,Orlando,FL,32806,Orange County,28.511549,-81.363266,condo,2.0,2.0,1380.0,9029.0,1965.0,Inactive,319900,2021-12-17T13:34:28.718Z,236,12.675766851909591
"2549-Saint-Heather-Way,-Orlando,-FL-32806","2549 Saint Heather Way, Orlando, FL 32806",2549 Saint Heather Way,,Orlando,FL,32806,Orange County,28.518469,-81.348404,single_family,4.0,2.0,4976.0,9029.0,1965.0,Inactive,809000,2021-10-16T15:49:58.660Z,298,13.603555432133808
"1311-Corbett-Ln,-Orlando,-FL-32806","1311 Corbett Ln, Orlando, FL 32806",1311 Corbett Ln,,Orlando,FL,32806,Orange County,28.526044,-81.331819,single_family,3.0,2.0,1474.0,9029.0,1965.0,Inactive,369900,2021-11-20T14:39:57.599Z,263,12.820990681250251
"1108-Salerno-Ct,-Unit-1108,-Orlando,-FL-32806","1108 Salerno Ct, Unit 1108, Orlando, FL 32806",1108 Salerno Ct,Unit 1108,Orlando,FL,32806,Orange County,28.509632,-81.364149,condo,2.0,2.0,1481.0,9029.0,1965.0,Inactive,279000,2021-11-10T14:42:09.927Z,273,12.53897064502647
"2610-Raehn-St,-Orlando,-FL-32806","2610 Raehn St, Orlando, FL 32806",2610 Raehn St,,Orlando,FL,32806,Orange County,28.524707,-81.348891,single_family,3.0,2.0,1209.0,9029.0,1965.0,Inactive,379900,2021-11-27T13:48:23.155Z,256,12.847665971443902
"1315-S-Crystal-Lake-Dr,-Orlando,-FL-32806","1315 S Crystal Lake Dr, Orlando, FL 32806",1315 S Crystal Lake Dr,,Orlando,FL,32806,Orange County,28.52591,-81.343097,single_family,3.0,2.0,1357.0,9029.0,1965.0,Inactive,408000,2021-12-14T14:22:31.686Z,239,12.919024904363686
"2873-S-Osceola-Ave-Unit-A,-Orlando,-FL-32806","2873 S Osceola Ave Unit A, Orlando, FL 32806",2873 S Osceola Ave Unit A,,Orlando,FL,32806,Orange County,28.509799,-81.370052,condo,1.0,1.0,632.0,9029.0,1965.0,Inactive,152500,2022-01-18T10:27:09.536Z,204,11.934926432385152
"2893-S-Osceola-Ave-Unit-E,-Orlando,-FL-32806","2893 S Osceola Ave Unit E, Orlando, FL 32806",2893 S Osceola Ave Unit E,,Orlando,FL,32806,Orange County,28.509509,-81.370332,condo,1.0,1.0,632.0,9029.0,1965.0,Inactive,152500,2022-01-18T10:27:09.536Z,204,11.934926432385152
"1818-Chamberlin-St,-Orlando,-FL-32806","1818 Chamberlin St, Orlando, FL 32806",1818 Chamberlin St,,Orlando,FL,32806,Orange County,28.520611,-81.356229,single_family,3.0,2.0,1894.0,9029.0,1965.0,Inactive,499900,2021-12-10T14:44:26.297Z,243,13.12216535779974
"1086-E-Michigan-St,-Unit-1,-Orlando,-FL-32806","1086 E Michigan St, Unit 1, Orlando, FL 32806",1086 E Michigan St,Unit 1,Orlando,FL,32806,Orange County,28.512671,-81.364593,condo,3.0,2.0,1664.0,9029.0,1965.0,Inactive,175000,2022-01-25T12:06:45.081Z,197,12.07254696717504
"1702-Hour-Glass-Dr,-Orlando,-FL-32806","1702 Hour Glass Dr, Orlando, FL 32806",1702 Hour Glass Dr,,Orlando,FL,32806,Orange County,28.521637,-81.359583,single_family,5.0,3.0,3247.0,9029.0,1965.0,Inactive,980000,2021-09-08T15:58:11.489Z,336,13.795308871054397
"2937-Monaco-Ct,-Unit-24,-Orlando,-FL-32806","2937 Monaco Ct, Unit 24, Orlando, FL 32806",2937 Monaco Ct,Unit 24,Orlando,FL,32806,Orange County,28.508328,-81.36325,condo,2.0,2.0,1380.0,9029.0,1965.0,Inactive,339000,2021-11-30T13:39:13.497Z,253,12.733758336210744
"1554-Waterwitch-Dr,-Orlando,-FL-32806","1554 Waterwitch Dr, Orlando, FL 32806",1554 Waterwitch Dr,,Orlando,FL,32806,Orange County,28.489242,-81.362592,single_family,4.0,4.0,4324.0,9029.0,1965.0,Inactive,1125000,2020-09-22T02:30:20.459Z,687,13.933294482509151
"1873-Everhart-Dr,-Orlando,-FL-32806","1873 Everhart Dr, Orlando, FL 32806",1873 Everhart Dr,,Orlando,FL,32806,Orange County,28.52003,-81.34452,single_family,4.0,2.0,1852.0,9029.0,1965.0,Inactive,439999,2021-11-16T15:22:53.295Z,267,12.994530005894443
"3612-Squire-Ln,-Orlando,-FL-32806","3612 Squire Ln, Orlando, FL 32806",3612 Squire Ln,,Orlando,FL,32806,Orange County,28.500087,-81.345878,single_family,3.0,2.0,1581.0,9029.0,1965.0,Inactive,430000,2021-12-16T14:15:13.354Z,237,12.971542813248437
"2500-Marzel-Ave,-Orlando,-FL-32806","2500 Marzel Ave, Orlando, FL 32806",2500 Marzel Ave,,Orlando,FL,32806,Orange County,28.507908,-81.34936,single_family,4.0,2.0,1368.0,9029.0,1965.0,Inactive,379500,2021-10-29T15:18:40.254Z,285,12.846612510860464
"3627-Upton-Dr,-Orlando,-FL-32806","3627 Upton Dr, Orlando, FL 32806",3627 Upton Dr,,Orlando,FL,32806,Orange County,28.499083,-81.342153,single_family,4.0,2.0,1854.0,9029.0,1965.0,Inactive,375000,2021-12-19T13:46:47.556Z,234,12.834683971615659
"2776-Curry-Ford-Rd,-Unit-12D,-Orlando,-FL-32806","2776 Curry Ford Rd, Unit 12D, Orlando, FL 32806",2776 Curry Ford Rd,Unit 12D,Orlando,FL,32806,Orange County,28.522936,-81.348341,condo,2.0,2.0,1108.0,9029.0,1965.0,Inactive,148500,2021-12-23T13:05:07.663Z,230,11.908346971208951
"754-E-Michigan-St,-Unit-188,-Orlando,-FL-32806","754 E Michigan St, Unit 188, Orlando, FL 32806",754 E Michigan St,Unit 188,Orlando,FL,32806,Orange County,28.511447,-81.368245,condo,1.0,1.0,633.0,9029.0,1965.0,Inactive,119999,2021-11-22T10:47:10.376Z,261,11.695247021764184
"2616-S-Crystal-Lake-Dr,-Unit-A-C,-Orlando,-FL-32806","2616 S Crystal Lake Dr, Unit A-C, Orlando, FL 32806",2616 S Crystal Lake Dr,Unit A-C,Orlando,FL,32806,Orange County,28.513536,-81.343515,apartment,8.0,1.0,3561.0,9029.0,1965.0,Inactive,699900,2021-11-18T14:52:42.610Z,265,13.45869417545215
"2900-Sylvan-Ave,-Orlando,-FL-32806","2900 Sylvan Ave, Orlando, FL 32806",2900 Sylvan Ave,,Orlando,FL,32806,Orange County,28.508906,-81.373371,condo,3.0,2.0,1841.0,9029.0,1965.0,Inactive,484900,2022-01-19T13:51:34.819Z,203,13.0917000253722
"1802-Weeks-Ave,-Orlando,-FL-32806","1802 Weeks Ave, Orlando, FL 32806",1802 Weeks Ave,,Orlando,FL,32806,Orange County,28.502839,-81.356928,single_family,2.0,1.0,725.0,9029.0,1965.0,Inactive,225000,2021-10-27T11:48:27.630Z,287,12.323860125621126
"730-E-Michigan-St,-Unit-123,-Orlando,-FL-32806","730 E Michigan St, Unit 123, Orlando, FL 32806",730 E Michigan St,Unit 123,Orlando,FL,32806,Orange County,28.512172,-81.367626,condo,2.0,2.0,994.0,9029.0,1965.0,Inactive,159000,2021-08-31T12:43:13.556Z,344,11.976665770490767
"1020-Delaney-Ave,-Orlando,-FL-32806","1020 Delaney Ave, Orlando, FL 32806",1020 Delaney Ave,,Orlando,FL,32806,Orange County,28.529198,-81.373148,single_family,3.0,2.0,1930.0,9029.0,1965.0,Inactive,564900,2021-12-03T14:52:38.128Z,250,13.244405773536606
"2030-Santa-Antilles-Rd,-Orlando,-FL-32806","2030 Santa Antilles Rd, Orlando, FL 32806",2030 Santa Antilles Rd,,Orlando,FL,32806,Orange County,28.530614,-81.354584,single_family,4.0,2.0,2625.0,9029.0,1965.0,Inactive,899000,2021-12-10T14:54:34.817Z,243,13.70903942580019
"1125-Delaney-Ave,-Orlando,-FL-32806","1125 Delaney Ave, Orlando, FL 32806",1125 Delaney Ave,,Orlando,FL,32806,Orange County,28.528247,-81.372122,single_family,3.0,2.0,2780.0,9029.0,1965.0,Inactive,795000,2021-10-21T15:32:06.380Z,293,13.586098651497313
"1229-Delaney-Park-Dr,-Orlando,-FL-32806","1229 Delaney Park Dr, Orlando, FL 32806",1229 Delaney Park Dr,,Orlando,FL,32806,Orange County,28.528973,-81.363006,single_family,4.0,4.0,3292.0,9029.0,1965.0,Inactive,1124900,2021-08-31T17:25:33.538Z,344,13.93320558974843
"305-E-Miller-St,-Orlando,-FL-32806","305 E Miller St, Orlando, FL 32806",305 E Miller St,,Orlando,FL,32806,Orange County,28.524117,-81.373254,single_family,4.0,2.0,1740.0,9029.0,1965.0,Inactive,540000,2021-10-07T15:52:28.407Z,307,13.199326270390594
"1403-E-Gore-St,-Orlando,-FL-32806","1403 E Gore St, Orlando, FL 32806",1403 E Gore St,,Orlando,FL,32806,Orange County,28.531495,-81.362112,single_family,3.0,2.0,1737.0,9029.0,1965.0,Inactive,446000,2020-09-22T02:02:19.916Z,687,13.008076473152153
"1418-E-Kaley-St,-Orlando,-FL-32806","1418 E Kaley St, Orlando, FL 32806",1418 E Kaley St,,Orlando,FL,32806,Orange County,28.520121,-81.361182,single_family,3.0,2.0,1369.0,9029.0,1965.0,Inactive,359000,2021-09-28T15:18:52.716Z,316,12.791080452981857
"730-Delaney-Park-Dr,-Orlando,-FL-32806","730 Delaney Park Dr, Orlando, FL 32806",730 Delaney Park Dr,,Orlando,FL,32806,Orange County,28.52834,-81.366872,single_family,3.0,2.0,1945.0,9029.0,1965.0,Inactive,434500,2021-06-16T16:15:50.463Z,420,12.981953525180908
"1209-Baldwin-Dr,-Orlando,-FL-32806","1209 Baldwin Dr, Orlando, FL 32806",1209 Baldwin Dr,,Orlando,FL,32806,Orange County,28.527345,-81.341108,single_family,3.0,2.0,1500.0,9029.0,1965.0,Inactive,358000,2021-11-13T14:10:23.039Z,270,12.788291058675025
"2865-Palermo-Ct,-Unit-2865,-Orlando,-FL-32806","2865 Palermo Ct, Unit 2865, Orlando, FL 32806",2865 Palermo Ct,Unit 2865,Orlando,FL,32806,Orange County,28.509521,-81.363644,condo,2.0,2.0,1300.0,9029.0,1965.0,Inactive,279999,2021-11-21T12:57:46.641Z,262,12.542544882151386
"230-E-Esther-St,-Orlando,-FL-32806","230 E Esther St, Orlando, FL 32806",230 E Esther St,,Orlando,FL,32806,Orange County,28.519089,-81.373038,single_family,2.0,2.0,1449.0,9029.0,1965.0,Inactive,435000,2021-11-24T14:54:22.233Z,259,12.983103608918753
"966-E-Michigan-St,-Apt-B,-Orlando,-FL-32806","966 E Michigan St, Apt B, Orlando, FL 32806",966 E Michigan St,Apt B,Orlando,FL,32806,Orange County,28.511478,-81.365341,condo,3.0,2.0,1316.0,9029.0,1965.0,Inactive,204000,2021-11-30T11:58:53.708Z,253,12.225880174775122
"1424-S-Summerlin-Ave,-Orlando,-FL-32806","1424 S Summerlin Ave, Orlando, FL 32806",1424 S Summerlin Ave,,Orlando,FL,32806,Orange County,28.524919,-81.368452,single_family,4.0,2.0,2745.0,9029.0,1965.0,Inactive,849900,2021-10-29T15:47:18.165Z,285,13.652875151095039
"1417-E-Michigan-St,-Orlando,-FL-32806","1417 E Michigan St, Orlando, FL 32806",1417 E Michigan St,,Orlando,FL,32806,Orange County,28.513384,-81.361625,condo,3.0,2.0,1770.0,9029.0,1965.0,Inactive,385000,2020-12-07T16:13:28.809Z,611,12.861001210669146
"1409-E-Michigan-St,-Unit-1409,-Orlando,-FL-32806","1409 E Michigan St, Unit 1409, Orlando, FL 32806",1409 E Michigan St,Unit 1409,Orlando,FL,32806,Orange County,28.513384,-81.361625,condo,3.0,2.0,1733.0,9029.0,1965.0,Inactive,369000,2021-10-14T15:19:09.949Z,300,12.818554633046093
"2432-S-Fern-Creek-Ave,-Orlando,-FL-32806","2432 S Fern Creek Ave, Orlando, FL 32806",2432 S Fern Creek Ave,,Orlando,FL,32806,Orange County,28.514994,-81.360182,single_family,3.0,1.0,1056.0,9029.0,1965.0,Inactive,349900,2020-12-17T14:41:34.439Z,601,12.765405536311112
"2859-Palermo-Ct,-Orlando,-FL-32806","2859 Palermo Ct, Orlando, FL 32806",2859 Palermo Ct,,Orlando,FL,32806,Orange County,28.509521,-81.363644,condo,3.0,3.0,1850.0,9029.0,1965.0,Inactive,349000,2021-10-07T15:21:21.948Z,307,12.762830066509972
"2139-Lake-Margaret-Dr,-Unit-10,-Orlando,-FL-32806","2139 Lake Margaret Dr, Unit 10, Orlando, FL 32806",2139 Lake Margaret Dr,Unit 10,Orlando,FL,32806,Orange County,28.506195,-81.351927,condo,2.0,2.0,1088.0,9029.0,1965.0,Inactive,175000,2021-11-14T13:22:20.768Z,269,12.07254696717504
"1518-Orangewood-Ave,-Orlando,-FL-32806","1518 Orangewood Ave, Orlando, FL 32806",1518 Orangewood Ave,,Orlando,FL,32806,Orange County,28.523803,-81.361197,single_family,6.0,6.0,4020.0,9029.0,1965.0,Inactive,1300000,2021-10-22T15:50:03.199Z,292,14.077875591662238
"1605-S-Mills-Ave,-Orlando,-FL-32806","1605 S Mills Ave, Orlando, FL 32806",1605 S Mills Ave,,Orlando,FL,32806,Orange County,28.523023,-81.363733,single_family,2.0,1.0,1107.0,9029.0,1965.0,Inactive,575000,2021-11-27T15:07:14.509Z,256,13.26212705890841
"3345-Lila-Dr,-Orlando,-FL-32806","3345 Lila Dr, Orlando, FL 32806",3345 Lila Dr,,Orlando,FL,32806,Orange County,28.504632,-81.346071,single_family,3.0,2.0,1599.0,9029.0,1965.0,Inactive,349900,2021-06-16T15:48:02.981Z,420,12.765405536311112
"2414-S-Brown-Ave,-Orlando,-FL-32806","2414 S Brown Ave, Orlando, FL 32806",2414 S Brown Ave,,Orlando,FL,32806,Orange County,28.515122,-81.362239,single_family,3.0,1.0,984.0,9029.0,1965.0,Inactive,220000,2021-11-29T11:13:27.371Z,254,12.301387370778713
"2552-Stoneview-Rd,-Orlando,-FL-32806","2552 Stoneview Rd, Orlando, FL 32806",2552 Stoneview Rd,,Orlando,FL,32806,Orange County,28.519713,-81.349393,single_family,4.0,3.0,2307.0,9029.0,1965.0,Inactive,669900,2021-11-05T15:30:29.749Z,278,13.414885219255359
"1226-Overlake-Ave,-Orlando,-FL-32806","1226 Overlake Ave, Orlando, FL 32806",1226 Overlake Ave,,Orlando,FL,32806,Orange County,28.496858,-81.361992,single_family,3.0,2.0,1788.0,9029.0,1965.0,Inactive,475000,2021-11-12T15:05:36.825Z,271,13.07107218827772
"1615-Hull-Cir,-Orlando,-FL-32806","1615 Hull Cir, Orlando, FL 32806",1615 Hull Cir,,Orlando,FL,32806,Orange County,28.523473,-81.359257,single_family,3.0,2.0,1888.0,9029.0,1965.0,Inactive,469000,2021-10-24T15:43:40.454Z,290,13.058360179622305
"3120-Hargill-Dr,-Orlando,-FL-32806","3120 Hargill Dr, Orlando, FL 32806",3120 Hargill Dr,,Orlando,FL,32806,Orange County,28.527993,-81.343664,single_family,3.0,2.0,1966.0,9029.0,1965.0,Inactive,409900,2021-12-03T14:26:41.861Z,250,12.923670946108873
"1607-Overlake-Ave,-Orlando,-FL-32806","1607 Overlake Ave, Orlando, FL 32806",1607 Overlake Ave,,Orlando,FL,32806,Orange County,28.497414,-81.358279,single_family,3.0,2.0,1464.0,9029.0,1965.0,Inactive,399000,2021-02-21T14:35:54.247Z,535,12.896719202134523
"1100-Delaney-Ave,-Apt-C22,-Orlando,-FL-32806","1100 Delaney Ave, Apt C22, Orlando, FL 32806",1100 Delaney Ave,Apt C22,Orlando,FL,32806,Orange County,28.528498,-81.373106,condo,2.0,1.0,998.0,9029.0,1965.0,Inactive,205000,2021-10-09T12:44:55.297Z,305,12.230770136157428
"3416-Sebring-Ave,-Orlando,-FL-32806","3416 Sebring Ave, Orlando, FL 32806",3416 Sebring Ave,,Orlando,FL,32806,Orange County,28.518989,-81.340645,single_family,3.0,2.0,1479.0,9029.0,1965.0,Inactive,324000,2021-06-22T14:39:54.490Z,414,12.688501881189456
"2718-Keystone-Dr,-Orlando,-FL-32806","2718 Keystone Dr, Orlando, FL 32806",2718 Keystone Dr,,Orlando,FL,32806,Orange County,28.512378,-81.36632,land,2.0,1.0,600.0,9029.0,1965.0,Inactive,175000,2021-11-21T11:42:46.991Z,262,12.07254696717504
"566-Fenway-Pl,-Orlando,-FL-32806","566 Fenway Pl, Orlando, FL 32806",566 Fenway Pl,,Orlando,FL,32806,Orange County,28.514537,-81.368398,condo,4.0,2.0,2027.0,9029.0,1965.0,Inactive,429900,2021-10-28T14:31:33.047Z,286,12.971310228604022
"516-Florida-St,-Orlando,-FL-32806","516 Florida St, Orlando, FL 32806",516 Florida St,,Orlando,FL,32806,Orange County,28.529017,-81.369827,single_family,3.0,2.0,1694.0,9029.0,1965.0,Inactive,545000,2021-06-16T16:21:47.486Z,420,13.208542908506082
"3518-Shamrock-Ct,-Orlando,-FL-32806","3518 Shamrock Ct, Orlando, FL 32806",3518 Shamrock Ct,,Orlando,FL,32806,Orange County,28.500077,-81.344242,single_family,3.0,2.0,1783.0,9029.0,1965.0,Inactive,419000,2021-11-20T14:45:43.441Z,263,12.945628585536271
"3704-Forest-St,-Orlando,-FL-32806","3704 Forest St, Orlando, FL 32806",3704 Forest St,,Orlando,FL,32806,Orange County,28.499174,-81.353335,single_family,3.0,2.0,1896.0,9029.0,1965.0,Inactive,384900,2021-10-15T15:01:23.884Z,299,12.860741437345885
"1718-E-Jersey-Ave,-Orlando,-FL-32806","1718 E Jersey Ave, Orlando, FL 32806",1718 E Jersey Ave,,Orlando,FL,32806,Orange County,28.513892,-81.358135,single_family,3.0,2.0,2240.0,9029.0,1965.0,Inactive,589679,2021-06-16T16:21:47.487Z,420,13.287335295863171
"1505-Belmont-Dr,-Orlando,-FL-32806","1505 Belmont Dr, Orlando, FL 32806",1505 Belmont Dr,,Orlando,FL,32806,Orange County,28.524538,-81.356067,single_family,3.0,2.0,1959.0,9029.0,1965.0,Inactive,519000,2021-09-08T15:30:41.435Z,336,13.159661088928443
"4006-Bayfront-Pkwy,-Orlando,-FL-32806","4006 Bayfront Pkwy, Orlando, FL 32806",4006 Bayfront Pkwy,,Orlando,FL,32806,Orange County,28.496792,-81.35118,single_family,4.0,3.0,1955.0,9029.0,1965.0,Inactive,415000,2021-10-02T15:54:04.353Z,312,12.936036208848487
"443-E-Grant-St,-Orlando,-FL-32806","443 E Grant St, Orlando, FL 32806",443 E Grant St,,Orlando,FL,32806,Orange County,28.516912,-81.370383,single_family,3.0,2.0,1504.0,9029.0,1965.0,Inactive,380000,2021-11-10T15:01:05.744Z,273,12.847929163278053
"3302-Montclair-Rd,-Orlando,-FL-32806","3302 Montclair Rd, Orlando, FL 32806",3302 Montclair Rd,,Orlando,FL,32806,Orange County,28.525277,-81.342195,single_family,3.0,2.0,1262.0,9029.0,1965.0,Inactive,330000,2021-11-11T14:17:58.187Z,272,12.706850963741102
"900-Bahama-Dr,-Orlando,-FL-32806","900 Bahama Dr, Orlando, FL 32806",900 Bahama Dr,,Orlando,FL,32806,Orange County,28.531031,-81.359166,single_family,4.0,3.0,2520.0,9029.0,1965.0,Inactive,674900,2021-02-11T15:06:49.398Z,545,13.422321292431393
"1415-Briercliff-Dr,-Orlando,-FL-32806","1415 Briercliff Dr, Orlando, FL 32806",1415 Briercliff Dr,,Orlando,FL,32806,Orange County,28.527137,-81.361757,single_family,3.0,2.0,1679.0,9029.0,1965.0,Inactive,510000,2021-10-21T15:22:05.144Z,293,13.1421679654829
"3002-Illingworth-Ave,-Orlando,-FL-32806","3002 Illingworth Ave, Orlando, FL 32806",3002 Illingworth Ave,,Orlando,FL,32806,Orange County,28.503177,-81.345351,single_family,4.0,2.0,1816.0,9029.0,1965.0,Inactive,399900,2020-12-18T17:52:05.110Z,600,12.89897229545694
"2500-Delaney-Ave,-Orlando,-FL-32806","2500 Delaney Ave, Orlando, FL 32806",2500 Delaney Ave,,Orlando,FL,32806,Orange County,28.514623,-81.372504,single_family,2.0,1.0,1284.0,9029.0,1965.0,Inactive,375000,2021-11-06T14:44:39.941Z,277,12.834683971615659
"1929-Essex-Pl,-Orlando,-FL-32806","1929 Essex Pl, Orlando, FL 32806",1929 Essex Pl,,Orlando,FL,32806,Orange County,28.519286,-81.353035,single_family,3.0,2.0,1534.0,9029.0,1965.0,Inactive,324900,2021-06-16T15:36:50.287Z,420,12.691275799522568
"780-E-Michigan-St,-Unit-48,-Orlando,-FL-32806","780 E Michigan St, Unit 48, Orlando, FL 32806",780 E Michigan St,Unit 48,Orlando,FL,32806,Orange County,28.509888,-81.366814,condo,2.0,2.0,1116.0,9029.0,1965.0,Inactive,175000,2020-11-06T13:09:56.736Z,642,12.07254696717504
"3226-Edgecliffe-Dr,-Orlando,-FL-32806","3226 Edgecliffe Dr, Orlando, FL 32806",3226 Edgecliffe Dr,,Orlando,FL,32806,Orange County,28.503918,-81.367724,single_family,4.0,3.0,2576.0,9029.0,1965.0,Inactive,575000,2021-09-08T15:34:27.109Z,336,13.26212705890841
"1215-E-Muriel-St,-Orlando,-FL-32806","1215 E Muriel St, Orlando, FL 32806",1215 E Muriel St,,Orlando,FL,32806,Orange County,28.517702,-81.363375,condo,3.0,2.0,1680.0,9029.0,1965.0,Inactive,424900,2021-08-31T16:30:49.524Z,344,12.959611479595074
"1301-Vantage-Dr,-Orlando,-FL-32806","1301 Vantage Dr, Orlando, FL 32806",1301 Vantage Dr,,Orlando,FL,32806,Orange County,28.526294,-81.335565,single_family,3.0,2.0,1408.0,9029.0,1965.0,Inactive,365000,2021-11-10T15:00:32.326Z,273,12.807655372286902
"1580-Outlook-St,-Orlando,-FL-32806","1580 Outlook St, Orlando, FL 32806",1580 Outlook St,,Orlando,FL,32806,Orange County,28.490821,-81.36112,single_family,3.0,2.0,1516.0,9029.0,1965.0,Inactive,325000,2021-09-14T16:56:53.908Z,330,12.691583538230217
"2029-E-Grant-Ave,-Orlando,-FL-32806","2029 E Grant Ave, Orlando, FL 32806",2029 E Grant Ave,,Orlando,FL,32806,Orange County,28.517279,-81.354303,land,2.0,1.0,904.0,9029.0,1965.0,Inactive,249900,2021-10-15T14:09:26.848Z,299,12.428820118415677
"1015-Wald-Rd,-Orlando,-FL-32806","1015 Wald Rd, Orlando, FL 32806",1015 Wald Rd,,Orlando,FL,32806,Orange County,28.502779,-81.365748,single_family,4.0,2.0,2803.0,9029.0,1965.0,Inactive,650000,2021-08-19T18:28:42.701Z,355,13.384729180332174
"1208-Saint-Tropez-Cir,-Unit-Ge,-Orlando,-FL-32806","1208 Saint Tropez Cir, Unit Ge, Orlando, FL 32806",1208 Saint Tropez Cir,Unit Ge,Orlando,FL,32806,Orange County,28.511985,-81.363425,condo,2.0,2.0,1300.0,9029.0,1965.0,Inactive,290000,2021-09-18T14:12:42.819Z,326,12.577639650232573
"1821-Geigel-Ave,-Orlando,-FL-32806","1821 Geigel Ave, Orlando, FL 32806",1821 Geigel Ave,,Orlando,FL,32806,Orange County,28.50155,-81.355966,single_family,2.0,2.0,1273.0,9029.0,1965.0,Inactive,320000,2021-11-16T14:18:38.207Z,267,12.676079399771027
"1100-Delaney-Ave,-Apt-F106,-Orlando,-FL-32806","1100 Delaney Ave, Apt F106, Orlando, FL 32806",1100 Delaney Ave,Apt F106,Orlando,FL,32806,Orange County,28.528088,-81.373257,condo,1.0,1.0,751.0,9029.0,1965.0,Inactive,189900,2021-08-08T13:55:40.031Z,367,12.15425816271595
"1619-Pepperidge-Dr,-Orlando,-FL-32806","1619 Pepperidge Dr, Orlando, FL 32806",1619 Pepperidge Dr,,Orlando,FL,32806,Orange County,28.527497,-81.358636,single_family,3.0,2.0,2150.0,9029.0,1965.0,Inactive,695000,2021-02-11T14:46:48.047Z,545,13.451668563394815
"121-E-Muriel-St,-Unit-10,-Orlando,-FL-32806","121 E Muriel St, Unit 10, Orlando, FL 32806",121 E Muriel St,Unit 10,Orlando,FL,32806,Orange County,28.517768,-81.375537,condo,3.0,2.0,2246.0,9029.0,1965.0,Inactive,514900,2021-10-06T15:32:32.070Z,308,13.151729928157032
"573-Copley-Ln,-Orlando,-FL-32806","573 Copley Ln, Orlando, FL 32806",573 Copley Ln,,Orlando,FL,32806,Orange County,28.51348,-81.368325,condo,4.0,2.0,1726.0,9029.0,1965.0,Inactive,425000,2021-08-19T17:37:07.752Z,356,12.959846800844963
"1100-Delaney-Ave,-Apt-E12,-Orlando,-FL-32806","1100 Delaney Ave, Apt E12, Orlando, FL 32806",1100 Delaney Ave,Apt E12,Orlando,FL,32806,Orange County,28.528617,-81.372622,condo,2.0,1.0,998.0,9029.0,1965.0,Inactive,205000,2021-10-09T12:44:57.215Z,305,12.230770136157428
"2700-Nancy-St,-Orlando,-FL-32806","2700 Nancy St, Orlando, FL 32806",2700 Nancy St,,Orlando,FL,32806,Orange County,28.527044,-81.348972,single_family,3.0,2.0,1443.0,9029.0,1965.0,Inactive,354900,2021-06-22T14:51:49.147Z,414,12.779594156325743
"1248-Saint-Tropez-Cir,-Unit-Ge,-Orlando,-FL-32806","1248 Saint Tropez Cir, Unit Ge, Orlando, FL 32806",1248 Saint Tropez Cir,Unit Ge,Orlando,FL,32806,Orange County,28.511549,-81.363266,condo,2.0,2.0,1300.0,9029.0,1965.0,Inactive,275000,2021-08-31T15:59:38.758Z,344,12.524530013005734
"2828-S-Brown-Ave,-Orlando,-FL-32806","2828 S Brown Ave, Orlando, FL 32806",2828 S Brown Ave,,Orlando,FL,32806,Orange County,28.510095,-81.362179,single_family,3.0,2.0,880.0,9029.0,1965.0,Inactive,287500,2021-09-08T14:33:36.711Z,336,12.568981617474362
"1330-Catalpa-Ln,-Orlando,-FL-32806","1330 Catalpa Ln, Orlando, FL 32806",1330 Catalpa Ln,,Orlando,FL,32806,Orange County,28.525437,-81.337985,single_family,3.0,2.0,1632.0,9029.0,1965.0,Inactive,435000,2021-08-12T19:34:35.784Z,362,12.983103608918753
"2019-S-Lucerne-Ter,-Orlando,-FL-32806","2019 S Lucerne Ter, Orlando, FL 32806",2019 S Lucerne Ter,,Orlando,FL,32806,Orange County,28.518775,-81.379498,condo,3.0,2.0,1625.0,9029.0,1965.0,Inactive,399900,2021-09-16T16:52:43.993Z,328,12.89897229545694
"1316-Baldwin-Dr,-Orlando,-FL-32806","1316 Baldwin Dr, Orlando, FL 32806",1316 Baldwin Dr,,Orlando,FL,32806,Orange County,28.52592,-81.341767,single_family,3.0,2.0,1340.0,9029.0,1965.0,Inactive,350000,2021-09-18T15:00:06.889Z,326,12.765691290604371
"414-Briercliff-Dr,-Orlando,-FL-32806","414 Briercliff Dr, Orlando, FL 32806",414 Briercliff Dr,,Orlando,FL,32806,Orange County,28.527331,-81.371556,single_family,2.0,2.0,1310.0,9029.0,1965.0,Inactive,349900,2020-10-06T17:38:47.008Z,673,12.765405536311112
"1273-Saint-Tropez-Cir,-Unit-1273,-Orlando,-FL-32806","1273 Saint Tropez Cir, Unit 1273, Orlando, FL 32806",1273 Saint Tropez Cir,Unit 1273,Orlando,FL,32806,Orange County,28.510732,-81.363357,condo,3.0,2.0,1460.0,9029.0,1965.0,Inactive,320000,2021-10-09T14:34:12.908Z,305,12.676079399771027
"1102-Salerno-Ct,-Unit-Ge,-Orlando,-FL-32806","1102 Salerno Ct, Unit Ge, Orlando, FL 32806",1102 Salerno Ct,Unit Ge,Orlando,FL,32806,Orange County,28.509632,-81.364149,condo,2.0,2.0,1300.0,9029.0,1965.0,Inactive,250000,2021-11-03T13:06:06.039Z,280,12.429220196836383
"1218-Pine-Harbor-Point-Cir,-Orlando,-FL-32806","1218 Pine Harbor Point Cir, Orlando, FL 32806",1218 Pine Harbor Point Cir,,Orlando,FL,32806,Orange County,28.493177,-81.363699,single_family,4.0,3.0,2502.0,9029.0,1965.0,Inactive,650000,2021-10-15T15:36:55.636Z,299,13.384729180332174
"424-E-Muriel-St,-Orlando,-FL-32806","424 E Muriel St, Orlando, FL 32806",424 E Muriel St,,Orlando,FL,32806,Orange County,28.517261,-81.37116,single_family,3.0,2.0,1476.0,9029.0,1965.0,Inactive,449500,2021-09-22T17:26:53.955Z,322,13.015893357585442
"3001-Bay-Tree-Dr,-Orlando,-FL-32806","3001 Bay Tree Dr, Orlando, FL 32806",3001 Bay Tree Dr,,Orlando,FL,32806,Orange County,28.509284,-81.355875,single_family,3.0,2.0,1862.0,9029.0,1965.0,Inactive,475000,2021-08-31T17:11:30.526Z,344,13.07107218827772
"2606-Sheffield-Ave,-Orlando,-FL-32806","2606 Sheffield Ave, Orlando, FL 32806",2606 Sheffield Ave,,Orlando,FL,32806,Orange County,28.506651,-81.347126,single_family,3.0,2.0,1832.0,9029.0,1965.0,Inactive,469000,2021-09-23T18:01:53.533Z,320,13.058360179622305
"784-E-Michigan-St,-Unit-27,-Orlando,-FL-32806","784 E Michigan St, Unit 27, Orlando, FL 32806",784 E Michigan St,Unit 27,Orlando,FL,32806,Orange County,28.511006,-81.367042,condo,2.0,2.0,1116.0,9029.0,1965.0,Inactive,159000,2021-09-08T11:40:43.717Z,336,11.976665770490767
"822-Walnut-St,-Orlando,-FL-32806","822 Walnut St, Orlando, FL 32806",822 Walnut St,,Orlando,FL,32806,Orange County,28.529725,-81.364824,single_family,3.0,3.0,2466.0,9029.0,1965.0,Inactive,774900,2021-09-24T21:05:09.392Z,319,13.560490558240303
"438-Raehn-St,-Orlando,-FL-32806","438 Raehn St, Orlando, FL 32806",438 Raehn St,,Orlando,FL,32806,Orange County,28.524476,-81.370727,single_family,3.0,3.0,2374.0,9029.0,1965.0,Inactive,575000,2021-07-11T16:33:29.884Z,395,13.26212705890841
"1211-E-Muriel-St,-Orlando,-FL-32806","1211 E Muriel St, Orlando, FL 32806",1211 E Muriel St,,Orlando,FL,32806,Orange County,28.517536,-81.363716,condo,3.0,2.0,1680.0,9029.0,1965.0,Inactive,425000,2021-09-08T15:07:11.088Z,336,12.959846800844963
"784-E-Michigan-St,-Unit-36,-Orlando,-FL-32806","784 E Michigan St, Unit 36, Orlando, FL 32806",784 E Michigan St,Unit 36,Orlando,FL,32806,Orange County,28.511006,-81.367042,condo,2.0,2.0,1116.0,9029.0,1965.0,Inactive,169000,2021-08-19T12:58:20.747Z,356,12.037659911047468
"1306-Bahama-Dr,-Orlando,-FL-32806","1306 Bahama Dr, Orlando, FL 32806",1306 Bahama Dr,,Orlando,FL,32806,Orange County,28.526361,-81.359697,single_family,4.0,2.0,3138.0,9029.0,1965.0,Inactive,1200000,2021-09-08T15:58:25.717Z,336,13.997832948091215
"1512-S-Mills-Ave,-Orlando,-FL-32806","1512 S Mills Ave, Orlando, FL 32806",1512 S Mills Ave,,Orlando,FL,32806,Orange County,28.524209,-81.364377,single_family,3.0,2.0,1552.0,9029.0,1965.0,Inactive,649900,2021-10-01T15:49:32.069Z,313,13.384575322579519
"1216-E-Muriel-St,-Orlando,-FL-32806","1216 E Muriel St, Orlando, FL 32806",1216 E Muriel St,,Orlando,FL,32806,Orange County,28.517008,-81.363342,apartment,5.0,3.0,2544.0,9029.0,1965.0,Inactive,449000,2021-09-24T20:50:01.817Z,319,13.014780393893403
"1207-E-Esther-St,-Orlando,-FL-32806","1207 E Esther St, Orlando, FL 32806",1207 E Esther St,,Orlando,FL,32806,Orange County,28.51972,-81.363666,single_family,3.0,2.0,1397.0,9029.0,1965.0,Inactive,429990,2021-08-31T16:35:05.064Z,344,12.971519557218146
"1201-Newcastle-Dr,-Orlando,-FL-32806","1201 Newcastle Dr, Orlando, FL 32806",1201 Newcastle Dr,,Orlando,FL,32806,Orange County,28.527773,-81.342174,single_family,3.0,2.0,1329.0,9029.0,1965.0,Inactive,349999,2021-09-08T14:56:19.831Z,336,12.765688433465597
"2315-E-Gore-St,-Orlando,-FL-32806","2315 E Gore St, Orlando, FL 32806",2315 E Gore St,,Orlando,FL,32806,Orange County,28.531558,-81.352037,single_family,2.0,1.0,1214.0,9029.0,1965.0,Inactive,349000,2020-09-21T23:36:03.427Z,687,12.762830066509972
"758-E-Michigan-St,-Unit-208,-Orlando,-FL-32806","758 E Michigan St, Unit 208, Orlando, FL 32806",758 E Michigan St,Unit 208,Orlando,FL,32806,Orange County,28.511012,-81.367986,condo,1.0,1.0,633.0,9029.0,1965.0,Inactive,116000,2021-08-31T09:18:31.158Z,344,11.661354090741
"3029-Peel-Ave,-Orlando,-FL-32806","3029 Peel Ave, Orlando, FL 32806",3029 Peel Ave,,Orlando,FL,32806,Orange County,28.508625,-81.347141,single_family,3.0,2.0,1568.0,9029.0,1965.0,Inactive,449000,2021-08-19T18:23:35.985Z,355,13.014780393893403
"3416-Edland-Dr,-Orlando,-FL-32806","3416 Edland Dr, Orlando, FL 32806",3416 Edland Dr,,Orlando,FL,32806,Orange County,28.521637,-81.34068,single_family,3.0,3.0,2029.0,9029.0,1965.0,Inactive,409000,2021-07-02T14:58:19.077Z,404,12.921472880009725
"3000-Eglington-Dr,-Orlando,-FL-32806","3000 Eglington Dr, Orlando, FL 32806",3000 Eglington Dr,,Orlando,FL,32806,Orange County,28.519201,-81.345066,single_family,3.0,2.0,1599.0,9029.0,1965.0,Inactive,389900,2021-09-21T18:20:43.981Z,322,12.873648139727594
"1200-Roscomare-Ave,-Orlando,-FL-32806","1200 Roscomare Ave, Orlando, FL 32806",1200 Roscomare Ave,,Orlando,FL,32806,Orange County,28.527253,-81.335202,single_family,3.0,2.0,1329.0,9029.0,1965.0,Inactive,359000,2021-10-01T15:08:40.684Z,313,12.791080452981857
"1222-E-Kaley-St,-Orlando,-FL-32806","1222 E Kaley St, Orlando, FL 32806",1222 E Kaley St,,Orlando,FL,32806,Orange County,28.52011,-81.363039,single_family,2.0,1.0,1085.0,9029.0,1965.0,Inactive,345000,2020-11-17T17:33:21.790Z,630,12.75130259456002
"1315-E-Pineloch-Ave,-Orlando,-FL-32806","1315 E Pineloch Ave, Orlando, FL 32806",1315 E Pineloch Ave,,Orlando,FL,32806,Orange County,28.509656,-81.36202,single_family,3.0,2.0,1096.0,9029.0,1965.0,Inactive,294950,2021-10-13T13:20:06.079Z,301,12.594564519830627
"1221-Salerno-Ct,-Unit-Ge,-Orlando,-FL-32806","1221 Salerno Ct, Unit Ge, Orlando, FL 32806",1221 Salerno Ct,Unit Ge,Orlando,FL,32806,Orange County,28.510416,-81.363373,condo,2.0,2.0,1300.0,9029.0,1965.0,Inactive,260000,2021-09-22T16:08:58.062Z,322,12.468440756144114
"1600-Hull-Cir,-Orlando,-FL-32806","1600 Hull Cir, Orlando, FL 32806",1600 Hull Cir,,Orlando,FL,32806,Orange County,28.523055,-81.359722,single_family,3.0,2.0,2550.0,9029.0,1965.0,Inactive,300000,2021-09-17T15:59:20.321Z,327,12.611541086966115
"1222-Silverstone-Ave,-Orlando,-FL-32806","1222 Silverstone Ave, Orlando, FL 32806",1222 Silverstone Ave,,Orlando,FL,32806,Orange County,28.526669,-81.334261,single_family,3.0,2.0,1375.0,9029.0,1965.0,Inactive,474000,2021-06-16T15:45:18.714Z,420,13.06896471037963
"212-E-Muriel-St,-Orlando,-FL-32806","212 E Muriel St, Orlando, FL 32806",212 E Muriel St,,Orlando,FL,32806,Orange County,28.517253,-81.373761,single_family,2.0,2.0,1010.0,9029.0,1965.0,Inactive,305000,2021-08-31T15:55:20.287Z,344,12.628070334272698
"1809-White-Ave,-Orlando,-FL-32806","1809 White Ave, Orlando, FL 32806",1809 White Ave,,Orlando,FL,32806,Orange County,28.502454,-81.35661,single_family,3.0,2.0,1050.0,9029.0,1965.0,Inactive,259900,2021-10-05T13:12:00.682Z,309,12.468056068255885
"1130-Lake-Willisara-Cir,-Unit-23-24,-Orlando,-FL-32806","1130 Lake Willisara Cir, Unit 23-24, Orlando, FL 32806",1130 Lake Willisara Cir,Unit 23-24,Orlando,FL,32806,Orange County,28.507625,-81.363652,condo,2.0,2.0,1372.0,9029.0,1965.0,Inactive,309900,2021-09-16T16:40:25.772Z,328,12.644008170618003
"239-E-Copeland-Dr,-Orlando,-FL-32806","239 E Copeland Dr, Orlando, FL 32806",239 E Copeland Dr,,Orlando,FL,32806,Orange County,28.52568,-81.373711,single_family,6.0,5.0,5657.0,9029.0,1965.0,Inactive,1895000,2021-09-09T16:04:35.070Z,335,14.45472992420301
"1300-Delaney-Ave,-Orlando,-FL-32806","1300 Delaney Ave, Orlando, FL 32806",1300 Delaney Ave,,Orlando,FL,32806,Orange County,28.526743,-81.373439,single_family,5.0,3.0,5521.0,9029.0,1965.0,Inactive,1500000,2021-08-19T18:32:49.937Z,355,14.220976332738882
"2303-S-Shine-Ave,-Orlando,-FL-32806","2303 S Shine Ave, Orlando, FL 32806",2303 S Shine Ave,,Orlando,FL,32806,Orange County,28.516448,-81.360455,single_family,4.0,2.0,2852.0,9029.0,1965.0,Inactive,849900,2021-02-12T14:37:42.745Z,544,13.652875151095039
"1108-Salerno-Ct,-Unit-Ge,-Orlando,-FL-32806","1108 Salerno Ct, Unit Ge, Orlando, FL 32806",1108 Salerno Ct,Unit Ge,Orlando,FL,32806,Orange County,28.509632,-81.364149,condo,2.0,2.0,1481.0,9029.0,1965.0,Inactive,295000,2021-11-09T13:17:50.362Z,274,12.59473402514672
"2512-Miscindy-Pl,-Orlando,-FL-32806","2512 Miscindy Pl, Orlando, FL 32806",2512 Miscindy Pl,,Orlando,FL,32806,Taylor County,30.262712,-83.634367,single_family,3.0,2.0,1956.0,9029.0,1965.0,Inactive,429000,2021-09-24T20:49:10.730Z,319,12.969214528909768
"3003-Overlake-Ave,-Orlando,-FL-32806","3003 Overlake Ave, Orlando, FL 32806",3003 Overlake Ave,,Orlando,FL,32806,Orange County,28.497341,-81.343963,single_family,4.0,2.0,1976.0,9029.0,1965.0,Inactive,575000,2021-08-12T19:53:42.357Z,362,13.26212705890841
"308-E-Kaley-St,-Orlando,-FL-32806","308 E Kaley St, Orlando, FL 32806",308 E Kaley St,,Orlando,FL,32806,Orange County,28.519994,-81.373968,single_family,3.0,2.0,1800.0,9029.0,1965.0,Inactive,405000,2021-09-17T15:45:47.486Z,327,12.91164481522143
"3106-Williams-St,-Orlando,-FL-32806","3106 Williams St, Orlando, FL 32806",3106 Williams St,,Orlando,FL,32806,Orange County,28.505511,-81.357265,single_family,3.0,1.0,1122.0,9029.0,1965.0,Inactive,295000,2021-08-31T15:55:20.324Z,344,12.59473402514672
"4301-Kasper-Dr,-Orlando,-FL-32806","4301 Kasper Dr, Orlando, FL 32806",4301 Kasper Dr,,Orlando,FL,32806,Orange County,28.529121,-81.332802,single_family,3.0,2.0,2122.0,9029.0,1965.0,Inactive,669900,2021-03-04T16:32:29.164Z,524,13.414885219255359
"2305-Rest-Haven-Ave,-Orlando,-FL-32806","2305 Rest Haven Ave, Orlando, FL 32806",2305 Rest Haven Ave,,Orlando,FL,32806,Orange County,28.516643,-81.340583,single_family,4.0,2.0,1115.0,9029.0,1965.0,Inactive,469900,2021-04-18T15:03:15.054Z,479,13.060277313201007
"3177-Raeford-Rd,-Orlando,-FL-32806","3177 Raeford Rd, Orlando, FL 32806",3177 Raeford Rd,,Orlando,FL,32806,Orange County,28.510039,-81.344225,single_family,4.0,2.0,3453.0,9029.0,1965.0,Inactive,599000,2021-06-16T16:30:33.196Z,420,13.303018546545275
"3037-Bay-Tree-Dr,-Orlando,-FL-32806","3037 Bay Tree Dr, Orlando, FL 32806",3037 Bay Tree Dr,,Orlando,FL,32806,Orange County,28.507895,-81.355865,single_family,5.0,3.0,2192.0,9029.0,1965.0,Inactive,550000,2021-09-09T15:53:55.512Z,335,13.217675375388819
"254-E-Pineloch-Ave,-Orlando,-FL-32806","254 E Pineloch Ave, Orlando, FL 32806",254 E Pineloch Ave,,Orlando,FL,32806,Orange County,28.509167,-81.373374,condo,3.0,2.0,1841.0,9029.0,1965.0,Inactive,469900,2021-08-19T17:50:52.778Z,355,13.060277313201007
"248-E-Pineloch-Ave,-Orlando,-FL-32806","248 E Pineloch Ave, Orlando, FL 32806",248 E Pineloch Ave,,Orlando,FL,32806,Orange County,28.509166,-81.373436,condo,3.0,2.0,1841.0,9029.0,1965.0,Inactive,444900,2021-08-19T17:44:50.525Z,355,13.005607064487718
"242-E-Pineloch-Ave,-Orlando,-FL-32806","242 E Pineloch Ave, Orlando, FL 32806",242 E Pineloch Ave,,Orlando,FL,32806,Orange County,28.509166,-81.373498,condo,3.0,2.0,1841.0,9029.0,1965.0,Inactive,439900,2021-08-19T17:44:50.486Z,355,12.994304980578146
"504-E-Kaley-St,-Orlando,-FL-32806","504 E Kaley St, Orlando, FL 32806",504 E Kaley St,,Orlando,FL,32806,Orange County,28.520036,-81.37019,single_family,2.0,1.0,867.0,9029.0,1965.0,Inactive,295000,2021-09-18T13:55:53.993Z,326,12.59473402514672
"1105-Appleton-Ave,-Orlando,-FL-32806","1105 Appleton Ave, Orlando, FL 32806",1105 Appleton Ave,,Orlando,FL,32806,Orange County,28.497908,-81.363751,single_family,4.0,2.0,2618.0,9029.0,1965.0,Inactive,614500,2021-08-31T17:21:30.590Z,343,13.328565835326202
"236-E-Pineloch-Ave,-Orlando,-FL-32806","236 E Pineloch Ave, Orlando, FL 32806",236 E Pineloch Ave,,Orlando,FL,32806,Orange County,28.509165,-81.37356,condo,3.0,2.0,1841.0,9029.0,1965.0,Inactive,439900,2021-08-19T17:44:50.491Z,355,12.994304980578146
"1502-Lando-Ln,-Orlando,-FL-32806","1502 Lando Ln, Orlando, FL 32806",1502 Lando Ln,,Orlando,FL,32806,Orange County,28.497737,-81.3595,single_family,4.0,3.0,1947.0,9029.0,1965.0,Inactive,420000,2020-12-05T16:20:50.850Z,613,12.948012371209098
"1501-Poe-Ave,-Orlando,-FL-32806","1501 Poe Ave, Orlando, FL 32806",1501 Poe Ave,,Orlando,FL,32806,Orange County,28.494184,-81.361539,single_family,2.0,2.0,1797.0,9029.0,1965.0,Inactive,350000,2021-08-12T19:38:11.351Z,362,12.765691290604371
"230-E-Pineloch-Ave,-Orlando,-FL-32806","230 E Pineloch Ave, Orlando, FL 32806",230 E Pineloch Ave,,Orlando,FL,32806,Orange County,28.509165,-81.373622,condo,3.0,2.0,1841.0,9029.0,1965.0,Inactive,469900,2021-08-19T17:50:52.774Z,355,13.060277313201007
"428-E-Crystal-Lake-St,-Orlando,-FL-32806","428 E Crystal Lake St, Orlando, FL 32806",428 E Crystal Lake St,,Orlando,FL,32806,Orange County,28.514547,-81.371139,single_family,3.0,2.0,1224.0,9029.0,1965.0,Inactive,367000,2021-09-15T18:05:54.130Z,328,12.813119851828635
"302-E-Jersey-St,-Orlando,-FL-32806","302 E Jersey St, Orlando, FL 32806",302 E Jersey St,,Orlando,FL,32806,Orange County,28.513602,-81.373899,single_family,3.0,2.0,1226.0,9029.0,1965.0,Inactive,350000,2021-08-12T19:41:34.845Z,362,12.765691290604371
"2403-S-Shine-Ave,-Orlando,-FL-32806","2403 S Shine Ave, Orlando, FL 32806",2403 S Shine Ave,,Orlando,FL,32806,Orange County,28.515267,-81.360637,condo,3.0,3.0,1852.0,9029.0,1965.0,Inactive,395000,2021-10-11T14:54:04.182Z,303,12.886643575525625
"2204-Hand-Blvd,-Orlando,-FL-32806","2204 Hand Blvd, Orlando, FL 32806",2204 Hand Blvd,,Orlando,FL,32806,Orange County,28.527592,-81.353466,single_family,2.0,2.0,1335.0,9029.0,1965.0,Inactive,299900,2021-08-12T19:09:13.881Z,362,12.611207699176356
"2201-Henderson-Dr,-Orlando,-FL-32806","2201 Henderson Dr, Orlando, FL 32806",2201 Henderson Dr,,Orlando,FL,32806,Orange County,28.523207,-81.35337,apartment,8.0,4.0,4741.0,9029.0,1965.0,Inactive,1098000,2021-09-21T18:56:36.602Z,322,13.90900181179801
"1420-Francis-Ave,-Orlando,-FL-32806","1420 Francis Ave, Orlando, FL 32806",1420 Francis Ave,,Orlando,FL,32806,Orange County,28.524663,-81.353014,apartment,4.0,3.0,3384.0,9029.0,1965.0,Inactive,439000,2021-09-28T15:35:27.238Z,316,12.992256969959042
"2719-Zephyr-Rd,-Orlando,-FL-32806","2719 Zephyr Rd, Orlando, FL 32806",2719 Zephyr Rd,,Orlando,FL,32806,Orange County,28.512218,-81.36871,single_family,3.0,2.0,1242.0,9029.0,1965.0,Inactive,359000,2021-09-08T14:56:19.831Z,336,12.791080452981857
"2817-Conway-Gardens-Rd,-Orlando,-FL-32806","2817 Conway Gardens Rd, Orlando, FL 32806",2817 Conway Gardens Rd,,Orlando,FL,32806,Orange County,28.509516,-81.338842,single_family,3.0,1.0,1289.0,9029.0,1965.0,Inactive,250000,2021-06-20T15:25:13.439Z,416,12.429220196836383
"1505-Arcadia-St,-Orlando,-FL-32806","1505 Arcadia St, Orlando, FL 32806",1505 Arcadia St,,Orlando,FL,32806,Orange County,28.493304,-81.361526,single_family,3.0,2.0,1576.0,9029.0,1965.0,Inactive,394000,2021-09-08T15:06:50.062Z,336,12.884108726347916
"1104-Catalpa-Ln,-Orlando,-FL-32806","1104 Catalpa Ln, Orlando, FL 32806",1104 Catalpa Ln,,Orlando,FL,32806,Orange County,28.528383,-81.338099,single_family,3.0,2.0,1666.0,9029.0,1965.0,Inactive,359600,2021-08-12T19:41:34.830Z,362,12.792750362443366
"1608-Jessamine-Ave,-Orlando,-FL-32806","1608 Jessamine Ave, Orlando, FL 32806",1608 Jessamine Ave,,Orlando,FL,32806,Orange County,28.522622,-81.350946,single_family,2.0,1.0,816.0,9029.0,1965.0,Inactive,279000,2021-08-31T15:47:43.284Z,344,12.53897064502647
"758-E-Michigan-St,-Unit-206,-Orlando,-FL-32806","758 E Michigan St, Unit 206, Orlando, FL 32806",758 E Michigan St,Unit 206,Orlando,FL,32806,Orange County,28.511012,-81.367986,condo,1.0,1.0,633.0,9029.0,1965.0,Inactive,115000,2021-08-19T10:58:47.772Z,356,11.652696102959753
"2262-S-Bumby-Ave,-Orlando,-FL-32806","2262 S Bumby Ave, Orlando, FL 32806",2262 S Bumby Ave,,Orlando,FL,32806,Orange County,28.516941,-81.351873,single_family,3.0,2.0,965.0,9029.0,1965.0,Inactive,299500,2021-07-19T16:34:29.062Z,386,12.60987303543023
"819-Summer-Winds-Ct,-Orlando,-FL-32806","819 Summer Winds Ct, Orlando, FL 32806",819 Summer Winds Ct,,Orlando,FL,32806,Orange County,28.496995,-81.367201,single_family,3.0,2.0,1903.0,9029.0,1965.0,Inactive,449000,2021-09-25T20:18:40.281Z,318,13.014780393893403
"1508-Montcalm-St,-Orlando,-FL-32806","1508 Montcalm St, Orlando, FL 32806",1508 Montcalm St,,Orlando,FL,32806,Orange County,28.499597,-81.359078,single_family,3.0,2.0,1315.0,9029.0,1965.0,Inactive,335000,2021-08-19T17:00:45.509Z,355,12.721888795877375
"4615-S-Fern-Creek-Ave,-Orlando,-FL-32806","4615 S Fern Creek Ave, Orlando, FL 32806",4615 S Fern Creek Ave,,Orlando,FL,32806,Orange County,28.494252,-81.359393,single_family,4.0,3.0,2109.0,9029.0,1965.0,Inactive,389900,2021-09-08T15:01:58.749Z,336,12.873648139727594
"210-E-Kaley-St,-Orlando,-FL-32806","210 E Kaley St, Orlando, FL 32806",210 E Kaley St,,Orlando,FL,32806,Orange County,28.51998,-81.375026,single_family,4.0,2.0,1760.0,9029.0,1965.0,Inactive,529000,2021-08-31T17:09:15.608Z,343,13.178745601197818
"1801-S-Bumby-Ave,-Orlando,-FL-32806","1801 S Bumby Ave, Orlando, FL 32806",1801 S Bumby Ave,,Orlando,FL,32806,Orange County,28.521518,-81.351352,single_family,3.0,2.0,1994.0,9029.0,1965.0,Inactive,415000,2021-08-19T17:37:01.217Z,355,12.936036208848487
"1787-Geigel-Ave,-Orlando,-FL-32806","1787 Geigel Ave, Orlando, FL 32806",1787 Geigel Ave,,Orlando,FL,32806,Orange County,28.501541,-81.357075,single_family,3.0,2.0,1640.0,9029.0,1965.0,Inactive,365000,2021-06-19T14:58:22.297Z,417,12.807655372286902
"1258-Saint-Tropez-Cir,-Unit-Ge,-Orlando,-FL-32806","1258 Saint Tropez Cir, Unit Ge, Orlando, FL 32806",1258 Saint Tropez Cir,Unit Ge,Orlando,FL,32806,Orange County,28.511122,-81.363435,condo,3.0,2.0,1538.0,9029.0,1965.0,Inactive,279000,2021-08-12T19:00:23.293Z,362,12.53897064502647
"3016-Crystal-Oak-Ct,-Orlando,-FL-32806","3016 Crystal Oak Ct, Orlando, FL 32806",3016 Crystal Oak Ct,,Orlando,FL,32806,Orange County,28.504264,-81.344382,single_family,4.0,2.0,2735.0,9029.0,1965.0,Inactive,658000,2021-09-11T16:18:27.962Z,332,13.396961730063138
"2508-Homeland-St,-Orlando,-FL-32806","2508 Homeland St, Orlando, FL 32806",2508 Homeland St,,Orlando,FL,32806,Orange County,28.514748,-81.355338,single_family,3.0,2.0,1695.0,9029.0,1965.0,Inactive,465000,2021-03-05T14:54:52.942Z,523,13.049794835104816
"2682-Joslin-Pl,-Orlando,-FL-32806","2682 Joslin Pl, Orlando, FL 32806",2682 Joslin Pl,,Orlando,FL,32806,Orange County,28.513469,-81.369111,condo,4.0,2.0,2369.0,9029.0,1965.0,Inactive,429000,2021-08-19T17:50:52.741Z,355,12.969214528909768
"510-Avalon-Blvd,-Orlando,-FL-32806","510 Avalon Blvd, Orlando, FL 32806",510 Avalon Blvd,,Orlando,FL,32806,Orange County,28.521412,-81.369881,single_family,4.0,3.0,2493.0,9029.0,1965.0,Inactive,749900,2021-07-11T16:40:15.817Z,394,13.527696476799726
"3355-Carla-St,-Orlando,-FL-32806","3355 Carla St, Orlando, FL 32806",3355 Carla St,,Orlando,FL,32806,Orange County,28.496931,-81.339347,single_family,4.0,2.0,3830.0,9029.0,1965.0,Inactive,699000,2021-08-31T17:21:37.846Z,343,13.457407451830088
"2294-S-Shine-Ave,-Orlando,-FL-32806","2294 S Shine Ave, Orlando, FL 32806",2294 S Shine Ave,,Orlando,FL,32806,Orange County,28.516468,-81.361169,single_family,2.0,1.0,874.0,9029.0,1965.0,Inactive,265000,2021-09-11T14:28:38.964Z,333,12.487488878546145
"2500-Center-Ave,-Orlando,-FL-32806","2500 Center Ave, Orlando, FL 32806",2500 Center Ave,,Orlando,FL,32806,Orange County,28.51459,-81.374587,single_family,3.0,2.0,1545.0,9029.0,1965.0,Inactive,352000,2021-07-19T16:34:34.085Z,386,12.77138929548529
"1255-Saint-Tropez-Cir,-Unit-Ge,-Orlando,-FL-32806","1255 Saint Tropez Cir, Unit Ge, Orlando, FL 32806",1255 Saint Tropez Cir,Unit Ge,Orlando,FL,32806,Orange County,28.510732,-81.363357,condo,3.0,2.0,1460.0,9029.0,1965.0,Inactive,299000,2021-08-31T15:55:09.056Z,343,12.608202196848836
"3031-Dawley-Ave,-Orlando,-FL-32806","3031 Dawley Ave, Orlando, FL 32806",3031 Dawley Ave,,Orlando,FL,32806,Orange County,28.508079,-81.344763,single_family,3.0,2.0,1893.0,9029.0,1965.0,Inactive,525000,2021-08-31T17:09:15.601Z,343,13.171155446333852
"1100-Berwyn-Rd,-Orlando,-FL-32806","1100 Berwyn Rd, Orlando, FL 32806",1100 Berwyn Rd,,Orlando,FL,32806,Orange County,28.528839,-81.337201,single_family,3.0,2.0,2005.0,9029.0,1965.0,Inactive,530000,2020-11-20T20:54:54.664Z,627,13.180634172318978
"2611-E-Gore-St,-Orlando,-FL-32806","2611 E Gore St, Orlando, FL 32806",2611 E Gore St,,Orlando,FL,32806,Orange County,28.531657,-81.349215,single_family,3.0,2.0,1625.0,9029.0,1965.0,Inactive,365000,2021-08-31T16:20:04.087Z,343,12.807655372286902
"4500-Leslyn-Ct,-Orlando,-FL-32806","4500 Leslyn Ct, Orlando, FL 32806",4500 Leslyn Ct,,Orlando,FL,32806,Orange County,28.495647,-81.36076,single_family,3.0,2.0,1489.0,9029.0,1965.0,Inactive,356000,2021-05-12T16:19:15.130Z,454,12.782688818818986
"1314-E-Muriel-St,-Orlando,-FL-32806","1314 E Muriel St, Orlando, FL 32806",1314 E Muriel St,,Orlando,FL,32806,Orange County,28.517157,-81.362408,single_family,3.0,2.0,1414.0,9029.0,1965.0,Inactive,349000,2021-09-08T14:51:42.799Z,336,12.762830066509972
"4750-Rosewood-Dr,-Orlando,-FL-32806","4750 Rosewood Dr, Orlando, FL 32806",4750 Rosewood Dr,,Orlando,FL,32806,Orange County,28.492726,-81.358784,single_family,4.0,3.0,2329.0,9029.0,1965.0,Inactive,599900,2021-08-31T17:19:36.270Z,343,13.304519920584285
"3110-Great-Oaks-Ln,-Orlando,-FL-32806","3110 Great Oaks Ln, Orlando, FL 32806",3110 Great Oaks Ln,,Orlando,FL,32806,Orange County,28.501233,-81.344234,single_family,4.0,3.0,2850.0,9029.0,1965.0,Inactive,675000,2021-08-31T17:19:36.288Z,343,13.42246945133505
"2324-Dawley-Ave,-Orlando,-FL-32806","2324 Dawley Ave, Orlando, FL 32806",2324 Dawley Ave,,Orlando,FL,32806,Orange County,28.516081,-81.345658,single_family,3.0,2.0,1067.0,9029.0,1965.0,Inactive,275000,2021-08-12T17:52:41.000Z,362,12.524530013005734
"1600-Campbell-Ave,-Orlando,-FL-32806","1600 Campbell Ave, Orlando, FL 32806",1600 Campbell Ave,,Orlando,FL,32806,Orange County,28.498774,-81.358416,single_family,3.0,2.0,1400.0,9029.0,1965.0,Inactive,371000,2021-06-16T15:51:46.221Z,419,12.82396003700373
"2907-Lando-Ln,-Orlando,-FL-32806","2907 Lando Ln, Orlando, FL 32806",2907 Lando Ln,,Orlando,FL,32806,Orange County,28.498103,-81.344778,single_family,3.0,2.0,1708.0,9029.0,1965.0,Inactive,355000,2021-08-31T16:16:18.356Z,343,12.779875885354993
"1809-S-Fern-Creek-Ave,-Orlando,-FL-32806","1809 S Fern Creek Ave, Orlando, FL 32806",1809 S Fern Creek Ave,,Orlando,FL,32806,Orange County,28.520675,-81.359663,single_family,3.0,2.0,1099.0,9029.0,1965.0,Inactive,305000,2021-08-31T15:55:20.293Z,343,12.628070334272698
"210-Annie-St,-Orlando,-FL-32806","210 Annie St, Orlando, FL 32806",210 Annie St,,Orlando,FL,32806,Orange County,28.529363,-81.374582,single_family,4.0,2.0,2263.0,9029.0,1965.0,Inactive,879000,2021-08-19T18:28:59.537Z,355,13.686541314323094
"1805-Simonton-Ave,-Orlando,-FL-32806","1805 Simonton Ave, Orlando, FL 32806",1805 Simonton Ave,,Orlando,FL,32806,Orange County,28.500623,-81.356429,single_family,3.0,1.0,1483.0,9029.0,1965.0,Inactive,330000,2021-08-12T19:25:52.771Z,362,12.706850963741102
"3015-Hargill-Dr,-Orlando,-FL-32806","3015 Hargill Dr, Orlando, FL 32806",3015 Hargill Dr,,Orlando,FL,32806,Orange County,28.528523,-81.344747,single_family,3.0,1.0,1155.0,9029.0,1965.0,Inactive,315000,2021-09-08T14:42:35.153Z,336,12.660331092405906
"2432-E-Jersey-Ave,-Orlando,-FL-32806","2432 E Jersey Ave, Orlando, FL 32806",2432 E Jersey Ave,,Orlando,FL,32806,Orange County,28.514129,-81.35035,single_family,3.0,1.0,1433.0,9029.0,1965.0,Inactive,279000,2021-06-28T15:15:18.075Z,408,12.53897064502647
"3421-Veradale-Ave,-Orlando,-FL-32806","3421 Veradale Ave, Orlando, FL 32806",3421 Veradale Ave,,Orlando,FL,32806,Orange County,28.501471,-81.340345,single_family,3.0,1.0,1416.0,9029.0,1965.0,Inactive,264900,2020-11-20T19:52:54.001Z,627,12.487111450262473
"1311-E-Pineloch-Ave,-Orlando,-FL-32806","1311 E Pineloch Ave, Orlando, FL 32806",1311 E Pineloch Ave,,Orlando,FL,32806,Orange County,28.509653,-81.362301,single_family,2.0,2.0,1077.0,9029.0,1965.0,Inactive,269000,2021-06-28T15:08:50.183Z,408,12.502470376049185
"3510-Lake-Margaret-Dr,-Orlando,-FL-32806","3510 Lake Margaret Dr, Orlando, FL 32806",3510 Lake Margaret Dr,,Orlando,FL,32806,Orange County,28.505901,-81.339381,single_family,3.0,2.0,1405.0,9029.0,1965.0,Inactive,265000,2021-08-08T15:19:29.370Z,367,12.487488878546145
"1611-S-Mills-Ave,-Orlando,-FL-32806","1611 S Mills Ave, Orlando, FL 32806",1611 S Mills Ave,,Orlando,FL,32806,Seminole County,28.522886,-81.363732,single_family,3.0,2.0,1653.0,9029.0,1965.0,Inactive,575000,2021-06-16T16:21:47.452Z,419,13.26212705890841
"2922-S-Fern-Creek-Ave,-Orlando,-FL-32806","2922 S Fern Creek Ave, Orlando, FL 32806",2922 S Fern Creek Ave,,Orlando,FL,32806,Orange County,28.507585,-81.360321,single_family,4.0,2.0,1595.0,9029.0,1965.0,Inactive,389000,2021-07-11T15:59:39.546Z,394,12.871337193291367
"614-Richmond-St,-Orlando,-FL-32806","614 Richmond St, Orlando, FL 32806",614 Richmond St,,Orlando,FL,32806,Orange County,28.529868,-81.368804,single_family,5.0,3.0,5096.0,9029.0,1965.0,Inactive,1095000,2021-06-16T16:35:00.938Z,419,13.90626583447433
"1021-Delaney-Park-Dr,-Orlando,-FL-32806","1021 Delaney Park Dr, Orlando, FL 32806",1021 Delaney Park Dr,,Orlando,FL,32806,Orange County,28.529127,-81.364728,single_family,3.0,2.0,1416.0,9029.0,1965.0,Inactive,450000,2021-08-31T16:35:05.072Z,343,13.017005083966255
"3708-Wyldwoode-Ln,-Orlando,-FL-32806","3708 Wyldwoode Ln, Orlando, FL 32806",3708 Wyldwoode Ln,,Orlando,FL,32806,Orange County,28.498214,-81.342132,single_family,4.0,2.0,1706.0,9029.0,1965.0,Inactive,389000,2021-08-12T19:53:32.557Z,362,12.871337193291367
"2700-Kingfisher-Dr,-Orlando,-FL-32806","2700 Kingfisher Dr, Orlando, FL 32806",2700 Kingfisher Dr,,Orlando,FL,32806,Orange County,28.51086,-81.346836,single_family,3.0,2.0,1567.0,9029.0,1965.0,Inactive,349900,2021-07-11T15:24:25.101Z,394,12.765405536311112
"38-W-Jersey-St,-Unit-15,-Orlando,-FL-32806","38 W Jersey St, Unit 15, Orlando, FL 32806",38 W Jersey St,Unit 15,Orlando,FL,32806,Orange County,28.513716,-81.377907,condo,3.0,2.0,2076.0,9029.0,1965.0,Inactive,469900,2021-06-16T16:15:50.527Z,419,13.060277313201007
"3104-Ivel-Dr,-Orlando,-FL-32806","3104 Ivel Dr, Orlando, FL 32806",3104 Ivel Dr,,Orlando,FL,32806,Orange County,28.502479,-81.344306,single_family,4.0,2.0,1988.0,9029.0,1965.0,Inactive,350000,2021-07-19T16:40:59.094Z,386,12.765691290604371
"25-W-Muriel-St,-Orlando,-FL-32806","25 W Muriel St, Orlando, FL 32806",25 W Muriel St,,Orlando,FL,32806,Orange County,28.517766,-81.377838,apartment,4.0,2.0,1508.0,9029.0,1965.0,Inactive,345000,2021-08-12T19:34:46.601Z,362,12.75130259456002
"754-E-Michigan-St,-Unit-172,-Orlando,-FL-32806","754 E Michigan St, Unit 172, Orlando, FL 32806",754 E Michigan St,Unit 172,Orlando,FL,32806,Orange County,28.511447,-81.368245,condo,1.0,1.0,633.0,9029.0,1965.0,Inactive,115000,2021-08-08T11:58:26.089Z,367,11.652696102959753
"1918-White-Ave,-Orlando,-FL-32806","1918 White Ave, Orlando, FL 32806",1918 White Ave,,Orlando,FL,32806,Orange County,28.501945,-81.354825,single_family,3.0,2.0,1711.0,9029.0,1965.0,Inactive,359000,2021-08-12T19:52:53.534Z,362,12.791080452981857
"1714-Campbell-Ave,-Orlando,-FL-32806","1714 Campbell Ave, Orlando, FL 32806",1714 Campbell Ave,,Orlando,FL,32806,Orange County,28.498787,-81.356673,single_family,4.0,2.0,1443.0,9029.0,1965.0,Inactive,369000,2020-12-28T15:50:43.976Z,589,12.818554633046093
"2512-E-Compton-St,-Orlando,-FL-32806","2512 E Compton St, Orlando, FL 32806",2512 E Compton St,,Orlando,FL,32806,Orange County,28.511637,-81.349392,single_family,4.0,3.0,2050.0,9029.0,1965.0,Inactive,369000,2021-07-19T16:45:51.876Z,386,12.818554633046093
"1315-Overlake-Ave,-Orlando,-FL-32806","1315 Overlake Ave, Orlando, FL 32806",1315 Overlake Ave,,Orlando,FL,32806,Orange County,28.497389,-81.36147,single_family,5.0,3.0,2878.0,9029.0,1965.0,Inactive,597900,2020-11-18T16:55:44.797Z,629,13.301180467388086
"3414-Lake-Margaret-Dr,-Orlando,-FL-32806","3414 Lake Margaret Dr, Orlando, FL 32806",3414 Lake Margaret Dr,,Orlando,FL,32806,Orange County,28.505896,-81.340098,single_family,4.0,2.0,1482.0,9029.0,1965.0,Inactive,349000,2021-08-31T16:13:58.097Z,343,12.762830066509972
"826-Sweetbriar-Rd,-Orlando,-FL-32806","826 Sweetbriar Rd, Orlando, FL 32806",826 Sweetbriar Rd,,Orlando,FL,32806,Orange County,28.500443,-81.366869,single_family,3.0,2.0,1573.0,9029.0,1965.0,Inactive,399000,2021-08-12T19:53:42.366Z,362,12.896719202134523
"2841-S-Brown-Ave,-Orlando,-FL-32806","2841 S Brown Ave, Orlando, FL 32806",2841 S Brown Ave,,Orlando,FL,32806,Orange County,28.50988,-81.361584,single_family,3.0,2.0,1014.0,9029.0,1965.0,Inactive,299900,2021-08-12T19:09:06.582Z,362,12.611207699176356
"530-Claire-St,-Orlando,-FL-32806","530 Claire St, Orlando, FL 32806",530 Claire St,,Orlando,FL,32806,Orange County,28.503005,-81.369206,single_family,5.0,3.0,2689.0,9029.0,1965.0,Inactive,560000,2021-06-24T15:28:27.371Z,411,13.235693848424024
"1413-Hazelwood-Dr,-Orlando,-FL-32806","1413 Hazelwood Dr, Orlando, FL 32806",1413 Hazelwood Dr,,Orlando,FL,32806,Orange County,28.525012,-81.356945,single_family,3.0,2.0,1800.0,9029.0,1965.0,Inactive,549900,2021-08-19T18:26:36.202Z,355,13.217493541006709
"3206-Delaney-St,-Orlando,-FL-32806","3206 Delaney St, Orlando, FL 32806",3206 Delaney St,,Orlando,FL,32806,Orange County,28.503901,-81.371948,single_family,3.0,2.0,1487.0,9029.0,1965.0,Inactive,405000,2021-06-21T15:34:43.314Z,414,12.91164481522143
"2026-E-Esther-St,-Orlando,-FL-32806","2026 E Esther St, Orlando, FL 32806",2026 E Esther St,,Orlando,FL,32806,Orange County,28.519321,-81.353825,single_family,3.0,2.0,1670.0,9029.0,1965.0,Inactive,369000,2021-08-12T19:52:53.140Z,362,12.818554633046093
"2412-Newberry-St,-Orlando,-FL-32806","2412 Newberry St, Orlando, FL 32806",2412 Newberry St,,Orlando,FL,32806,Orange County,28.515492,-81.354728,single_family,2.0,1.0,860.0,9029.0,1965.0,Inactive,289000,2021-08-12T19:00:23.295Z,362,12.574185427296195
"1130-Lake-Willisara-Cir,-Unit-24,-Orlando,-FL-32806","1130 Lake Willisara Cir, Unit 24, Orlando, FL 32806",1130 Lake Willisara Cir,Unit 24,Orlando,FL,32806,Orange County,28.507625,-81.363652,condo,2.0,2.0,1372.0,9029.0,1965.0,Inactive,339900,2021-09-15T17:53:03.418Z,328,12.736409677721657
"1816-Weeks-Ave,-Orlando,-FL-32806","1816 Weeks Ave, Orlando, FL 32806",1816 Weeks Ave,,Orlando,FL,32806,Orange County,28.502845,-81.356293,single_family,3.0,1.0,973.0,9029.0,1965.0,Inactive,269800,2021-08-12T17:52:33.752Z,362,12.505439929198145
"2914-Pershing-Ave,-Orlando,-FL-32806","2914 Pershing Ave, Orlando, FL 32806",2914 Pershing Ave,,Orlando,FL,32806,Orange County,28.498408,-81.344531,single_family,3.0,2.0,1399.0,9029.0,1965.0,Inactive,345000,2021-07-19T16:34:21.021Z,386,12.75130259456002
"218-Page-St,-Orlando,-FL-32806","218 Page St, Orlando, FL 32806",218 Page St,,Orlando,FL,32806,Orange County,28.51547,-81.373582,single_family,3.0,2.0,1166.0,9029.0,1965.0,Inactive,314900,2021-07-19T16:14:48.081Z,386,12.66001358269538
"1601-Delaney-Ave,-Orlando,-FL-32806","1601 Delaney Ave, Orlando, FL 32806",1601 Delaney Ave,,Orlando,FL,32806,Orange County,28.52377,-81.371976,single_family,4.0,2.0,2388.0,9029.0,1965.0,Inactive,619999,2021-06-16T16:28:51.937Z,419,13.337474757021274
"1302-Lake-Willisara-Cir,-Unit-1302,-Orlando,-FL-32806","1302 Lake Willisara Cir, Unit 1302, Orlando, FL 32806",1302 Lake Willisara Cir,Unit 1302,Orlando,FL,32806,Orange County,28.5089,-81.362296,condo,2.0,2.0,1300.0,9029.0,1965.0,Inactive,357000,2021-08-19T17:17:28.481Z,355,12.785493861878301
"3166-Peel-Ave,-Orlando,-FL-32806","3166 Peel Ave, Orlando, FL 32806",3166 Peel Ave,,Orlando,FL,32806,Orange County,28.507558,-81.347752,single_family,3.0,3.0,1334.0,9029.0,1965.0,Inactive,345000,2021-08-12T19:34:46.600Z,362,12.75130259456002
"1512-Gatlin-Ave,-Orlando,-FL-32806","1512 Gatlin Ave, Orlando, FL 32806",1512 Gatlin Ave,,Orlando,FL,32806,Orange County,28.494573,-81.361242,single_family,3.0,2.0,2658.0,9029.0,1965.0,Inactive,559000,2021-07-19T17:06:19.565Z,386,13.233906541044401
"3411-Tennessee-Ter,-Orlando,-FL-32806","3411 Tennessee Ter, Orlando, FL 32806",3411 Tennessee Ter,,Orlando,FL,32806,Orange County,28.51868,-81.340878,single_family,3.0,2.0,1140.0,9029.0,1965.0,Inactive,349000,2021-04-18T13:58:01.200Z,478,12.762830066509972
"1813-Kalurna-Ct,-Orlando,-FL-32806","1813 Kalurna Ct, Orlando, FL 32806",1813 Kalurna Ct,,Orlando,FL,32806,Orange County,28.521391,-81.373274,single_family,3.0,2.0,2328.0,9029.0,1965.0,Inactive,615000,2021-06-16T16:25:50.704Z,419,13.329379172803593
"1507-E-Muriel-St,-Orlando,-FL-32806","1507 E Muriel St, Orlando, FL 32806",1507 E Muriel St,,Orlando,FL,32806,Orange County,28.517632,-81.360699,single_family,4.0,3.0,1802.0,9029.0,1965.0,Inactive,495000,2021-06-16T16:16:19.197Z,419,13.112315061750808
"1510-E-Pineloch-Ave,-Orlando,-FL-32806","1510 E Pineloch Ave, Orlando, FL 32806",1510 E Pineloch Ave,,Orlando,FL,32806,Orange County,28.509071,-81.360066,single_family,3.0,2.0,1932.0,9029.0,1965.0,Inactive,449900,2021-06-30T15:28:37.058Z,405,13.016782837542953
"1516-Montcalm-St,-Orlando,-FL-32806","1516 Montcalm St, Orlando, FL 32806",1516 Montcalm St,,Orlando,FL,32806,Orange County,28.499601,-81.358642,single_family,4.0,2.0,1992.0,9029.0,1965.0,Inactive,424900,2021-07-11T15:59:47.601Z,394,12.959611479595074
"2450-Raeford-Rd,-Orlando,-FL-32806","2450 Raeford Rd, Orlando, FL 32806",2450 Raeford Rd,,Orlando,FL,32806,Orange County,28.509281,-81.35084,apartment,4.0,3.0,1636.0,9029.0,1965.0,Inactive,369900,2021-05-12T16:16:32.904Z,454,12.820990681250251
"3201-Martin-St,-Orlando,-FL-32806","3201 Martin St, Orlando, FL 32806",3201 Martin St,,Orlando,FL,32806,Orange County,28.504842,-81.358375,single_family,3.0,2.0,1102.0,9029.0,1965.0,Inactive,329900,2021-07-04T15:35:07.009Z,401,12.706547888433661
"3319-Anderson-Rd,-Orlando,-FL-32806","3319 Anderson Rd, Orlando, FL 32806",3319 Anderson Rd,,Orlando,FL,32806,Orange County,28.502552,-81.341094,single_family,3.0,2.0,1686.0,9029.0,1965.0,Inactive,320000,2021-07-11T15:19:44.596Z,394,12.676079399771027
"2912-S-Osceola-Ave,-Orlando,-FL-32806","2912 S Osceola Ave, Orlando, FL 32806",2912 S Osceola Ave,,Orlando,FL,32806,Orange County,28.508455,-81.371483,single_family,2.0,2.0,1266.0,9029.0,1965.0,Inactive,299900,2021-07-02T14:17:57.717Z,403,12.611207699176356
"2310-S-Shine-Ave,-Orlando,-FL-32806","2310 S Shine Ave, Orlando, FL 32806",2310 S Shine Ave,,Orlando,FL,32806,Orange County,28.516111,-81.361233,apartment,7.0,5.0,1429.0,9029.0,1965.0,Inactive,289000,2020-09-21T23:31:54.727Z,686,12.574185427296195
"1090-E-Michigan-St,-Unit-1,-Orlando,-FL-32806","1090 E Michigan St, Unit 1, Orlando, FL 32806",1090 E Michigan St,Unit 1,Orlando,FL,32806,Orange County,28.512671,-81.364593,condo,1.0,1.0,786.0,9029.0,1965.0,Inactive,120000,2021-07-06T09:24:41.913Z,399,11.695255355062795
"839-Walnut-St,-Orlando,-FL-32806","839 Walnut St, Orlando, FL 32806",839 Walnut St,,Orlando,FL,32806,Orange County,28.529515,-81.365604,single_family,3.0,2.0,2180.0,9029.0,1965.0,Inactive,799000,2021-07-11T16:40:15.822Z,394,13.591117476312084
"2315-S-Shine-Ave,-Orlando,-FL-32806","2315 S Shine Ave, Orlando, FL 32806",2315 S Shine Ave,,Orlando,FL,32806,Orange County,28.515994,-81.360769,single_family,3.0,2.0,2570.0,9029.0,1965.0,Inactive,649900,2021-08-19T18:28:00.789Z,355,13.384575322579519
"3517-Devonswood-Dr,-Orlando,-FL-32806","3517 Devonswood Dr, Orlando, FL 32806",3517 Devonswood Dr,,Orlando,FL,32806,Orange County,28.500107,-81.346576,single_family,4.0,3.0,2463.0,9029.0,1965.0,Inactive,575000,2021-07-19T17:06:08.326Z,386,13.26212705890841
"201-Harbour-Gardens-Ct,-Orlando,-FL-32806","201 Harbour Gardens Ct, Orlando, FL 32806",201 Harbour Gardens Ct,,Orlando,FL,32806,Orange County,28.492643,-81.372792,single_family,4.0,3.0,2487.0,9029.0,1965.0,Inactive,554000,2021-05-12T16:27:37.125Z,454,13.224921770781943
"1923-Santa-Antilles-Rd,-Orlando,-FL-32806","1923 Santa Antilles Rd, Orlando, FL 32806",1923 Santa Antilles Rd,,Orlando,FL,32806,Orange County,28.531086,-81.355281,single_family,4.0,2.0,2103.0,9029.0,1965.0,Inactive,548000,2021-06-16T16:21:39.233Z,419,13.214032390746006
"1521-S-Mills-Ave,-Orlando,-FL-32806","1521 S Mills Ave, Orlando, FL 32806",1521 S Mills Ave,,Orlando,FL,32806,Orange County,28.523806,-81.363746,single_family,3.0,2.0,1283.0,9029.0,1965.0,Inactive,495000,2021-08-19T18:20:47.584Z,355,13.112315061750808
"1903-Simonton-Ave,-Orlando,-FL-32806","1903 Simonton Ave, Orlando, FL 32806",1903 Simonton Ave,,Orlando,FL,32806,Orange County,28.500601,-81.355045,single_family,3.0,2.0,1493.0,9029.0,1965.0,Inactive,450000,2021-04-18T14:51:53.135Z,478,13.017005083966255
"532-Lanark-Ct,-Orlando,-FL-32806","532 Lanark Ct, Orlando, FL 32806",532 Lanark Ct,,Orlando,FL,32806,Orange County,28.514405,-81.369033,condo,4.0,2.0,1975.0,9029.0,1965.0,Inactive,420000,2021-06-26T16:29:16.011Z,409,12.948012371209098
"1007-Lake-Emerald-Dr,-Orlando,-FL-32806","1007 Lake Emerald Dr, Orlando, FL 32806",1007 Lake Emerald Dr,,Orlando,FL,32806,Orange County,28.530015,-81.362361,single_family,2.0,2.0,1070.0,9029.0,1965.0,Inactive,410000,2021-08-12T19:58:45.353Z,361,12.923914877701906
"2612-Timberlake-Dr,-Orlando,-FL-32806","2612 Timberlake Dr, Orlando, FL 32806",2612 Timberlake Dr,,Orlando,FL,32806,Orange County,28.49971,-81.348299,single_family,4.0,2.0,1951.0,9029.0,1965.0,Inactive,395000,2021-07-01T14:13:52.511Z,404,12.886643575525625
"2702-Walnut-St,-Orlando,-FL-32806","2702 Walnut St, Orlando, FL 32806",2702 Walnut St,,Orlando,FL,32806,Orange County,28.529607,-81.348578,single_family,3.0,2.0,1770.0,9029.0,1965.0,Inactive,389000,2021-06-28T15:40:10.620Z,407,12.871337193291367
"3811-March-Ave,-Orlando,-FL-32806","3811 March Ave, Orlando, FL 32806",3811 March Ave,,Orlando,FL,32806,Orange County,28.497857,-81.355786,single_family,4.0,2.0,1708.0,9029.0,1965.0,Inactive,369900,2021-07-19T16:52:49.639Z,386,12.820990681250251
"3000-Delaney-St,-Orlando,-FL-32806","3000 Delaney St, Orlando, FL 32806",3000 Delaney St,,Orlando,FL,32806,Orange County,28.506573,-81.372011,single_family,3.0,2.0,1676.0,9029.0,1965.0,Inactive,355000,2021-07-11T15:24:25.109Z,394,12.779875885354993
"1227-Salerno-Ct,-Unit-1227,-Orlando,-FL-32806","1227 Salerno Ct, Unit 1227, Orlando, FL 32806",1227 Salerno Ct,Unit 1227,Orlando,FL,32806,Orange County,28.510416,-81.363373,condo,3.0,2.0,1460.0,9029.0,1965.0,Inactive,350000,2020-09-21T23:28:00.150Z,686,12.765691290604371
"1917-Simonton-Ave,-Orlando,-FL-32806","1917 Simonton Ave, Orlando, FL 32806",1917 Simonton Ave,,Orlando,FL,32806,Orange County,28.500603,-81.354798,single_family,3.0,2.0,1633.0,9029.0,1965.0,Inactive,349000,2021-07-11T15:23:34.587Z,394,12.762830066509972
"1805-Melvin-Ave,-Orlando,-FL-32806","1805 Melvin Ave, Orlando, FL 32806",1805 Melvin Ave,,Orlando,FL,32806,Orange County,28.505148,-81.35645,single_family,3.0,2.0,1544.0,9029.0,1965.0,Inactive,325000,2021-07-11T15:12:56.303Z,394,12.691583538230217
"224-E-Harding-St,-Orlando,-FL-32806","224 E Harding St, Orlando, FL 32806",224 E Harding St,,Orlando,FL,32806,Orange County,28.518157,-81.37336,single_family,3.0,1.0,971.0,9029.0,1965.0,Inactive,320000,2021-05-12T15:24:35.125Z,454,12.676079399771027
"3288-S-Bumby-Ave,-Unit-1,-Orlando,-FL-32806","3288 S Bumby Ave, Unit 1, Orlando, FL 32806",3288 S Bumby Ave,Unit 1,Orlando,FL,32806,Orange County,28.506195,-81.351927,condo,2.0,2.0,1088.0,9029.0,1965.0,Inactive,165000,2021-07-02T12:15:36.763Z,403,12.013706813470414
"3105-Margaret-Oaks-Ln,-Orlando,-FL-32806","3105 Margaret Oaks Ln, Orlando, FL 32806",3105 Margaret Oaks Ln,,Orlando,FL,32806,Orange County,28.505704,-81.347079,single_family,3.0,2.0,1792.0,9029.0,1965.0,Inactive,419000,2021-07-11T15:59:47.589Z,394,12.945628585536271
"1239-Newcastle-Dr,-Orlando,-FL-32806","1239 Newcastle Dr, Orlando, FL 32806",1239 Newcastle Dr,,Orlando,FL,32806,Orange County,28.526538,-81.342163,single_family,3.0,2.0,1512.0,9029.0,1965.0,Inactive,385000,2021-07-11T15:53:25.092Z,394,12.861001210669146
"2410-Hargill-Dr,-Orlando,-FL-32806","2410 Hargill Dr, Orlando, FL 32806",2410 Hargill Dr,,Orlando,FL,32806,Orange County,28.527938,-81.350998,single_family,3.0,2.0,1230.0,9029.0,1965.0,Inactive,379000,2021-06-16T16:02:30.189Z,419,12.84529412258351
"730-E-Michigan-St,-Unit-134,-Orlando,-FL-32806","730 E Michigan St, Unit 134, Orlando, FL 32806",730 E Michigan St,Unit 134,Orlando,FL,32806,Orange County,28.512172,-81.367626,condo,2.0,2.0,994.0,9029.0,1965.0,Inactive,159900,2021-06-16T11:56:14.779Z,419,11.982310152711182
"3168-S-Bumby-Ave-Unit-S,-Orlando,-FL-32806","3168 S Bumby Ave Unit S, Orlando, FL 32806",3168 S Bumby Ave Unit S,,Orlando,FL,32806,Orange County,28.508351,-81.352519,condo,2.0,1.0,709.0,9029.0,1965.0,Inactive,125000,2021-07-02T11:16:06.031Z,403,11.736077016252437
"1600-Orangewood-Ave,-Orlando,-FL-32806","1600 Orangewood Ave, Orlando, FL 32806",1600 Orangewood Ave,,Orlando,FL,32806,Orange County,28.523253,-81.361194,single_family,7.0,5.0,5081.0,9029.0,1965.0,Inactive,1269000,2021-04-18T15:19:30.384Z,476,14.053740534718278
"1800-Morningside-Dr,-Orlando,-FL-32806","1800 Morningside Dr, Orlando, FL 32806",1800 Morningside Dr,,Orlando,FL,32806,Orange County,28.524642,-81.357579,single_family,5.0,3.0,4302.0,9029.0,1965.0,Inactive,949000,2021-06-19T15:42:48.061Z,414,13.76316513133229
"1206-Delaney-Ave,-Orlando,-FL-32806","1206 Delaney Ave, Orlando, FL 32806",1206 Delaney Ave,,Orlando,FL,32806,Orange County,28.527271,-81.373446,single_family,6.0,3.0,3000.0,9029.0,1965.0,Inactive,785000,2021-02-11T15:10:49.423Z,542,13.573440270649085
"1501-George-St,-Orlando,-FL-32806","1501 George St, Orlando, FL 32806",1501 George St,,Orlando,FL,32806,Orange County,28.52132,-81.359755,single_family,4.0,2.0,2549.0,9029.0,1965.0,Inactive,750000,2021-06-24T15:36:57.542Z,409,13.527829818844937
"431-Richmond-St,-Orlando,-FL-32806","431 Richmond St, Orlando, FL 32806",431 Richmond St,,Orlando,FL,32806,Orange County,28.530077,-81.371451,single_family,3.0,2.0,2741.0,9029.0,1965.0,Inactive,635000,2021-06-16T16:25:50.695Z,417,13.361381852676738
"143-Wisteria-Ave,-Orlando,-FL-32806","143 Wisteria Ave, Orlando, FL 32806",143 Wisteria Ave,,Orlando,FL,32806,Orange County,28.524985,-81.375199,single_family,5.0,4.0,3007.0,9029.0,1965.0,Inactive,625000,2021-04-18T15:05:38.270Z,476,13.345508528717259
"1118-Campbell-St,-Orlando,-FL-32806","1118 Campbell St, Orlando, FL 32806",1118 Campbell St,,Orlando,FL,32806,Orange County,28.498766,-81.363068,single_family,4.0,2.0,2105.0,9029.0,1965.0,Inactive,599900,2021-06-22T15:27:57.230Z,411,13.304519920584285
"1222-Old-Mill-Rd,-Orlando,-FL-32806","1222 Old Mill Rd, Orlando, FL 32806",1222 Old Mill Rd,,Orlando,FL,32806,Orange County,28.49029,-81.365669,single_family,4.0,2.0,2177.0,9029.0,1965.0,Inactive,580000,2021-06-16T16:21:47.505Z,417,13.270785106659046
"514-Raehn-St,-Orlando,-FL-32806","514 Raehn St, Orlando, FL 32806",514 Raehn St,,Orlando,FL,32806,Orange County,28.524503,-81.369586,single_family,4.0,2.0,1635.0,9029.0,1965.0,Inactive,580000,2021-07-11T16:31:28.298Z,392,13.270785106659046
"1271-Old-Mill-Rd,-Orlando,-FL-32806","1271 Old Mill Rd, Orlando, FL 32806",1271 Old Mill Rd,,Orlando,FL,32806,Orange County,28.490993,-81.36284,single_family,4.0,2.0,2556.0,9029.0,1965.0,Inactive,570000,2021-06-16T16:21:39.226Z,417,13.25339339419516
"3215-Albert-St,-Orlando,-FL-32806","3215 Albert St, Orlando, FL 32806",3215 Albert St,,Orlando,FL,32806,Orange County,28.506179,-81.382095,single_family,5.0,3.0,2659.0,9029.0,1965.0,Inactive,550000,2021-06-16T16:21:39.216Z,417,13.217675375388819
"1810-Chamberlin-St,-Orlando,-FL-32806","1810 Chamberlin St, Orlando, FL 32806",1810 Chamberlin St,,Orlando,FL,32806,Orange County,28.520875,-81.35625,single_family,4.0,2.0,2041.0,9029.0,1965.0,Inactive,529000,2021-06-16T16:21:47.444Z,417,13.178745601197818
"121-Wisteria-Ave,-Orlando,-FL-32806","121 Wisteria Ave, Orlando, FL 32806",121 Wisteria Ave,,Orlando,FL,32806,Orange County,28.524612,-81.375835,single_family,3.0,2.0,2741.0,9029.0,1965.0,Inactive,525000,2021-06-16T16:21:39.225Z,417,13.171155446333852
"3421-Monteen-Ct,-Orlando,-FL-32806","3421 Monteen Ct, Orlando, FL 32806",3421 Monteen Ct,,Orlando,FL,32806,Orange County,28.507657,-81.340149,single_family,3.0,2.0,1567.0,9029.0,1965.0,Inactive,499900,2021-06-16T16:19:21.740Z,417,13.12216535779974
"2737-Lake-Holden-Ter,-Orlando,-FL-32806","2737 Lake Holden Ter, Orlando, FL 32806",2737 Lake Holden Ter,,Orlando,FL,32806,Orange County,28.51108,-81.382145,single_family,3.0,2.0,1565.0,9029.0,1965.0,Inactive,489000,2021-06-16T16:16:38.437Z,417,13.100119813444692
"507-Baxter-St,-Orlando,-FL-32806","507 Baxter St, Orlando, FL 32806",507 Baxter St,,Orlando,FL,32806,Orange County,28.503561,-81.371093,single_family,4.0,3.0,2735.0,9029.0,1965.0,Inactive,469900,2021-06-16T16:16:19.185Z,417,13.060277313201007
"209-E-Harding-St,-Orlando,-FL-32806","209 E Harding St, Orlando, FL 32806",209 E Harding St,,Orlando,FL,32806,Orange County,28.518708,-81.373746,single_family,2.0,2.0,1471.0,9029.0,1965.0,Inactive,425000,2021-04-18T14:48:59.217Z,476,12.959846800844963
"1229-Lake-Margaret-Dr,-Orlando,-FL-32806","1229 Lake Margaret Dr, Orlando, FL 32806",1229 Lake Margaret Dr,,Orlando,FL,32806,Orange County,28.505818,-81.361728,single_family,3.0,2.0,1764.0,9029.0,1965.0,Inactive,415000,2021-07-11T15:59:47.587Z,392,12.936036208848487
"1819-Osman-Ave,-Orlando,-FL-32806","1819 Osman Ave, Orlando, FL 32806",1819 Osman Ave,,Orlando,FL,32806,Orange County,28.521372,-81.34367,single_family,3.0,2.0,1833.0,9029.0,1965.0,Inactive,399900,2021-07-11T15:58:39.815Z,392,12.89897229545694
"3422-Tennessee-Ter,-Orlando,-FL-32806","3422 Tennessee Ter, Orlando, FL 32806",3422 Tennessee Ter,,Orlando,FL,32806,Orange County,28.51821,-81.340405,single_family,3.0,2.0,1589.0,9029.0,1965.0,Inactive,389900,2021-06-16T16:02:30.204Z,417,12.873648139727594
"1609-Lando-Ln,-Orlando,-FL-32806","1609 Lando Ln, Orlando, FL 32806",1609 Lando Ln,,Orlando,FL,32806,Orange County,28.49826,-81.358046,single_family,3.0,2.0,1766.0,9029.0,1965.0,Inactive,389000,2021-06-16T16:02:30.196Z,417,12.871337193291367
"712-Sweetbriar-Rd,-Orlando,-FL-32806","712 Sweetbriar Rd, Orlando, FL 32806",712 Sweetbriar Rd,,Orlando,FL,32806,Orange County,28.500435,-81.368231,single_family,3.0,2.0,1713.0,9029.0,1965.0,Inactive,384900,2021-06-25T15:21:24.027Z,408,12.860741437345885
"2216-Bradford-Ct,-Orlando,-FL-32806","2216 Bradford Ct, Orlando, FL 32806",2216 Bradford Ct,,Orlando,FL,32806,Orange County,28.503032,-81.351801,single_family,3.0,2.0,1686.0,9029.0,1965.0,Inactive,380000,2021-06-19T15:18:33.057Z,414,12.847929163278053
"3518-Devonswood-Dr,-Orlando,-FL-32806","3518 Devonswood Dr, Orlando, FL 32806",3518 Devonswood Dr,,Orlando,FL,32806,Orange County,28.499993,-81.347159,single_family,4.0,4.0,2330.0,9029.0,1965.0,Inactive,375000,2021-06-29T15:07:49.480Z,404,12.834683971615659
"1613-E-Crystal-Lake-Ave,-Orlando,-FL-32806","1613 E Crystal Lake Ave, Orlando, FL 32806",1613 E Crystal Lake Ave,,Orlando,FL,32806,Orange County,28.515221,-81.359293,single_family,3.0,2.0,1288.0,9029.0,1965.0,Inactive,359000,2021-07-03T15:26:41.488Z,400,12.791080452981857
"2402-Marlboro-St,-Orlando,-FL-32806","2402 Marlboro St, Orlando, FL 32806",2402 Marlboro St,,Orlando,FL,32806,Orange County,28.515719,-81.356405,single_family,3.0,2.0,1224.0,9029.0,1965.0,Inactive,349000,2021-07-03T15:25:56.813Z,400,12.762830066509972
"1102-Lake-Willisara-Cir,-Unit-15,-Orlando,-FL-32806","1102 Lake Willisara Cir, Unit 15, Orlando, FL 32806",1102 Lake Willisara Cir,Unit 15,Orlando,FL,32806,Orange County,28.507889,-81.36417,condo,2.0,2.0,1300.0,9029.0,1965.0,Inactive,339000,2021-07-19T16:32:37.302Z,384,12.733758336210744
"211-E-Crystal-Lake-St,-Orlando,-FL-32806","211 E Crystal Lake St, Orlando, FL 32806",211 E Crystal Lake St,,Orlando,FL,32806,Orange County,28.515058,-81.373731,single_family,3.0,2.0,1144.0,9029.0,1965.0,Inactive,330000,2021-07-01T13:40:45.838Z,402,12.706850963741102
"3012-Leslie-Dr,-Orlando,-FL-32806","3012 Leslie Dr, Orlando, FL 32806",3012 Leslie Dr,,Orlando,FL,32806,Orange County,28.505019,-81.344674,single_family,2.0,2.0,1250.0,9029.0,1965.0,Inactive,322000,2020-10-03T17:06:55.013Z,673,12.682309930111785
"2413-E-Jersey-Ave,-Orlando,-FL-32806","2413 E Jersey Ave, Orlando, FL 32806",2413 E Jersey Ave,,Orlando,FL,32806,Orange County,28.514697,-81.351005,single_family,2.0,2.0,1388.0,9029.0,1965.0,Inactive,299900,2021-06-20T15:25:13.432Z,413,12.611207699176356
"318-E-Jersey-St,-Orlando,-FL-32806","318 E Jersey St, Orlando, FL 32806",318 E Jersey St,,Orlando,FL,32806,Orange County,28.513612,-81.372965,single_family,3.0,2.0,1272.0,9029.0,1965.0,Inactive,265000,2021-07-06T14:21:40.322Z,397,12.487488878546145
"750-E-Michigan-St,-Unit-160,-Orlando,-FL-32806","750 E Michigan St, Unit 160, Orlando, FL 32806",750 E Michigan St,Unit 160,Orlando,FL,32806,Orange County,28.51187,-81.368148,condo,3.0,2.0,1181.0,9029.0,1965.0,Inactive,169500,2021-06-16T11:57:16.520Z,417,12.040614105490253
"1050-E-Michigan-St,-Unit-1050,-Orlando,-FL-32806","1050 E Michigan St, Unit 1050, Orlando, FL 32806",1050 E Michigan St,Unit 1050,Orlando,FL,32806,Orange County,28.511086,-81.364693,condo,2.0,2.0,1042.0,9029.0,1965.0,Inactive,165000,2021-06-16T11:57:16.525Z,417,12.013706813470414
"1508-E-Illiana-St,-Orlando,-FL-32806","1508 E Illiana St, Orlando, FL 32806",1508 E Illiana St,,Orlando,FL,32806,Orange County,28.511159,-81.360437,single_family,1.0,1.0,484.0,9029.0,1965.0,Inactive,165000,2021-06-29T11:48:18.544Z,404,12.013706813470414
"411-Avalon-Blvd,-Orlando,-FL-32806","411 Avalon Blvd, Orlando, FL 32806",411 Avalon Blvd,,Orlando,FL,32806,Orange County,28.521919,-81.371699,single_family,4.0,2.0,3042.0,9029.0,1965.0,Inactive,939000,2021-06-16T16:33:00.210Z,417,13.752571823152559
"214-Phillips-Pl,-Orlando,-FL-32806","214 Phillips Pl, Orlando, FL 32806",214 Phillips Pl,,Orlando,FL,32806,Orange County,28.529106,-81.37346,single_family,4.0,2.0,2753.0,9029.0,1965.0,Inactive,775000,2020-09-22T02:25:26.735Z,684,13.560619598657233
"116-E-Harding-St,-Unit-2,-Orlando,-FL-32806","116 E Harding St, Unit 2, Orlando, FL 32806",116 E Harding St,Unit 2,Orlando,FL,32806,Orange County,28.518134,-81.375604,condo,4.0,2.0,3282.0,9029.0,1965.0,Inactive,649000,2021-06-16T16:25:50.703Z,417,13.38318953651709
"1231-Waterwitch-Cove-Cir,-Orlando,-FL-32806","1231 Waterwitch Cove Cir, Orlando, FL 32806",1231 Waterwitch Cove Cir,,Orlando,FL,32806,Orange County,28.492825,-81.363313,single_family,4.0,3.0,2382.0,9029.0,1965.0,Inactive,639000,2021-06-16T16:25:50.697Z,417,13.367661298303675
"1601-Orangewood-Ave,-Orlando,-FL-32806","1601 Orangewood Ave, Orlando, FL 32806",1601 Orangewood Ave,,Orlando,FL,32806,Orange County,28.523291,-81.360634,single_family,3.0,2.0,2000.0,9029.0,1965.0,Inactive,599000,2021-03-01T16:01:20.132Z,524,13.303018546545275
"2720-S-Sunrise-Ct,-Orlando,-FL-32806","2720 S Sunrise Ct, Orlando, FL 32806",2720 S Sunrise Ct,,Orlando,FL,32806,Orange County,28.511983,-81.381925,apartment,6.0,2.0,1750.0,9029.0,1965.0,Inactive,450000,2021-06-23T15:25:51.141Z,410,13.017005083966255
"1227-Baldwin-Dr,-Orlando,-FL-32806","1227 Baldwin Dr, Orlando, FL 32806",1227 Baldwin Dr,,Orlando,FL,32806,Orange County,28.526857,-81.341216,single_family,4.0,2.0,1548.0,9029.0,1965.0,Inactive,380000,2021-04-18T14:30:25.342Z,476,12.847929163278053
"1706-E-Crystal-Lake-Ave,-Orlando,-FL-32806","1706 E Crystal Lake Ave, Orlando, FL 32806",1706 E Crystal Lake Ave,,Orlando,FL,32806,Orange County,28.514683,-81.358561,single_family,3.0,2.0,1382.0,9029.0,1965.0,Inactive,370000,2021-06-16T15:48:02.989Z,417,12.821260987319457
"3413-Werber-St,-Orlando,-FL-32806","3413 Werber St, Orlando, FL 32806",3413 Werber St,,Orlando,FL,32806,Orange County,28.499413,-81.339612,single_family,4.0,2.0,1696.0,9029.0,1965.0,Inactive,349900,2021-05-12T15:27:11.164Z,452,12.765405536311112
"1205-Salerno-Ct,-Unit-1205,-Orlando,-FL-32806","1205 Salerno Ct, Unit 1205, Orlando, FL 32806",1205 Salerno Ct,Unit 1205,Orlando,FL,32806,Orange County,28.510416,-81.363373,condo,3.0,2.0,1460.0,9029.0,1965.0,Inactive,299900,2021-05-12T15:17:01.373Z,452,12.611207699176356
"2401-Rob-Ln,-Orlando,-FL-32806","2401 Rob Ln, Orlando, FL 32806",2401 Rob Ln,,Orlando,FL,32806,Orange County,28.495786,-81.351216,single_family,3.0,2.0,1365.0,9029.0,1965.0,Inactive,279000,2021-06-16T15:04:43.712Z,417,12.53897064502647
"705-E-Michigan-St,-Orlando,-FL-32806","705 E Michigan St, Orlando, FL 32806",705 E Michigan St,,Orlando,FL,32806,Orange County,28.513307,-81.367704,single_family,3.0,1.0,740.0,9029.0,1965.0,Inactive,230000,2021-06-16T14:12:45.958Z,417,12.345838935721968
"2819-S-Bumby-Ave,-Unit-3,-Orlando,-FL-32806","2819 S Bumby Ave, Unit 3, Orlando, FL 32806",2819 S Bumby Ave,Unit 3,Orlando,FL,32806,Orange County,28.512036,-81.351159,condo,2.0,2.0,1100.0,9029.0,1965.0,Inactive,215000,2021-06-16T14:07:02.488Z,417,12.278397958261774
"1112-Briercliff-Dr,-Orlando,-FL-32806","1112 Briercliff Dr, Orlando, FL 32806",1112 Briercliff Dr,,Orlando,FL,32806,Orange County,28.527599,-81.365015,single_family,3.0,2.0,1788.0,9029.0,1965.0,Inactive,570000,2021-06-16T16:21:39.232Z,417,13.25339339419516
"2496-Rest-Haven-Ave,-Orlando,-FL-32806","2496 Rest Haven Ave, Orlando, FL 32806",2496 Rest Haven Ave,,Orlando,FL,32806,Orange County,28.51549,-81.341094,single_family,5.0,2.0,2699.0,9029.0,1965.0,Inactive,415000,2021-05-12T16:19:23.368Z,452,12.936036208848487
"1328-Dunsany-Ave,-Orlando,-FL-32806","1328 Dunsany Ave, Orlando, FL 32806",1328 Dunsany Ave,,Orlando,FL,32806,Orange County,28.525501,-81.33892,single_family,3.0,2.0,1753.0,9029.0,1965.0,Inactive,399900,2021-06-16T16:05:28.482Z,417,12.89897229545694
"568-Scotia-Pl,-Orlando,-FL-32806","568 Scotia Pl, Orlando, FL 32806",568 Scotia Pl,,Orlando,FL,32806,Orange County,28.51369,-81.368392,condo,4.0,2.0,2132.0,9029.0,1965.0,Inactive,399000,2021-06-16T16:02:40.758Z,417,12.896719202134523
"3501-Jennie-Jewel-Pl,-Orlando,-FL-32806","3501 Jennie Jewel Pl, Orlando, FL 32806",3501 Jennie Jewel Pl,,Orlando,FL,32806,Orange County,28.504718,-81.372418,single_family,4.0,2.0,1733.0,9029.0,1965.0,Inactive,385000,2021-05-12T16:16:32.903Z,452,12.861001210669146
"3500-Montclair-Rd,-Orlando,-FL-32806","3500 Montclair Rd, Orlando, FL 32806",3500 Montclair Rd,,Orlando,FL,32806,Orange County,28.524842,-81.340281,single_family,3.0,2.0,1366.0,9029.0,1965.0,Inactive,339000,2021-06-16T15:38:04.295Z,417,12.733758336210744
"3155-Conway-Gardens-Rd,-Orlando,-FL-32806","3155 Conway Gardens Rd, Orlando, FL 32806",3155 Conway Gardens Rd,,Orlando,FL,32806,Orange County,28.505634,-81.338881,single_family,3.0,2.0,1447.0,9029.0,1965.0,Inactive,325000,2021-06-16T15:36:23.184Z,417,12.691583538230217
"1126-Lake-Willisara-Cir,-Unit-14,-Orlando,-FL-32806","1126 Lake Willisara Cir, Unit 14, Orlando, FL 32806",1126 Lake Willisara Cir,Unit 14,Orlando,FL,32806,Orange County,28.507625,-81.363652,condo,2.0,2.0,1300.0,9029.0,1965.0,Inactive,310000,2021-06-20T15:33:00.570Z,413,12.644330802262578
"1100-Delaney-Ave,-Apt-D13,-Orlando,-FL-32806","1100 Delaney Ave, Apt D13, Orlando, FL 32806",1100 Delaney Ave,Apt D13,Orlando,FL,32806,Orange County,28.528497,-81.372968,condo,2.0,1.0,998.0,9029.0,1965.0,Inactive,199900,2021-04-18T12:05:42.133Z,477,12.20557752297723
"746-E-Michigan-St,-Unit-117,-Orlando,-FL-32806","746 E Michigan St, Unit 117, Orlando, FL 32806",746 E Michigan St,Unit 117,Orlando,FL,32806,Orange County,28.511587,-81.367913,condo,2.0,1.0,927.0,9029.0,1965.0,Inactive,149900,2020-11-04T09:28:04.714Z,642,11.917730355182513
"2016-Page-Ave,-Orlando,-FL-32806","2016 Page Ave, Orlando, FL 32806",2016 Page Ave,,Orlando,FL,32806,Orange County,28.515676,-81.353159,single_family,4.0,2.0,1927.0,9029.0,1965.0,Inactive,349900,2021-05-12T15:41:03.386Z,452,12.765405536311112
"1518-Silverstone-Ave,-Orlando,-FL-32806","1518 Silverstone Ave, Orlando, FL 32806",1518 Silverstone Ave,,Orlando,FL,32806,Orange County,28.524713,-81.334239,single_family,3.0,2.0,1625.0,9029.0,1965.0,Inactive,409900,2021-06-16T16:05:28.487Z,417,12.923670946108873
"3103-Lake-Margaret-Dr,-Orlando,-FL-32806","3103 Lake Margaret Dr, Orlando, FL 32806",3103 Lake Margaret Dr,,Orlando,FL,32806,Orange County,28.506282,-81.344303,single_family,2.0,2.0,1534.0,9029.0,1965.0,Inactive,399000,2021-06-16T16:02:40.772Z,417,12.896719202134523
"809-Appleton-Ave,-Orlando,-FL-32806","809 Appleton Ave, Orlando, FL 32806",809 Appleton Ave,,Orlando,FL,32806,Orange County,28.497828,-81.36747,single_family,3.0,2.0,2280.0,9029.0,1965.0,Inactive,590000,2021-06-16T16:21:47.486Z,417,13.28787951079572
"3008-Page-Ave,-Orlando,-FL-32806","3008 Page Ave, Orlando, FL 32806",3008 Page Ave,,Orlando,FL,32806,Orange County,28.515673,-81.344894,single_family,3.0,2.0,1930.0,9029.0,1965.0,Inactive,370000,2021-06-16T15:48:02.980Z,417,12.821260987319457
"2422-S-Shine-Ave,-Orlando,-FL-32806","2422 S Shine Ave, Orlando, FL 32806",2422 S Shine Ave,,Orlando,FL,32806,Orange County,28.514576,-81.3612,single_family,3.0,2.0,1150.0,9029.0,1965.0,Inactive,299900,2021-02-11T14:23:59.988Z,543,12.611207699176356
"2515-Marlboro-St,-Orlando,-FL-32806","2515 Marlboro St, Orlando, FL 32806",2515 Marlboro St,,Orlando,FL,32806,Orange County,28.514551,-81.355864,single_family,4.0,2.0,1500.0,9029.0,1965.0,Inactive,257650,2021-06-16T14:39:22.480Z,418,12.45936123498307
"1213-Corbett-Ln,-Orlando,-FL-32806","1213 Corbett Ln, Orlando, FL 32806",1213 Corbett Ln,,Orlando,FL,32806,Orange County,28.526892,-81.331828,single_family,3.0,2.0,1296.0,9029.0,1965.0,Inactive,200000,2021-06-19T13:26:04.469Z,415,12.206077645517674
"4673-Gatlin-Oaks-Ln,-Orlando,-FL-32806","4673 Gatlin Oaks Ln, Orlando, FL 32806",4673 Gatlin Oaks Ln,,Orlando,FL,32806,Orange County,28.4957,-81.353728,single_family,5.0,4.0,3350.0,9029.0,1965.0,Inactive,675000,2021-05-12T16:35:03.120Z,452,13.42246945133505
"600-Delaney-Park-Dr,-Orlando,-FL-32806","600 Delaney Park Dr, Orlando, FL 32806",600 Delaney Park Dr,,Orlando,FL,32806,Orange County,28.528188,-81.369388,single_family,2.0,2.0,1150.0,9029.0,1965.0,Inactive,409000,2021-06-16T16:05:28.481Z,417,12.921472880009725
"1203-Edmundshire-Ln,-Orlando,-FL-32806","1203 Edmundshire Ln, Orlando, FL 32806",1203 Edmundshire Ln,,Orlando,FL,32806,Orange County,28.526883,-81.332769,single_family,3.0,2.0,1576.0,9029.0,1965.0,Inactive,389900,2021-05-12T15:59:06.065Z,452,12.873648139727594
"1914-Weeks-Ave,-Orlando,-FL-32806","1914 Weeks Ave, Orlando, FL 32806",1914 Weeks Ave,,Orlando,FL,32806,Orange County,28.502856,-81.35499,single_family,3.0,2.0,1136.0,9029.0,1965.0,Inactive,325000,2021-06-16T15:36:23.196Z,417,12.691583538230217
"4623-Conway-Gardens-Rd,-Orlando,-FL-32806","4623 Conway Gardens Rd, Orlando, FL 32806",4623 Conway Gardens Rd,,Orlando,FL,32806,Orange County,28.495493,-81.338807,single_family,3.0,2.0,1359.0,9029.0,1965.0,Inactive,320000,2021-06-16T15:36:23.174Z,417,12.676079399771027
"495-Purdue-St,-Orlando,-FL-32806","495 Purdue St, Orlando, FL 32806",495 Purdue St,,Orlando,FL,32806,Orange County,28.526035,-81.37038,single_family,4.0,2.0,3200.0,9029.0,1965.0,Inactive,1097000,2021-05-12T16:45:55.150Z,452,13.90809065083398
"1614-Lorena-Ln,-Orlando,-FL-32806","1614 Lorena Ln, Orlando, FL 32806",1614 Lorena Ln,,Orlando,FL,32806,Orange County,28.526213,-81.358901,single_family,4.0,2.0,2637.0,9029.0,1965.0,Inactive,650000,2021-04-18T15:08:08.528Z,477,13.384729180332174
"4131-Curry-Ford-Rd,-Orlando,-FL-32806","4131 Curry Ford Rd, Orlando, FL 32806",4131 Curry Ford Rd,,Orlando,FL,32806,Orange County,28.524491,-81.333303,single_family,4.0,4.0,1867.0,9029.0,1965.0,Inactive,425000,2021-05-12T16:19:23.378Z,452,12.959846800844963
"120-E-Muriel-St,-Orlando,-FL-32806","120 E Muriel St, Orlando, FL 32806",120 E Muriel St,,Orlando,FL,32806,Orange County,28.517241,-81.375474,single_family,2.0,1.0,720.0,9029.0,1965.0,Inactive,290500,2021-05-12T14:59:27.399Z,453,12.57936229760897
"1319-Baldwin-Dr,-Orlando,-FL-32806","1319 Baldwin Dr, Orlando, FL 32806",1319 Baldwin Dr,,Orlando,FL,32806,Orange County,28.5258,-81.341197,single_family,3.0,2.0,1798.0,9029.0,1965.0,Inactive,469000,2021-02-25T15:23:06.333Z,529,13.058360179622305
"772-E-Michigan-St,-Unit-68,-Orlando,-FL-32806","772 E Michigan St, Unit 68, Orlando, FL 32806",772 E Michigan St,Unit 68,Orlando,FL,32806,Orange County,28.510399,-81.367631,condo,2.0,2.0,1116.0,9029.0,1965.0,Inactive,175000,2020-09-15T19:45:41.611Z,691,12.07254696717504
"1913-White-Ave,-Orlando,-FL-32806","1913 White Ave, Orlando, FL 32806",1913 White Ave,,Orlando,FL,32806,Orange County,28.502467,-81.355001,single_family,2.0,1.0,874.0,9029.0,1965.0,Inactive,269900,2021-04-18T13:35:20.499Z,477,12.505810504075185
"1036-E-Michigan-St,-Apt-B,-Orlando,-FL-32806","1036 E Michigan St, Apt B, Orlando, FL 32806",1036 E Michigan St,Apt B,Orlando,FL,32806,Orange County,28.509998,-81.364622,condo,3.0,2.0,1316.0,9029.0,1965.0,Inactive,199000,2020-09-15T19:57:36.287Z,691,12.201065128819632
"2010-S-Fern-Creek-Ave,-Orlando,-FL-32806","2010 S Fern Creek Ave, Orlando, FL 32806",2010 S Fern Creek Ave,,Orlando,FL,32806,Orange County,28.518668,-81.360237,single_family,3.0,2.0,1225.0,9029.0,1965.0,Inactive,296000,2021-05-12T15:05:23.641Z,453,12.598118111678868
"730-E-Michigan-St,-Unit-135,-Orlando,-FL-32806","730 E Michigan St, Unit 135, Orlando, FL 32806",730 E Michigan St,Unit 135,Orlando,FL,32806,Orange County,28.512172,-81.367626,condo,2.0,2.0,994.0,9029.0,1965.0,Inactive,153975,2021-04-18T11:25:42.360Z,477,11.94455202509496
"1214-Saint-Tropez-Cir,-Unit-1214,-Orlando,-FL-32806","1214 Saint Tropez Cir, Unit 1214, Orlando, FL 32806",1214 Saint Tropez Cir,Unit 1214,Orlando,FL,32806,Orange County,28.511985,-81.363425,condo,3.0,3.0,1850.0,9029.0,1965.0,Inactive,349000,2021-06-16T15:45:18.715Z,418,12.762830066509972
"1615-Pepperidge-Dr,-Orlando,-FL-32806","1615 Pepperidge Dr, Orlando, FL 32806",1615 Pepperidge Dr,,Orlando,FL,32806,Orange County,28.527495,-81.358916,single_family,4.0,2.0,2932.0,9029.0,1965.0,Inactive,739000,2021-05-12T16:36:38.334Z,452,13.513054553109397
"595-Edgerly-Pl,-Unit-595,-Orlando,-FL-32806","595 Edgerly Pl, Unit 595, Orlando, FL 32806",595 Edgerly Pl,Unit 595,Orlando,FL,32806,Orange County,28.514329,-81.368187,condo,4.0,2.0,2306.0,9029.0,1965.0,Inactive,399900,2021-05-12T16:16:32.906Z,453,12.89897229545694
"1212-S-Bumby-Ave,-Orlando,-FL-32806","1212 S Bumby Ave, Orlando, FL 32806",1212 S Bumby Ave,,Orlando,FL,32806,Orange County,28.527463,-81.35202,condo,3.0,2.0,1845.0,9029.0,1965.0,Inactive,339000,2021-03-03T16:45:52.923Z,522,12.733758336210744
"772-E-Michigan-St,-Unit-67,-Orlando,-FL-32806","772 E Michigan St, Unit 67, Orlando, FL 32806",772 E Michigan St,Unit 67,Orlando,FL,32806,Orange County,28.510399,-81.367631,condo,2.0,2.0,1116.0,9029.0,1965.0,Inactive,164900,2021-05-12T10:58:46.535Z,453,12.013100572810686
"442-Woodland-St,-Orlando,-FL-32806","442 Woodland St, Orlando, FL 32806",442 Woodland St,,Orlando,FL,32806,Orange County,28.522286,-81.370505,single_family,4.0,2.0,2828.0,9029.0,1965.0,Inactive,799000,2021-04-18T15:13:56.427Z,477,13.591117476312084
"2310-Delaney-Ave,-Orlando,-FL-32806","2310 Delaney Ave, Orlando, FL 32806",2310 Delaney Ave,,Orlando,FL,32806,Orange County,28.516098,-81.372519,single_family,4.0,2.0,1544.0,9029.0,1965.0,Inactive,399000,2021-06-16T16:02:40.758Z,418,12.896719202134523
"2500-Nancy-St,-Orlando,-FL-32806","2500 Nancy St, Orlando, FL 32806",2500 Nancy St,,Orlando,FL,32806,Orange County,28.527032,-81.350538,single_family,4.0,2.0,2170.0,9029.0,1965.0,Inactive,349900,2021-05-12T15:27:11.151Z,453,12.765405536311112
"2804-Wadsworth-Ave,-Orlando,-FL-32806","2804 Wadsworth Ave, Orlando, FL 32806",2804 Wadsworth Ave,,Orlando,FL,32806,Orange County,28.511447,-81.38074,single_family,2.0,2.0,1405.0,9029.0,1965.0,Inactive,270000,2020-11-11T17:31:17.171Z,634,12.506180941677357
"1100-Delaney-Ave,-Apt-F109,-Orlando,-FL-32806","1100 Delaney Ave, Apt F109, Orlando, FL 32806",1100 Delaney Ave,Apt F109,Orlando,FL,32806,Orange County,28.528088,-81.373257,condo,2.0,2.0,1000.0,9029.0,1965.0,Inactive,200000,2021-03-14T15:14:55.082Z,512,12.206077645517674
"784-E-Michigan-St,-Unit-34,-Orlando,-FL-32806","784 E Michigan St, Unit 34, Orlando, FL 32806",784 E Michigan St,Unit 34,Orlando,FL,32806,Orange County,28.511006,-81.367042,condo,2.0,2.0,1116.0,9029.0,1965.0,Inactive,155000,2021-04-18T11:25:42.408Z,477,11.951186847493476
"1008-Ridgecrest-Rd,-Orlando,-FL-32806","1008 Ridgecrest Rd, Orlando, FL 32806",1008 Ridgecrest Rd,,Orlando,FL,32806,Orange County,28.504682,-81.365787,single_family,5.0,3.0,5090.0,9029.0,1965.0,Inactive,950000,2020-10-16T17:55:17.774Z,661,13.76421831620775
"2506-Madron-Ct,-Orlando,-FL-32806","2506 Madron Ct, Orlando, FL 32806",2506 Madron Ct,,Orlando,FL,32806,Orange County,28.518816,-81.350763,single_family,5.0,4.0,4289.0,9029.0,1965.0,Inactive,865000,2021-05-12T16:38:29.335Z,453,13.670485941982712
"1512-S-Osceola-Ave,-Orlando,-FL-32806","1512 S Osceola Ave, Orlando, FL 32806",1512 S Osceola Ave,,Orlando,FL,32806,Orange County,28.524236,-81.370617,single_family,4.0,3.0,2930.0,9029.0,1965.0,Inactive,824500,2021-05-12T16:38:28.929Z,453,13.622533633837332
"1516-S-Osceola-Ave,-Orlando,-FL-32806","1516 S Osceola Ave, Orlando, FL 32806",1516 S Osceola Ave,,Orlando,FL,32806,Orange County,28.524097,-81.370615,single_family,4.0,2.0,2656.0,9029.0,1965.0,Inactive,775000,2021-04-18T15:13:54.450Z,477,13.560619598657233
"2714-Mae-Loma-Ct,-Orlando,-FL-32806","2714 Mae Loma Ct, Orlando, FL 32806",2714 Mae Loma Ct,,Orlando,FL,32806,Orange County,28.50851,-81.346007,single_family,7.0,3.0,3729.0,9029.0,1965.0,Inactive,675000,2020-09-22T02:20:11.233Z,685,13.42246945133505
"2216-Delaney-Ave,-Orlando,-FL-32806","2216 Delaney Ave, Orlando, FL 32806",2216 Delaney Ave,,Orlando,FL,32806,Orange County,28.516868,-81.372532,single_family,4.0,3.0,2951.0,9029.0,1965.0,Inactive,689750,2020-12-11T17:27:41.664Z,605,13.444085941879134
"1511-Cloverlawn-Ave,-Orlando,-FL-32806","1511 Cloverlawn Ave, Orlando, FL 32806",1511 Cloverlawn Ave,,Orlando,FL,32806,Orange County,28.524791,-81.354604,single_family,4.0,2.0,2988.0,9029.0,1965.0,Inactive,689900,2021-04-18T15:08:11.141Z,477,13.444303388018582
"1808-Kalurna-Ct,-Orlando,-FL-32806","1808 Kalurna Ct, Orlando, FL 32806",1808 Kalurna Ct,,Orlando,FL,32806,Orange County,28.521565,-81.373776,single_family,3.0,2.0,2685.0,9029.0,1965.0,Inactive,640000,2021-04-18T15:08:08.513Z,477,13.369225017834633
"1621-Orangewood-Ave,-Orlando,-FL-32806","1621 Orangewood Ave, Orlando, FL 32806",1621 Orangewood Ave,,Orlando,FL,32806,Orange County,28.522465,-81.36063,single_family,3.0,2.0,1958.0,9029.0,1965.0,Inactive,615000,2021-04-18T15:05:38.263Z,477,13.329379172803593
"4308-Hargill-Dr,-Orlando,-FL-32806","4308 Hargill Dr, Orlando, FL 32806",4308 Hargill Dr,,Orlando,FL,32806,Orange County,28.527716,-81.33144,single_family,4.0,2.0,2910.0,9029.0,1965.0,Inactive,559990,2021-02-11T15:06:02.245Z,543,13.235675991153613
"1827-Antigua-Dr,-Orlando,-FL-32806","1827 Antigua Dr, Orlando, FL 32806",1827 Antigua Dr,,Orlando,FL,32806,Orange County,28.528447,-81.35578,single_family,3.0,2.0,1794.0,9029.0,1965.0,Inactive,497500,2021-02-11T14:57:44.225Z,543,13.117352845629016
"201-E-Harding-St,-Orlando,-FL-32806","201 E Harding St, Orlando, FL 32806",201 E Harding St,,Orlando,FL,32806,Orange County,28.518703,-81.374136,apartment,4.0,2.0,1822.0,9029.0,1965.0,Inactive,479900,2021-04-20T15:18:12.948Z,475,13.081335111611617
"2310-Walnut-St,-Orlando,-FL-32806","2310 Walnut St, Orlando, FL 32806",2310 Walnut St,,Orlando,FL,32806,Orange County,28.529296,-81.352172,single_family,4.0,2.0,2359.0,9029.0,1965.0,Inactive,459900,2020-10-15T18:59:16.032Z,662,13.038766527911386
"3125-Center-St,-Orlando,-FL-32806","3125 Center St, Orlando, FL 32806",3125 Center St,,Orlando,FL,32806,Orange County,28.507589,-81.373888,apartment,4.0,4.0,1754.0,9029.0,1965.0,Inactive,455000,2020-12-21T16:37:32.391Z,595,13.02805489573287
"85-W-Harding-St,-Orlando,-FL-32806","85 W Harding St, Orlando, FL 32806",85 W Harding St,,Orlando,FL,32806,Orange County,28.518574,-81.379077,condo,3.0,2.0,1780.0,9029.0,1965.0,Inactive,459000,2021-05-12T16:23:06.917Z,453,13.036807667689546
"200-E-Pineloch-Ave,-Orlando,-FL-32806","200 E Pineloch Ave, Orlando, FL 32806",200 E Pineloch Ave,,Orlando,FL,32806,Orange County,28.509086,-81.3739,condo,3.0,2.0,1841.0,9029.0,1965.0,Inactive,454900,2020-09-22T01:55:47.935Z,685,13.027835091841016
"4506-Crichton-Ln,-Orlando,-FL-32806","4506 Crichton Ln, Orlando, FL 32806",4506 Crichton Ln,,Orlando,FL,32806,Orange County,28.49628,-81.35692,single_family,3.0,2.0,2205.0,9029.0,1965.0,Inactive,449999,2021-04-18T14:48:59.225Z,477,13.017002861746503
"940-Fort-Lane-Dr,-Orlando,-FL-32806","940 Fort Lane Dr, Orlando, FL 32806",940 Fort Lane Dr,,Orlando,FL,32806,Orange County,28.530375,-81.349031,single_family,3.0,2.0,1424.0,9029.0,1965.0,Inactive,434900,2021-05-12T16:19:32.925Z,453,12.982873697962253
"206-E-Pineloch-Ave,-Orlando,-FL-32806","206 E Pineloch Ave, Orlando, FL 32806",206 E Pineloch Ave,,Orlando,FL,32806,Orange County,28.509177,-81.373984,condo,3.0,2.0,1841.0,9029.0,1965.0,Inactive,429900,2020-12-17T16:19:16.916Z,599,12.971310228604022
"510-Moonstone-Way,-Orlando,-FL-32806","510 Moonstone Way, Orlando, FL 32806",510 Moonstone Way,,Orlando,FL,32806,Orange County,28.506544,-81.371126,single_family,4.0,3.0,2116.0,9029.0,1965.0,Inactive,419900,2020-09-22T01:22:08.025Z,685,12.947774248188859
"3024-Greenmount-Rd,-Orlando,-FL-32806","3024 Greenmount Rd, Orlando, FL 32806",3024 Greenmount Rd,,Orlando,FL,32806,Orange County,28.507994,-81.355472,single_family,4.0,2.0,1771.0,9029.0,1965.0,Inactive,410000,2021-05-12T16:19:15.138Z,453,12.923914877701906
"109-W-Grant-St,-Orlando,-FL-32806","109 W Grant St, Orlando, FL 32806",109 W Grant St,,Orlando,FL,32806,Orange County,28.516971,-81.378763,condo,3.0,2.0,1916.0,9029.0,1965.0,Inactive,410000,2021-04-18T14:40:15.060Z,477,12.923914877701906
"1211-E-Esther-St,-Orlando,-FL-32806","1211 E Esther St, Orlando, FL 32806",1211 E Esther St,,Orlando,FL,32806,Orange County,28.519721,-81.363503,single_family,3.0,2.0,1479.0,9029.0,1965.0,Inactive,410000,2021-04-18T14:40:15.060Z,477,12.923914877701906
"2811-Nancy-St,-Orlando,-FL-32806","2811 Nancy St, Orlando, FL 32806",2811 Nancy St,,Orlando,FL,32806,Orange County,28.527597,-81.346816,single_family,3.0,2.0,1313.0,9029.0,1965.0,Inactive,399900,2021-05-12T16:16:32.914Z,453,12.89897229545694
"560-Scotia-Pl,-Orlando,-FL-32806","560 Scotia Pl, Orlando, FL 32806",560 Scotia Pl,,Orlando,FL,32806,Orange County,28.51369,-81.368457,condo,3.0,2.0,2343.0,9029.0,1965.0,Inactive,399900,2020-09-22T01:02:18.139Z,685,12.89897229545694
"511-Purdue-St,-Orlando,-FL-32806","511 Purdue St, Orlando, FL 32806",511 Purdue St,,Orlando,FL,32806,Orange County,28.52604,-81.369802,single_family,3.0,2.0,1218.0,9029.0,1965.0,Inactive,399000,2021-04-18T14:30:25.343Z,477,12.896719202134523
"2923-Timberlake-Dr,-Orlando,-FL-32806","2923 Timberlake Dr, Orlando, FL 32806",2923 Timberlake Dr,,Orlando,FL,32806,Orange County,28.501292,-81.344958,single_family,3.0,2.0,1705.0,9029.0,1965.0,Inactive,399000,2021-05-12T16:16:32.890Z,453,12.896719202134523
"2502-Timberlake-Dr,-Orlando,-FL-32806","2502 Timberlake Dr, Orlando, FL 32806",2502 Timberlake Dr,,Orlando,FL,32806,Orange County,28.499692,-81.350153,single_family,4.0,2.0,1698.0,9029.0,1965.0,Inactive,395000,2021-04-18T14:30:25.327Z,477,12.886643575525625
"1816-White-Ave,-Orlando,-FL-32806","1816 White Ave, Orlando, FL 32806",1816 White Ave,,Orlando,FL,32806,Orange County,28.501925,-81.357079,single_family,3.0,2.0,1484.0,9029.0,1965.0,Inactive,385000,2021-04-18T14:30:22.684Z,478,12.861001210669146
"136-E-Esther-St,-Unit-B,-Orlando,-FL-32806","136 E Esther St, Unit B, Orlando, FL 32806",136 E Esther St,Unit B,Orlando,FL,32806,Orange County,28.519062,-81.374938,condo,3.0,2.0,1825.0,9029.0,1965.0,Inactive,389900,2021-05-12T15:59:06.088Z,454,12.873648139727594
"3218-Coe-Ave,-Orlando,-FL-32806","3218 Coe Ave, Orlando, FL 32806",3218 Coe Ave,,Orlando,FL,32806,Orange County,28.522283,-81.342491,single_family,3.0,2.0,1755.0,9029.0,1965.0,Inactive,390000,2021-05-12T15:59:06.081Z,454,12.873904582205107
"2667-Joslin-Pl,-Orlando,-FL-32806","2667 Joslin Pl, Orlando, FL 32806",2667 Joslin Pl,,Orlando,FL,32806,Orange County,28.513539,-81.368868,condo,3.0,2.0,2142.0,9029.0,1965.0,Inactive,389990,2021-02-11T14:33:10.168Z,544,12.873878940916477
"1400-Roscomare-Ave,-Orlando,-FL-32806","1400 Roscomare Ave, Orlando, FL 32806",1400 Roscomare Ave,,Orlando,FL,32806,Orange County,28.525408,-81.335181,single_family,4.0,2.0,1644.0,9029.0,1965.0,Inactive,384900,2021-04-18T14:30:22.684Z,478,12.860741437345885
"3317-Werber-St,-Orlando,-FL-32806","3317 Werber St, Orlando, FL 32806",3317 Werber St,,Orlando,FL,32806,Orange County,28.499407,-81.340812,single_family,3.0,2.0,1675.0,9029.0,1965.0,Inactive,379900,2021-04-18T14:30:20.352Z,478,12.847665971443902
"437-Raehn-St,-Orlando,-FL-32806","437 Raehn St, Orlando, FL 32806",437 Raehn St,,Orlando,FL,32806,Orange County,28.52489,-81.370617,single_family,3.0,1.0,1114.0,9029.0,1965.0,Inactive,379000,2021-04-18T14:30:22.692Z,478,12.84529412258351
"1105-S-Mills-Ave,-Orlando,-FL-32806","1105 S Mills Ave, Orlando, FL 32806",1105 S Mills Ave,,Orlando,FL,32806,Orange County,28.528523,-81.363832,single_family,2.0,1.0,1041.0,9029.0,1965.0,Inactive,379000,2021-04-18T14:30:22.697Z,478,12.84529412258351
"2460-Raeford-Rd,-Orlando,-FL-32806","2460 Raeford Rd, Orlando, FL 32806",2460 Raeford Rd,,Orlando,FL,32806,Orange County,28.509264,-81.350259,single_family,4.0,3.0,1572.0,9029.0,1965.0,Inactive,365000,2021-05-12T15:33:12.926Z,454,12.807655372286902
"3313-Jan-Dr,-Orlando,-FL-32806","3313 Jan Dr, Orlando, FL 32806",3313 Jan Dr,,Orlando,FL,32806,Orange County,28.502938,-81.340618,single_family,3.0,2.0,1310.0,9029.0,1965.0,Inactive,349900,2021-04-18T14:21:40.768Z,478,12.765405536311112
"3717-Lawson-Dr,-Orlando,-FL-32806","3717 Lawson Dr, Orlando, FL 32806",3717 Lawson Dr,,Orlando,FL,32806,Orange County,28.526992,-81.33757,single_family,3.0,2.0,1333.0,9029.0,1965.0,Inactive,349000,2021-04-18T14:21:45.633Z,478,12.762830066509972
"3511-Conway-Gardens-Rd,-Orlando,-FL-32806","3511 Conway Gardens Rd, Orlando, FL 32806",3511 Conway Gardens Rd,,Orlando,FL,32806,Orange County,28.501057,-81.338575,single_family,3.0,2.0,1814.0,9029.0,1965.0,Inactive,345000,2021-05-12T15:27:11.140Z,454,12.75130259456002
"1217-Salerno-Ct,-Unit-Ge,-Orlando,-FL-32806","1217 Salerno Ct, Unit Ge, Orlando, FL 32806",1217 Salerno Ct,Unit Ge,Orlando,FL,32806,Orange County,28.510416,-81.363373,condo,3.0,3.0,1850.0,9029.0,1965.0,Inactive,339000,2021-04-18T14:16:58.908Z,478,12.733758336210744
"2507-Delaney-Ave,-Orlando,-FL-32806","2507 Delaney Ave, Orlando, FL 32806",2507 Delaney Ave,,Orlando,FL,32806,Orange County,28.514324,-81.371892,single_family,2.0,1.0,952.0,9029.0,1965.0,Inactive,323900,2021-05-12T15:24:28.909Z,454,12.6881931925273
"1942-Essex-Pl,-Orlando,-FL-32806","1942 Essex Pl, Orlando, FL 32806",1942 Essex Pl,,Orlando,FL,32806,Orange County,28.518953,-81.353558,single_family,2.0,1.0,1100.0,9029.0,1965.0,Inactive,319900,2021-04-18T14:06:38.308Z,478,12.675766851909591
"1144-Delaney-Ave,-Unit-1144,-Orlando,-FL-32806","1144 Delaney Ave, Unit 1144, Orlando, FL 32806",1144 Delaney Ave,Unit 1144,Orlando,FL,32806,Orange County,28.527703,-81.372786,condo,2.0,2.0,1500.0,9029.0,1965.0,Inactive,319900,2021-02-11T14:15:22.937Z,544,12.675766851909591
"2822-Pershing-Ave,-Orlando,-FL-32806","2822 Pershing Ave, Orlando, FL 32806",2822 Pershing Ave,,Orlando,FL,32806,Orange County,28.498401,-81.345278,single_family,3.0,2.0,1285.0,9029.0,1965.0,Inactive,319000,2021-04-18T14:14:26.193Z,478,12.672949516558306
"1502-Campbell-Ave,-Orlando,-FL-32806","1502 Campbell Ave, Orlando, FL 32806",1502 Campbell Ave,,Orlando,FL,32806,Orange County,28.498766,-81.359522,single_family,3.0,2.0,1679.0,9029.0,1965.0,Inactive,309900,2020-12-05T15:53:37.241Z,612,12.644008170618003
"3410-Leslie-Dr,-Orlando,-FL-32806","3410 Leslie Dr, Orlando, FL 32806",3410 Leslie Dr,,Orlando,FL,32806,Orange County,28.505132,-81.340329,single_family,3.0,2.0,1560.0,9029.0,1965.0,Inactive,299900,2020-11-03T17:12:08.627Z,644,12.611207699176356
"1146-Delaney-Ave,-Unit-1146,-Orlando,-FL-32806","1146 Delaney Ave, Unit 1146, Orlando, FL 32806",1146 Delaney Ave,Unit 1146,Orlando,FL,32806,Orange County,28.527703,-81.372786,condo,2.0,2.0,1500.0,9029.0,1965.0,Inactive,289800,2021-04-18T13:38:00.569Z,478,12.57694975951839
"1301-Page-Ave,-Orlando,-FL-32806","1301 Page Ave, Orlando, FL 32806",1301 Page Ave,,Orlando,FL,32806,Orange County,28.515683,-81.362782,single_family,2.0,1.0,642.0,9029.0,1965.0,Inactive,250000,2021-04-18T13:12:58.205Z,478,12.429220196836383
"1100-Delaney-Ave,-Apt-D22,-Orlando,-FL-32806","1100 Delaney Ave, Apt D22, Orlando, FL 32806",1100 Delaney Ave,Apt D22,Orlando,FL,32806,Orange County,28.528497,-81.372968,condo,2.0,1.0,998.0,9029.0,1965.0,Inactive,204000,2021-02-11T13:18:58.393Z,544,12.225880174775122
"1002-E-Michigan-St,-Apt-B,-Orlando,-FL-32806","1002 E Michigan St, Apt B, Orlando, FL 32806",1002 E Michigan St,Apt B,Orlando,FL,32806,Orange County,28.509661,-81.365327,condo,2.0,2.0,1060.0,9029.0,1965.0,Inactive,169900,2021-05-12T10:58:46.522Z,454,12.042971193457888
"2798-Curry-Ford-Rd,-Unit-3D,-Orlando,-FL-32806","2798 Curry Ford Rd, Unit 3D, Orlando, FL 32806",2798 Curry Ford Rd,Unit 3D,Orlando,FL,32806,Orange County,28.523654,-81.348309,condo,3.0,2.0,1128.0,9029.0,1965.0,Inactive,159900,2021-02-15T12:16:03.564Z,540,11.982310152711182
"730-E-Michigan-St,-Unit-128,-Orlando,-FL-32806","730 E Michigan St, Unit 128, Orlando, FL 32806",730 E Michigan St,Unit 128,Orlando,FL,32806,Orange County,28.512172,-81.367626,condo,2.0,2.0,994.0,9029.0,1965.0,Inactive,129900,2020-09-25T14:40:23.418Z,683,11.774527900858468
"1619-Delaney-Ave,-Orlando,-FL-32806","1619 Delaney Ave, Orlando, FL 32806",1619 Delaney Ave,,Orlando,FL,32806,Orange County,28.52315,-81.371852,single_family,5.0,3.0,3933.0,9029.0,1965.0,Inactive,1089000,2021-03-02T14:45:38.987Z,525,13.900771320188321
"415-E-Muriel-St,-Orlando,-FL-32806","415 E Muriel St, Orlando, FL 32806",415 E Muriel St,,Orlando,FL,32806,Orange County,28.517793,-81.371611,single_family,4.0,3.0,2705.0,9029.0,1965.0,Inactive,825000,2020-10-02T16:59:53.262Z,676,13.623139877437296
"4884-Waterwitch-Point-Dr,-Orlando,-FL-32806","4884 Waterwitch Point Dr, Orlando, FL 32806",4884 Waterwitch Point Dr,,Orlando,FL,32806,Orange County,28.491076,-81.366174,single_family,4.0,2.0,2450.0,9029.0,1965.0,Inactive,799000,2021-04-18T15:13:56.427Z,478,13.591117476312084
"431-E-Miller-St,-Orlando,-FL-32806","431 E Miller St, Orlando, FL 32806",431 E Miller St,,Orlando,FL,32806,Orange County,28.524163,-81.371106,single_family,3.0,2.0,3135.0,9029.0,1965.0,Inactive,769500,2020-09-22T02:25:26.735Z,686,13.553497531805386
"1308-Bahama-Dr,-Orlando,-FL-32806","1308 Bahama Dr, Orlando, FL 32806",1308 Bahama Dr,,Orlando,FL,32806,Orange County,28.526136,-81.359695,single_family,4.0,3.0,2486.0,9029.0,1965.0,Inactive,719000,2021-04-18T15:13:54.411Z,478,13.4856180275228
"1273-Waterwitch-Cove-Cir,-Orlando,-FL-32806","1273 Waterwitch Cove Cir, Orlando, FL 32806",1273 Waterwitch Cove Cir,,Orlando,FL,32806,Orange County,28.492135,-81.361994,single_family,4.0,4.0,3432.0,9029.0,1965.0,Inactive,679900,2021-04-18T15:08:11.133Z,478,13.429702478318
"2318-S-Fern-Creek-Ave,-Orlando,-FL-32806","2318 S Fern Creek Ave, Orlando, FL 32806",2318 S Fern Creek Ave,,Orlando,FL,32806,Orange County,28.515967,-81.360202,single_family,4.0,2.0,2550.0,9029.0,1965.0,Inactive,649900,2021-02-11T15:06:49.412Z,544,13.384575322579519
"2417-Stoneview-Rd,-Orlando,-FL-32806","2417 Stoneview Rd, Orlando, FL 32806",2417 Stoneview Rd,,Orlando,FL,32806,Orange County,28.517698,-81.347851,single_family,4.0,3.0,2354.0,9029.0,1965.0,Inactive,625000,2021-04-18T15:05:38.270Z,478,13.345508528717259
"118-E-Harding-St,-Orlando,-FL-32806","118 E Harding St, Orlando, FL 32806",118 E Harding St,,Orlando,FL,32806,Orange County,28.518133,-81.375603,condo,5.0,3.0,3691.0,9029.0,1965.0,Inactive,549999,2020-09-22T02:09:16.553Z,686,13.217673557208654
"1625-Pine-Bluff-Ave,-Orlando,-FL-32806","1625 Pine Bluff Ave, Orlando, FL 32806",1625 Pine Bluff Ave,,Orlando,FL,32806,Orange County,28.522424,-81.361594,single_family,4.0,2.0,2089.0,9029.0,1965.0,Inactive,525000,2021-02-26T14:31:06.754Z,529,13.171155446333852
"2020-Chamberlin-St,-Orlando,-FL-32806","2020 Chamberlin St, Orlando, FL 32806",2020 Chamberlin St,,Orlando,FL,32806,Orange County,28.517215,-81.356027,single_family,3.0,2.0,2240.0,9029.0,1965.0,Inactive,519900,2021-02-13T14:52:07.784Z,542,13.161393687816775
"1709-Antigua-Dr,-Orlando,-FL-32806","1709 Antigua Dr, Orlando, FL 32806",1709 Antigua Dr,,Orlando,FL,32806,Orange County,28.528441,-81.357812,single_family,4.0,2.0,1962.0,9029.0,1965.0,Inactive,499000,2021-04-18T14:56:47.222Z,478,13.120363378739663
"3009-Hargill-Dr,-Orlando,-FL-32806","3009 Hargill Dr, Orlando, FL 32806",3009 Hargill Dr,,Orlando,FL,32806,Orange County,28.528521,-81.344963,single_family,3.0,2.0,1659.0,9029.0,1965.0,Inactive,479000,2021-04-18T14:51:57.638Z,478,13.079457964073546
"2910-S-Osceola-Ave,-Orlando,-FL-32806","2910 S Osceola Ave, Orlando, FL 32806",2910 S Osceola Ave,,Orlando,FL,32806,Orange County,28.508646,-81.371517,single_family,4.0,3.0,2129.0,9029.0,1965.0,Inactive,455000,2021-03-04T16:27:07.292Z,523,13.02805489573287
"2223-Bradford-Ct,-Orlando,-FL-32806","2223 Bradford Ct, Orlando, FL 32806",2223 Bradford Ct,,Orlando,FL,32806,Orange County,28.503314,-81.35237,single_family,3.0,2.0,2073.0,9029.0,1965.0,Inactive,465000,2021-04-18T14:51:53.163Z,478,13.049794835104816
"123-E-Harding-St,-Orlando,-FL-32806","123 E Harding St, Orlando, FL 32806",123 E Harding St,,Orlando,FL,32806,Orange County,28.518689,-81.375429,single_family,5.0,3.0,2502.0,9029.0,1965.0,Inactive,444999,2021-02-13T14:48:52.184Z,542,13.005829561148378
"4104-Kasper-Dr,-Orlando,-FL-32806","4104 Kasper Dr, Orlando, FL 32806",4104 Kasper Dr,,Orlando,FL,32806,Orange County,28.52776,-81.333457,single_family,4.0,3.0,1906.0,9029.0,1965.0,Inactive,439900,2021-04-18T14:48:59.205Z,478,12.994304980578146
"96-W-Harding-St,-Orlando,-FL-32806","96 W Harding St, Orlando, FL 32806",96 W Harding St,,Orlando,FL,32806,Orange County,28.518131,-81.379399,apartment,4.0,2.0,1582.0,9029.0,1965.0,Inactive,421900,2021-04-18T14:45:35.296Z,478,12.952525968339533
"3232-S-Fern-Creek-Ave,-Orlando,-FL-32806","3232 S Fern Creek Ave, Orlando, FL 32806",3232 S Fern Creek Ave,,Orlando,FL,32806,Orange County,28.503707,-81.360073,single_family,4.0,2.0,2127.0,9029.0,1965.0,Inactive,399900,2021-02-11T14:41:14.260Z,544,12.89897229545694
"1503-Simonton-Ave,-Orlando,-FL-32806","1503 Simonton Ave, Orlando, FL 32806",1503 Simonton Ave,,Orlando,FL,32806,Orange County,28.500556,-81.35949,single_family,3.0,2.0,1958.0,9029.0,1965.0,Inactive,389900,2021-02-25T15:14:19.770Z,530,12.873648139727594
"3050-Unkaterri-Ln,-Orlando,-FL-32806","3050 Unkaterri Ln, Orlando, FL 32806",3050 Unkaterri Ln,,Orlando,FL,32806,Orange County,28.506392,-81.353121,apartment,4.0,2.0,1952.0,9029.0,1965.0,Inactive,380000,2021-04-18T14:30:20.351Z,478,12.847929163278053
"1207-Briercliff-Dr,-Orlando,-FL-32806","1207 Briercliff Dr, Orlando, FL 32806",1207 Briercliff Dr,,Orlando,FL,32806,Orange County,28.527945,-81.363711,single_family,2.0,2.0,1431.0,9029.0,1965.0,Inactive,359900,2021-04-18T14:21:43.218Z,478,12.79358427261286
"3016-Greenmount-Rd,-Orlando,-FL-32806","3016 Greenmount Rd, Orlando, FL 32806",3016 Greenmount Rd,,Orlando,FL,32806,Orange County,28.508423,-81.355476,single_family,3.0,2.0,1590.0,9029.0,1965.0,Inactive,359900,2021-04-18T14:21:43.215Z,478,12.79358427261286
"3513-Ellen-Dr,-Orlando,-FL-32806","3513 Ellen Dr, Orlando, FL 32806",3513 Ellen Dr,,Orlando,FL,32806,Orange County,28.504829,-81.339373,single_family,3.0,2.0,1128.0,9029.0,1965.0,Inactive,325000,2021-04-18T14:14:26.209Z,478,12.691583538230217
"3315-Toasy-Dr,-Orlando,-FL-32806","3315 Toasy Dr, Orlando, FL 32806",3315 Toasy Dr,,Orlando,FL,32806,Orange County,28.502924,-81.339746,single_family,3.0,2.0,1318.0,9029.0,1965.0,Inactive,295000,2020-10-23T16:09:05.119Z,655,12.59473402514672
"2822-Page-Ave,-Orlando,-FL-32806","2822 Page Ave, Orlando, FL 32806",2822 Page Ave,,Orlando,FL,32806,Orange County,28.515673,-81.346651,single_family,2.0,1.0,888.0,9029.0,1965.0,Inactive,295000,2021-04-18T13:58:01.198Z,478,12.59473402514672
"1263-Saint-Tropez-Cir,-Unit-Ge,-Orlando,-FL-32806","1263 Saint Tropez Cir, Unit Ge, Orlando, FL 32806",1263 Saint Tropez Cir,Unit Ge,Orlando,FL,32806,Orange County,28.510732,-81.363357,condo,2.0,2.0,1380.0,9029.0,1965.0,Inactive,290000,2021-04-18T13:58:01.189Z,478,12.577639650232573
"2912-Lake-Pineloch-Blvd,-Unit-24,-Orlando,-FL-32806","2912 Lake Pineloch Blvd, Unit 24, Orlando, FL 32806",2912 Lake Pineloch Blvd,Unit 24,Orlando,FL,32806,Orange County,28.509141,-81.363541,condo,2.0,2.0,1450.0,9029.0,1965.0,Inactive,275000,2021-03-03T15:56:36.454Z,524,12.524530013005734
"1802-S-Bumby-Ave,-Orlando,-FL-32806","1802 S Bumby Ave, Orlando, FL 32806",1802 S Bumby Ave,,Orlando,FL,32806,Orange County,28.521154,-81.351872,single_family,2.0,2.0,720.0,9029.0,1965.0,Inactive,269900,2021-03-05T13:27:16.837Z,522,12.505810504075185
"3118-E-Grant-Ave,-Orlando,-FL-32806","3118 E Grant Ave, Orlando, FL 32806",3118 E Grant Ave,,Orlando,FL,32806,Orange County,28.516591,-81.343853,single_family,2.0,1.0,876.0,9029.0,1965.0,Inactive,245000,2021-04-18T13:12:58.191Z,478,12.409017571151187
"1026-E-Michigan-St,-Apt-A,-Orlando,-FL-32806","1026 E Michigan St, Apt A, Orlando, FL 32806",1026 E Michigan St,Apt A,Orlando,FL,32806,Orange County,28.509638,-81.364593,condo,2.0,2.0,1014.0,9029.0,1965.0,Inactive,169900,2021-03-05T12:31:44.074Z,522,12.042971193457888
"3286-S-Bumby-Ave,-Unit-2,-Orlando,-FL-32806","3286 S Bumby Ave, Unit 2, Orlando, FL 32806",3286 S Bumby Ave,Unit 2,Orlando,FL,32806,Orange County,28.506195,-81.351927,condo,2.0,2.0,1088.0,9029.0,1965.0,Inactive,129000,2021-03-26T11:24:31.825Z,501,11.767575435251748
"754-E-Michigan-St,-Unit-189,-Orlando,-FL-32806","754 E Michigan St, Unit 189, Orlando, FL 32806",754 E Michigan St,Unit 189,Orlando,FL,32806,Orange County,28.511447,-81.368245,condo,1.0,1.0,633.0,9029.0,1965.0,Inactive,104900,2020-10-09T11:56:35.308Z,669,11.560772327227417
"1052-E-Michigan-St,-Unit-252,-Orlando,-FL-32806","1052 E Michigan St, Unit 252, Orlando, FL 32806",1052 E Michigan St,Unit 252,Orlando,FL,32806,Orange County,28.511085,-81.364693,condo,2.0,2.0,985.0,9029.0,1965.0,Inactive,151900,2021-02-23T12:25:33.334Z,532,11.930984271840668
"730-E-Michigan-St,-Unit-136,-Orlando,-FL-32806","730 E Michigan St, Unit 136, Orlando, FL 32806",730 E Michigan St,Unit 136,Orlando,FL,32806,Orange County,28.512172,-81.367626,condo,2.0,2.0,994.0,9029.0,1965.0,Inactive,145000,2020-09-15T20:43:54.473Z,692,11.884495917930655
"768-E-Michigan-St,-Unit-73,-Orlando,-FL-32806","768 E Michigan St, Unit 73, Orlando, FL 32806",768 E Michigan St,Unit 73,Orlando,FL,32806,Orange County,28.510666,-81.367397,condo,2.0,2.0,1116.0,9029.0,1965.0,Inactive,140000,2020-12-04T01:53:02.022Z,613,11.849404844423074
"1254-Lake-Willisara-Cir,-Unit-24,-Orlando,-FL-32806","1254 Lake Willisara Cir, Unit 24, Orlando, FL 32806",1254 Lake Willisara Cir,Unit 24,Orlando,FL,32806,Orange County,28.508469,-81.362513,condo,3.0,2.0,1460.0,9029.0,1965.0,Inactive,309999,2021-04-18T14:04:24.244Z,478,12.644327576461329
"3208-Toasy-Dr,-Orlando,-FL-32806","3208 Toasy Dr, Orlando, FL 32806",3208 Toasy Dr,,Orlando,FL,32806,Orange County,28.504177,-81.340279,single_family,3.0,2.0,1266.0,9029.0,1965.0,Inactive,269900,2021-04-18T13:35:20.500Z,478,12.505810504075185
"746-E-Michigan-St,-Unit-122,-Orlando,-FL-32806","746 E Michigan St, Unit 122, Orlando, FL 32806",746 E Michigan St,Unit 122,Orlando,FL,32806,Orange County,28.511587,-81.367913,condo,2.0,1.0,927.0,9029.0,1965.0,Inactive,129000,2021-02-11T10:56:22.638Z,544,11.767575435251748
"1603-E-Kaley-Ave,-Orlando,-FL-32806","1603 E Kaley Ave, Orlando, FL 32806",1603 E Kaley Ave,,Orlando,FL,32806,Orange County,28.520602,-81.35925,single_family,3.0,2.0,1338.0,9029.0,1965.0,Inactive,284000,2020-11-06T16:22:12.280Z,641,12.556733038263905
"3500-Lake-St,-Orlando,-FL-32806","3500 Lake St, Orlando, FL 32806",3500 Lake St,,Orlando,FL,32806,Orange County,28.504223,-81.373714,single_family,3.0,3.0,1700.0,9029.0,1965.0,Inactive,279000,2021-03-04T15:40:48.590Z,523,12.53897064502647
"3121-S-Bumby-Ave,-Orlando,-FL-32806","3121 S Bumby Ave, Orlando, FL 32806",3121 S Bumby Ave,,Orlando,FL,32806,Orange County,28.508933,-81.351291,single_family,2.0,1.0,1076.0,9029.0,1965.0,Inactive,278000,2021-02-26T13:46:08.450Z,529,12.535379989788607
"3514-Leslie-Dr,-Orlando,-FL-32806","3514 Leslie Dr, Orlando, FL 32806",3514 Leslie Dr,,Orlando,FL,32806,Orange County,28.505131,-81.339375,single_family,3.0,2.0,1170.0,9029.0,1965.0,Inactive,274900,2021-02-12T13:21:54.165Z,543,12.524166311833152
"1219-Salerno-Ct,-Unit-Ge,-Orlando,-FL-32806","1219 Salerno Ct, Unit Ge, Orlando, FL 32806",1219 Salerno Ct,Unit Ge,Orlando,FL,32806,Orange County,28.510416,-81.363373,condo,2.0,2.0,1380.0,9029.0,1965.0,Inactive,270000,2021-02-20T13:54:24.359Z,535,12.506180941677357
"2604-Hawthorne-St,-Orlando,-FL-32806","2604 Hawthorne St, Orlando, FL 32806",2604 Hawthorne St,,Orlando,FL,32806,Orange County,28.507453,-81.349302,single_family,3.0,1.0,1026.0,9029.0,1965.0,Inactive,269000,2021-02-11T13:51:22.118Z,544,12.502470376049185
"2928-Lake-Margaret-Dr,-Orlando,-FL-32806","2928 Lake Margaret Dr, Orlando, FL 32806",2928 Lake Margaret Dr,,Orlando,FL,32806,Orange County,28.505669,-81.346187,single_family,3.0,2.0,1082.0,9029.0,1965.0,Inactive,255000,2021-02-11T13:47:52.887Z,544,12.449022745701502
"1263-Lake-Willisara-Cir,-Unit-25,-Orlando,-FL-32806","1263 Lake Willisara Cir, Unit 25, Orlando, FL 32806",1263 Lake Willisara Cir,Unit 25,Orlando,FL,32806,Orange County,28.50862,-81.362912,condo,2.0,2.0,1300.0,9029.0,1965.0,Inactive,244500,2021-02-11T13:47:15.352Z,544,12.40697467786825
"1701-Weeks-Ave,-Orlando,-FL-32806","1701 Weeks Ave, Orlando, FL 32806",1701 Weeks Ave,,Orlando,FL,32806,Orange County,28.503383,-81.358044,single_family,2.0,1.0,960.0,9029.0,1965.0,Inactive,245000,2021-02-20T13:45:39.989Z,535,12.409017571151187
"815-Pershing-Ave,-Orlando,-FL-32806","815 Pershing Ave, Orlando, FL 32806",815 Pershing Ave,,Orlando,FL,32806,Orange County,28.498765,-81.367184,single_family,2.0,1.0,872.0,9029.0,1965.0,Inactive,235900,2020-09-21T21:29:02.072Z,686,12.371167504471138
"2841-Marsala-Ct,-Orlando,-FL-32806","2841 Marsala Ct, Orlando, FL 32806",2841 Marsala Ct,,Orlando,FL,32806,Orange County,28.511244,-81.364076,condo,2.0,2.0,1300.0,9029.0,1965.0,Inactive,225000,2021-02-23T13:52:42.786Z,532,12.323860125621126
"2501-Raeford-Rd,-Orlando,-FL-32806","2501 Raeford Rd, Orlando, FL 32806",2501 Raeford Rd,,Orlando,FL,32806,Orange County,28.509817,-81.349495,single_family,2.0,2.0,840.0,9029.0,1965.0,Inactive,190000,2021-02-13T13:03:41.133Z,542,12.154784614286667
"966-E-Michigan-St,-Unit-966A,-Orlando,-FL-32806","966 E Michigan St, Unit 966A, Orlando, FL 32806",966 E Michigan St,Unit 966A,Orlando,FL,32806,Orange County,28.511478,-81.365337,condo,3.0,2.0,1664.0,9029.0,1965.0,Inactive,178500,2020-10-17T12:54:47.986Z,661,12.092349482427034
"1605-E-Crystal-Lake-Ave,-Orlando,-FL-32806","1605 E Crystal Lake Ave, Orlando, FL 32806",1605 E Crystal Lake Ave,,Orlando,FL,32806,Orange County,28.515079,-81.359682,condo,2.0,1.0,756.0,9029.0,1965.0,Inactive,169000,2021-02-11T12:08:13.418Z,544,12.037659911047468
"984-E-Michigan-St,-Unit-984B,-Orlando,-FL-32806","984 E Michigan St, Unit 984B, Orlando, FL 32806",984 E Michigan St,Unit 984B,Orlando,FL,32806,Orange County,28.511076,-81.365219,condo,2.0,2.0,1060.0,9029.0,1965.0,Inactive,159000,2021-02-11T12:03:40.831Z,544,11.976665770490767
"792-E-Michigan-St,-Unit-9,-Orlando,-FL-32806","792 E Michigan St, Unit 9, Orlando, FL 32806",792 E Michigan St,Unit 9,Orlando,FL,32806,Orange County,28.510329,-81.366838,condo,2.0,2.0,1116.0,9029.0,1965.0,Inactive,144900,2020-12-11T12:41:35.871Z,606,11.88380602959621
"233-Harbour-Gardens-Ct,-Orlando,-FL-32806","233 Harbour Gardens Ct, Orlando, FL 32806",233 Harbour Gardens Ct,,Orlando,FL,32806,Orange County,28.492482,-81.37089,single_family,4.0,2.0,3560.0,9029.0,1965.0,Inactive,1424999,2020-09-22T02:39:58.455Z,686,14.169682371684887
"1717-E-Kaley-Ave,-Orlando,-FL-32806","1717 E Kaley Ave, Orlando, FL 32806",1717 E Kaley Ave,,Orlando,FL,32806,Orange County,28.52009,-81.356993,single_family,4.0,2.0,2944.0,9029.0,1965.0,Inactive,750000,2020-10-17T17:25:48.843Z,660,13.527829818844937
"444-Baker-St,-Orlando,-FL-32806","444 Baker St, Orlando, FL 32806",444 Baker St,,Orlando,FL,32806,Orange County,28.526355,-81.370642,single_family,2.0,1.0,1320.0,9029.0,1965.0,Inactive,700000,2021-02-17T14:42:18.511Z,538,13.45883704259595
"1030-Delaney-Ave,-Orlando,-FL-32806","1030 Delaney Ave, Orlando, FL 32806",1030 Delaney Ave,,Orlando,FL,32806,Orange County,28.528979,-81.372916,apartment,4.0,4.0,2067.0,9029.0,1965.0,Inactive,599000,2020-10-04T17:03:23.087Z,673,13.303018546545275
"422-Raehn-St,-Orlando,-FL-32806","422 Raehn St, Orlando, FL 32806",422 Raehn St,,Orlando,FL,32806,Orange County,28.524471,-81.371314,single_family,4.0,2.0,2052.0,9029.0,1965.0,Inactive,589900,2021-02-13T14:54:33.474Z,542,13.287710005192306
"1062-Campbell-St,-Orlando,-FL-32806","1062 Campbell St, Orlando, FL 32806",1062 Campbell St,,Orlando,FL,32806,Orange County,28.498754,-81.3641,single_family,4.0,4.0,3407.0,9029.0,1965.0,Inactive,579000,2020-09-22T02:09:44.574Z,686,13.269059483669357
"2728-Raeford-Rd,-Orlando,-FL-32806","2728 Raeford Rd, Orlando, FL 32806",2728 Raeford Rd,,Orlando,FL,32806,Orange County,28.509055,-81.34791,single_family,4.0,2.0,2559.0,9029.0,1965.0,Inactive,579000,2020-12-04T02:15:07.930Z,613,13.269059483669357
"515-Florida-St,-Orlando,-FL-32806","515 Florida St, Orlando, FL 32806",515 Florida St,,Orlando,FL,32806,Orange County,28.529506,-81.369873,single_family,3.0,2.0,2373.0,9029.0,1965.0,Inactive,549900,2020-09-22T02:09:44.575Z,686,13.217493541006709
"2109-Henderson-Dr,-Orlando,-FL-32806","2109 Henderson Dr, Orlando, FL 32806",2109 Henderson Dr,,Orlando,FL,32806,Orange County,28.523204,-81.353813,single_family,3.0,2.0,2066.0,9029.0,1965.0,Inactive,549999,2020-10-23T17:40:21.760Z,654,13.217673557208654
"2728-Bass-Lake-Blvd,-Orlando,-FL-32806","2728 Bass Lake Blvd, Orlando, FL 32806",2728 Bass Lake Blvd,,Orlando,FL,32806,Orange County,28.512201,-81.34114,single_family,3.0,3.0,2699.0,9029.0,1965.0,Inactive,549000,2020-12-05T16:30:45.720Z,611,13.215855541983634
"3106-Lake-Arnold-Pl,-Orlando,-FL-32806","3106 Lake Arnold Pl, Orlando, FL 32806",3106 Lake Arnold Pl,,Orlando,FL,32806,Orange County,28.530709,-81.344046,single_family,4.0,2.0,2080.0,9029.0,1965.0,Inactive,535000,2021-03-04T16:32:29.170Z,522,13.190023895035274
"4609-Gatlin-Oaks-Ln,-Orlando,-FL-32806","4609 Gatlin Oaks Ln, Orlando, FL 32806",4609 Gatlin Oaks Ln,,Orlando,FL,32806,Orange County,28.495418,-81.354756,single_family,3.0,2.0,2165.0,9029.0,1965.0,Inactive,525000,2021-02-20T14:54:53.417Z,535,13.171155446333852
"1606-Delaney-Ave,-Orlando,-FL-32806","1606 Delaney Ave, Orlando, FL 32806",1606 Delaney Ave,,Orlando,FL,32806,Orange County,28.523602,-81.372668,single_family,3.0,2.0,1687.0,9029.0,1965.0,Inactive,514900,2021-02-11T14:57:44.222Z,544,13.151729928157032
"3731-Dover-St,-Orlando,-FL-32806","3731 Dover St, Orlando, FL 32806",3731 Dover St,,Orlando,FL,32806,Orange County,28.530446,-81.33706,single_family,4.0,3.0,2486.0,9029.0,1965.0,Inactive,519000,2020-10-29T17:23:05.811Z,648,13.159661088928443
"2011-Delaney-Ave,-Orlando,-FL-32806","2011 Delaney Ave, Orlando, FL 32806",2011 Delaney Ave,,Orlando,FL,32806,Orange County,28.51894,-81.37199,single_family,3.0,3.0,1888.0,9029.0,1965.0,Inactive,499000,2021-02-11T14:57:44.212Z,544,13.120363378739663
"4810-S-Fern-Creek-Ave,-Orlando,-FL-32806","4810 S Fern Creek Ave, Orlando, FL 32806",4810 S Fern Creek Ave,,Orlando,FL,32806,Orange County,28.491562,-81.359993,single_family,6.0,5.0,2458.0,9029.0,1965.0,Inactive,495000,2021-02-11T14:56:03.135Z,544,13.112315061750808
"38-W-Jersey-St,-Unit-1,-Orlando,-FL-32806","38 W Jersey St, Unit 1, Orlando, FL 32806",38 W Jersey St,Unit 1,Orlando,FL,32806,Orange County,28.513716,-81.377907,condo,3.0,2.0,2108.0,9029.0,1965.0,Inactive,489900,2020-09-22T02:02:19.924Z,686,13.101958608857487
"3041-Brandywine-Dr,-Orlando,-FL-32806","3041 Brandywine Dr, Orlando, FL 32806",3041 Brandywine Dr,,Orlando,FL,32806,Orange County,28.50721,-81.357693,single_family,5.0,3.0,1942.0,9029.0,1965.0,Inactive,479900,2021-03-06T14:34:27.346Z,521,13.081335111611617
"40-W-Harding-St,-Unit-3,-Orlando,-FL-32806","40 W Harding St, Unit 3, Orlando, FL 32806",40 W Harding St,Unit 3,Orlando,FL,32806,Orange County,28.518143,-81.378044,condo,3.0,2.0,2126.0,9029.0,1965.0,Inactive,475000,2020-09-22T02:00:59.475Z,686,13.07107218827772
"38-W-Jersey-St,-Unit-3,-Orlando,-FL-32806","38 W Jersey St, Unit 3, Orlando, FL 32806",38 W Jersey St,Unit 3,Orlando,FL,32806,Orange County,28.513716,-81.377907,condo,3.0,2.0,2108.0,9029.0,1965.0,Inactive,470000,2020-09-22T02:00:59.479Z,686,13.060490101343552
"1625-S-Osceola-Ave,-Orlando,-FL-32806","1625 S Osceola Ave, Orlando, FL 32806",1625 S Osceola Ave,,Orlando,FL,32806,Orange County,28.52296,-81.369987,single_family,3.0,2.0,1388.0,9029.0,1965.0,Inactive,450000,2021-02-28T14:50:11.978Z,527,13.017005083966255
"3323-Carla-St,-Orlando,-FL-32806","3323 Carla St, Orlando, FL 32806",3323 Carla St,,Orlando,FL,32806,Orange County,28.496923,-81.340638,single_family,3.0,2.0,1531.0,9029.0,1965.0,Inactive,449500,2020-12-04T05:07:30.189Z,613,13.015893357585442
"1035-Lake-Weldona-Dr,-Orlando,-FL-32806","1035 Lake Weldona Dr, Orlando, FL 32806",1035 Lake Weldona Dr,,Orlando,FL,32806,Orange County,28.529362,-81.361344,single_family,3.0,2.0,1516.0,9029.0,1965.0,Inactive,449000,2021-02-11T14:50:52.613Z,544,13.014780393893403
"117-E-Muriel-St,-Orlando,-FL-32806","117 E Muriel St, Orlando, FL 32806",117 E Muriel St,,Orlando,FL,32806,Orange County,28.517767,-81.375536,condo,3.0,2.0,2246.0,9029.0,1965.0,Inactive,434900,2021-02-11T14:46:43.309Z,544,12.982873697962253
"2215-Bradford-Ct,-Orlando,-FL-32806","2215 Bradford Ct, Orlando, FL 32806",2215 Bradford Ct,,Orlando,FL,32806,Orange County,28.502981,-81.352353,single_family,4.0,3.0,2892.0,9029.0,1965.0,Inactive,425000,2021-02-11T14:46:43.296Z,544,12.959846800844963
"2710-Vine-St,-Orlando,-FL-32806","2710 Vine St, Orlando, FL 32806",2710 Vine St,,Orlando,FL,32806,Orange County,28.52613,-81.348829,single_family,4.0,2.0,1980.0,9029.0,1965.0,Inactive,425000,2020-12-05T16:22:57.627Z,612,12.959846800844963
"2107-Hand-Blvd,-Orlando,-FL-32806","2107 Hand Blvd, Orlando, FL 32806",2107 Hand Blvd,,Orlando,FL,32806,Orange County,28.527994,-81.354459,single_family,3.0,2.0,1770.0,9029.0,1965.0,Inactive,425000,2021-02-11T14:46:43.292Z,544,12.959846800844963
"1800-Valley-Forge-Rd,-Orlando,-FL-32806","1800 Valley Forge Rd, Orlando, FL 32806",1800 Valley Forge Rd,,Orlando,FL,32806,Orange County,28.506086,-81.356621,single_family,3.0,2.0,1794.0,9029.0,1965.0,Inactive,425000,2021-02-27T14:49:16.701Z,528,12.959846800844963
"3452-Lila-Dr,-Orlando,-FL-32806","3452 Lila Dr, Orlando, FL 32806",3452 Lila Dr,,Orlando,FL,32806,Orange County,28.502771,-81.346487,single_family,3.0,2.0,1595.0,9029.0,1965.0,Inactive,399900,2021-02-11T14:41:14.248Z,544,12.89897229545694
"3801-Wyldwoode-Ln,-Orlando,-FL-32806","3801 Wyldwoode Ln, Orlando, FL 32806",3801 Wyldwoode Ln,,Orlando,FL,32806,Orange County,28.49775,-81.341507,single_family,4.0,2.0,1740.0,9029.0,1965.0,Inactive,385000,2021-02-20T14:33:53.585Z,535,12.861001210669146
"2508-Marzel-Ave,-Orlando,-FL-32806","2508 Marzel Ave, Orlando, FL 32806",2508 Marzel Ave,,Orlando,FL,32806,Orange County,28.507912,-81.348869,single_family,4.0,3.0,1912.0,9029.0,1965.0,Inactive,385000,2021-02-23T15:28:11.258Z,532,12.861001210669146
"1243-Pine-Harbor-Point-Cir,-Orlando,-FL-32806","1243 Pine Harbor Point Cir, Orlando, FL 32806",1243 Pine Harbor Point Cir,,Orlando,FL,32806,Orange County,28.493704,-81.362474,single_family,3.0,2.0,1793.0,9029.0,1965.0,Inactive,384900,2021-02-11T14:33:10.133Z,544,12.860741437345885
"1407-Silverstone-Ave,-Orlando,-FL-32806","1407 Silverstone Ave, Orlando, FL 32806",1407 Silverstone Ave,,Orlando,FL,32806,Orange County,28.525144,-81.333684,single_family,3.0,2.0,1693.0,9029.0,1965.0,Inactive,379900,2021-02-11T14:36:27.657Z,544,12.847665971443902
"1405-E-Michigan-St,-Orlando,-FL-32806","1405 E Michigan St, Orlando, FL 32806",1405 E Michigan St,,Orlando,FL,32806,Orange County,28.513384,-81.361625,condo,3.0,2.0,1770.0,9029.0,1965.0,Inactive,379000,2020-12-04T04:54:03.885Z,613,12.84529412258351
"4508-Vaughn-Ave,-Orlando,-FL-32806","4508 Vaughn Ave, Orlando, FL 32806",4508 Vaughn Ave,,Orlando,FL,32806,Orange County,28.495415,-81.362147,single_family,3.0,2.0,1550.0,9029.0,1965.0,Inactive,369900,2021-02-12T13:54:44.041Z,543,12.820990681250251
"3321-Werber-St,-Orlando,-FL-32806","3321 Werber St, Orlando, FL 32806",3321 Werber St,,Orlando,FL,32806,Orange County,28.499408,-81.340572,single_family,3.0,2.0,1303.0,9029.0,1965.0,Inactive,369000,2020-11-07T16:14:02.697Z,640,12.818554633046093
"3623-Dagon-St,-Orlando,-FL-32806","3623 Dagon St, Orlando, FL 32806",3623 Dagon St,,Orlando,FL,32806,Orange County,28.499319,-81.341332,single_family,4.0,2.0,1692.0,9029.0,1965.0,Inactive,368000,2021-02-11T14:27:15.523Z,544,12.81584093453868
"3125-Onyx-Ct,-Orlando,-FL-32806","3125 Onyx Ct, Orlando, FL 32806",3125 Onyx Ct,,Orlando,FL,32806,Orange County,28.504204,-81.370866,single_family,3.0,2.0,1515.0,9029.0,1965.0,Inactive,360000,2021-02-11T14:24:59.040Z,544,12.793862088206213
"2917-Nancy-St,-Orlando,-FL-32806","2917 Nancy St, Orlando, FL 32806",2917 Nancy St,,Orlando,FL,32806,Orange County,28.527607,-81.345582,single_family,3.0,2.0,1986.0,9029.0,1965.0,Inactive,360000,2021-02-11T14:24:59.048Z,544,12.793862088206213
"128-Waverly-Pl,-Unit-128,-Orlando,-FL-32806","128 Waverly Pl, Unit 128, Orlando, FL 32806",128 Waverly Pl,Unit 128,Orlando,FL,32806,Orange County,28.528789,-81.37528,condo,3.0,3.0,1730.0,9029.0,1965.0,Inactive,359900,2021-02-11T14:24:59.033Z,544,12.79358427261286
"2514-Timberlake-Dr,-Orlando,-FL-32806","2514 Timberlake Dr, Orlando, FL 32806",2514 Timberlake Dr,,Orlando,FL,32806,Orange County,28.499697,-81.349624,single_family,3.0,2.0,1618.0,9029.0,1965.0,Inactive,359900,2021-02-11T14:27:15.527Z,544,12.79358427261286
"1239-Canberra-Ave,-Orlando,-FL-32806","1239 Canberra Ave, Orlando, FL 32806",1239 Canberra Ave,,Orlando,FL,32806,Orange County,28.526529,-81.339306,single_family,1.0,1.0,1526.0,9029.0,1965.0,Inactive,354900,2021-03-02T14:11:48.299Z,525,12.779594156325743
"3300-Monteen-Dr,-Orlando,-FL-32806","3300 Monteen Dr, Orlando, FL 32806",3300 Monteen Dr,,Orlando,FL,32806,Orange County,28.506407,-81.341772,single_family,3.0,2.0,1516.0,9029.0,1965.0,Inactive,344900,2021-02-11T14:21:06.288Z,544,12.751012698311857
"1708-Montcalm-St,-Orlando,-FL-32806","1708 Montcalm St, Orlando, FL 32806",1708 Montcalm St,,Orlando,FL,32806,Orange County,28.499614,-81.356898,single_family,3.0,2.0,1280.0,9029.0,1965.0,Inactive,325000,2021-03-03T16:36:17.192Z,523,12.691583538230217
"1720-E-Kaley-Ave,-Orlando,-FL-32806","1720 E Kaley Ave, Orlando, FL 32806",1720 E Kaley Ave,,Orlando,FL,32806,Orange County,28.519537,-81.35699,single_family,2.0,1.0,988.0,9029.0,1965.0,Inactive,299900,2021-02-26T13:54:50.138Z,529,12.611207699176356
"4011-Hargill-Dr,-Orlando,-FL-32806","4011 Hargill Dr, Orlando, FL 32806",4011 Hargill Dr,,Orlando,FL,32806,Orange County,28.527346,-81.334175,single_family,3.0,2.0,1411.0,9029.0,1965.0,Inactive,299898,2021-02-11T14:13:20.640Z,544,12.611201030286725
"2901-Delaney-St,-Orlando,-FL-32806","2901 Delaney St, Orlando, FL 32806",2901 Delaney St,,Orlando,FL,32806,Orange County,28.509106,-81.37194,single_family,2.0,2.0,1194.0,9029.0,1965.0,Inactive,299500,2021-02-11T14:13:20.639Z,544,12.60987303543023
"2306-Peel-Ave,-Orlando,-FL-32806","2306 Peel Ave, Orlando, FL 32806",2306 Peel Ave,,Orlando,FL,32806,Orange County,28.516432,-81.347801,single_family,2.0,2.0,1271.0,9029.0,1965.0,Inactive,298000,2020-11-07T15:56:52.828Z,640,12.604852121186608
"2422-Gem-Mary-Ct,-Orlando,-FL-32806","2422 Gem Mary Ct, Orlando, FL 32806",2422 Gem Mary Ct,,Orlando,FL,32806,Orange County,28.496441,-81.365934,single_family,4.0,2.0,2053.0,9029.0,1965.0,Inactive,514900,2021-02-11T14:57:44.224Z,544,13.151729928157032
"2405-Rob-Ln,-Orlando,-FL-32806","2405 Rob Ln, Orlando, FL 32806",2405 Rob Ln,,Orlando,FL,32806,Orange County,28.495796,-81.350941,single_family,3.0,2.0,1633.0,9029.0,1965.0,Inactive,329000,2021-02-11T14:20:56.580Z,544,12.703816069256568
"3326-Wald-Rd,-Orlando,-FL-32806","3326 Wald Rd, Orlando, FL 32806",3326 Wald Rd,,Orlando,FL,32806,Orange County,28.503418,-81.366675,single_family,4.0,3.0,3667.0,9029.0,1965.0,Inactive,650000,2021-02-11T15:06:06.827Z,544,13.384729180332174
"732-E-Michigan-St,-Unit-110,-Orlando,-FL-32806","732 E Michigan St, Unit 110, Orlando, FL 32806",732 E Michigan St,Unit 110,Orlando,FL,32806,Orange County,28.511678,-81.36766,condo,2.0,2.0,994.0,9029.0,1965.0,Inactive,145000,2020-10-16T16:06:14.327Z,662,11.884495917930655
"2801-Hargill-Dr,-Orlando,-FL-32806","2801 Hargill Dr, Orlando, FL 32806",2801 Hargill Dr,,Orlando,FL,32806,Orange County,28.528504,-81.347329,single_family,3.0,2.0,1505.0,9029.0,1965.0,Inactive,372500,2020-12-04T04:51:14.603Z,613,12.827995001361906
"730-E-Michigan-St,-Unit-130,-Orlando,-FL-32806","730 E Michigan St, Unit 130, Orlando, FL 32806",730 E Michigan St,Unit 130,Orlando,FL,32806,Orange County,28.512172,-81.367626,condo,2.0,2.0,994.0,9029.0,1965.0,Inactive,130000,2020-10-03T13:56:08.090Z,675,11.775297421715827
"1909-Lake-Margaret-Dr,-Orlando,-FL-32806","1909 Lake Margaret Dr, Orlando, FL 32806",1909 Lake Margaret Dr,,Orlando,FL,32806,Orange County,28.506518,-81.355426,single_family,3.0,2.0,2554.0,9029.0,1965.0,Inactive,464900,2020-09-29T17:07:29.294Z,678,13.049579758676577
"2212-E-Jersey-Ave,-Orlando,-FL-32806","2212 E Jersey Ave, Orlando, FL 32806",2212 E Jersey Ave,,Orlando,FL,32806,Orange County,28.514017,-81.354392,single_family,4.0,2.0,1925.0,9029.0,1965.0,Inactive,437000,2020-09-22T01:45:49.609Z,686,12.987690762404629
"3106-Illingworth-Ave,-Orlando,-FL-32806","3106 Illingworth Ave, Orlando, FL 32806",3106 Illingworth Ave,,Orlando,FL,32806,Orange County,28.503378,-81.344027,single_family,3.0,2.0,1685.0,9029.0,1965.0,Inactive,318000,2021-02-11T14:20:54.436Z,544,12.669809806411457
"525-E-Esther-St,-Orlando,-FL-32806","525 E Esther St, Orlando, FL 32806",525 E Esther St,,Orlando,FL,32806,Orange County,28.51963,-81.369406,single_family,2.0,1.0,884.0,9029.0,1965.0,Inactive,285000,2020-10-05T16:09:46.795Z,672,12.560247968016562
"3514-Sebring-Ave,-Orlando,-FL-32806","3514 Sebring Ave, Orlando, FL 32806",3514 Sebring Ave,,Orlando,FL,32806,Orange County,28.518995,-81.339706,single_family,3.0,2.0,1148.0,9029.0,1965.0,Inactive,275000,2021-02-11T13:55:19.642Z,544,12.524530013005734
"732-E-Michigan-St,-Unit-114,-Orlando,-FL-32806","732 E Michigan St, Unit 114, Orlando, FL 32806",732 E Michigan St,Unit 114,Orlando,FL,32806,Orange County,28.511678,-81.36766,condo,2.0,2.0,1000.0,9029.0,1965.0,Inactive,147500,2020-12-11T12:41:35.842Z,606,11.901590234400047
"902-S-Summerlin-Ave,-Orlando,-FL-32806","902 S Summerlin Ave, Orlando, FL 32806",902 S Summerlin Ave,,Orlando,FL,32806,Orange County,28.530758,-81.368767,single_family,5.0,3.0,4201.0,9029.0,1965.0,Inactive,949000,2020-09-22T02:30:20.449Z,686,13.76316513133229
"1200-E-Kaley-St,-Orlando,-FL-32806","1200 E Kaley St, Orlando, FL 32806",1200 E Kaley St,,Orlando,FL,32806,Orange County,28.520102,-81.363877,single_family,4.0,2.0,2377.0,9029.0,1965.0,Inactive,560000,2021-02-11T15:01:15.886Z,544,13.235693848424024
"2615-Bass-Lake-Blvd,-Orlando,-FL-32806","2615 Bass Lake Blvd, Orlando, FL 32806",2615 Bass Lake Blvd,,Orlando,FL,32806,Orange County,28.51381,-81.339974,single_family,3.0,2.0,1100.0,9029.0,1965.0,Inactive,284900,2021-02-11T13:55:28.901Z,544,12.55989703048335
"2318-S-Brown-Ave,-Orlando,-FL-32806","2318 S Brown Ave, Orlando, FL 32806",2318 S Brown Ave,,Orlando,FL,32806,Orange County,28.516207,-81.362259,single_family,2.0,1.0,814.0,9029.0,1965.0,Inactive,257900,2020-12-23T16:05:16.025Z,593,12.460331069333806
"3727-S-Fern-Creek-Ave,-Orlando,-FL-32806","3727 S Fern Creek Ave, Orlando, FL 32806",3727 S Fern Creek Ave,,Orlando,FL,32806,Orange County,28.503176,-81.359463,single_family,2.0,1.0,940.0,9029.0,1965.0,Inactive,239900,2020-11-11T17:23:45.652Z,635,12.3879816172226
"235-Whittier-Cir,-Orlando,-FL-32806","235 Whittier Cir, Orlando, FL 32806",235 Whittier Cir,,Orlando,FL,32806,Orange County,28.524673,-81.373753,single_family,4.0,3.0,2962.0,9029.0,1965.0,Inactive,749500,2020-12-10T16:36:32.147Z,606,13.527162930746714
"1590-Wise-Ave,-Orlando,-FL-32806","1590 Wise Ave, Orlando, FL 32806",1590 Wise Ave,,Orlando,FL,32806,Orange County,28.524953,-81.348371,single_family,3.0,2.0,2293.0,9029.0,1965.0,Inactive,395000,2021-02-11T14:36:27.660Z,544,12.886643575525625
"1805-Simonton-Ave,-Lot-22,-Orlando,-FL-32806","1805 Simonton Ave, Lot 22, Orlando, FL 32806",1805 Simonton Ave,Lot 22,Orlando,FL,32806,Orange County,28.500622,-81.356508,single_family,3.0,1.0,1700.0,9029.0,1965.0,Inactive,262500,2020-09-21T21:59:08.453Z,686,12.47801017053037
"2720-S-Brown-Ave,-Orlando,-FL-32806","2720 S Brown Ave, Orlando, FL 32806",2720 S Brown Ave,,Orlando,FL,32806,Orange County,28.51216,-81.362194,single_family,3.0,1.0,975.0,9029.0,1965.0,Inactive,255000,2020-10-09T16:03:50.755Z,668,12.449022745701502
"2605-Bethaway-Ave,-Orlando,-FL-32806","2605 Bethaway Ave, Orlando, FL 32806",2605 Bethaway Ave,,Orlando,FL,32806,Orange County,28.513457,-81.374998,single_family,3.0,3.0,1757.0,9029.0,1965.0,Inactive,369900,2020-09-23T21:35:16.418Z,684,12.820990681250251
"1760-Jessamine-Ave,-Orlando,-FL-32806","1760 Jessamine Ave, Orlando, FL 32806",1760 Jessamine Ave,,Orlando,FL,32806,Orange County,28.521246,-81.350938,single_family,3.0,2.0,1740.0,9029.0,1965.0,Inactive,349900,2021-02-11T14:21:10.927Z,544,12.765405536311112
"502-E-Kaley-St,-Orlando,-FL-32806","502 E Kaley St, Orlando, FL 32806",502 E Kaley St,,Orlando,FL,32806,Orange County,28.520034,-81.370345,single_family,4.0,2.0,2506.0,9029.0,1965.0,Inactive,599900,2020-09-22T02:12:22.098Z,686,13.304519920584285
"3442-Lila-Dr,-Orlando,-FL-32806","3442 Lila Dr, Orlando, FL 32806",3442 Lila Dr,,Orlando,FL,32806,Orange County,28.50405,-81.346672,single_family,3.0,1.0,1372.0,9029.0,1965.0,Inactive,269900,2021-02-11T13:55:19.614Z,544,12.505810504075185
"437-E-Harding-St,-Orlando,-FL-32806","437 E Harding St, Orlando, FL 32806",437 E Harding St,,Orlando,FL,32806,Orange County,28.51872,-81.370767,single_family,4.0,2.0,2801.0,9029.0,1965.0,Inactive,724900,2020-09-22T02:24:02.343Z,686,13.493790372788638
"2909-E-Michigan-St,-Orlando,-FL-32806","2909 E Michigan St, Orlando, FL 32806",2909 E Michigan St,,Orlando,FL,32806,Orange County,28.513469,-81.346167,single_family,3.0,2.0,1240.0,9029.0,1965.0,Inactive,299000,2021-02-11T14:13:20.635Z,544,12.608202196848836
"3025-Brandywine-Dr,-Orlando,-FL-32806","3025 Brandywine Dr, Orlando, FL 32806",3025 Brandywine Dr,,Orlando,FL,32806,Orange County,28.508123,-81.357698,single_family,3.0,2.0,1936.0,9029.0,1965.0,Inactive,465000,2020-09-26T22:22:59.067Z,681,13.049794835104816
"2289-Dickson-Ave,-Orlando,-FL-32806","2289 Dickson Ave, Orlando, FL 32806",2289 Dickson Ave,,Orlando,FL,32806,Orange County,28.516615,-81.358193,single_family,3.0,2.0,1225.0,9029.0,1965.0,Inactive,360000,2021-02-11T14:24:59.048Z,544,12.793862088206213
"3725-March-Ave,-Orlando,-FL-32806","3725 March Ave, Orlando, FL 32806",3725 March Ave,,Orlando,FL,32806,Orange County,28.498735,-81.355914,single_family,3.0,2.0,1730.0,9029.0,1965.0,Inactive,399000,2020-12-18T17:53:15.254Z,598,12.896719202134523
"2002-E-Harding-St,-Orlando,-FL-32806","2002 E Harding St, Orlando, FL 32806",2002 E Harding St,,Orlando,FL,32806,Orange County,28.518381,-81.354616,single_family,3.0,2.0,1508.0,9029.0,1965.0,Inactive,282900,2020-09-21T23:28:14.487Z,686,12.552852292101369
"2745-Santos-Pl,-Orlando,-FL-32806","2745 Santos Pl, Orlando, FL 32806",2745 Santos Pl,,Orlando,FL,32806,Orange County,28.530834,-81.347892,single_family,3.0,2.0,1692.0,9029.0,1965.0,Inactive,429000,2020-10-15T18:53:16.340Z,662,12.969214528909768
"507-Purdue-St,-Orlando,-FL-32806","507 Purdue St, Orlando, FL 32806",507 Purdue St,,Orlando,FL,32806,Orange County,28.526039,-81.36999,single_family,2.0,1.0,985.0,9029.0,1965.0,Inactive,317000,2021-02-11T14:20:54.435Z,544,12.666660207428574
"931-S-Mills-Ave,-Orlando,-FL-32806","931 S Mills Ave, Orlando, FL 32806",931 S Mills Ave,,Orlando,FL,32806,Orange County,28.530171,-81.36357,single_family,4.0,2.0,3438.0,9029.0,1965.0,Inactive,1075000,2020-09-22T02:30:20.455Z,686,13.887832149776026
"901-S-Crystal-Lake-Dr,-Orlando,-FL-32806","901 S Crystal Lake Dr, Orlando, FL 32806",901 S Crystal Lake Dr,,Orlando,FL,32806,Orange County,28.531469,-81.343114,single_family,4.0,3.0,6479.0,9029.0,1965.0,Inactive,795000,2020-09-22T02:27:04.540Z,686,13.586098651497313
"1921-Hamilton-Ln,-Orlando,-FL-32806","1921 Hamilton Ln, Orlando, FL 32806",1921 Hamilton Ln,,Orlando,FL,32806,Orange County,28.519556,-81.3683,single_family,4.0,2.0,3645.0,9029.0,1965.0,Inactive,749998,2020-12-05T16:34:54.632Z,611,13.52782715217827
"1367-Campbell-St,-Orlando,-FL-32806","1367 Campbell St, Orlando, FL 32806",1367 Campbell St,,Orlando,FL,32806,Orange County,28.499292,-81.361639,single_family,4.0,4.0,3737.0,9029.0,1965.0,Inactive,699900,2020-09-22T02:24:02.344Z,686,13.45869417545215
"1002-Campbell-St,-Orlando,-FL-32806","1002 Campbell St, Orlando, FL 32806",1002 Campbell St,,Orlando,FL,32806,Orange County,28.49944,-81.365699,single_family,5.0,3.0,3399.0,9029.0,1965.0,Inactive,624900,2020-10-28T17:29:28.369Z,649,13.345348516171933
"1555-Waterwitch-Dr,-Orlando,-FL-32806","1555 Waterwitch Dr, Orlando, FL 32806",1555 Waterwitch Dr,,Orlando,FL,32806,Orange County,28.489997,-81.362403,single_family,4.0,3.0,2700.0,9029.0,1965.0,Inactive,569000,2020-09-22T02:09:09.627Z,686,13.251637470576167
"2531-Saint-Heather-Way,-Orlando,-FL-32806","2531 Saint Heather Way, Orlando, FL 32806",2531 Saint Heather Way,,Orlando,FL,32806,Orange County,28.518465,-81.349434,single_family,4.0,2.0,2794.0,9029.0,1965.0,Inactive,550000,2020-09-22T02:09:09.628Z,686,13.217675375388819
"1613-Bimini-Dr,-Orlando,-FL-32806","1613 Bimini Dr, Orlando, FL 32806",1613 Bimini Dr,,Orlando,FL,32806,Orange County,28.529299,-81.359041,single_family,3.0,2.0,2110.0,9029.0,1965.0,Inactive,545000,2020-12-09T16:00:31.528Z,607,13.208542908506082
"1300-Sweetbriar-Rd,-Orlando,-FL-32806","1300 Sweetbriar Rd, Orlando, FL 32806",1300 Sweetbriar Rd,,Orlando,FL,32806,Orange County,28.500549,-81.362079,single_family,4.0,2.0,3085.0,9029.0,1965.0,Inactive,485000,2020-11-01T18:41:20.600Z,645,13.091906231773164
"2336-E-Jersey-Ave,-Orlando,-FL-32806","2336 E Jersey Ave, Orlando, FL 32806",2336 E Jersey Ave,,Orlando,FL,32806,Orange County,28.51403,-81.352367,single_family,4.0,4.0,1920.0,9029.0,1965.0,Inactive,497000,2020-11-07T16:41:58.295Z,639,13.116347317149176
"1619-Antigua-Dr,-Orlando,-FL-32806","1619 Antigua Dr, Orlando, FL 32806",1619 Antigua Dr,,Orlando,FL,32806,Orange County,28.528435,-81.358645,single_family,3.0,2.0,1821.0,9029.0,1965.0,Inactive,449900,2020-10-27T17:30:47.713Z,650,13.016782837542953
"3875-S-Fern-Creek-Ave,-Orlando,-FL-32806","3875 S Fern Creek Ave, Orlando, FL 32806",3875 S Fern Creek Ave,,Orlando,FL,32806,Orange County,28.500771,-81.359492,single_family,3.0,2.0,1904.0,9029.0,1965.0,Inactive,445000,2020-12-04T05:00:10.759Z,613,13.005831808336863
"305-E-Jersey-St,-Orlando,-FL-32806","305 E Jersey St, Orlando, FL 32806",305 E Jersey St,,Orlando,FL,32806,Orange County,28.514143,-81.373717,single_family,4.0,2.0,1917.0,9029.0,1965.0,Inactive,429000,2020-12-13T15:48:34.850Z,603,12.969214528909768
"406-E-Grant-St,-Orlando,-FL-32806","406 E Grant St, Orlando, FL 32806",406 E Grant St,,Orlando,FL,32806,Orange County,28.516366,-81.371793,single_family,3.0,2.0,1434.0,9029.0,1965.0,Inactive,429000,2020-09-22T01:51:28.776Z,686,12.969214528909768
"1406-Edmundshire-Ln,-Orlando,-FL-32806","1406 Edmundshire Ln, Orlando, FL 32806",1406 Edmundshire Ln,,Orlando,FL,32806,Orange County,28.525159,-81.333311,single_family,3.0,3.0,2215.0,9029.0,1965.0,Inactive,424000,2020-10-13T17:16:25.061Z,664,12.95749109270188
"2901-Dellwood-Dr,-Orlando,-FL-32806","2901 Dellwood Dr, Orlando, FL 32806",2901 Dellwood Dr,,Orlando,FL,32806,Orange County,28.529422,-81.346349,single_family,3.0,2.0,1635.0,9029.0,1965.0,Inactive,415000,2020-12-16T15:17:59.797Z,600,12.936036208848487
"1216-Newcastle-Dr,-Orlando,-FL-32806","1216 Newcastle Dr, Orlando, FL 32806",1216 Newcastle Dr,,Orlando,FL,32806,Orange County,28.527163,-81.342742,single_family,4.0,2.0,1808.0,9029.0,1965.0,Inactive,414999,2020-10-31T16:21:41.900Z,646,12.936033799212835
"2909-Nancy-St,-Orlando,-FL-32806","2909 Nancy St, Orlando, FL 32806",2909 Nancy St,,Orlando,FL,32806,Orange County,28.527605,-81.345828,single_family,4.0,2.0,1591.0,9029.0,1965.0,Inactive,400000,2020-11-06T16:57:23.140Z,640,12.899222326086994
"1156-Delaney-Ave,-Unit-1156,-Orlando,-FL-32806","1156 Delaney Ave, Unit 1156, Orlando, FL 32806",1156 Delaney Ave,Unit 1156,Orlando,FL,32806,Orange County,28.527701,-81.373336,condo,2.0,2.0,1500.0,9029.0,1965.0,Inactive,399000,2020-09-22T01:27:30.306Z,686,12.896719202134523
"1303-Canberra-Ave,-Orlando,-FL-32806","1303 Canberra Ave, Orlando, FL 32806",1303 Canberra Ave,,Orlando,FL,32806,Orange County,28.526323,-81.339304,single_family,3.0,2.0,1849.0,9029.0,1965.0,Inactive,395000,2020-09-22T01:18:31.303Z,686,12.886643575525625
"1001-Lake-Emerald-Dr,-Orlando,-FL-32806","1001 Lake Emerald Dr, Orlando, FL 32806",1001 Lake Emerald Dr,,Orlando,FL,32806,Orange County,28.530184,-81.362331,single_family,3.0,2.0,1538.0,9029.0,1965.0,Inactive,394900,2020-09-22T01:27:30.310Z,686,12.88639037955819
"3507-Marwood-Dr,-Orlando,-FL-32806","3507 Marwood Dr, Orlando, FL 32806",3507 Marwood Dr,,Orlando,FL,32806,Orange County,28.501333,-81.348065,single_family,4.0,2.0,1920.0,9029.0,1965.0,Inactive,385000,2020-09-22T01:18:31.302Z,686,12.861001210669146
"595-Edgerly-Pl,-Orlando,-FL-32806","595 Edgerly Pl, Orlando, FL 32806",595 Edgerly Pl,,Orlando,FL,32806,Orange County,28.514329,-81.368187,condo,4.0,2.0,1858.0,9029.0,1965.0,Inactive,384900,2020-09-22T01:22:08.022Z,686,12.860741437345885
"1511-E-Kaley-St,-Orlando,-FL-32806","1511 E Kaley St, Orlando, FL 32806",1511 E Kaley St,,Orlando,FL,32806,Orange County,28.52066,-81.360534,apartment,4.0,2.0,1582.0,9029.0,1965.0,Inactive,375000,2020-10-15T18:36:46.939Z,662,12.834683971615659
"2104-Mae-St,-Orlando,-FL-32806","2104 Mae St, Orlando, FL 32806",2104 Mae St,,Orlando,FL,32806,Orange County,28.516867,-81.356948,single_family,3.0,2.0,1850.0,9029.0,1965.0,Inactive,369000,2020-11-20T20:27:38.934Z,626,12.818554633046093
"2301-Peel-Ave,-Orlando,-FL-32806","2301 Peel Ave, Orlando, FL 32806",2301 Peel Ave,,Orlando,FL,32806,Orange County,28.516634,-81.347162,single_family,3.0,2.0,1964.0,9029.0,1965.0,Inactive,365000,2020-11-25T15:40:57.257Z,621,12.807655372286902
"2401-Sheffield-Ave,-Orlando,-FL-32806","2401 Sheffield Ave, Orlando, FL 32806",2401 Sheffield Ave,,Orlando,FL,32806,Orange County,28.507069,-81.351011,single_family,4.0,2.0,1589.0,9029.0,1965.0,Inactive,365000,2020-11-12T17:55:26.112Z,634,12.807655372286902
"579-Edgerly-Pl,-Orlando,-FL-32806","579 Edgerly Pl, Orlando, FL 32806",579 Edgerly Pl,,Orlando,FL,32806,Orange County,28.514328,-81.368332,condo,4.0,2.0,2048.0,9029.0,1965.0,Inactive,350000,2020-09-22T01:02:18.138Z,686,12.765691290604371
"425-Page-St,-Orlando,-FL-32806","425 Page St, Orlando, FL 32806",425 Page St,,Orlando,FL,32806,Orange County,28.516003,-81.371089,single_family,4.0,2.0,1692.0,9029.0,1965.0,Inactive,349000,2020-11-12T17:30:21.815Z,634,12.762830066509972
"2810-Vine-St,-Orlando,-FL-32806","2810 Vine St, Orlando, FL 32806",2810 Vine St,,Orlando,FL,32806,Orange County,28.526148,-81.346806,single_family,3.0,2.0,1500.0,9029.0,1965.0,Inactive,348000,2020-11-27T16:23:19.659Z,619,12.759960632315702
"541-Lanark-Ct,-Orlando,-FL-32806","541 Lanark Ct, Orlando, FL 32806",541 Lanark Ct,,Orlando,FL,32806,Orange County,28.514619,-81.368899,condo,4.0,2.0,2140.0,9029.0,1965.0,Inactive,346250,2020-10-24T17:20:09.414Z,653,12.754919224566157
"1324-Cloverlawn-Ave,-Orlando,-FL-32806","1324 Cloverlawn Ave, Orlando, FL 32806",1324 Cloverlawn Ave,,Orlando,FL,32806,Orange County,28.525927,-81.355083,single_family,3.0,2.0,1477.0,9029.0,1965.0,Inactive,336500,2020-09-21T23:52:12.993Z,686,12.726356399830706
"3219-Dupree-Ave,-Orlando,-FL-32806","3219 Dupree Ave, Orlando, FL 32806",3219 Dupree Ave,,Orlando,FL,32806,Orange County,28.521967,-81.342489,single_family,4.0,2.0,1525.0,9029.0,1965.0,Inactive,337000,2020-10-09T16:54:51.585Z,668,12.727841176689147
"2412-S-Summerlin-Ave,-Orlando,-FL-32806","2412 S Summerlin Ave, Orlando, FL 32806",2412 S Summerlin Ave,,Orlando,FL,32806,Orange County,28.515335,-81.368918,single_family,3.0,2.0,1334.0,9029.0,1965.0,Inactive,335000,2020-12-10T15:50:08.814Z,606,12.721888795877375
"1512-Overlake-Ave,-Orlando,-FL-32806","1512 Overlake Ave, Orlando, FL 32806",1512 Overlake Ave,,Orlando,FL,32806,Orange County,28.496889,-81.358754,single_family,3.0,2.0,1389.0,9029.0,1965.0,Inactive,330000,2020-10-15T18:24:12.595Z,662,12.706850963741102
"2316-Conway-Gardens-Rd,-Orlando,-FL-32806","2316 Conway Gardens Rd, Orlando, FL 32806",2316 Conway Gardens Rd,,Orlando,FL,32806,Orange County,28.516238,-81.339521,single_family,3.0,2.0,1442.0,9029.0,1965.0,Inactive,325000,2020-12-17T15:37:21.602Z,599,12.691583538230217
"3131-Onyx-Ct,-Orlando,-FL-32806","3131 Onyx Ct, Orlando, FL 32806",3131 Onyx Ct,,Orlando,FL,32806,Orange County,28.504151,-81.37114,single_family,4.0,3.0,1819.0,9029.0,1965.0,Inactive,325000,2020-11-13T15:32:12.770Z,633,12.691583538230217
"430-E-Muriel-St,-Orlando,-FL-32806","430 E Muriel St, Orlando, FL 32806",430 E Muriel St,,Orlando,FL,32806,Orange County,28.517263,-81.370967,single_family,3.0,1.0,1109.0,9029.0,1965.0,Inactive,324900,2020-12-11T16:05:16.166Z,605,12.691275799522568
"2115-Pine-Bluff-Ave,-Orlando,-FL-32806","2115 Pine Bluff Ave, Orlando, FL 32806",2115 Pine Bluff Ave,,Orlando,FL,32806,Orange County,28.517674,-81.361774,condo,3.0,2.0,1767.0,9029.0,1965.0,Inactive,320000,2020-11-06T16:28:00.259Z,640,12.676079399771027
"2900-Hargill-Dr,-Orlando,-FL-32806","2900 Hargill Dr, Orlando, FL 32806",2900 Hargill Dr,,Orlando,FL,32806,Orange County,28.527972,-81.346462,single_family,3.0,1.0,1501.0,9029.0,1965.0,Inactive,319000,2020-09-22T00:23:46.985Z,686,12.672949516558306
"410-E-Gore-St,-Orlando,-FL-32806","410 E Gore St, Orlando, FL 32806",410 E Gore St,,Orlando,FL,32806,Orange County,28.530509,-81.372315,single_family,3.0,1.0,923.0,9029.0,1965.0,Inactive,309900,2020-09-21T23:40:32.691Z,686,12.644008170618003
"5-W-Harding-St,-Unit-B,-Orlando,-FL-32806","5 W Harding St, Unit B, Orlando, FL 32806",5 W Harding St,Unit B,Orlando,FL,32806,Orange County,28.51864,-81.377383,condo,3.0,2.0,1589.0,9029.0,1965.0,Inactive,309900,2020-12-18T17:36:03.597Z,598,12.644008170618003
"2609-Hargill-Dr,-Orlando,-FL-32806","2609 Hargill Dr, Orlando, FL 32806",2609 Hargill Dr,,Orlando,FL,32806,Orange County,28.528489,-81.349326,single_family,3.0,2.0,1455.0,9029.0,1965.0,Inactive,300000,2020-11-14T16:14:48.325Z,632,12.611541086966115
"3226-Debbie-Dr,-Orlando,-FL-32806","3226 Debbie Dr, Orlando, FL 32806",3226 Debbie Dr,,Orlando,FL,32806,Orange County,28.502849,-81.342066,single_family,4.0,2.0,1405.0,9029.0,1965.0,Inactive,299900,2020-11-23T16:37:27.275Z,623,12.611207699176356
"1720-Weeks-Ave,-Orlando,-FL-32806","1720 Weeks Ave, Orlando, FL 32806",1720 Weeks Ave,,Orlando,FL,32806,Orange County,28.502835,-81.357403,single_family,3.0,2.0,1445.0,9029.0,1965.0,Inactive,297000,2020-12-11T15:39:17.842Z,605,12.601490784782536
"2823-S-Brown-Ave,-Orlando,-FL-32806","2823 S Brown Ave, Orlando, FL 32806",2823 S Brown Ave,,Orlando,FL,32806,Orange County,28.510321,-81.361588,single_family,3.0,2.0,1122.0,9029.0,1965.0,Inactive,295000,2020-09-21T23:37:48.112Z,686,12.59473402514672
"1211-E-Gore-St,-Orlando,-FL-32806","1211 E Gore St, Orlando, FL 32806",1211 E Gore St,,Orlando,FL,32806,Orange County,28.531485,-81.363678,single_family,2.0,1.0,944.0,9029.0,1965.0,Inactive,294000,2020-10-03T17:00:08.582Z,674,12.591338447675579
"1266-Saint-Tropez-Cir,-Unit-1266,-Orlando,-FL-32806","1266 Saint Tropez Cir, Unit 1266, Orlando, FL 32806",1266 Saint Tropez Cir,Unit 1266,Orlando,FL,32806,Orange County,28.511122,-81.363435,condo,2.0,2.0,1380.0,9029.0,1965.0,Inactive,270000,2020-11-11T17:31:26.401Z,635,12.506180941677357
"2295-E-Crystal-Lake-Ave,-Orlando,-FL-32806","2295 E Crystal Lake Ave, Orlando, FL 32806",2295 E Crystal Lake Ave,,Orlando,FL,32806,Orange County,28.51526,-81.353553,single_family,3.0,1.0,1318.0,9029.0,1965.0,Inactive,269900,2020-12-11T15:08:34.899Z,605,12.505810504075185
"1607-Triangle-Ave,-Orlando,-FL-32806","1607 Triangle Ave, Orlando, FL 32806",1607 Triangle Ave,,Orlando,FL,32806,Orange County,28.518152,-81.359518,single_family,3.0,1.0,1406.0,9029.0,1965.0,Inactive,259900,2020-10-02T15:34:10.324Z,675,12.468056068255885
"3108-Page-Ave,-Orlando,-FL-32806","3108 Page Ave, Orlando, FL 32806",3108 Page Ave,,Orlando,FL,32806,Orange County,28.515688,-81.343886,single_family,2.0,1.0,984.0,9029.0,1965.0,Inactive,254900,2020-09-21T21:33:14.063Z,686,12.448630513463613
"1621-S-Bumby-Ave,-Orlando,-FL-32806","1621 S Bumby Ave, Orlando, FL 32806",1621 S Bumby Ave,,Orlando,FL,32806,Orange County,28.522893,-81.35136,single_family,3.0,2.0,1110.0,9029.0,1965.0,Inactive,250000,2020-11-20T19:33:58.697Z,626,12.429220196836383
"3321-Ontario-Ave,-Orlando,-FL-32806","3321 Ontario Ave, Orlando, FL 32806",3321 Ontario Ave,,Orlando,FL,32806,Orange County,28.502567,-81.35539,single_family,3.0,1.0,1013.0,9029.0,1965.0,Inactive,249000,2020-11-02T15:46:26.792Z,644,12.425212191503038
"3346-Lila-Dr,-Orlando,-FL-32806","3346 Lila Dr, Orlando, FL 32806",3346 Lila Dr,,Orlando,FL,32806,Orange County,28.504627,-81.346678,single_family,3.0,1.0,1532.0,9029.0,1965.0,Inactive,249000,2020-09-21T21:29:02.056Z,686,12.425212191503038
"3504-Lake-Margaret-Dr,-Orlando,-FL-32806","3504 Lake Margaret Dr, Orlando, FL 32806",3504 Lake Margaret Dr,,Orlando,FL,32806,Orange County,28.505899,-81.339625,single_family,3.0,2.0,1298.0,9029.0,1965.0,Inactive,239000,2020-10-30T14:50:00.821Z,647,12.384223015005313
"1020-E-Michigan-St,-Unit-220,-Orlando,-FL-32806","1020 E Michigan St, Unit 220, Orlando, FL 32806",1020 E Michigan St,Unit 220,Orlando,FL,32806,Orange County,28.509555,-81.364943,condo,3.0,2.0,1316.0,9029.0,1965.0,Inactive,189900,2020-11-20T18:54:29.348Z,626,12.15425816271595
"734-E-Michigan-St,-Unit-109,-Orlando,-FL-32806","734 E Michigan St, Unit 109, Orlando, FL 32806",734 E Michigan St,Unit 109,Orlando,FL,32806,Orange County,28.511508,-81.367656,condo,2.0,2.0,994.0,9029.0,1965.0,Inactive,164900,2020-09-15T21:47:22.434Z,692,12.013100572810686
"2266-Raeford-Rd,-Unit-A6,-Orlando,-FL-32806","2266 Raeford Rd, Unit A6, Orlando, FL 32806",2266 Raeford Rd,Unit A6,Orlando,FL,32806,Orange County,28.509288,-81.352686,condo,2.0,1.0,677.0,9029.0,1965.0,Inactive,127900,2020-12-04T01:00:30.006Z,612,11.759011806144656
"758-E-Michigan-St,-Unit-200,-Orlando,-FL-32806","758 E Michigan St, Unit 200, Orlando, FL 32806",758 E Michigan St,Unit 200,Orlando,FL,32806,Orange County,28.511012,-81.367986,condo,1.0,1.0,633.0,9029.0,1965.0,Inactive,104000,2020-11-20T15:22:52.309Z,626,11.552155793461898
"2506-Hawthorne-St,-Orlando,-FL-32806","2506 Hawthorne St, Orlando, FL 32806",2506 Hawthorne St,,Orlando,FL,32806,Orange County,28.507445,-81.350316,single_family,3.0,2.0,2246.0,9029.0,1965.0,Inactive,392000,2020-11-14T16:42:11.003Z,632,12.879019669789754
"1100-Delaney-Ave,-Apt-F404,-Orlando,-FL-32806","1100 Delaney Ave, Apt F404, Orlando, FL 32806",1100 Delaney Ave,Apt F404,Orlando,FL,32806,Orange County,28.528088,-81.373257,condo,1.0,1.0,751.0,9029.0,1965.0,Inactive,166000,2020-09-15T21:47:22.433Z,692,12.019749091416921
"207-E-Harding-St,-Orlando,-FL-32806","207 E Harding St, Orlando, FL 32806",207 E Harding St,,Orlando,FL,32806,Orange County,28.518705,-81.373949,single_family,2.0,1.0,1026.0,9029.0,1965.0,Inactive,285000,2020-11-14T15:46:07.547Z,632,12.560247968016562
"1210-E-Kaley-St,-Orlando,-FL-32806","1210 E Kaley St, Orlando, FL 32806",1210 E Kaley St,,Orlando,FL,32806,Orange County,28.520105,-81.363505,single_family,5.0,3.0,2750.0,9029.0,1965.0,Inactive,675000,2020-11-19T17:34:11.102Z,627,13.42246945133505
"1919-Geigel-Ave,-Orlando,-FL-32806","1919 Geigel Ave, Orlando, FL 32806",1919 Geigel Ave,,Orlando,FL,32806,Orange County,28.501563,-81.354483,single_family,3.0,2.0,1321.0,9029.0,1965.0,Inactive,297400,2020-10-07T17:15:06.866Z,670,12.60283667547732
"1305-E-Gore-St,-Orlando,-FL-32806","1305 E Gore St, Orlando, FL 32806",1305 E Gore St,,Orlando,FL,32806,Orange County,28.531578,-81.362737,single_family,4.0,2.0,3348.0,9029.0,1965.0,Inactive,659000,2020-09-22T02:20:11.232Z,685,13.398480330934175
"3509-Kramer-Ln,-Orlando,-FL-32806","3509 Kramer Ln, Orlando, FL 32806",3509 Kramer Ln,,Orlando,FL,32806,Orange County,28.5106,-81.340614,single_family,4.0,3.0,1602.0,9029.0,1965.0,Inactive,364999,2020-11-18T16:37:48.176Z,628,12.80765263256463
"2830-S-Fern-Creek-Ave,-Orlando,-FL-32806","2830 S Fern Creek Ave, Orlando, FL 32806",2830 S Fern Creek Ave,,Orlando,FL,32806,Orange County,28.509657,-81.360003,single_family,3.0,2.0,1266.0,9029.0,1965.0,Inactive,299900,2020-10-04T15:33:45.028Z,673,12.611207699176356
"2627-Overlake-Ave,-Orlando,-FL-32806","2627 Overlake Ave, Orlando, FL 32806",2627 Overlake Ave,,Orlando,FL,32806,Orange County,28.497209,-81.347722,single_family,3.0,2.0,1801.0,9029.0,1965.0,Inactive,369900,2020-10-15T18:33:53.158Z,662,12.820990681250251
"754-E-Michigan-St,-Unit-183,-Orlando,-FL-32806","754 E Michigan St, Unit 183, Orlando, FL 32806",754 E Michigan St,Unit 183,Orlando,FL,32806,Orange County,28.511447,-81.368245,condo,1.0,1.0,633.0,9029.0,1965.0,Inactive,104900,2020-09-15T19:16:09.129Z,692,11.560772327227417
"1319-Roscomare-Ave,-Orlando,-FL-32806","1319 Roscomare Ave, Orlando, FL 32806",1319 Roscomare Ave,,Orlando,FL,32806,Orange County,28.525798,-81.334625,single_family,3.0,2.0,2000.0,9029.0,1965.0,Inactive,399900,2020-11-07T16:19:43.041Z,639,12.89897229545694
"133-Wisteria-Ave,-Orlando,-FL-32806","133 Wisteria Ave, Orlando, FL 32806",133 Wisteria Ave,,Orlando,FL,32806,Orange County,28.524791,-81.375473,single_family,4.0,2.0,1493.0,9029.0,1965.0,Inactive,359900,2020-09-22T01:18:31.305Z,685,12.79358427261286
"3321-Toasy-Dr,-Orlando,-FL-32806","3321 Toasy Dr, Orlando, FL 32806",3321 Toasy Dr,,Orlando,FL,32806,Orange County,28.502717,-81.339744,single_family,3.0,2.0,1343.0,9029.0,1965.0,Inactive,305000,2020-10-08T16:55:01.814Z,669,12.628070334272698
"2914-Overlake-Ave,-Orlando,-FL-32806","2914 Overlake Ave, Orlando, FL 32806",2914 Overlake Ave,,Orlando,FL,32806,Orange County,28.496735,-81.344638,single_family,3.0,2.0,2222.0,9029.0,1965.0,Inactive,675000,2020-11-14T17:05:41.318Z,632,13.42246945133505
"3123-S-Crystal-Lake-Dr,-Orlando,-FL-32806","3123 S Crystal Lake Dr, Orlando, FL 32806",3123 S Crystal Lake Dr,,Orlando,FL,32806,Orange County,28.505132,-81.342395,single_family,3.0,2.0,2408.0,9029.0,1965.0,Inactive,484900,2020-09-22T02:02:19.926Z,685,13.0917000253722
"2131-Dawley-Ave,-Orlando,-FL-32806","2131 Dawley Ave, Orlando, FL 32806",2131 Dawley Ave,,Orlando,FL,32806,Orange County,28.517028,-81.345137,single_family,4.0,2.0,1718.0,9029.0,1965.0,Inactive,339900,2020-10-21T16:55:05.941Z,656,12.736409677721657
"4000-Waterfront-Pkwy,-Orlando,-FL-32806","4000 Waterfront Pkwy, Orlando, FL 32806",4000 Waterfront Pkwy,,Orlando,FL,32806,Orange County,28.496357,-81.344062,single_family,4.0,3.0,1914.0,9029.0,1965.0,Inactive,635000,2020-09-22T02:12:22.099Z,685,13.361381852676738
"1319-Lake-Willisara-Cir,-Unit-1319,-Orlando,-FL-32806","1319 Lake Willisara Cir, Unit 1319, Orlando, FL 32806",1319 Lake Willisara Cir,Unit 1319,Orlando,FL,32806,Orange County,28.509177,-81.362588,condo,2.0,2.0,1300.0,9029.0,1965.0,Inactive,260000,2020-10-14T15:49:13.478Z,663,12.468440756144114
"2401-Peel-Ave,-Orlando,-FL-32806","2401 Peel Ave, Orlando, FL 32806",2401 Peel Ave,,Orlando,FL,32806,Orange County,28.515773,-81.347146,single_family,3.0,2.0,1364.0,9029.0,1965.0,Inactive,239900,2020-09-21T21:29:02.072Z,686,12.3879816172226
"2924-E-Michigan-St,-Orlando,-FL-32806","2924 E Michigan St, Orlando, FL 32806",2924 E Michigan St,,Orlando,FL,32806,Orange County,28.512864,-81.345715,single_family,3.0,1.0,850.0,9029.0,1965.0,Inactive,151000,2020-11-13T11:43:37.866Z,633,11.92504173829169
"3609-S-Rosalind-Ave,-Orlando,-FL-32806","3609 S Rosalind Ave, Orlando, FL 32806",3609 S Rosalind Ave,,Orlando,FL,32806,Orange County,28.501649,-81.374005,single_family,3.0,1.0,2295.0,9029.0,1965.0,Inactive,517000,2020-09-22T02:06:59.987Z,685,13.155800087724673
"1453-Wald-Rd,-Orlando,-FL-32806","1453 Wald Rd, Orlando, FL 32806",1453 Wald Rd,,Orlando,FL,32806,Orange County,28.502889,-81.360079,single_family,4.0,2.0,3087.0,9029.0,1965.0,Inactive,636732,2020-09-22T02:12:22.089Z,685,13.364105694409135
"3208-Dupree-Ave,-Orlando,-FL-32806","3208 Dupree Ave, Orlando, FL 32806",3208 Dupree Ave,,Orlando,FL,32806,Orange County,28.521483,-81.342922,single_family,3.0,2.0,1546.0,9029.0,1965.0,Inactive,340000,2020-10-23T16:48:43.350Z,654,12.73670383776449
"433-Woodland-St,-Orlando,-FL-32806","433 Woodland St, Orlando, FL 32806",433 Woodland St,,Orlando,FL,32806,Orange County,28.522843,-81.370952,single_family,5.0,3.0,3223.0,9029.0,1965.0,Inactive,850000,2020-10-06T18:11:37.949Z,671,13.652992804936396
"2445-Stoneview-Rd,-Orlando,-FL-32806","2445 Stoneview Rd, Orlando, FL 32806",2445 Stoneview Rd,,Orlando,FL,32806,Orange County,28.51706,-81.349906,single_family,4.0,2.0,5140.0,9029.0,1965.0,Inactive,799900,2020-09-22T02:25:33.348Z,685,13.592243248992402
"234-E-Grant-St,-Orlando,-FL-32806","234 E Grant St, Orlando, FL 32806",234 E Grant St,,Orlando,FL,32806,Orange County,28.516369,-81.372948,single_family,5.0,4.0,3087.0,9029.0,1965.0,Inactive,699900,2020-09-22T02:24:02.345Z,685,13.45869417545215
"436-Avalon-Blvd,-Orlando,-FL-32806","436 Avalon Blvd, Orlando, FL 32806",436 Avalon Blvd,,Orlando,FL,32806,Orange County,28.521403,-81.370731,single_family,4.0,3.0,2222.0,9029.0,1965.0,Inactive,650000,2020-09-22T02:24:02.338Z,685,13.384729180332174
"117-E-Muriel-St,-Unit-8,-Orlando,-FL-32806","117 E Muriel St, Unit 8, Orlando, FL 32806",117 E Muriel St,Unit 8,Orlando,FL,32806,Orange County,28.517768,-81.375537,condo,3.0,2.0,2246.0,9029.0,1965.0,Inactive,424900,2020-09-22T01:51:28.785Z,685,12.959611479595074
"219-E-Crystal-Lake-St,-Orlando,-FL-32806","219 E Crystal Lake St, Orlando, FL 32806",219 E Crystal Lake St,,Orlando,FL,32806,Orange County,28.51506,-81.373575,single_family,2.0,2.0,1080.0,9029.0,1965.0,Inactive,359900,2020-10-10T16:57:42.123Z,667,12.79358427261286
"1518-Gatlin-Ave,-Orlando,-FL-32806","1518 Gatlin Ave, Orlando, FL 32806",1518 Gatlin Ave,,Orlando,FL,32806,Orange County,28.494576,-81.360938,single_family,3.0,2.0,2529.0,9029.0,1965.0,Inactive,349900,2020-09-22T01:02:18.142Z,685,12.765405536311112
"330-E-Kaley-St,-Orlando,-FL-32806","330 E Kaley St, Orlando, FL 32806",330 E Kaley St,,Orlando,FL,32806,Orange County,28.519989,-81.373202,condo,3.0,2.0,1671.0,9029.0,1965.0,Inactive,307000,2020-09-21T23:49:35.403Z,685,12.634606283893019
"2699-Orange-Peel-Ct,-Orlando,-FL-32806","2699 Orange Peel Ct, Orlando, FL 32806",2699 Orange Peel Ct,,Orlando,FL,32806,Orange County,28.522423,-81.347782,condo,2.0,2.0,1217.0,9029.0,1965.0,Inactive,229900,2020-10-23T14:24:16.562Z,654,12.345404060459082
"2000-E-Grant-Ave,-Orlando,-FL-32806","2000 E Grant Ave, Orlando, FL 32806",2000 E Grant Ave,,Orlando,FL,32806,Orange County,28.516682,-81.355671,single_family,2.0,1.0,738.0,9029.0,1965.0,Inactive,189900,2020-10-28T13:56:39.760Z,649,12.15425816271595
"1902-Geigel-Ave,-Orlando,-FL-32806","1902 Geigel Ave, Orlando, FL 32806",1902 Geigel Ave,,Orlando,FL,32806,Orange County,28.501009,-81.355443,single_family,3.0,2.0,2576.0,9029.0,1965.0,Inactive,519900,2020-09-26T22:27:01.089Z,680,13.161393687816775
"1714-E-Kaley-Ave,-Orlando,-FL-32806","1714 E Kaley Ave, Orlando, FL 32806",1714 E Kaley Ave,,Orlando,FL,32806,Orange County,28.519545,-81.357331,apartment,6.0,3.0,1582.0,9029.0,1965.0,Inactive,375000,2020-09-28T16:55:50.565Z,679,12.834683971615659
"3020-Delaney-St,-Orlando,-FL-32806","3020 Delaney St, Orlando, FL 32806",3020 Delaney St,,Orlando,FL,32806,Orange County,28.505662,-81.371961,single_family,4.0,3.0,2056.0,9029.0,1965.0,Inactive,350000,2020-10-09T16:59:12.152Z,668,12.765691290604371
"2712-Shannon-Rd,-Orlando,-FL-32806","2712 Shannon Rd, Orlando, FL 32806",2712 Shannon Rd,,Orlando,FL,32806,Orange County,28.510045,-81.348627,single_family,3.0,2.0,1447.0,9029.0,1965.0,Inactive,329000,2020-10-06T17:16:32.078Z,671,12.703816069256568
"968-E-Michigan-St,-Unit-968,-Orlando,-FL-32806","968 E Michigan St, Unit 968, Orlando, FL 32806",968 E Michigan St,Unit 968,Orlando,FL,32806,Orange County,28.511479,-81.365338,condo,3.0,2.0,1278.0,9029.0,1965.0,Inactive,159900,2020-10-30T11:42:37.815Z,647,11.982310152711182
"1001-Sweetbriar-Rd,-Orlando,-FL-32806","1001 Sweetbriar Rd, Orlando, FL 32806",1001 Sweetbriar Rd,,Orlando,FL,32806,Orange County,28.500987,-81.365775,single_family,3.0,2.0,2388.0,9029.0,1965.0,Inactive,599000,2020-09-24T21:58:40.498Z,683,13.303018546545275
"1311-Briercliff-Dr,-Orlando,-FL-32806","1311 Briercliff Dr, Orlando, FL 32806",1311 Briercliff Dr,,Orlando,FL,32806,Orange County,28.527689,-81.362821,single_family,2.0,1.0,821.0,9029.0,1965.0,Inactive,320000,2020-11-17T17:50:54.945Z,629,12.676079399771027
"3526-Page-Ave,-Orlando,-FL-32806","3526 Page Ave, Orlando, FL 32806",3526 Page Ave,,Orlando,FL,32806,Orange County,28.515823,-81.339798,single_family,3.0,2.0,1369.0,9029.0,1965.0,Inactive,249900,2020-10-07T16:39:34.898Z,670,12.428820118415677
"206-E-Grant-St,-Unit-1,-Orlando,-FL-32806","206 E Grant St, Unit 1, Orlando, FL 32806",206 E Grant St,Unit 1,Orlando,FL,32806,Orange County,28.516357,-81.374059,single_family,4.0,4.0,2886.0,9029.0,1965.0,Inactive,655000,2020-10-21T17:35:10.774Z,656,13.39239204133378
"2801-Lake-Arnold-Pl,-Orlando,-FL-32806","2801 Lake Arnold Pl, Orlando, FL 32806",2801 Lake Arnold Pl,,Orlando,FL,32806,Orange County,28.531237,-81.347317,single_family,3.0,2.0,2089.0,9029.0,1965.0,Inactive,474900,2020-10-10T17:34:40.864Z,667,13.07086164024146
"3403-S-Fern-Creek-Ave,-Orlando,-FL-32806","3403 S Fern Creek Ave, Orlando, FL 32806",3403 S Fern Creek Ave,,Orlando,FL,32806,Orange County,28.505404,-81.359476,single_family,3.0,2.0,1167.0,9029.0,1965.0,Inactive,265000,2020-09-21T23:28:00.151Z,685,12.487488878546145
"1809-Pepperidge-Dr,-Orlando,-FL-32806","1809 Pepperidge Dr, Orlando, FL 32806",1809 Pepperidge Dr,,Orlando,FL,32806,Orange County,28.52751,-81.357021,single_family,4.0,2.0,2809.0,9029.0,1965.0,Inactive,689000,2020-09-22T02:20:11.241Z,685,13.442998001373553
"61-W-Harding-St,-Orlando,-FL-32806","61 W Harding St, Orlando, FL 32806",61 W Harding St,,Orlando,FL,32806,Orange County,28.518692,-81.378407,single_family,3.0,2.0,1512.0,9029.0,1965.0,Inactive,349900,2020-09-22T00:42:02.976Z,685,12.765405536311112
"2944-Sylvan-Ave,-Orlando,-FL-32806","2944 Sylvan Ave, Orlando, FL 32806",2944 Sylvan Ave,,Orlando,FL,32806,Orange County,28.507589,-81.373479,single_family,3.0,2.0,1346.0,9029.0,1965.0,Inactive,335000,2020-10-14T17:09:12.756Z,663,12.721888795877375
"2513-Lake-Wade-Ct,-Orlando,-FL-32806","2513 Lake Wade Ct, Orlando, FL 32806",2513 Lake Wade Ct,,Orlando,FL,32806,Orange County,28.514886,-81.367294,single_family,3.0,2.0,1453.0,9029.0,1965.0,Inactive,279900,2020-09-28T16:25:52.523Z,679,12.5421912482017
"2408-S-Bumby-Ave,-Orlando,-FL-32806","2408 S Bumby Ave, Orlando, FL 32806",2408 S Bumby Ave,,Orlando,FL,32806,Orange County,28.515268,-81.351923,single_family,3.0,2.0,1592.0,9029.0,1965.0,Inactive,347500,2020-09-22T00:38:43.379Z,685,12.758522821680685
"3509-S-Crystal-Lake-Dr,-Orlando,-FL-32806","3509 S Crystal Lake Dr, Orlando, FL 32806",3509 S Crystal Lake Dr,,Orlando,FL,32806,Orange County,28.50107,-81.342975,single_family,3.0,1.0,1346.0,9029.0,1965.0,Inactive,312500,2020-09-21T23:40:32.693Z,685,12.652362948153474
"1244-St-Tropez-Cir,-Unit-1244,-Orlando,-FL-32806","1244 St Tropez Cir, Unit 1244, Orlando, FL 32806",1244 St Tropez Cir,Unit 1244,Orlando,FL,32806,Orange County,28.511549,-81.363266,condo,2.0,2.0,1300.0,9029.0,1965.0,Inactive,263500,2020-10-16T16:49:47.792Z,661,12.481812442022767
"722-E-Michigan-St,-Unit-143,-Orlando,-FL-32806","722 E Michigan St, Unit 143, Orlando, FL 32806",722 E Michigan St,Unit 143,Orlando,FL,32806,Orange County,28.51266,-81.367734,condo,3.0,2.0,1181.0,9029.0,1965.0,Inactive,134000,2020-09-15T20:14:56.116Z,692,11.80560254159177
"3128-S-Bumby-Ave-Unit-S,-Orlando,-FL-32806","3128 S Bumby Ave Unit S, Orlando, FL 32806",3128 S Bumby Ave Unit S,,Orlando,FL,32806,Orange County,28.508996,-81.352857,condo,2.0,1.0,709.0,9029.0,1965.0,Inactive,118000,2020-10-16T14:38:59.712Z,661,11.678448377988165
"228-E-Miller-St,-Orlando,-FL-32806","228 E Miller St, Orlando, FL 32806",228 E Miller St,,Orlando,FL,32806,Orange County,28.523437,-81.373615,single_family,4.0,2.0,1587.0,9029.0,1965.0,Inactive,544900,2020-09-22T02:09:09.627Z,685,13.208359405768626
"552-Scotia-Pl,-Orlando,-FL-32806","552 Scotia Pl, Orlando, FL 32806",552 Scotia Pl,,Orlando,FL,32806,Orange County,28.513689,-81.368537,condo,4.0,2.0,2390.0,9029.0,1965.0,Inactive,399900,2020-09-26T22:06:08.456Z,680,12.89897229545694
"3510-Veradale-Ave,-Orlando,-FL-32806","3510 Veradale Ave, Orlando, FL 32806",3510 Veradale Ave,,Orlando,FL,32806,Orange County,28.501081,-81.340888,single_family,3.0,2.0,1374.0,9029.0,1965.0,Inactive,259900,2020-09-21T21:40:35.396Z,686,12.468056068255885
"2350-Gatlin-Ave,-Orlando,-FL-32806","2350 Gatlin Ave, Orlando, FL 32806",2350 Gatlin Ave,,Orlando,FL,32806,Orange County,28.494558,-81.352162,single_family,4.0,2.0,2484.0,9029.0,1965.0,Inactive,539900,2020-09-22T02:08:59.068Z,685,13.199141068399515
"3117-Center-St,-Orlando,-FL-32806","3117 Center St, Orlando, FL 32806",3117 Center St,,Orlando,FL,32806,Orange County,28.507905,-81.37389,apartment,5.0,4.0,1941.0,9029.0,1965.0,Inactive,359900,2020-09-22T00:42:02.975Z,685,12.79358427261286
"1817-S-Osceola-Ave,-Orlando,-FL-32806","1817 S Osceola Ave, Orlando, FL 32806",1817 S Osceola Ave,,Orlando,FL,32806,Orange County,28.520969,-81.369977,single_family,3.0,2.0,2400.0,9029.0,1965.0,Inactive,675000,2020-09-22T02:20:11.227Z,685,13.42246945133505
"1405-E-Grant-St,-Orlando,-FL-32806","1405 E Grant St, Orlando, FL 32806",1405 E Grant St,,Orlando,FL,32806,Orange County,28.516889,-81.361629,single_family,3.0,2.0,1252.0,9029.0,1965.0,Inactive,319900,2020-10-08T17:01:57.830Z,669,12.675766851909591
"3613-S-Crystal-Lake-Dr,-Orlando,-FL-32806","3613 S Crystal Lake Dr, Orlando, FL 32806",3613 S Crystal Lake Dr,,Orlando,FL,32806,Orange County,28.49949,-81.342977,single_family,3.0,2.0,1352.0,9029.0,1965.0,Inactive,259000,2020-09-21T21:59:08.460Z,685,12.464587201678082
"1501-E-Gore-St,-Orlando,-FL-32806","1501 E Gore St, Orlando, FL 32806",1501 E Gore St,,Orlando,FL,32806,Orange County,28.531527,-81.3604,single_family,2.0,2.0,929.0,9029.0,1965.0,Inactive,285000,2020-09-21T23:34:25.317Z,685,12.560247968016562
"1112-Salerno-Ct,-Unit-1112,-Orlando,-FL-32806","1112 Salerno Ct, Unit 1112, Orlando, FL 32806",1112 Salerno Ct,Unit 1112,Orlando,FL,32806,Orange County,28.509632,-81.364149,condo,3.0,3.0,1850.0,9029.0,1965.0,Inactive,345000,2020-09-22T00:42:02.972Z,685,12.75130259456002
"1227-S-Crystal-Lake-Dr,-Orlando,-FL-32806","1227 S Crystal Lake Dr, Orlando, FL 32806",1227 S Crystal Lake Dr,,Orlando,FL,32806,Orange County,28.526735,-81.343107,single_family,3.0,2.0,1468.0,9029.0,1965.0,Inactive,349000,2020-09-22T00:28:41.117Z,685,12.762830066509972
"2012-E-Grant-Ave,-Orlando,-FL-32806","2012 E Grant Ave, Orlando, FL 32806",2012 E Grant Ave,,Orlando,FL,32806,Orange County,28.516543,-81.354872,single_family,2.0,1.0,967.0,9029.0,1965.0,Inactive,219900,2020-09-21T20:55:22.314Z,686,12.300932724054114
"1504-Overlake-Ave,-Orlando,-FL-32806","1504 Overlake Ave, Orlando, FL 32806",1504 Overlake Ave,,Orlando,FL,32806,Orange County,28.496886,-81.359233,single_family,3.0,2.0,1959.0,9029.0,1965.0,Inactive,399900,2020-09-22T01:22:08.020Z,685,12.89897229545694
"1641-Poe-Ave,-Orlando,-FL-32806","1641 Poe Ave, Orlando, FL 32806",1641 Poe Ave,,Orlando,FL,32806,Orange County,28.494153,-81.358082,single_family,3.0,2.0,1575.0,9029.0,1965.0,Inactive,369900,2020-09-22T01:18:31.306Z,685,12.820990681250251
"1072-E-Michigan-St,-Unit-1072,-Orlando,-FL-32806","1072 E Michigan St, Unit 1072, Orlando, FL 32806",1072 E Michigan St,Unit 1072,Orlando,FL,32806,Orange County,28.511888,-81.364701,condo,2.0,2.0,1063.0,9029.0,1965.0,Inactive,163500,2020-09-15T21:10:02.828Z,692,12.004574385508691
"609-Richmond-St,-Orlando,-FL-32806","609 Richmond St, Orlando, FL 32806",609 Richmond St,,Orlando,FL,32806,Orange County,28.530355,-81.369068,single_family,3.0,2.0,1585.0,9029.0,1965.0,Inactive,409900,2020-09-23T22:08:57.088Z,683,12.923670946108873
"2364-Gatlin-Ave,-Orlando,-FL-32806","2364 Gatlin Ave, Orlando, FL 32806",2364 Gatlin Ave,,Orlando,FL,32806,Orange County,28.494599,-81.351835,single_family,3.0,2.0,1447.0,9029.0,1965.0,Inactive,500000,2020-09-29T17:07:50.182Z,678,13.122365377402328
"3816-Wyldwoode-Ln,-Orlando,-FL-32806","3816 Wyldwoode Ln, Orlando, FL 32806",3816 Wyldwoode Ln,,Orlando,FL,32806,Orange County,28.496928,-81.342114,single_family,3.0,2.0,2261.0,9029.0,1965.0,Inactive,429000,2020-09-26T22:14:24.391Z,680,12.969214528909768
"2705-E-Jersey-Ave,-Orlando,-FL-32806","2705 E Jersey Ave, Orlando, FL 32806",2705 E Jersey Ave,,Orlando,FL,32806,Orange County,28.514359,-81.348281,single_family,3.0,2.0,1120.0,9029.0,1965.0,Inactive,289900,2020-09-21T23:31:54.724Z,685,12.57729476436913
"2932-Delaney-St,-Orlando,-FL-32806","2932 Delaney St, Orlando, FL 32806",2932 Delaney St,,Orlando,FL,32806,Orange County,28.508056,-81.372469,single_family,3.0,2.0,1344.0,9029.0,1965.0,Inactive,289900,2020-09-21T23:31:54.722Z,685,12.57729476436913
"1020-E-Michigan-St,-Unit-1020,-Orlando,-FL-32806","1020 E Michigan St, Unit 1020, Orlando, FL 32806",1020 E Michigan St,Unit 1020,Orlando,FL,32806,Orange County,28.509549,-81.364944,condo,4.0,2.0,1774.0,9029.0,1965.0,Inactive,195900,2020-09-20T19:35:01.643Z,687,12.18536470856483
"605-Delaney-Park-Dr,-Orlando,-FL-32806","605 Delaney Park Dr, Orlando, FL 32806",605 Delaney Park Dr,,Orlando,FL,32806,Orange County,28.528671,-81.369168,single_family,4.0,2.0,3301.0,9029.0,1965.0,Inactive,869000,2020-09-22T02:27:04.525Z,685,13.675099554994853
"1821-Simonton-Ave,-Orlando,-FL-32806","1821 Simonton Ave, Orlando, FL 32806",1821 Simonton Ave,,Orlando,FL,32806,Orange County,28.500628,-81.355794,single_family,3.0,2.0,2576.0,9029.0,1965.0,Inactive,499900,2020-09-22T02:04:29.699Z,685,13.12216535779974
"2519-Dawley-Ave,-Orlando,-FL-32806","2519 Dawley Ave, Orlando, FL 32806",2519 Dawley Ave,,Orlando,FL,32806,Orange County,28.514229,-81.344996,single_family,4.0,2.0,1692.0,9029.0,1965.0,Inactive,375900,2020-09-22T01:02:18.139Z,685,12.83708108983072
"600-Raehn-St,-Orlando,-FL-32806","600 Raehn St, Orlando, FL 32806",600 Raehn St,,Orlando,FL,32806,Orange County,28.524508,-81.36891,single_family,4.0,2.0,2283.0,9029.0,1965.0,Inactive,550000,2020-09-22T02:09:09.625Z,685,13.217675375388819
"2943-Monaco-Ct,-Unit-25,-Orlando,-FL-32806","2943 Monaco Ct, Unit 25, Orlando, FL 32806",2943 Monaco Ct,Unit 25,Orlando,FL,32806,Orange County,28.508236,-81.36313,condo,2.0,2.0,1300.0,9029.0,1965.0,Inactive,234000,2020-09-21T21:20:34.694Z,686,12.36308066783498
"3621-Upton-Dr,-Orlando,-FL-32806","3621 Upton Dr, Orlando, FL 32806",3621 Upton Dr,,Orlando,FL,32806,Orange County,28.499289,-81.342154,single_family,3.0,2.0,1360.0,9029.0,1965.0,Inactive,317900,2020-09-21T23:49:35.405Z,685,12.669495292537231
"1207-Delaney-Ave,-Orlando,-FL-32806","1207 Delaney Ave, Orlando, FL 32806",1207 Delaney Ave,,Orlando,FL,32806,Orange County,28.527217,-81.372069,single_family,3.0,2.0,2565.0,9029.0,1965.0,Inactive,589000,2020-09-22T02:09:16.551Z,685,13.286183160425152
"2506-Homeland-St,-Orlando,-FL-32806","2506 Homeland St, Orlando, FL 32806",2506 Homeland St,,Orlando,FL,32806,Orange County,28.514969,-81.355334,single_family,4.0,2.0,1925.0,9029.0,1965.0,Inactive,424000,2020-09-22T01:31:21.048Z,685,12.95749109270188
"1903-Chamberlin-St,-Orlando,-FL-32806","1903 Chamberlin St, Orlando, FL 32806",1903 Chamberlin St,,Orlando,FL,32806,Orange County,28.51993,-81.355496,single_family,3.0,1.0,994.0,9029.0,1965.0,Inactive,299900,2020-09-21T23:36:03.425Z,685,12.611207699176356
"1417-E-Esther-St,-Orlando,-FL-32806","1417 E Esther St, Orlando, FL 32806",1417 E Esther St,,Orlando,FL,32806,Orange County,28.519749,-81.361184,single_family,3.0,2.0,1084.0,9029.0,1965.0,Inactive,294000,2020-09-21T23:31:54.727Z,685,12.591338447675579
"1151-Delaney-Ave,-Unit-3,-Orlando,-FL-32806","1151 Delaney Ave, Unit 3, Orlando, FL 32806",1151 Delaney Ave,Unit 3,Orlando,FL,32806,Orange County,28.527843,-81.372078,condo,3.0,2.0,1952.0,9029.0,1965.0,Inactive,399000,2020-09-22T01:18:31.309Z,685,12.896719202134523
"2524-Rest-Haven-Ave,-Orlando,-FL-32806","2524 Rest Haven Ave, Orlando, FL 32806",2524 Rest Haven Ave,,Orlando,FL,32806,Orange County,28.514944,-81.341072,single_family,3.0,2.0,1945.0,9029.0,1965.0,Inactive,354900,2020-09-22T00:38:43.383Z,685,12.779594156325743
"4226-Ilene-Ct,-Orlando,-FL-32806","4226 Ilene Ct, Orlando, FL 32806",4226 Ilene Ct,,Orlando,FL,32806,Orange County,28.497996,-81.380164,single_family,3.0,2.0,1628.0,9029.0,1965.0,Inactive,300000,2020-09-21T23:36:03.431Z,685,12.611541086966115
"2506-Shannon-Rd,-Orlando,-FL-32806","2506 Shannon Rd, Orlando, FL 32806",2506 Shannon Rd,,Orlando,FL,32806,Orange County,28.510224,-81.350197,single_family,2.0,2.0,1552.0,9029.0,1965.0,Inactive,252000,2020-09-21T21:33:14.059Z,685,12.437188334739655
"1100-Delaney-Ave,-Apt-F400,-Orlando,-FL-32806","1100 Delaney Ave, Apt F400, Orlando, FL 32806",1100 Delaney Ave,Apt F400,Orlando,FL,32806,Orange County,28.528088,-81.373257,condo,3.0,2.0,1388.0,9029.0,1965.0,Inactive,245000,2020-09-21T21:20:38.128Z,685,12.409017571151187
"2504-Homeland-St,-Orlando,-FL-32806","2504 Homeland St, Orlando, FL 32806",2504 Homeland St,,Orlando,FL,32806,Orange County,28.515099,-81.355178,single_family,4.0,2.0,1925.0,9029.0,1965.0,Inactive,429000,2020-09-22T01:45:49.609Z,685,12.969214528909768
"3096-Eglington-Dr,-Orlando,-FL-32806","3096 Eglington Dr, Orlando, FL 32806",3096 Eglington Dr,,Orlando,FL,32806,Orange County,28.519248,-81.343685,single_family,3.0,2.0,1664.0,9029.0,1965.0,Inactive,390000,2020-09-22T01:17:45.706Z,685,12.873904582205107
"2740-Keystone-Dr,-Orlando,-FL-32806","2740 Keystone Dr, Orlando, FL 32806",2740 Keystone Dr,,Orlando,FL,32806,Orange County,28.511553,-81.366313,single_family,2.0,1.0,964.0,9029.0,1965.0,Inactive,165000,2020-09-20T18:53:00.812Z,687,12.013706813470414
"2701-Nancy-St,-Orlando,-FL-32806","2701 Nancy St, Orlando, FL 32806",2701 Nancy St,,Orlando,FL,32806,Orange County,28.527581,-81.349069,single_family,3.0,2.0,1258.0,9029.0,1965.0,Inactive,315000,2020-09-21T23:49:35.402Z,685,12.660331092405906
"441-E-Harding-St,-Orlando,-FL-32806","441 E Harding St, Orlando, FL 32806",441 E Harding St,,Orlando,FL,32806,Orange County,28.518722,-81.370611,single_family,3.0,2.0,2100.0,9029.0,1965.0,Inactive,599900,2020-09-22T02:09:44.564Z,685,13.304519920584285
"2305-S-Mills-Ave,-Orlando,-FL-32806","2305 S Mills Ave, Orlando, FL 32806",2305 S Mills Ave,,Orlando,FL,32806,Orange County,28.516454,-81.36374,apartment,6.0,4.0,2700.0,9029.0,1965.0,Inactive,495000,2020-09-22T02:04:29.692Z,685,13.112315061750808
"4740-Rosewood-Dr,-Orlando,-FL-32806","4740 Rosewood Dr, Orlando, FL 32806",4740 Rosewood Dr,,Orlando,FL,32806,Orange County,28.492971,-81.358768,single_family,3.0,2.0,2451.0,9029.0,1965.0,Inactive,500000,2020-09-22T02:04:29.698Z,685,13.122365377402328
"3520-Sebring-Ave,-Orlando,-FL-32806","3520 Sebring Ave, Orlando, FL 32806",3520 Sebring Ave,,Orlando,FL,32806,Orange County,28.518997,-81.339471,single_family,3.0,2.0,1623.0,9029.0,1965.0,Inactive,379999,2020-09-22T01:17:07.163Z,685,12.84792653170257
"1084-E-Michigan-St,-Unit-1084,-Orlando,-FL-32806","1084 E Michigan St, Unit 1084, Orlando, FL 32806",1084 E Michigan St,Unit 1084,Orlando,FL,32806,Orange County,28.512263,-81.364704,condo,2.0,2.0,1060.0,9029.0,1965.0,Inactive,139000,2020-09-15T19:57:36.281Z,692,11.842236406331555
"3161-Conway-Gardens-Rd,-Orlando,-FL-32806","3161 Conway Gardens Rd, Orlando, FL 32806",3161 Conway Gardens Rd,,Orlando,FL,32806,Orange County,28.505414,-81.338879,single_family,3.0,2.0,1969.0,9029.0,1965.0,Inactive,319900,2020-09-21T23:49:35.407Z,685,12.675766851909591
"1741-Hour-Glass-Dr,-Orlando,-FL-32806","1741 Hour Glass Dr, Orlando, FL 32806",1741 Hour Glass Dr,,Orlando,FL,32806,Orange County,28.521071,-81.357824,single_family,3.0,2.0,2975.0,9029.0,1965.0,Inactive,729900,2020-09-22T02:25:26.700Z,685,13.500664187489477
"3306-Tennessee-Ter,-Orlando,-FL-32806","3306 Tennessee Ter, Orlando, FL 32806",3306 Tennessee Ter,,Orlando,FL,32806,Orange County,28.51843,-81.341999,single_family,3.0,2.0,1315.0,9029.0,1965.0,Inactive,315000,2020-09-21T23:49:35.401Z,685,12.660331092405906
"431-Raehn-St,-Orlando,-FL-32806","431 Raehn St, Orlando, FL 32806",431 Raehn St,,Orlando,FL,32806,Orange County,28.524983,-81.371051,single_family,4.0,3.0,2951.0,9029.0,1965.0,Inactive,800000,2020-09-22T02:25:33.349Z,685,13.592368256649284
"233-E-Muriel-St,-Orlando,-FL-32806","233 E Muriel St, Orlando, FL 32806",233 E Muriel St,,Orlando,FL,32806,Orange County,28.517763,-81.373044,single_family,3.0,1.0,1081.0,9029.0,1965.0,Inactive,299000,2020-09-21T23:34:25.325Z,685,12.608202196848836
"254-E-Crystal-Lake-St,-Orlando,-FL-32806","254 E Crystal Lake St, Orlando, FL 32806",254 E Crystal Lake St,,Orlando,FL,32806,Orange County,28.514523,-81.37316,single_family,3.0,2.0,1196.0,9029.0,1965.0,Inactive,305000,2020-09-21T23:37:48.111Z,685,12.628070334272698
"2130-Carlton-Dr,-Orlando,-FL-32806","2130 Carlton Dr, Orlando, FL 32806",2130 Carlton Dr,,Orlando,FL,32806,Orange County,28.521314,-81.353173,single_family,3.0,2.0,808.0,9029.0,1965.0,Inactive,216900,2020-09-21T20:55:22.305Z,685,12.287196307223885
"3416-Werber-St,-Orlando,-FL-32806","3416 Werber St, Orlando, FL 32806",3416 Werber St,,Orlando,FL,32806,Orange County,28.498932,-81.339349,single_family,3.0,2.0,1392.0,9029.0,1965.0,Inactive,314900,2020-09-21T23:40:32.695Z,685,12.66001358269538
"4007-Waterfront-Pkwy,-Orlando,-FL-32806","4007 Waterfront Pkwy, Orlando, FL 32806",4007 Waterfront Pkwy,,Orlando,FL,32806,Orange County,28.496617,-81.343398,single_family,3.0,2.0,1616.0,9029.0,1965.0,Inactive,299999,2020-09-21T23:36:03.431Z,685,12.611537753638338
"3212-Carnine-Dr,-Orlando,-FL-32806","3212 Carnine Dr, Orlando, FL 32806",3212 Carnine Dr,,Orlando,FL,32806,Orange County,28.500641,-81.342513,single_family,4.0,2.0,1401.0,9029.0,1965.0,Inactive,279500,2020-09-21T23:28:00.152Z,685,12.540761149388421
"2123-E-Esther-St,-Orlando,-FL-32806","2123 E Esther St, Orlando, FL 32806",2123 E Esther St,,Orlando,FL,32806,Orange County,28.519881,-81.353158,single_family,2.0,1.0,1288.0,9029.0,1965.0,Inactive,249900,2020-09-21T21:29:02.064Z,685,12.428820118415677
"810-Buckwood-Dr,-Orlando,-FL-32806","810 Buckwood Dr, Orlando, FL 32806",810 Buckwood Dr,,Orlando,FL,32806,Orange County,28.501353,-81.367173,single_family,3.0,2.0,1810.0,9029.0,1965.0,Inactive,360000,2020-09-22T00:42:02.977Z,685,12.793862088206213
"517-Purdue-St,-Orlando,-FL-32806","517 Purdue St, Orlando, FL 32806",517 Purdue St,,Orlando,FL,32806,Orange County,28.526042,-81.369615,single_family,2.0,1.0,690.0,9029.0,1965.0,Inactive,285000,2020-09-21T23:28:14.491Z,685,12.560247968016562
"1311-Edmundshire-Ln,-Orlando,-FL-32806","1311 Edmundshire Ln, Orlando, FL 32806",1311 Edmundshire Ln,,Orlando,FL,32806,Orange County,28.526014,-81.33276,single_family,3.0,2.0,1323.0,9029.0,1965.0,Inactive,279900,2020-09-21T23:28:00.160Z,685,12.5421912482017
"3401-Price-Ave,-Orlando,-FL-32806","3401 Price Ave, Orlando, FL 32806",3401 Price Ave,,Orlando,FL,32806,Orange County,28.517897,-81.341108,single_family,4.0,2.0,1505.0,9029.0,1965.0,Inactive,274900,2020-09-21T22:57:25.886Z,685,12.524166311833152
"1415-Oakley-St,-Orlando,-FL-32806","1415 Oakley St, Orlando, FL 32806",1415 Oakley St,,Orlando,FL,32806,Orange County,28.521533,-81.361432,single_family,2.0,2.0,1272.0,9029.0,1965.0,Inactive,350000,2020-09-22T00:38:43.378Z,685,12.765691290604371
"3615-Upton-Dr,-Orlando,-FL-32806","3615 Upton Dr, Orlando, FL 32806",3615 Upton Dr,,Orlando,FL,32806,Orange County,28.499495,-81.342155,single_family,3.0,2.0,1358.0,9029.0,1965.0,Inactive,320000,2020-09-21T23:49:39.045Z,685,12.676079399771027
"2925-Lake-Pineloch-Blvd,-Unit-12,-Orlando,-FL-32806","2925 Lake Pineloch Blvd, Unit 12, Orlando, FL 32806",2925 Lake Pineloch Blvd,Unit 12,Orlando,FL,32806,Orange County,28.508886,-81.364561,condo,2.0,2.0,1300.0,9029.0,1965.0,Inactive,260000,2020-09-21T21:59:08.453Z,685,12.468440756144114
"505-E-Jersey-St,-Orlando,-FL-32806","505 E Jersey St, Orlando, FL 32806",505 E Jersey St,,Orlando,FL,32806,Orange County,28.514201,-81.369791,single_family,2.0,2.0,799.0,9029.0,1965.0,Inactive,249900,2020-09-21T21:29:02.064Z,685,12.428820118415677
"2784-Curry-Ford-Rd,-Unit-E,-Orlando,-FL-32806","2784 Curry Ford Rd, Unit E, Orlando, FL 32806",2784 Curry Ford Rd,Unit E,Orlando,FL,32806,Orange County,28.523655,-81.348297,condo,2.0,2.0,1053.0,9029.0,1965.0,Inactive,130000,2020-09-15T19:45:41.613Z,692,11.775297421715827
"134-E-Esther-St,-Unit-A,-Orlando,-FL-32806","134 E Esther St, Unit A, Orlando, FL 32806",134 E Esther St,Unit A,Orlando,FL,32806,Orange County,28.519062,-81.374938,condo,3.0,2.0,1780.0,9029.0,1965.0,Inactive,374900,2020-09-22T00:55:42.188Z,685,12.834417270098413
"2723-S-Sunrise-Ct,-Orlando,-FL-32806","2723 S Sunrise Ct, Orlando, FL 32806",2723 S Sunrise Ct,,Orlando,FL,32806,Orange County,28.511724,-81.381262,single_family,3.0,2.0,1334.0,9029.0,1965.0,Inactive,265000,2020-09-21T21:59:08.454Z,685,12.487488878546145
"994-E-Michigan-St,-Apt-A,-Orlando,-FL-32806","994 E Michigan St, Apt A, Orlando, FL 32806",994 E Michigan St,Apt A,Orlando,FL,32806,Orange County,28.510019,-81.365326,condo,1.0,1.0,822.0,9029.0,1965.0,Inactive,108000,2020-09-15T18:37:16.609Z,692,11.58989576532275
"2931-Dawley-Ave,-Orlando,-FL-32806","2931 Dawley Ave, Orlando, FL 32806",2931 Dawley Ave,,Orlando,FL,32806,Orange County,28.511497,-81.344151,single_family,3.0,2.0,2016.0,9029.0,1965.0,Inactive,519900,2020-09-22T02:06:59.998Z,685,13.161393687816775
"426-Woodland-St,-Orlando,-FL-32806","426 Woodland St, Orlando, FL 32806",426 Woodland St,,Orlando,FL,32806,Orange County,28.522281,-81.371075,single_family,3.0,2.0,1789.0,9029.0,1965.0,Inactive,450000,2020-09-22T01:55:47.924Z,685,13.017005083966255
"2709-S-Brown-Ave,-Orlando,-FL-32806","2709 S Brown Ave, Orlando, FL 32806",2709 S Brown Ave,,Orlando,FL,32806,Orange County,28.512552,-81.361607,single_family,3.0,2.0,1741.0,9029.0,1965.0,Inactive,419000,2020-09-22T01:31:21.041Z,685,12.945628585536271
"2920-Timberlake-Dr,-Orlando,-FL-32806","2920 Timberlake Dr, Orlando, FL 32806",2920 Timberlake Dr,,Orlando,FL,32806,Orange County,28.500727,-81.345263,single_family,4.0,3.0,2012.0,9029.0,1965.0,Inactive,345900,2020-09-22T00:23:47.001Z,685,12.753907885930044
"1633-Hull-Cir,-Orlando,-FL-32806","1633 Hull Cir, Orlando, FL 32806",1633 Hull Cir,,Orlando,FL,32806,Orange County,28.523489,-81.358561,single_family,3.0,2.0,1491.0,9029.0,1965.0,Inactive,349900,2020-09-22T00:28:41.123Z,685,12.765405536311112
"1092-E-Michigan-St,-Unit-1,-Orlando,-FL-32806","1092 E Michigan St, Unit 1, Orlando, FL 32806",1092 E Michigan St,Unit 1,Orlando,FL,32806,Orange County,28.512671,-81.364593,condo,1.0,1.0,786.0,9029.0,1965.0,Inactive,123900,2020-09-15T19:27:14.980Z,692,11.727238138609684
"411-E-Harding-St,-Orlando,-FL-32806","411 E Harding St, Orlando, FL 32806",411 E Harding St,,Orlando,FL,32806,Orange County,28.518711,-81.371703,single_family,4.0,2.0,2685.0,9029.0,1965.0,Inactive,699900,2020-09-22T02:24:02.345Z,685,13.45869417545215
"1405-E-Harding-St,-Orlando,-FL-32806","1405 E Harding St, Orlando, FL 32806",1405 E Harding St,,Orlando,FL,32806,Orange County,28.518476,-81.361639,single_family,3.0,2.0,1963.0,9029.0,1965.0,Inactive,469900,2020-09-22T02:00:59.472Z,685,13.060277313201007
